<?xml version="1.0" encoding="UTF-8"?>
<gpx version="1.1" creator="GNSS-SDR"
  xsi:schemaLocation="http://www.topografix.com/GPX/1/1 http://www.topografix.com/GPX/1/1/gpx.xsd http://www.garmin.com/xmlschemas/GpxExtensions/v3 http://www.garmin.com/xmlschemas/GpxExtensionsv3.xsd http://www.garmin.com/xmlschemas/TrackPointExtension/v2 http://www.garmin.com/xmlschemas/TrackPointExtensionv2.xsd"
  xmlns="http://www.topografix.com/GPX/1/1"
  xmlns:gpxx="http://www.garmin.com/xmlschemas/GpxExtensions/v3"
  xmlns:gpxtpx="http://www.garmin.com/xmlschemas/TrackPointExtension/v2"
  xmlns:xsi="http://www.w3.org/2001/XMLSchema-instance">
  <trk>
    <name>Position fixes computed by GNSS-SDR v0.0.19.git-main-87fcfd237</name>
    <desc>GNSS-SDR position log generated at 2025-Oct-06 10:45:57 (local time)</desc>
    <trkseg>
      <trkpt lon="-67.30178556327390" lat="-82.17959245157672"><ele>520666.56651048269123</ele><time>2023-01-20T10:09:54.000Z</time><hdop>8.08100625257497</hdop><vdop>21.90390449656637</vdop><pdop>23.34702752490895</pdop><extensions><gpxtpx:TrackPointExtension><gpxtpx:speed>7674.00020374716860</gpxtpx:speed><gpxtpx:course>0.00000000000000</gpxtpx:course></gpxtpx:TrackPointExtension></extensions></trkpt>
      <trkpt lon="-67.34487796265824" lat="-82.18212097866430"><ele>520688.89201028924435</ele><time>2023-01-20T10:09:54.100Z</time><hdop>8.07950044721416</hdop><vdop>21.90333560471547</vdop><pdop>23.34597263104132</pdop><extensions><gpxtpx:TrackPointExtension><gpxtpx:speed>7673.89800272892444</gpxtpx:speed><gpxtpx:course>0.00000000000000</gpxtpx:course></gpxtpx:TrackPointExtension></extensions></trkpt>
      <trkpt lon="-67.38785977593200" lat="-82.18462729472665"><ele>520706.21491703763604</ele><time>2023-01-20T10:09:54.200Z</time><hdop>8.07800420757496</hdop><vdop>21.90277006867179</vdop><pdop>23.34492425900550</pdop><extensions><gpxtpx:TrackPointExtension><gpxtpx:speed>7673.86394227706751</gpxtpx:speed><gpxtpx:course>0.00000000000000</gpxtpx:course></gpxtpx:TrackPointExtension></extensions></trkpt>
      <trkpt lon="-67.43114647021859" lat="-82.18701252818815"><ele>520688.27105034422129</ele><time>2023-01-20T10:09:54.300Z</time><hdop>8.07656836297012</hdop><vdop>21.90221928774244</vdop><pdop>23.34391068887316</pdop><extensions><gpxtpx:TrackPointExtension><gpxtpx:speed>7673.66157668699452</gpxtpx:speed><gpxtpx:course>0.00000000000000</gpxtpx:course></gpxtpx:TrackPointExtension></extensions></trkpt>
      <trkpt lon="-67.47428243077674" lat="-82.18941210252960"><ele>520677.04369679838419</ele><time>2023-01-20T10:09:54.400Z</time><hdop>8.07512331587283</hdop><vdop>21.90166537209204</vdop><pdop>23.34289105140254</pdop><extensions><gpxtpx:TrackPointExtension><gpxtpx:speed>7674.28889230308596</gpxtpx:speed><gpxtpx:course>0.00000000000000</gpxtpx:course></gpxtpx:TrackPointExtension></extensions></trkpt>
      <trkpt lon="-67.51743621929282" lat="-82.19198186628907"><ele>520719.17887594923377</ele><time>2023-01-20T10:09:54.500Z</time><hdop>8.07359054210505</hdop><vdop>21.90108602346438</vdop><pdop>23.34181726534494</pdop><extensions><gpxtpx:TrackPointExtension><gpxtpx:speed>7673.72884327144584</gpxtpx:speed><gpxtpx:course>0.00000000000000</gpxtpx:course></gpxtpx:TrackPointExtension></extensions></trkpt>
      <trkpt lon="-67.56056400889105" lat="-82.19432944489998"><ele>520690.83418541308492</ele><time>2023-01-20T10:09:54.600Z</time><hdop>8.07217223922815</hdop><vdop>21.90054295572059</vdop><pdop>23.34081717539316</pdop><extensions><gpxtpx:TrackPointExtension><gpxtpx:speed>7674.26936221027154</gpxtpx:speed><gpxtpx:course>0.00000000000000</gpxtpx:course></gpxtpx:TrackPointExtension></extensions></trkpt>
      <trkpt lon="-67.60387459342650" lat="-82.19676654052087"><ele>520693.58410857245326</ele><time>2023-01-20T10:09:54.700Z</time><hdop>8.07070481383295</hdop><vdop>21.89998218048909</vdop><pdop>23.33978354007951</pdop><extensions><gpxtpx:TrackPointExtension><gpxtpx:speed>7674.53123005055204</gpxtpx:speed><gpxtpx:course>0.00000000000000</gpxtpx:course></gpxtpx:TrackPointExtension></extensions></trkpt>
      <trkpt lon="-67.64713223196333" lat="-82.19920325881985"><ele>520698.49004087876529</ele><time>2023-01-20T10:09:54.800Z</time><hdop>8.06923680907856</hdop><vdop>21.89942027240543</vdop><pdop>23.33874870142850</pdop><extensions><gpxtpx:TrackPointExtension><gpxtpx:speed>7673.89653789729709</gpxtpx:speed><gpxtpx:course>0.00000000000000</gpxtpx:course></gpxtpx:TrackPointExtension></extensions></trkpt>
      <trkpt lon="-67.69041057965802" lat="-82.20173308642377"><ele>520734.99200611468405</ele><time>2023-01-20T10:09:54.900Z</time><hdop>8.06772001844356</hdop><vdop>21.89884225006461</vdop><pdop>23.33768193692788</pdop><extensions><gpxtpx:TrackPointExtension><gpxtpx:speed>7673.92169971048315</gpxtpx:speed><gpxtpx:course>0.00000000000000</gpxtpx:course></gpxtpx:TrackPointExtension></extensions></trkpt>
      <trkpt lon="-67.73371964252711" lat="-82.20412178370782"><ele>520724.96869473345578</ele><time>2023-01-20T10:09:55.000Z</time><hdop>8.06627592816134</hdop><vdop>21.89828910282251</vdop><pdop>23.33666370713754</pdop><extensions><gpxtpx:TrackPointExtension><gpxtpx:speed>7673.43155033754738</gpxtpx:speed><gpxtpx:course>0.00000000000000</gpxtpx:course></gpxtpx:TrackPointExtension></extensions></trkpt>
      <trkpt lon="-67.77705885545562" lat="-82.20649502278684"><ele>520712.68625093903393</ele><time>2023-01-20T10:09:55.100Z</time><hdop>8.06483873432643</hdop><vdop>21.89773626628410</vdop><pdop>23.33564821037603</pdop><extensions><gpxtpx:TrackPointExtension><gpxtpx:speed>7673.73701617723145</gpxtpx:speed><gpxtpx:course>0.00000000000000</gpxtpx:course></gpxtpx:TrackPointExtension></extensions></trkpt>
      <trkpt lon="-67.82041046845372" lat="-82.20882791872781"><ele>520689.55666389130056</ele><time>2023-01-20T10:09:55.200Z</time><hdop>8.06342029789812</hdop><vdop>21.89718817439247</vdop><pdop>23.33464370512884</pdop><extensions><gpxtpx:TrackPointExtension><gpxtpx:speed>7674.59818488799374</gpxtpx:speed><gpxtpx:course>0.00000000000000</gpxtpx:course></gpxtpx:TrackPointExtension></extensions></trkpt>
      <trkpt lon="-67.86383061100537" lat="-82.21125262251627"><ele>520697.27150212507695</ele><time>2023-01-20T10:09:55.300Z</time><hdop>8.06195293966132</hdop><vdop>21.89662404026610</vdop><pdop>23.33360729853130</pdop><extensions><gpxtpx:TrackPointExtension><gpxtpx:speed>7672.95852748711059</gpxtpx:speed><gpxtpx:course>0.00000000000000</gpxtpx:course></gpxtpx:TrackPointExtension></extensions></trkpt>
      <trkpt lon="-67.90723508467889" lat="-82.21365548843089"><ele>520698.33676826953888</ele><time>2023-01-20T10:09:55.400Z</time><hdop>8.06049638910468</hdop><vdop>21.89606405044401</vdop><pdop>23.33257857460072</pdop><extensions><gpxtpx:TrackPointExtension><gpxtpx:speed>7674.49554354351676</gpxtpx:speed><gpxtpx:course>0.00000000000000</gpxtpx:course></gpxtpx:TrackPointExtension></extensions></trkpt>
      <trkpt lon="-67.95072571406740" lat="-82.21612008314153"><ele>520722.66306143626571</ele><time>2023-01-20T10:09:55.500Z</time><hdop>8.05900695458857</hdop><vdop>21.89549095636076</vdop><pdop>23.33152625342334</pdop><extensions><gpxtpx:TrackPointExtension><gpxtpx:speed>7673.57340059484341</gpxtpx:speed><gpxtpx:course>0.00000000000000</gpxtpx:course></gpxtpx:TrackPointExtension></extensions></trkpt>
      <trkpt lon="-67.99413707365228" lat="-82.21829741923102"><ele>520653.11056054290384</ele><time>2023-01-20T10:09:55.600Z</time><hdop>8.05766562156992</hdop><vdop>21.89496720487687</vdop><pdop>23.33057144974515</pdop><extensions><gpxtpx:TrackPointExtension><gpxtpx:speed>7674.25669753099464</gpxtpx:speed><gpxtpx:course>0.00000000000000</gpxtpx:course></gpxtpx:TrackPointExtension></extensions></trkpt>
      <trkpt lon="-68.03767482232621" lat="-82.22071577843801"><ele>520661.13873312249780</ele><time>2023-01-20T10:09:55.700Z</time><hdop>8.05619745527982</hdop><vdop>21.89440401626199</vdop><pdop>23.32953588620585</pdop><extensions><gpxtpx:TrackPointExtension><gpxtpx:speed>7674.61591180528740</gpxtpx:speed><gpxtpx:course>0.00000000000000</gpxtpx:course></gpxtpx:TrackPointExtension></extensions></trkpt>
      <trkpt lon="-68.08114869971388" lat="-82.22317455467615"><ele>520686.54365644231439</ele><time>2023-01-20T10:09:55.800Z</time><hdop>8.05470885738048</hdop><vdop>21.89383133666263</vdop><pdop>23.32848442088328</pdop><extensions><gpxtpx:TrackPointExtension><gpxtpx:speed>7673.67030687166243</gpxtpx:speed><gpxtpx:course>0.00000000000000</gpxtpx:course></gpxtpx:TrackPointExtension></extensions></trkpt>
      <trkpt lon="-68.12475451218369" lat="-82.22570754708072"><ele>520739.71266157645732</ele><time>2023-01-20T10:09:55.900Z</time><hdop>8.05317912853060</hdop><vdop>21.89324226946050</vdop><pdop>23.32740343770590</pdop><extensions><gpxtpx:TrackPointExtension><gpxtpx:speed>7674.51150311815672</gpxtpx:speed><gpxtpx:course>0.00000000000000</gpxtpx:course></gpxtpx:TrackPointExtension></extensions></trkpt>
      <trkpt lon="-68.16824095039694" lat="-82.22806495576920"><ele>520736.23914836347103</ele><time>2023-01-20T10:09:56.000Z</time><hdop>8.05174075770513</hdop><vdop>21.89268367604760</vdop><pdop>23.32638265502757</pdop><extensions><gpxtpx:TrackPointExtension><gpxtpx:speed>7674.95294958326122</gpxtpx:speed><gpxtpx:course>0.00000000000000</gpxtpx:course></gpxtpx:TrackPointExtension></extensions></trkpt>
      <trkpt lon="-68.21193167652427" lat="-82.23047125414016"><ele>520751.84867517836392</ele><time>2023-01-20T10:09:56.100Z</time><hdop>8.05027310833534</hdop><vdop>21.89211255746782</vdop><pdop>23.32534006928147</pdop><extensions><gpxtpx:TrackPointExtension><gpxtpx:speed>7674.36479751285424</gpxtpx:speed><gpxtpx:course>0.00000000000000</gpxtpx:course></gpxtpx:TrackPointExtension></extensions></trkpt>
      <trkpt lon="-68.25557677947830" lat="-82.23275739431028"><ele>520724.05061782058328</ele><time>2023-01-20T10:09:56.200Z</time><hdop>8.04886967366719</hdop><vdop>21.89156762302345</vdop><pdop>23.32434427839479</pdop><extensions><gpxtpx:TrackPointExtension><gpxtpx:speed>7674.68220429385656</gpxtpx:speed><gpxtpx:course>0.00000000000000</gpxtpx:course></gpxtpx:TrackPointExtension></extensions></trkpt>
      <trkpt lon="-68.29922534386577" lat="-82.23508133323416"><ele>520711.62171720713377</ele><time>2023-01-20T10:09:56.300Z</time><hdop>8.04744397408052</hdop><vdop>21.89101342559279</vdop><pdop>23.32333216578301</pdop><extensions><gpxtpx:TrackPointExtension><gpxtpx:speed>7674.83041445914932</gpxtpx:speed><gpxtpx:course>0.00000000000000</gpxtpx:course></gpxtpx:TrackPointExtension></extensions></trkpt>
      <trkpt lon="-68.34282322545430" lat="-82.23746531765742"><ele>520719.65843150112778</ele><time>2023-01-20T10:09:56.400Z</time><hdop>8.04598697192992</hdop><vdop>21.89044948946808</vdop><pdop>23.32230016965349</pdop><extensions><gpxtpx:TrackPointExtension><gpxtpx:speed>7673.81583706485708</gpxtpx:speed><gpxtpx:course>0.00000000000000</gpxtpx:course></gpxtpx:TrackPointExtension></extensions></trkpt>
      <trkpt lon="-68.38651417282603" lat="-82.23981236783203"><ele>520718.66147541441023</ele><time>2023-01-20T10:09:56.500Z</time><hdop>8.04454775430997</hdop><vdop>21.88988898440819</vdop><pdop>23.32127758766850</pdop><extensions><gpxtpx:TrackPointExtension><gpxtpx:speed>7673.51594951961761</gpxtpx:speed><gpxtpx:course>0.00000000000000</gpxtpx:course></gpxtpx:TrackPointExtension></extensions></trkpt>
      <trkpt lon="-68.43025227278302" lat="-82.24214962388160"><ele>520716.33533116616309</ele><time>2023-01-20T10:09:56.600Z</time><hdop>8.04311178931967</hdop><vdop>21.88932847358718</vdop><pdop>23.32025617955531</pdop><extensions><gpxtpx:TrackPointExtension><gpxtpx:speed>7673.68198699674303</gpxtpx:speed><gpxtpx:course>0.00000000000000</gpxtpx:course></gpxtpx:TrackPointExtension></extensions></trkpt>
      <trkpt lon="-68.47408298368772" lat="-82.24448805262581"><ele>520716.96455107815564</ele><time>2023-01-20T10:09:56.700Z</time><hdop>8.04167418894728</hdop><vdop>21.88876544916098</vdop><pdop>23.31923190522287</pdop><extensions><gpxtpx:TrackPointExtension><gpxtpx:speed>7674.47594238369584</gpxtpx:speed><gpxtpx:course>0.00000000000000</gpxtpx:course></gpxtpx:TrackPointExtension></extensions></trkpt>
      <trkpt lon="-68.51788939757725" lat="-82.24679732581389"><ele>520707.95415960345417</ele><time>2023-01-20T10:09:56.800Z</time><hdop>8.04025103924390</hdop><vdop>21.88820837668493</vdop><pdop>23.31821825773237</pdop><extensions><gpxtpx:TrackPointExtension><gpxtpx:speed>7673.62643667010070</gpxtpx:speed><gpxtpx:course>0.00000000000000</gpxtpx:course></gpxtpx:TrackPointExtension></extensions></trkpt>
      <trkpt lon="-68.56167832765637" lat="-82.24913268624103"><ele>520707.35189626365900</ele><time>2023-01-20T10:09:56.900Z</time><hdop>8.03881390937858</hdop><vdop>21.88764801966568</vdop><pdop>23.31719676338460</pdop><extensions><gpxtpx:TrackPointExtension><gpxtpx:speed>7674.10484010496384</gpxtpx:speed><gpxtpx:course>0.00000000000000</gpxtpx:course></gpxtpx:TrackPointExtension></extensions></trkpt>
      <trkpt lon="-68.60553326951194" lat="-82.25150088651247"><ele>520720.86710414383560</ele><time>2023-01-20T10:09:57.000Z</time><hdop>8.03735753376040</hdop><vdop>21.88707874632981</vdop><pdop>23.31616032226441</pdop><extensions><gpxtpx:TrackPointExtension><gpxtpx:speed>7672.90142926288718</gpxtpx:speed><gpxtpx:course>0.00000000000000</gpxtpx:course></gpxtpx:TrackPointExtension></extensions></trkpt>
      <trkpt lon="-68.64939441308645" lat="-82.25379814979009"><ele>520712.21462367475033</ele><time>2023-01-20T10:09:57.100Z</time><hdop>8.03593745829264</hdop><vdop>21.88652126312972</vdop><pdop>23.31514751904907</pdop><extensions><gpxtpx:TrackPointExtension><gpxtpx:speed>7674.33806641042884</gpxtpx:speed><gpxtpx:course>0.00000000000000</gpxtpx:course></gpxtpx:TrackPointExtension></extensions></trkpt>
      <trkpt lon="-68.69330906695971" lat="-82.25611144318661"><ele>520711.29512628819793</ele><time>2023-01-20T10:09:57.200Z</time><hdop>8.03450770495118</hdop><vdop>21.88595896481574</vdop><pdop>23.31412691632518</pdop><extensions><gpxtpx:TrackPointExtension><gpxtpx:speed>7675.55818976748469</gpxtpx:speed><gpxtpx:course>0.00000000000000</gpxtpx:course></gpxtpx:TrackPointExtension></extensions></trkpt>
      <trkpt lon="-68.73718236266799" lat="-82.25844843427269"><ele>520718.12492632493377</ele><time>2023-01-20T10:09:57.300Z</time><hdop>8.03306422231323</hdop><vdop>21.88539343611631</vdop><pdop>23.31309860686502</pdop><extensions><gpxtpx:TrackPointExtension><gpxtpx:speed>7673.76613929297946</gpxtpx:speed><gpxtpx:course>0.00000000000000</gpxtpx:course></gpxtpx:TrackPointExtension></extensions></trkpt>
      <trkpt lon="-68.78113616298945" lat="-82.26074740953057"><ele>520715.43219286855310</ele><time>2023-01-20T10:09:57.400Z</time><hdop>8.03163985969284</hdop><vdop>21.88483188548448</vdop><pdop>23.31208067701647</pdop><extensions><gpxtpx:TrackPointExtension><gpxtpx:speed>7673.84001834519131</gpxtpx:speed><gpxtpx:course>0.00000000000000</gpxtpx:course></gpxtpx:TrackPointExtension></extensions></trkpt>
      <trkpt lon="-68.82512474174571" lat="-82.26303451760364"><ele>520709.16039029601961</ele><time>2023-01-20T10:09:57.500Z</time><hdop>8.03022007752404</hdop><vdop>21.88427236215196</vdop><pdop>23.31106628437058</pdop><extensions><gpxtpx:TrackPointExtension><gpxtpx:speed>7673.79774552212530</gpxtpx:speed><gpxtpx:course>0.00000000000000</gpxtpx:course></gpxtpx:TrackPointExtension></extensions></trkpt>
      <trkpt lon="-68.86913437779720" lat="-82.26533701009910"><ele>520706.88488603942096</ele><time>2023-01-20T10:09:57.600Z</time><hdop>8.02879234666687</hdop><vdop>21.88371226509727</vdop><pdop>23.31004867106599</pdop><extensions><gpxtpx:TrackPointExtension><gpxtpx:speed>7673.56900740825222</gpxtpx:speed><gpxtpx:course>0.00000000000000</gpxtpx:course></gpxtpx:TrackPointExtension></extensions></trkpt>
      <trkpt lon="-68.91313568257792" lat="-82.26764266143977"><ele>520709.25582281034440</ele><time>2023-01-20T10:09:57.700Z</time><hdop>8.02736084850109</hdop><vdop>21.88314844125773</vdop><pdop>23.30902631802043</pdop><extensions><gpxtpx:TrackPointExtension><gpxtpx:speed>7673.99560375596775</gpxtpx:speed><gpxtpx:course>0.00000000000000</gpxtpx:course></gpxtpx:TrackPointExtension></extensions></trkpt>
      <trkpt lon="-68.95717733726748" lat="-82.26997354409187"><ele>520722.84219244867563</ele><time>2023-01-20T10:09:57.800Z</time><hdop>8.02591543828678</hdop><vdop>21.88257801521046</vdop><pdop>23.30799303274098</pdop><extensions><gpxtpx:TrackPointExtension><gpxtpx:speed>7674.27449326216811</gpxtpx:speed><gpxtpx:course>0.00000000000000</gpxtpx:course></gpxtpx:TrackPointExtension></extensions></trkpt>
      <trkpt lon="-69.00125097448066" lat="-82.27225435805795"><ele>520720.40323228761554</ele><time>2023-01-20T10:09:57.900Z</time><hdop>8.02449482894648</hdop><vdop>21.88201618796860</vdop><pdop>23.30697641716549</pdop><extensions><gpxtpx:TrackPointExtension><gpxtpx:speed>7673.54583280729912</gpxtpx:speed><gpxtpx:course>0.00000000000000</gpxtpx:course></gpxtpx:TrackPointExtension></extensions></trkpt>
      <trkpt lon="-69.04532507258590" lat="-82.27454640107582"><ele>520723.68099828157574</ele><time>2023-01-20T10:09:58.000Z</time><hdop>8.02306696700957</hdop><vdop>21.88145097305357</vdop><pdop>23.30595418006452</pdop><extensions><gpxtpx:TrackPointExtension><gpxtpx:speed>7674.50600953862977</gpxtpx:speed><gpxtpx:course>0.00000000000000</gpxtpx:course></gpxtpx:TrackPointExtension></extensions></trkpt>
      <trkpt lon="-69.08943580554667" lat="-82.27682324724107"><ele>520723.04651870578527</ele><time>2023-01-20T10:09:58.100Z</time><hdop>8.02164613276037</hdop><vdop>21.88088796972046</vdop><pdop>23.30493649471473</pdop><extensions><gpxtpx:TrackPointExtension><gpxtpx:speed>7674.04437363517081</gpxtpx:speed><gpxtpx:course>0.00000000000000</gpxtpx:course></gpxtpx:TrackPointExtension></extensions></trkpt>
      <trkpt lon="-69.13356320579000" lat="-82.27909726696564"><ele>520718.47630206029862</ele><time>2023-01-20T10:09:58.200Z</time><hdop>8.02022638930871</hdop><vdop>21.88032914404618</vdop><pdop>23.30392316301185</pdop><extensions><gpxtpx:TrackPointExtension><gpxtpx:speed>7674.70705694751086</gpxtpx:speed><gpxtpx:course>0.00000000000000</gpxtpx:course></gpxtpx:TrackPointExtension></extensions></trkpt>
      <trkpt lon="-69.17772744818528" lat="-82.28139713196126"><ele>520735.14430896751583</ele><time>2023-01-20T10:09:58.300Z</time><hdop>8.01879001843539</hdop><vdop>21.87975319470382</vdop><pdop>23.30288808755067</pdop><extensions><gpxtpx:TrackPointExtension><gpxtpx:speed>7674.00908735585017</gpxtpx:speed><gpxtpx:course>0.00000000000000</gpxtpx:course></gpxtpx:TrackPointExtension></extensions></trkpt>
      <trkpt lon="-69.22196711510239" lat="-82.28365469164471"><ele>520732.26941008865833</ele><time>2023-01-20T10:09:58.400Z</time><hdop>8.01737567669675</hdop><vdop>21.87919081454410</vdop><pdop>23.30187338907582</pdop><extensions><gpxtpx:TrackPointExtension><gpxtpx:speed>7674.73895186025038</gpxtpx:speed><gpxtpx:course>0.00000000000000</gpxtpx:course></gpxtpx:TrackPointExtension></extensions></trkpt>
      <trkpt lon="-69.26619235907030" lat="-82.28590332360761"><ele>520726.80918845441192</ele><time>2023-01-20T10:09:58.500Z</time><hdop>8.01596512829502</hdop><vdop>21.87863032313222</vdop><pdop>23.30086182428286</pdop><extensions><gpxtpx:TrackPointExtension><gpxtpx:speed>7673.70144075045482</gpxtpx:speed><gpxtpx:course>0.00000000000000</gpxtpx:course></gpxtpx:TrackPointExtension></extensions></trkpt>
      <trkpt lon="-69.31042957533708" lat="-82.28820237252073"><ele>520741.60955565702170</ele><time>2023-01-20T10:09:58.600Z</time><hdop>8.01452646860438</hdop><vdop>21.87805799211723</vdop><pdop>23.29982952775417</pdop><extensions><gpxtpx:TrackPointExtension><gpxtpx:speed>7675.13195467385322</gpxtpx:speed><gpxtpx:course>0.00000000000000</gpxtpx:course></gpxtpx:TrackPointExtension></extensions></trkpt>
      <trkpt lon="-69.35469840882816" lat="-82.29047063238866"><ele>520746.15265109110624</ele><time>2023-01-20T10:09:58.700Z</time><hdop>8.01310357461003</hdop><vdop>21.87749188020209</vdop><pdop>23.29880855034730</pdop><extensions><gpxtpx:TrackPointExtension><gpxtpx:speed>7674.90788962482384</gpxtpx:speed><gpxtpx:course>0.00000000000000</gpxtpx:course></gpxtpx:TrackPointExtension></extensions></trkpt>
      <trkpt lon="-69.39901253690191" lat="-82.29270550541901"><ele>520736.39635861013085</ele><time>2023-01-20T10:09:58.800Z</time><hdop>8.01169830115043</hdop><vdop>21.87693572667294</vdop><pdop>23.29780303929182</pdop><extensions><gpxtpx:TrackPointExtension><gpxtpx:speed>7674.21068538607688</gpxtpx:speed><gpxtpx:course>0.00000000000000</gpxtpx:course></gpxtpx:TrackPointExtension></extensions></trkpt>
      <trkpt lon="-69.44335295926184" lat="-82.29490472033964"><ele>520722.96361323818564</ele><time>2023-01-20T10:09:58.900Z</time><hdop>8.01030839450882</hdop><vdop>21.87637757453739</vdop><pdop>23.29680098981104</pdop><extensions><gpxtpx:TrackPointExtension><gpxtpx:speed>7674.18995921628175</gpxtpx:speed><gpxtpx:course>0.00000000000000</gpxtpx:course></gpxtpx:TrackPointExtension></extensions></trkpt>
      <trkpt lon="-69.48771971599966" lat="-82.29709984341092"><ele>520708.53455641400069</ele><time>2023-01-20T10:09:59.000Z</time><hdop>8.00891891391321</hdop><vdop>21.87582004787299</vdop><pdop>23.29579972734481</pdop><extensions><gpxtpx:TrackPointExtension><gpxtpx:speed>7673.62379074790988</gpxtpx:speed><gpxtpx:course>0.00000000000000</gpxtpx:course></gpxtpx:TrackPointExtension></extensions></trkpt>
      <trkpt lon="-69.53208296297541" lat="-82.29936822983990"><ele>520719.64531897939742</ele><time>2023-01-20T10:09:59.100Z</time><hdop>8.00749150072881</hdop><vdop>21.87524984507466</vdop><pdop>23.29477357517525</pdop><extensions><gpxtpx:TrackPointExtension><gpxtpx:speed>7674.11044511576438</gpxtpx:speed><gpxtpx:course>0.00000000000000</gpxtpx:course></gpxtpx:TrackPointExtension></extensions></trkpt>
      <trkpt lon="-69.57648433389146" lat="-82.30161192539185"><ele>520723.15989543776959</ele><time>2023-01-20T10:09:59.200Z</time><hdop>8.00607513038200</hdop><vdop>21.87468353918229</vdop><pdop>23.29375493415979</pdop><extensions><gpxtpx:TrackPointExtension><gpxtpx:speed>7674.54744794148519</gpxtpx:speed><gpxtpx:course>0.00000000000000</gpxtpx:course></gpxtpx:TrackPointExtension></extensions></trkpt>
      <trkpt lon="-69.62088814417952" lat="-82.30387337673267"><ele>520736.56012107897550</ele><time>2023-01-20T10:09:59.300Z</time><hdop>8.00464858249418</hdop><vdop>21.87411098064640</vdop><pdop>23.29272697909932</pdop><extensions><gpxtpx:TrackPointExtension><gpxtpx:speed>7673.49556145397310</gpxtpx:speed><gpxtpx:course>0.00000000000000</gpxtpx:course></gpxtpx:TrackPointExtension></extensions></trkpt>
      <trkpt lon="-69.66539524185092" lat="-82.30605405878856"><ele>520726.43180309236050</ele><time>2023-01-20T10:09:59.400Z</time><hdop>8.00326177700825</hdop><vdop>21.87354899520092</vdop><pdop>23.29172266528984</pdop><extensions><gpxtpx:TrackPointExtension><gpxtpx:speed>7674.24700571625453</gpxtpx:speed><gpxtpx:course>0.00000000000000</gpxtpx:course></gpxtpx:TrackPointExtension></extensions></trkpt>
      <trkpt lon="-69.70985434699553" lat="-82.30827110697874"><ele>520721.25332029815763</ele><time>2023-01-20T10:09:59.500Z</time><hdop>8.00185667411332</hdop><vdop>21.87298927737968</vdop><pdop>23.29071424755837</pdop><extensions><gpxtpx:TrackPointExtension><gpxtpx:speed>7674.14823539490862</gpxtpx:speed><gpxtpx:course>0.00000000000000</gpxtpx:course></gpxtpx:TrackPointExtension></extensions></trkpt>
      <trkpt lon="-69.75435429341033" lat="-82.31049985769330"><ele>520727.63054389692843</ele><time>2023-01-20T10:09:59.600Z</time><hdop>8.00044381830166</hdop><vdop>21.87242024140191</vdop><pdop>23.28969447000732</pdop><extensions><gpxtpx:TrackPointExtension><gpxtpx:speed>7673.19166075526482</gpxtpx:speed><gpxtpx:course>0.00000000000000</gpxtpx:course></gpxtpx:TrackPointExtension></extensions></trkpt>
      <trkpt lon="-69.79887576595463" lat="-82.31271823799590"><ele>520732.23813700582832</ele><time>2023-01-20T10:09:59.700Z</time><hdop>7.99903491394075</hdop><vdop>21.87185186100071</vdop><pdop>23.28867672032920</pdop><extensions><gpxtpx:TrackPointExtension><gpxtpx:speed>7673.92184051101867</gpxtpx:speed><gpxtpx:course>0.00000000000000</gpxtpx:course></gpxtpx:TrackPointExtension></extensions></trkpt>
      <trkpt lon="-69.84345488301204" lat="-82.31495215982154"><ele>520743.81041492428631</ele><time>2023-01-20T10:09:59.800Z</time><hdop>7.99761606105596</hdop><vdop>21.87127910410243</vdop><pdop>23.28765149837158</pdop><extensions><gpxtpx:TrackPointExtension><gpxtpx:speed>7673.68391472217900</gpxtpx:speed><gpxtpx:course>0.00000000000000</gpxtpx:course></gpxtpx:TrackPointExtension></extensions></trkpt>
      <trkpt lon="-69.88802192037053" lat="-82.31708469416606"><ele>520721.19985370058566</ele><time>2023-01-20T10:09:59.900Z</time><hdop>7.99624982226812</hdop><vdop>21.87072565640240</vdop><pdop>23.28666253368527</pdop><extensions><gpxtpx:TrackPointExtension><gpxtpx:speed>7675.50397107138360</gpxtpx:speed><gpxtpx:course>0.00000000000000</gpxtpx:course></gpxtpx:TrackPointExtension></extensions></trkpt>
      <trkpt lon="-69.93261592811423" lat="-82.31925239025530"><ele>520711.30786202289164</ele><time>2023-01-20T10:10:00.000Z</time><hdop>7.99486402277328</hdop><vdop>21.87016548205663</vdop><pdop>23.28566058661802</pdop><extensions><gpxtpx:TrackPointExtension><gpxtpx:speed>7674.32439912591053</gpxtpx:speed><gpxtpx:course>0.00000000000000</gpxtpx:course></gpxtpx:TrackPointExtension></extensions></trkpt>
      <trkpt lon="-69.97727583161107" lat="-82.32147990784222"><ele>520721.14426604844630</ele><time>2023-01-20T10:10:00.100Z</time><hdop>7.99344631533514</hdop><vdop>21.86959567892199</vdop><pdop>23.28463869497804</pdop><extensions><gpxtpx:TrackPointExtension><gpxtpx:speed>7674.16759283375268</gpxtpx:speed><gpxtpx:course>0.00000000000000</gpxtpx:course></gpxtpx:TrackPointExtension></extensions></trkpt>
      <trkpt lon="-70.02195450495036" lat="-82.32370368319603"><ele>520737.93332748860121</ele><time>2023-01-20T10:10:00.200Z</time><hdop>7.99202745387702</hdop><vdop>21.86901832134716</vdop><pdop>23.28360936716947</pdop><extensions><gpxtpx:TrackPointExtension><gpxtpx:speed>7673.95011857894042</gpxtpx:speed><gpxtpx:course>0.00000000000000</gpxtpx:course></gpxtpx:TrackPointExtension></extensions></trkpt>
      <trkpt lon="-70.06655953937138" lat="-82.32590764730847"><ele>520746.61775458324701</ele><time>2023-01-20T10:10:00.300Z</time><hdop>7.99061976110384</hdop><vdop>21.86844757721510</vdop><pdop>23.28259013950012</pdop><extensions><gpxtpx:TrackPointExtension><gpxtpx:speed>7674.24380520072100</gpxtpx:speed><gpxtpx:course>0.00000000000000</gpxtpx:course></gpxtpx:TrackPointExtension></extensions></trkpt>
      <trkpt lon="-70.11122555435341" lat="-82.32803469006842"><ele>520726.58245458826423</ele><time>2023-01-20T10:10:00.400Z</time><hdop>7.98925113940176</hdop><vdop>21.86789372719259</vdop><pdop>23.28160024208434</pdop><extensions><gpxtpx:TrackPointExtension><gpxtpx:speed>7674.16380235737415</gpxtpx:speed><gpxtpx:course>0.00000000000000</gpxtpx:course></gpxtpx:TrackPointExtension></extensions></trkpt>
      <trkpt lon="-70.15599185050790" lat="-82.33023574882236"><ele>520736.73595027439296</ele><time>2023-01-20T10:10:00.500Z</time><hdop>7.98784173905447</hdop><vdop>21.86732158722780</vdop><pdop>23.28057922491233</pdop><extensions><gpxtpx:TrackPointExtension><gpxtpx:speed>7674.29509553482603</gpxtpx:speed><gpxtpx:course>0.00000000000000</gpxtpx:course></gpxtpx:TrackPointExtension></extensions></trkpt>
      <trkpt lon="-70.20071159063643" lat="-82.33237567893970"><ele>520727.78185029514134</ele><time>2023-01-20T10:10:00.600Z</time><hdop>7.98646311922631</hdop><vdop>21.86675965055876</vdop><pdop>23.27957840619256</pdop><extensions><gpxtpx:TrackPointExtension><gpxtpx:speed>7673.70465832168156</gpxtpx:speed><gpxtpx:course>0.00000000000000</gpxtpx:course></gpxtpx:TrackPointExtension></extensions></trkpt>
      <trkpt lon="-70.24548944986518" lat="-82.33457308040045"><ele>520738.12471716478467</ele><time>2023-01-20T10:10:00.700Z</time><hdop>7.98505364040890</hdop><vdop>21.86618804435443</vdop><pdop>23.27855797147400</pdop><extensions><gpxtpx:TrackPointExtension><gpxtpx:speed>7674.18693388967131</gpxtpx:speed><gpxtpx:course>0.00000000000000</gpxtpx:course></gpxtpx:TrackPointExtension></extensions></trkpt>
      <trkpt lon="-70.29032882547499" lat="-82.33671485427054"><ele>520734.38140955381095</ele><time>2023-01-20T10:10:00.800Z</time><hdop>7.98367152071811</hdop><vdop>21.86562207441336</vdop><pdop>23.27755226933876</pdop><extensions><gpxtpx:TrackPointExtension><gpxtpx:speed>7674.53506923167424</gpxtpx:speed><gpxtpx:course>0.00000000000000</gpxtpx:course></gpxtpx:TrackPointExtension></extensions></trkpt>
      <trkpt lon="-70.33515644762905" lat="-82.33892755185235"><ele>520754.59764431975782</ele><time>2023-01-20T10:10:00.900Z</time><hdop>7.98225159263078</hdop><vdop>21.86504415667802</vdop><pdop>23.27652243058521</pdop><extensions><gpxtpx:TrackPointExtension><gpxtpx:speed>7673.65148345259513</gpxtpx:speed><gpxtpx:course>0.00000000000000</gpxtpx:course></gpxtpx:TrackPointExtension></extensions></trkpt>
      <trkpt lon="-70.37998762174819" lat="-82.34109439423939"><ele>520760.05637529771775</ele><time>2023-01-20T10:10:01.000Z</time><hdop>7.98085485430299</hdop><vdop>21.86447459755919</vdop><pdop>23.27550845057445</pdop><extensions><gpxtpx:TrackPointExtension><gpxtpx:speed>7673.59913110093385</gpxtpx:speed><gpxtpx:course>0.00000000000000</gpxtpx:course></gpxtpx:TrackPointExtension></extensions></trkpt>
      <trkpt lon="-70.42478313007750" lat="-82.34318743945282"><ele>520743.19229313824326</ele><time>2023-01-20T10:10:01.100Z</time><hdop>7.97949422018750</hdop><vdop>21.86391614354118</vdop><pdop>23.27451733423932</pdop><extensions><gpxtpx:TrackPointExtension><gpxtpx:speed>7673.34297196217085</gpxtpx:speed><gpxtpx:course>0.00000000000000</gpxtpx:course></gpxtpx:TrackPointExtension></extensions></trkpt>
      <trkpt lon="-70.46981606732247" lat="-82.34526217266617"><ele>520722.07262245938182</ele><time>2023-01-20T10:10:01.200Z</time><hdop>7.97814209318351</hdop><vdop>21.86335889895072</vdop><pdop>23.27353032101821</pdop><extensions><gpxtpx:TrackPointExtension><gpxtpx:speed>7674.80850312503389</gpxtpx:speed><gpxtpx:course>0.00000000000000</gpxtpx:course></gpxtpx:TrackPointExtension></extensions></trkpt>
      <trkpt lon="-70.51470753181117" lat="-82.34743702536453"><ele>520734.78853956889361</ele><time>2023-01-20T10:10:01.300Z</time><hdop>7.97673692095609</hdop><vdop>21.86278488632199</vdop><pdop>23.27250942403361</pdop><extensions><gpxtpx:TrackPointExtension><gpxtpx:speed>7673.71884052234418</gpxtpx:speed><gpxtpx:course>0.00000000000000</gpxtpx:course></gpxtpx:TrackPointExtension></extensions></trkpt>
      <trkpt lon="-70.55972660780348" lat="-82.34958066662293"><ele>520739.74461261928082</ele><time>2023-01-20T10:10:01.400Z</time><hdop>7.97534672239652</hdop><vdop>21.86221397182392</vdop><pdop>23.27149662338574</pdop><extensions><gpxtpx:TrackPointExtension><gpxtpx:speed>7674.40809022737449</gpxtpx:speed><gpxtpx:course>0.00000000000000</gpxtpx:course></gpxtpx:TrackPointExtension></extensions></trkpt>
      <trkpt lon="-70.60464776724787" lat="-82.35165070189332"><ele>520715.55756364390254</ele><time>2023-01-20T10:10:01.500Z</time><hdop>7.97399500374171</hdop><vdop>21.86166188097358</vdop><pdop>23.27051474543937</pdop><extensions><gpxtpx:TrackPointExtension><gpxtpx:speed>7674.26164618004259</gpxtpx:speed><gpxtpx:course>0.00000000000000</gpxtpx:course></gpxtpx:TrackPointExtension></extensions></trkpt>
      <trkpt lon="-70.64966502217628" lat="-82.35382338930387"><ele>520735.65464931074530</ele><time>2023-01-20T10:10:01.600Z</time><hdop>7.97258707046438</hdop><vdop>21.86108172562606</vdop><pdop>23.26948729152917</pdop><extensions><gpxtpx:TrackPointExtension><gpxtpx:speed>7674.28252432477075</gpxtpx:speed><gpxtpx:course>0.00000000000000</gpxtpx:course></gpxtpx:TrackPointExtension></extensions></trkpt>
      <trkpt lon="-70.69476711920568" lat="-82.35606113971292"><ele>520779.76887720543891</ele><time>2023-01-20T10:10:01.700Z</time><hdop>7.97114396756733</hdop><vdop>21.86048824717295</vdop><pdop>23.26843532677845</pdop><extensions><gpxtpx:TrackPointExtension><gpxtpx:speed>7674.79312355500588</gpxtpx:speed><gpxtpx:course>0.00000000000000</gpxtpx:course></gpxtpx:TrackPointExtension></extensions></trkpt>
      <trkpt lon="-70.73979007277357" lat="-82.35814404442226"><ele>520768.67032650951296</ele><time>2023-01-20T10:10:01.800Z</time><hdop>7.96978084439631</hdop><vdop>21.85992646421317</vdop><pdop>23.26744059256440</pdop><extensions><gpxtpx:TrackPointExtension><gpxtpx:speed>7675.08939195641324</gpxtpx:speed><gpxtpx:course>0.00000000000000</gpxtpx:course></gpxtpx:TrackPointExtension></extensions></trkpt>
      <trkpt lon="-70.78489200374580" lat="-82.36018689236110"><ele>520747.07156143244356</ele><time>2023-01-20T10:10:01.900Z</time><hdop>7.96843688240949</hdop><vdop>21.85936915779718</vdop><pdop>23.26645667749600</pdop><extensions><gpxtpx:TrackPointExtension><gpxtpx:speed>7673.47897295513576</gpxtpx:speed><gpxtpx:course>0.00000000000000</gpxtpx:course></gpxtpx:TrackPointExtension></extensions></trkpt>
      <trkpt lon="-70.82992677960331" lat="-82.36232870126899"><ele>520756.84905024245381</ele><time>2023-01-20T10:10:02.000Z</time><hdop>7.96704194494727</hdop><vdop>21.85879769173337</vdop><pdop>23.26544205212265</pdop><extensions><gpxtpx:TrackPointExtension><gpxtpx:speed>7673.81331468171902</gpxtpx:speed><gpxtpx:course>0.00000000000000</gpxtpx:course></gpxtpx:TrackPointExtension></extensions></trkpt>
      <trkpt lon="-70.87508571371764" lat="-82.36436194246328"><ele>520734.96184261236340</ele><time>2023-01-20T10:10:02.100Z</time><hdop>7.96570062593632</hdop><vdop>21.85824020116203</vdop><pdop>23.26445896971898</pdop><extensions><gpxtpx:TrackPointExtension><gpxtpx:speed>7673.48502476670183</gpxtpx:speed><gpxtpx:course>0.00000000000000</gpxtpx:course></gpxtpx:TrackPointExtension></extensions></trkpt>
      <trkpt lon="-70.92023147407065" lat="-82.36644908536950"><ele>520735.22923784423620</ele><time>2023-01-20T10:10:02.200Z</time><hdop>7.96432934449252</hdop><vdop>21.85766972560565</vdop><pdop>23.26345347838971</pdop><extensions><gpxtpx:TrackPointExtension><gpxtpx:speed>7673.50830993924137</gpxtpx:speed><gpxtpx:course>0.00000000000000</gpxtpx:course></gpxtpx:TrackPointExtension></extensions></trkpt>
      <trkpt lon="-70.96542178712158" lat="-82.36860836258236"><ele>520758.83315737545490</ele><time>2023-01-20T10:10:02.300Z</time><hdop>7.96292085998783</hdop><vdop>21.85708841121671</vdop><pdop>23.26242511945333</pdop><extensions><gpxtpx:TrackPointExtension><gpxtpx:speed>7674.53104065169282</gpxtpx:speed><gpxtpx:course>0.00000000000000</gpxtpx:course></gpxtpx:TrackPointExtension></extensions></trkpt>
      <trkpt lon="-71.01067118170414" lat="-82.37065047794061"><ele>520743.32577119395137</ele><time>2023-01-20T10:10:02.400Z</time><hdop>7.96157190322122</hdop><vdop>21.85652800307156</vdop><pdop>23.26143683264671</pdop><extensions><gpxtpx:TrackPointExtension><gpxtpx:speed>7674.08708551072323</gpxtpx:speed><gpxtpx:course>0.00000000000000</gpxtpx:course></gpxtpx:TrackPointExtension></extensions></trkpt>
      <trkpt lon="-71.05577020034092" lat="-82.37273309264872"><ele>520741.09645629394799</ele><time>2023-01-20T10:10:02.500Z</time><hdop>7.96020135219880</hdop><vdop>21.85596214200003</vdop><pdop>23.26043608189851</pdop><extensions><gpxtpx:TrackPointExtension><gpxtpx:speed>7674.04859117227261</gpxtpx:speed><gpxtpx:course>0.00000000000000</gpxtpx:course></gpxtpx:TrackPointExtension></extensions></trkpt>
      <trkpt lon="-71.10104377856970" lat="-82.37487829261603"><ele>520767.23927119001746</ele><time>2023-01-20T10:10:02.600Z</time><hdop>7.95879532073109</hdop><vdop>21.85537733803536</vdop><pdop>23.25940544264192</pdop><extensions><gpxtpx:TrackPointExtension><gpxtpx:speed>7674.26152600873957</gpxtpx:speed><gpxtpx:course>0.00000000000000</gpxtpx:course></gpxtpx:TrackPointExtension></extensions></trkpt>
      <trkpt lon="-71.14626132387014" lat="-82.37699650742385"><ele>520780.05906119663268</ele><time>2023-01-20T10:10:02.700Z</time><hdop>7.95740418656002</hdop><vdop>21.85480317663292</vdop><pdop>23.25838995454430</pdop><extensions><gpxtpx:TrackPointExtension><gpxtpx:speed>7673.75815943486850</gpxtpx:speed><gpxtpx:course>0.00000000000000</gpxtpx:course></gpxtpx:TrackPointExtension></extensions></trkpt>
      <trkpt lon="-71.19154625056228" lat="-82.37901118528850"><ele>520762.53395498730242</ele><time>2023-01-20T10:10:02.800Z</time><hdop>7.95606391536809</hdop><vdop>21.85424273087142</vdop><pdop>23.25740480718492</pdop><extensions><gpxtpx:TrackPointExtension><gpxtpx:speed>7673.31162206952467</gpxtpx:speed><gpxtpx:course>0.00000000000000</gpxtpx:course></gpxtpx:TrackPointExtension></extensions></trkpt>
      <trkpt lon="-71.23693446441004" lat="-82.38102678027697"><ele>520750.27366947475821</ele><time>2023-01-20T10:10:02.900Z</time><hdop>7.95472199077174</hdop><vdop>21.85367765653903</vdop><pdop>23.25641479390967</pdop><extensions><gpxtpx:TrackPointExtension><gpxtpx:speed>7673.50279550916366</gpxtpx:speed><gpxtpx:course>0.00000000000000</gpxtpx:course></gpxtpx:TrackPointExtension></extensions></trkpt>
      <trkpt lon="-71.28222278396748" lat="-82.38304421181309"><ele>520735.96552993077785</ele><time>2023-01-20T10:10:03.000Z</time><hdop>7.95337793308898</hdop><vdop>21.85311577553368</vdop><pdop>23.25542710090325</pdop><extensions><gpxtpx:TrackPointExtension><gpxtpx:speed>7673.30000886256857</gpxtpx:speed><gpxtpx:course>0.00000000000000</gpxtpx:course></gpxtpx:TrackPointExtension></extensions></trkpt>
      <trkpt lon="-71.32751112926981" lat="-82.38507421003554"><ele>520728.49144713860005</ele><time>2023-01-20T10:10:03.100Z</time><hdop>7.95202656538576</hdop><vdop>21.85255006094534</vdop><pdop>23.25443335501261</pdop><extensions><gpxtpx:TrackPointExtension><gpxtpx:speed>7674.24586049250411</gpxtpx:speed><gpxtpx:course>0.00000000000000</gpxtpx:course></gpxtpx:TrackPointExtension></extensions></trkpt>
      <trkpt lon="-71.37298232500542" lat="-82.38721275934314"><ele>520756.93951439112425</ele><time>2023-01-20T10:10:03.200Z</time><hdop>7.95061850773871</hdop><vdop>21.85196592781877</vdop><pdop>23.25340296744005</pdop><extensions><gpxtpx:TrackPointExtension><gpxtpx:speed>7673.99470098899656</gpxtpx:speed><gpxtpx:course>0.00000000000000</gpxtpx:course></gpxtpx:TrackPointExtension></extensions></trkpt>
      <trkpt lon="-71.41845136113261" lat="-82.38926006715553"><ele>520759.75354972667992</ele><time>2023-01-20T10:10:03.300Z</time><hdop>7.94925479744194</hdop><vdop>21.85139313063685</vdop><pdop>23.25239844799450</pdop><extensions><gpxtpx:TrackPointExtension><gpxtpx:speed>7673.61500324671943</gpxtpx:speed><gpxtpx:course>0.00000000000000</gpxtpx:course></gpxtpx:TrackPointExtension></extensions></trkpt>
      <trkpt lon="-71.46395143661415" lat="-82.39133957404361"><ele>520774.25905846618116</ele><time>2023-01-20T10:10:03.400Z</time><hdop>7.94787402922762</hdop><vdop>21.85081454532289</vdop><pdop>23.25138270896089</pdop><extensions><gpxtpx:TrackPointExtension><gpxtpx:speed>7673.85892361614060</gpxtpx:speed><gpxtpx:course>0.00000000000000</gpxtpx:course></gpxtpx:TrackPointExtension></extensions></trkpt>
      <trkpt lon="-71.50939796220953" lat="-82.39334063846313"><ele>520762.55311904009432</ele><time>2023-01-20T10:10:03.500Z</time><hdop>7.94653282084489</hdop><vdop>21.85025066271459</vdop><pdop>23.25039436001515</pdop><extensions><gpxtpx:TrackPointExtension><gpxtpx:speed>7674.01100350829347</gpxtpx:speed><gpxtpx:course>0.00000000000000</gpxtpx:course></gpxtpx:TrackPointExtension></extensions></trkpt>
      <trkpt lon="-71.55481448664665" lat="-82.39537504031064"><ele>520763.65967986918986</ele><time>2023-01-20T10:10:03.600Z</time><hdop>7.94517357612510</hdop><vdop>21.84968015243911</vdop><pdop>23.24939366776364</pdop><extensions><gpxtpx:TrackPointExtension><gpxtpx:speed>7674.87311520157709</gpxtpx:speed><gpxtpx:course>0.00000000000000</gpxtpx:course></gpxtpx:TrackPointExtension></extensions></trkpt>
      <trkpt lon="-71.60025569803753" lat="-82.39739887670987"><ele>520764.91268226783723</ele><time>2023-01-20T10:10:03.700Z</time><hdop>7.94381754752719</hdop><vdop>21.84910805329483</vdop><pdop>23.24839263159829</pdop><extensions><gpxtpx:TrackPointExtension><gpxtpx:speed>7673.91879209872150</gpxtpx:speed><gpxtpx:course>0.00000000000000</gpxtpx:course></gpxtpx:TrackPointExtension></extensions></trkpt>
      <trkpt lon="-71.64575581838196" lat="-82.39943278978845"><ele>520769.50119745545089</ele><time>2023-01-20T10:10:03.800Z</time><hdop>7.94245552011017</hdop><vdop>21.84853488943581</vdop><pdop>23.24738859536319</pdop><extensions><gpxtpx:TrackPointExtension><gpxtpx:speed>7674.53600999947776</gpxtpx:speed><gpxtpx:course>0.00000000000000</gpxtpx:course></gpxtpx:TrackPointExtension></extensions></trkpt>
      <trkpt lon="-71.69134934070435" lat="-82.40142867160642"><ele>520758.40865902509540</ele><time>2023-01-20T10:10:03.900Z</time><hdop>7.94111350759073</hdop><vdop>21.84797222449879</vdop><pdop>23.24640131424455</pdop><extensions><gpxtpx:TrackPointExtension><gpxtpx:speed>7674.75831689900406</gpxtpx:speed><gpxtpx:course>0.00000000000000</gpxtpx:course></gpxtpx:TrackPointExtension></extensions></trkpt>
      <trkpt lon="-71.73704540320628" lat="-82.40351569356199"><ele>520788.64823138620704</ele><time>2023-01-20T10:10:04.000Z</time><hdop>7.93972010835404</hdop><vdop>21.84738228712320</vdop><pdop>23.24537089828222</pdop><extensions><gpxtpx:TrackPointExtension><gpxtpx:speed>7674.03183060760148</gpxtpx:speed><gpxtpx:course>0.00000000000000</gpxtpx:course></gpxtpx:TrackPointExtension></extensions></trkpt>
      <trkpt lon="-71.78264751472054" lat="-82.40550126827853"><ele>520780.83064729627222</ele><time>2023-01-20T10:10:04.100Z</time><hdop>7.93837967438496</hdop><vdop>21.84681562084121</vdop><pdop>23.24438049563205</pdop><extensions><gpxtpx:TrackPointExtension><gpxtpx:speed>7673.99659807039097</gpxtpx:speed><gpxtpx:course>0.00000000000000</gpxtpx:course></gpxtpx:TrackPointExtension></extensions></trkpt>
      <trkpt lon="-71.82827280817045" lat="-82.40745420571668"><ele>520761.25351086445153</ele><time>2023-01-20T10:10:04.200Z</time><hdop>7.93705561291213</hdop><vdop>21.84625641229103</vdop><pdop>23.24340274215518</pdop><extensions><gpxtpx:TrackPointExtension><gpxtpx:speed>7674.85198839687382</gpxtpx:speed><gpxtpx:course>0.00000000000000</gpxtpx:course></gpxtpx:TrackPointExtension></extensions></trkpt>
      <trkpt lon="-71.87390651344624" lat="-82.40941512183335"><ele>520746.68521139491349</ele><time>2023-01-20T10:10:04.300Z</time><hdop>7.93572538995038</hdop><vdop>21.84569373161648</vdop><pdop>23.24241966922314</pdop><extensions><gpxtpx:TrackPointExtension><gpxtpx:speed>7673.79674259242802</gpxtpx:speed><gpxtpx:course>0.00000000000000</gpxtpx:course></gpxtpx:TrackPointExtension></extensions></trkpt>
      <trkpt lon="-71.91953954250512" lat="-82.41147041986726"><ele>520777.01342447660863</ele><time>2023-01-20T10:10:04.400Z</time><hdop>7.93434317392170</hdop><vdop>21.84510145384153</vdop><pdop>23.24139107562598</pdop><extensions><gpxtpx:TrackPointExtension><gpxtpx:speed>7673.93322116114086</gpxtpx:speed><gpxtpx:course>0.00000000000000</gpxtpx:course></gpxtpx:TrackPointExtension></extensions></trkpt>
      <trkpt lon="-71.96523581443070" lat="-82.41346883386174"><ele>520781.07444498687983</ele><time>2023-01-20T10:10:04.500Z</time><hdop>7.93299080739294</hdop><vdop>21.84452741181707</vdop><pdop>23.24038986324903</pdop><extensions><gpxtpx:TrackPointExtension><gpxtpx:speed>7674.53101820163465</gpxtpx:speed><gpxtpx:course>0.00000000000000</gpxtpx:course></gpxtpx:TrackPointExtension></extensions></trkpt>
      <trkpt lon="-72.01093207663693" lat="-82.41541991072297"><ele>520771.36113634705544</ele><time>2023-01-20T10:10:04.600Z</time><hdop>7.93166178149600</hdop><vdop>21.84396022748297</vdop><pdop>23.23940311272865</pdop><extensions><gpxtpx:TrackPointExtension><gpxtpx:speed>7674.84904610140347</gpxtpx:speed><gpxtpx:course>0.00000000000000</gpxtpx:course></gpxtpx:TrackPointExtension></extensions></trkpt>
      <trkpt lon="-72.05677996941014" lat="-82.41738734860965"><ele>520761.48253723885864</ele><time>2023-01-20T10:10:04.700Z</time><hdop>7.93032437378539</hdop><vdop>21.84339646755717</vdop><pdop>23.23841676862569</pdop><extensions><gpxtpx:TrackPointExtension><gpxtpx:speed>7674.41837329863938</gpxtpx:speed><gpxtpx:course>0.00000000000000</gpxtpx:course></gpxtpx:TrackPointExtension></extensions></trkpt>
      <trkpt lon="-72.10256147094442" lat="-82.41936153549581"><ele>520760.21187411900610</ele><time>2023-01-20T10:10:04.800Z</time><hdop>7.92898131058453</hdop><vdop>21.84282571100888</vdop><pdop>23.23742196684282</pdop><extensions><gpxtpx:TrackPointExtension><gpxtpx:speed>7673.59410102814218</gpxtpx:speed><gpxtpx:course>0.00000000000000</gpxtpx:course></gpxtpx:TrackPointExtension></extensions></trkpt>
      <trkpt lon="-72.14835470437808" lat="-82.42137791692919"><ele>520778.24602576624602</ele><time>2023-01-20T10:10:04.900Z</time><hdop>7.92761452781420</hdop><vdop>21.84224290808176</vdop><pdop>23.23640779804957</pdop><extensions><gpxtpx:TrackPointExtension><gpxtpx:speed>7674.60958606136501</gpxtpx:speed><gpxtpx:course>0.00000000000000</gpxtpx:course></gpxtpx:TrackPointExtension></extensions></trkpt>
      <trkpt lon="-72.19417786447957" lat="-82.42331311136178"><ele>520767.36508879624307</ele><time>2023-01-20T10:10:05.000Z</time><hdop>7.92628901081015</hdop><vdop>21.84167683058934</vdop><pdop>23.23542347913618</pdop><extensions><gpxtpx:TrackPointExtension><gpxtpx:speed>7674.98826934328281</gpxtpx:speed><gpxtpx:course>0.00000000000000</gpxtpx:course></gpxtpx:TrackPointExtension></extensions></trkpt>
      <trkpt lon="-72.23998861660033" lat="-82.42527085188024"><ele>520768.81931993179023</ele><time>2023-01-20T10:10:05.100Z</time><hdop>7.92494999019480</hdop><vdop>21.84110252784723</vdop><pdop>23.23442687003541</pdop><extensions><gpxtpx:TrackPointExtension><gpxtpx:speed>7674.13684948777245</gpxtpx:speed><gpxtpx:course>0.00000000000000</gpxtpx:course></gpxtpx:TrackPointExtension></extensions></trkpt>
      <trkpt lon="-72.28580511473538" lat="-82.42722125896199"><ele>520768.70806517358869</ele><time>2023-01-20T10:10:05.200Z</time><hdop>7.92361405223540</hdop><vdop>21.84052947187396</vdop><pdop>23.23343253289486</pdop><extensions><gpxtpx:TrackPointExtension><gpxtpx:speed>7673.80419665070167</gpxtpx:speed><gpxtpx:course>0.00000000000000</gpxtpx:course></gpxtpx:TrackPointExtension></extensions></trkpt>
      <trkpt lon="-72.33175023796116" lat="-82.42916220726343"><ele>520766.46355359442532</ele><time>2023-01-20T10:10:05.300Z</time><hdop>7.92228068629313</hdop><vdop>21.83995697264110</vdop><pdop>23.23243964458377</pdop><extensions><gpxtpx:TrackPointExtension><gpxtpx:speed>7673.54121709851370</gpxtpx:speed><gpxtpx:course>0.00000000000000</gpxtpx:course></gpxtpx:TrackPointExtension></extensions></trkpt>
      <trkpt lon="-72.37773314145750" lat="-82.43109508197259"><ele>520760.04771819896996</ele><time>2023-01-20T10:10:05.400Z</time><hdop>7.92095188151232</hdop><vdop>21.83938855435093</vdop><pdop>23.23145219604551</pdop><extensions><gpxtpx:TrackPointExtension><gpxtpx:speed>7674.09399051329183</gpxtpx:speed><gpxtpx:course>0.00000000000000</gpxtpx:course></gpxtpx:TrackPointExtension></extensions></trkpt>
      <trkpt lon="-72.42363169892887" lat="-82.43303429998232"><ele>520758.61697075981647</ele><time>2023-01-20T10:10:05.500Z</time><hdop>7.91961788817224</hdop><vdop>21.83881675655233</vdop><pdop>23.23045984953652</pdop><extensions><gpxtpx:TrackPointExtension><gpxtpx:speed>7673.70182096202916</gpxtpx:speed><gpxtpx:course>0.00000000000000</gpxtpx:course></gpxtpx:TrackPointExtension></extensions></trkpt>
      <trkpt lon="-72.46954946643356" lat="-82.43504780697407"><ele>520785.30352377332747</ele><time>2023-01-20T10:10:05.600Z</time><hdop>7.91824469835178</hdop><vdop>21.83822954677701</vdop><pdop>23.22943970139401</pdop><extensions><gpxtpx:TrackPointExtension><gpxtpx:speed>7674.11470592222850</gpxtpx:speed><gpxtpx:course>0.00000000000000</gpxtpx:course></gpxtpx:TrackPointExtension></extensions></trkpt>
      <trkpt lon="-72.51548650117816" lat="-82.43699564078631"><ele>520790.87246479652822</ele><time>2023-01-20T10:10:05.700Z</time><hdop>7.91690421075123</hdop><vdop>21.83765365466027</vdop><pdop>23.22844139031088</pdop><extensions><gpxtpx:TrackPointExtension><gpxtpx:speed>7673.83565116171121</gpxtpx:speed><gpxtpx:course>0.00000000000000</gpxtpx:course></gpxtpx:TrackPointExtension></extensions></trkpt>
      <trkpt lon="-72.56149455119605" lat="-82.43894964910172"><ele>520801.80204271525145</ele><time>2023-01-20T10:10:05.800Z</time><hdop>7.91555858385257</hdop><vdop>21.83707364270459</vdop><pdop>23.22743750333440</pdop><extensions><gpxtpx:TrackPointExtension><gpxtpx:speed>7674.23965604850764</gpxtpx:speed><gpxtpx:course>0.00000000000000</gpxtpx:course></gpxtpx:TrackPointExtension></extensions></trkpt>
      <trkpt lon="-72.60753761784690" lat="-82.44085282189148"><ele>520795.80362564418465</ele><time>2023-01-20T10:10:05.900Z</time><hdop>7.91423812505036</hdop><vdop>21.83650300851878</vdop><pdop>23.22645105781446</pdop><extensions><gpxtpx:TrackPointExtension><gpxtpx:speed>7673.74504301398065</gpxtpx:speed><gpxtpx:course>0.00000000000000</gpxtpx:course></gpxtpx:TrackPointExtension></extensions></trkpt>
      <trkpt lon="-72.65353823146096" lat="-82.44276120509060"><ele>520791.37176380027086</ele><time>2023-01-20T10:10:06.000Z</time><hdop>7.91291454765658</hdop><vdop>21.83593275210001</vdop><pdop>23.22546395215280</pdop><extensions><gpxtpx:TrackPointExtension><gpxtpx:speed>7674.65337410784014</gpxtpx:speed><gpxtpx:course>0.00000000000000</gpxtpx:course></gpxtpx:TrackPointExtension></extensions></trkpt>
      <trkpt lon="-72.69968814328745" lat="-82.44455341365696"><ele>520754.91076132003218</ele><time>2023-01-20T10:10:06.100Z</time><hdop>7.91164753830369</hdop><vdop>21.83537554181295</vdop><pdop>23.22450843015520</pdop><extensions><gpxtpx:TrackPointExtension><gpxtpx:speed>7673.66967175703667</gpxtpx:speed><gpxtpx:course>0.00000000000000</gpxtpx:course></gpxtpx:TrackPointExtension></extensions></trkpt>
      <trkpt lon="-72.74573348750521" lat="-82.44649874106237"><ele>520769.19087989162654</ele><time>2023-01-20T10:10:06.200Z</time><hdop>7.91030107623334</hdop><vdop>21.83479334927381</vdop><pdop>23.22350239998588</pdop><extensions><gpxtpx:TrackPointExtension><gpxtpx:speed>7673.29833017688088</gpxtpx:speed><gpxtpx:course>0.00000000000000</gpxtpx:course></gpxtpx:TrackPointExtension></extensions></trkpt>
      <trkpt lon="-72.79188133832099" lat="-82.44844070355050"><ele>520779.65976545959711</ele><time>2023-01-20T10:10:06.300Z</time><hdop>7.90895659192144</hdop><vdop>21.83421530788165</vdop><pdop>23.22250099545333</pdop><extensions><gpxtpx:TrackPointExtension><gpxtpx:speed>7673.69457928515112</gpxtpx:speed><gpxtpx:course>0.00000000000000</gpxtpx:course></gpxtpx:TrackPointExtension></extensions></trkpt>
      <trkpt lon="-72.83801761182431" lat="-82.45032490075002"><ele>520773.52249953895807</ele><time>2023-01-20T10:10:06.400Z</time><hdop>7.90764014902640</hdop><vdop>21.83364510954091</vdop><pdop>23.22151656321942</pdop><extensions><gpxtpx:TrackPointExtension><gpxtpx:speed>7673.42284982621823</gpxtpx:speed><gpxtpx:course>0.00000000000000</gpxtpx:course></gpxtpx:TrackPointExtension></extensions></trkpt>
      <trkpt lon="-72.88420839412626" lat="-82.45225164054563"><ele>520783.18446956295520</ele><time>2023-01-20T10:10:06.500Z</time><hdop>7.90630057601288</hdop><vdop>21.83306651474659</vdop><pdop>23.22051640759977</pdop><extensions><gpxtpx:TrackPointExtension><gpxtpx:speed>7673.66737919633852</gpxtpx:speed><gpxtpx:course>0.00000000000000</gpxtpx:course></gpxtpx:TrackPointExtension></extensions></trkpt>
      <trkpt lon="-72.93040072538993" lat="-82.45412766946423"><ele>520777.26020921487361</ele><time>2023-01-20T10:10:06.600Z</time><hdop>7.90498564669100</hdop><vdop>21.83249598993955</vdop><pdop>23.21953227834526</pdop><extensions><gpxtpx:TrackPointExtension><gpxtpx:speed>7673.86808843944709</gpxtpx:speed><gpxtpx:course>0.00000000000000</gpxtpx:course></gpxtpx:TrackPointExtension></extensions></trkpt>
      <trkpt lon="-72.97662953453127" lat="-82.45600822071719"><ele>520778.00799306761473</ele><time>2023-01-20T10:10:06.700Z</time><hdop>7.90366653276695</hdop><vdop>21.83191999946499</vdop><pdop>23.21854163215726</pdop><extensions><gpxtpx:TrackPointExtension><gpxtpx:speed>7673.43381991483875</gpxtpx:speed><gpxtpx:course>0.00000000000000</gpxtpx:course></gpxtpx:TrackPointExtension></extensions></trkpt>
      <trkpt lon="-73.02290697259625" lat="-82.45789785553059"><ele>520782.19387864600867</ele><time>2023-01-20T10:10:06.800Z</time><hdop>7.90234158006801</hdop><vdop>21.83134268038492</vdop><pdop>23.21754779636446</pdop><extensions><gpxtpx:TrackPointExtension><gpxtpx:speed>7674.02448944767821</gpxtpx:speed><gpxtpx:course>0.00000000000000</gpxtpx:course></gpxtpx:TrackPointExtension></extensions></trkpt>
      <trkpt lon="-73.06911806740349" lat="-82.45981275722444"><ele>520794.45528969727457</ele><time>2023-01-20T10:10:06.900Z</time><hdop>7.90100321750126</hdop><vdop>21.83076234310321</vdop><pdop>23.21654660633270</pdop><extensions><gpxtpx:TrackPointExtension><gpxtpx:speed>7673.98338748080914</gpxtpx:speed><gpxtpx:course>0.00000000000000</gpxtpx:course></gpxtpx:TrackPointExtension></extensions></trkpt>
      <trkpt lon="-73.11534577011861" lat="-82.46167545805504"><ele>520795.53559723496437</ele><time>2023-01-20T10:10:07.000Z</time><hdop>7.89968976984124</hdop><vdop>21.83018534236286</vdop><pdop>23.21555708014884</pdop><extensions><gpxtpx:TrackPointExtension><gpxtpx:speed>7674.62718029998541</gpxtpx:speed><gpxtpx:course>0.00000000000000</gpxtpx:course></gpxtpx:TrackPointExtension></extensions></trkpt>
      <trkpt lon="-73.16167000092882" lat="-82.46350401080329"><ele>520783.34761155862361</ele><time>2023-01-20T10:10:07.100Z</time><hdop>7.89839254176244</hdop><vdop>21.82961647349899</vdop><pdop>23.21458076562718</pdop><extensions><gpxtpx:TrackPointExtension><gpxtpx:speed>7673.81948256143278</gpxtpx:speed><gpxtpx:course>0.00000000000000</gpxtpx:course></gpxtpx:TrackPointExtension></extensions></trkpt>
      <trkpt lon="-73.20796219395798" lat="-82.46540125128116"><ele>520793.58187532518059</ele><time>2023-01-20T10:10:07.200Z</time><hdop>7.89705907354778</hdop><vdop>21.82903715070753</vdop><pdop>23.21358233746082</pdop><extensions><gpxtpx:TrackPointExtension><gpxtpx:speed>7674.08647379232116</gpxtpx:speed><gpxtpx:course>0.00000000000000</gpxtpx:course></gpxtpx:TrackPointExtension></extensions></trkpt>
      <trkpt lon="-73.25433253936734" lat="-82.46723267020914"><ele>520785.83923890348524</ele><time>2023-01-20T10:10:07.300Z</time><hdop>7.89575856105270</hdop><vdop>21.82846577130990</vdop><pdop>23.21260263700917</pdop><extensions><gpxtpx:TrackPointExtension><gpxtpx:speed>7674.46905632874041</gpxtpx:speed><gpxtpx:course>0.00000000000000</gpxtpx:course></gpxtpx:TrackPointExtension></extensions></trkpt>
      <trkpt lon="-73.30067064672211" lat="-82.46905167337958"><ele>520777.77069590147585</ele><time>2023-01-20T10:10:07.400Z</time><hdop>7.89446191279285</hdop><vdop>21.82789315521652</vdop><pdop>23.21162313342359</pdop><extensions><gpxtpx:TrackPointExtension><gpxtpx:speed>7674.46366277787001</gpxtpx:speed><gpxtpx:course>0.00000000000000</gpxtpx:course></gpxtpx:TrackPointExtension></extensions></trkpt>
      <trkpt lon="-73.34711358049995" lat="-82.47085137253401"><ele>520761.82430825009942</ele><time>2023-01-20T10:10:07.500Z</time><hdop>7.89317486734257</hdop><vdop>21.82732605500695</vdop><pdop>23.21065212780618</pdop><extensions><gpxtpx:TrackPointExtension><gpxtpx:speed>7674.08392292961162</gpxtpx:speed><gpxtpx:course>0.00000000000000</gpxtpx:course></gpxtpx:TrackPointExtension></extensions></trkpt>
      <trkpt lon="-73.39345853852507" lat="-82.47268799764898"><ele>520758.03378288540989</ele><time>2023-01-20T10:10:07.600Z</time><hdop>7.89186813999630</hdop><vdop>21.82675383245433</vdop><pdop>23.20966965731414</pdop><extensions><gpxtpx:TrackPointExtension><gpxtpx:speed>7673.40059223156277</gpxtpx:speed><gpxtpx:course>0.00000000000000</gpxtpx:course></gpxtpx:TrackPointExtension></extensions></trkpt>
      <trkpt lon="-73.43994231923358" lat="-82.47464677567302"><ele>520798.77294916845858</ele><time>2023-01-20T10:10:07.700Z</time><hdop>7.89049577420071</hdop><vdop>21.82615657246836</vdop><pdop>23.20864137101918</pdop><extensions><gpxtpx:TrackPointExtension><gpxtpx:speed>7673.93985767309277</gpxtpx:speed><gpxtpx:course>0.00000000000000</gpxtpx:course></gpxtpx:TrackPointExtension></extensions></trkpt>
      <trkpt lon="-73.48646306571146" lat="-82.47647853388460"><ele>520801.75391904078424</ele><time>2023-01-20T10:10:07.800Z</time><hdop>7.88918840608100</hdop><vdop>21.82557760323937</vdop><pdop>23.20765243236952</pdop><extensions><gpxtpx:TrackPointExtension><gpxtpx:speed>7674.79152541658368</gpxtpx:speed><gpxtpx:course>0.00000000000000</gpxtpx:course></gpxtpx:TrackPointExtension></extensions></trkpt>
      <trkpt lon="-73.53286841678866" lat="-82.47823177420344"><ele>520777.01911458186805</ele><time>2023-01-20T10:10:07.900Z</time><hdop>7.88792001164231</hdop><vdop>21.82501462917332</vdop><pdop>23.20669182959296</pdop><extensions><gpxtpx:TrackPointExtension><gpxtpx:speed>7674.29973020443504</gpxtpx:speed><gpxtpx:course>0.00000000000000</gpxtpx:course></gpxtpx:TrackPointExtension></extensions></trkpt>
      <trkpt lon="-73.57930247632119" lat="-82.48009531309032"><ele>520791.80970436334610</ele><time>2023-01-20T10:10:08.000Z</time><hdop>7.88659359624697</hdop><vdop>21.82443047652171</vdop><pdop>23.20569163323717</pdop><extensions><gpxtpx:TrackPointExtension><gpxtpx:speed>7673.67682186100046</gpxtpx:speed><gpxtpx:course>0.00000000000000</gpxtpx:course></gpxtpx:TrackPointExtension></extensions></trkpt>
      <trkpt lon="-73.62587287712817" lat="-82.48188983694540"><ele>520783.79424000624567</ele><time>2023-01-20T10:10:08.100Z</time><hdop>7.88530200386244</hdop><vdop>21.82385859228668</vdop><pdop>23.20471485599946</pdop><extensions><gpxtpx:TrackPointExtension><gpxtpx:speed>7674.48149641916098</gpxtpx:speed><gpxtpx:course>0.00000000000000</gpxtpx:course></gpxtpx:TrackPointExtension></extensions></trkpt>
      <trkpt lon="-73.67251014668604" lat="-82.48372256643235"><ele>520789.05978992953897</ele><time>2023-01-20T10:10:08.200Z</time><hdop>7.88398916927039</hdop><vdop>21.82328009071759</vdop><pdop>23.20372468245311</pdop><extensions><gpxtpx:TrackPointExtension><gpxtpx:speed>7673.96835283485689</gpxtpx:speed><gpxtpx:course>0.00000000000000</gpxtpx:course></gpxtpx:TrackPointExtension></extensions></trkpt>
      <trkpt lon="-73.71908602378224" lat="-82.48554636183256"><ele>520794.52116395719349</ele><time>2023-01-20T10:10:08.300Z</time><hdop>7.88267882219933</hdop><vdop>21.82270044381351</vdop><pdop>23.20273432322941</pdop><extensions><gpxtpx:TrackPointExtension><gpxtpx:speed>7673.99056786711117</gpxtpx:speed><gpxtpx:course>0.00000000000000</gpxtpx:course></gpxtpx:TrackPointExtension></extensions></trkpt>
      <trkpt lon="-73.76568786995317" lat="-82.48734177251984"><ele>520794.10368139576167</ele><time>2023-01-20T10:10:08.400Z</time><hdop>7.88138221205759</hdop><vdop>21.82212287573773</vdop><pdop>23.20175063171600</pdop><extensions><gpxtpx:TrackPointExtension><gpxtpx:speed>7674.26999533250455</gpxtpx:speed><gpxtpx:course>0.00000000000000</gpxtpx:course></gpxtpx:TrackPointExtension></extensions></trkpt>
      <trkpt lon="-73.81223484962355" lat="-82.48913118570842"><ele>520790.81273264437914</ele><time>2023-01-20T10:10:08.500Z</time><hdop>7.88008750188458</hdop><vdop>21.82154815609685</vdop><pdop>23.20077030975935</pdop><extensions><gpxtpx:TrackPointExtension><gpxtpx:speed>7673.96026779152999</gpxtpx:speed><gpxtpx:course>0.00000000000000</gpxtpx:course></gpxtpx:TrackPointExtension></extensions></trkpt>
      <trkpt lon="-73.85883002998018" lat="-82.49091723674765"><ele>520786.82938169129193</ele><time>2023-01-20T10:10:08.600Z</time><hdop>7.87879415612714</hdop><vdop>21.82097437229887</vdop><pdop>23.19979137645740</pdop><extensions><gpxtpx:TrackPointExtension><gpxtpx:speed>7674.01948262786846</gpxtpx:speed><gpxtpx:course>0.00000000000000</gpxtpx:course></gpxtpx:TrackPointExtension></extensions></trkpt>
      <trkpt lon="-73.90549659825771" lat="-82.49265429760162"><ele>520770.05741670727730</ele><time>2023-01-20T10:10:08.700Z</time><hdop>7.87752409646006</hdop><vdop>21.82040581944835</vdop><pdop>23.19882531542759</pdop><extensions><gpxtpx:TrackPointExtension><gpxtpx:speed>7674.36418920054530</gpxtpx:speed><gpxtpx:course>0.00000000000000</gpxtpx:course></gpxtpx:TrackPointExtension></extensions></trkpt>
      <trkpt lon="-73.95224996905984" lat="-82.49448989858594"><ele>520791.00145728886127</ele><time>2023-01-20T10:10:08.800Z</time><hdop>7.87620049301773</hdop><vdop>21.81981546704776</vdop><pdop>23.19782061363156</pdop><extensions><gpxtpx:TrackPointExtension><gpxtpx:speed>7674.92552562700894</gpxtpx:speed><gpxtpx:course>0.00000000000000</gpxtpx:course></gpxtpx:TrackPointExtension></extensions></trkpt>
      <trkpt lon="-73.99888074164890" lat="-82.49628797520823"><ele>520796.03301307652146</ele><time>2023-01-20T10:10:08.900Z</time><hdop>7.87489705688056</hdop><vdop>21.81923669154368</vdop><pdop>23.19683369466773</pdop><extensions><gpxtpx:TrackPointExtension><gpxtpx:speed>7674.13021853848477</gpxtpx:speed><gpxtpx:course>0.00000000000000</gpxtpx:course></gpxtpx:TrackPointExtension></extensions></trkpt>
      <trkpt lon="-74.04564100852457" lat="-82.49804423400772"><ele>520789.75515768863261</ele><time>2023-01-20T10:10:09.000Z</time><hdop>7.87361289320705</hdop><vdop>21.81866250807540</vdop><pdop>23.19585768264178</pdop><extensions><gpxtpx:TrackPointExtension><gpxtpx:speed>7673.92127014669222</gpxtpx:speed><gpxtpx:course>0.00000000000000</gpxtpx:course></gpxtpx:TrackPointExtension></extensions></trkpt>
      <trkpt lon="-74.09240224985425" lat="-82.49981945599433"><ele>520793.08017758466303</ele><time>2023-01-20T10:10:09.100Z</time><hdop>7.87231759367040</hdop><vdop>21.81808251704093</vdop><pdop>23.19487247251038</pdop><extensions><gpxtpx:TrackPointExtension><gpxtpx:speed>7674.20744284532248</gpxtpx:speed><gpxtpx:course>0.00000000000000</gpxtpx:course></gpxtpx:TrackPointExtension></extensions></trkpt>
      <trkpt lon="-74.13915150970180" lat="-82.50156029480060"><ele>520787.59821615461260</ele><time>2023-01-20T10:10:09.200Z</time><hdop>7.87103894510746</hdop><vdop>21.81750657214196</vdop><pdop>23.19389676403808</pdop><extensions><gpxtpx:TrackPointExtension><gpxtpx:speed>7674.11032754031476</gpxtpx:speed><gpxtpx:course>0.00000000000000</gpxtpx:course></gpxtpx:TrackPointExtension></extensions></trkpt>
      <trkpt lon="-74.18597170190856" lat="-82.50334563147072"><ele>520798.53017345536500</ele><time>2023-01-20T10:10:09.300Z</time><hdop>7.86973486633721</hdop><vdop>21.81692161133508</vdop><pdop>23.19290398940123</pdop><extensions><gpxtpx:TrackPointExtension><gpxtpx:speed>7673.97933263785853</gpxtpx:speed><gpxtpx:course>0.00000000000000</gpxtpx:course></gpxtpx:TrackPointExtension></extensions></trkpt>
      <trkpt lon="-74.23276984830852" lat="-82.50509013308138"><ele>520793.30741599015892</ele><time>2023-01-20T10:10:09.400Z</time><hdop>7.86845234779847</hdop><vdop>21.81634748355090</vdop><pdop>23.19192876568512</pdop><extensions><gpxtpx:TrackPointExtension><gpxtpx:speed>7673.78754094778560</gpxtpx:speed><gpxtpx:course>0.00000000000000</gpxtpx:course></gpxtpx:TrackPointExtension></extensions></trkpt>
      <trkpt lon="-74.27958756976525" lat="-82.50683705367760"><ele>520791.03237643092871</ele><time>2023-01-20T10:10:09.500Z</time><hdop>7.86716752974310</hdop><vdop>21.81577149373199</vdop><pdop>23.19095105440424</pdop><extensions><gpxtpx:TrackPointExtension><gpxtpx:speed>7673.97252198927890</gpxtpx:speed><gpxtpx:course>0.00000000000000</gpxtpx:course></gpxtpx:TrackPointExtension></extensions></trkpt>
      <trkpt lon="-74.32639503842444" lat="-82.50859849736504"><ele>520796.73130082897842</ele><time>2023-01-20T10:10:09.600Z</time><hdop>7.86587287665638</hdop><vdop>21.81519027766409</vdop><pdop>23.18996513499769</pdop><extensions><gpxtpx:TrackPointExtension><gpxtpx:speed>7673.05982464714907</gpxtpx:speed><gpxtpx:course>0.00000000000000</gpxtpx:course></gpxtpx:TrackPointExtension></extensions></trkpt>
      <trkpt lon="-74.37332475791695" lat="-82.51036564947245"><ele>520804.19723499007523</ele><time>2023-01-20T10:10:09.700Z</time><hdop>7.86457471956786</hdop><vdop>21.81460887025363</vdop><pdop>23.18897789213259</pdop><extensions><gpxtpx:TrackPointExtension><gpxtpx:speed>7674.53076259539193</gpxtpx:speed><gpxtpx:course>0.00000000000000</gpxtpx:course></gpxtpx:TrackPointExtension></extensions></trkpt>
      <trkpt lon="-74.42019880856901" lat="-82.51213642798082"><ele>520819.32974850293249</ele><time>2023-01-20T10:10:09.800Z</time><hdop>7.86327264004183</hdop><vdop>21.81402100188372</vdop><pdop>23.18798328622509</pdop><extensions><gpxtpx:TrackPointExtension><gpxtpx:speed>7674.33417687341989</gpxtpx:speed><gpxtpx:course>0.00000000000000</gpxtpx:course></gpxtpx:TrackPointExtension></extensions></trkpt>
      <trkpt lon="-74.46714004211753" lat="-82.51385362031928"><ele>520814.78065784275532</ele><time>2023-01-20T10:10:09.900Z</time><hdop>7.86199706034277</hdop><vdop>21.81344485598246</vdop><pdop>23.18700873898628</pdop><extensions><gpxtpx:TrackPointExtension><gpxtpx:speed>7674.17426218530181</gpxtpx:speed><gpxtpx:course>0.00000000000000</gpxtpx:course></gpxtpx:TrackPointExtension></extensions></trkpt>
      <trkpt lon="-74.51411628259360" lat="-82.51560821668131"><ele>520824.74745007511228</ele><time>2023-01-20T10:10:10.000Z</time><hdop>7.86070065405362</hdop><vdop>21.81286069701848</vdop><pdop>23.18601963598264</pdop><extensions><gpxtpx:TrackPointExtension><gpxtpx:speed>7674.66770118764816</gpxtpx:speed><gpxtpx:course>0.00000000000000</gpxtpx:course></gpxtpx:TrackPointExtension></extensions></trkpt>
      <trkpt lon="-74.56104994389430" lat="-82.51728305783637"><ele>520811.61594614386559</ele><time>2023-01-20T10:10:10.100Z</time><hdop>7.85944377549521</hdop><vdop>21.81228753802161</vdop><pdop>23.18505432604166</pdop><extensions><gpxtpx:TrackPointExtension><gpxtpx:speed>7673.45084207058699</gpxtpx:speed><gpxtpx:course>0.00000000000000</gpxtpx:course></gpxtpx:TrackPointExtension></extensions></trkpt>
      <trkpt lon="-74.60802541065185" lat="-82.51903227366384"><ele>520820.76440300326794</ele><time>2023-01-20T10:10:10.200Z</time><hdop>7.85814888927004</hdop><vdop>21.81170523303499</vdop><pdop>23.18406757104417</pdop><extensions><gpxtpx:TrackPointExtension><gpxtpx:speed>7674.56278304611169</gpxtpx:speed><gpxtpx:course>0.00000000000000</gpxtpx:course></gpxtpx:TrackPointExtension></extensions></trkpt>
      <trkpt lon="-74.65501388905835" lat="-82.52072703685361"><ele>520815.85341369733214</ele><time>2023-01-20T10:10:10.300Z</time><hdop>7.85687933332375</hdop><vdop>21.81112834915742</vdop><pdop>23.18309454585018</pdop><extensions><gpxtpx:TrackPointExtension><gpxtpx:speed>7674.15441868565267</gpxtpx:speed><gpxtpx:course>0.00000000000000</gpxtpx:course></gpxtpx:TrackPointExtension></extensions></trkpt>
      <trkpt lon="-74.70200879699549" lat="-82.52239686618239"><ele>520804.98107052501291</ele><time>2023-01-20T10:10:10.400Z</time><hdop>7.85562148639726</hdop><vdop>21.81055422199016</vdop><pdop>23.18212812508633</pdop><extensions><gpxtpx:TrackPointExtension><gpxtpx:speed>7674.20862161243804</gpxtpx:speed><gpxtpx:course>0.00000000000000</gpxtpx:course></gpxtpx:TrackPointExtension></extensions></trkpt>
      <trkpt lon="-74.74901552092540" lat="-82.52410963337320"><ele>520807.71702512726188</ele><time>2023-01-20T10:10:10.500Z</time><hdop>7.85434126260675</hdop><vdop>21.80997441089769</vdop><pdop>23.18114881694821</pdop><extensions><gpxtpx:TrackPointExtension><gpxtpx:speed>7674.20585824644968</gpxtpx:speed><gpxtpx:course>0.00000000000000</gpxtpx:course></gpxtpx:TrackPointExtension></extensions></trkpt>
      <trkpt lon="-74.79614695971370" lat="-82.52584345596649"><ele>520819.52339102420956</ele><time>2023-01-20T10:10:10.600Z</time><hdop>7.85304759904337</hdop><vdop>21.80938895727353</vdop><pdop>23.18015969061657</pdop><extensions><gpxtpx:TrackPointExtension><gpxtpx:speed>7674.43998354391078</gpxtpx:speed><gpxtpx:course>0.00000000000000</gpxtpx:course></gpxtpx:TrackPointExtension></extensions></trkpt>
      <trkpt lon="-74.84326140750608" lat="-82.52750517709109"><ele>520811.67927048262209</ele><time>2023-01-20T10:10:10.700Z</time><hdop>7.85178982513477</hdop><vdop>21.80881233998541</vdop><pdop>23.17919108033733</pdop><extensions><gpxtpx:TrackPointExtension><gpxtpx:speed>7673.77556121713951</gpxtpx:speed><gpxtpx:course>0.00000000000000</gpxtpx:course></gpxtpx:TrackPointExtension></extensions></trkpt>
      <trkpt lon="-74.89033783537820" lat="-82.52917370246882"><ele>520806.94879297725856</ele><time>2023-01-20T10:10:10.800Z</time><hdop>7.85052729188560</hdop><vdop>21.80823448664157</vdop><pdop>23.17821973717963</pdop><extensions><gpxtpx:TrackPointExtension><gpxtpx:speed>7673.07706317923294</gpxtpx:speed><gpxtpx:course>0.00000000000000</gpxtpx:course></gpxtpx:TrackPointExtension></extensions></trkpt>
      <trkpt lon="-74.93747844853735" lat="-82.53085678942277"><ele>520805.21485353074968</ele><time>2023-01-20T10:10:10.900Z</time><hdop>7.84925670016352</hdop><vdop>21.80765677065387</vdop><pdop>23.17724583663270</pdop><extensions><gpxtpx:TrackPointExtension><gpxtpx:speed>7673.76509236970196</gpxtpx:speed><gpxtpx:course>0.00000000000000</gpxtpx:course></gpxtpx:TrackPointExtension></extensions></trkpt>
      <trkpt lon="-74.98461555641606" lat="-82.53253521658868"><ele>520806.75305694993585</ele><time>2023-01-20T10:10:11.000Z</time><hdop>7.84798660872900</hdop><vdop>21.80707554394212</vdop><pdop>23.17626884530787</pdop><extensions><gpxtpx:TrackPointExtension><gpxtpx:speed>7674.84550339857742</gpxtpx:speed><gpxtpx:course>0.00000000000000</gpxtpx:course></gpxtpx:TrackPointExtension></extensions></trkpt>
      <trkpt lon="-75.03175288727911" lat="-82.53424023887563"><ele>520820.29442132916301</ele><time>2023-01-20T10:10:11.100Z</time><hdop>7.84670116907085</hdop><vdop>21.80648723062170</vdop><pdop>23.17528003230954</pdop><extensions><gpxtpx:TrackPointExtension><gpxtpx:speed>7674.00459157849309</gpxtpx:speed><gpxtpx:course>0.00000000000000</gpxtpx:course></gpxtpx:TrackPointExtension></extensions></trkpt>
      <trkpt lon="-75.07896424028652" lat="-82.53590776643955"><ele>520820.04008196666837</ele><time>2023-01-20T10:10:11.200Z</time><hdop>7.84543465175313</hdop><vdop>21.80590752818946</vdop><pdop>23.17430577175675</pdop><extensions><gpxtpx:TrackPointExtension><gpxtpx:speed>7674.09366377430615</gpxtpx:speed><gpxtpx:course>0.00000000000000</gpxtpx:course></gpxtpx:TrackPointExtension></extensions></trkpt>
      <trkpt lon="-75.12617698382982" lat="-82.53754509256076"><ele>520813.81548440270126</ele><time>2023-01-20T10:10:11.300Z</time><hdop>7.84418094740274</hdop><vdop>21.80532920071020</vdop><pdop>23.17333718494039</pdop><extensions><gpxtpx:TrackPointExtension><gpxtpx:speed>7674.08141165120196</gpxtpx:speed><gpxtpx:course>0.00000000000000</gpxtpx:course></gpxtpx:TrackPointExtension></extensions></trkpt>
      <trkpt lon="-75.17343707247161" lat="-82.53920147360168"><ele>520811.69506495352834</ele><time>2023-01-20T10:10:11.400Z</time><hdop>7.84291758389718</hdop><vdop>21.80475092647559</vdop><pdop>23.17236542076449</pdop><extensions><gpxtpx:TrackPointExtension><gpxtpx:speed>7673.98789420641879</gpxtpx:speed><gpxtpx:course>0.00000000000000</gpxtpx:course></gpxtpx:TrackPointExtension></extensions></trkpt>
      <trkpt lon="-75.22067778329028" lat="-82.54090904178605"><ele>520829.62608978804201</ele><time>2023-01-20T10:10:11.500Z</time><hdop>7.84162628161461</hdop><vdop>21.80416144740522</vdop><pdop>23.17137370043091</pdop><extensions><gpxtpx:TrackPointExtension><gpxtpx:speed>7673.11064261424781</gpxtpx:speed><gpxtpx:course>0.00000000000000</gpxtpx:course></gpxtpx:TrackPointExtension></extensions></trkpt>
      <trkpt lon="-75.26794772778572" lat="-82.54253101223483"><ele>520821.79812226723880</ele><time>2023-01-20T10:10:11.600Z</time><hdop>7.84037745185965</hdop><vdop>21.80358457938256</vdop><pdop>23.17040826351401</pdop><extensions><gpxtpx:TrackPointExtension><gpxtpx:speed>7674.12409456127079</gpxtpx:speed><gpxtpx:course>0.00000000000000</gpxtpx:course></gpxtpx:TrackPointExtension></extensions></trkpt>
      <trkpt lon="-75.31523756315197" lat="-82.54418886923187"><ele>520827.07486229110509</ele><time>2023-01-20T10:10:11.700Z</time><hdop>7.83910882250270</hdop><vdop>21.80300098254827</vdop><pdop>23.16942983709441</pdop><extensions><gpxtpx:TrackPointExtension><gpxtpx:speed>7673.94009581662431</gpxtpx:speed><gpxtpx:course>0.00000000000000</gpxtpx:course></gpxtpx:TrackPointExtension></extensions></trkpt>
      <trkpt lon="-75.36257972105305" lat="-82.54580211804584"><ele>520822.71133122313768</ele><time>2023-01-20T10:10:11.800Z</time><hdop>7.83786086540370</hdop><vdop>21.80242021854631</vdop><pdop>23.16846111271752</pdop><extensions><gpxtpx:TrackPointExtension><gpxtpx:speed>7673.88911820977319</gpxtpx:speed><gpxtpx:course>0.00000000000000</gpxtpx:course></gpxtpx:TrackPointExtension></extensions></trkpt>
      <trkpt lon="-75.40983860090836" lat="-82.54745415806134"><ele>520829.65468826796860</ele><time>2023-01-20T10:10:11.900Z</time><hdop>7.83659259684261</hdop><vdop>21.80183547069390</vdop><pdop>23.16748181007369</pdop><extensions><gpxtpx:TrackPointExtension><gpxtpx:speed>7673.99678255625167</gpxtpx:speed><gpxtpx:course>0.00000000000000</gpxtpx:course></gpxtpx:TrackPointExtension></extensions></trkpt>
      <trkpt lon="-75.45723908195228" lat="-82.54903512528595"><ele>520813.84701309073716</ele><time>2023-01-20T10:10:12.000Z</time><hdop>7.83535946600744</hdop><vdop>21.80126260754965</vdop><pdop>23.16652561876500</pdop><extensions><gpxtpx:TrackPointExtension><gpxtpx:speed>7674.22194508535176</gpxtpx:speed><gpxtpx:course>0.00000000000000</gpxtpx:course></gpxtpx:TrackPointExtension></extensions></trkpt>
      <trkpt lon="-75.50462428278296" lat="-82.55064177391738"><ele>520806.56979624088854</ele><time>2023-01-20T10:10:12.100Z</time><hdop>7.83411245924459</hdop><vdop>21.80068615449023</vdop><pdop>23.16556139683805</pdop><extensions><gpxtpx:TrackPointExtension><gpxtpx:speed>7674.29319732214481</gpxtpx:speed><gpxtpx:course>0.00000000000000</gpxtpx:course></gpxtpx:TrackPointExtension></extensions></trkpt>
      <trkpt lon="-75.55198687970906" lat="-82.55225275885651"><ele>520807.56481913290918</ele><time>2023-01-20T10:10:12.200Z</time><hdop>7.83286047526450</hdop><vdop>21.80010240562033</vdop><pdop>23.16458866719834</pdop><extensions><gpxtpx:TrackPointExtension><gpxtpx:speed>7673.29130996565073</gpxtpx:speed><gpxtpx:course>0.00000000000000</gpxtpx:course></gpxtpx:TrackPointExtension></extensions></trkpt>
      <trkpt lon="-75.59946589357314" lat="-82.55383764296336"><ele>520798.25288606155664</ele><time>2023-01-20T10:10:12.300Z</time><hdop>7.83162094570418</hdop><vdop>21.79952551073201</vdop><pdop>23.16362664027911</pdop><extensions><gpxtpx:TrackPointExtension><gpxtpx:speed>7673.56116116455360</gpxtpx:speed><gpxtpx:course>0.00000000000000</gpxtpx:course></gpxtpx:TrackPointExtension></extensions></trkpt>
      <trkpt lon="-75.64688997551228" lat="-82.55552734821580"><ele>520825.43834221642464</ele><time>2023-01-20T10:10:12.400Z</time><hdop>7.83032685978741</hdop><vdop>21.79892999987079</vdop><pdop>23.16262869085404</pdop><extensions><gpxtpx:TrackPointExtension><gpxtpx:speed>7674.47332534994257</gpxtpx:speed><gpxtpx:course>0.00000000000000</gpxtpx:course></gpxtpx:TrackPointExtension></extensions></trkpt>
      <trkpt lon="-75.69437785184620" lat="-82.55720592197849"><ele>520847.66706144437194</ele><time>2023-01-20T10:10:12.500Z</time><hdop>7.82903802647924</hdop><vdop>21.79833845082397</vdop><pdop>23.16163629013996</pdop><extensions><gpxtpx:TrackPointExtension><gpxtpx:speed>7673.70484280372875</gpxtpx:speed><gpxtpx:course>0.00000000000000</gpxtpx:course></gpxtpx:TrackPointExtension></extensions></trkpt>
      <trkpt lon="-75.74180219445526" lat="-82.55870144127640"><ele>520816.97181982081383</ele><time>2023-01-20T10:10:12.600Z</time><hdop>7.82784022526387</hdop><vdop>21.79777058195235</vdop><pdop>23.16069698726025</pdop><extensions><gpxtpx:TrackPointExtension><gpxtpx:speed>7673.84693111534489</gpxtpx:speed><gpxtpx:course>0.00000000000000</gpxtpx:course></gpxtpx:TrackPointExtension></extensions></trkpt>
      <trkpt lon="-75.78928536631932" lat="-82.56033046965625"><ele>520829.69909667409956</ele><time>2023-01-20T10:10:12.700Z</time><hdop>7.82657252152433</hdop><vdop>21.79718145200616</vdop><pdop>23.15971408904611</pdop><extensions><gpxtpx:TrackPointExtension><gpxtpx:speed>7674.11448668268076</gpxtpx:speed><gpxtpx:course>0.00000000000000</gpxtpx:course></gpxtpx:TrackPointExtension></extensions></trkpt>
      <trkpt lon="-75.83676942381597" lat="-82.56187881979243"><ele>520816.79581520985812</ele><time>2023-01-20T10:10:12.800Z</time><hdop>7.82534572616890</hdop><vdop>21.79660592599904</vdop><pdop>23.15875786019980</pdop><extensions><gpxtpx:TrackPointExtension><gpxtpx:speed>7673.53180482900370</gpxtpx:speed><gpxtpx:course>0.00000000000000</gpxtpx:course></gpxtpx:TrackPointExtension></extensions></trkpt>
      <trkpt lon="-75.88437439090447" lat="-82.56350922887569"><ele>520832.60819602105767</ele><time>2023-01-20T10:10:12.900Z</time><hdop>7.82407527206183</hdop><vdop>21.79601538544379</vdop><pdop>23.15777278896639</pdop><extensions><gpxtpx:TrackPointExtension><gpxtpx:speed>7674.72098342625941</gpxtpx:speed><gpxtpx:course>0.00000000000000</gpxtpx:course></gpxtpx:TrackPointExtension></extensions></trkpt>
      <trkpt lon="-75.93191359468852" lat="-82.56505369841483"><ele>520824.56311732996255</ele><time>2023-01-20T10:10:13.000Z</time><hdop>7.82284707879134</hdop><vdop>21.79543546857513</vdop><pdop>23.15681203626650</pdop><extensions><gpxtpx:TrackPointExtension><gpxtpx:speed>7673.56495585046923</gpxtpx:speed><gpxtpx:course>0.00000000000000</gpxtpx:course></gpxtpx:TrackPointExtension></extensions></trkpt>
      <trkpt lon="-75.97948393953720" lat="-82.56658745609506"><ele>520812.05691924132407</ele><time>2023-01-20T10:10:13.100Z</time><hdop>7.82162316070165</hdop><vdop>21.79485904333844</vdop><pdop>23.15585605385852</pdop><extensions><gpxtpx:TrackPointExtension><gpxtpx:speed>7674.19727805050115</gpxtpx:speed><gpxtpx:course>0.00000000000000</gpxtpx:course></gpxtpx:TrackPointExtension></extensions></trkpt>
      <trkpt lon="-76.02705235888219" lat="-82.56815113655431"><ele>520809.97519561275840</ele><time>2023-01-20T10:10:13.200Z</time><hdop>7.82038327759883</hdop><vdop>21.79427783445329</vdop><pdop>23.15489021640762</pdop><extensions><gpxtpx:TrackPointExtension><gpxtpx:speed>7673.20041776255766</gpxtpx:speed><gpxtpx:course>0.00000000000000</gpxtpx:course></gpxtpx:TrackPointExtension></extensions></trkpt>
      <trkpt lon="-76.07467151502398" lat="-82.56972103995648"><ele>520813.94011705461890</ele><time>2023-01-20T10:10:13.300Z</time><hdop>7.81913794053858</hdop><vdop>21.79369202995127</vdop><pdop>23.15391825219938</pdop><extensions><gpxtpx:TrackPointExtension><gpxtpx:speed>7674.73319859257026</gpxtpx:speed><gpxtpx:course>0.00000000000000</gpxtpx:course></gpxtpx:TrackPointExtension></extensions></trkpt>
      <trkpt lon="-76.12236055115106" lat="-82.57139003438134"><ele>520849.90462667960674</ele><time>2023-01-20T10:10:13.400Z</time><hdop>7.81784058279124</hdop><vdop>21.79309084747588</vdop><pdop>23.15291428879472</pdop><extensions><gpxtpx:TrackPointExtension><gpxtpx:speed>7674.13674278253347</gpxtpx:speed><gpxtpx:course>0.00000000000000</gpxtpx:course></gpxtpx:TrackPointExtension></extensions></trkpt>
      <trkpt lon="-76.17008138208107" lat="-82.57309825157088"><ele>520900.91356102377176</ele><time>2023-01-20T10:10:13.500Z</time><hdop>7.81652304229107</hdop><vdop>21.79248204181822</vdop><pdop>23.15189638050492</pdop><extensions><gpxtpx:TrackPointExtension><gpxtpx:speed>7673.51001028399060</gpxtpx:speed><gpxtpx:course>0.00000000000000</gpxtpx:course></gpxtpx:TrackPointExtension></extensions></trkpt>
      <trkpt lon="-76.21771122586998" lat="-82.57451191768830"><ele>520856.46326697990298</ele><time>2023-01-20T10:10:13.600Z</time><hdop>7.81535513648284</hdop><vdop>21.79192192186295</vdop><pdop>23.15097485977470</pdop><extensions><gpxtpx:TrackPointExtension><gpxtpx:speed>7674.47376261824684</gpxtpx:speed><gpxtpx:course>0.00000000000000</gpxtpx:course></gpxtpx:TrackPointExtension></extensions></trkpt>
      <trkpt lon="-76.26536569276014" lat="-82.57596236505751"><ele>520826.43250611890107</ele><time>2023-01-20T10:10:13.700Z</time><hdop>7.81416551152474</hdop><vdop>21.79135347721253</vdop><pdop>23.15003820753489</pdop><extensions><gpxtpx:TrackPointExtension><gpxtpx:speed>7674.30229055959717</gpxtpx:speed><gpxtpx:course>0.00000000000000</gpxtpx:course></gpxtpx:TrackPointExtension></extensions></trkpt>
      <trkpt lon="-76.31305058418042" lat="-82.57748240501837"><ele>520820.01861690822989</ele><time>2023-01-20T10:10:13.800Z</time><hdop>7.81293870195898</hdop><vdop>21.79077328340363</vdop><pdop>23.14907798270302</pdop><extensions><gpxtpx:TrackPointExtension><gpxtpx:speed>7673.97847345724767</gpxtpx:speed><gpxtpx:course>0.00000000000000</gpxtpx:course></gpxtpx:TrackPointExtension></extensions></trkpt>
      <trkpt lon="-76.36079814414573" lat="-82.57897983892327"><ele>520810.21797248627990</ele><time>2023-01-20T10:10:13.900Z</time><hdop>7.81172290667626</hdop><vdop>21.79019372419082</vdop><pdop>23.14812211192207</pdop><extensions><gpxtpx:TrackPointExtension><gpxtpx:speed>7674.30414799136815</gpxtpx:speed><gpxtpx:course>0.00000000000000</gpxtpx:course></gpxtpx:TrackPointExtension></extensions></trkpt>
      <trkpt lon="-76.40858370894232" lat="-82.58058091658742"><ele>520833.64724976569414</ele><time>2023-01-20T10:10:14.000Z</time><hdop>7.81045235884541</hdop><vdop>21.78959824377030</vdop><pdop>23.14713281758049</pdop><extensions><gpxtpx:TrackPointExtension><gpxtpx:speed>7674.33993801333872</gpxtpx:speed><gpxtpx:course>0.00000000000000</gpxtpx:course></gpxtpx:TrackPointExtension></extensions></trkpt>
      <trkpt lon="-76.45643024717839" lat="-82.58211436251312"><ele>520836.42247990984470</ele><time>2023-01-20T10:10:14.100Z</time><hdop>7.80921584143866</hdop><vdop>21.78901343798587</vdop><pdop>23.14616509616453</pdop><extensions><gpxtpx:TrackPointExtension><gpxtpx:speed>7673.97076749156167</gpxtpx:speed><gpxtpx:course>0.00000000000000</gpxtpx:course></gpxtpx:TrackPointExtension></extensions></trkpt>
      <trkpt lon="-76.50416441947206" lat="-82.58369415601369"><ele>520860.57758689299226</ele><time>2023-01-20T10:10:14.200Z</time><hdop>7.80795321594074</hdop><vdop>21.78841511483912</vdop><pdop>23.14517588265143</pdop><extensions><gpxtpx:TrackPointExtension><gpxtpx:speed>7673.46860572954029</gpxtpx:speed><gpxtpx:course>0.00000000000000</gpxtpx:course></gpxtpx:TrackPointExtension></extensions></trkpt>
      <trkpt lon="-76.55195807253348" lat="-82.58520472737295"><ele>520860.63431757502258</ele><time>2023-01-20T10:10:14.300Z</time><hdop>7.80672587944962</hdop><vdop>21.78783081093443</vdop><pdop>23.14421181208754</pdop><extensions><gpxtpx:TrackPointExtension><gpxtpx:speed>7673.59639661230995</gpxtpx:speed><gpxtpx:course>0.00000000000000</gpxtpx:course></gpxtpx:TrackPointExtension></extensions></trkpt>
      <trkpt lon="-76.59978655825321" lat="-82.58663973781525"><ele>520835.19661046657711</ele><time>2023-01-20T10:10:14.400Z</time><hdop>7.80553536924037</hdop><vdop>21.78726023591910</vdop><pdop>23.14327312607541</pdop><extensions><gpxtpx:TrackPointExtension><gpxtpx:speed>7674.81516640127575</gpxtpx:speed><gpxtpx:course>0.00000000000000</gpxtpx:course></gpxtpx:TrackPointExtension></extensions></trkpt>
      <trkpt lon="-76.64770146002787" lat="-82.58813709723316"><ele>520833.23766947537661</ele><time>2023-01-20T10:10:14.500Z</time><hdop>7.80431104072296</hdop><vdop>21.78667673213501</vdop><pdop>23.14231090126704</pdop><extensions><gpxtpx:TrackPointExtension><gpxtpx:speed>7673.18480434039247</gpxtpx:speed><gpxtpx:course>0.00000000000000</gpxtpx:course></gpxtpx:TrackPointExtension></extensions></trkpt>
      <trkpt lon="-76.69552847335640" lat="-82.58959766909321"><ele>520822.48121942952275</ele><time>2023-01-20T10:10:14.600Z</time><hdop>7.80310432863903</hdop><vdop>21.78609689534409</vdop><pdop>23.14135810830787</pdop><extensions><gpxtpx:TrackPointExtension><gpxtpx:speed>7673.93273109087841</gpxtpx:speed><gpxtpx:course>0.00000000000000</gpxtpx:course></gpxtpx:TrackPointExtension></extensions></trkpt>
      <trkpt lon="-76.74337108416201" lat="-82.59112470445589"><ele>520836.72376666776836</ele><time>2023-01-20T10:10:14.700Z</time><hdop>7.80186219325024</hdop><vdop>21.78550350092966</vdop><pdop>23.14038064664205</pdop><extensions><gpxtpx:TrackPointExtension><gpxtpx:speed>7674.44419751403530</gpxtpx:speed><gpxtpx:course>0.00000000000000</gpxtpx:course></gpxtpx:TrackPointExtension></extensions></trkpt>
      <trkpt lon="-76.79131904815506" lat="-82.59263390649308"><ele>520842.39417542796582</ele><time>2023-01-20T10:10:14.800Z</time><hdop>7.80062791362781</hdop><vdop>21.78491641944466</vdop><pdop>23.13941181726663</pdop><extensions><gpxtpx:TrackPointExtension><gpxtpx:speed>7673.66387445286728</gpxtpx:speed><gpxtpx:course>0.00000000000000</gpxtpx:course></gpxtpx:TrackPointExtension></extensions></trkpt>
      <trkpt lon="-76.83921682769591" lat="-82.59400663301226"><ele>520805.75247040018439</ele><time>2023-01-20T10:10:14.900Z</time><hdop>7.79946338008467</hdop><vdop>21.78435069883633</vdop><pdop>23.13848664859421</pdop><extensions><gpxtpx:TrackPointExtension><gpxtpx:speed>7674.04485754742109</gpxtpx:speed><gpxtpx:course>0.00000000000000</gpxtpx:course></gpxtpx:TrackPointExtension></extensions></trkpt>
      <trkpt lon="-76.88699419505004" lat="-82.59542059790711"><ele>520789.97908008284867</ele><time>2023-01-20T10:10:15.000Z</time><hdop>7.79827494230209</hdop><vdop>21.78377116416232</vdop><pdop>23.13754045287283</pdop><extensions><gpxtpx:TrackPointExtension><gpxtpx:speed>7673.66581982524076</gpxtpx:speed><gpxtpx:course>0.00000000000000</gpxtpx:course></gpxtpx:TrackPointExtension></extensions></trkpt>
      <trkpt lon="-76.93494989208551" lat="-82.59693574807032"><ele>520800.71714391559362</ele><time>2023-01-20T10:10:15.100Z</time><hdop>7.79703330952087</hdop><vdop>21.78318201748704</vdop><pdop>23.13656731749004</pdop><extensions><gpxtpx:TrackPointExtension><gpxtpx:speed>7672.76684807779111</gpxtpx:speed><gpxtpx:course>0.00000000000000</gpxtpx:course></gpxtpx:TrackPointExtension></extensions></trkpt>
      <trkpt lon="-76.98302944722984" lat="-82.59848609745200"><ele>520827.56911626365036</ele><time>2023-01-20T10:10:15.200Z</time><hdop>7.79577370115757</hdop><vdop>21.78258351569584</vdop><pdop>23.13557935773219</pdop><extensions><gpxtpx:TrackPointExtension><gpxtpx:speed>7673.58832096314563</gpxtpx:speed><gpxtpx:course>0.00000000000000</gpxtpx:course></gpxtpx:TrackPointExtension></extensions></trkpt>
      <trkpt lon="-77.03107751446852" lat="-82.60000200757570"><ele>520843.56145824491978</ele><time>2023-01-20T10:10:15.300Z</time><hdop>7.79453022370481</hdop><vdop>21.78199102728414</vdop><pdop>23.13460253648060</pdop><extensions><gpxtpx:TrackPointExtension><gpxtpx:speed>7674.13577546978104</gpxtpx:speed><gpxtpx:course>0.00000000000000</gpxtpx:course></gpxtpx:TrackPointExtension></extensions></trkpt>
      <trkpt lon="-77.07913695469460" lat="-82.60154830070758"><ele>520870.07832752261311</ele><time>2023-01-20T10:10:15.400Z</time><hdop>7.79326964656630</hdop><vdop>21.78139349127744</vdop><pdop>23.13361524288745</pdop><extensions><gpxtpx:TrackPointExtension><gpxtpx:speed>7673.99683529281174</gpxtpx:speed><gpxtpx:course>0.00000000000000</gpxtpx:course></gpxtpx:TrackPointExtension></extensions></trkpt>
      <trkpt lon="-77.12721670294115" lat="-82.60299096598368"><ele>520869.49852350912988</ele><time>2023-01-20T10:10:15.500Z</time><hdop>7.79205950410033</hdop><vdop>21.78080661192442</vdop><pdop>23.13265501367041</pdop><extensions><gpxtpx:TrackPointExtension><gpxtpx:speed>7673.50670557122248</gpxtpx:speed><gpxtpx:course>0.00000000000000</gpxtpx:course></gpxtpx:TrackPointExtension></extensions></trkpt>
      <trkpt lon="-77.17517946350709" lat="-82.60430511103256"><ele>520828.92576367687434</ele><time>2023-01-20T10:10:15.600Z</time><hdop>7.79091346110358</hdop><vdop>21.78023965547774</vdop><pdop>23.13173517072271</pdop><extensions><gpxtpx:TrackPointExtension><gpxtpx:speed>7673.37036176455240</gpxtpx:speed><gpxtpx:course>0.00000000000000</gpxtpx:course></gpxtpx:TrackPointExtension></extensions></trkpt>
      <trkpt lon="-77.22339211713684" lat="-82.60583448518443"><ele>520857.88459256384522</ele><time>2023-01-20T10:10:15.700Z</time><hdop>7.78965660333262</hdop><vdop>21.77963875856229</vdop><pdop>23.13074608505554</pdop><extensions><gpxtpx:TrackPointExtension><gpxtpx:speed>7673.50163601056374</gpxtpx:speed><gpxtpx:course>0.00000000000000</gpxtpx:course></gpxtpx:TrackPointExtension></extensions></trkpt>
      <trkpt lon="-77.27144840215996" lat="-82.60726178939490"><ele>520854.05487535335124</ele><time>2023-01-20T10:10:15.800Z</time><hdop>7.78845139511504</hdop><vdop>21.77905518758244</vdop><pdop>23.12979074695297</pdop><extensions><gpxtpx:TrackPointExtension><gpxtpx:speed>7673.40023667781952</gpxtpx:speed><gpxtpx:course>0.00000000000000</gpxtpx:course></gpxtpx:TrackPointExtension></extensions></trkpt>
      <trkpt lon="-77.31946417853374" lat="-82.60862889494642"><ele>520834.70779490470886</ele><time>2023-01-20T10:10:15.900Z</time><hdop>7.78727481565277</hdop><vdop>21.77847776742052</vdop><pdop>23.12885087764910</pdop><extensions><gpxtpx:TrackPointExtension><gpxtpx:speed>7673.84274109016769</gpxtpx:speed><gpxtpx:course>0.00000000000000</gpxtpx:course></gpxtpx:TrackPointExtension></extensions></trkpt>
      <trkpt lon="-77.36766670828462" lat="-82.61008251295921"><ele>520843.24846338666975</ele><time>2023-01-20T10:10:16.000Z</time><hdop>7.78605242905825</hdop><vdop>21.77788712944945</vdop><pdop>23.12788317704593</pdop><extensions><gpxtpx:TrackPointExtension><gpxtpx:speed>7674.33282720621082</gpxtpx:speed><gpxtpx:course>0.00000000000000</gpxtpx:course></gpxtpx:TrackPointExtension></extensions></trkpt>
      <trkpt lon="-77.41574127380555" lat="-82.61151285078701"><ele>520848.29581793118268</ele><time>2023-01-20T10:10:16.100Z</time><hdop>7.78484129788538</hdop><vdop>21.77729708965736</vdop><pdop>23.12691986764473</pdop><extensions><gpxtpx:TrackPointExtension><gpxtpx:speed>7674.72264088927659</gpxtpx:speed><gpxtpx:course>0.00000000000000</gpxtpx:course></gpxtpx:TrackPointExtension></extensions></trkpt>
      <trkpt lon="-77.46392898835511" lat="-82.61298827249473"><ele>520869.54634960275143</ele><time>2023-01-20T10:10:16.200Z</time><hdop>7.78360527575713</hdop><vdop>21.77669879218434</vdop><pdop>23.12594044302453</pdop><extensions><gpxtpx:TrackPointExtension><gpxtpx:speed>7673.82933586195395</gpxtpx:speed><gpxtpx:course>0.00000000000000</gpxtpx:course></gpxtpx:TrackPointExtension></extensions></trkpt>
      <trkpt lon="-77.51213771429227" lat="-82.61439761363211"><ele>520866.51283373404294</ele><time>2023-01-20T10:10:16.300Z</time><hdop>7.78240251152420</hdop><vdop>21.77611496510746</vdop><pdop>23.12498587729202</pdop><extensions><gpxtpx:TrackPointExtension><gpxtpx:speed>7674.25357305697526</gpxtpx:speed><gpxtpx:course>0.00000000000000</gpxtpx:course></gpxtpx:TrackPointExtension></extensions></trkpt>
      <trkpt lon="-77.56039304526088" lat="-82.61575835470738"><ele>520848.71748985629529</ele><time>2023-01-20T10:10:16.400Z</time><hdop>7.78122257360846</hdop><vdop>21.77553844621617</vdop><pdop>23.12404591248410</pdop><extensions><gpxtpx:TrackPointExtension><gpxtpx:speed>7674.27676951404646</gpxtpx:speed><gpxtpx:course>0.00000000000000</gpxtpx:course></gpxtpx:TrackPointExtension></extensions></trkpt>
      <trkpt lon="-77.60859783607431" lat="-82.61712494836640"><ele>520833.98146778251976</ele><time>2023-01-20T10:10:16.500Z</time><hdop>7.78003889801293</hdop><vdop>21.77496077441670</vdop><pdop>23.12310364077409</pdop><extensions><gpxtpx:TrackPointExtension><gpxtpx:speed>7674.07067665437626</gpxtpx:speed><gpxtpx:course>0.00000000000000</gpxtpx:course></gpxtpx:TrackPointExtension></extensions></trkpt>
      <trkpt lon="-77.65679743161377" lat="-82.61848751464245"><ele>520824.34858661796898</ele><time>2023-01-20T10:10:16.600Z</time><hdop>7.77885534486658</hdop><vdop>21.77437798394651</vdop><pdop>23.12215662658080</pdop><extensions><gpxtpx:TrackPointExtension><gpxtpx:speed>7673.59437942612294</gpxtpx:speed><gpxtpx:course>0.00000000000000</gpxtpx:course></gpxtpx:TrackPointExtension></extensions></trkpt>
      <trkpt lon="-77.70511222918935" lat="-82.61994922803582"><ele>520852.80234814621508</ele><time>2023-01-20T10:10:16.700Z</time><hdop>7.77761835250162</hdop><vdop>21.77377327359036</vdop><pdop>23.12117103018114</pdop><extensions><gpxtpx:TrackPointExtension><gpxtpx:speed>7673.49065686619088</gpxtpx:speed><gpxtpx:course>0.00000000000000</gpxtpx:course></gpxtpx:TrackPointExtension></extensions></trkpt>
      <trkpt lon="-77.75333310460921" lat="-82.62130516774371"><ele>520840.52064479794353</ele><time>2023-01-20T10:10:16.800Z</time><hdop>7.77643615855423</hdop><vdop>21.77319360311112</vdop><pdop>23.12022748604842</pdop><extensions><gpxtpx:TrackPointExtension><gpxtpx:speed>7672.99466144933194</gpxtpx:speed><gpxtpx:course>0.00000000000000</gpxtpx:course></gpxtpx:TrackPointExtension></extensions></trkpt>
      <trkpt lon="-77.80160551151056" lat="-82.62270315249535"><ele>520847.02296256553382</ele><time>2023-01-20T10:10:16.900Z</time><hdop>7.77523024677843</hdop><vdop>21.77260237327723</vdop><pdop>23.11926511581316</pdop><extensions><gpxtpx:TrackPointExtension><gpxtpx:speed>7674.38950329998352</gpxtpx:speed><gpxtpx:course>0.00000000000000</gpxtpx:course></gpxtpx:TrackPointExtension></extensions></trkpt>
      <trkpt lon="-77.84994637047086" lat="-82.62408955969725"><ele>520849.65336361713707</ele><time>2023-01-20T10:10:17.000Z</time><hdop>7.77402962091161</hdop><vdop>21.77201416219815</vdop><pdop>23.11830740399842</pdop><extensions><gpxtpx:TrackPointExtension><gpxtpx:speed>7673.94926728270093</gpxtpx:speed><gpxtpx:course>0.00000000000000</gpxtpx:course></gpxtpx:TrackPointExtension></extensions></trkpt>
      <trkpt lon="-77.89828080700795" lat="-82.62544025131736"><ele>520841.23289791308343</ele><time>2023-01-20T10:10:17.100Z</time><hdop>7.77284469750872</hdop><vdop>21.77143136477085</vdop><pdop>23.11736010799065</pdop><extensions><gpxtpx:TrackPointExtension><gpxtpx:speed>7673.55434722472455</gpxtpx:speed><gpxtpx:course>0.00000000000000</gpxtpx:course></gpxtpx:TrackPointExtension></extensions></trkpt>
      <trkpt lon="-77.94664168520187" lat="-82.62682434601908"><ele>520851.10144171118736</ele><time>2023-01-20T10:10:17.200Z</time><hdop>7.77164187851452</hdop><vdop>21.77083678978099</vdop><pdop>23.11639574014864</pdop><extensions><gpxtpx:TrackPointExtension><gpxtpx:speed>7674.20841926957837</gpxtpx:speed><gpxtpx:course>0.00000000000000</gpxtpx:course></gpxtpx:TrackPointExtension></extensions></trkpt>
      <trkpt lon="-77.99496037098386" lat="-82.62817011040427"><ele>520846.26627152226865</ele><time>2023-01-20T10:10:17.300Z</time><hdop>7.77045651086544</hdop><vdop>21.77025100606559</vdop><pdop>23.11544555604219</pdop><extensions><gpxtpx:TrackPointExtension><gpxtpx:speed>7674.12850381196677</gpxtpx:speed><gpxtpx:course>0.00000000000000</gpxtpx:course></gpxtpx:TrackPointExtension></extensions></trkpt>
      <trkpt lon="-78.04324931559724" lat="-82.62951396928362"><ele>520843.11272482573986</ele><time>2023-01-20T10:10:17.400Z</time><hdop>7.76927190781189</hdop><vdop>21.76966437119409</vdop><pdop>23.11449486387173</pdop><extensions><gpxtpx:TrackPointExtension><gpxtpx:speed>7674.17882045555780</gpxtpx:speed><gpxtpx:course>0.00000000000000</gpxtpx:course></gpxtpx:TrackPointExtension></extensions></trkpt>
      <trkpt lon="-78.09175515435655" lat="-82.63090566014853"><ele>520857.69579410180449</ele><time>2023-01-20T10:10:17.500Z</time><hdop>7.76806022249799</hdop><vdop>21.76906799353376</vdop><pdop>23.11352593023080</pdop><extensions><gpxtpx:TrackPointExtension><gpxtpx:speed>7673.83174415359736</gpxtpx:speed><gpxtpx:course>0.00000000000000</gpxtpx:course></gpxtpx:TrackPointExtension></extensions></trkpt>
      <trkpt lon="-78.14019115990139" lat="-82.63226263235350"><ele>520863.81648972630501</ele><time>2023-01-20T10:10:17.600Z</time><hdop>7.76686525194690</hdop><vdop>21.76847535297149</vdop><pdop>23.11256617156189</pdop><extensions><gpxtpx:TrackPointExtension><gpxtpx:speed>7673.73761410117550</gpxtpx:speed><gpxtpx:course>0.00000000000000</gpxtpx:course></gpxtpx:TrackPointExtension></extensions></trkpt>
      <trkpt lon="-78.18860974769964" lat="-82.63359341795243"><ele>520858.71462623495609</ele><time>2023-01-20T10:10:17.700Z</time><hdop>7.76568347212614</hdop><vdop>21.76789078341466</vdop><pdop>23.11161848395568</pdop><extensions><gpxtpx:TrackPointExtension><gpxtpx:speed>7674.22476360987457</gpxtpx:speed><gpxtpx:course>0.00000000000000</gpxtpx:course></gpxtpx:TrackPointExtension></extensions></trkpt>
      <trkpt lon="-78.23709306792738" lat="-82.63490124112126"><ele>520848.38690777216107</ele><time>2023-01-20T10:10:17.800Z</time><hdop>7.76451133287396</hdop><vdop>21.76730815062106</vdop><pdop>23.11067589583702</pdop><extensions><gpxtpx:TrackPointExtension><gpxtpx:speed>7674.01397050235482</gpxtpx:speed><gpxtpx:course>0.00000000000000</gpxtpx:course></gpxtpx:TrackPointExtension></extensions></trkpt>
      <trkpt lon="-78.28560162893351" lat="-82.63626747425644"><ele>520862.31921150628477</ele><time>2023-01-20T10:10:17.900Z</time><hdop>7.76330684961116</hdop><vdop>21.76671102469247</vdop><pdop>23.10970882710745</pdop><extensions><gpxtpx:TrackPointExtension><gpxtpx:speed>7673.87061610308683</gpxtpx:speed><gpxtpx:course>0.00000000000000</gpxtpx:course></gpxtpx:TrackPointExtension></extensions></trkpt>
      <trkpt lon="-78.33407962056012" lat="-82.63761835187861"><ele>520877.69736828748137</ele><time>2023-01-20T10:10:18.000Z</time><hdop>7.76210813014744</hdop><vdop>21.76611050878621</vdop><pdop>23.10874053912923</pdop><extensions><gpxtpx:TrackPointExtension><gpxtpx:speed>7673.93568401738867</gpxtpx:speed><gpxtpx:course>0.00000000000000</gpxtpx:course></gpxtpx:TrackPointExtension></extensions></trkpt>
      <trkpt lon="-78.38246663567561" lat="-82.63884604804613"><ele>520839.93875802494586</ele><time>2023-01-20T10:10:18.100Z</time><hdop>7.76097544991195</hdop><vdop>21.76554542494374</vdop><pdop>23.10782784208472</pdop><extensions><gpxtpx:TrackPointExtension><gpxtpx:speed>7673.89354185434877</gpxtpx:speed><gpxtpx:course>0.00000000000000</gpxtpx:course></gpxtpx:TrackPointExtension></extensions></trkpt>
      <trkpt lon="-78.43104285614750" lat="-82.64019536081857"><ele>520855.08481288328767</ele><time>2023-01-20T10:10:18.200Z</time><hdop>7.75977519531989</hdop><vdop>21.76494632967177</vdop><pdop>23.10686044912623</pdop><extensions><gpxtpx:TrackPointExtension><gpxtpx:speed>7673.94222184175032</gpxtpx:speed><gpxtpx:course>0.00000000000000</gpxtpx:course></gpxtpx:TrackPointExtension></extensions></trkpt>
      <trkpt lon="-78.47959935799778" lat="-82.64157343571725"><ele>520876.60658483952284</ele><time>2023-01-20T10:10:18.300Z</time><hdop>7.75855992290578</hdop><vdop>21.76434668043058</vdop><pdop>23.10588752901064</pdop><extensions><gpxtpx:TrackPointExtension><gpxtpx:speed>7673.92804041469844</gpxtpx:speed><gpxtpx:course>0.00000000000000</gpxtpx:course></gpxtpx:TrackPointExtension></extensions></trkpt>
      <trkpt lon="-78.52815836417528" lat="-82.64287627058701"><ele>520873.77916710358113</ele><time>2023-01-20T10:10:18.400Z</time><hdop>7.75738330581165</hdop><vdop>21.76376044271874</vdop><pdop>23.10494025877008</pdop><extensions><gpxtpx:TrackPointExtension><gpxtpx:speed>7674.16799396196166</gpxtpx:speed><gpxtpx:course>0.00000000000000</gpxtpx:course></gpxtpx:TrackPointExtension></extensions></trkpt>
      <trkpt lon="-78.57670602764598" lat="-82.64416081239916"><ele>520868.31331820599735</ele><time>2023-01-20T10:10:18.500Z</time><hdop>7.75621311295851</hdop><vdop>21.76317399676210</vdop><pdop>23.10399498500144</pdop><extensions><gpxtpx:TrackPointExtension><gpxtpx:speed>7674.17486505153556</gpxtpx:speed><gpxtpx:course>0.00000000000000</gpxtpx:course></gpxtpx:TrackPointExtension></extensions></trkpt>
      <trkpt lon="-78.62529149016579" lat="-82.64547331596731"><ele>520878.87679536826909</ele><time>2023-01-20T10:10:18.600Z</time><hdop>7.75502671687966</hdop><vdop>21.76257679455361</vdop><pdop>23.10303417558742</pdop><extensions><gpxtpx:TrackPointExtension><gpxtpx:speed>7673.82871798313136</gpxtpx:speed><gpxtpx:course>0.00000000000000</gpxtpx:course></gpxtpx:TrackPointExtension></extensions></trkpt>
      <trkpt lon="-78.67388826749017" lat="-82.64670540592115"><ele>520860.48653779365122</ele><time>2023-01-20T10:10:18.700Z</time><hdop>7.75388011055265</hdop><vdop>21.76199606793997</vdop><pdop>23.10210227727898</pdop><extensions><gpxtpx:TrackPointExtension><gpxtpx:speed>7673.66773242585623</gpxtpx:speed><gpxtpx:course>0.00000000000000</gpxtpx:course></gpxtpx:TrackPointExtension></extensions></trkpt>
      <trkpt lon="-78.72257099067244" lat="-82.64797174097573"><ele>520853.33519777003676</ele><time>2023-01-20T10:10:18.800Z</time><hdop>7.75271546173401</hdop><vdop>21.76141076558857</vdop><pdop>23.10116004747995</pdop><extensions><gpxtpx:TrackPointExtension><gpxtpx:speed>7673.60177964340619</gpxtpx:speed><gpxtpx:course>0.00000000000000</gpxtpx:course></gpxtpx:TrackPointExtension></extensions></trkpt>
      <trkpt lon="-78.77122125977496" lat="-82.64929895373473"><ele>520871.26986976154149</ele><time>2023-01-20T10:10:18.900Z</time><hdop>7.75151669860650</hdop><vdop>21.76081030783609</vdop><pdop>23.10019212869021</pdop><extensions><gpxtpx:TrackPointExtension><gpxtpx:speed>7673.64654532658278</gpxtpx:speed><gpxtpx:course>0.00000000000000</gpxtpx:course></gpxtpx:TrackPointExtension></extensions></trkpt>
      <trkpt lon="-78.81983968420974" lat="-82.65054878587111"><ele>520862.36740546766669</ele><time>2023-01-20T10:10:19.000Z</time><hdop>7.75035809104738</hdop><vdop>21.76022558226685</vdop><pdop>23.09925254051750</pdop><extensions><gpxtpx:TrackPointExtension><gpxtpx:speed>7674.09781875767385</gpxtpx:speed><gpxtpx:course>0.00000000000000</gpxtpx:course></gpxtpx:TrackPointExtension></extensions></trkpt>
      <trkpt lon="-78.86850886516899" lat="-82.65187039249108"><ele>520881.67461452260613</ele><time>2023-01-20T10:10:19.100Z</time><hdop>7.74916015548512</hdop><vdop>21.75962459402600</vdop><pdop>23.09828447284125</pdop><extensions><gpxtpx:TrackPointExtension><gpxtpx:speed>7672.94802105449071</gpxtpx:speed><gpxtpx:course>0.00000000000000</gpxtpx:course></gpxtpx:TrackPointExtension></extensions></trkpt>
      <trkpt lon="-78.91714315626579" lat="-82.65303599720839"><ele>520848.68821013439447</ele><time>2023-01-20T10:10:19.200Z</time><hdop>7.74804165820921</hdop><vdop>21.75905164032837</vdop><pdop>23.09736950009290</pdop><extensions><gpxtpx:TrackPointExtension><gpxtpx:speed>7673.92660982835605</gpxtpx:speed><gpxtpx:course>0.00000000000000</gpxtpx:course></gpxtpx:TrackPointExtension></extensions></trkpt>
      <trkpt lon="-78.96586777901915" lat="-82.65432632462918"><ele>520858.61096013803035</ele><time>2023-01-20T10:10:19.300Z</time><hdop>7.74685791861067</hdop><vdop>21.75845677210194</vdop><pdop>23.09641203119154</pdop><extensions><gpxtpx:TrackPointExtension><gpxtpx:speed>7673.18712323620366</gpxtpx:speed><gpxtpx:course>0.00000000000000</gpxtpx:course></gpxtpx:TrackPointExtension></extensions></trkpt>
      <trkpt lon="-79.01463678645355" lat="-82.65554363233549"><ele>520839.87790229264647</ele><time>2023-01-20T10:10:19.400Z</time><hdop>7.74571046998956</hdop><vdop>21.75787950029055</vdop><pdop>23.09548334705445</pdop><extensions><gpxtpx:TrackPointExtension><gpxtpx:speed>7673.35482471624891</gpxtpx:speed><gpxtpx:course>0.00000000000000</gpxtpx:course></gpxtpx:TrackPointExtension></extensions></trkpt>
      <trkpt lon="-79.06338383138620" lat="-82.65684077942201"><ele>520863.15378924831748</ele><time>2023-01-20T10:10:19.500Z</time><hdop>7.74451805845427</hdop><vdop>21.75727289804674</vdop><pdop>23.09451198700252</pdop><extensions><gpxtpx:TrackPointExtension><gpxtpx:speed>7673.04400573300609</gpxtpx:speed><gpxtpx:course>0.00000000000000</gpxtpx:course></gpxtpx:TrackPointExtension></extensions></trkpt>
      <trkpt lon="-79.11216721172450" lat="-82.65810289457120"><ele>520868.53788374457508</ele><time>2023-01-20T10:10:19.600Z</time><hdop>7.74334450422544</hdop><vdop>21.75668013765780</vdop><pdop>23.09356002706105</pdop><extensions><gpxtpx:TrackPointExtension><gpxtpx:speed>7673.87958530245123</gpxtpx:speed><gpxtpx:course>0.00000000000000</gpxtpx:course></gpxtpx:TrackPointExtension></extensions></trkpt>
      <trkpt lon="-79.16090425077199" lat="-82.65932387871267"><ele>520864.30932380631566</ele><time>2023-01-20T10:10:19.700Z</time><hdop>7.74218978856686</hdop><vdop>21.75609068426464</vdop><pdop>23.09261753427133</pdop><extensions><gpxtpx:TrackPointExtension><gpxtpx:speed>7673.72940778923748</gpxtpx:speed><gpxtpx:course>0.00000000000000</gpxtpx:course></gpxtpx:TrackPointExtension></extensions></trkpt>
      <trkpt lon="-79.20971309237858" lat="-82.66057967291977"><ele>520873.17718023434281</ele><time>2023-01-20T10:10:19.800Z</time><hdop>7.74101569235622</hdop><vdop>21.75549450459101</vdop><pdop>23.09166224178317</pdop><extensions><gpxtpx:TrackPointExtension><gpxtpx:speed>7674.01514348362343</gpxtpx:speed><gpxtpx:course>0.00000000000000</gpxtpx:course></gpxtpx:TrackPointExtension></extensions></trkpt>
      <trkpt lon="-79.25842780433177" lat="-82.66177818257205"><ele>520863.13753029238433</ele><time>2023-01-20T10:10:19.900Z</time><hdop>7.73987051788418</hdop><vdop>21.75490887844564</vdop><pdop>23.09072662224135</pdop><extensions><gpxtpx:TrackPointExtension><gpxtpx:speed>7673.81448066898884</gpxtpx:speed><gpxtpx:course>0.00000000000000</gpxtpx:course></gpxtpx:TrackPointExtension></extensions></trkpt>
      <trkpt lon="-79.30726656456048" lat="-82.66300274863350"><ele>520864.74323423765600</ele><time>2023-01-20T10:10:20.000Z</time><hdop>7.73870926239510</hdop><vdop>21.75431617427816</vdop><pdop>23.08977897811800</pdop><extensions><gpxtpx:TrackPointExtension><gpxtpx:speed>7673.78748301276937</gpxtpx:speed><gpxtpx:course>0.00000000000000</gpxtpx:course></gpxtpx:TrackPointExtension></extensions></trkpt>
      <trkpt lon="-79.35616500857344" lat="-82.66424819626441"><ele>520875.21631354093552</ele><time>2023-01-20T10:10:20.100Z</time><hdop>7.73753620459148</hdop><vdop>21.75371884724558</vdop><pdop>23.08882305797269</pdop><extensions><gpxtpx:TrackPointExtension><gpxtpx:speed>7674.22386219843975</gpxtpx:speed><gpxtpx:course>0.00000000000000</gpxtpx:course></gpxtpx:TrackPointExtension></extensions></trkpt>
      <trkpt lon="-79.40496503086186" lat="-82.66543070440930"><ele>520866.16555530857295</ele><time>2023-01-20T10:10:20.200Z</time><hdop>7.73639490380092</hdop><vdop>21.75313191551865</vdop><pdop>23.08788760890681</pdop><extensions><gpxtpx:TrackPointExtension><gpxtpx:speed>7674.56412736838138</gpxtpx:speed><gpxtpx:course>0.00000000000000</gpxtpx:course></gpxtpx:TrackPointExtension></extensions></trkpt>
      <trkpt lon="-79.45386703137628" lat="-82.66672267060416"><ele>520901.26734978612512</ele><time>2023-01-20T10:10:20.300Z</time><hdop>7.73519362179712</hdop><vdop>21.75251833904538</vdop><pdop>23.08690699199866</pdop><extensions><gpxtpx:TrackPointExtension><gpxtpx:speed>7674.03112871113535</gpxtpx:speed><gpxtpx:course>0.00000000000000</gpxtpx:course></gpxtpx:TrackPointExtension></extensions></trkpt>
      <trkpt lon="-79.50276406819226" lat="-82.66792308159435"><ele>520901.94852017704397</ele><time>2023-01-20T10:10:20.400Z</time><hdop>7.73404002372009</hdop><vdop>21.75192595645789</vdop><pdop>23.08596235602342</pdop><extensions><gpxtpx:TrackPointExtension><gpxtpx:speed>7674.19303435123675</gpxtpx:speed><gpxtpx:course>0.00000000000000</gpxtpx:course></gpxtpx:TrackPointExtension></extensions></trkpt>
      <trkpt lon="-79.55159950208579" lat="-82.66906355894136"><ele>520879.90409544296563</ele><time>2023-01-20T10:10:20.500Z</time><hdop>7.73291676130274</hdop><vdop>21.75134755509245</vdop><pdop>23.08504108940816</pdop><extensions><gpxtpx:TrackPointExtension><gpxtpx:speed>7673.47553936125314</gpxtpx:speed><gpxtpx:course>0.00000000000000</gpxtpx:course></gpxtpx:TrackPointExtension></extensions></trkpt>
      <trkpt lon="-79.60053460009576" lat="-82.67022741672592"><ele>520868.14654327929020</ele><time>2023-01-20T10:10:20.600Z</time><hdop>7.73177863958400</hdop><vdop>21.75076285970005</vdop><pdop>23.08410894772494</pdop><extensions><gpxtpx:TrackPointExtension><gpxtpx:speed>7673.49484747753831</gpxtpx:speed><gpxtpx:course>0.00000000000000</gpxtpx:course></gpxtpx:TrackPointExtension></extensions></trkpt>
      <trkpt lon="-79.64946545732765" lat="-82.67142526797025"><ele>520871.46326340176165</ele><time>2023-01-20T10:10:20.700Z</time><hdop>7.73062193624032</hdop><vdop>21.75016937678015</vdop><pdop>23.08316233620742</pdop><extensions><gpxtpx:TrackPointExtension><gpxtpx:speed>7674.40068075400541</gpxtpx:speed><gpxtpx:course>0.00000000000000</gpxtpx:course></gpxtpx:TrackPointExtension></extensions></trkpt>
      <trkpt lon="-79.69832324846101" lat="-82.67255969455275"><ele>520857.30922002438456</ele><time>2023-01-20T10:10:20.800Z</time><hdop>7.72949627485776</hdop><vdop>21.74958381374846</vdop><pdop>23.08223361666520</pdop><extensions><gpxtpx:TrackPointExtension><gpxtpx:speed>7674.26327598654552</gpxtpx:speed><gpxtpx:course>0.00000000000000</gpxtpx:course></gpxtpx:TrackPointExtension></extensions></trkpt>
      <trkpt lon="-79.74735393587926" lat="-82.67381237548533"><ele>520888.78897032048553</ele><time>2023-01-20T10:10:20.900Z</time><hdop>7.72830689385293</hdop><vdop>21.74897203367862</vdop><pdop>23.08125889043554</pdop><extensions><gpxtpx:TrackPointExtension><gpxtpx:speed>7674.40742934722766</gpxtpx:speed><gpxtpx:course>0.00000000000000</gpxtpx:course></gpxtpx:TrackPointExtension></extensions></trkpt>
      <trkpt lon="-79.79634169738490" lat="-82.67497458805012"><ele>520885.50837148912251</ele><time>2023-01-20T10:10:21.000Z</time><hdop>7.72716429516390</hdop><vdop>21.74838169830229</vdop><pdop>23.08032007012697</pdop><extensions><gpxtpx:TrackPointExtension><gpxtpx:speed>7674.13340628183050</gpxtpx:speed><gpxtpx:course>0.00000000000000</gpxtpx:course></gpxtpx:TrackPointExtension></extensions></trkpt>
      <trkpt lon="-79.84538620074881" lat="-82.67614553773001"><ele>520886.17173173651099</ele><time>2023-01-20T10:10:21.100Z</time><hdop>7.72601537350672</hdop><vdop>21.74778935980694</vdop><pdop>23.07937727908174</pdop><extensions><gpxtpx:TrackPointExtension><gpxtpx:speed>7674.50415447817886</gpxtpx:speed><gpxtpx:course>0.00000000000000</gpxtpx:course></gpxtpx:TrackPointExtension></extensions></trkpt>
      <trkpt lon="-79.89434393990643" lat="-82.67727811357439"><ele>520875.03032101131976</ele><time>2023-01-20T10:10:21.200Z</time><hdop>7.72488565078816</hdop><vdop>21.74720360255469</vdop><pdop>23.07844714985652</pdop><extensions><gpxtpx:TrackPointExtension><gpxtpx:speed>7673.41040944604538</gpxtpx:speed><gpxtpx:course>0.00000000000000</gpxtpx:course></gpxtpx:TrackPointExtension></extensions></trkpt>
      <trkpt lon="-79.94332397393839" lat="-82.67846310684905"><ele>520888.29973075445741</ele><time>2023-01-20T10:10:21.300Z</time><hdop>7.72372635478425</hdop><vdop>21.74660217945991</vdop><pdop>23.07749239313663</pdop><extensions><gpxtpx:TrackPointExtension><gpxtpx:speed>7673.99840910327202</gpxtpx:speed><gpxtpx:course>0.00000000000000</gpxtpx:course></gpxtpx:TrackPointExtension></extensions></trkpt>
      <trkpt lon="-79.99234930689761" lat="-82.67960459362062"><ele>520887.19965879432857</ele><time>2023-01-20T10:10:21.400Z</time><hdop>7.72258827819331</hdop><vdop>21.74600907536740</vdop><pdop>23.07655261126432</pdop><extensions><gpxtpx:TrackPointExtension><gpxtpx:speed>7673.72399634141402</gpxtpx:speed><gpxtpx:course>0.00000000000000</gpxtpx:course></gpxtpx:TrackPointExtension></extensions></trkpt>
      <trkpt lon="-80.04146265221068" lat="-82.68072345632199"><ele>520875.02425492834300</ele><time>2023-01-20T10:10:21.500Z</time><hdop>7.72146045455888</hdop><vdop>21.74542409155641</vdop><pdop>23.07562394547455</pdop><extensions><gpxtpx:TrackPointExtension><gpxtpx:speed>7673.91357775230517</gpxtpx:speed><gpxtpx:course>0.00000000000000</gpxtpx:course></gpxtpx:TrackPointExtension></extensions></trkpt>
      <trkpt lon="-80.09060176252325" lat="-82.68193338882050"><ele>520903.91062319930643</ele><time>2023-01-20T10:10:21.600Z</time><hdop>7.72028325035858</hdop><vdop>21.74481308173171</vdop><pdop>23.07465426447854</pdop><extensions><gpxtpx:TrackPointExtension><gpxtpx:speed>7673.87193372846195</gpxtpx:speed><gpxtpx:course>0.00000000000000</gpxtpx:course></gpxtpx:TrackPointExtension></extensions></trkpt>
      <trkpt lon="-80.13962271608528" lat="-82.68301049658189"><ele>520880.39447054825723</ele><time>2023-01-20T10:10:21.700Z</time><hdop>7.71917541273691</hdop><vdop>21.74423457532447</vdop><pdop>23.07373845564126</pdop><extensions><gpxtpx:TrackPointExtension><gpxtpx:speed>7673.79345522932999</gpxtpx:speed><gpxtpx:course>0.00000000000000</gpxtpx:course></gpxtpx:TrackPointExtension></extensions></trkpt>
      <trkpt lon="-80.18862716249566" lat="-82.68410693014233"><ele>520869.29006647225469</ele><time>2023-01-20T10:10:21.800Z</time><hdop>7.71805506202987</hdop><vdop>21.74364704462895</vdop><pdop>23.07280998799076</pdop><extensions><gpxtpx:TrackPointExtension><gpxtpx:speed>7673.82090345926008</gpxtpx:speed><gpxtpx:course>0.00000000000000</gpxtpx:course></gpxtpx:TrackPointExtension></extensions></trkpt>
      <trkpt lon="-80.23786848396551" lat="-82.68529409027471"><ele>520891.29149490594864</ele><time>2023-01-20T10:10:21.900Z</time><hdop>7.71688575347633</hdop><vdop>21.74304168749767</vdop><pdop>23.07184837754590</pdop><extensions><gpxtpx:TrackPointExtension><gpxtpx:speed>7672.99191171953407</gpxtpx:speed><gpxtpx:course>0.00000000000000</gpxtpx:course></gpxtpx:TrackPointExtension></extensions></trkpt>
      <trkpt lon="-80.28707001576450" lat="-82.68647610580499"><ele>520915.92787005007267</ele><time>2023-01-20T10:10:22.000Z</time><hdop>7.71571747421595</hdop><vdop>21.74243344063364</vdop><pdop>23.07088442306245</pdop><extensions><gpxtpx:TrackPointExtension><gpxtpx:speed>7673.59419763685764</gpxtpx:speed><gpxtpx:course>0.00000000000000</gpxtpx:course></gpxtpx:TrackPointExtension></extensions></trkpt>
      <trkpt lon="-80.33611656852011" lat="-82.68748091793245"><ele>520879.36502333264798</ele><time>2023-01-20T10:10:22.100Z</time><hdop>7.71463969935568</hdop><vdop>21.74185872960315</vdop><pdop>23.06998237339802</pdop><extensions><gpxtpx:TrackPointExtension><gpxtpx:speed>7673.70987393196538</gpxtpx:speed><gpxtpx:course>0.00000000000000</gpxtpx:course></gpxtpx:TrackPointExtension></extensions></trkpt>
      <trkpt lon="-80.38527510992296" lat="-82.68863746032582"><ele>520898.92916961852461</ele><time>2023-01-20T10:10:22.200Z</time><hdop>7.71348164346167</hdop><vdop>21.74125287329383</vdop><pdop>23.06902415717941</pdop><extensions><gpxtpx:TrackPointExtension><gpxtpx:speed>7673.65583648530810</gpxtpx:speed><gpxtpx:course>0.00000000000000</gpxtpx:course></gpxtpx:TrackPointExtension></extensions></trkpt>
      <trkpt lon="-80.43444976937752" lat="-82.68970242832235"><ele>520884.69278123322874</ele><time>2023-01-20T10:10:22.300Z</time><hdop>7.71237060354202</hdop><vdop>21.74066727154448</vdop><pdop>23.06810078308105</pdop><extensions><gpxtpx:TrackPointExtension><gpxtpx:speed>7673.51795277225938</gpxtpx:speed><gpxtpx:course>0.00000000000000</gpxtpx:course></gpxtpx:TrackPointExtension></extensions></trkpt>
      <trkpt lon="-80.48367156986913" lat="-82.69085012261804"><ele>520900.44695882778615</ele><time>2023-01-20T10:10:22.400Z</time><hdop>7.71121541541645</hdop><vdop>21.74006564088451</vdop><pdop>23.06714757513211</pdop><extensions><gpxtpx:TrackPointExtension><gpxtpx:speed>7673.60167397869100</gpxtpx:speed><gpxtpx:course>0.00000000000000</gpxtpx:course></gpxtpx:TrackPointExtension></extensions></trkpt>
      <trkpt lon="-80.53271621750784" lat="-82.69187701889817"><ele>520882.05697266757488</ele><time>2023-01-20T10:10:22.500Z</time><hdop>7.71011958380836</hdop><vdop>21.73947880012107</vdop><pdop>23.06622818099090</pdop><extensions><gpxtpx:TrackPointExtension><gpxtpx:speed>7673.78970757998741</gpxtpx:speed><gpxtpx:course>0.00000000000000</gpxtpx:course></gpxtpx:TrackPointExtension></extensions></trkpt>
      <trkpt lon="-80.58200100605886" lat="-82.69297691308421"><ele>520885.60024394467473</ele><time>2023-01-20T10:10:22.600Z</time><hdop>7.70898526517238</hdop><vdop>21.73888291801277</vdop><pdop>23.06528743245382</pdop><extensions><gpxtpx:TrackPointExtension><gpxtpx:speed>7673.73282258069958</gpxtpx:speed><gpxtpx:course>0.00000000000000</gpxtpx:course></gpxtpx:TrackPointExtension></extensions></trkpt>
      <trkpt lon="-80.63123348379415" lat="-82.69406100188630"><ele>520885.96574893221259</ele><time>2023-01-20T10:10:22.700Z</time><hdop>7.70785852482715</hdop><vdop>21.73828866124695</vdop><pdop>23.06435078120449</pdop><extensions><gpxtpx:TrackPointExtension><gpxtpx:speed>7674.21769412912454</gpxtpx:speed><gpxtpx:course>0.00000000000000</gpxtpx:course></gpxtpx:TrackPointExtension></extensions></trkpt>
      <trkpt lon="-80.68048933985668" lat="-82.69509234565810"><ele>520870.75050969421864</ele><time>2023-01-20T10:10:22.800Z</time><hdop>7.70675609416714</hdop><vdop>21.73770172028863</vdop><pdop>23.06342918074461</pdop><extensions><gpxtpx:TrackPointExtension><gpxtpx:speed>7674.10785323942673</gpxtpx:speed><gpxtpx:course>0.00000000000000</gpxtpx:course></gpxtpx:TrackPointExtension></extensions></trkpt>
      <trkpt lon="-80.72973075247521" lat="-82.69624665110936"><ele>520901.03734205011278</ele><time>2023-01-20T10:10:22.900Z</time><hdop>7.70558978845206</hdop><vdop>21.73709005863613</vdop><pdop>23.06246296918771</pdop><extensions><gpxtpx:TrackPointExtension><gpxtpx:speed>7674.14522972203486</gpxtpx:speed><gpxtpx:course>0.00000000000000</gpxtpx:course></gpxtpx:TrackPointExtension></extensions></trkpt>
      <trkpt lon="-80.77901442768537" lat="-82.69731201313689"><ele>520900.25637466832995</ele><time>2023-01-20T10:10:23.000Z</time><hdop>7.70446804055434</hdop><vdop>21.73649596296693</vdop><pdop>23.06152823504984</pdop><extensions><gpxtpx:TrackPointExtension><gpxtpx:speed>7673.33136280511462</gpxtpx:speed><gpxtpx:course>0.00000000000000</gpxtpx:course></gpxtpx:TrackPointExtension></extensions></trkpt>
      <trkpt lon="-80.82832045344826" lat="-82.69838814990349"><ele>520904.58894788380712</ele><time>2023-01-20T10:10:23.100Z</time><hdop>7.70333925521095</hdop><vdop>21.73589924865619</vdop><pdop>23.06058871383397</pdop><extensions><gpxtpx:TrackPointExtension><gpxtpx:speed>7674.40470962211111</gpxtpx:speed><gpxtpx:course>0.00000000000000</gpxtpx:course></gpxtpx:TrackPointExtension></extensions></trkpt>
      <trkpt lon="-80.87755845662028" lat="-82.69937158939632"><ele>520880.90633702464402</ele><time>2023-01-20T10:10:23.200Z</time><hdop>7.70225648383397</hdop><vdop>21.73531624476603</vdop><pdop>23.05967751731911</pdop><extensions><gpxtpx:TrackPointExtension><gpxtpx:speed>7674.14410596300877</gpxtpx:speed><gpxtpx:course>0.00000000000000</gpxtpx:course></gpxtpx:TrackPointExtension></extensions></trkpt>
      <trkpt lon="-80.92688276238457" lat="-82.70042143223782"><ele>520883.11527014151216</ele><time>2023-01-20T10:10:23.300Z</time><hdop>7.70113653606728</hdop><vdop>21.73471820078462</vdop><pdop>23.05873975772892</pdop><extensions><gpxtpx:TrackPointExtension><gpxtpx:speed>7673.84617213035563</gpxtpx:speed><gpxtpx:course>0.00000000000000</gpxtpx:course></gpxtpx:TrackPointExtension></extensions></trkpt>
      <trkpt lon="-80.97623509580021" lat="-82.70147786742906"><ele>520886.35627353750169</ele><time>2023-01-20T10:10:23.400Z</time><hdop>7.70001329683221</hdop><vdop>21.73412157455068</vdop><pdop>23.05780226710131</pdop><extensions><gpxtpx:TrackPointExtension><gpxtpx:speed>7674.25563164136292</gpxtpx:speed><gpxtpx:course>0.00000000000000</gpxtpx:course></gpxtpx:TrackPointExtension></extensions></trkpt>
      <trkpt lon="-81.02550421454933" lat="-82.70247633013065"><ele>520873.60230012703687</ele><time>2023-01-20T10:10:23.500Z</time><hdop>7.69891837950739</hdop><vdop>21.73353213933921</vdop><pdop>23.05688104375801</pdop><extensions><gpxtpx:TrackPointExtension><gpxtpx:speed>7673.51321682663911</gpxtpx:speed><gpxtpx:course>0.00000000000000</gpxtpx:course></gpxtpx:TrackPointExtension></extensions></trkpt>
      <trkpt lon="-81.07488145925682" lat="-82.70355267006531"><ele>520886.55279926210642</ele><time>2023-01-20T10:10:23.600Z</time><hdop>7.69778238882704</hdop><vdop>21.73293053653932</vdop><pdop>23.05593466792833</pdop><extensions><gpxtpx:TrackPointExtension><gpxtpx:speed>7673.92911480608291</gpxtpx:speed><gpxtpx:course>0.00000000000000</gpxtpx:course></gpxtpx:TrackPointExtension></extensions></trkpt>
      <trkpt lon="-81.12429308466038" lat="-82.70458579101185"><ele>520889.41511235199869</ele><time>2023-01-20T10:10:23.700Z</time><hdop>7.69666589495686</hdop><vdop>21.73233240490624</vdop><pdop>23.05499810574553</pdop><extensions><gpxtpx:TrackPointExtension><gpxtpx:speed>7674.07626953826821</gpxtpx:speed><gpxtpx:course>0.00000000000000</gpxtpx:course></gpxtpx:TrackPointExtension></extensions></trkpt>
      <trkpt lon="-81.17377809964890" lat="-82.70571225128843"><ele>520925.19376842491329</ele><time>2023-01-20T10:10:23.800Z</time><hdop>7.69550073907346</hdop><vdop>21.73171744729135</vdop><pdop>23.05402947065843</pdop><extensions><gpxtpx:TrackPointExtension><gpxtpx:speed>7674.16307219130431</gpxtpx:speed><gpxtpx:course>0.00000000000000</gpxtpx:course></gpxtpx:TrackPointExtension></extensions></trkpt>
      <trkpt lon="-81.22312203235548" lat="-82.70667003058890"><ele>520904.67189003992826</ele><time>2023-01-20T10:10:23.900Z</time><hdop>7.69442071379235</hdop><vdop>21.73113211974934</vdop><pdop>23.05311721496333</pdop><extensions><gpxtpx:TrackPointExtension><gpxtpx:speed>7673.33717544410956</gpxtpx:speed><gpxtpx:course>0.00000000000000</gpxtpx:course></gpxtpx:TrackPointExtension></extensions></trkpt>
      <trkpt lon="-81.27248300186147" lat="-82.70763191189015"><ele>520888.24041811283678</ele><time>2023-01-20T10:10:24.000Z</time><hdop>7.69333656881478</hdop><vdop>21.73054389890483</vdop><pdop>23.05220088632087</pdop><extensions><gpxtpx:TrackPointExtension><gpxtpx:speed>7674.21131791265088</gpxtpx:speed><gpxtpx:course>0.00000000000000</gpxtpx:course></gpxtpx:TrackPointExtension></extensions></trkpt>
      <trkpt lon="-81.32193700868332" lat="-82.70869563443817"><ele>520906.18870880454779</ele><time>2023-01-20T10:10:24.100Z</time><hdop>7.69219926811475</hdop><vdop>21.72993872020000</vdop><pdop>23.05125086332697</pdop><extensions><gpxtpx:TrackPointExtension><gpxtpx:speed>7674.23127605597620</gpxtpx:speed><gpxtpx:course>0.00000000000000</gpxtpx:course></gpxtpx:TrackPointExtension></extensions></trkpt>
      <trkpt lon="-81.37140062104270" lat="-82.70970443160715"><ele>520911.47013578005135</ele><time>2023-01-20T10:10:24.200Z</time><hdop>7.69108782712027</hdop><vdop>21.72933786074108</vdop><pdop>23.05031357337061</pdop><extensions><gpxtpx:TrackPointExtension><gpxtpx:speed>7673.95701263870342</gpxtpx:speed><gpxtpx:course>0.00000000000000</gpxtpx:course></gpxtpx:TrackPointExtension></extensions></trkpt>
      <trkpt lon="-81.42085086564340" lat="-82.71067717517688"><ele>520904.51416390947998</ele><time>2023-01-20T10:10:24.300Z</time><hdop>7.68999418206193</hdop><vdop>21.72874435175159</vdop><pdop>23.04938918114584</pdop><extensions><gpxtpx:TrackPointExtension><gpxtpx:speed>7674.03335438970589</gpxtpx:speed><gpxtpx:course>0.00000000000000</gpxtpx:course></gpxtpx:TrackPointExtension></extensions></trkpt>
      <trkpt lon="-81.47031084344376" lat="-82.71164413182187"><ele>520893.80912625137717</ele><time>2023-01-20T10:10:24.400Z</time><hdop>7.68890220734084</hdop><vdop>21.72815443352435</vdop><pdop>23.04846876131113</pdop><extensions><gpxtpx:TrackPointExtension><gpxtpx:speed>7673.84059196085673</gpxtpx:speed><gpxtpx:course>0.00000000000000</gpxtpx:course></gpxtpx:TrackPointExtension></extensions></trkpt>
      <trkpt lon="-81.51984432903532" lat="-82.71267554042379"><ele>520911.43816711567342</ele><time>2023-01-20T10:10:24.500Z</time><hdop>7.68777478166014</hdop><vdop>21.72754712231025</vdop><pdop>23.04752014958968</pdop><extensions><gpxtpx:TrackPointExtension><gpxtpx:speed>7673.60155908590787</gpxtpx:speed><gpxtpx:course>0.00000000000000</gpxtpx:course></gpxtpx:TrackPointExtension></extensions></trkpt>
      <trkpt lon="-81.56927405893050" lat="-82.71361892529652"><ele>520895.70137544441968</ele><time>2023-01-20T10:10:24.600Z</time><hdop>7.68669287575077</hdop><vdop>21.72696009416820</vdop><pdop>23.04660587374408</pdop><extensions><gpxtpx:TrackPointExtension><gpxtpx:speed>7673.36160124700382</gpxtpx:speed><gpxtpx:course>0.00000000000000</gpxtpx:course></gpxtpx:TrackPointExtension></extensions></trkpt>
      <trkpt lon="-81.61876300006990" lat="-82.71459928604429"><ele>520899.81009828671813</ele><time>2023-01-20T10:10:24.700Z</time><hdop>7.68558874623436</hdop><vdop>21.72635935731299</vdop><pdop>23.04567129200939</pdop><extensions><gpxtpx:TrackPointExtension><gpxtpx:speed>7673.81367137738198</gpxtpx:speed><gpxtpx:course>0.00000000000000</gpxtpx:course></gpxtpx:TrackPointExtension></extensions></trkpt>
      <trkpt lon="-81.66826322320684" lat="-82.71555481836594"><ele>520895.21969544980675</ele><time>2023-01-20T10:10:24.800Z</time><hdop>7.68449646580074</hdop><vdop>21.72576431999747</vdop><pdop>23.04474606544796</pdop><extensions><gpxtpx:TrackPointExtension><gpxtpx:speed>7673.54313153175644</gpxtpx:speed><gpxtpx:course>0.00000000000000</gpxtpx:course></gpxtpx:TrackPointExtension></extensions></trkpt>
      <trkpt lon="-81.71783979765424" lat="-82.71656325898196"><ele>520909.55692284088582</ele><time>2023-01-20T10:10:24.900Z</time><hdop>7.68337551273530</hdop><vdop>21.72515969496756</vdop><pdop>23.04380226962433</pdop><extensions><gpxtpx:TrackPointExtension><gpxtpx:speed>7673.68820049240912</gpxtpx:speed><gpxtpx:course>0.00000000000000</gpxtpx:course></gpxtpx:TrackPointExtension></extensions></trkpt>
      <trkpt lon="-81.76725313647590" lat="-82.71742734092784"><ele>520874.35530422534794</ele><time>2023-01-20T10:10:25.000Z</time><hdop>7.68232906959891</hdop><vdop>21.72458231112471</vdop><pdop>23.04290902916638</pdop><extensions><gpxtpx:TrackPointExtension><gpxtpx:speed>7673.60111501882147</gpxtpx:speed><gpxtpx:course>0.00000000000000</gpxtpx:course></gpxtpx:TrackPointExtension></extensions></trkpt>
      <trkpt lon="-81.81686604601516" lat="-82.71843885425676"><ele>520894.39250774122775</ele><time>2023-01-20T10:10:25.100Z</time><hdop>7.68120289856794</hdop><vdop>21.72397370289247</vdop><pdop>23.04195979974212</pdop><extensions><gpxtpx:TrackPointExtension><gpxtpx:speed>7673.58203425205193</gpxtpx:speed><gpxtpx:course>0.00000000000000</gpxtpx:course></gpxtpx:TrackPointExtension></extensions></trkpt>
      <trkpt lon="-81.86649974155301" lat="-82.71945911224834"><ele>520918.80746145639569</ele><time>2023-01-20T10:10:25.200Z</time><hdop>7.68007158771156</hdop><vdop>21.72336319105969</vdop><pdop>23.04100709437548</pdop><extensions><gpxtpx:TrackPointExtension><gpxtpx:speed>7674.09922861101404</gpxtpx:speed><gpxtpx:course>0.00000000000000</gpxtpx:course></gpxtpx:TrackPointExtension></extensions></trkpt>
      <trkpt lon="-81.91598870401941" lat="-82.72029798418228"><ele>520885.70166587643325</ele><time>2023-01-20T10:10:25.300Z</time><hdop>7.67903095065780</hdop><vdop>21.72278109003866</vdop><pdop>23.04011142826574</pdop><extensions><gpxtpx:TrackPointExtension><gpxtpx:speed>7673.84079634341924</gpxtpx:speed><gpxtpx:course>0.00000000000000</gpxtpx:course></gpxtpx:TrackPointExtension></extensions></trkpt>
      <trkpt lon="-81.96562012528243" lat="-82.72120339547664"><ele>520876.51850630249828</ele><time>2023-01-20T10:10:25.400Z</time><hdop>7.67795463793058</hdop><vdop>21.72218674558543</vdop><pdop>23.03919235633504</pdop><extensions><gpxtpx:TrackPointExtension><gpxtpx:speed>7673.88663546612042</gpxtpx:speed><gpxtpx:course>0.00000000000000</gpxtpx:course></gpxtpx:TrackPointExtension></extensions></trkpt>
      <trkpt lon="-82.01531162189886" lat="-82.72228886692484"><ele>520926.24533609393984</ele><time>2023-01-20T10:10:25.500Z</time><hdop>7.67678576108408</hdop><vdop>21.72156374114559</vdop><pdop>23.03821544699663</pdop><extensions><gpxtpx:TrackPointExtension><gpxtpx:speed>7674.08894610714378</gpxtpx:speed><gpxtpx:course>0.00000000000000</gpxtpx:course></gpxtpx:TrackPointExtension></extensions></trkpt>
      <trkpt lon="-82.06492020654947" lat="-82.72325004928146"><ele>520935.84333356935531</ele><time>2023-01-20T10:10:25.600Z</time><hdop>7.67568092408150</hdop><vdop>21.72096188019602</vdop><pdop>23.03727984483492</pdop><extensions><gpxtpx:TrackPointExtension><gpxtpx:speed>7674.01948310402167</gpxtpx:speed><gpxtpx:course>0.00000000000000</gpxtpx:course></gpxtpx:TrackPointExtension></extensions></trkpt>
      <trkpt lon="-82.11453564962845" lat="-82.72409971526388"><ele>520913.71849404741079</ele><time>2023-01-20T10:10:25.700Z</time><hdop>7.67462895907351</hdop><vdop>21.72037367457940</vdop><pdop>23.03637476303099</pdop><extensions><gpxtpx:TrackPointExtension><gpxtpx:speed>7673.66362951313022</gpxtpx:speed><gpxtpx:course>0.00000000000000</gpxtpx:course></gpxtpx:TrackPointExtension></extensions></trkpt>
      <trkpt lon="-82.16416914447333" lat="-82.72502277818027"><ele>520914.32307437062263</ele><time>2023-01-20T10:10:25.800Z</time><hdop>7.67353847909658</hdop><vdop>21.71977548440098</vdop><pdop>23.03544746435288</pdop><extensions><gpxtpx:TrackPointExtension><gpxtpx:speed>7673.75894194474404</gpxtpx:speed><gpxtpx:course>0.00000000000000</gpxtpx:course></gpxtpx:TrackPointExtension></extensions></trkpt>
      <trkpt lon="-82.21378575478842" lat="-82.72589132844162"><ele>520900.21252444107085</ele><time>2023-01-20T10:10:25.900Z</time><hdop>7.67247407372213</hdop><vdop>21.71918374964599</vdop><pdop>23.03453496736638</pdop><extensions><gpxtpx:TrackPointExtension><gpxtpx:speed>7673.35742820409632</gpxtpx:speed><gpxtpx:course>0.00000000000000</gpxtpx:course></gpxtpx:TrackPointExtension></extensions></trkpt>
      <trkpt lon="-82.26345359070363" lat="-82.72683428790221"><ele>520912.90861909650266</ele><time>2023-01-20T10:10:26.000Z</time><hdop>7.67137087292706</hdop><vdop>21.71857833502467</vdop><pdop>23.03359667886447</pdop><extensions><gpxtpx:TrackPointExtension><gpxtpx:speed>7673.98298298700593</gpxtpx:speed><gpxtpx:course>0.00000000000000</gpxtpx:course></gpxtpx:TrackPointExtension></extensions></trkpt>
      <trkpt lon="-82.31316135502747" lat="-82.72772842375470"><ele>520912.56181342527270</ele><time>2023-01-20T10:10:26.100Z</time><hdop>7.67029006153221</hdop><vdop>21.71797841377870</vdop><pdop>23.03267105677058</pdop><extensions><gpxtpx:TrackPointExtension><gpxtpx:speed>7673.26319082353803</gpxtpx:speed><gpxtpx:course>0.00000000000000</gpxtpx:course></gpxtpx:TrackPointExtension></extensions></trkpt>
      <trkpt lon="-82.36288296762864" lat="-82.72864502802749"><ele>520918.11933047045022</ele><time>2023-01-20T10:10:26.200Z</time><hdop>7.66919759558964</hdop><vdop>21.71737759831083</vdop><pdop>23.03174073985314</pdop><extensions><gpxtpx:TrackPointExtension><gpxtpx:speed>7673.43247452460400</gpxtpx:speed><gpxtpx:course>0.00000000000000</gpxtpx:course></gpxtpx:TrackPointExtension></extensions></trkpt>
      <trkpt lon="-82.41256822195490" lat="-82.72950520241429"><ele>520908.86365025211126</ele><time>2023-01-20T10:10:26.300Z</time><hdop>7.66813194421681</hdop><vdop>21.71678270571095</vdop><pdop>23.03082496570595</pdop><extensions><gpxtpx:TrackPointExtension><gpxtpx:speed>7674.13398320044871</gpxtpx:speed><gpxtpx:course>0.00000000000000</gpxtpx:course></gpxtpx:TrackPointExtension></extensions></trkpt>
      <trkpt lon="-82.46228087655196" lat="-82.73036925871580"><ele>520903.64855137933046</ele><time>2023-01-20T10:10:26.400Z</time><hdop>7.66706209267630</hdop><vdop>21.71618503226063</vdop><pdop>23.02990519929109</pdop><extensions><gpxtpx:TrackPointExtension><gpxtpx:speed>7673.89837367536165</gpxtpx:speed><gpxtpx:course>0.00000000000000</gpxtpx:course></gpxtpx:TrackPointExtension></extensions></trkpt>
      <trkpt lon="-82.51199840728385" lat="-82.73121203059355"><ele>520891.69748952426016</ele><time>2023-01-20T10:10:26.500Z</time><hdop>7.66600163883660</hdop><vdop>21.71559138755433</vdop><pdop>23.02899238867974</pdop><extensions><gpxtpx:TrackPointExtension><gpxtpx:speed>7673.61667736575873</gpxtpx:speed><gpxtpx:course>0.00000000000000</gpxtpx:course></gpxtpx:TrackPointExtension></extensions></trkpt>
      <trkpt lon="-82.56173289651163" lat="-82.73215026686800"><ele>520911.62457927037030</ele><time>2023-01-20T10:10:26.600Z</time><hdop>7.66489300166085</hdop><vdop>21.71498267934015</vdop><pdop>23.02804936356860</pdop><extensions><gpxtpx:TrackPointExtension><gpxtpx:speed>7674.29171069334552</gpxtpx:speed><gpxtpx:course>0.00000000000000</gpxtpx:course></gpxtpx:TrackPointExtension></extensions></trkpt>
      <trkpt lon="-82.61150329836296" lat="-82.73303126637340"><ele>520914.86197601258755</ele><time>2023-01-20T10:10:26.700Z</time><hdop>7.66381092749072</hdop><vdop>21.71438181026596</vdop><pdop>23.02712260214756</pdop><extensions><gpxtpx:TrackPointExtension><gpxtpx:speed>7674.30110317002072</gpxtpx:speed><gpxtpx:course>0.00000000000000</gpxtpx:course></gpxtpx:TrackPointExtension></extensions></trkpt>
      <trkpt lon="-82.66126779100432" lat="-82.73393076198077"><ele>520927.16713187843561</ele><time>2023-01-20T10:10:26.800Z</time><hdop>7.66271803150928</hdop><vdop>21.71377559269452</vdop><pdop>23.02618722499047</pdop><extensions><gpxtpx:TrackPointExtension><gpxtpx:speed>7674.10767783516985</gpxtpx:speed><gpxtpx:course>0.00000000000000</gpxtpx:course></gpxtpx:TrackPointExtension></extensions></trkpt>
      <trkpt lon="-82.71103912517218" lat="-82.73475450297947"><ele>520914.91612674202770</ele><time>2023-01-20T10:10:26.900Z</time><hdop>7.66166220993016</hdop><vdop>21.71318239502938</vdop><pdop>23.02527649212677</pdop><extensions><gpxtpx:TrackPointExtension><gpxtpx:speed>7674.34241569955975</gpxtpx:speed><gpxtpx:course>0.00000000000000</gpxtpx:course></gpxtpx:TrackPointExtension></extensions></trkpt>
      <trkpt lon="-82.76081237231031" lat="-82.73560785657583"><ele>520914.97513533290476</ele><time>2023-01-20T10:10:27.000Z</time><hdop>7.66058997975351</hdop><vdop>21.71258243824036</vdop><pdop>23.02435395348334</pdop><extensions><gpxtpx:TrackPointExtension><gpxtpx:speed>7674.53057880325923</gpxtpx:speed><gpxtpx:course>0.00000000000000</gpxtpx:course></gpxtpx:TrackPointExtension></extensions></trkpt>
      <trkpt lon="-82.81064340285927" lat="-82.73646816820596"><ele>520918.58644085191190</ele><time>2023-01-20T10:10:27.100Z</time><hdop>7.65951233923396</hdop><vdop>21.71198079705216</vdop><pdop>23.02342805505816</pdop><extensions><gpxtpx:TrackPointExtension><gpxtpx:speed>7674.11372338679939</gpxtpx:speed><gpxtpx:course>0.00000000000000</gpxtpx:course></gpxtpx:TrackPointExtension></extensions></trkpt>
      <trkpt lon="-82.86043370768103" lat="-82.73729558410307"><ele>520915.51934541482478</ele><time>2023-01-20T10:10:27.200Z</time><hdop>7.65844981587481</hdop><vdop>21.71138103597938</vdop><pdop>23.02250898733146</pdop><extensions><gpxtpx:TrackPointExtension><gpxtpx:speed>7673.58948191946456</gpxtpx:speed><gpxtpx:course>0.00000000000000</gpxtpx:course></gpxtpx:TrackPointExtension></extensions></trkpt>
      <trkpt lon="-82.91028011186327" lat="-82.73815700413593"><ele>520925.00887466687709</ele><time>2023-01-20T10:10:27.300Z</time><hdop>7.65736827176515</hdop><vdop>21.71077504708532</vdop><pdop>23.02157774772568</pdop><extensions><gpxtpx:TrackPointExtension><gpxtpx:speed>7674.70876054933888</gpxtpx:speed><gpxtpx:course>0.00000000000000</gpxtpx:course></gpxtpx:TrackPointExtension></extensions></trkpt>
      <trkpt lon="-82.96008615302547" lat="-82.73894981078115"><ele>520912.02726466674358</ele><time>2023-01-20T10:10:27.400Z</time><hdop>7.65632101655262</hdop><vdop>21.71018133513631</vdop><pdop>23.02066951921699</pdop><extensions><gpxtpx:TrackPointExtension><gpxtpx:speed>7673.84179156192658</gpxtpx:speed><gpxtpx:course>0.00000000000000</gpxtpx:course></gpxtpx:TrackPointExtension></extensions></trkpt>
      <trkpt lon="-83.00998686784828" lat="-82.73979000542377"><ele>520918.09467258490622</ele><time>2023-01-20T10:10:27.500Z</time><hdop>7.65524731215090</hdop><vdop>21.70957685805674</vdop><pdop>23.01974236967187</pdop><extensions><gpxtpx:TrackPointExtension><gpxtpx:speed>7673.20498092157140</gpxtpx:speed><gpxtpx:course>0.00000000000000</gpxtpx:course></gpxtpx:TrackPointExtension></extensions></trkpt>
      <trkpt lon="-83.05976850303290" lat="-82.74063103455411"><ele>520922.79720179736614</ele><time>2023-01-20T10:10:27.600Z</time><hdop>7.65417296824924</hdop><vdop>21.70897470318211</vdop><pdop>23.01881722615822</pdop><extensions><gpxtpx:TrackPointExtension><gpxtpx:speed>7674.63957026098069</gpxtpx:speed><gpxtpx:course>0.00000000000000</gpxtpx:course></gpxtpx:TrackPointExtension></extensions></trkpt>
      <trkpt lon="-83.10962028185578" lat="-82.74144659274711"><ele>520922.21890647616237</ele><time>2023-01-20T10:10:27.700Z</time><hdop>7.65311008587885</hdop><vdop>21.70837464062497</vdop><pdop>23.01789789542715</pdop><extensions><gpxtpx:TrackPointExtension><gpxtpx:speed>7673.70519731958939</gpxtpx:speed><gpxtpx:course>0.00000000000000</gpxtpx:course></gpxtpx:TrackPointExtension></extensions></trkpt>
      <trkpt lon="-83.15952598732343" lat="-82.74226265064563"><ele>520925.23990302439779</ele><time>2023-01-20T10:10:27.800Z</time><hdop>7.65204445308905</hdop><vdop>21.70777153570178</vdop><pdop>23.01697480900293</pdop><extensions><gpxtpx:TrackPointExtension><gpxtpx:speed>7673.85173328398560</gpxtpx:speed><gpxtpx:course>0.00000000000000</gpxtpx:course></gpxtpx:TrackPointExtension></extensions></trkpt>
      <trkpt lon="-83.20941098222667" lat="-82.74306738846536"><ele>520924.93510290700942</ele><time>2023-01-20T10:10:27.900Z</time><hdop>7.65098352767722</hdop><vdop>21.70717075283402</vdop><pdop>23.01605550552659</pdop><extensions><gpxtpx:TrackPointExtension><gpxtpx:speed>7674.07288393075760</gpxtpx:speed><gpxtpx:course>0.00000000000000</gpxtpx:course></gpxtpx:TrackPointExtension></extensions></trkpt>
      <trkpt lon="-83.25934061183008" lat="-82.74382054029454"><ele>520911.42022466473281</ele><time>2023-01-20T10:10:28.000Z</time><hdop>7.64994606775809</hdop><vdop>21.70657520010926</vdop><pdop>23.01514896231623</pdop><extensions><gpxtpx:TrackPointExtension><gpxtpx:speed>7674.47048802774498</gpxtpx:speed><gpxtpx:course>0.00000000000000</gpxtpx:course></gpxtpx:TrackPointExtension></extensions></trkpt>
      <trkpt lon="-83.30926864849630" lat="-82.74467748215977"><ele>520932.67366938479245</ele><time>2023-01-20T10:10:28.100Z</time><hdop>7.64885581423651</hdop><vdop>21.70596293919419</vdop><pdop>23.01420914097748</pdop><extensions><gpxtpx:TrackPointExtension><gpxtpx:speed>7673.81692024765107</gpxtpx:speed><gpxtpx:course>0.00000000000000</gpxtpx:course></gpxtpx:TrackPointExtension></extensions></trkpt>
      <trkpt lon="-83.35909237348483" lat="-82.74544204497138"><ele>520923.26561405323446</ele><time>2023-01-20T10:10:28.200Z</time><hdop>7.64781188994673</hdop><vdop>21.70536704058822</vdop><pdop>23.01330017773775</pdop><extensions><gpxtpx:TrackPointExtension><gpxtpx:speed>7673.74632134213698</gpxtpx:speed><gpxtpx:course>0.00000000000000</gpxtpx:course></gpxtpx:TrackPointExtension></extensions></trkpt>
      <trkpt lon="-83.40910465609775" lat="-82.74625527606855"><ele>520933.19712735712528</ele><time>2023-01-20T10:10:28.300Z</time><hdop>7.64674021348065</hdop><vdop>21.70476042919718</vdop><pdop>23.01237191558719</pdop><extensions><gpxtpx:TrackPointExtension><gpxtpx:speed>7673.93286224450367</gpxtpx:speed><gpxtpx:course>0.00000000000000</gpxtpx:course></gpxtpx:TrackPointExtension></extensions></trkpt>
      <trkpt lon="-83.45902242731518" lat="-82.74700342761875"><ele>520924.10486613120884</ele><time>2023-01-20T10:10:28.400Z</time><hdop>7.64570042665394</hdop><vdop>21.70416285936720</vdop><pdop>23.01146280530794</pdop><extensions><gpxtpx:TrackPointExtension><gpxtpx:speed>7673.14120103122423</gpxtpx:speed><gpxtpx:course>0.00000000000000</gpxtpx:course></gpxtpx:TrackPointExtension></extensions></trkpt>
      <trkpt lon="-83.50896432727116" lat="-82.74779152349831"><ele>520927.46432363800704</ele><time>2023-01-20T10:10:28.500Z</time><hdop>7.64463904831403</hdop><vdop>21.70356012499225</vdop><pdop>23.01054167720007</pdop><extensions><gpxtpx:TrackPointExtension><gpxtpx:speed>7674.22322962050112</gpxtpx:speed><gpxtpx:course>0.00000000000000</gpxtpx:course></gpxtpx:TrackPointExtension></extensions></trkpt>
      <trkpt lon="-83.55899803391145" lat="-82.74856399131208"><ele>520931.66150507982820</ele><time>2023-01-20T10:10:28.600Z</time><hdop>7.64358359173904</hdop><vdop>21.70295487864181</vdop><pdop>23.00962017479352</pdop><extensions><gpxtpx:TrackPointExtension><gpxtpx:speed>7673.79548652128051</gpxtpx:speed><gpxtpx:course>0.00000000000000</gpxtpx:course></gpxtpx:TrackPointExtension></extensions></trkpt>
      <trkpt lon="-83.60893427465277" lat="-82.74933594337719"><ele>520934.45131043624133</ele><time>2023-01-20T10:10:28.700Z</time><hdop>7.64252781162775</hdop><vdop>21.70235160584023</vdop><pdop>23.00870045385049</pdop><extensions><gpxtpx:TrackPointExtension><gpxtpx:speed>7673.01526440003636</gpxtpx:speed><gpxtpx:course>0.00000000000000</gpxtpx:course></gpxtpx:TrackPointExtension></extensions></trkpt>
      <trkpt lon="-83.65894479209163" lat="-82.75009342873093"><ele>520936.13018206786364</ele><time>2023-01-20T10:10:28.800Z</time><hdop>7.64147720124251</hdop><vdop>21.70174791809265</vdop><pdop>23.00778208601489</pdop><extensions><gpxtpx:TrackPointExtension><gpxtpx:speed>7673.15901233553814</gpxtpx:speed><gpxtpx:course>0.00000000000000</gpxtpx:course></gpxtpx:TrackPointExtension></extensions></trkpt>
      <trkpt lon="-83.70881946057023" lat="-82.75081778192589"><ele>520924.46820560656488</ele><time>2023-01-20T10:10:28.900Z</time><hdop>7.64044377110170</hdop><vdop>21.70115306607858</vdop><pdop>23.00687778506111</pdop><extensions><gpxtpx:TrackPointExtension><gpxtpx:speed>7673.62713786843960</gpxtpx:speed><gpxtpx:course>0.00000000000000</gpxtpx:course></gpxtpx:TrackPointExtension></extensions></trkpt>
      <trkpt lon="-83.75883804634474" lat="-82.75158726122879"><ele>520932.80527020990849</ele><time>2023-01-20T10:10:29.000Z</time><hdop>7.63938444871118</hdop><vdop>21.70054611289083</vdop><pdop>23.00595349801680</pdop><extensions><gpxtpx:TrackPointExtension><gpxtpx:speed>7673.37467642439060</gpxtpx:speed><gpxtpx:course>0.00000000000000</gpxtpx:course></gpxtpx:TrackPointExtension></extensions></trkpt>
      <trkpt lon="-83.80891256056040" lat="-82.75233326132262"><ele>520935.35696570575237</ele><time>2023-01-20T10:10:29.100Z</time><hdop>7.63833471091718</hdop><vdop>21.69994181343534</vdop><pdop>23.00503492417436</pdop><extensions><gpxtpx:TrackPointExtension><gpxtpx:speed>7673.26346788011506</gpxtpx:speed><gpxtpx:course>0.00000000000000</gpxtpx:course></gpxtpx:TrackPointExtension></extensions></trkpt>
      <trkpt lon="-83.85894406418191" lat="-82.75306815127219"><ele>520935.57813396211714</ele><time>2023-01-20T10:10:29.200Z</time><hdop>7.63728981886696</hdop><vdop>21.69933880298472</vdop><pdop>23.00411920209264</pdop><extensions><gpxtpx:TrackPointExtension><gpxtpx:speed>7674.22093559517270</gpxtpx:speed><gpxtpx:course>0.00000000000000</gpxtpx:course></gpxtpx:TrackPointExtension></extensions></trkpt>
      <trkpt lon="-83.90892849448281" lat="-82.75375536944257"><ele>520920.74745037592947</ele><time>2023-01-20T10:10:29.300Z</time><hdop>7.63626876109386</hdop><vdop>21.69874418011395</vdop><pdop>23.00321933090425</pdop><extensions><gpxtpx:TrackPointExtension><gpxtpx:speed>7674.13434709290414</gpxtpx:speed><gpxtpx:course>0.00000000000000</gpxtpx:course></gpxtpx:TrackPointExtension></extensions></trkpt>
      <trkpt lon="-83.95893581382145" lat="-82.75448165001346"><ele>520920.47328034508973</ele><time>2023-01-20T10:10:29.400Z</time><hdop>7.63522562841937</hdop><vdop>21.69814179105364</vdop><pdop>23.00230483194109</pdop><extensions><gpxtpx:TrackPointExtension><gpxtpx:speed>7673.83674880662238</gpxtpx:speed><gpxtpx:course>0.00000000000000</gpxtpx:course></gpxtpx:TrackPointExtension></extensions></trkpt>
      <trkpt lon="-84.00901283587254" lat="-82.75521810781107"><ele>520927.73860435374081</ele><time>2023-01-20T10:10:29.500Z</time><hdop>7.63417522152632</hdop><vdop>21.69753420533775</vdop><pdop>23.00138304330347</pdop><extensions><gpxtpx:TrackPointExtension><gpxtpx:speed>7674.05388192227656</gpxtpx:speed><gpxtpx:course>0.00000000000000</gpxtpx:course></gpxtpx:TrackPointExtension></extensions></trkpt>
      <trkpt lon="-84.05909808834885" lat="-82.75592358791948"><ele>520923.90951648820192</ele><time>2023-01-20T10:10:29.600Z</time><hdop>7.63313963215999</hdop><vdop>21.69693368375803</vdop><pdop>23.00047286299665</pdop><extensions><gpxtpx:TrackPointExtension><gpxtpx:speed>7673.42239412423896</gpxtpx:speed><gpxtpx:course>0.00000000000000</gpxtpx:course></gpxtpx:TrackPointExtension></extensions></trkpt>
      <trkpt lon="-84.10920319511592" lat="-82.75665622623814"><ele>520932.11591670848429</ele><time>2023-01-20T10:10:29.700Z</time><hdop>7.63208872684546</hdop><vdop>21.69632625369603</vdop><pdop>22.99955110955997</pdop><extensions><gpxtpx:TrackPointExtension><gpxtpx:speed>7673.80053761550153</gpxtpx:speed><gpxtpx:course>0.00000000000000</gpxtpx:course></gpxtpx:TrackPointExtension></extensions></trkpt>
      <trkpt lon="-84.15926571526084" lat="-82.75732275755895"><ele>520920.51507589500397</ele><time>2023-01-20T10:10:29.800Z</time><hdop>7.63106970353339</hdop><vdop>21.69572848305988</vdop><pdop>22.99864907404000</pdop><extensions><gpxtpx:TrackPointExtension><gpxtpx:speed>7673.45447115538445</gpxtpx:speed><gpxtpx:course>0.00000000000000</gpxtpx:course></gpxtpx:TrackPointExtension></extensions></trkpt>
      <trkpt lon="-84.20939814251201" lat="-82.75805383012109"><ele>520933.73874201718718</ele><time>2023-01-20T10:10:29.900Z</time><hdop>7.63001548314064</hdop><vdop>21.69511695783933</vdop><pdop>22.99772241086699</pdop><extensions><gpxtpx:TrackPointExtension><gpxtpx:speed>7673.60573278410902</gpxtpx:speed><gpxtpx:course>0.00000000000000</gpxtpx:course></gpxtpx:TrackPointExtension></extensions></trkpt>
      <trkpt lon="-84.25950076052455" lat="-82.75876634159150"><ele>520939.57052988279611</ele><time>2023-01-20T10:10:30.000Z</time><hdop>7.62897103612407</hdop><vdop>21.69451108991970</vdop><pdop>22.99680435409817</pdop><extensions><gpxtpx:TrackPointExtension><gpxtpx:speed>7674.66609900669664</gpxtpx:speed><gpxtpx:course>0.00000000000000</gpxtpx:course></gpxtpx:TrackPointExtension></extensions></trkpt>
      <trkpt lon="-84.30962038622539" lat="-82.75945726187585"><ele>520943.12115544639528</ele><time>2023-01-20T10:10:30.100Z</time><hdop>7.62793462455989</hdop><vdop>21.69390423399508</vdop><pdop>22.99588805743995</pdop><extensions><gpxtpx:TrackPointExtension><gpxtpx:speed>7674.21378418701897</gpxtpx:speed><gpxtpx:course>0.00000000000000</gpxtpx:course></gpxtpx:TrackPointExtension></extensions></trkpt>
      <trkpt lon="-84.35966749474227" lat="-82.76010477324094"><ele>520930.95550252497196</ele><time>2023-01-20T10:10:30.200Z</time><hdop>7.62692033418254</hdop><vdop>21.69330709422231</vdop><pdop>22.99498829023844</pdop><extensions><gpxtpx:TrackPointExtension><gpxtpx:speed>7673.85326087183057</gpxtpx:speed><gpxtpx:course>0.00000000000000</gpxtpx:course></gpxtpx:TrackPointExtension></extensions></trkpt>
      <trkpt lon="-84.40986252124912" lat="-82.76079977442770"><ele>520937.60534466244280</ele><time>2023-01-20T10:10:30.300Z</time><hdop>7.62587878175357</hdop><vdop>21.69269952405819</vdop><pdop>22.99406966665696</pdop><extensions><gpxtpx:TrackPointExtension><gpxtpx:speed>7674.05019926643763</gpxtpx:speed><gpxtpx:course>0.00000000000000</gpxtpx:course></gpxtpx:TrackPointExtension></extensions></trkpt>
      <trkpt lon="-84.45993876107543" lat="-82.76147348305641"><ele>520934.26473635062575</ele><time>2023-01-20T10:10:30.400Z</time><hdop>7.62484932702698</hdop><vdop>21.69209967712535</vdop><pdop>22.99316236758670</pdop><extensions><gpxtpx:TrackPointExtension><gpxtpx:speed>7674.25287908994233</gpxtpx:speed><gpxtpx:course>0.00000000000000</gpxtpx:course></gpxtpx:TrackPointExtension></extensions></trkpt>
      <trkpt lon="-84.51004524612577" lat="-82.76207583613107"><ele>520915.41363308578730</ele><time>2023-01-20T10:10:30.500Z</time><hdop>7.62385199850432</hdop><vdop>21.69150377380362</vdop><pdop>22.99226946745438</pdop><extensions><gpxtpx:TrackPointExtension><gpxtpx:speed>7673.75597522403223</gpxtpx:speed><gpxtpx:course>0.00000000000000</gpxtpx:course></gpxtpx:TrackPointExtension></extensions></trkpt>
      <trkpt lon="-84.56021092052809" lat="-82.76276555795370"><ele>520925.22991677559912</ele><time>2023-01-20T10:10:30.600Z</time><hdop>7.62280960368138</hdop><vdop>21.69089457614443</vdop><pdop>22.99134910716178</pdop><extensions><gpxtpx:TrackPointExtension><gpxtpx:speed>7673.55486100419603</gpxtpx:speed><gpxtpx:course>0.00000000000000</gpxtpx:course></gpxtpx:TrackPointExtension></extensions></trkpt>
      <trkpt lon="-84.61045273996639" lat="-82.76346062180943"><ele>520940.28748817928135</ele><time>2023-01-20T10:10:30.700Z</time><hdop>7.62176189862417</hdop><vdop>21.69028156648361</vdop><pdop>22.99042341655885</pdop><extensions><gpxtpx:TrackPointExtension><gpxtpx:speed>7673.13908646751042</gpxtpx:speed><gpxtpx:course>0.00000000000000</gpxtpx:course></gpxtpx:TrackPointExtension></extensions></trkpt>
      <trkpt lon="-84.66056432541454" lat="-82.76410103064804"><ele>520935.95821376983076</ele><time>2023-01-20T10:10:30.800Z</time><hdop>7.62074263616060</hdop><vdop>21.68968009002185</vdop><pdop>22.98951806224058</pdop><extensions><gpxtpx:TrackPointExtension><gpxtpx:speed>7673.63594192163055</gpxtpx:speed><gpxtpx:course>0.00000000000000</gpxtpx:course></gpxtpx:TrackPointExtension></extensions></trkpt>
      <trkpt lon="-84.71081153238373" lat="-82.76477069525447"><ele>520946.13596754241735</ele><time>2023-01-20T10:10:30.900Z</time><hdop>7.61970506036237</hdop><vdop>21.68906940435523</vdop><pdop>22.98859797451445</pdop><extensions><gpxtpx:TrackPointExtension><gpxtpx:speed>7673.91791393167387</gpxtpx:speed><gpxtpx:course>0.00000000000000</gpxtpx:course></gpxtpx:TrackPointExtension></extensions></trkpt>
      <trkpt lon="-84.76099528004953" lat="-82.76539283495912"><ele>520942.21110427379608</ele><time>2023-01-20T10:10:31.000Z</time><hdop>7.61869056554289</hdop><vdop>21.68846575815046</vdop><pdop>22.98769220422001</pdop><extensions><gpxtpx:TrackPointExtension><gpxtpx:speed>7674.13446871758060</gpxtpx:speed><gpxtpx:course>0.00000000000000</gpxtpx:course></gpxtpx:TrackPointExtension></extensions></trkpt>
      <trkpt lon="-84.81123099940272" lat="-82.76607258509269"><ele>520956.64123199321330</ele><time>2023-01-20T10:10:31.100Z</time><hdop>7.61764607890694</hdop><vdop>21.68785427064181</vdop><pdop>22.98676912156388</pdop><extensions><gpxtpx:TrackPointExtension><gpxtpx:speed>7673.83834944969203</gpxtpx:speed><gpxtpx:course>0.00000000000000</gpxtpx:course></gpxtpx:TrackPointExtension></extensions></trkpt>
      <trkpt lon="-84.86138433992842" lat="-82.76665079128684"><ele>520940.87757377978414</ele><time>2023-01-20T10:10:31.200Z</time><hdop>7.61665105491318</hdop><vdop>21.68725674109898</vdop><pdop>22.98587562497138</pdop><extensions><gpxtpx:TrackPointExtension><gpxtpx:speed>7674.10288424147711</gpxtpx:speed><gpxtpx:course>0.00000000000000</gpxtpx:course></gpxtpx:TrackPointExtension></extensions></trkpt>
      <trkpt lon="-84.91172252768214" lat="-82.76734462598353"><ele>520964.14545797463506</ele><time>2023-01-20T10:10:31.300Z</time><hdop>7.61559544701558</hdop><vdop>21.68664012630420</vdop><pdop>22.98494407172730</pdop><extensions><gpxtpx:TrackPointExtension><gpxtpx:speed>7674.06885728991710</gpxtpx:speed><gpxtpx:course>0.00000000000000</gpxtpx:course></gpxtpx:TrackPointExtension></extensions></trkpt>
      <trkpt lon="-84.96188461027474" lat="-82.76792849381017"><ele>520954.11691579874605</ele><time>2023-01-20T10:10:31.400Z</time><hdop>7.61459513796285</hdop><vdop>21.68603946754496</vdop><pdop>22.98404592109503</pdop><extensions><gpxtpx:TrackPointExtension><gpxtpx:speed>7674.08803689795695</gpxtpx:speed><gpxtpx:course>0.00000000000000</gpxtpx:course></gpxtpx:TrackPointExtension></extensions></trkpt>
      <trkpt lon="-85.01209246241706" lat="-82.76851091573673"><ele>520943.04247400444001</ele><time>2023-01-20T10:10:31.500Z</time><hdop>7.61359361946006</hdop><vdop>21.68544036342437</vdop><pdop>22.98314886080490</pdop><extensions><gpxtpx:TrackPointExtension><gpxtpx:speed>7673.86761298446709</gpxtpx:speed><gpxtpx:course>0.00000000000000</gpxtpx:course></gpxtpx:TrackPointExtension></extensions></trkpt>
      <trkpt lon="-85.06235311509585" lat="-82.76913051499818"><ele>520947.68233274854720</ele><time>2023-01-20T10:10:31.600Z</time><hdop>7.61257216258748</hdop><vdop>21.68483259220308</vdop><pdop>22.98223704260477</pdop><extensions><gpxtpx:TrackPointExtension><gpxtpx:speed>7673.83298893555730</gpxtpx:speed><gpxtpx:course>0.00000000000000</gpxtpx:course></gpxtpx:TrackPointExtension></extensions></trkpt>
      <trkpt lon="-85.11266026687916" lat="-82.76977937257169"><ele>520962.38594745844603</ele><time>2023-01-20T10:10:31.700Z</time><hdop>7.61153453531890</hdop><vdop>21.68422044914874</vdop><pdop>22.98131576889437</pdop><extensions><gpxtpx:TrackPointExtension><gpxtpx:speed>7674.17858952529878</gpxtpx:speed><gpxtpx:course>0.00000000000000</gpxtpx:course></gpxtpx:TrackPointExtension></extensions></trkpt>
      <trkpt lon="-85.16293721613351" lat="-82.77036025250381"><ele>520959.94962709303945</ele><time>2023-01-20T10:10:31.800Z</time><hdop>7.61052848255335</hdop><vdop>21.68361456909735</vdop><pdop>22.98041088764356</pdop><extensions><gpxtpx:TrackPointExtension><gpxtpx:speed>7673.73144796571250</gpxtpx:speed><gpxtpx:course>0.00000000000000</gpxtpx:course></gpxtpx:TrackPointExtension></extensions></trkpt>
      <trkpt lon="-85.21316774240545" lat="-82.77092672293627"><ele>520951.95583613216877</ele><time>2023-01-20T10:10:31.900Z</time><hdop>7.60952941362622</hdop><vdop>21.68301290205839</vdop><pdop>22.97951231875196</pdop><extensions><gpxtpx:TrackPointExtension><gpxtpx:speed>7673.32496469736816</gpxtpx:speed><gpxtpx:course>0.00000000000000</gpxtpx:course></gpxtpx:TrackPointExtension></extensions></trkpt>
      <trkpt lon="-85.26342500341931" lat="-82.77150008712600"><ele>520947.90016081929207</ele><time>2023-01-20T10:10:32.000Z</time><hdop>7.60852497207944</hdop><vdop>21.68240911998880</vdop><pdop>22.97860999924343</pdop><extensions><gpxtpx:TrackPointExtension><gpxtpx:speed>7673.79656698564122</gpxtpx:speed><gpxtpx:course>0.00000000000000</gpxtpx:course></gpxtpx:TrackPointExtension></extensions></trkpt>
      <trkpt lon="-85.31367058157259" lat="-82.77206487549425"><ele>520945.76512197125703</ele><time>2023-01-20T10:10:32.100Z</time><hdop>7.60752289391741</hdop><vdop>21.68180248578013</vdop><pdop>22.97770579526727</pdop><extensions><gpxtpx:TrackPointExtension><gpxtpx:speed>7673.46504339227249</gpxtpx:speed><gpxtpx:course>0.00000000000000</gpxtpx:course></gpxtpx:TrackPointExtension></extensions></trkpt>
      <trkpt lon="-85.36396120737551" lat="-82.77264633463217"><ele>520950.50162964314222</ele><time>2023-01-20T10:10:32.200Z</time><hdop>7.60651158223166</hdop><vdop>21.68119282889844</vdop><pdop>22.97679570641872</pdop><extensions><gpxtpx:TrackPointExtension><gpxtpx:speed>7673.71931912308810</gpxtpx:speed><gpxtpx:course>0.00000000000000</gpxtpx:course></gpxtpx:TrackPointExtension></extensions></trkpt>
      <trkpt lon="-85.41427657621441" lat="-82.77321276464600"><ele>520948.69080799445510</ele><time>2023-01-20T10:10:32.300Z</time><hdop>7.60550636168505</hdop><vdop>21.68058812733907</vdop><pdop>22.97589233446543</pdop><extensions><gpxtpx:TrackPointExtension><gpxtpx:speed>7674.21150550814764</gpxtpx:speed><gpxtpx:course>0.00000000000000</gpxtpx:course></gpxtpx:TrackPointExtension></extensions></trkpt>
      <trkpt lon="-85.46467430958006" lat="-82.77382246337255"><ele>520964.78387026116252</ele><time>2023-01-20T10:10:32.400Z</time><hdop>7.60447690857964</hdop><vdop>21.67997327979945</vdop><pdop>22.97497139205921</pdop><extensions><gpxtpx:TrackPointExtension><gpxtpx:speed>7673.92944720874493</gpxtpx:speed><gpxtpx:course>0.00000000000000</gpxtpx:course></gpxtpx:TrackPointExtension></extensions></trkpt>
      <trkpt lon="-85.51493741482503" lat="-82.77434515508227"><ele>520955.49219377804548</ele><time>2023-01-20T10:10:32.500Z</time><hdop>7.60349088620958</hdop><vdop>21.67937024429495</vdop><pdop>22.97407599547572</pdop><extensions><gpxtpx:TrackPointExtension><gpxtpx:speed>7674.63257239390168</gpxtpx:speed><gpxtpx:course>0.00000000000000</gpxtpx:course></gpxtpx:TrackPointExtension></extensions></trkpt>
      <trkpt lon="-85.56510612248739" lat="-82.77484064628757"><ele>520930.20345812663436</ele><time>2023-01-20T10:10:32.600Z</time><hdop>7.60251925396146</hdop><vdop>21.67877985112922</vdop><pdop>22.97319731427432</pdop><extensions><gpxtpx:TrackPointExtension><gpxtpx:speed>7673.50431796171597</gpxtpx:speed><gpxtpx:course>0.00000000000000</gpxtpx:course></gpxtpx:TrackPointExtension></extensions></trkpt>
      <trkpt lon="-85.61547274550567" lat="-82.77541670887346"><ele>520944.03396323323250</ele><time>2023-01-20T10:10:32.700Z</time><hdop>7.60150265559226</hdop><vdop>21.67816392727734</vdop><pdop>22.97227968402101</pdop><extensions><gpxtpx:TrackPointExtension><gpxtpx:speed>7673.70237527404061</gpxtpx:speed><gpxtpx:course>0.00000000000000</gpxtpx:course></gpxtpx:TrackPointExtension></extensions></trkpt>
      <trkpt lon="-85.66588544476915" lat="-82.77599156980698"><ele>520953.51126878615469</ele><time>2023-01-20T10:10:32.800Z</time><hdop>7.60048544411766</hdop><vdop>21.67755328727525</vdop><pdop>22.97136686200676</pdop><extensions><gpxtpx:TrackPointExtension><gpxtpx:speed>7673.61905440755709</gpxtpx:speed><gpxtpx:course>0.00000000000000</gpxtpx:course></gpxtpx:TrackPointExtension></extensions></trkpt>
      <trkpt lon="-85.71620996409720" lat="-82.77650022433681"><ele>520946.91051452141255</ele><time>2023-01-20T10:10:32.900Z</time><hdop>7.59950018344176</hdop><vdop>21.67694825607641</vdop><pdop>22.97046992847002</pdop><extensions><gpxtpx:TrackPointExtension><gpxtpx:speed>7673.87202784052170</gpxtpx:speed><gpxtpx:course>0.00000000000000</gpxtpx:course></gpxtpx:TrackPointExtension></extensions></trkpt>
      <trkpt lon="-85.76657890396812" lat="-82.77704442897161"><ele>520951.59367667883635</ele><time>2023-01-20T10:10:33.000Z</time><hdop>7.59849551600199</hdop><vdop>21.67633871214755</vdop><pdop>22.96956233954946</pdop><extensions><gpxtpx:TrackPointExtension><gpxtpx:speed>7674.29501723696194</gpxtpx:speed><gpxtpx:course>0.00000000000000</gpxtpx:course></gpxtpx:TrackPointExtension></extensions></trkpt>
      <trkpt lon="-85.81691524902574" lat="-82.77754833086880"><ele>520942.45448774285614</ele><time>2023-01-20T10:10:33.100Z</time><hdop>7.59751002757929</hdop><vdop>21.67573704867250</vdop><pdop>22.96866855571653</pdop><extensions><gpxtpx:TrackPointExtension><gpxtpx:speed>7673.67611679278798</gpxtpx:speed><gpxtpx:course>0.00000000000000</gpxtpx:course></gpxtpx:TrackPointExtension></extensions></trkpt>
      <trkpt lon="-85.86734811049277" lat="-82.77811077044228"><ele>520960.04257497563958</ele><time>2023-01-20T10:10:33.200Z</time><hdop>7.59649241840737</hdop><vdop>21.67511894000114</vdop><pdop>22.96774865166625</pdop><extensions><gpxtpx:TrackPointExtension><gpxtpx:speed>7673.30511627491796</gpxtpx:speed><gpxtpx:course>0.00000000000000</gpxtpx:course></gpxtpx:TrackPointExtension></extensions></trkpt>
      <trkpt lon="-85.91774856953612" lat="-82.77862927404358"><ele>520961.94534720666707</ele><time>2023-01-20T10:10:33.300Z</time><hdop>7.59549636971901</hdop><vdop>21.67451039661227</vdop><pdop>22.96684492992602</pdop><extensions><gpxtpx:TrackPointExtension><gpxtpx:speed>7674.34740614469047</gpxtpx:speed><gpxtpx:course>0.00000000000000</gpxtpx:course></gpxtpx:TrackPointExtension></extensions></trkpt>
      <trkpt lon="-85.96808705943184" lat="-82.77912780051867"><ele>520957.02437629085034</ele><time>2023-01-20T10:10:33.400Z</time><hdop>7.59451016250261</hdop><vdop>21.67390627770892</vdop><pdop>22.96594866194875</pdop><extensions><gpxtpx:TrackPointExtension><gpxtpx:speed>7673.46145770524981</gpxtpx:speed><gpxtpx:course>0.00000000000000</gpxtpx:course></gpxtpx:TrackPointExtension></extensions></trkpt>
      <trkpt lon="-86.01853259661888" lat="-82.77966218730249"><ele>520968.66801922209561</ele><time>2023-01-20T10:10:33.500Z</time><hdop>7.59350259658412</hdop><vdop>21.67329195603876</vdop><pdop>22.96503572599059</pdop><extensions><gpxtpx:TrackPointExtension><gpxtpx:speed>7674.00461221970363</gpxtpx:speed><gpxtpx:course>0.00000000000000</gpxtpx:course></gpxtpx:TrackPointExtension></extensions></trkpt>
      <trkpt lon="-86.06888018092367" lat="-82.78011176436871"><ele>520952.34263513330370</ele><time>2023-01-20T10:10:33.600Z</time><hdop>7.59253695431657</hdop><vdop>21.67269235272025</vdop><pdop>22.96415056600879</pdop><extensions><gpxtpx:TrackPointExtension><gpxtpx:speed>7673.59766246395338</gpxtpx:speed><gpxtpx:course>0.00000000000000</gpxtpx:course></gpxtpx:TrackPointExtension></extensions></trkpt>
      <trkpt lon="-86.11927467626622" lat="-82.78058805652094"><ele>520947.38296288531274</ele><time>2023-01-20T10:10:33.700Z</time><hdop>7.59155660185956</hdop><vdop>21.67208678762582</vdop><pdop>22.96325493847993</pdop><extensions><gpxtpx:TrackPointExtension><gpxtpx:speed>7673.90449843219722</gpxtpx:speed><gpxtpx:course>0.00000000000000</gpxtpx:course></gpxtpx:TrackPointExtension></extensions></trkpt>
      <trkpt lon="-86.16963888153417" lat="-82.78108835876836"><ele>520952.19727307464927</ele><time>2023-01-20T10:10:33.800Z</time><hdop>7.59056259479044</hdop><vdop>21.67147592457349</vdop><pdop>22.96234981997269</pdop><extensions><gpxtpx:TrackPointExtension><gpxtpx:speed>7673.75137094824095</gpxtpx:speed><gpxtpx:course>0.00000000000000</gpxtpx:course></gpxtpx:TrackPointExtension></extensions></trkpt>
      <trkpt lon="-86.22009096849912" lat="-82.78161394506049"><ele>520966.17840381525457</ele><time>2023-01-20T10:10:33.900Z</time><hdop>7.58955396450359</hdop><vdop>21.67086092385679</vdop><pdop>22.96143598648079</pdop><extensions><gpxtpx:TrackPointExtension><gpxtpx:speed>7674.01133135442888</gpxtpx:speed><gpxtpx:course>0.00000000000000</gpxtpx:course></gpxtpx:TrackPointExtension></extensions></trkpt>
      <trkpt lon="-86.27050678361894" lat="-82.78207800671480"><ele>520963.86241110600531</ele><time>2023-01-20T10:10:34.000Z</time><hdop>7.58857586758264</hdop><vdop>21.67025324537832</vdop><pdop>22.96053917957693</pdop><extensions><gpxtpx:TrackPointExtension><gpxtpx:speed>7674.00122883238691</gpxtpx:speed><gpxtpx:course>0.00000000000000</gpxtpx:course></gpxtpx:TrackPointExtension></extensions></trkpt>
      <trkpt lon="-86.32101441305994" lat="-82.78256690879223"><ele>520973.36888361163437</ele><time>2023-01-20T10:10:34.100Z</time><hdop>7.58758086865301</hdop><vdop>21.66963784009751</vdop><pdop>22.95962951703131</pdop><extensions><gpxtpx:TrackPointExtension><gpxtpx:speed>7673.71093561235375</gpxtpx:speed><gpxtpx:course>0.00000000000000</gpxtpx:course></gpxtpx:TrackPointExtension></extensions></trkpt>
      <trkpt lon="-86.37145542435097" lat="-82.78302917950042"><ele>520969.99372500833124</ele><time>2023-01-20T10:10:34.200Z</time><hdop>7.58660054180225</hdop><vdop>21.66903242404947</vdop><pdop>22.95873415446464</pdop><extensions><gpxtpx:TrackPointExtension><gpxtpx:speed>7673.96350570830691</gpxtpx:speed><gpxtpx:course>0.00000000000000</gpxtpx:course></gpxtpx:TrackPointExtension></extensions></trkpt>
      <trkpt lon="-86.42197967792042" lat="-82.78352558618236"><ele>520982.21338843461126</ele><time>2023-01-20T10:10:34.300Z</time><hdop>7.58560095998921</hdop><vdop>21.66841785934950</vdop><pdop>22.95782381785272</pdop><extensions><gpxtpx:TrackPointExtension><gpxtpx:speed>7673.26508044040656</gpxtpx:speed><gpxtpx:course>0.00000000000000</gpxtpx:course></gpxtpx:TrackPointExtension></extensions></trkpt>
      <trkpt lon="-86.47242348043588" lat="-82.78395576463339"><ele>520976.34264287911355</ele><time>2023-01-20T10:10:34.400Z</time><hdop>7.58463233985384</hdop><vdop>21.66781065182901</vdop><pdop>22.95693067843067</pdop><extensions><gpxtpx:TrackPointExtension><gpxtpx:speed>7673.76577940839434</gpxtpx:speed><gpxtpx:course>0.00000000000000</gpxtpx:course></gpxtpx:TrackPointExtension></extensions></trkpt>
      <trkpt lon="-86.52267846776111" lat="-82.78430393970113"><ele>520938.56062199082226</ele><time>2023-01-20T10:10:34.500Z</time><hdop>7.58370749237047</hdop><vdop>21.66722336306743</vdop><pdop>22.95607082222241</pdop><extensions><gpxtpx:TrackPointExtension><gpxtpx:speed>7673.60963566436476</gpxtpx:speed><gpxtpx:course>0.00000000000000</gpxtpx:course></gpxtpx:TrackPointExtension></extensions></trkpt>
      <trkpt lon="-86.57319047539193" lat="-82.78478973168541"><ele>520953.90526313334703</ele><time>2023-01-20T10:10:34.600Z</time><hdop>7.58270770903263</hdop><vdop>21.66660570655637</vdop><pdop>22.95515756957473</pdop><extensions><gpxtpx:TrackPointExtension><gpxtpx:speed>7673.52087132149609</gpxtpx:speed><gpxtpx:course>0.00000000000000</gpxtpx:course></gpxtpx:TrackPointExtension></extensions></trkpt>
      <trkpt lon="-86.62363448648748" lat="-82.78523759049088"><ele>520958.55597381759435</ele><time>2023-01-20T10:10:34.700Z</time><hdop>7.58172664418750</hdop><vdop>21.66599337937734</vdop><pdop>22.95425555365291</pdop><extensions><gpxtpx:TrackPointExtension><gpxtpx:speed>7673.04357254204388</gpxtpx:speed><gpxtpx:course>0.00000000000000</gpxtpx:course></gpxtpx:TrackPointExtension></extensions></trkpt>
      <trkpt lon="-86.67417743710828" lat="-82.78569807872060"><ele>520968.71248955838382</ele><time>2023-01-20T10:10:34.800Z</time><hdop>7.58073685943704</hdop><vdop>21.66537848861108</vdop><pdop>22.95334826091390</pdop><extensions><gpxtpx:TrackPointExtension><gpxtpx:speed>7673.77014380821583</gpxtpx:speed><gpxtpx:course>0.00000000000000</gpxtpx:course></gpxtpx:TrackPointExtension></extensions></trkpt>
      <trkpt lon="-86.72461594161656" lat="-82.78611061649242"><ele>520963.85392931103706</ele><time>2023-01-20T10:10:34.900Z</time><hdop>7.57977132399931</hdop><vdop>21.66477170500512</vdop><pdop>22.95245665182951</pdop><extensions><gpxtpx:TrackPointExtension><gpxtpx:speed>7673.43010158401648</gpxtpx:speed><gpxtpx:course>0.00000000000000</gpxtpx:course></gpxtpx:TrackPointExtension></extensions></trkpt>
      <trkpt lon="-86.77503579580765" lat="-82.78649947481773"><ele>520952.33847657311708</ele><time>2023-01-20T10:10:35.000Z</time><hdop>7.57881567568864</hdop><vdop>21.66416812783075</vdop><pdop>22.95157135616169</pdop><extensions><gpxtpx:TrackPointExtension><gpxtpx:speed>7673.33714242678343</gpxtpx:speed><gpxtpx:course>0.00000000000000</gpxtpx:course></gpxtpx:TrackPointExtension></extensions></trkpt>
      <trkpt lon="-86.82547809601506" lat="-82.78689140717293"><ele>520942.27504411526024</ele><time>2023-01-20T10:10:35.100Z</time><hdop>7.57785804209868</hdop><vdop>21.66356478744664</vdop><pdop>22.95068565002139</pdop><extensions><gpxtpx:TrackPointExtension><gpxtpx:speed>7673.66110092908366</gpxtpx:speed><gpxtpx:course>0.00000000000000</gpxtpx:course></gpxtpx:TrackPointExtension></extensions></trkpt>
      <trkpt lon="-86.87609830043110" lat="-82.78737204457005"><ele>520970.26850286405534</ele><time>2023-01-20T10:10:35.200Z</time><hdop>7.57685085797228</hdop><vdop>21.66293823941663</vdop><pdop>22.94976170004243</pdop><extensions><gpxtpx:TrackPointExtension><gpxtpx:speed>7673.86110007990737</gpxtpx:speed><gpxtpx:course>0.00000000000000</gpxtpx:course></gpxtpx:TrackPointExtension></extensions></trkpt>
      <trkpt lon="-86.92667537115722" lat="-82.78780397154429"><ele>520978.19793539959937</ele><time>2023-01-20T10:10:35.300Z</time><hdop>7.57586858943235</hdop><vdop>21.66232497365899</vdop><pdop>22.94885853694597</pdop><extensions><gpxtpx:TrackPointExtension><gpxtpx:speed>7673.82748587199967</gpxtpx:speed><gpxtpx:course>0.00000000000000</gpxtpx:course></gpxtpx:TrackPointExtension></extensions></trkpt>
      <trkpt lon="-86.97712592955764" lat="-82.78816814955164"><ele>520966.65813610050827</ele><time>2023-01-20T10:10:35.400Z</time><hdop>7.57491996186337</hdop><vdop>21.66172075036959</vdop><pdop>22.94797503693144</pdop><extensions><gpxtpx:TrackPointExtension><gpxtpx:speed>7673.80329024866660</gpxtpx:speed><gpxtpx:course>0.00000000000000</gpxtpx:course></gpxtpx:TrackPointExtension></extensions></trkpt>
      <trkpt lon="-87.02765413851347" lat="-82.78858283816081"><ele>520974.77936371043324</ele><time>2023-01-20T10:10:35.500Z</time><hdop>7.57394310895872</hdop><vdop>21.66110564250890</vdop><pdop>22.94707196732677</pdop><extensions><gpxtpx:TrackPointExtension><gpxtpx:speed>7674.18218614099351</gpxtpx:speed><gpxtpx:course>0.00000000000000</gpxtpx:course></gpxtpx:TrackPointExtension></extensions></trkpt>
      <trkpt lon="-87.07817451485583" lat="-82.78895954123125"><ele>520971.25356002897024</ele><time>2023-01-20T10:10:35.600Z</time><hdop>1.44483312021817</hdop><vdop>3.25459454544301</vdop><pdop>3.56088870936831</pdop><extensions><gpxtpx:TrackPointExtension><gpxtpx:speed>7674.16519159339168</gpxtpx:speed><gpxtpx:course>0.00000000000000</gpxtpx:course></gpxtpx:TrackPointExtension></extensions></trkpt>
      <trkpt lon="-87.12866332735780" lat="-82.78934386615295"><ele>520972.90346789639443</ele><time>2023-01-20T10:10:35.700Z</time><hdop>1.44456394736912</hdop><vdop>3.25450491815526</vdop><pdop>3.56069758057819</pdop><extensions><gpxtpx:TrackPointExtension><gpxtpx:speed>7674.15475783970032</gpxtpx:speed><gpxtpx:course>0.00000000000000</gpxtpx:course></gpxtpx:TrackPointExtension></extensions></trkpt>
      <trkpt lon="-87.17919915427362" lat="-82.78972490839580"><ele>520970.79278850369155</ele><time>2023-01-20T10:10:35.800Z</time><hdop>1.44429478650756</hdop><vdop>3.25441580665269</vdop><pdop>3.56050694044034</pdop><extensions><gpxtpx:TrackPointExtension><gpxtpx:speed>7673.67094644449935</gpxtpx:speed><gpxtpx:course>0.00000000000000</gpxtpx:course></gpxtpx:TrackPointExtension></extensions></trkpt>
      <trkpt lon="-87.22974130009476" lat="-82.79010345161842"><ele>520972.46657602954656</ele><time>2023-01-20T10:10:35.900Z</time><hdop>1.44402554905114</hdop><vdop>3.25432627095166</vdop><pdop>3.56031589386652</pdop><extensions><gpxtpx:TrackPointExtension><gpxtpx:speed>7673.81778059639328</gpxtpx:speed><gpxtpx:course>0.00000000000000</gpxtpx:course></gpxtpx:TrackPointExtension></extensions></trkpt>
      <trkpt lon="-87.28031959392179" lat="-82.79046941482892"><ele>520974.68432451318949</ele><time>2023-01-20T10:10:36.000Z</time><hdop>1.44375650106635</hdop><vdop>3.25423653557890</vdop><pdop>3.56012475397533</pdop><extensions><gpxtpx:TrackPointExtension><gpxtpx:speed>7673.23372971068511</gpxtpx:speed><gpxtpx:course>0.00000000000000</gpxtpx:course></gpxtpx:TrackPointExtension></extensions></trkpt>
      <trkpt lon="-87.33088642104492" lat="-82.79083191635242"><ele>520973.88125422876328</ele><time>2023-01-20T10:10:36.100Z</time><hdop>1.44348766819617</hdop><vdop>3.25414716121081</vdop><pdop>3.55993404363772</pdop><extensions><gpxtpx:TrackPointExtension><gpxtpx:speed>7673.22070783312847</gpxtpx:speed><gpxtpx:course>0.00000000000000</gpxtpx:course></gpxtpx:TrackPointExtension></extensions></trkpt>
      <trkpt lon="-87.38139508120042" lat="-82.79118924665265"><ele>520973.74987806938589</ele><time>2023-01-20T10:10:36.200Z</time><hdop>1.44321918469710</hdop><vdop>3.25405762217402</vdop><pdop>3.55974333674586</pdop><extensions><gpxtpx:TrackPointExtension><gpxtpx:speed>7673.52055326833033</gpxtpx:speed><gpxtpx:course>0.00000000000000</gpxtpx:course></gpxtpx:TrackPointExtension></extensions></trkpt>
      <trkpt lon="-87.43192728862489" lat="-82.79154039230268"><ele>520975.79081229027361</ele><time>2023-01-20T10:10:36.300Z</time><hdop>1.44295071930310</hdop><vdop>3.25396780826439</vdop><pdop>3.55955239820379</pdop><extensions><gpxtpx:TrackPointExtension><gpxtpx:speed>7673.47570585632184</gpxtpx:speed><gpxtpx:course>0.00000000000000</gpxtpx:course></gpxtpx:TrackPointExtension></extensions></trkpt>
      <trkpt lon="-87.48247611438670" lat="-82.79187403629633"><ele>520973.94908769708127</ele><time>2023-01-20T10:10:36.400Z</time><hdop>1.44268276701729</hdop><vdop>3.25387818831936</vdop><pdop>3.55936185722513</pdop><extensions><gpxtpx:TrackPointExtension><gpxtpx:speed>7673.84810359801850</gpxtpx:speed><gpxtpx:course>0.00000000000000</gpxtpx:course></gpxtpx:TrackPointExtension></extensions></trkpt>
      <trkpt lon="-87.53308748483103" lat="-82.79223309840442"><ele>520974.52023948729038</ele><time>2023-01-20T10:10:36.500Z</time><hdop>1.44241374208540</hdop><vdop>3.25378895403140</vdop><pdop>3.55917124633440</pdop><extensions><gpxtpx:TrackPointExtension><gpxtpx:speed>7673.70952449809556</gpxtpx:speed><gpxtpx:course>0.00000000000000</gpxtpx:course></gpxtpx:TrackPointExtension></extensions></trkpt>
      <trkpt lon="-87.58353246440331" lat="-82.79255783765160"><ele>520969.73688989877701</ele><time>2023-01-20T10:10:36.600Z</time><hdop>1.44214653162865</hdop><vdop>3.25369956087499</vdop><pdop>3.55898123781605</pdop><extensions><gpxtpx:TrackPointExtension><gpxtpx:speed>7673.67364990279657</gpxtpx:speed><gpxtpx:course>0.00000000000000</gpxtpx:course></gpxtpx:TrackPointExtension></extensions></trkpt>
      <trkpt lon="-87.63415480935294" lat="-82.79289337497669"><ele>520976.51006887760013</ele><time>2023-01-20T10:10:36.700Z</time><hdop>1.44187793741803</hdop><vdop>3.25360927787406</vdop><pdop>3.55878986728369</pdop><extensions><gpxtpx:TrackPointExtension><gpxtpx:speed>7673.48621912457838</gpxtpx:speed><gpxtpx:course>0.00000000000000</gpxtpx:course></gpxtpx:TrackPointExtension></extensions></trkpt>
      <trkpt lon="-87.68479986881026" lat="-82.79321233437145"><ele>520977.27086525131017</ele><time>2023-01-20T10:10:36.800Z</time><hdop>1.44160987538513</hdop><vdop>3.25351947171852</vdop><pdop>3.55859916057702</pdop><extensions><gpxtpx:TrackPointExtension><gpxtpx:speed>7673.89746352271140</gpxtpx:speed><gpxtpx:course>0.00000000000000</gpxtpx:course></gpxtpx:TrackPointExtension></extensions></trkpt>
      <trkpt lon="-87.73546532758768" lat="-82.79354018113548"><ele>520987.75716989859939</ele><time>2023-01-20T10:10:36.900Z</time><hdop>1.44134120713431</hdop><vdop>3.25342880124854</vdop><pdop>3.55840743032286</pdop><extensions><gpxtpx:TrackPointExtension><gpxtpx:speed>7673.86404689332539</gpxtpx:speed><gpxtpx:course>0.00000000000000</gpxtpx:course></gpxtpx:TrackPointExtension></extensions></trkpt>
      <trkpt lon="-87.78608175188646" lat="-82.79385807990265"><ele>520992.16752859298140</ele><time>2023-01-20T10:10:37.000Z</time><hdop>1.44107316926949</hdop><vdop>3.25333869202114</vdop><pdop>3.55821648079346</pdop><extensions><gpxtpx:TrackPointExtension><gpxtpx:speed>7673.84120094162154</gpxtpx:speed><gpxtpx:course>0.00000000000000</gpxtpx:course></gpxtpx:TrackPointExtension></extensions></trkpt>
      <trkpt lon="-87.83651542638763" lat="-82.79416500198521"><ele>520985.21334829740226</ele><time>2023-01-20T10:10:37.100Z</time><hdop>1.44080648997444</hdop><vdop>3.25324960413063</vdop><pdop>3.55802702748709</pdop><extensions><gpxtpx:TrackPointExtension><gpxtpx:speed>7673.91635558759208</gpxtpx:speed><gpxtpx:course>0.00000000000000</gpxtpx:course></gpxtpx:TrackPointExtension></extensions></trkpt>
      <trkpt lon="-87.88713234552621" lat="-82.79446429871219"><ele>520984.13361622951925</ele><time>2023-01-20T10:10:37.200Z</time><hdop>1.44053906789003</hdop><vdop>3.25315989961598</vdop><pdop>3.55783672174356</pdop><extensions><gpxtpx:TrackPointExtension><gpxtpx:speed>7673.45621729804679</gpxtpx:speed><gpxtpx:course>0.00000000000000</gpxtpx:course></gpxtpx:TrackPointExtension></extensions></trkpt>
      <trkpt lon="-87.93771497996437" lat="-82.79474537629110"><ele>520975.19828062690794</ele><time>2023-01-20T10:10:37.300Z</time><hdop>1.44027250156742</hdop><vdop>3.25307080719855</vdop><pdop>3.55764733432344</pdop><extensions><gpxtpx:TrackPointExtension><gpxtpx:speed>7673.99595493009110</gpxtpx:speed><gpxtpx:course>0.00000000000000</gpxtpx:course></gpxtpx:TrackPointExtension></extensions></trkpt>
      <trkpt lon="-87.98832741500316" lat="-82.79504518743410"><ele>520980.02894513681531</ele><time>2023-01-20T10:10:37.400Z</time><hdop>1.44000491424995</hdop><vdop>3.25298059467347</vdop><pdop>3.55745652150327</pdop><extensions><gpxtpx:TrackPointExtension><gpxtpx:speed>7673.48461276676062</gpxtpx:speed><gpxtpx:course>0.00000000000000</gpxtpx:course></gpxtpx:TrackPointExtension></extensions></trkpt>
      <trkpt lon="-88.03891791615290" lat="-82.79534135648986"><ele>520985.57103426940739</ele><time>2023-01-20T10:10:37.500Z</time><hdop>1.43973749804773</hdop><vdop>3.25289029616339</vdop><pdop>3.55726571149228</pdop><extensions><gpxtpx:TrackPointExtension><gpxtpx:speed>7674.14889915726508</gpxtpx:speed><gpxtpx:course>0.00000000000000</gpxtpx:course></gpxtpx:TrackPointExtension></extensions></trkpt>
      <trkpt lon="-88.08955764475964" lat="-82.79560849490964"><ele>520982.37785636913031</ele><time>2023-01-20T10:10:37.600Z</time><hdop>1.43947087581263</hdop><vdop>3.25280054408902</vdop><pdop>3.55707573463633</pdop><extensions><gpxtpx:TrackPointExtension><gpxtpx:speed>7673.70750591299475</gpxtpx:speed><gpxtpx:course>0.00000000000000</gpxtpx:course></gpxtpx:TrackPointExtension></extensions></trkpt>
      <trkpt lon="-88.14013698838500" lat="-82.79588436484241"><ele>520979.07781182695180</ele><time>2023-01-20T10:10:37.700Z</time><hdop>1.43920427029755</hdop><vdop>3.25271101220839</vdop><pdop>3.55688597801285</pdop><extensions><gpxtpx:TrackPointExtension><gpxtpx:speed>7673.82709214417719</gpxtpx:speed><gpxtpx:course>0.00000000000000</gpxtpx:course></gpxtpx:TrackPointExtension></extensions></trkpt>
      <trkpt lon="-88.19084966230227" lat="-82.79615758650854"><ele>520988.65189573634416</ele><time>2023-01-20T10:10:37.800Z</time><hdop>1.43893682089922</hdop><vdop>3.25262012461326</vdop><pdop>3.55669465228303</pdop><extensions><gpxtpx:TrackPointExtension><gpxtpx:speed>7673.74316454089239</gpxtpx:speed><gpxtpx:course>0.00000000000000</gpxtpx:course></gpxtpx:TrackPointExtension></extensions></trkpt>
      <trkpt lon="-88.24142789200508" lat="-82.79641814008855"><ele>520986.67141610011458</ele><time>2023-01-20T10:10:37.900Z</time><hdop>1.43867057672865</hdop><vdop>3.25253029184455</vdop><pdop>3.55650479090232</pdop><extensions><gpxtpx:TrackPointExtension><gpxtpx:speed>7673.84063407741269</gpxtpx:speed><gpxtpx:course>0.00000000000000</gpxtpx:course></gpxtpx:TrackPointExtension></extensions></trkpt>
      <trkpt lon="-88.29205458453099" lat="-82.79667405350673"><ele>520986.57639003172517</ele><time>2023-01-20T10:10:38.000Z</time><hdop>1.43840418711276</hdop><vdop>3.25244026802801</vdop><pdop>3.55631470803606</pdop><extensions><gpxtpx:TrackPointExtension><gpxtpx:speed>7673.83565312492738</gpxtpx:speed><gpxtpx:course>0.00000000000000</gpxtpx:course></gpxtpx:TrackPointExtension></extensions></trkpt>
      <trkpt lon="-88.34265426870311" lat="-82.79693278749117"><ele>520986.25872086174786</ele><time>2023-01-20T10:10:38.100Z</time><hdop>1.43813782590067</hdop><vdop>3.25235039534168</vdop><pdop>3.55612478695075</pdop><extensions><gpxtpx:TrackPointExtension><gpxtpx:speed>7673.76407735190878</gpxtpx:speed><gpxtpx:course>0.00000000000000</gpxtpx:course></gpxtpx:TrackPointExtension></extensions></trkpt>
      <trkpt lon="-88.39329793331316" lat="-82.79718438136193"><ele>520985.88469604868442</ele><time>2023-01-20T10:10:38.200Z</time><hdop>1.43787145731128</hdop><vdop>3.25226050433815</vdop><pdop>3.55593485820935</pdop><extensions><gpxtpx:TrackPointExtension><gpxtpx:speed>7673.82442021562565</gpxtpx:speed><gpxtpx:course>0.00000000000000</gpxtpx:course></gpxtpx:TrackPointExtension></extensions></trkpt>
      <trkpt lon="-88.44388854247552" lat="-82.79741678332883"><ele>520983.43626427371055</ele><time>2023-01-20T10:10:38.300Z</time><hdop>1.43760589269579</hdop><vdop>3.25217048451527</vdop><pdop>3.55574514877908</pdop><extensions><gpxtpx:TrackPointExtension><gpxtpx:speed>7673.89334509513810</gpxtpx:speed><gpxtpx:course>0.00000000000000</gpxtpx:course></gpxtpx:TrackPointExtension></extensions></trkpt>
      <trkpt lon="-88.49462293760199" lat="-82.79765530163401"><ele>520989.28355829883367</ele><time>2023-01-20T10:10:38.400Z</time><hdop>1.43733931971600</hdop><vdop>3.25207984801658</vdop><pdop>3.55555447966659</pdop><extensions><gpxtpx:TrackPointExtension><gpxtpx:speed>7673.99010576195542</gpxtpx:speed><gpxtpx:course>0.00000000000000</gpxtpx:course></gpxtpx:TrackPointExtension></extensions></trkpt>
      <trkpt lon="-88.54516755533571" lat="-82.79789378824120"><ele>520986.11055519338697</ele><time>2023-01-20T10:10:38.500Z</time><hdop>1.43707377122900</hdop><vdop>3.25199018395984</vdop><pdop>3.55536512618964</pdop><extensions><gpxtpx:TrackPointExtension><gpxtpx:speed>7674.19853461317143</gpxtpx:speed><gpxtpx:course>0.00000000000000</gpxtpx:course></gpxtpx:TrackPointExtension></extensions></trkpt>
      <trkpt lon="-88.59593345146148" lat="-82.79811481875826"><ele>520991.86045785527676</ele><time>2023-01-20T10:10:38.600Z</time><hdop>1.43680752147667</hdop><vdop>3.25189938560659</vdop><pdop>3.55517446377536</pdop><extensions><gpxtpx:TrackPointExtension><gpxtpx:speed>7674.18926534016555</gpxtpx:speed><gpxtpx:course>0.00000000000000</gpxtpx:course></gpxtpx:TrackPointExtension></extensions></trkpt>
      <trkpt lon="-88.64647256772770" lat="-82.79833294627245"><ele>520988.78644040040672</ele><time>2023-01-20T10:10:38.700Z</time><hdop>1.43654250656464</hdop><vdop>3.25180944592172</vdop><pdop>3.55498509782428</pdop><extensions><gpxtpx:TrackPointExtension><gpxtpx:speed>7673.88346388538685</gpxtpx:speed><gpxtpx:course>0.00000000000000</gpxtpx:course></gpxtpx:TrackPointExtension></extensions></trkpt>
      <trkpt lon="-88.69724648570279" lat="-82.79854815233722"><ele>520992.51809947937727</ele><time>2023-01-20T10:10:38.800Z</time><hdop>1.43627639956133</hdop><vdop>3.25171894931395</vdop><pdop>3.55479479313001</pdop><extensions><gpxtpx:TrackPointExtension><gpxtpx:speed>7673.88729306736786</gpxtpx:speed><gpxtpx:course>0.00000000000000</gpxtpx:course></gpxtpx:TrackPointExtension></extensions></trkpt>
      <trkpt lon="-88.74783803571651" lat="-82.79875667029808"><ele>520990.15984153095633</ele><time>2023-01-20T10:10:38.900Z</time><hdop>1.43601138147801</hdop><vdop>3.25162894403509</vdop><pdop>3.55460538983178</pdop><extensions><gpxtpx:TrackPointExtension><gpxtpx:speed>7673.41738309980519</gpxtpx:speed><gpxtpx:course>0.00000000000000</gpxtpx:course></gpxtpx:TrackPointExtension></extensions></trkpt>
      <trkpt lon="-88.79848180226182" lat="-82.79896601644904"><ele>520990.05342006683350</ele><time>2023-01-20T10:10:39.000Z</time><hdop>1.43574605554666</hdop><vdop>3.25153882416587</vdop><pdop>3.55441576930383</pdop><extensions><gpxtpx:TrackPointExtension><gpxtpx:speed>7673.65681944093740</gpxtpx:speed><gpxtpx:course>0.00000000000000</gpxtpx:course></gpxtpx:TrackPointExtension></extensions></trkpt>
      <trkpt lon="-88.84914803079002" lat="-82.79915629948536"><ele>520990.47434114757925</ele><time>2023-01-20T10:10:39.100Z</time><hdop>1.43548110479166</hdop><vdop>3.25144835016881</vdop><pdop>3.55422598831719</pdop><extensions><gpxtpx:TrackPointExtension><gpxtpx:speed>7673.59250311150572</gpxtpx:speed><gpxtpx:course>0.00000000000000</gpxtpx:course></gpxtpx:TrackPointExtension></extensions></trkpt>
      <trkpt lon="-88.89975937405562" lat="-82.79935460451212"><ele>520991.13003127835691</ele><time>2023-01-20T10:10:39.200Z</time><hdop>1.43521616451972</hdop><vdop>3.25135806172452</vdop><pdop>3.55403639323512</pdop><extensions><gpxtpx:TrackPointExtension><gpxtpx:speed>7674.09837397019055</gpxtpx:speed><gpxtpx:course>0.00000000000000</gpxtpx:course></gpxtpx:TrackPointExtension></extensions></trkpt>
      <trkpt lon="-88.95046251154685" lat="-82.79954517870775"><ele>520993.55838613491505</ele><time>2023-01-20T10:10:39.300Z</time><hdop>1.43495097720336</hdop><vdop>3.25126756864075</vdop><pdop>3.55384652311717</pdop><extensions><gpxtpx:TrackPointExtension><gpxtpx:speed>7673.72504560284324</gpxtpx:speed><gpxtpx:course>0.00000000000000</gpxtpx:course></gpxtpx:TrackPointExtension></extensions></trkpt>
      <trkpt lon="-89.00122875842081" lat="-82.79973452811033"><ele>520995.70719753392041</ele><time>2023-01-20T10:10:39.400Z</time><hdop>1.43468553997317</hdop><vdop>3.25117723785854</vdop><pdop>3.55365671253957</pdop><extensions><gpxtpx:TrackPointExtension><gpxtpx:speed>7673.63657358818909</gpxtpx:speed><gpxtpx:course>0.00000000000000</gpxtpx:course></gpxtpx:TrackPointExtension></extensions></trkpt>
      <trkpt lon="-89.05180970659377" lat="-82.79989930077737"><ele>520994.87740173749626</ele><time>2023-01-20T10:10:39.500Z</time><hdop>1.43442163514257</hdop><vdop>3.25108664345521</vdop><pdop>3.55346729133926</pdop><extensions><gpxtpx:TrackPointExtension><gpxtpx:speed>7673.53506588055279</gpxtpx:speed><gpxtpx:course>0.00000000000000</gpxtpx:course></gpxtpx:TrackPointExtension></extensions></trkpt>
      <trkpt lon="-89.10236061777844" lat="-82.80006890728851"><ele>520991.48302822373807</ele><time>2023-01-20T10:10:39.600Z</time><hdop>1.43415777366866</hdop><vdop>3.25099651694063</vdop><pdop>3.55327832753562</pdop><extensions><gpxtpx:TrackPointExtension><gpxtpx:speed>7673.41293841224797</gpxtpx:speed><gpxtpx:course>0.00000000000000</gpxtpx:course></gpxtpx:TrackPointExtension></extensions></trkpt>
      <trkpt lon="-89.15301183229850" lat="-82.80022628986927"><ele>520991.55738361366093</ele><time>2023-01-20T10:10:39.700Z</time><hdop>1.43389368870400</hdop><vdop>3.25090591004445</vdop><pdop>3.55308884584485</pdop><extensions><gpxtpx:TrackPointExtension><gpxtpx:speed>7673.89186805334884</gpxtpx:speed><gpxtpx:course>0.00000000000000</gpxtpx:course></gpxtpx:TrackPointExtension></extensions></trkpt>
      <trkpt lon="-89.20377437803300" lat="-82.80039933641555"><ele>520993.58189696818590</ele><time>2023-01-20T10:10:39.800Z</time><hdop>1.43362865227215</hdop><vdop>3.25081559190773</vdop><pdop>3.55289925627030</pdop><extensions><gpxtpx:TrackPointExtension><gpxtpx:speed>7673.92951909940803</gpxtpx:speed><gpxtpx:course>0.00000000000000</gpxtpx:course></gpxtpx:TrackPointExtension></extensions></trkpt>
      <trkpt lon="-89.25452617773489" lat="-82.80055724531388"><ele>520997.16233652923256</ele><time>2023-01-20T10:10:39.900Z</time><hdop>1.43336401449572</hdop><vdop>3.25072484740190</vdop><pdop>3.55270944935938</pdop><extensions><gpxtpx:TrackPointExtension><gpxtpx:speed>7673.87623561213150</gpxtpx:speed><gpxtpx:course>0.00000000000000</gpxtpx:course></gpxtpx:TrackPointExtension></extensions></trkpt>
      <trkpt lon="-89.30533729493783" lat="-82.80071648247423"><ele>520996.89961852040142</ele><time>2023-01-20T10:10:40.000Z</time><hdop>1.43309917059210</hdop><vdop>3.25063473527120</vdop><pdop>3.55252014982370</pdop><extensions><gpxtpx:TrackPointExtension><gpxtpx:speed>7673.87858984977538</gpxtpx:speed><gpxtpx:course>0.00000000000000</gpxtpx:course></gpxtpx:TrackPointExtension></extensions></trkpt>
      <trkpt lon="-89.35601560741554" lat="-82.80085749726224"><ele>521000.54044334031641</ele><time>2023-01-20T10:10:40.100Z</time><hdop>1.43283528437609</hdop><vdop>3.25054373620236</vdop><pdop>3.55233043692693</pdop><extensions><gpxtpx:TrackPointExtension><gpxtpx:speed>7674.10505464402286</gpxtpx:speed><gpxtpx:course>0.00000000000000</gpxtpx:course></gpxtpx:TrackPointExtension></extensions></trkpt>
      <trkpt lon="-89.40661202924422" lat="-82.80099379342050"><ele>520999.48583974782377</ele><time>2023-01-20T10:10:40.200Z</time><hdop>1.43257195463727</hdop><vdop>3.25045320685791</vdop><pdop>3.55214139008938</pdop><extensions><gpxtpx:TrackPointExtension><gpxtpx:speed>7673.61324326565318</gpxtpx:speed><gpxtpx:course>0.00000000000000</gpxtpx:course></gpxtpx:TrackPointExtension></extensions></trkpt>
      <trkpt lon="-89.45726581755491" lat="-82.80111782642403"><ele>520997.26894737314433</ele><time>2023-01-20T10:10:40.300Z</time><hdop>1.43230872346081</hdop><vdop>3.25036269284019</vdop><pdop>3.55195240879003</pdop><extensions><gpxtpx:TrackPointExtension><gpxtpx:speed>7673.52287884073758</gpxtpx:speed><gpxtpx:course>0.00000000000000</gpxtpx:course></gpxtpx:TrackPointExtension></extensions></trkpt>
      <trkpt lon="-89.50801038477843" lat="-82.80124786464522"><ele>521000.41555450577289</ele><time>2023-01-20T10:10:40.400Z</time><hdop>1.43204479827252</hdop><vdop>3.25027184857715</vdop><pdop>3.55176285721788</pdop><extensions><gpxtpx:TrackPointExtension><gpxtpx:speed>7673.70064410016676</gpxtpx:speed><gpxtpx:course>0.00000000000000</gpxtpx:course></gpxtpx:TrackPointExtension></extensions></trkpt>
      <trkpt lon="-89.55877449682752" lat="-82.80136757083551"><ele>521003.08809864334762</ele><time>2023-01-20T10:10:40.500Z</time><hdop>1.43178104353821</hdop><vdop>3.25018095738003</vdop><pdop>3.55157334323130</pdop><extensions><gpxtpx:TrackPointExtension><gpxtpx:speed>7673.51259593304985</gpxtpx:speed><gpxtpx:course>0.00000000000000</gpxtpx:course></gpxtpx:TrackPointExtension></extensions></trkpt>
      <trkpt lon="-89.60940963321609" lat="-82.80148226122755"><ele>521002.27545960340649</ele><time>2023-01-20T10:10:40.600Z</time><hdop>1.43151806500332</hdop><vdop>3.25009033415079</vdop><pdop>3.55138439915637</pdop><extensions><gpxtpx:TrackPointExtension><gpxtpx:speed>7673.61638788852906</gpxtpx:speed><gpxtpx:course>0.00000000000000</gpxtpx:course></gpxtpx:TrackPointExtension></extensions></trkpt>
      <trkpt lon="-89.66008857828882" lat="-82.80158714043824"><ele>521002.71788690146059</ele><time>2023-01-20T10:10:40.700Z</time><hdop>1.43125510855155</hdop><vdop>3.24999948676805</vdop><pdop>3.55119527057405</pdop><extensions><gpxtpx:TrackPointExtension><gpxtpx:speed>7673.96191933513001</gpxtpx:speed><gpxtpx:course>0.00000000000000</gpxtpx:course></gpxtpx:TrackPointExtension></extensions></trkpt>
      <trkpt lon="-89.71075498923720" lat="-82.80169140984799"><ele>521000.72933222632855</ele><time>2023-01-20T10:10:40.800Z</time><hdop>1.43099224225198</hdop><vdop>3.24990898694403</vdop><pdop>3.55100650813328</pdop><extensions><gpxtpx:TrackPointExtension><gpxtpx:speed>7674.00567165148004</gpxtpx:speed><gpxtpx:course>0.00000000000000</gpxtpx:course></gpxtpx:TrackPointExtension></extensions></trkpt>
      <trkpt lon="-89.76147459821259" lat="-82.80179435630291"><ele>521002.52650218456984</ele><time>2023-01-20T10:10:40.900Z</time><hdop>1.43072908714563</hdop><vdop>3.24981815424345</vdop><pdop>3.55081733639663</pdop><extensions><gpxtpx:TrackPointExtension><gpxtpx:speed>7673.80887519246971</gpxtpx:speed><gpxtpx:course>0.00000000000000</gpxtpx:course></gpxtpx:TrackPointExtension></extensions></trkpt>
      <trkpt lon="-89.81221647247629" lat="-82.80190011136318"><ele>521003.99353084806353</ele><time>2023-01-20T10:10:41.000Z</time><hdop>1.43046575357986</hdop><vdop>3.24972752836221</vdop><pdop>3.55062829380378</pdop><extensions><gpxtpx:TrackPointExtension><gpxtpx:speed>7673.58550900140654</gpxtpx:speed><gpxtpx:course>0.00000000000000</gpxtpx:course></gpxtpx:TrackPointExtension></extensions></trkpt>
      <trkpt lon="-89.86280491186338" lat="-82.80198143797173"><ele>521004.48324206843972</ele><time>2023-01-20T10:10:41.100Z</time><hdop>1.43020374930108</hdop><vdop>3.24963643887742</vdop><pdop>3.55043937413312</pdop><extensions><gpxtpx:TrackPointExtension><gpxtpx:speed>7674.03031545429531</gpxtpx:speed><gpxtpx:course>0.00000000000000</gpxtpx:course></gpxtpx:TrackPointExtension></extensions></trkpt>
      <trkpt lon="-89.91350079225352" lat="-82.80205801664201"><ele>521005.19026147667319</ele><time>2023-01-20T10:10:41.200Z</time><hdop>1.42994135461283</hdop><vdop>3.24954543377542</vdop><pdop>3.55025038607176</pdop><extensions><gpxtpx:TrackPointExtension><gpxtpx:speed>7673.89682149773489</gpxtpx:speed><gpxtpx:course>0.00000000000000</gpxtpx:course></gpxtpx:TrackPointExtension></extensions></trkpt>
      <trkpt lon="-89.96426001251284" lat="-82.80214213486965"><ele>521005.52150132693350</ele><time>2023-01-20T10:10:41.300Z</time><hdop>1.42967849928170</hdop><vdop>3.24945477109933</vdop><pdop>3.55006153759743</pdop><extensions><gpxtpx:TrackPointExtension><gpxtpx:speed>7673.73539965843338</gpxtpx:speed><gpxtpx:course>0.00000000000000</gpxtpx:course></gpxtpx:TrackPointExtension></extensions></trkpt>
      <trkpt lon="-90.01500712002809" lat="-82.80221359002637"><ele>521007.68699518404901</ele><time>2023-01-20T10:10:41.400Z</time><hdop>1.42941595313402</hdop><vdop>3.24936370347148</vdop><pdop>3.54987245468226</pdop><extensions><gpxtpx:TrackPointExtension><gpxtpx:speed>7673.89414181319626</gpxtpx:speed><gpxtpx:course>0.00000000000000</gpxtpx:course></gpxtpx:TrackPointExtension></extensions></trkpt>
      <trkpt lon="-90.06564846302726" lat="-82.80227826908092"><ele>521006.71583285648376</ele><time>2023-01-20T10:10:41.500Z</time><hdop>1.42915411896388</hdop><vdop>3.24927285203906</vdop><pdop>3.54968386800141</pdop><extensions><gpxtpx:TrackPointExtension><gpxtpx:speed>7673.59225257175149</gpxtpx:speed><gpxtpx:course>0.00000000000000</gpxtpx:course></gpxtpx:TrackPointExtension></extensions></trkpt>
      <trkpt lon="-90.11632537389441" lat="-82.80233912077223"><ele>521005.45690057985485</ele><time>2023-01-20T10:10:41.600Z</time><hdop>1.42889220348734</hdop><vdop>3.24918207887112</vdop><pdop>3.54949533185271</pdop><extensions><gpxtpx:TrackPointExtension><gpxtpx:speed>7674.05666417780049</gpxtpx:speed><gpxtpx:course>0.00000000000000</gpxtpx:course></gpxtpx:TrackPointExtension></extensions></trkpt>
      <trkpt lon="-90.16706710497981" lat="-82.80239562343223"><ele>521006.69255848880857</ele><time>2023-01-20T10:10:41.700Z</time><hdop>1.42863004714723</hdop><vdop>3.24909106780697</vdop><pdop>3.54930649261442</pdop><extensions><gpxtpx:TrackPointExtension><gpxtpx:speed>7674.07190630720015</gpxtpx:speed><gpxtpx:course>0.00000000000000</gpxtpx:course></gpxtpx:TrackPointExtension></extensions></trkpt>
      <trkpt lon="-90.21775003813282" lat="-82.80244436539891"><ele>521006.90649114269763</ele><time>2023-01-20T10:10:41.800Z</time><hdop>1.42836835758975</hdop><vdop>3.24900004606855</vdop><pdop>3.54911784311497</pdop><extensions><gpxtpx:TrackPointExtension><gpxtpx:speed>7673.34392460570871</gpxtpx:speed><gpxtpx:course>0.00000000000000</gpxtpx:course></gpxtpx:TrackPointExtension></extensions></trkpt>
      <trkpt lon="-90.26848890555415" lat="-82.80249831554714"><ele>521009.85270108748227</ele><time>2023-01-20T10:10:41.900Z</time><hdop>1.42810619229008</hdop><vdop>3.24890895626236</vdop><pdop>3.54892895146395</pdop><extensions><gpxtpx:TrackPointExtension><gpxtpx:speed>7673.73675066052328</gpxtpx:speed><gpxtpx:course>0.00000000000000</gpxtpx:course></gpxtpx:TrackPointExtension></extensions></trkpt>
      <trkpt lon="-90.31921043494684" lat="-82.80254017924807"><ele>521010.77692924905568</ele><time>2023-01-20T10:10:42.000Z</time><hdop>1.42784446415381</hdop><vdop>3.24881792744223</vdop><pdop>3.54874030318995</pdop><extensions><gpxtpx:TrackPointExtension><gpxtpx:speed>7673.54667850997430</gpxtpx:speed><gpxtpx:course>0.00000000000000</gpxtpx:course></gpxtpx:TrackPointExtension></extensions></trkpt>
      <trkpt lon="-90.36984825053842" lat="-82.80255716080046"><ele>521008.52904565352947</ele><time>2023-01-20T10:10:42.100Z</time><hdop>1.42758382007915</hdop><vdop>3.24872675750014</vdop><pdop>3.54855197344623</pdop><extensions><gpxtpx:TrackPointExtension><gpxtpx:speed>7674.18908013513646</gpxtpx:speed><gpxtpx:course>0.00000000000000</gpxtpx:course></gpxtpx:TrackPointExtension></extensions></trkpt>
      <trkpt lon="-90.42065948595979" lat="-82.80259373872788"><ele>521010.27536723110825</ele><time>2023-01-20T10:10:42.200Z</time><hdop>1.42732177015457</hdop><vdop>3.24863578911145</vdop><pdop>3.54836327422277</pdop><extensions><gpxtpx:TrackPointExtension><gpxtpx:speed>7673.94049098956293</gpxtpx:speed><gpxtpx:course>0.00000000000000</gpxtpx:course></gpxtpx:TrackPointExtension></extensions></trkpt>
      <trkpt lon="-90.47137922744540" lat="-82.80261689478741"><ele>521013.11869132984430</ele><time>2023-01-20T10:10:42.300Z</time><hdop>1.42706042578963</hdop><vdop>3.24854440239393</vdop><pdop>3.54817448742023</pdop><extensions><gpxtpx:TrackPointExtension><gpxtpx:speed>7673.52781820710243</gpxtpx:speed><gpxtpx:course>0.00000000000000</gpxtpx:course></gpxtpx:TrackPointExtension></extensions></trkpt>
      <trkpt lon="-90.52208268399568" lat="-82.80264194673732"><ele>521012.02784635499120</ele><time>2023-01-20T10:10:42.400Z</time><hdop>1.42679919162872</hdop><vdop>3.24845360516733</vdop><pdop>3.54798629621888</pdop><extensions><gpxtpx:TrackPointExtension><gpxtpx:speed>7673.92496522753481</gpxtpx:speed><gpxtpx:course>0.00000000000000</gpxtpx:course></gpxtpx:TrackPointExtension></extensions></trkpt>
      <trkpt lon="-90.57276534918699" lat="-82.80265061730945"><ele>521011.69796176813543</ele><time>2023-01-20T10:10:42.500Z</time><hdop>1.42653842705286</hdop><vdop>3.24836242735836</vdop><pdop>3.54779795694906</pdop><extensions><gpxtpx:TrackPointExtension><gpxtpx:speed>7673.44987433168080</gpxtpx:speed><gpxtpx:course>0.00000000000000</gpxtpx:course></gpxtpx:TrackPointExtension></extensions></trkpt>
      <trkpt lon="-90.62346693490757" lat="-82.80265149351759"><ele>521014.74640664272010</ele><time>2023-01-20T10:10:42.600Z</time><hdop>1.42627767990575</hdop><vdop>3.24827080534372</vdop><pdop>3.54760922947351</pdop><extensions><gpxtpx:TrackPointExtension><gpxtpx:speed>7673.32047743050407</gpxtpx:speed><gpxtpx:course>0.00000000000000</gpxtpx:course></gpxtpx:TrackPointExtension></extensions></trkpt>
      <trkpt lon="-90.67409728062404" lat="-82.80264844737665"><ele>521009.07368944305927</ele><time>2023-01-20T10:10:42.700Z</time><hdop>1.42601753408886</hdop><vdop>3.24818014977993</vdop><pdop>3.54742164014277</pdop><extensions><gpxtpx:TrackPointExtension><gpxtpx:speed>7673.87861836545926</gpxtpx:speed><gpxtpx:course>0.00000000000000</gpxtpx:course></gpxtpx:TrackPointExtension></extensions></trkpt>
      <trkpt lon="-90.72480433731364" lat="-82.80264259182536"><ele>521012.82796284276992</ele><time>2023-01-20T10:10:42.800Z</time><hdop>1.42575688447648</hdop><vdop>3.24808849022013</vdop><pdop>3.54723294046677</pdop><extensions><gpxtpx:TrackPointExtension><gpxtpx:speed>7673.81054638210298</gpxtpx:speed><gpxtpx:course>0.00000000000000</gpxtpx:course></gpxtpx:TrackPointExtension></extensions></trkpt>
      <trkpt lon="-90.77555338866354" lat="-82.80264243845745"><ele>521013.39023224171251</ele><time>2023-01-20T10:10:42.900Z</time><hdop>1.42549595291512</hdop><vdop>3.24799745462610</vdop><pdop>3.54704471032365</pdop><extensions><gpxtpx:TrackPointExtension><gpxtpx:speed>7674.32739665371901</gpxtpx:speed><gpxtpx:course>0.00000000000000</gpxtpx:course></gpxtpx:TrackPointExtension></extensions></trkpt>
      <trkpt lon="-90.82628354459113" lat="-82.80262631941088"><ele>521014.86134725250304</ele><time>2023-01-20T10:10:43.000Z</time><hdop>1.42523547936866</hdop><vdop>3.24790604855581</vdop><pdop>3.54685633651782</pdop><extensions><gpxtpx:TrackPointExtension><gpxtpx:speed>7674.24352346269552</gpxtpx:speed><gpxtpx:course>0.00000000000000</gpxtpx:course></gpxtpx:TrackPointExtension></extensions></trkpt>
      <trkpt lon="-90.87702167646896" lat="-82.80260332676232"><ele>521017.27170441299677</ele><time>2023-01-20T10:10:43.100Z</time><hdop>1.42497512052278</hdop><vdop>3.24781448718638</vdop><pdop>3.54666787806339</pdop><extensions><gpxtpx:TrackPointExtension><gpxtpx:speed>7674.08931626089361</gpxtpx:speed><gpxtpx:course>0.00000000000000</gpxtpx:course></gpxtpx:TrackPointExtension></extensions></trkpt>
      <trkpt lon="-90.92764219596157" lat="-82.80257204236506"><ele>521013.73418863676488</ele><time>2023-01-20T10:10:43.200Z</time><hdop>1.42471559413121</hdop><vdop>3.24772342869203</vdop><pdop>3.54648022600378</pdop><extensions><gpxtpx:TrackPointExtension><gpxtpx:speed>7673.98498541245408</gpxtpx:speed><gpxtpx:course>0.00000000000000</gpxtpx:course></gpxtpx:TrackPointExtension></extensions></trkpt>
      <trkpt lon="-90.97841960569544" lat="-82.80254078632879"><ele>521015.37588913645595</ele><time>2023-01-20T10:10:43.300Z</time><hdop>1.42445523738071</hdop><vdop>3.24763200498286</vdop><pdop>3.54629191735400</pdop><extensions><gpxtpx:TrackPointExtension><gpxtpx:speed>7674.01989323070666</gpxtpx:speed><gpxtpx:course>0.00000000000000</gpxtpx:course></gpxtpx:TrackPointExtension></extensions></trkpt>
      <trkpt lon="-91.02912976227982" lat="-82.80250576757351"><ele>521016.23663526494056</ele><time>2023-01-20T10:10:43.400Z</time><hdop>1.42419527470913</hdop><vdop>3.24754061718056</vdop><pdop>3.54610381133172</pdop><extensions><gpxtpx:TrackPointExtension><gpxtpx:speed>7673.52886770572968</gpxtpx:speed><gpxtpx:course>0.00000000000000</gpxtpx:course></gpxtpx:TrackPointExtension></extensions></trkpt>
      <trkpt lon="-91.07977876717483" lat="-82.80246455710126"><ele>521016.94913181476295</ele><time>2023-01-20T10:10:43.500Z</time><hdop>1.42393572301219</hdop><vdop>3.24744914496511</vdop><pdop>3.54591580447208</pdop><extensions><gpxtpx:TrackPointExtension><gpxtpx:speed>7673.75825728946984</gpxtpx:speed><gpxtpx:course>0.00000000000000</gpxtpx:course></gpxtpx:TrackPointExtension></extensions></trkpt>
      <trkpt lon="-91.13048037666037" lat="-82.80241606925695"><ele>521015.84702731017023</ele><time>2023-01-20T10:10:43.600Z</time><hdop>1.42367614207700</hdop><vdop>3.24735787743517</vdop><pdop>3.54572798472464</pdop><extensions><gpxtpx:TrackPointExtension><gpxtpx:speed>7673.27743558489692</gpxtpx:speed><gpxtpx:course>0.00000000000000</gpxtpx:course></gpxtpx:TrackPointExtension></extensions></trkpt>
      <trkpt lon="-91.18123621344557" lat="-82.80236370412773"><ele>521016.80888128280640</ele><time>2023-01-20T10:10:43.700Z</time><hdop>1.42341635930772</hdop><vdop>3.24726643033559</vdop><pdop>3.54553993088913</pdop><extensions><gpxtpx:TrackPointExtension><gpxtpx:speed>7673.36129316773622</gpxtpx:speed><gpxtpx:course>0.00000000000000</gpxtpx:course></gpxtpx:TrackPointExtension></extensions></trkpt>
      <trkpt lon="-91.23195654918977" lat="-82.80229757005272"><ele>521018.93643752019852</ele><time>2023-01-20T10:10:43.800Z</time><hdop>1.42315703026314</hdop><vdop>3.24717462159765</vdop><pdop>3.54535173938147</pdop><extensions><gpxtpx:TrackPointExtension><gpxtpx:speed>7673.49420855133485</gpxtpx:speed><gpxtpx:course>0.00000000000000</gpxtpx:course></gpxtpx:TrackPointExtension></extensions></trkpt>
      <trkpt lon="-91.28268130376443" lat="-82.80223974821133"><ele>521020.37606073357165</ele><time>2023-01-20T10:10:43.900Z</time><hdop>1.42289747617399</hdop><vdop>3.24708315239407</vdop><pdop>3.54516377989279</pdop><extensions><gpxtpx:TrackPointExtension><gpxtpx:speed>7674.01891915673423</gpxtpx:speed><gpxtpx:course>0.00000000000000</gpxtpx:course></gpxtpx:TrackPointExtension></extensions></trkpt>
      <trkpt lon="-91.33334201782019" lat="-82.80216548184389"><ele>521021.61410383787006</ele><time>2023-01-20T10:10:44.000Z</time><hdop>1.42263859970499</hdop><vdop>3.24699139562245</vdop><pdop>3.54497584034317</pdop><extensions><gpxtpx:TrackPointExtension><gpxtpx:speed>7673.97755755002072</gpxtpx:speed><gpxtpx:course>0.00000000000000</gpxtpx:course></gpxtpx:TrackPointExtension></extensions></trkpt>
      <trkpt lon="-91.38407407354840" lat="-82.80209463550213"><ele>521021.70239466521889</ele><time>2023-01-20T10:10:44.100Z</time><hdop>1.42237932309588</hdop><vdop>3.24690000209288</vdop><pdop>3.54478808426702</pdop><extensions><gpxtpx:TrackPointExtension><gpxtpx:speed>7673.76924318119927</gpxtpx:speed><gpxtpx:course>0.00000000000000</gpxtpx:course></gpxtpx:TrackPointExtension></extensions></trkpt>
      <trkpt lon="-91.43475820122363" lat="-82.80201442570825"><ele>521020.96211264282465</ele><time>2023-01-20T10:10:44.200Z</time><hdop>1.42212048800640</hdop><vdop>3.24680855183297</vdop><pdop>3.54460046474398</pdop><extensions><gpxtpx:TrackPointExtension><gpxtpx:speed>7673.99759131820520</gpxtpx:speed><gpxtpx:course>0.00000000000000</gpxtpx:course></gpxtpx:TrackPointExtension></extensions></trkpt>
      <trkpt lon="-91.48548821531712" lat="-82.80192890142931"><ele>521021.46991757303476</ele><time>2023-01-20T10:10:44.300Z</time><hdop>1.42186155512273</hdop><vdop>3.24671698859908</vdop><pdop>3.54441271383482</pdop><extensions><gpxtpx:TrackPointExtension><gpxtpx:speed>7673.56237204528679</gpxtpx:speed><gpxtpx:course>0.00000000000000</gpxtpx:course></gpxtpx:TrackPointExtension></extensions></trkpt>
      <trkpt lon="-91.53613131386501" lat="-82.80183084391986"><ele>521021.14226863812655</ele><time>2023-01-20T10:10:44.400Z</time><hdop>1.42160330339108</hdop><vdop>3.24662526091785</vdop><pdop>3.54422509683603</pdop><extensions><gpxtpx:TrackPointExtension><gpxtpx:speed>7673.49745835561498</gpxtpx:speed><gpxtpx:course>0.00000000000000</gpxtpx:course></gpxtpx:TrackPointExtension></extensions></trkpt>
      <trkpt lon="-91.58684240598485" lat="-82.80173604385641"><ele>521023.20342064369470</ele><time>2023-01-20T10:10:44.500Z</time><hdop>1.42134459849633</hdop><vdop>3.24653348063591</vdop><pdop>3.54403726117046</pdop><extensions><gpxtpx:TrackPointExtension><gpxtpx:speed>7673.60991320679932</gpxtpx:speed><gpxtpx:course>0.00000000000000</gpxtpx:course></gpxtpx:TrackPointExtension></extensions></trkpt>
      <trkpt lon="-91.63752216665861" lat="-82.80162925497024"><ele>521024.63974964618683</ele><time>2023-01-20T10:10:44.600Z</time><hdop>1.42108632928660</hdop><vdop>3.24644158020949</vdop><pdop>3.54384950146001</pdop><extensions><gpxtpx:TrackPointExtension><gpxtpx:speed>7673.80221441672893</gpxtpx:speed><gpxtpx:course>0.00000000000000</gpxtpx:course></gpxtpx:TrackPointExtension></extensions></trkpt>
      <trkpt lon="-91.68824155801458" lat="-82.80152411026430"><ele>521023.81881229393184</ele><time>2023-01-20T10:10:44.700Z</time><hdop>1.42082786317497</hdop><vdop>3.24635011373182</vdop><pdop>3.54366207160064</pdop><extensions><gpxtpx:TrackPointExtension><gpxtpx:speed>7673.91489606868890</gpxtpx:speed><gpxtpx:course>0.00000000000000</gpxtpx:course></gpxtpx:TrackPointExtension></extensions></trkpt>
      <trkpt lon="-91.73892220118749" lat="-82.80140350908863"><ele>521024.50166047271341</ele><time>2023-01-20T10:10:44.800Z</time><hdop>1.42056992177827</hdop><vdop>3.24625819994596</vdop><pdop>3.54347445360871</pdop><extensions><gpxtpx:TrackPointExtension><gpxtpx:speed>7673.42628583032729</gpxtpx:speed><gpxtpx:course>0.00000000000000</gpxtpx:course></gpxtpx:TrackPointExtension></extensions></trkpt>
      <trkpt lon="-91.78962697750802" lat="-82.80128868629166"><ele>521024.78114681970328</ele><time>2023-01-20T10:10:44.900Z</time><hdop>1.42031170132356</hdop><vdop>3.24616656499518</vdop><pdop>3.54328699043829</pdop><extensions><gpxtpx:TrackPointExtension><gpxtpx:speed>7673.54316308988382</gpxtpx:speed><gpxtpx:course>0.00000000000000</gpxtpx:course></gpxtpx:TrackPointExtension></extensions></trkpt>
      <trkpt lon="-91.84041658544635" lat="-82.80117136781104"><ele>521028.64237018581480</ele><time>2023-01-20T10:10:45.000Z</time><hdop>1.42005305058792</hdop><vdop>3.24607463499400</vdop><pdop>3.54309909576849</pdop><extensions><gpxtpx:TrackPointExtension><gpxtpx:speed>7673.43471314748876</gpxtpx:speed><gpxtpx:course>0.00000000000000</gpxtpx:course></gpxtpx:TrackPointExtension></extensions></trkpt>
      <trkpt lon="-91.89100329747214" lat="-82.80103570990778"><ele>521025.28973812516779</ele><time>2023-01-20T10:10:45.100Z</time><hdop>1.41979592788862</hdop><vdop>3.24598306022409</vdop><pdop>3.54291215021073</pdop><extensions><gpxtpx:TrackPointExtension><gpxtpx:speed>7673.87813580608235</gpxtpx:speed><gpxtpx:course>0.00000000000000</gpxtpx:course></gpxtpx:TrackPointExtension></extensions></trkpt>
      <trkpt lon="-91.94168119699623" lat="-82.80089146249212"><ele>521025.00607052817941</ele><time>2023-01-20T10:10:45.200Z</time><hdop>1.41953850809493</hdop><vdop>3.24589113315734</vdop><pdop>3.54272477399442</pdop><extensions><gpxtpx:TrackPointExtension><gpxtpx:speed>7674.01977576470290</gpxtpx:speed><gpxtpx:course>0.00000000000000</gpxtpx:course></gpxtpx:TrackPointExtension></extensions></trkpt>
      <trkpt lon="-91.99243870977857" lat="-82.80075640861828"><ele>521027.09085782803595</ele><time>2023-01-20T10:10:45.300Z</time><hdop>1.41928043161145</hdop><vdop>3.24579928229355</vdop><pdop>3.54253721568208</pdop><extensions><gpxtpx:TrackPointExtension><gpxtpx:speed>7673.57050781087401</gpxtpx:speed><gpxtpx:course>0.00000000000000</gpxtpx:course></gpxtpx:TrackPointExtension></extensions></trkpt>
      <trkpt lon="-92.04312490863903" lat="-82.80060702945693"><ele>521028.36750811804086</ele><time>2023-01-20T10:10:45.400Z</time><hdop>1.41902303139678</hdop><vdop>3.24570724696199</vdop><pdop>3.54234977050772</pdop><extensions><gpxtpx:TrackPointExtension><gpxtpx:speed>7673.95356490089398</gpxtpx:speed><gpxtpx:course>0.00000000000000</gpxtpx:course></gpxtpx:TrackPointExtension></extensions></trkpt>
      <trkpt lon="-92.09372478468916" lat="-82.80044646180818"><ele>521028.81033817864954</ele><time>2023-01-20T10:10:45.500Z</time><hdop>1.41876627604463</hdop><vdop>3.24561508766482</vdop><pdop>3.54216248121385</pdop><extensions><gpxtpx:TrackPointExtension><gpxtpx:speed>7674.10396767310795</gpxtpx:speed><gpxtpx:course>0.00000000000000</gpxtpx:course></gpxtpx:TrackPointExtension></extensions></trkpt>
      <trkpt lon="-92.14443735488759" lat="-82.80028863578109"><ele>521029.61824771296233</ele><time>2023-01-20T10:10:45.600Z</time><hdop>1.41850892701474</hdop><vdop>3.24552314294204</vdop><pdop>3.54197516188254</pdop><extensions><gpxtpx:TrackPointExtension><gpxtpx:speed>7673.67083763587016</gpxtpx:speed><gpxtpx:course>0.00000000000000</gpxtpx:course></gpxtpx:TrackPointExtension></extensions></trkpt>
      <trkpt lon="-92.19516374576868" lat="-82.80013642589842"><ele>521029.92022741492838</ele><time>2023-01-20T10:10:45.700Z</time><hdop>1.41825136615585</hdop><vdop>3.24543148031435</vdop><pdop>3.54178802739779</pdop><extensions><gpxtpx:TrackPointExtension><gpxtpx:speed>7673.45085431276584</gpxtpx:speed><gpxtpx:course>0.00000000000000</gpxtpx:course></gpxtpx:TrackPointExtension></extensions></trkpt>
      <trkpt lon="-92.24584965447160" lat="-82.79997061992557"><ele>521031.40578828472644</ele><time>2023-01-20T10:10:45.800Z</time><hdop>1.41799426508133</hdop><vdop>3.24533944424442</vdop><pdop>3.54160074601475</pdop><extensions><gpxtpx:TrackPointExtension><gpxtpx:speed>7673.78587466780846</gpxtpx:speed><gpxtpx:course>0.00000000000000</gpxtpx:course></gpxtpx:TrackPointExtension></extensions></trkpt>
      <trkpt lon="-92.29652550069405" lat="-82.79979079536855"><ele>521033.73779424838722</ele><time>2023-01-20T10:10:45.900Z</time><hdop>1.41773753100010</hdop><vdop>3.24524710213565</vdop><pdop>3.54141334225844</pdop><extensions><gpxtpx:TrackPointExtension><gpxtpx:speed>7673.42811035326395</gpxtpx:speed><gpxtpx:course>0.00000000000000</gpxtpx:course></gpxtpx:TrackPointExtension></extensions></trkpt>
      <trkpt lon="-92.34721538128431" lat="-82.79961274739270"><ele>521033.93818084057420</ele><time>2023-01-20T10:10:46.000Z</time><hdop>1.41748070571687</hdop><vdop>3.24515515371239</vdop><pdop>3.54122627386978</pdop><extensions><gpxtpx:TrackPointExtension><gpxtpx:speed>7673.68222367770704</gpxtpx:speed><gpxtpx:course>0.00000000000000</gpxtpx:course></gpxtpx:TrackPointExtension></extensions></trkpt>
      <trkpt lon="-92.39780239666935" lat="-82.79942467498906"><ele>521032.75473945960402</ele><time>2023-01-20T10:10:46.100Z</time><hdop>1.41722457648609</hdop><vdop>3.24506314436252</vdop><pdop>3.54103943935903</pdop><extensions><gpxtpx:TrackPointExtension><gpxtpx:speed>7673.60796050531189</gpxtpx:speed><gpxtpx:course>0.00000000000000</gpxtpx:course></gpxtpx:TrackPointExtension></extensions></trkpt>
      <trkpt lon="-92.44843805619891" lat="-82.79923115017844"><ele>521033.30271465796977</ele><time>2023-01-20T10:10:46.200Z</time><hdop>1.41696832753199</hdop><vdop>3.24497095725890</vdop><pdop>3.54085240509719</pdop><extensions><gpxtpx:TrackPointExtension><gpxtpx:speed>7673.54539264189771</gpxtpx:speed><gpxtpx:course>0.00000000000000</gpxtpx:course></gpxtpx:TrackPointExtension></extensions></trkpt>
      <trkpt lon="-92.49918893865710" lat="-82.79904018099796"><ele>521034.73276296630502</ele><time>2023-01-20T10:10:46.300Z</time><hdop>1.41671144966564</hdop><vdop>3.24487893202455</vdop><pdop>3.54066527860379</pdop><extensions><gpxtpx:TrackPointExtension><gpxtpx:speed>7673.69181872228546</gpxtpx:speed><gpxtpx:course>0.00000000000000</gpxtpx:course></gpxtpx:TrackPointExtension></extensions></trkpt>
      <trkpt lon="-92.54988105096854" lat="-82.79884345918198"><ele>521036.79535056091845</ele><time>2023-01-20T10:10:46.400Z</time><hdop>1.41645493436647</hdop><vdop>3.24478674184887</vdop><pdop>3.54047815713772</pdop><extensions><gpxtpx:TrackPointExtension><gpxtpx:speed>7673.55590409341312</gpxtpx:speed><gpxtpx:course>0.00000000000000</gpxtpx:course></gpxtpx:TrackPointExtension></extensions></trkpt>
      <trkpt lon="-92.60045180831091" lat="-82.79863100059094"><ele>521034.47868182417005</ele><time>2023-01-20T10:10:46.500Z</time><hdop>1.41619942242549</hdop><vdop>3.24469470816943</vdop><pdop>3.54029159156432</pdop><extensions><gpxtpx:TrackPointExtension><gpxtpx:speed>7673.51515145085523</gpxtpx:speed><gpxtpx:course>0.00000000000000</gpxtpx:course></gpxtpx:TrackPointExtension></extensions></trkpt>
      <trkpt lon="-92.65106226967191" lat="-82.79841224007922"><ele>521034.47121608443558</ele><time>2023-01-20T10:10:46.600Z</time><hdop>1.41594380938689</hdop><vdop>3.24460240969734</vdop><pdop>3.54010475386744</pdop><extensions><gpxtpx:TrackPointExtension><gpxtpx:speed>7673.84432001662390</gpxtpx:speed><gpxtpx:course>0.00000000000000</gpxtpx:course></gpxtpx:TrackPointExtension></extensions></trkpt>
      <trkpt lon="-92.70171671511801" lat="-82.79819526320516"><ele>521035.35315984394401</ele><time>2023-01-20T10:10:46.700Z</time><hdop>1.41568791656529</hdop><vdop>3.24451017501416</vdop><pdop>3.53991787374784</pdop><extensions><gpxtpx:TrackPointExtension><gpxtpx:speed>7674.13734825830852</gpxtpx:speed><gpxtpx:course>0.00000000000000</gpxtpx:course></gpxtpx:TrackPointExtension></extensions></trkpt>
      <trkpt lon="-92.75243624668916" lat="-82.79797604744545"><ele>521036.66416679881513</ele><time>2023-01-20T10:10:46.800Z</time><hdop>1.41543176123610</hdop><vdop>3.24441800198621</vdop><pdop>3.53973095620672</pdop><extensions><gpxtpx:TrackPointExtension><gpxtpx:speed>7673.51884273026462</gpxtpx:speed><gpxtpx:course>0.00000000000000</gpxtpx:course></gpxtpx:TrackPointExtension></extensions></trkpt>
      <trkpt lon="-92.80307050219270" lat="-82.79774396984820"><ele>521036.51134137436748</ele><time>2023-01-20T10:10:46.900Z</time><hdop>1.41517630347570</hdop><vdop>3.24432574202755</vdop><pdop>3.53954424895378</pdop><extensions><gpxtpx:TrackPointExtension><gpxtpx:speed>7673.70230509732392</gpxtpx:speed><gpxtpx:course>0.00000000000000</gpxtpx:course></gpxtpx:TrackPointExtension></extensions></trkpt>
      <trkpt lon="-92.85373046026949" lat="-82.79751238085022"><ele>521038.49105902574956</ele><time>2023-01-20T10:10:47.000Z</time><hdop>1.41492064825069</hdop><vdop>3.24423335372440</vdop><pdop>3.53935735611199</pdop><extensions><gpxtpx:TrackPointExtension><gpxtpx:speed>7674.17092312339264</gpxtpx:speed><gpxtpx:course>0.00000000000000</gpxtpx:course></gpxtpx:TrackPointExtension></extensions></trkpt>
      <trkpt lon="-92.90432251483554" lat="-82.79726739730108"><ele>521038.13230610825121</ele><time>2023-01-20T10:10:47.100Z</time><hdop>1.41466563922148</hdop><vdop>3.24414099485435</vdop><pdop>3.53917075955491</pdop><extensions><gpxtpx:TrackPointExtension><gpxtpx:speed>7673.71603577647966</gpxtpx:speed><gpxtpx:course>0.00000000000000</gpxtpx:course></gpxtpx:TrackPointExtension></extensions></trkpt>
      <trkpt lon="-92.95492555678490" lat="-82.79701874623652"><ele>521038.87493391800672</ele><time>2023-01-20T10:10:47.200Z</time><hdop>1.41441062715978</hdop><vdop>3.24404852628286</vdop><pdop>3.53898407217390</pdop><extensions><gpxtpx:TrackPointExtension><gpxtpx:speed>7673.80572913909964</gpxtpx:speed><gpxtpx:course>0.00000000000000</gpxtpx:course></gpxtpx:TrackPointExtension></extensions></trkpt>
      <trkpt lon="-93.00558655743728" lat="-82.79677467013556"><ele>521040.43814375996590</ele><time>2023-01-20T10:10:47.300Z</time><hdop>1.41415519054992</hdop><vdop>3.24395620852063</vdop><pdop>3.53879736432575</pdop><extensions><gpxtpx:TrackPointExtension><gpxtpx:speed>7673.94326263676066</gpxtpx:speed><gpxtpx:course>0.00000000000000</gpxtpx:course></gpxtpx:TrackPointExtension></extensions></trkpt>
      <trkpt lon="-93.05621491388824" lat="-82.79651256938143"><ele>521040.97841933835298</ele><time>2023-01-20T10:10:47.400Z</time><hdop>1.41390036164312</hdop><vdop>3.24386369829732</vdop><pdop>3.53861073385951</pdop><extensions><gpxtpx:TrackPointExtension><gpxtpx:speed>7673.55304485454781</gpxtpx:speed><gpxtpx:course>0.00000000000000</gpxtpx:course></gpxtpx:TrackPointExtension></extensions></trkpt>
      <trkpt lon="-93.10682593420577" lat="-82.79625088648166"><ele>521040.51675262022763</ele><time>2023-01-20T10:10:47.500Z</time><hdop>1.41364557345241</hdop><vdop>3.24377138859678</vdop><pdop>3.53842431441181</pdop><extensions><gpxtpx:TrackPointExtension><gpxtpx:speed>7673.62807944603264</gpxtpx:speed><gpxtpx:course>0.00000000000000</gpxtpx:course></gpxtpx:TrackPointExtension></extensions></trkpt>
      <trkpt lon="-93.15745607796586" lat="-82.79598128851177"><ele>521041.28832553420216</ele><time>2023-01-20T10:10:47.600Z</time><hdop>1.41339084740326</hdop><vdop>3.24367888474820</vdop><pdop>3.53823775273576</pdop><extensions><gpxtpx:TrackPointExtension><gpxtpx:speed>7673.81273493083336</gpxtpx:speed><gpxtpx:course>0.00000000000000</gpxtpx:course></gpxtpx:TrackPointExtension></extensions></trkpt>
      <trkpt lon="-93.20804144561630" lat="-82.79570779026727"><ele>521043.33080092724413</ele><time>2023-01-20T10:10:47.700Z</time><hdop>1.41313636292207</hdop><vdop>3.24358618813689</vdop><pdop>3.53805112174556</pdop><extensions><gpxtpx:TrackPointExtension><gpxtpx:speed>7673.50645982289097</gpxtpx:speed><gpxtpx:course>0.00000000000000</gpxtpx:course></gpxtpx:TrackPointExtension></extensions></trkpt>
      <trkpt lon="-93.25866994586491" lat="-82.79543443489564"><ele>521043.35285853501409</ele><time>2023-01-20T10:10:47.800Z</time><hdop>1.41288168964268</hdop><vdop>3.24349387377911</vdop><pdop>3.53786477669373</pdop><extensions><gpxtpx:TrackPointExtension><gpxtpx:speed>7673.56479532174126</gpxtpx:speed><gpxtpx:course>0.00000000000000</gpxtpx:course></gpxtpx:TrackPointExtension></extensions></trkpt>
      <trkpt lon="-93.30931409555656" lat="-82.79514938073476"><ele>521042.85413036588579</ele><time>2023-01-20T10:10:47.900Z</time><hdop>1.41262724291776</hdop><vdop>3.24340148975249</vdop><pdop>3.53767846916054</pdop><extensions><gpxtpx:TrackPointExtension><gpxtpx:speed>7673.91900056398936</gpxtpx:speed><gpxtpx:course>0.00000000000000</gpxtpx:course></gpxtpx:TrackPointExtension></extensions></trkpt>
      <trkpt lon="-93.35995587343542" lat="-82.79486513889766"><ele>521045.34184333309531</ele><time>2023-01-20T10:10:48.000Z</time><hdop>1.41237266472638</hdop><vdop>3.24330885989975</vdop><pdop>3.53749189465793</pdop><extensions><gpxtpx:TrackPointExtension><gpxtpx:speed>7673.87883567545032</gpxtpx:speed><gpxtpx:course>0.00000000000000</gpxtpx:course></gpxtpx:TrackPointExtension></extensions></trkpt>
      <trkpt lon="-93.41045892581361" lat="-82.79456402129304"><ele>521043.51014843955636</ele><time>2023-01-20T10:10:48.100Z</time><hdop>1.41211920053392</hdop><vdop>3.24321632914234</vdop><pdop>3.53730586663524</pdop><extensions><gpxtpx:TrackPointExtension><gpxtpx:speed>7673.91011218136555</gpxtpx:speed><gpxtpx:course>0.00000000000000</gpxtpx:course></gpxtpx:TrackPointExtension></extensions></trkpt>
      <trkpt lon="-93.46107813548079" lat="-82.79426119364058"><ele>521043.79042465612292</ele><time>2023-01-20T10:10:48.200Z</time><hdop>1.41186518189497</hdop><vdop>3.24312373851758</vdop><pdop>3.53711957320976</pdop><extensions><gpxtpx:TrackPointExtension><gpxtpx:speed>7673.86328981864517</gpxtpx:speed><gpxtpx:course>0.00000000000000</gpxtpx:course></gpxtpx:TrackPointExtension></extensions></trkpt>
      <trkpt lon="-93.51162899215839" lat="-82.79395654770192"><ele>521042.74609970021993</ele><time>2023-01-20T10:10:48.300Z</time><hdop>1.41161150791386</hdop><vdop>3.24303128076859</vdop><pdop>3.53693355002866</pdop><extensions><gpxtpx:TrackPointExtension><gpxtpx:speed>7673.70744654629016</gpxtpx:speed><gpxtpx:course>0.00000000000000</gpxtpx:course></gpxtpx:TrackPointExtension></extensions></trkpt>
      <trkpt lon="-93.56223107749194" lat="-82.79364175696581"><ele>521044.62125206831843</ele><time>2023-01-20T10:10:48.400Z</time><hdop>1.41135775881051</hdop><vdop>3.24293842328305</vdop><pdop>3.53674714116802</pdop><extensions><gpxtpx:TrackPointExtension><gpxtpx:speed>7673.92722735435018</gpxtpx:speed><gpxtpx:course>0.00000000000000</gpxtpx:course></gpxtpx:TrackPointExtension></extensions></trkpt>
      <trkpt lon="-93.61281744511436" lat="-82.79333108805579"><ele>521047.31884753797203</ele><time>2023-01-20T10:10:48.500Z</time><hdop>1.41110392463100</hdop><vdop>3.24284562223771</vdop><pdop>3.53656076093360</pdop><extensions><gpxtpx:TrackPointExtension><gpxtpx:speed>7673.50347767426501</gpxtpx:speed><gpxtpx:course>0.00000000000000</gpxtpx:course></gpxtpx:TrackPointExtension></extensions></trkpt>
      <trkpt lon="-93.66341733138759" lat="-82.79301124442601"><ele>521048.10128232743591</ele><time>2023-01-20T10:10:48.600Z</time><hdop>1.41085028245006</hdop><vdop>3.24275296838296</vdop><pdop>3.53637460309932</pdop><extensions><gpxtpx:TrackPointExtension><gpxtpx:speed>7673.31281238571501</gpxtpx:speed><gpxtpx:course>0.00000000000000</gpxtpx:course></gpxtpx:TrackPointExtension></extensions></trkpt>
      <trkpt lon="-93.71401633760210" lat="-82.79267290110847"><ele>521048.36249369103462</ele><time>2023-01-20T10:10:48.700Z</time><hdop>1.41059708298848</hdop><vdop>3.24266009361307</vdop><pdop>3.53618843011036</pdop><extensions><gpxtpx:TrackPointExtension><gpxtpx:speed>7673.91453032092886</gpxtpx:speed><gpxtpx:course>0.00000000000000</gpxtpx:course></gpxtpx:TrackPointExtension></extensions></trkpt>
      <trkpt lon="-93.76464505802574" lat="-82.79234496044202"><ele>521051.89767351839691</ele><time>2023-01-20T10:10:48.800Z</time><hdop>1.41034338477632</hdop><vdop>3.24256716038862</vdop><pdop>3.53600201535761</pdop><extensions><gpxtpx:TrackPointExtension><gpxtpx:speed>7673.90832866875462</gpxtpx:speed><gpxtpx:course>0.00000000000000</gpxtpx:course></gpxtpx:TrackPointExtension></extensions></trkpt>
      <trkpt lon="-93.81516212141402" lat="-82.79200534862507"><ele>521050.35130924917758</ele><time>2023-01-20T10:10:48.900Z</time><hdop>1.41009055945854</hdop><vdop>3.24247456886977</vdop><pdop>3.53581627289107</pdop><extensions><gpxtpx:TrackPointExtension><gpxtpx:speed>7673.80533316484070</gpxtpx:speed><gpxtpx:course>0.00000000000000</gpxtpx:course></gpxtpx:TrackPointExtension></extensions></trkpt>
      <trkpt lon="-93.86568751013702" lat="-82.79166251511271"><ele>521049.36597965471447</ele><time>2023-01-20T10:10:49.000Z</time><hdop>1.40983771773107</hdop><vdop>3.24238193524096</vdop><pdop>3.53563049600974</pdop><extensions><gpxtpx:TrackPointExtension><gpxtpx:speed>7674.03856302756049</gpxtpx:speed><gpxtpx:course>0.00000000000000</gpxtpx:course></gpxtpx:TrackPointExtension></extensions></trkpt>
      <trkpt lon="-93.91624084709539" lat="-82.79131037376827"><ele>521048.82640462368727</ele><time>2023-01-20T10:10:49.100Z</time><hdop>1.40958494486307</hdop><vdop>3.24228918621992</vdop><pdop>3.53544465150612</pdop><extensions><gpxtpx:TrackPointExtension><gpxtpx:speed>7673.90418684718588</gpxtpx:speed><gpxtpx:course>0.00000000000000</gpxtpx:course></gpxtpx:TrackPointExtension></extensions></trkpt>
      <trkpt lon="-93.96672822599066" lat="-82.79095361516879"><ele>521049.21865008678287</ele><time>2023-01-20T10:10:49.200Z</time><hdop>1.40933251975648</hdop><vdop>3.24219625545748</vdop><pdop>3.53525878969922</pdop><extensions><gpxtpx:TrackPointExtension><gpxtpx:speed>7673.67134718757097</gpxtpx:speed><gpxtpx:course>0.00000000000000</gpxtpx:course></gpxtpx:TrackPointExtension></extensions></trkpt>
      <trkpt lon="-94.01736662817116" lat="-82.79060231248407"><ele>521052.11728790588677</ele><time>2023-01-20T10:10:49.300Z</time><hdop>1.40907921097065</hdop><vdop>3.24210339177669</vdop><pdop>3.53507264787580</pdop><extensions><gpxtpx:TrackPointExtension><gpxtpx:speed>7673.58703194709597</gpxtpx:speed><gpxtpx:course>0.00000000000000</gpxtpx:course></gpxtpx:TrackPointExtension></extensions></trkpt>
      <trkpt lon="-94.06791797590282" lat="-82.79023329146560"><ele>521052.02035830542445</ele><time>2023-01-20T10:10:49.400Z</time><hdop>1.40882675894846</hdop><vdop>3.24201052341841</vdop><pdop>3.53488685401456</pdop><extensions><gpxtpx:TrackPointExtension><gpxtpx:speed>7673.86611078736314</gpxtpx:speed><gpxtpx:course>0.00000000000000</gpxtpx:course></gpxtpx:TrackPointExtension></extensions></trkpt>
      <trkpt lon="-94.11847054368415" lat="-82.78986218808204"><ele>521052.42697634920478</ele><time>2023-01-20T10:10:49.500Z</time><hdop>1.40857431404583</hdop><vdop>3.24191763765890</vdop><pdop>3.53470105773509</pdop><extensions><gpxtpx:TrackPointExtension><gpxtpx:speed>7673.89255103483629</gpxtpx:speed><gpxtpx:course>0.00000000000000</gpxtpx:course></gpxtpx:TrackPointExtension></extensions></trkpt>
      <trkpt lon="-94.16892634465029" lat="-82.78947785588664"><ele>521051.32608637493104</ele><time>2023-01-20T10:10:49.600Z</time><hdop>1.40832260503304</hdop><vdop>3.24182465500495</vdop><pdop>3.53451547650382</pdop><extensions><gpxtpx:TrackPointExtension><gpxtpx:speed>7673.50700366264209</gpxtpx:speed><gpxtpx:course>0.00000000000000</gpxtpx:course></gpxtpx:TrackPointExtension></extensions></trkpt>
      <trkpt lon="-94.21949255631372" lat="-82.78910023866135"><ele>521053.78569591790438</ele><time>2023-01-20T10:10:49.700Z</time><hdop>1.40807013866769</hdop><vdop>3.24173160151538</vdop><pdop>3.53432953920134</pdop><extensions><gpxtpx:TrackPointExtension><gpxtpx:speed>7673.66344929723709</gpxtpx:speed><gpxtpx:course>0.00000000000000</gpxtpx:course></gpxtpx:TrackPointExtension></extensions></trkpt>
      <trkpt lon="-94.27001740339450" lat="-82.78871181310305"><ele>521054.74051443021744</ele><time>2023-01-20T10:10:49.800Z</time><hdop>1.40781812112179</hdop><vdop>3.24163854985880</vdop><pdop>3.53414379306920</pdop><extensions><gpxtpx:TrackPointExtension><gpxtpx:speed>7674.02771346517966</gpxtpx:speed><gpxtpx:course>0.00000000000000</gpxtpx:course></gpxtpx:TrackPointExtension></extensions></trkpt>
      <trkpt lon="-94.32053805427203" lat="-82.78832389157328"><ele>521055.08973570633680</ele><time>2023-01-20T10:10:49.900Z</time><hdop>1.40756609059984</hdop><vdop>3.24154566795639</vdop><pdop>3.53395820813622</pdop><extensions><gpxtpx:TrackPointExtension><gpxtpx:speed>7673.59061613158519</gpxtpx:speed><gpxtpx:course>0.00000000000000</gpxtpx:course></gpxtpx:TrackPointExtension></extensions></trkpt>
      <trkpt lon="-94.37102044714675" lat="-82.78792224432161"><ele>521055.14334823843092</ele><time>2023-01-20T10:10:50.000Z</time><hdop>1.40731453420936</hdop><vdop>3.24145258715341</vdop><pdop>3.53377264024731</pdop><extensions><gpxtpx:TrackPointExtension><gpxtpx:speed>7673.68519966005988</gpxtpx:speed><gpxtpx:course>0.00000000000000</gpxtpx:course></gpxtpx:TrackPointExtension></extensions></trkpt>
      <trkpt lon="-94.42148384255722" lat="-82.78751092751193"><ele>521054.16686598304659</ele><time>2023-01-20T10:10:50.100Z</time><hdop>1.40706329151832</hdop><vdop>3.24135950969960</vdop><pdop>3.53358721095976</pdop><extensions><gpxtpx:TrackPointExtension><gpxtpx:speed>7673.86525655056903</gpxtpx:speed><gpxtpx:course>0.00000000000000</gpxtpx:course></gpxtpx:TrackPointExtension></extensions></trkpt>
      <trkpt lon="-94.47201807595211" lat="-82.78710551317074"><ele>521055.54593874793500</ele><time>2023-01-20T10:10:50.200Z</time><hdop>1.40681149636477</hdop><vdop>3.24126644321262</vdop><pdop>3.53340158235662</pdop><extensions><gpxtpx:TrackPointExtension><gpxtpx:speed>7673.88618739819231</gpxtpx:speed><gpxtpx:course>0.00000000000000</gpxtpx:course></gpxtpx:TrackPointExtension></extensions></trkpt>
      <trkpt lon="-94.52249367596812" lat="-82.78668311757119"><ele>521056.20430698152632</ele><time>2023-01-20T10:10:50.300Z</time><hdop>1.40656036467304</hdop><vdop>3.24117314322496</vdop><pdop>3.53321601431782</pdop><extensions><gpxtpx:TrackPointExtension><gpxtpx:speed>7673.70237507718321</gpxtpx:speed><gpxtpx:course>0.00000000000000</gpxtpx:course></gpxtpx:TrackPointExtension></extensions></trkpt>
      <trkpt lon="-94.57304969415645" lat="-82.78627551510432"><ele>521058.14702088292688</ele><time>2023-01-20T10:10:50.400Z</time><hdop>1.40630845397773</hdop><vdop>3.24108017097074</vdop><pdop>3.53303044741890</pdop><extensions><gpxtpx:TrackPointExtension><gpxtpx:speed>7673.93342816447239</gpxtpx:speed><gpxtpx:course>0.00000000000000</gpxtpx:course></gpxtpx:TrackPointExtension></extensions></trkpt>
      <trkpt lon="-94.62353155069049" lat="-82.78584468746894"><ele>521058.93159304000437</ele><time>2023-01-20T10:10:50.500Z</time><hdop>1.40605742747477</hdop><vdop>3.24098687503386</vdop><pdop>3.53284494614450</pdop><extensions><gpxtpx:TrackPointExtension><gpxtpx:speed>7673.39771775369536</gpxtpx:speed><gpxtpx:course>0.00000000000000</gpxtpx:course></gpxtpx:TrackPointExtension></extensions></trkpt>
      <trkpt lon="-94.67400920252059" lat="-82.78541619456959"><ele>521061.98976743966341</ele><time>2023-01-20T10:10:50.600Z</time><hdop>1.40580627223500</hdop><vdop>3.24089344823536</vdop><pdop>3.53265928414702</pdop><extensions><gpxtpx:TrackPointExtension><gpxtpx:speed>7673.63050870273310</gpxtpx:speed><gpxtpx:course>0.00000000000000</gpxtpx:course></gpxtpx:TrackPointExtension></extensions></trkpt>
      <trkpt lon="-94.72443778910554" lat="-82.78497797266054"><ele>521061.70727391913533</ele><time>2023-01-20T10:10:50.700Z</time><hdop>1.40555561807184</hdop><vdop>3.24080026206824</vdop><pdop>3.53247405285798</pdop><extensions><gpxtpx:TrackPointExtension><gpxtpx:speed>7673.92631921261091</gpxtpx:speed><gpxtpx:course>0.00000000000000</gpxtpx:course></gpxtpx:TrackPointExtension></extensions></trkpt>
      <trkpt lon="-94.77487162415609" lat="-82.78453382189231"><ele>521056.11554899904877</ele><time>2023-01-20T10:10:50.800Z</time><hdop>1.40530517369643</hdop><vdop>3.24070766633984</vdop><pdop>3.53228945726306</pdop><extensions><gpxtpx:TrackPointExtension><gpxtpx:speed>7673.39285904892768</gpxtpx:speed><gpxtpx:course>0.00000000000000</gpxtpx:course></gpxtpx:TrackPointExtension></extensions></trkpt>
      <trkpt lon="-94.82536967825645" lat="-82.78408558407561"><ele>521063.29324946645647</ele><time>2023-01-20T10:10:50.900Z</time><hdop>1.40505420031139</hdop><vdop>3.24061365025755</vdop><pdop>3.53210335863041</pdop><extensions><gpxtpx:TrackPointExtension><gpxtpx:speed>7674.11252923947177</gpxtpx:speed><gpxtpx:course>0.00000000000000</gpxtpx:course></gpxtpx:TrackPointExtension></extensions></trkpt>
      <trkpt lon="-94.87574544011878" lat="-82.78362695645785"><ele>521062.21702861785889</ele><time>2023-01-20T10:10:51.000Z</time><hdop>1.40480419288349</hdop><vdop>3.24052036104028</vdop><pdop>3.53191832162915</pdop><extensions><gpxtpx:TrackPointExtension><gpxtpx:speed>7673.80685742421338</gpxtpx:speed><gpxtpx:course>0.00000000000000</gpxtpx:course></gpxtpx:TrackPointExtension></extensions></trkpt>
      <trkpt lon="-94.92619661592292" lat="-82.78316853610227"><ele>521061.40360508114100</ele><time>2023-01-20T10:10:51.100Z</time><hdop>1.40455378244207</hdop><vdop>3.24042722621750</vdop><pdop>3.53173327647827</pdop><extensions><gpxtpx:TrackPointExtension><gpxtpx:speed>7673.74815106495043</gpxtpx:speed><gpxtpx:course>0.00000000000000</gpxtpx:course></gpxtpx:TrackPointExtension></extensions></trkpt>
      <trkpt lon="-94.97668539230305" lat="-82.78271423251088"><ele>521057.81891632732004</ele><time>2023-01-20T10:10:51.200Z</time><hdop>1.40430316448535</hdop><vdop>3.24033461979940</vdop><pdop>3.53154864415799</pdop><extensions><gpxtpx:TrackPointExtension><gpxtpx:speed>7673.55073589251333</gpxtpx:speed><gpxtpx:course>0.00000000000000</gpxtpx:course></gpxtpx:TrackPointExtension></extensions></trkpt>
      <trkpt lon="-95.02710641215130" lat="-82.78224065434412"><ele>521060.39938371814787</ele><time>2023-01-20T10:10:51.300Z</time><hdop>1.40405311460878</hdop><vdop>3.24024090461101</vdop><pdop>3.53136323090064</pdop><extensions><gpxtpx:TrackPointExtension><gpxtpx:speed>7673.86924663470927</gpxtpx:speed><gpxtpx:course>0.00000000000000</gpxtpx:course></gpxtpx:TrackPointExtension></extensions></trkpt>
      <trkpt lon="-95.07760579820658" lat="-82.78176937466361"><ele>521065.67521877214313</ele><time>2023-01-20T10:10:51.400Z</time><hdop>1.40380257158581</hdop><vdop>3.24014712494315</vdop><pdop>3.53117757288816</pdop><extensions><gpxtpx:TrackPointExtension><gpxtpx:speed>7673.88527896845335</gpxtpx:speed><gpxtpx:course>0.00000000000000</gpxtpx:course></gpxtpx:TrackPointExtension></extensions></trkpt>
      <trkpt lon="-95.12797637258933" lat="-82.78128462833888"><ele>521065.40169182699174</ele><time>2023-01-20T10:10:51.500Z</time><hdop>1.40355301271908</hdop><vdop>3.24005366498848</vdop><pdop>3.53099260994951</pdop><extensions><gpxtpx:TrackPointExtension><gpxtpx:speed>7673.44123495563599</gpxtpx:speed><gpxtpx:course>0.00000000000000</gpxtpx:course></gpxtpx:TrackPointExtension></extensions></trkpt>
      <trkpt lon="-95.17836792443933" lat="-82.78079492907547"><ele>521063.76067066658288</ele><time>2023-01-20T10:10:51.600Z</time><hdop>1.40330347134679</hdop><vdop>3.23996037427479</vdop><pdop>3.53080781968727</pdop><extensions><gpxtpx:TrackPointExtension><gpxtpx:speed>7673.70968930331674</gpxtpx:speed><gpxtpx:course>0.00000000000000</gpxtpx:course></gpxtpx:TrackPointExtension></extensions></trkpt>
      <trkpt lon="-95.22876462008018" lat="-82.78030172901549"><ele>521065.94633232988417</ele><time>2023-01-20T10:10:51.700Z</time><hdop>1.40305386932395</hdop><vdop>3.23986667918603</vdop><pdop>3.53062264467966</pdop><extensions><gpxtpx:TrackPointExtension><gpxtpx:speed>7673.76109466231901</gpxtpx:speed><gpxtpx:course>0.00000000000000</gpxtpx:course></gpxtpx:TrackPointExtension></extensions></trkpt>
      <trkpt lon="-95.27916161588573" lat="-82.77980763083040"><ele>521066.17143941763788</ele><time>2023-01-20T10:10:51.800Z</time><hdop>1.40280429232849</hdop><vdop>3.23977326931361</vdop><pdop>3.53043775177162</pdop><extensions><gpxtpx:TrackPointExtension><gpxtpx:speed>7673.77785851074805</gpxtpx:speed><gpxtpx:course>0.00000000000000</gpxtpx:course></gpxtpx:TrackPointExtension></extensions></trkpt>
      <trkpt lon="-95.32958771672693" lat="-82.77931071461153"><ele>521064.93432317487895</ele><time>2023-01-20T10:10:51.900Z</time><hdop>1.40255466673863</hdop><vdop>3.23968011876718</vdop><pdop>3.53025308797056</pdop><extensions><gpxtpx:TrackPointExtension><gpxtpx:speed>7673.67181396754131</gpxtpx:speed><gpxtpx:course>0.00000000000000</gpxtpx:course></gpxtpx:TrackPointExtension></extensions></trkpt>
      <trkpt lon="-95.37994196655910" lat="-82.77880065435994"><ele>521065.91614160779864</ele><time>2023-01-20T10:10:52.000Z</time><hdop>1.40230557541762</hdop><vdop>3.23958644131693</vdop><pdop>3.53006816330958</pdop><extensions><gpxtpx:TrackPointExtension><gpxtpx:speed>7673.98903901181075</gpxtpx:speed><gpxtpx:course>0.00000000000000</gpxtpx:course></gpxtpx:TrackPointExtension></extensions></trkpt>
      <trkpt lon="-95.43022585857423" lat="-82.77827931178007"><ele>521064.89102433435619</ele><time>2023-01-20T10:10:52.100Z</time><hdop>1.40205706908701</hdop><vdop>3.23949278849947</vdop><pdop>3.52988350398663</pdop><extensions><gpxtpx:TrackPointExtension><gpxtpx:speed>7673.98635771808586</gpxtpx:speed><gpxtpx:course>0.00000000000000</gpxtpx:course></gpxtpx:TrackPointExtension></extensions></trkpt>
      <trkpt lon="-95.48065542562102" lat="-82.77777054959205"><ele>521066.66270914208144</ele><time>2023-01-20T10:10:52.200Z</time><hdop>1.40180752372356</hdop><vdop>3.23939931448349</vdop><pdop>3.52969860643145</pdop><extensions><gpxtpx:TrackPointExtension><gpxtpx:speed>7673.70790768965253</gpxtpx:speed><gpxtpx:course>0.00000000000000</gpxtpx:course></gpxtpx:TrackPointExtension></extensions></trkpt>
      <trkpt lon="-95.53101796483126" lat="-82.77724643339278"><ele>521067.05515309330076</ele><time>2023-01-20T10:10:52.300Z</time><hdop>1.40155863558532</hdop><vdop>3.23930571096340</vdop><pdop>3.52951386143530</pdop><extensions><gpxtpx:TrackPointExtension><gpxtpx:speed>7673.69391577545230</gpxtpx:speed><gpxtpx:course>0.00000000000000</gpxtpx:course></gpxtpx:TrackPointExtension></extensions></trkpt>
      <trkpt lon="-95.58143215569928" lat="-82.77671735478563"><ele>521069.59863323904574</ele><time>2023-01-20T10:10:52.400Z</time><hdop>1.40130955574651</hdop><vdop>3.23921191390088</vdop><pdop>3.52932887305560</pdop><extensions><gpxtpx:TrackPointExtension><gpxtpx:speed>7673.83215502751318</gpxtpx:speed><gpxtpx:course>0.00000000000000</gpxtpx:course></gpxtpx:TrackPointExtension></extensions></trkpt>
      <trkpt lon="-95.63173987100623" lat="-82.77617625576302"><ele>521067.78563334420323</ele><time>2023-01-20T10:10:52.500Z</time><hdop>1.40106128947423</hdop><vdop>3.23911835791865</vdop><pdop>3.52914443930378</pdop><extensions><gpxtpx:TrackPointExtension><gpxtpx:speed>7673.57948995003244</gpxtpx:speed><gpxtpx:course>0.00000000000000</gpxtpx:course></gpxtpx:TrackPointExtension></extensions></trkpt>
      <trkpt lon="-95.68204033963242" lat="-82.77563749972967"><ele>521068.15309918578714</ele><time>2023-01-20T10:10:52.600Z</time><hdop>1.40081291564859</hdop><vdop>3.23902467086589</vdop><pdop>3.52895985286399</pdop><extensions><gpxtpx:TrackPointExtension><gpxtpx:speed>7673.73065450243030</gpxtpx:speed><gpxtpx:course>0.00000000000000</gpxtpx:course></gpxtpx:TrackPointExtension></extensions></trkpt>
      <trkpt lon="-95.73251777158407" lat="-82.77509229980531"><ele>521073.81577461399138</ele><time>2023-01-20T10:10:52.700Z</time><hdop>1.40056375383165</hdop><vdop>3.23893053571366</vdop><pdop>3.52877455269182</pdop><extensions><gpxtpx:TrackPointExtension><gpxtpx:speed>7673.40241201279059</gpxtpx:speed><gpxtpx:course>0.00000000000000</gpxtpx:course></gpxtpx:TrackPointExtension></extensions></trkpt>
      <trkpt lon="-95.78276925946462" lat="-82.77454220322954"><ele>521072.26113870274276</ele><time>2023-01-20T10:10:52.800Z</time><hdop>1.40031583244454</hdop><vdop>3.23883697593496</vdop><pdop>3.52859028328288</pdop><extensions><gpxtpx:TrackPointExtension><gpxtpx:speed>7673.77329387168720</gpxtpx:speed><gpxtpx:course>0.00000000000000</gpxtpx:course></gpxtpx:TrackPointExtension></extensions></trkpt>
      <trkpt lon="-95.83306359365834" lat="-82.77398279835523"><ele>521070.80552443023771</ele><time>2023-01-20T10:10:52.900Z</time><hdop>1.40006789962966</hdop><vdop>3.23874336412584</vdop><pdop>3.52840597185791</pdop><extensions><gpxtpx:TrackPointExtension><gpxtpx:speed>7674.07878212261403</gpxtpx:speed><gpxtpx:course>0.00000000000000</gpxtpx:course></gpxtpx:TrackPointExtension></extensions></trkpt>
      <trkpt lon="-95.88331452845505" lat="-82.77341972396628"><ele>521070.47976173553616</ele><time>2023-01-20T10:10:53.000Z</time><hdop>1.39982018522731</hdop><vdop>3.23864958618274</vdop><pdop>3.52822160486717</pdop><extensions><gpxtpx:TrackPointExtension><gpxtpx:speed>7673.78700001377092</gpxtpx:speed><gpxtpx:course>0.00000000000000</gpxtpx:course></gpxtpx:TrackPointExtension></extensions></trkpt>
      <trkpt lon="-95.93359994023493" lat="-82.77285050502104"><ele>521070.31674630101770</ele><time>2023-01-20T10:10:53.100Z</time><hdop>1.39957242480422</hdop><vdop>3.23855580008625</vdop><pdop>3.52803722238650</pdop><extensions><gpxtpx:TrackPointExtension><gpxtpx:speed>7673.72314737152647</gpxtpx:speed><gpxtpx:course>0.00000000000000</gpxtpx:course></gpxtpx:TrackPointExtension></extensions></trkpt>
      <trkpt lon="-95.98395366584710" lat="-82.77227897311857"><ele>521072.64757801033556</ele><time>2023-01-20T10:10:53.200Z</time><hdop>1.39932430827214</hdop><vdop>3.23846184703571</vdop><pdop>3.52785255565297</pdop><extensions><gpxtpx:TrackPointExtension><gpxtpx:speed>7673.45456648403797</gpxtpx:speed><gpxtpx:course>0.00000000000000</gpxtpx:course></gpxtpx:TrackPointExtension></extensions></trkpt>
      <trkpt lon="-96.03418586192220" lat="-82.77169995371304"><ele>521071.44512355513871</ele><time>2023-01-20T10:10:53.300Z</time><hdop>1.39907696151855</hdop><vdop>3.23836811285890</vdop><pdop>3.52766840542493</pdop><extensions><gpxtpx:TrackPointExtension><gpxtpx:speed>7673.99500765190805</gpxtpx:speed><gpxtpx:course>0.00000000000000</gpxtpx:course></gpxtpx:TrackPointExtension></extensions></trkpt>
      <trkpt lon="-96.08449133941063" lat="-82.77111603884174"><ele>521072.14119435008615</ele><time>2023-01-20T10:10:53.400Z</time><hdop>1.39882933086126</hdop><vdop>3.23827423123877</vdop><pdop>3.52748401748085</pdop><extensions><gpxtpx:TrackPointExtension><gpxtpx:speed>7673.42101966468272</gpxtpx:speed><gpxtpx:course>0.00000000000000</gpxtpx:course></gpxtpx:TrackPointExtension></extensions></trkpt>
      <trkpt lon="-96.13479260129074" lat="-82.77053269600896"><ele>521074.63877264223993</ele><time>2023-01-20T10:10:53.500Z</time><hdop>1.39858160294390</hdop><vdop>3.23818023955936</vdop><pdop>3.52729950017940</pdop><extensions><gpxtpx:TrackPointExtension><gpxtpx:speed>7673.50630856370572</gpxtpx:speed><gpxtpx:course>0.00000000000000</gpxtpx:course></gpxtpx:TrackPointExtension></extensions></trkpt>
      <trkpt lon="-96.18504474734571" lat="-82.76993911562953"><ele>521074.52365178987384</ele><time>2023-01-20T10:10:53.600Z</time><hdop>1.39833438406940</hdop><vdop>3.23808638406694</vdop><pdop>3.52711531996765</pdop><extensions><gpxtpx:TrackPointExtension><gpxtpx:speed>7673.99338212597650</gpxtpx:speed><gpxtpx:course>0.00000000000000</gpxtpx:course></gpxtpx:TrackPointExtension></extensions></trkpt>
      <trkpt lon="-96.23534500630900" lat="-82.76933839126565"><ele>521076.98110353481025</ele><time>2023-01-20T10:10:53.700Z</time><hdop>1.39808700437360</hdop><vdop>3.23799224177695</vdop><pdop>3.52693082291191</pdop><extensions><gpxtpx:TrackPointExtension><gpxtpx:speed>7673.63910985480106</gpxtpx:speed><gpxtpx:course>0.00000000000000</gpxtpx:course></gpxtpx:TrackPointExtension></extensions></trkpt>
      <trkpt lon="-96.28562586423375" lat="-82.76873466342174"><ele>521078.82998382113874</ele><time>2023-01-20T10:10:53.800Z</time><hdop>1.39783976552353</hdop><vdop>3.23789817058228</vdop><pdop>3.52674645716685</pdop><extensions><gpxtpx:TrackPointExtension><gpxtpx:speed>7673.66004783293010</gpxtpx:speed><gpxtpx:course>0.00000000000000</gpxtpx:course></gpxtpx:TrackPointExtension></extensions></trkpt>
      <trkpt lon="-96.33577963240867" lat="-82.76812272947342"><ele>521076.44339045044035</ele><time>2023-01-20T10:10:53.900Z</time><hdop>1.39759333365317</hdop><vdop>3.23780438507856</vdop><pdop>3.52656268373409</pdop><extensions><gpxtpx:TrackPointExtension><gpxtpx:speed>7673.78188024391511</gpxtpx:speed><gpxtpx:course>0.00000000000000</gpxtpx:course></gpxtpx:TrackPointExtension></extensions></trkpt>
      <trkpt lon="-96.38607660953743" lat="-82.76750410248962"><ele>521078.53359966352582</ele><time>2023-01-20T10:10:54.000Z</time><hdop>1.39734627582440</hdop><vdop>3.23771019330030</vdop><pdop>3.52637829938323</pdop><extensions><gpxtpx:TrackPointExtension><gpxtpx:speed>7674.04002650611528</gpxtpx:speed><gpxtpx:course>0.00000000000000</gpxtpx:course></gpxtpx:TrackPointExtension></extensions></trkpt>
      <trkpt lon="-96.43618532194179" lat="-82.76689299339212"><ele>521075.16632861644030</ele><time>2023-01-20T10:10:54.100Z</time><hdop>1.39709996259953</hdop><vdop>3.23761667029053</vdop><pdop>3.52619483427090</pdop><extensions><gpxtpx:TrackPointExtension><gpxtpx:speed>7673.61094328423496</gpxtpx:speed><gpxtpx:course>0.00000000000000</gpxtpx:course></gpxtpx:TrackPointExtension></extensions></trkpt>
      <trkpt lon="-96.48645312965547" lat="-82.76626482370612"><ele>521078.73437364492565</ele><time>2023-01-20T10:10:54.200Z</time><hdop>1.39685315713359</hdop><vdop>3.23752227317796</vdop><pdop>3.52601038170869</pdop><extensions><gpxtpx:TrackPointExtension><gpxtpx:speed>7673.89885010416947</gpxtpx:speed><gpxtpx:course>0.00000000000000</gpxtpx:course></gpxtpx:TrackPointExtension></extensions></trkpt>
      <trkpt lon="-96.53670866221518" lat="-82.76562347497263"><ele>521081.96027151215822</ele><time>2023-01-20T10:10:54.300Z</time><hdop>1.39660667316841</hdop><vdop>3.23742773485947</vdop><pdop>3.52582593699347</pdop><extensions><gpxtpx:TrackPointExtension><gpxtpx:speed>7673.40918722784863</gpxtpx:speed><gpxtpx:course>0.00000000000000</gpxtpx:course></gpxtpx:TrackPointExtension></extensions></trkpt>
      <trkpt lon="-96.58684543952113" lat="-82.76498432165627"><ele>521081.18157518096268</ele><time>2023-01-20T10:10:54.400Z</time><hdop>1.39636071820046</hdop><vdop>3.23733366522104</vdop><pdop>3.52564214226384</pdop><extensions><gpxtpx:TrackPointExtension><gpxtpx:speed>7673.55182372008767</gpxtpx:speed><gpxtpx:course>0.00000000000000</gpxtpx:course></gpxtpx:TrackPointExtension></extensions></trkpt>
      <trkpt lon="-96.63705147254342" lat="-82.76434058753833"><ele>521079.47304227575660</ele><time>2023-01-20T10:10:54.500Z</time><hdop>1.39611455507400</hdop><vdop>3.23723978699508</vdop><pdop>3.52545845095265</pdop><extensions><gpxtpx:TrackPointExtension><gpxtpx:speed>7673.79005537442481</gpxtpx:speed><gpxtpx:course>0.00000000000000</gpxtpx:course></gpxtpx:TrackPointExtension></extensions></trkpt>
      <trkpt lon="-96.68723564652694" lat="-82.76369780390539"><ele>521078.58260518964380</ele><time>2023-01-20T10:10:54.600Z</time><hdop>1.39586839730752</hdop><vdop>3.23714589050271</vdop><pdop>3.52527475510781</pdop><extensions><gpxtpx:TrackPointExtension><gpxtpx:speed>7674.16802024083427</gpxtpx:speed><gpxtpx:course>0.00000000000000</gpxtpx:course></gpxtpx:TrackPointExtension></extensions></trkpt>
      <trkpt lon="-96.73737350679541" lat="-82.76303743134912"><ele>521080.11089633591473</ele><time>2023-01-20T10:10:54.700Z</time><hdop>1.39562275515843</hdop><vdop>3.23705140414302</vdop><pdop>3.52509073185079</pdop><extensions><gpxtpx:TrackPointExtension><gpxtpx:speed>7673.69349357042029</gpxtpx:speed><gpxtpx:course>0.00000000000000</gpxtpx:course></gpxtpx:TrackPointExtension></extensions></trkpt>
      <trkpt lon="-96.78756437131277" lat="-82.76238657236613"><ele>521082.51277105044574</ele><time>2023-01-20T10:10:54.800Z</time><hdop>1.39537659944952</hdop><vdop>3.23695716043064</vdop><pdop>3.52490673816407</pdop><extensions><gpxtpx:TrackPointExtension><gpxtpx:speed>7673.74897157687155</gpxtpx:speed><gpxtpx:course>0.00000000000000</gpxtpx:course></gpxtpx:TrackPointExtension></extensions></trkpt>
      <trkpt lon="-96.83777283098757" lat="-82.76172784470560"><ele>521085.39123100694269</ele><time>2023-01-20T10:10:54.900Z</time><hdop>1.39513049863334</hdop><vdop>3.23686281234491</vdop><pdop>3.52472268046130</pdop><extensions><gpxtpx:TrackPointExtension><gpxtpx:speed>7673.52016570774140</gpxtpx:speed><gpxtpx:course>0.00000000000000</gpxtpx:course></gpxtpx:TrackPointExtension></extensions></trkpt>
      <trkpt lon="-96.88783041669519" lat="-82.76104924152924"><ele>521083.30723745375872</ele><time>2023-01-20T10:10:55.000Z</time><hdop>1.39488560309197</hdop><vdop>3.23676858301869</vdop><pdop>3.52453921892353</pdop><extensions><gpxtpx:TrackPointExtension><gpxtpx:speed>7673.65691682614124</gpxtpx:speed><gpxtpx:course>0.00000000000000</gpxtpx:course></gpxtpx:TrackPointExtension></extensions></trkpt>
      <trkpt lon="-96.93796932661076" lat="-82.76036584777422"><ele>521082.41273119766265</ele><time>2023-01-20T10:10:55.100Z</time><hdop>1.39464038416425</hdop><vdop>3.23667430264117</vdop><pdop>3.52435559251894</pdop><extensions><gpxtpx:TrackPointExtension><gpxtpx:speed>7673.70770484390141</gpxtpx:speed><gpxtpx:course>0.00000000000000</gpxtpx:course></gpxtpx:TrackPointExtension></extensions></trkpt>
      <trkpt lon="-96.98813503621852" lat="-82.75968531478536"><ele>521083.45436330884695</ele><time>2023-01-20T10:10:55.200Z</time><hdop>1.39439489552873</hdop><vdop>3.23657996931913</vdop><pdop>3.52417182079342</pdop><extensions><gpxtpx:TrackPointExtension><gpxtpx:speed>7674.02600404502664</gpxtpx:speed><gpxtpx:course>0.00000000000000</gpxtpx:course></gpxtpx:TrackPointExtension></extensions></trkpt>
      <trkpt lon="-97.03825502285744" lat="-82.75899706876463"><ele>521085.73781699221581</ele><time>2023-01-20T10:10:55.300Z</time><hdop>1.39414973510341</hdop><vdop>3.23648538701640</vdop><pdop>3.52398796028868</pdop><extensions><gpxtpx:TrackPointExtension><gpxtpx:speed>7674.01911513571758</gpxtpx:speed><gpxtpx:course>0.00000000000000</gpxtpx:course></gpxtpx:TrackPointExtension></extensions></trkpt>
      <trkpt lon="-97.08832992332731" lat="-82.75831259430940"><ele>521084.50829831417650</ele><time>2023-01-20T10:10:55.400Z</time><hdop>1.39390470899274</hdop><vdop>3.23639132524996</vdop><pdop>3.52380464099606</pdop><extensions><gpxtpx:TrackPointExtension><gpxtpx:speed>7673.50489531557741</gpxtpx:speed><gpxtpx:course>0.00000000000000</gpxtpx:course></gpxtpx:TrackPointExtension></extensions></trkpt>
      <trkpt lon="-97.13842584915159" lat="-82.75761944838472"><ele>521086.31282186508179</ele><time>2023-01-20T10:10:55.500Z</time><hdop>1.39365967873009</hdop><vdop>3.23629684783921</vdop><pdop>3.52362094832178</pdop><extensions><gpxtpx:TrackPointExtension><gpxtpx:speed>7673.29306835479656</gpxtpx:speed><gpxtpx:course>0.00000000000000</gpxtpx:course></gpxtpx:TrackPointExtension></extensions></trkpt>
      <trkpt lon="-97.18848928587272" lat="-82.75691678976409"><ele>521087.19025627616793</ele><time>2023-01-20T10:10:55.600Z</time><hdop>1.39341499863746</hdop><vdop>3.23620235076599</vdop><pdop>3.52343738606650</pdop><extensions><gpxtpx:TrackPointExtension><gpxtpx:speed>7673.88595218019236</gpxtpx:speed><gpxtpx:course>0.00000000000000</gpxtpx:course></gpxtpx:TrackPointExtension></extensions></trkpt>
      <trkpt lon="-97.23853411782042" lat="-82.75620782524366"><ele>521086.83918113820255</ele><time>2023-01-20T10:10:55.700Z</time><hdop>1.39317052651183</hdop><vdop>3.23610794947404</vdop><pdop>3.52325400398415</pdop><extensions><gpxtpx:TrackPointExtension><gpxtpx:speed>7673.84184181092860</gpxtpx:speed><gpxtpx:course>0.00000000000000</gpxtpx:course></gpxtpx:TrackPointExtension></extensions></trkpt>
      <trkpt lon="-97.28858924866779" lat="-82.75548846703414"><ele>521085.68755402136594</ele><time>2023-01-20T10:10:55.800Z</time><hdop>1.39292623312242</hdop><vdop>3.23601354052786</vdop><pdop>3.52307069548714</pdop><extensions><gpxtpx:TrackPointExtension><gpxtpx:speed>7673.52405251450728</gpxtpx:speed><gpxtpx:course>0.00000000000000</gpxtpx:course></gpxtpx:TrackPointExtension></extensions></trkpt>
      <trkpt lon="-97.33862143885239" lat="-82.75477485370418"><ele>521088.18738850578666</ele><time>2023-01-20T10:10:55.900Z</time><hdop>1.39268177429094</hdop><vdop>3.23591888134668</vdop><pdop>3.52288710166791</pdop><extensions><gpxtpx:TrackPointExtension><gpxtpx:speed>7673.61864080394844</gpxtpx:speed><gpxtpx:course>0.00000000000000</gpxtpx:course></gpxtpx:TrackPointExtension></extensions></trkpt>
      <trkpt lon="-97.38869702235162" lat="-82.75404947156034"><ele>521088.46804748475552</ele><time>2023-01-20T10:10:56.000Z</time><hdop>1.39243740682707</hdop><vdop>3.23582439519885</vdop><pdop>3.52270371284547</pdop><extensions><gpxtpx:TrackPointExtension><gpxtpx:speed>7673.84674922827162</gpxtpx:speed><gpxtpx:course>0.00000000000000</gpxtpx:course></gpxtpx:TrackPointExtension></extensions></trkpt>
      <trkpt lon="-97.43883610743892" lat="-82.75332947018607"><ele>521089.46109565999359</ele><time>2023-01-20T10:10:56.100Z</time><hdop>1.39219257568184</hdop><vdop>3.23573009832839</vdop><pdop>3.52252032457045</pdop><extensions><gpxtpx:TrackPointExtension><gpxtpx:speed>7673.74448235343243</gpxtpx:speed><gpxtpx:course>0.00000000000000</gpxtpx:course></gpxtpx:TrackPointExtension></extensions></trkpt>
      <trkpt lon="-97.48887391586699" lat="-82.75258958949532"><ele>521090.33060066681355</ele><time>2023-01-20T10:10:56.200Z</time><hdop>1.39194862297486</hdop><vdop>3.23563539770763</vdop><pdop>3.52233692254166</pdop><extensions><gpxtpx:TrackPointExtension><gpxtpx:speed>7673.72566588583231</gpxtpx:speed><gpxtpx:course>0.00000000000000</gpxtpx:course></gpxtpx:TrackPointExtension></extensions></trkpt>
      <trkpt lon="-97.53886171792060" lat="-82.75185142171652"><ele>521093.31135873310268</ele><time>2023-01-20T10:10:56.300Z</time><hdop>1.39170473850909</hdop><vdop>3.23554051689051</vdop><pdop>3.52215339183698</pdop><extensions><gpxtpx:TrackPointExtension><gpxtpx:speed>7673.49473491608023</gpxtpx:speed><gpxtpx:course>0.00000000000000</gpxtpx:course></gpxtpx:TrackPointExtension></extensions></trkpt>
      <trkpt lon="-97.58883499478121" lat="-82.75109965020556"><ele>521091.70911738462746</ele><time>2023-01-20T10:10:56.400Z</time><hdop>1.39146130911741</hdop><vdop>3.23544598924245</vdop><pdop>3.52197037524108</pdop><extensions><gpxtpx:TrackPointExtension><gpxtpx:speed>7673.25084893150415</gpxtpx:speed><gpxtpx:course>0.00000000000000</gpxtpx:course></gpxtpx:TrackPointExtension></extensions></trkpt>
      <trkpt lon="-97.63883957179907" lat="-82.75035113750340"><ele>521092.06040592305362</ele><time>2023-01-20T10:10:56.500Z</time><hdop>1.39121757382460</hdop><vdop>3.23535142254004</vdop><pdop>3.52178721177902</pdop><extensions><gpxtpx:TrackPointExtension><gpxtpx:speed>7673.20310217997394</gpxtpx:speed><gpxtpx:course>0.00000000000000</gpxtpx:course></gpxtpx:TrackPointExtension></extensions></trkpt>
      <trkpt lon="-97.68882379649490" lat="-82.74959533858699"><ele>521092.26069559436291</ele><time>2023-01-20T10:10:56.600Z</time><hdop>1.39097406484283</hdop><vdop>3.23525679324054</vdop><pdop>3.52160409008089</pdop><extensions><gpxtpx:TrackPointExtension><gpxtpx:speed>7673.72136892672006</gpxtpx:speed><gpxtpx:course>0.00000000000000</gpxtpx:course></gpxtpx:TrackPointExtension></extensions></trkpt>
      <trkpt lon="-97.73880029884847" lat="-82.74883249878042"><ele>521092.93974070809782</ele><time>2023-01-20T10:10:56.700Z</time><hdop>1.39073068244448</hdop><vdop>3.23516205784252</vdop><pdop>3.52142093076025</pdop><extensions><gpxtpx:TrackPointExtension><gpxtpx:speed>7673.28770559965960</gpxtpx:speed><gpxtpx:course>0.00000000000000</gpxtpx:course></gpxtpx:TrackPointExtension></extensions></trkpt>
      <trkpt lon="-97.78877093449681" lat="-82.74806755938977"><ele>521094.09975390881300</ele><time>2023-01-20T10:10:56.800Z</time><hdop>1.39048732469101</hdop><vdop>3.23506731038930</vdop><pdop>3.52123777993986</pdop><extensions><gpxtpx:TrackPointExtension><gpxtpx:speed>7673.59227044885574</gpxtpx:speed><gpxtpx:course>0.00000000000000</gpxtpx:course></gpxtpx:TrackPointExtension></extensions></trkpt>
      <trkpt lon="-97.83865773538436" lat="-82.74729106876941"><ele>521095.53230101522058</ele><time>2023-01-20T10:10:56.900Z</time><hdop>1.39024455249797</hdop><vdop>3.23497230132061</vdop><pdop>3.52105462980367</pdop><extensions><gpxtpx:TrackPointExtension><gpxtpx:speed>7673.96931574706286</gpxtpx:speed><gpxtpx:course>0.00000000000000</gpxtpx:course></gpxtpx:TrackPointExtension></extensions></trkpt>
      <trkpt lon="-97.88863867292592" lat="-82.74651794276350"><ele>521095.93555345572531</ele><time>2023-01-20T10:10:57.000Z</time><hdop>1.39000126403930</hdop><vdop>3.23487768368027</vdop><pdop>3.52087164526109</pdop><extensions><gpxtpx:TrackPointExtension><gpxtpx:speed>7673.65353065823456</gpxtpx:speed><gpxtpx:course>0.00000000000000</gpxtpx:course></gpxtpx:TrackPointExtension></extensions></trkpt>
      <trkpt lon="-97.93866008425744" lat="-82.74573718185597"><ele>521096.91518966574222</ele><time>2023-01-20T10:10:57.100Z</time><hdop>1.38975791839649</hdop><vdop>3.23478299142246</vdop><pdop>3.52068857943184</pdop><extensions><gpxtpx:TrackPointExtension><gpxtpx:speed>7673.30063639494165</gpxtpx:speed><gpxtpx:course>0.00000000000000</gpxtpx:course></gpxtpx:TrackPointExtension></extensions></trkpt>
      <trkpt lon="-97.98852902657259" lat="-82.74494457434724"><ele>521096.35866756085306</ele><time>2023-01-20T10:10:57.200Z</time><hdop>1.38951551236234</hdop><vdop>3.23468815285935</vdop><pdop>3.52050575987943</pdop><extensions><gpxtpx:TrackPointExtension><gpxtpx:speed>7673.60292985150863</gpxtpx:speed><gpxtpx:course>0.00000000000000</gpxtpx:course></gpxtpx:TrackPointExtension></extensions></trkpt>
      <trkpt lon="-98.03839386931196" lat="-82.74415280820430"><ele>521097.67560254223645</ele><time>2023-01-20T10:10:57.300Z</time><hdop>1.38927301681025</hdop><vdop>3.23459320587768</vdop><pdop>3.52032281513317</pdop><extensions><gpxtpx:TrackPointExtension><gpxtpx:speed>7673.73975501340556</gpxtpx:speed><gpxtpx:course>0.00000000000000</gpxtpx:course></gpxtpx:TrackPointExtension></extensions></trkpt>
      <trkpt lon="-98.08820456024800" lat="-82.74333390184051"><ele>521084.16513721551746</ele><time>2023-01-20T10:10:57.400Z</time><hdop>1.38903166470548</hdop><vdop>3.23449949668879</vdop><pdop>3.52014146869618</pdop><extensions><gpxtpx:TrackPointExtension><gpxtpx:speed>7673.92708657320145</gpxtpx:speed><gpxtpx:course>0.00000000000000</gpxtpx:course></gpxtpx:TrackPointExtension></extensions></trkpt>
      <trkpt lon="-98.13810809078562" lat="-82.74253323780192"><ele>521086.76108697708696</ele><time>2023-01-20T10:10:57.500Z</time><hdop>1.38878907734434</hdop><vdop>3.23440444776063</vdop><pdop>3.51995841353910</pdop><extensions><gpxtpx:TrackPointExtension><gpxtpx:speed>7673.76504429415490</gpxtpx:speed><gpxtpx:course>0.00000000000000</gpxtpx:course></gpxtpx:TrackPointExtension></extensions></trkpt>
      <trkpt lon="-98.18808924126471" lat="-82.74173687546859"><ele>521095.72568697854877</ele><time>2023-01-20T10:10:57.600Z</time><hdop>1.38854585673844</hdop><vdop>3.23430892253707</vdop><pdop>3.51977468066756</pdop><extensions><gpxtpx:TrackPointExtension><gpxtpx:speed>7673.59590262494748</gpxtpx:speed><gpxtpx:course>0.00000000000000</gpxtpx:course></gpxtpx:TrackPointExtension></extensions></trkpt>
      <trkpt lon="-98.23790382444444" lat="-82.74091020542863"><ele>521090.37197208590806</ele><time>2023-01-20T10:10:57.700Z</time><hdop>1.38830435624696</hdop><vdop>3.23421439677917</vdop><pdop>3.51959255453070</pdop><extensions><gpxtpx:TrackPointExtension><gpxtpx:speed>7673.67308700202648</gpxtpx:speed><gpxtpx:course>0.00000000000000</gpxtpx:course></gpxtpx:TrackPointExtension></extensions></trkpt>
      <trkpt lon="-98.28779631254713" lat="-82.74009703492138"><ele>521098.28583499230444</ele><time>2023-01-20T10:10:57.800Z</time><hdop>1.38806184295806</hdop><vdop>3.23411875033325</vdop><pdop>3.51940900878730</pdop><extensions><gpxtpx:TrackPointExtension><gpxtpx:speed>7674.11359831190384</gpxtpx:speed><gpxtpx:course>0.00000000000000</gpxtpx:course></gpxtpx:TrackPointExtension></extensions></trkpt>
      <trkpt lon="-98.33762208500292" lat="-82.73927773395025"><ele>521099.42159312684089</ele><time>2023-01-20T10:10:57.900Z</time><hdop>1.38781987929708</hdop><vdop>3.23402379339234</vdop><pdop>3.51922632315683</pdop><extensions><gpxtpx:TrackPointExtension><gpxtpx:speed>7673.56509616977019</gpxtpx:speed><gpxtpx:course>0.00000000000000</gpxtpx:course></gpxtpx:TrackPointExtension></extensions></trkpt>
      <trkpt lon="-98.38748198886921" lat="-82.73844314645736"><ele>521098.14440570585430</ele><time>2023-01-20T10:10:58.000Z</time><hdop>1.38757813230470</hdop><vdop>3.23392896639866</vdop><pdop>3.51904385209427</pdop><extensions><gpxtpx:TrackPointExtension><gpxtpx:speed>7674.07059658802154</gpxtpx:speed><gpxtpx:course>0.00000000000000</gpxtpx:course></gpxtpx:TrackPointExtension></extensions></trkpt>
      <trkpt lon="-98.43726775010263" lat="-82.73760249144264"><ele>521097.44402290508151</ele><time>2023-01-20T10:10:58.100Z</time><hdop>1.38733677588078</hdop><vdop>3.23383394588457</vdop><pdop>3.51886136687234</pdop><extensions><gpxtpx:TrackPointExtension><gpxtpx:speed>7673.83176504702988</gpxtpx:speed><gpxtpx:course>0.00000000000000</gpxtpx:course></gpxtpx:TrackPointExtension></extensions></trkpt>
      <trkpt lon="-98.48704520252394" lat="-82.73676141105194"><ele>521098.67757500894368</ele><time>2023-01-20T10:10:58.200Z</time><hdop>1.38709537669951</hdop><vdop>3.23373877327270</vdop><pdop>3.51867873467135</pdop><extensions><gpxtpx:TrackPointExtension><gpxtpx:speed>7673.32388521229041</gpxtpx:speed><gpxtpx:course>0.00000000000000</gpxtpx:course></gpxtpx:TrackPointExtension></extensions></trkpt>
      <trkpt lon="-98.53692181791119" lat="-82.73591892969525"><ele>521100.54155322350562</ele><time>2023-01-20T10:10:58.300Z</time><hdop>1.38685351711061</hdop><vdop>3.23364371569628</vdop><pdop>3.51849603637465</pdop><extensions><gpxtpx:TrackPointExtension><gpxtpx:speed>7674.04328675920078</gpxtpx:speed><gpxtpx:course>0.00000000000000</gpxtpx:course></gpxtpx:TrackPointExtension></extensions></trkpt>
      <trkpt lon="-98.58678633283033" lat="-82.73507034406744"><ele>521104.67214587237686</ele><time>2023-01-20T10:10:58.400Z</time><hdop>1.38661175342577</hdop><vdop>3.23354835258229</vdop><pdop>3.51831310477424</pdop><extensions><gpxtpx:TrackPointExtension><gpxtpx:speed>7673.69994960982785</gpxtpx:speed><gpxtpx:course>0.00000000000000</gpxtpx:course></gpxtpx:TrackPointExtension></extensions></trkpt>
      <trkpt lon="-98.63652327192361" lat="-82.73421235727571"><ele>521104.34519043751061</ele><time>2023-01-20T10:10:58.500Z</time><hdop>1.38637082492002</hdop><vdop>3.23345327254419</vdop><pdop>3.51813077214536</pdop><extensions><gpxtpx:TrackPointExtension><gpxtpx:speed>7673.53289911169304</gpxtpx:speed><gpxtpx:course>0.00000000000000</gpxtpx:course></gpxtpx:TrackPointExtension></extensions></trkpt>
      <trkpt lon="-98.68620532170013" lat="-82.73334810582848"><ele>521103.32681795861572</ele><time>2023-01-20T10:10:58.600Z</time><hdop>1.38613024467272</hdop><vdop>3.23335817299799</vdop><pdop>3.51794856842583</pdop><extensions><gpxtpx:TrackPointExtension><gpxtpx:speed>7673.80116873618499</gpxtpx:speed><gpxtpx:course>0.00000000000000</gpxtpx:course></gpxtpx:TrackPointExtension></extensions></trkpt>
      <trkpt lon="-98.73592824633010" lat="-82.73247325310520"><ele>521099.51901971176267</ele><time>2023-01-20T10:10:58.700Z</time><hdop>1.38588973832660</hdop><vdop>3.23326334118874</vdop><pdop>3.51776664949140</pdop><extensions><gpxtpx:TrackPointExtension><gpxtpx:speed>7673.26890459736842</gpxtpx:speed><gpxtpx:course>0.00000000000000</gpxtpx:course></gpxtpx:TrackPointExtension></extensions></trkpt>
      <trkpt lon="-98.78564307280615" lat="-82.73159938234257"><ele>521098.18616555072367</ele><time>2023-01-20T10:10:58.800Z</time><hdop>1.38564914033795</hdop><vdop>3.23316831812408</vdop><pdop>3.51758452825808</pdop><extensions><gpxtpx:TrackPointExtension><gpxtpx:speed>7673.76151377069891</gpxtpx:speed><gpxtpx:course>0.00000000000000</gpxtpx:course></gpxtpx:TrackPointExtension></extensions></trkpt>
      <trkpt lon="-98.83550745145146" lat="-82.73071579396439"><ele>521104.15847515407950</ele><time>2023-01-20T10:10:58.900Z</time><hdop>1.38540788292940</hdop><vdop>3.23307252851658</vdop><pdop>3.51740145231271</pdop><extensions><gpxtpx:TrackPointExtension><gpxtpx:speed>7673.64788284527731</gpxtpx:speed><gpxtpx:course>0.00000000000000</gpxtpx:course></gpxtpx:TrackPointExtension></extensions></trkpt>
      <trkpt lon="-98.88522138163553" lat="-82.72983360674635"><ele>521105.39691185019910</ele><time>2023-01-20T10:10:59.000Z</time><hdop>1.38516733390675</hdop><vdop>3.23297723313811</vdop><pdop>3.51721911926336</pdop><extensions><gpxtpx:TrackPointExtension><gpxtpx:speed>7673.50373855912221</gpxtpx:speed><gpxtpx:course>0.00000000000000</gpxtpx:course></gpxtpx:TrackPointExtension></extensions></trkpt>
      <trkpt lon="-98.93492594086024" lat="-82.72894923797141"><ele>521105.59100845921785</ele><time>2023-01-20T10:10:59.100Z</time><hdop>1.38492684979294</hdop><vdop>3.23288209763907</vdop><pdop>3.51703696831759</pdop><extensions><gpxtpx:TrackPointExtension><gpxtpx:speed>7673.30328775877024</gpxtpx:speed><gpxtpx:course>0.00000000000000</gpxtpx:course></gpxtpx:TrackPointExtension></extensions></trkpt>
      <trkpt lon="-98.98459171667966" lat="-82.72805387962397"><ele>521107.64484627265483</ele><time>2023-01-20T10:10:59.200Z</time><hdop>1.38468669162333</hdop><vdop>3.23278657115031</vdop><pdop>3.51685459588089</pdop><extensions><gpxtpx:TrackPointExtension><gpxtpx:speed>7673.57254111033126</gpxtpx:speed><gpxtpx:course>0.00000000000000</gpxtpx:course></gpxtpx:TrackPointExtension></extensions></trkpt>
      <trkpt lon="-99.03422479907890" lat="-82.72715123183065"><ele>521105.60544462688267</ele><time>2023-01-20T10:10:59.300Z</time><hdop>1.38444689919276</hdop><vdop>3.23269144831585</vdop><pdop>3.51667274802459</pdop><extensions><gpxtpx:TrackPointExtension><gpxtpx:speed>7673.72455782584530</gpxtpx:speed><gpxtpx:course>0.00000000000000</gpxtpx:course></gpxtpx:TrackPointExtension></extensions></trkpt>
      <trkpt lon="-99.08386662674367" lat="-82.72625077365615"><ele>521105.16836523171514</ele><time>2023-01-20T10:10:59.400Z</time><hdop>1.38420692313826</hdop><vdop>3.23259627057413</vdop><pdop>3.51649078693428</pdop><extensions><gpxtpx:TrackPointExtension><gpxtpx:speed>7673.41604614879816</gpxtpx:speed><gpxtpx:course>0.00000000000000</gpxtpx:course></gpxtpx:TrackPointExtension></extensions></trkpt>
      <trkpt lon="-99.13357873204249" lat="-82.72533247994708"><ele>521106.19358036387712</ele><time>2023-01-20T10:10:59.500Z</time><hdop>1.38396694469187</hdop><vdop>3.23250076421685</vdop><pdop>3.51630853234785</pdop><extensions><gpxtpx:TrackPointExtension><gpxtpx:speed>7673.53919724084699</gpxtpx:speed><gpxtpx:course>0.00000000000000</gpxtpx:course></gpxtpx:TrackPointExtension></extensions></trkpt>
      <trkpt lon="-99.18327176156207" lat="-82.72441687525814"><ele>521107.57282019313425</ele><time>2023-01-20T10:10:59.600Z</time><hdop>1.38372695113142</hdop><vdop>3.23240534475360</vdop><pdop>3.51612636122183</pdop><extensions><gpxtpx:TrackPointExtension><gpxtpx:speed>7673.90708414341407</gpxtpx:speed><gpxtpx:course>0.00000000000000</gpxtpx:course></gpxtpx:TrackPointExtension></extensions></trkpt>
      <trkpt lon="-99.23288771183780" lat="-82.72349277773631"><ele>521108.80636976845562</ele><time>2023-01-20T10:10:59.700Z</time><hdop>1.38348743582338</hdop><vdop>3.23230976718956</vdop><pdop>3.51594424246890</pdop><extensions><gpxtpx:TrackPointExtension><gpxtpx:speed>7673.49736050439788</gpxtpx:speed><gpxtpx:course>0.00000000000000</gpxtpx:course></gpxtpx:TrackPointExtension></extensions></trkpt>
      <trkpt lon="-99.28241687795996" lat="-82.72256951498127"><ele>521107.90648188628256</ele><time>2023-01-20T10:10:59.800Z</time><hdop>1.38324829834450</hdop><vdop>3.23221444564329</vdop><pdop>3.51576251722128</pdop><extensions><gpxtpx:TrackPointExtension><gpxtpx:speed>7674.01857711129105</gpxtpx:speed><gpxtpx:course>0.00000000000000</gpxtpx:course></gpxtpx:TrackPointExtension></extensions></trkpt>
      <trkpt lon="-99.33211647358489" lat="-82.72163313461040"><ele>521109.45173282362521</ele><time>2023-01-20T10:10:59.900Z</time><hdop>1.38300858443312</hdop><vdop>3.23211889084140</vdop><pdop>3.51558036021786</pdop><extensions><gpxtpx:TrackPointExtension><gpxtpx:speed>7673.60658902909654</gpxtpx:speed><gpxtpx:course>0.00000000000000</gpxtpx:course></gpxtpx:TrackPointExtension></extensions></trkpt>
      <trkpt lon="-99.38166766054037" lat="-82.72070137961374"><ele>521110.11169869359583</ele><time>2023-01-20T10:11:00.000Z</time><hdop>1.38276940261546</hdop><vdop>3.23202343745176</vdop><pdop>3.51539851525358</pdop><extensions><gpxtpx:TrackPointExtension><gpxtpx:speed>7673.83691685298345</gpxtpx:speed><gpxtpx:course>0.00000000000000</gpxtpx:course></gpxtpx:TrackPointExtension></extensions></trkpt>
      <trkpt lon="-99.43117972232288" lat="-82.71975794295321"><ele>521108.18853365350515</ele><time>2023-01-20T10:11:00.100Z</time><hdop>1.38253067091608</hdop><vdop>3.23192809840124</vdop><pdop>3.51521696190422</pdop><extensions><gpxtpx:TrackPointExtension><gpxtpx:speed>7673.70190719453058</gpxtpx:speed><gpxtpx:course>0.00000000000000</gpxtpx:course></gpxtpx:TrackPointExtension></extensions></trkpt>
      <trkpt lon="-99.48071412901342" lat="-82.71880722736856"><ele>521108.85466708056629</ele><time>2023-01-20T10:11:00.200Z</time><hdop>1.38229188998273</hdop><vdop>3.23183244386221</vdop><pdop>3.51503510854621</pdop><extensions><gpxtpx:TrackPointExtension><gpxtpx:speed>7673.56797732685482</gpxtpx:speed><gpxtpx:course>0.00000000000000</gpxtpx:course></gpxtpx:TrackPointExtension></extensions></trkpt>
      <trkpt lon="-99.53042102337240" lat="-82.71785586192973"><ele>521111.46121456474066</ele><time>2023-01-20T10:11:00.300Z</time><hdop>1.38205225231671</hdop><vdop>3.23173685995733</vdop><pdop>3.51485299267844</pdop><extensions><gpxtpx:TrackPointExtension><gpxtpx:speed>7673.69935009524306</gpxtpx:speed><gpxtpx:course>0.00000000000000</gpxtpx:course></gpxtpx:TrackPointExtension></extensions></trkpt>
      <trkpt lon="-99.58000330273777" lat="-82.71688747934964"><ele>521111.33092139475048</ele><time>2023-01-20T10:11:00.400Z</time><hdop>1.38181357970440</hdop><vdop>3.23164120785587</vdop><pdop>3.51467120302421</pdop><extensions><gpxtpx:TrackPointExtension><gpxtpx:speed>7673.74741480952980</gpxtpx:speed><gpxtpx:course>0.00000000000000</gpxtpx:course></gpxtpx:TrackPointExtension></extensions></trkpt>
      <trkpt lon="-99.62954388429183" lat="-82.71592796664203"><ele>521110.73050833866000</ele><time>2023-01-20T10:11:00.500Z</time><hdop>1.38157484979209</hdop><vdop>3.23154582389336</vdop><pdop>3.51448964680516</pdop><extensions><gpxtpx:TrackPointExtension><gpxtpx:speed>7673.47334416480044</gpxtpx:speed><gpxtpx:course>0.00000000000000</gpxtpx:course></gpxtpx:TrackPointExtension></extensions></trkpt>
      <trkpt lon="-99.67893344309937" lat="-82.71496699382799"><ele>521111.99166556727141</ele><time>2023-01-20T10:11:00.600Z</time><hdop>1.38133671739934</hdop><vdop>3.23145008166349</vdop><pdop>3.51430800544268</pdop><extensions><gpxtpx:TrackPointExtension><gpxtpx:speed>7673.53126502181567</gpxtpx:speed><gpxtpx:course>0.00000000000000</gpxtpx:course></gpxtpx:TrackPointExtension></extensions></trkpt>
      <trkpt lon="-99.72845609977662" lat="-82.71399230718696"><ele>521110.47800893709064</ele><time>2023-01-20T10:11:00.700Z</time><hdop>1.38109833905869</hdop><vdop>3.23135468807423</vdop><pdop>3.51412659736242</pdop><extensions><gpxtpx:TrackPointExtension><gpxtpx:speed>7673.97068498365570</gpxtpx:speed><gpxtpx:course>0.00000000000000</gpxtpx:course></gpxtpx:TrackPointExtension></extensions></trkpt>
      <trkpt lon="-99.77811028214248" lat="-82.71301944791747"><ele>521109.83584256004542</ele><time>2023-01-20T10:11:00.800Z</time><hdop>1.38085927085924</hdop><vdop>3.23125946212450</vdop><pdop>3.51394508174032</pdop><extensions><gpxtpx:TrackPointExtension><gpxtpx:speed>7673.35776146200442</gpxtpx:speed><gpxtpx:course>0.00000000000000</gpxtpx:course></gpxtpx:TrackPointExtension></extensions></trkpt>
      <trkpt lon="-99.82751679752523" lat="-82.71203692792119"><ele>521112.41244432609528</ele><time>2023-01-20T10:11:00.900Z</time><hdop>1.38062137483599</hdop><vdop>3.23116346485112</vdop><pdop>3.51376332686804</pdop><extensions><gpxtpx:TrackPointExtension><gpxtpx:speed>7673.57457230214823</gpxtpx:speed><gpxtpx:course>0.00000000000000</gpxtpx:course></gpxtpx:TrackPointExtension></extensions></trkpt>
      <trkpt lon="-99.87688398426646" lat="-82.71103795844812"><ele>521113.69631591718644</ele><time>2023-01-20T10:11:01.000Z</time><hdop>1.38038398744697</hdop><vdop>3.23106735822819</vdop><pdop>3.51358168059428</pdop><extensions><gpxtpx:TrackPointExtension><gpxtpx:speed>7673.51525714480067</gpxtpx:speed><gpxtpx:course>0.00000000000000</gpxtpx:course></gpxtpx:TrackPointExtension></extensions></trkpt>
      <trkpt lon="-99.92624402458561" lat="-82.71003705034950"><ele>521111.18623780552298</ele><time>2023-01-20T10:11:01.100Z</time><hdop>1.38014672948791</hdop><vdop>3.23097173482377</vdop><pdop>3.51340053881511</pdop><extensions><gpxtpx:TrackPointExtension><gpxtpx:speed>7673.80665671580300</gpxtpx:speed><gpxtpx:course>0.00000000000000</gpxtpx:course></gpxtpx:TrackPointExtension></extensions></trkpt>
      <trkpt lon="-99.97576403277955" lat="-82.70902991912699"><ele>521112.60031929239631</ele><time>2023-01-20T10:11:01.200Z</time><hdop>1.37990873584709</hdop><vdop>3.23087583633087</vdop><pdop>3.51321886438261</pdop><extensions><gpxtpx:TrackPointExtension><gpxtpx:speed>7673.33385463589639</gpxtpx:speed><gpxtpx:course>0.00000000000000</gpxtpx:course></gpxtpx:TrackPointExtension></extensions></trkpt>
      <trkpt lon="-100.02524293371464" lat="-82.70802740534650"><ele>521115.65000058803707</ele><time>2023-01-20T10:11:01.300Z</time><hdop>1.37967075066107</hdop><vdop>3.23077986439542</vdop><pdop>3.51303713507452</pdop><extensions><gpxtpx:TrackPointExtension><gpxtpx:speed>7673.97148931250103</gpxtpx:speed><gpxtpx:course>0.00000000000000</gpxtpx:course></gpxtpx:TrackPointExtension></extensions></trkpt>
      <trkpt lon="-100.07475747659043" lat="-82.70701759783027"><ele>521119.83261526189744</ele><time>2023-01-20T10:11:01.400Z</time><hdop>1.37943269025006</hdop><vdop>3.23068376090610</vdop><pdop>3.51285526458363</pdop><extensions><gpxtpx:TrackPointExtension><gpxtpx:speed>7673.53084451118502</gpxtpx:speed><gpxtpx:course>0.00000000000000</gpxtpx:course></gpxtpx:TrackPointExtension></extensions></trkpt>
      <trkpt lon="-100.12411218650102" lat="-82.70599572477261"><ele>521117.93686905410141</ele><time>2023-01-20T10:11:01.500Z</time><hdop>1.37919571694444</hdop><vdop>3.23058804755738</vdop><pdop>3.51267418908422</pdop><extensions><gpxtpx:TrackPointExtension><gpxtpx:speed>7673.87852297045265</gpxtpx:speed><gpxtpx:course>0.00000000000000</gpxtpx:course></gpxtpx:TrackPointExtension></extensions></trkpt>
      <trkpt lon="-100.17351865414585" lat="-82.70496971545685"><ele>521116.38352335989475</ele><time>2023-01-20T10:11:01.600Z</time><hdop>1.37895851603440</hdop><vdop>3.23049236115116</vdop><pdop>3.51249305827069</pdop><extensions><gpxtpx:TrackPointExtension><gpxtpx:speed>7673.37897808662183</gpxtpx:speed><gpxtpx:course>0.00000000000000</gpxtpx:course></gpxtpx:TrackPointExtension></extensions></trkpt>
      <trkpt lon="-100.22283089118055" lat="-82.70393275910185"><ele>521115.38782906718552</ele><time>2023-01-20T10:11:01.700Z</time><hdop>1.37872192044648</hdop><vdop>3.23039637267099</vdop><pdop>3.51231189652706</pdop><extensions><gpxtpx:TrackPointExtension><gpxtpx:speed>7673.32871903889372</gpxtpx:speed><gpxtpx:course>0.00000000000000</gpxtpx:course></gpxtpx:TrackPointExtension></extensions></trkpt>
      <trkpt lon="-100.27218206714312" lat="-82.70290609559689"><ele>521118.17634527850896</ele><time>2023-01-20T10:11:01.800Z</time><hdop>1.37848479240082</hdop><vdop>3.23030028069597</vdop><pdop>3.51213043982492</pdop><extensions><gpxtpx:TrackPointExtension><gpxtpx:speed>7673.85468744888931</gpxtpx:speed><gpxtpx:course>0.00000000000000</gpxtpx:course></gpxtpx:TrackPointExtension></extensions></trkpt>
      <trkpt lon="-100.32160033008709" lat="-82.70188794220161"><ele>521121.99439238756895</ele><time>2023-01-20T10:11:01.900Z</time><hdop>1.37824711004737</hdop><vdop>3.23020440464708</vdop><pdop>3.51194897345553</pdop><extensions><gpxtpx:TrackPointExtension><gpxtpx:speed>7673.73072109487111</gpxtpx:speed><gpxtpx:course>0.00000000000000</gpxtpx:course></gpxtpx:TrackPointExtension></extensions></trkpt>
      <trkpt lon="-100.37098678103524" lat="-82.70084924777622"><ele>521119.66418814100325</ele><time>2023-01-20T10:11:02.000Z</time><hdop>1.37801011805201</hdop><vdop>3.23010891748922</vdop><pdop>3.51176814500859</pdop><extensions><gpxtpx:TrackPointExtension><gpxtpx:speed>7673.45417271209226</gpxtpx:speed><gpxtpx:course>0.00000000000000</gpxtpx:course></gpxtpx:TrackPointExtension></extensions></trkpt>
      <trkpt lon="-100.42011846686461" lat="-82.69979612285286"><ele>521117.41632267553359</ele><time>2023-01-20T10:11:02.100Z</time><hdop>1.37777451098118</hdop><vdop>3.23001290908714</vdop><pdop>3.51158738976819</pdop><extensions><gpxtpx:TrackPointExtension><gpxtpx:speed>7673.57548114385918</gpxtpx:speed><gpxtpx:course>0.00000000000000</gpxtpx:course></gpxtpx:TrackPointExtension></extensions></trkpt>
      <trkpt lon="-100.46941252706540" lat="-82.69873816791113"><ele>521120.77657213062048</ele><time>2023-01-20T10:11:02.200Z</time><hdop>1.37753809269314</hdop><vdop>3.22991645422829</vdop><pdop>3.51140591474630</pdop><extensions><gpxtpx:TrackPointExtension><gpxtpx:speed>7673.49331830209212</gpxtpx:speed><gpxtpx:course>0.00000000000000</gpxtpx:course></gpxtpx:TrackPointExtension></extensions></trkpt>
      <trkpt lon="-100.51874416818460" lat="-82.69766129873699"><ele>521122.35634121578187</ele><time>2023-01-20T10:11:02.300Z</time><hdop>1.37730191712118</hdop><vdop>3.22982000860664</vdop><pdop>3.51122455261715</pdop><extensions><gpxtpx:TrackPointExtension><gpxtpx:speed>7673.17958612687107</gpxtpx:speed><gpxtpx:course>0.00000000000000</gpxtpx:course></gpxtpx:TrackPointExtension></extensions></trkpt>
      <trkpt lon="-100.56801854127070" lat="-82.69660104830587"><ele>521124.39263398945332</ele><time>2023-01-20T10:11:02.400Z</time><hdop>1.37706558224271</hdop><vdop>3.22972383039594</vdop><pdop>3.51104338315904</pdop><extensions><gpxtpx:TrackPointExtension><gpxtpx:speed>7673.42259259958882</gpxtpx:speed><gpxtpx:course>0.00000000000000</gpxtpx:course></gpxtpx:TrackPointExtension></extensions></trkpt>
      <trkpt lon="-100.61729366051310" lat="-82.69553599966265"><ele>521122.46220764052123</ele><time>2023-01-20T10:11:02.500Z</time><hdop>1.37682938594234</hdop><vdop>3.22962811986972</vdop><pdop>3.51086270746202</pdop><extensions><gpxtpx:TrackPointExtension><gpxtpx:speed>7673.65347181328707</gpxtpx:speed><gpxtpx:course>0.00000000000000</gpxtpx:course></gpxtpx:TrackPointExtension></extensions></trkpt>
      <trkpt lon="-100.66653309061320" lat="-82.69446313979019"><ele>521123.67818860616535</ele><time>2023-01-20T10:11:02.600Z</time><hdop>1.37659340044982</hdop><vdop>3.22953193719370</vdop><pdop>3.51068168929000</pdop><extensions><gpxtpx:TrackPointExtension><gpxtpx:speed>7673.66563199770553</gpxtpx:speed><gpxtpx:course>0.00000000000000</gpxtpx:course></gpxtpx:TrackPointExtension></extensions></trkpt>
      <trkpt lon="-100.71576807104265" lat="-82.69338321495742"><ele>521123.84957724716514</ele><time>2023-01-20T10:11:02.700Z</time><hdop>1.37635755203878</hdop><vdop>3.22943583377725</vdop><pdop>3.51050080694176</pdop><extensions><gpxtpx:TrackPointExtension><gpxtpx:speed>7673.99988639579806</gpxtpx:speed><gpxtpx:course>0.00000000000000</gpxtpx:course></gpxtpx:TrackPointExtension></extensions></trkpt>
      <trkpt lon="-100.76496810141229" lat="-82.69228892324583"><ele>521121.78338986076415</ele><time>2023-01-20T10:11:02.800Z</time><hdop>1.37612217134855</hdop><vdop>3.22933977376481</vdop><pdop>3.51032015703645</pdop><extensions><gpxtpx:TrackPointExtension><gpxtpx:speed>7673.67215196482539</gpxtpx:speed><gpxtpx:course>0.00000000000000</gpxtpx:course></gpxtpx:TrackPointExtension></extensions></trkpt>
      <trkpt lon="-100.81415926523518" lat="-82.69120058219399"><ele>521122.87304758001119</ele><time>2023-01-20T10:11:02.900Z</time><hdop>1.37588658062168</hdop><vdop>3.22924353514395</vdop><pdop>3.51013926960225</pdop><extensions><gpxtpx:TrackPointExtension><gpxtpx:speed>7673.34961386822033</gpxtpx:speed><gpxtpx:course>0.00000000000000</gpxtpx:course></gpxtpx:TrackPointExtension></extensions></trkpt>
      <trkpt lon="-100.86335951518220" lat="-82.69011689235219"><ele>521127.82149368710816</ele><time>2023-01-20T10:11:03.000Z</time><hdop>1.37565072205950</hdop><vdop>3.22914703334315</vdop><pdop>3.50995804420106</pdop><extensions><gpxtpx:TrackPointExtension><gpxtpx:speed>7673.55538443195292</gpxtpx:speed><gpxtpx:course>0.00000000000000</gpxtpx:course></gpxtpx:TrackPointExtension></extensions></trkpt>
      <trkpt lon="-100.91257020949500" lat="-82.68901199002525"><ele>521125.77157608419657</ele><time>2023-01-20T10:11:03.100Z</time><hdop>1.37541536332017</hdop><vdop>3.22905106126411</vdop><pdop>3.50977751116906</pdop><extensions><gpxtpx:TrackPointExtension><gpxtpx:speed>7673.58348271387058</gpxtpx:speed><gpxtpx:course>0.00000000000000</gpxtpx:course></gpxtpx:TrackPointExtension></extensions></trkpt>
      <trkpt lon="-100.96174932911859" lat="-82.68790766101429"><ele>521127.52196113299578</ele><time>2023-01-20T10:11:03.200Z</time><hdop>1.37518000980129</hdop><vdop>3.22895471388555</vdop><pdop>3.50959664401492</pdop><extensions><gpxtpx:TrackPointExtension><gpxtpx:speed>7673.51192400986565</gpxtpx:speed><gpxtpx:course>0.00000000000000</gpxtpx:course></gpxtpx:TrackPointExtension></extensions></trkpt>
      <trkpt lon="-101.01090718902549" lat="-82.68680139084498"><ele>521129.26645453367382</ele><time>2023-01-20T10:11:03.300Z</time><hdop>1.37494473396182</hdop><vdop>3.22885838841429</vdop><pdop>3.50941583655780</pdop><extensions><gpxtpx:TrackPointExtension><gpxtpx:speed>7673.66730411118988</gpxtpx:speed><gpxtpx:course>0.00000000000000</gpxtpx:course></gpxtpx:TrackPointExtension></extensions></trkpt>
      <trkpt lon="-101.06002049190711" lat="-82.68568169225578"><ele>521127.95746362768114</ele><time>2023-01-20T10:11:03.400Z</time><hdop>1.37470996507563</hdop><vdop>3.22876220499892</vdop><pdop>3.50923536749927</pdop><extensions><gpxtpx:TrackPointExtension><gpxtpx:speed>7673.72998514846677</gpxtpx:speed><gpxtpx:course>0.00000000000000</gpxtpx:course></gpxtpx:TrackPointExtension></extensions></trkpt>
      <trkpt lon="-101.10905377546364" lat="-82.68454808359617"><ele>521126.72249206434935</ele><time>2023-01-20T10:11:03.500Z</time><hdop>1.37447578997170</hdop><vdop>3.22866574515174</vdop><pdop>3.50905488573983</pdop><extensions><gpxtpx:TrackPointExtension><gpxtpx:speed>7673.40175489986723</gpxtpx:speed><gpxtpx:course>0.00000000000000</gpxtpx:course></gpxtpx:TrackPointExtension></extensions></trkpt>
      <trkpt lon="-101.15821855234665" lat="-82.68341619961052"><ele>521125.72327082790434</ele><time>2023-01-20T10:11:03.600Z</time><hdop>1.37424093646550</hdop><vdop>3.22856955618014</vdop><pdop>3.50887439651960</pdop><extensions><gpxtpx:TrackPointExtension><gpxtpx:speed>7673.44039906280886</gpxtpx:speed><gpxtpx:course>0.00000000000000</gpxtpx:course></gpxtpx:TrackPointExtension></extensions></trkpt>
      <trkpt lon="-101.20727591631837" lat="-82.68229388032282"><ele>521127.76621035207063</ele><time>2023-01-20T10:11:03.700Z</time><hdop>1.37400625371381</hdop><vdop>3.22847313861666</vdop><pdop>3.50869377290381</pdop><extensions><gpxtpx:TrackPointExtension><gpxtpx:speed>7673.73622734871515</gpxtpx:speed><gpxtpx:course>0.00000000000000</gpxtpx:course></gpxtpx:TrackPointExtension></extensions></trkpt>
      <trkpt lon="-101.25636423349137" lat="-82.68115984624890"><ele>521131.22123637702316</ele><time>2023-01-20T10:11:03.800Z</time><hdop>1.37377158287255</hdop><vdop>3.22837646179783</vdop><pdop>3.50851292444512</pdop><extensions><gpxtpx:TrackPointExtension><gpxtpx:speed>7673.36505837614914</gpxtpx:speed><gpxtpx:course>0.00000000000000</gpxtpx:course></gpxtpx:TrackPointExtension></extensions></trkpt>
      <trkpt lon="-101.30543808773957" lat="-82.68000846580789"><ele>521130.29838857054710</ele><time>2023-01-20T10:11:03.900Z</time><hdop>1.37353739264395</hdop><vdop>3.22828006369442</vdop><pdop>3.50833252965536</pdop><extensions><gpxtpx:TrackPointExtension><gpxtpx:speed>7673.46186379848405</gpxtpx:speed><gpxtpx:course>0.00000000000000</gpxtpx:course></gpxtpx:TrackPointExtension></extensions></trkpt>
      <trkpt lon="-101.35449477352986" lat="-82.67886553892545"><ele>521133.25925025809556</ele><time>2023-01-20T10:11:04.000Z</time><hdop>1.37330296651280</hdop><vdop>3.22818342920439</vdop><pdop>3.50815183400358</pdop><extensions><gpxtpx:TrackPointExtension><gpxtpx:speed>7673.45972611978777</gpxtpx:speed><gpxtpx:course>0.00000000000000</gpxtpx:course></gpxtpx:TrackPointExtension></extensions></trkpt>
      <trkpt lon="-101.40348482182024" lat="-82.67770786055348"><ele>521131.43698564451188</ele><time>2023-01-20T10:11:04.100Z</time><hdop>1.37306921745022</hdop><vdop>3.22808709790881</vdop><pdop>3.50797169139015</pdop><extensions><gpxtpx:TrackPointExtension><gpxtpx:speed>7673.36299151195271</gpxtpx:speed><gpxtpx:course>0.00000000000000</gpxtpx:course></gpxtpx:TrackPointExtension></extensions></trkpt>
      <trkpt lon="-101.45250084982962" lat="-82.67654737226327"><ele>521130.53700498677790</ele><time>2023-01-20T10:11:04.200Z</time><hdop>1.37283532432852</hdop><vdop>3.22799072127562</vdop><pdop>3.50779145964604</pdop><extensions><gpxtpx:TrackPointExtension><gpxtpx:speed>7673.69051139101248</gpxtpx:speed><gpxtpx:course>0.00000000000000</gpxtpx:course></gpxtpx:TrackPointExtension></extensions></trkpt>
      <trkpt lon="-101.50151011967806" lat="-82.67538880120689"><ele>521132.34510842803866</ele><time>2023-01-20T10:11:04.300Z</time><hdop>1.37260131288949</hdop><vdop>3.22789414604935</vdop><pdop>3.50761100782935</pdop><extensions><gpxtpx:TrackPointExtension><gpxtpx:speed>7673.45136638645454</gpxtpx:speed><gpxtpx:course>0.00000000000000</gpxtpx:course></gpxtpx:TrackPointExtension></extensions></trkpt>
      <trkpt lon="-101.55049571317370" lat="-82.67422761061103"><ele>521134.01274376083165</ele><time>2023-01-20T10:11:04.400Z</time><hdop>1.37236741219327</hdop><vdop>3.22779760065943</vdop><pdop>3.50743063578923</pdop><extensions><gpxtpx:TrackPointExtension><gpxtpx:speed>7673.27682564022143</gpxtpx:speed><gpxtpx:course>0.00000000000000</gpxtpx:course></gpxtpx:TrackPointExtension></extensions></trkpt>
      <trkpt lon="-101.59938200262737" lat="-82.67305109906725"><ele>521132.87926675658673</ele><time>2023-01-20T10:11:04.500Z</time><hdop>1.37213429044782</hdop><vdop>3.22770106397961</vdop><pdop>3.50725058549256</pdop><extensions><gpxtpx:TrackPointExtension><gpxtpx:speed>7673.82025805085777</gpxtpx:speed><gpxtpx:course>0.00000000000000</gpxtpx:course></gpxtpx:TrackPointExtension></extensions></trkpt>
      <trkpt lon="-101.64837120206782" lat="-82.67186820157303"><ele>521134.70963555481285</ele><time>2023-01-20T10:11:04.600Z</time><hdop>1.37190072499092</hdop><vdop>3.22760428716914</vdop><pdop>3.50707014953839</pdop><extensions><gpxtpx:TrackPointExtension><gpxtpx:speed>7673.79512795083429</gpxtpx:speed><gpxtpx:course>0.00000000000000</gpxtpx:course></gpxtpx:TrackPointExtension></extensions></trkpt>
      <trkpt lon="-101.69730368863212" lat="-82.67068184616976"><ele>521134.11516027152538</ele><time>2023-01-20T10:11:04.700Z</time><hdop>1.37166748702895</hdop><vdop>3.22750775970250</vdop><pdop>3.50689008010120</pdop><extensions><gpxtpx:TrackPointExtension><gpxtpx:speed>7673.50637680442651</gpxtpx:speed><gpxtpx:course>0.00000000000000</gpxtpx:course></gpxtpx:TrackPointExtension></extensions></trkpt>
      <trkpt lon="-101.74622227161217" lat="-82.66948438150277"><ele>521133.97216121293604</ele><time>2023-01-20T10:11:04.800Z</time><hdop>1.37143448159538</hdop><vdop>3.22741103631092</vdop><pdop>3.50670993020671</pdop><extensions><gpxtpx:TrackPointExtension><gpxtpx:speed>7673.74066594060514</gpxtpx:speed><gpxtpx:course>0.00000000000000</gpxtpx:course></gpxtpx:TrackPointExtension></extensions></trkpt>
      <trkpt lon="-101.79508993507716" lat="-82.66828897037905"><ele>521135.00114735402167</ele><time>2023-01-20T10:11:04.900Z</time><hdop>1.37120158493459</hdop><vdop>3.22731424707064</vdop><pdop>3.50652977113731</pdop><extensions><gpxtpx:TrackPointExtension><gpxtpx:speed>7673.81648110250535</gpxtpx:speed><gpxtpx:course>0.00000000000000</gpxtpx:course></gpxtpx:TrackPointExtension></extensions></trkpt>
      <trkpt lon="-101.84398491329075" lat="-82.66709395069392"><ele>521133.75721317715943</ele><time>2023-01-20T10:11:05.000Z</time><hdop>1.37096856056272</hdop><vdop>3.22721785498032</vdop><pdop>3.50634993655157</pdop><extensions><gpxtpx:TrackPointExtension><gpxtpx:speed>7673.84156723513024</gpxtpx:speed><gpxtpx:course>0.00000000000000</gpxtpx:course></gpxtpx:TrackPointExtension></extensions></trkpt>
      <trkpt lon="-101.89289818090144" lat="-82.66589329504578"><ele>521134.65960818249732</ele><time>2023-01-20T10:11:05.100Z</time><hdop>1.37073546272069</hdop><vdop>3.22712122013202</vdop><pdop>3.50616985871856</pdop><extensions><gpxtpx:TrackPointExtension><gpxtpx:speed>7673.24718195093828</gpxtpx:speed><gpxtpx:course>0.00000000000000</gpxtpx:course></gpxtpx:TrackPointExtension></extensions></trkpt>
      <trkpt lon="-101.94176499402980" lat="-82.66468111330643"><ele>521139.14433488901705</ele><time>2023-01-20T10:11:05.200Z</time><hdop>1.37050269385553</hdop><vdop>3.22702399236216</vdop><pdop>3.50598937265165</pdop><extensions><gpxtpx:TrackPointExtension><gpxtpx:speed>7673.76822642733987</gpxtpx:speed><gpxtpx:course>0.00000000000000</gpxtpx:course></gpxtpx:TrackPointExtension></extensions></trkpt>
      <trkpt lon="-101.99061280836251" lat="-82.66346768875502"><ele>521138.71389836072922</ele><time>2023-01-20T10:11:05.300Z</time><hdop>1.37027008911999</hdop><vdop>3.22692737953471</vdop><pdop>3.50580952561996</pdop><extensions><gpxtpx:TrackPointExtension><gpxtpx:speed>7673.73715276842904</gpxtpx:speed><gpxtpx:course>0.00000000000000</gpxtpx:course></gpxtpx:TrackPointExtension></extensions></trkpt>
      <trkpt lon="-102.03936071894924" lat="-82.66223788426878"><ele>521135.83684750739485</ele><time>2023-01-20T10:11:05.400Z</time><hdop>1.37003827552099</hdop><vdop>3.22683071905199</vdop><pdop>3.50562995277741</pdop><extensions><gpxtpx:TrackPointExtension><gpxtpx:speed>7674.01985573447109</gpxtpx:speed><gpxtpx:course>0.00000000000000</gpxtpx:course></gpxtpx:TrackPointExtension></extensions></trkpt>
      <trkpt lon="-102.08821528847271" lat="-82.66101996743448"><ele>521139.92127935681492</ele><time>2023-01-20T10:11:05.500Z</time><hdop>1.36980551625984</hdop><vdop>3.22673368762107</vdop><pdop>3.50544967774529</pdop><extensions><gpxtpx:TrackPointExtension><gpxtpx:speed>7673.41284862763132</gpxtpx:speed><gpxtpx:course>0.00000000000000</gpxtpx:course></gpxtpx:TrackPointExtension></extensions></trkpt>
      <trkpt lon="-102.13698385504524" lat="-82.65978791379271"><ele>521137.72205221373588</ele><time>2023-01-20T10:11:05.600Z</time><hdop>1.36957354654753</hdop><vdop>3.22663711770797</vdop><pdop>3.50527014490661</pdop><extensions><gpxtpx:TrackPointExtension><gpxtpx:speed>7673.49047273007182</gpxtpx:speed><gpxtpx:course>0.00000000000000</gpxtpx:course></gpxtpx:TrackPointExtension></extensions></trkpt>
      <trkpt lon="-102.18576507715932" lat="-82.65855270011836"><ele>521139.92326227761805</ele><time>2023-01-20T10:11:05.700Z</time><hdop>1.36934142126873</hdop><vdop>3.22654007701832</vdop><pdop>3.50509012674534</pdop><extensions><gpxtpx:TrackPointExtension><gpxtpx:speed>7673.59896136868156</gpxtpx:speed><gpxtpx:course>0.00000000000000</gpxtpx:course></gpxtpx:TrackPointExtension></extensions></trkpt>
      <trkpt lon="-102.23448768214044" lat="-82.65731409545810"><ele>521142.33022985793650</ele><time>2023-01-20T10:11:05.800Z</time><hdop>1.36910957061445</hdop><vdop>3.22644296445610</vdop><pdop>3.50491015851139</pdop><extensions><gpxtpx:TrackPointExtension><gpxtpx:speed>7673.58900662592168</gpxtpx:speed><gpxtpx:course>0.00000000000000</gpxtpx:course></gpxtpx:TrackPointExtension></extensions></trkpt>
      <trkpt lon="-102.28321715019592" lat="-82.65606017989987"><ele>521140.40239160321653</ele><time>2023-01-20T10:11:05.900Z</time><hdop>1.36887805866138</hdop><vdop>3.22634618402986</vdop><pdop>3.50473063710873</pdop><extensions><gpxtpx:TrackPointExtension><gpxtpx:speed>7673.34437327203068</gpxtpx:speed><gpxtpx:course>0.00000000000000</gpxtpx:course></gpxtpx:TrackPointExtension></extensions></trkpt>
      <trkpt lon="-102.33191627178441" lat="-82.65480606605050"><ele>521139.63072843383998</ele><time>2023-01-20T10:11:06.000Z</time><hdop>1.36864658941648</hdop><vdop>3.22624931564271</vdop><pdop>3.50455106017967</pdop><extensions><gpxtpx:TrackPointExtension><gpxtpx:speed>7673.35449550316207</gpxtpx:speed><gpxtpx:course>0.00000000000000</gpxtpx:course></gpxtpx:TrackPointExtension></extensions></trkpt>
      <trkpt lon="-102.38064665674729" lat="-82.65355497257657"><ele>521139.67891207337379</ele><time>2023-01-20T10:11:06.100Z</time><hdop>1.36841486611236</hdop><vdop>3.22615254151227</vdop><pdop>3.50437147958138</pdop><extensions><gpxtpx:TrackPointExtension><gpxtpx:speed>7673.43436295914398</gpxtpx:speed><gpxtpx:course>0.00000000000000</gpxtpx:course></gpxtpx:TrackPointExtension></extensions></trkpt>
      <trkpt lon="-102.42936055076819" lat="-82.65229116777243"><ele>521141.96239759586751</ele><time>2023-01-20T10:11:06.200Z</time><hdop>1.36818336145209</hdop><vdop>3.22605533911202</vdop><pdop>3.50419159886663</pdop><extensions><gpxtpx:TrackPointExtension><gpxtpx:speed>7673.22895090983911</gpxtpx:speed><gpxtpx:course>0.00000000000000</gpxtpx:course></gpxtpx:TrackPointExtension></extensions></trkpt>
      <trkpt lon="-102.47800046546485" lat="-82.65102060528406"><ele>521141.85628266446292</ele><time>2023-01-20T10:11:06.300Z</time><hdop>1.36795234177764</hdop><vdop>3.22595829387982</vdop><pdop>3.50401206094199</pdop><extensions><gpxtpx:TrackPointExtension><gpxtpx:speed>7673.54769629274688</gpxtpx:speed><gpxtpx:course>0.00000000000000</gpxtpx:course></gpxtpx:TrackPointExtension></extensions></trkpt>
      <trkpt lon="-102.52667412384457" lat="-82.64974568939222"><ele>521141.94403628353029</ele><time>2023-01-20T10:11:06.400Z</time><hdop>1.36772118350693</hdop><vdop>3.22586127507257</vdop><pdop>3.50383250196502</pdop><extensions><gpxtpx:TrackPointExtension><gpxtpx:speed>7673.52151962417156</gpxtpx:speed><gpxtpx:course>0.00000000000000</gpxtpx:course></gpxtpx:TrackPointExtension></extensions></trkpt>
      <trkpt lon="-102.57536429849991" lat="-82.64847034715484"><ele>521144.11899716500193</ele><time>2023-01-20T10:11:06.500Z</time><hdop>1.36748987881735</hdop><vdop>3.22576412812852</vdop><pdop>3.50365277660167</pdop><extensions><gpxtpx:TrackPointExtension><gpxtpx:speed>7673.42432121840557</gpxtpx:speed><gpxtpx:course>0.00000000000000</gpxtpx:course></gpxtpx:TrackPointExtension></extensions></trkpt>
      <trkpt lon="-102.62401079206118" lat="-82.64719406634134"><ele>521144.91702644154429</ele><time>2023-01-20T10:11:06.600Z</time><hdop>1.36725876718413</hdop><vdop>3.22566715071376</vdop><pdop>3.50347329141178</pdop><extensions><gpxtpx:TrackPointExtension><gpxtpx:speed>7673.71765840061835</gpxtpx:speed><gpxtpx:course>0.00000000000000</gpxtpx:course></gpxtpx:TrackPointExtension></extensions></trkpt>
      <trkpt lon="-102.67259473201052" lat="-82.64591515603955"><ele>521146.83781624585390</ele><time>2023-01-20T10:11:06.700Z</time><hdop>1.36702791389392</hdop><vdop>3.22557000607917</vdop><pdop>3.50329376180228</pdop><extensions><gpxtpx:TrackPointExtension><gpxtpx:speed>7673.37075654298678</gpxtpx:speed><gpxtpx:course>0.00000000000000</gpxtpx:course></gpxtpx:TrackPointExtension></extensions></trkpt>
      <trkpt lon="-102.72117013169576" lat="-82.64461271537797"><ele>521144.45664860866964</ele><time>2023-01-20T10:11:06.800Z</time><hdop>1.36679761911656</hdop><vdop>3.22547301855943</vdop><pdop>3.50311460347468</pdop><extensions><gpxtpx:TrackPointExtension><gpxtpx:speed>7673.78192149568349</gpxtpx:speed><gpxtpx:course>0.00000000000000</gpxtpx:course></gpxtpx:TrackPointExtension></extensions></trkpt>
      <trkpt lon="-102.76979275371504" lat="-82.64332188131175"><ele>521143.32470634020865</ele><time>2023-01-20T10:11:06.900Z</time><hdop>1.36656678954769</hdop><vdop>3.22537625443971</vdop><pdop>3.50293545087520</pdop><extensions><gpxtpx:TrackPointExtension><gpxtpx:speed>7673.29856287085386</gpxtpx:speed><gpxtpx:course>0.00000000000000</gpxtpx:course></gpxtpx:TrackPointExtension></extensions></trkpt>
      <trkpt lon="-102.81833351376547" lat="-82.64200690095235"><ele>521145.81213585659862</ele><time>2023-01-20T10:11:07.000Z</time><hdop>1.36633667656701</hdop><vdop>3.22527859725939</vdop><pdop>3.50275576420504</pdop><extensions><gpxtpx:TrackPointExtension><gpxtpx:speed>7673.61205779176998</gpxtpx:speed><gpxtpx:course>0.00000000000000</gpxtpx:course></gpxtpx:TrackPointExtension></extensions></trkpt>
      <trkpt lon="-102.86686265559990" lat="-82.64069639519639"><ele>521148.07678322214633</ele><time>2023-01-20T10:11:07.100Z</time><hdop>1.36610648549367</hdop><vdop>3.22518113586503</vdop><pdop>3.50257623597939</pdop><extensions><gpxtpx:TrackPointExtension><gpxtpx:speed>7673.61058618421612</gpxtpx:speed><gpxtpx:course>0.00000000000000</gpxtpx:course></gpxtpx:TrackPointExtension></extensions></trkpt>
      <trkpt lon="-102.91534749923967" lat="-82.63937620127481"><ele>521145.98065490927547</ele><time>2023-01-20T10:11:07.200Z</time><hdop>1.36587673476919</hdop><vdop>3.22508404083672</vdop><pdop>3.50239722547907</pdop><extensions><gpxtpx:TrackPointExtension><gpxtpx:speed>7673.54445898811991</gpxtpx:speed><gpxtpx:course>0.00000000000000</gpxtpx:course></gpxtpx:TrackPointExtension></extensions></trkpt>
      <trkpt lon="-102.96387597865579" lat="-82.63806030612561"><ele>521146.55393347702920</ele><time>2023-01-20T10:11:07.300Z</time><hdop>1.36564658756461</hdop><vdop>3.22498685679018</vdop><pdop>3.50221798701855</pdop><extensions><gpxtpx:TrackPointExtension><gpxtpx:speed>7673.76439475121697</gpxtpx:speed><gpxtpx:course>0.00000000000000</gpxtpx:course></gpxtpx:TrackPointExtension></extensions></trkpt>
      <trkpt lon="-103.01230206800935" lat="-82.63672667762962"><ele>521144.17377627547830</ele><time>2023-01-20T10:11:07.400Z</time><hdop>1.36541727774381</hdop><vdop>3.22488965624274</vdop><pdop>3.50203906850034</pdop><extensions><gpxtpx:TrackPointExtension><gpxtpx:speed>7673.68662519222562</gpxtpx:speed><gpxtpx:course>0.00000000000000</gpxtpx:course></gpxtpx:TrackPointExtension></extensions></trkpt>
      <trkpt lon="-103.06085114781085" lat="-82.63541376347941"><ele>521148.73338566534221</ele><time>2023-01-20T10:11:07.500Z</time><hdop>1.36518677445563</hdop><vdop>3.22479226913499</vdop><pdop>3.50185952148589</pdop><extensions><gpxtpx:TrackPointExtension><gpxtpx:speed>7673.64994435321114</gpxtpx:speed><gpxtpx:course>0.00000000000000</gpxtpx:course></gpxtpx:TrackPointExtension></extensions></trkpt>
      <trkpt lon="-103.10928403910623" lat="-82.63407987058196"><ele>521148.88161737285554</ele><time>2023-01-20T10:11:07.600Z</time><hdop>1.36495728565506</hdop><vdop>3.22469496160800</vdop><pdop>3.50168045188062</pdop><extensions><gpxtpx:TrackPointExtension><gpxtpx:speed>7673.23271618494255</gpxtpx:speed><gpxtpx:course>0.00000000000000</gpxtpx:course></gpxtpx:TrackPointExtension></extensions></trkpt>
      <trkpt lon="-103.15774673724529" lat="-82.63274149027481"><ele>521151.16179908998311</ele><time>2023-01-20T10:11:07.700Z</time><hdop>1.36472763403642</hdop><vdop>3.22459745370409</vdop><pdop>3.50150114287251</pdop><extensions><gpxtpx:TrackPointExtension><gpxtpx:speed>7673.27879731571829</gpxtpx:speed><gpxtpx:course>0.00000000000000</gpxtpx:course></gpxtpx:TrackPointExtension></extensions></trkpt>
      <trkpt lon="-103.20615481563641" lat="-82.63139290354994"><ele>521151.49456094019115</ele><time>2023-01-20T10:11:07.800Z</time><hdop>1.36449842528879</hdop><vdop>3.22450000638557</vdop><pdop>3.50132207084640</pdop><extensions><gpxtpx:TrackPointExtension><gpxtpx:speed>7673.58456978883169</gpxtpx:speed><gpxtpx:course>0.00000000000000</gpxtpx:course></gpxtpx:TrackPointExtension></extensions></trkpt>
      <trkpt lon="-103.25454167818474" lat="-82.63004331340808"><ele>521149.54695938155055</ele><time>2023-01-20T10:11:07.900Z</time><hdop>1.36426932467491</hdop><vdop>3.22440286986407</vdop><pdop>3.50114333574570</pdop><extensions><gpxtpx:TrackPointExtension><gpxtpx:speed>7673.38140630777434</gpxtpx:speed><gpxtpx:course>0.00000000000000</gpxtpx:course></gpxtpx:TrackPointExtension></extensions></trkpt>
      <trkpt lon="-103.30292031458548" lat="-82.62869196317729"><ele>521150.84906184580177</ele><time>2023-01-20T10:11:08.000Z</time><hdop>1.36404019329868</hdop><vdop>3.22430541019405</vdop><pdop>3.50096429960960</pdop><extensions><gpxtpx:TrackPointExtension><gpxtpx:speed>7673.65002123284376</gpxtpx:speed><gpxtpx:course>0.00000000000000</gpxtpx:course></gpxtpx:TrackPointExtension></extensions></trkpt>
      <trkpt lon="-103.35127330084559" lat="-82.62732901825004"><ele>521149.60156664345413</ele><time>2023-01-20T10:11:08.100Z</time><hdop>1.36381138543478</hdop><vdop>3.22420808813642</vdop><pdop>3.50078552479952</pdop><extensions><gpxtpx:TrackPointExtension><gpxtpx:speed>7673.37543260901657</gpxtpx:speed><gpxtpx:course>0.00000000000000</gpxtpx:course></gpxtpx:TrackPointExtension></extensions></trkpt>
      <trkpt lon="-103.39958580814071" lat="-82.62596422167491"><ele>521151.76703497488052</ele><time>2023-01-20T10:11:08.200Z</time><hdop>1.36358267692204</hdop><vdop>3.22411037041538</vdop><pdop>3.50060643280873</pdop><extensions><gpxtpx:TrackPointExtension><gpxtpx:speed>7673.44563347784060</gpxtpx:speed><gpxtpx:course>0.00000000000000</gpxtpx:course></gpxtpx:TrackPointExtension></extensions></trkpt>
      <trkpt lon="-103.44791263462079" lat="-82.62458963669904"><ele>521150.94686179049313</ele><time>2023-01-20T10:11:08.300Z</time><hdop>1.36335411113366</hdop><vdop>3.22401293824126</vdop><pdop>3.50042766791318</pdop><extensions><gpxtpx:TrackPointExtension><gpxtpx:speed>7673.63080983722830</gpxtpx:speed><gpxtpx:course>0.00000000000000</gpxtpx:course></gpxtpx:TrackPointExtension></extensions></trkpt>
      <trkpt lon="-103.49638652386115" lat="-82.62323046194835"><ele>521156.26437959820032</ele><time>2023-01-20T10:11:08.400Z</time><hdop>1.36312438570005</hdop><vdop>3.22391536023151</vdop><pdop>3.50024832559446</pdop><extensions><gpxtpx:TrackPointExtension><gpxtpx:speed>7673.58318402424356</gpxtpx:speed><gpxtpx:course>0.00000000000000</gpxtpx:course></gpxtpx:TrackPointExtension></extensions></trkpt>
      <trkpt lon="-103.54464514233395" lat="-82.62184712181326"><ele>521153.72107589803636</ele><time>2023-01-20T10:11:08.500Z</time><hdop>1.36289625243101</hdop><vdop>3.22381806853578</vdop><pdop>3.50006987557509</pdop><extensions><gpxtpx:TrackPointExtension><gpxtpx:speed>7673.53459440862025</gpxtpx:speed><gpxtpx:course>0.00000000000000</gpxtpx:course></gpxtpx:TrackPointExtension></extensions></trkpt>
      <trkpt lon="-103.59290858984647" lat="-82.62045650455467"><ele>521155.23968015424907</ele><time>2023-01-20T10:11:08.600Z</time><hdop>1.36266806715970</hdop><vdop>3.22372026218231</vdop><pdop>3.49989093973819</pdop><extensions><gpxtpx:TrackPointExtension><gpxtpx:speed>7673.41486120179070</gpxtpx:speed><gpxtpx:course>0.00000000000000</gpxtpx:course></gpxtpx:TrackPointExtension></extensions></trkpt>
      <trkpt lon="-103.64103370981610" lat="-82.61905554625685"><ele>521153.35583357326686</ele><time>2023-01-20T10:11:08.700Z</time><hdop>1.36244074607427</hdop><vdop>3.22362257055850</vdop><pdop>3.49971245447073</pdop><extensions><gpxtpx:TrackPointExtension><gpxtpx:speed>7673.53455802470216</gpxtpx:speed><gpxtpx:course>0.00000000000000</gpxtpx:course></gpxtpx:TrackPointExtension></extensions></trkpt>
      <trkpt lon="-103.68932817986992" lat="-82.61766657949303"><ele>521154.80333156138659</ele><time>2023-01-20T10:11:08.800Z</time><hdop>1.36221229181369</hdop><vdop>3.22352503709369</vdop><pdop>3.49953368218370</pdop><extensions><gpxtpx:TrackPointExtension><gpxtpx:speed>7673.48227182301434</gpxtpx:speed><gpxtpx:course>0.00000000000000</gpxtpx:course></gpxtpx:TrackPointExtension></extensions></trkpt>
      <trkpt lon="-103.73756363492535" lat="-82.61626867957565"><ele>521155.60068903490901</ele><time>2023-01-20T10:11:08.900Z</time><hdop>1.36198424963109</hdop><vdop>3.22342742581046</vdop><pdop>3.49935500709920</pdop><extensions><gpxtpx:TrackPointExtension><gpxtpx:speed>7673.86415671892610</gpxtpx:speed><gpxtpx:course>0.00000000000000</gpxtpx:course></gpxtpx:TrackPointExtension></extensions></trkpt>
      <trkpt lon="-103.78580298107622" lat="-82.61486397413741"><ele>521157.02534414641559</ele><time>2023-01-20T10:11:09.000Z</time><hdop>1.36175624384831</hdop><vdop>3.22332971365011</vdop><pdop>3.49917626171640</pdop><extensions><gpxtpx:TrackPointExtension><gpxtpx:speed>7673.21033672721751</gpxtpx:speed><gpxtpx:course>0.00000000000000</gpxtpx:course></gpxtpx:TrackPointExtension></extensions></trkpt>
      <trkpt lon="-103.83396315546763" lat="-82.61344914005892"><ele>521154.51446329895407</ele><time>2023-01-20T10:11:09.100Z</time><hdop>1.36152884222998</hdop><vdop>3.22323226674751</vdop><pdop>3.49899800423299</pdop><extensions><gpxtpx:TrackPointExtension><gpxtpx:speed>7673.38066179463294</gpxtpx:speed><gpxtpx:course>0.00000000000000</gpxtpx:course></gpxtpx:TrackPointExtension></extensions></trkpt>
      <trkpt lon="-103.88204561700603" lat="-82.61202479642533"><ele>521152.54191758297384</ele><time>2023-01-20T10:11:09.200Z</time><hdop>1.36130189728866</hdop><vdop>3.22313456865965</vdop><pdop>3.49881970144941</pdop><extensions><gpxtpx:TrackPointExtension><gpxtpx:speed>7673.45655128871022</gpxtpx:speed><gpxtpx:course>0.00000000000000</gpxtpx:course></gpxtpx:TrackPointExtension></extensions></trkpt>
      <trkpt lon="-103.93021594120098" lat="-82.61060663053665"><ele>521155.33615965582430</ele><time>2023-01-20T10:11:09.300Z</time><hdop>1.36107428199766</hdop><vdop>3.22303663961509</vdop><pdop>3.49864093347928</pdop><extensions><gpxtpx:TrackPointExtension><gpxtpx:speed>7673.46305804848271</gpxtpx:speed><gpxtpx:course>0.00000000000000</gpxtpx:course></gpxtpx:TrackPointExtension></extensions></trkpt>
      <trkpt lon="-103.97838744496809" lat="-82.60918723627854"><ele>521157.89923461060971</ele><time>2023-01-20T10:11:09.400Z</time><hdop>1.36084663073827</hdop><vdop>3.22293880927011</vdop><pdop>3.49846225085982</pdop><extensions><gpxtpx:TrackPointExtension><gpxtpx:speed>7673.75684988708781</gpxtpx:speed><gpxtpx:course>0.00000000000000</gpxtpx:course></gpxtpx:TrackPointExtension></extensions></trkpt>
      <trkpt lon="-104.02661878494085" lat="-82.60776601673773"><ele>521159.59935513790697</ele><time>2023-01-20T10:11:09.500Z</time><hdop>1.36061872580678</hdop><vdop>3.22284122301498</vdop><pdop>3.49828370287213</pdop><extensions><gpxtpx:TrackPointExtension><gpxtpx:speed>7673.95817497975804</gpxtpx:speed><gpxtpx:course>0.00000000000000</gpxtpx:course></gpxtpx:TrackPointExtension></extensions></trkpt>
      <trkpt lon="-104.07463457485197" lat="-82.60631795698019"><ele>521159.90625399630517</ele><time>2023-01-20T10:11:09.600Z</time><hdop>1.36039229047463</hdop><vdop>3.22274310753940</vdop><pdop>3.49810524729824</pdop><extensions><gpxtpx:TrackPointExtension><gpxtpx:speed>7673.70771755551050</gpxtpx:speed><gpxtpx:course>0.00000000000000</gpxtpx:course></gpxtpx:TrackPointExtension></extensions></trkpt>
      <trkpt lon="-104.12272869030089" lat="-82.60488496430320"><ele>521162.16251423675567</ele><time>2023-01-20T10:11:09.700Z</time><hdop>1.36016509545342</hdop><vdop>3.22264523964703</vdop><pdop>3.49792673272462</pdop><extensions><gpxtpx:TrackPointExtension><gpxtpx:speed>7673.55658698426487</gpxtpx:speed><gpxtpx:course>0.00000000000000</gpxtpx:course></gpxtpx:TrackPointExtension></extensions></trkpt>
      <trkpt lon="-104.17078786710933" lat="-82.60343015839643"><ele>521157.92160855885595</ele><time>2023-01-20T10:11:09.800Z</time><hdop>1.35993860071643</hdop><vdop>3.22254779338870</vdop><pdop>3.49774888726920</pdop><extensions><gpxtpx:TrackPointExtension><gpxtpx:speed>7673.77972475194383</gpxtpx:speed><gpxtpx:course>0.00000000000000</gpxtpx:course></gpxtpx:TrackPointExtension></extensions></trkpt>
      <trkpt lon="-104.21881292690435" lat="-82.60198424510466"><ele>521160.48075912147760</ele><time>2023-01-20T10:11:09.900Z</time><hdop>1.35971185707712</hdop><vdop>3.22244973834691</vdop><pdop>3.49757039249365</pdop><extensions><gpxtpx:TrackPointExtension><gpxtpx:speed>7673.44960877327412</gpxtpx:speed><gpxtpx:course>0.00000000000000</gpxtpx:course></gpxtpx:TrackPointExtension></extensions></trkpt>
      <trkpt lon="-104.26686767810750" lat="-82.60053056065631"><ele>521161.00185155868530</ele><time>2023-01-20T10:11:10.000Z</time><hdop>1.35948513409821</hdop><vdop>3.22235192880955</vdop><pdop>3.49739214028634</pdop><extensions><gpxtpx:TrackPointExtension><gpxtpx:speed>7673.62560031594330</gpxtpx:speed><gpxtpx:course>0.00000000000000</gpxtpx:course></gpxtpx:TrackPointExtension></extensions></trkpt>
      <trkpt lon="-104.31481525415620" lat="-82.59906475197971"><ele>521159.42934366129339</ele><time>2023-01-20T10:11:10.100Z</time><hdop>1.35925911598477</hdop><vdop>3.22225408941491</vdop><pdop>3.49721414287699</pdop><extensions><gpxtpx:TrackPointExtension><gpxtpx:speed>7673.80090635084616</gpxtpx:speed><gpxtpx:course>0.00000000000000</gpxtpx:course></gpxtpx:TrackPointExtension></extensions></trkpt>
      <trkpt lon="-104.36282662314841" lat="-82.59758923599151"><ele>521160.20315765775740</ele><time>2023-01-20T10:11:10.200Z</time><hdop>1.35903288614416</hdop><vdop>3.22215597771375</vdop><pdop>3.49703582056829</pdop><extensions><gpxtpx:TrackPointExtension><gpxtpx:speed>7673.50324125806128</gpxtpx:speed><gpxtpx:course>0.00000000000000</gpxtpx:course></gpxtpx:TrackPointExtension></extensions></trkpt>
      <trkpt lon="-104.41082509786288" lat="-82.59611434716531"><ele>521157.88158608041704</ele><time>2023-01-20T10:11:10.300Z</time><hdop>1.35880671995032</hdop><vdop>3.22205831920339</vdop><pdop>3.49685794886352</pdop><extensions><gpxtpx:TrackPointExtension><gpxtpx:speed>7673.65790613944864</gpxtpx:speed><gpxtpx:course>0.00000000000000</gpxtpx:course></gpxtpx:TrackPointExtension></extensions></trkpt>
      <trkpt lon="-104.45874415595323" lat="-82.59465001737516"><ele>521161.44198252819479</ele><time>2023-01-20T10:11:10.400Z</time><hdop>1.35858053892509</hdop><vdop>3.22196013602695</vdop><pdop>3.49667959625883</pdop><extensions><gpxtpx:TrackPointExtension><gpxtpx:speed>7673.72784004485402</gpxtpx:speed><gpxtpx:course>0.00000000000000</gpxtpx:course></gpxtpx:TrackPointExtension></extensions></trkpt>
      <trkpt lon="-104.50667556405570" lat="-82.59317336219227"><ele>521163.49509269092232</ele><time>2023-01-20T10:11:10.500Z</time><hdop>1.35835451373564</hdop><vdop>3.22186202502477</vdop><pdop>3.49650137899053</pdop><extensions><gpxtpx:TrackPointExtension><gpxtpx:speed>7673.39317472207858</gpxtpx:speed><gpxtpx:course>0.00000000000000</gpxtpx:course></gpxtpx:TrackPointExtension></extensions></trkpt>
      <trkpt lon="-104.55468746829746" lat="-82.59171012645788"><ele>521172.40388333611190</ele><time>2023-01-20T10:11:10.600Z</time><hdop>1.35812765743821</hdop><vdop>3.22176355382977</vdop><pdop>3.49632251525577</pdop><extensions><gpxtpx:TrackPointExtension><gpxtpx:speed>7673.75415260496720</gpxtpx:speed><gpxtpx:course>0.00000000000000</gpxtpx:course></gpxtpx:TrackPointExtension></extensions></trkpt>
      <trkpt lon="-104.60249638321093" lat="-82.59020001927472"><ele>521165.84264400601387</ele><time>2023-01-20T10:11:10.700Z</time><hdop>1.35790289878090</hdop><vdop>3.22166586148022</vdop><pdop>3.49614519228603</pdop><extensions><gpxtpx:TrackPointExtension><gpxtpx:speed>7673.67411900813840</gpxtpx:speed><gpxtpx:course>0.00000000000000</gpxtpx:course></gpxtpx:TrackPointExtension></extensions></trkpt>
      <trkpt lon="-104.65036194742284" lat="-82.58869365521434"><ele>521163.20406077336520</ele><time>2023-01-20T10:11:10.800Z</time><hdop>1.35767768321506</hdop><vdop>3.22156795895222</vdop><pdop>3.49596750637757</pdop><extensions><gpxtpx:TrackPointExtension><gpxtpx:speed>7673.52662608391074</gpxtpx:speed><gpxtpx:course>0.00000000000000</gpxtpx:course></gpxtpx:TrackPointExtension></extensions></trkpt>
      <trkpt lon="-104.69819302868186" lat="-82.58719621282694"><ele>521165.39370855689049</ele><time>2023-01-20T10:11:10.900Z</time><hdop>1.35745228951850</hdop><vdop>3.22146968652112</vdop><pdop>3.49578941864259</pdop><extensions><gpxtpx:TrackPointExtension><gpxtpx:speed>7673.52345063241592</gpxtpx:speed><gpxtpx:course>0.00000000000000</gpxtpx:course></gpxtpx:TrackPointExtension></extensions></trkpt>
      <trkpt lon="-104.74609797839760" lat="-82.58569741751323"><ele>521168.76374572422355</ele><time>2023-01-20T10:11:11.000Z</time><hdop>1.35722650230002</hdop><vdop>3.22137145337490</vdop><pdop>3.49561122254239</pdop><extensions><gpxtpx:TrackPointExtension><gpxtpx:speed>7673.35160404391172</gpxtpx:speed><gpxtpx:course>0.00000000000000</gpxtpx:course></gpxtpx:TrackPointExtension></extensions></trkpt>
      <trkpt lon="-104.79393261670411" lat="-82.58418660492796"><ele>521169.73873616848141</ele><time>2023-01-20T10:11:11.100Z</time><hdop>1.35700127127480</hdop><vdop>3.22127327699689</vdop><pdop>3.49543330294482</pdop><extensions><gpxtpx:TrackPointExtension><gpxtpx:speed>7673.47249418831871</gpxtpx:speed><gpxtpx:course>0.00000000000000</gpxtpx:course></gpxtpx:TrackPointExtension></extensions></trkpt>
      <trkpt lon="-104.84176335355917" lat="-82.58266566207301"><ele>521168.43240278027952</ele><time>2023-01-20T10:11:11.200Z</time><hdop>1.35677623538152</hdop><vdop>3.22117527687146</vdop><pdop>3.49525562973926</pdop><extensions><gpxtpx:TrackPointExtension><gpxtpx:speed>7673.44314664271587</gpxtpx:speed><gpxtpx:course>0.00000000000000</gpxtpx:course></gpxtpx:TrackPointExtension></extensions></trkpt>
      <trkpt lon="-104.88942825880100" lat="-82.58113557137476"><ele>521167.07400865480304</ele><time>2023-01-20T10:11:11.300Z</time><hdop>1.35655207558053</hdop><vdop>3.22107697498474</vdop><pdop>3.49507802667389</pdop><extensions><gpxtpx:TrackPointExtension><gpxtpx:speed>7673.33616643260484</gpxtpx:speed><gpxtpx:course>0.00000000000000</gpxtpx:course></gpxtpx:TrackPointExtension></extensions></trkpt>
      <trkpt lon="-104.93717193905927" lat="-82.57960591606941"><ele>521166.93865259457380</ele><time>2023-01-20T10:11:11.400Z</time><hdop>1.35632746192531</hdop><vdop>3.22097874263510</vdop><pdop>3.49490031967722</pdop><extensions><gpxtpx:TrackPointExtension><gpxtpx:speed>7673.39471544884145</gpxtpx:speed><gpxtpx:course>0.00000000000000</gpxtpx:course></gpxtpx:TrackPointExtension></extensions></trkpt>
      <trkpt lon="-104.98491437429296" lat="-82.57807306370786"><ele>521167.75918068271130</ele><time>2023-01-20T10:11:11.500Z</time><hdop>1.35610284684943</hdop><vdop>3.22088043407178</vdop><pdop>3.49472255004880</pdop><extensions><gpxtpx:TrackPointExtension><gpxtpx:speed>7673.64161713798694</gpxtpx:speed><gpxtpx:course>0.00000000000000</gpxtpx:course></gpxtpx:TrackPointExtension></extensions></trkpt>
      <trkpt lon="-105.03266048222403" lat="-82.57654120204647"><ele>521173.90306517295539</ele><time>2023-01-20T10:11:11.600Z</time><hdop>1.35587801464135</hdop><vdop>3.22078161457362</vdop><pdop>3.49454423342490</pdop><extensions><gpxtpx:TrackPointExtension><gpxtpx:speed>7673.65211657986310</gpxtpx:speed><gpxtpx:course>0.00000000000000</gpxtpx:course></gpxtpx:TrackPointExtension></extensions></trkpt>
      <trkpt lon="-105.08033607985483" lat="-82.57500085416154"><ele>521173.67061881162226</ele><time>2023-01-20T10:11:11.700Z</time><hdop>1.35565376959233</hdop><vdop>3.22068338611056</vdop><pdop>3.49436669749734</pdop><extensions><gpxtpx:TrackPointExtension><gpxtpx:speed>7673.57264737255264</gpxtpx:speed><gpxtpx:course>0.00000000000000</gpxtpx:course></gpxtpx:TrackPointExtension></extensions></trkpt>
      <trkpt lon="-105.12799782757676" lat="-82.57345401192045"><ele>521170.57783032488078</ele><time>2023-01-20T10:11:11.800Z</time><hdop>1.35542970352768</hdop><vdop>3.22058545342737</vdop><pdop>3.49418951175135</pdop><extensions><gpxtpx:TrackPointExtension><gpxtpx:speed>7673.62434970069353</gpxtpx:speed><gpxtpx:course>0.00000000000000</gpxtpx:course></gpxtpx:TrackPointExtension></extensions></trkpt>
      <trkpt lon="-105.17563614504002" lat="-82.57189614215011"><ele>521169.44808404706419</ele><time>2023-01-20T10:11:11.900Z</time><hdop>1.35520586844363</hdop><vdop>3.22048715055677</vdop><pdop>3.49401208251564</pdop><extensions><gpxtpx:TrackPointExtension><gpxtpx:speed>7673.78733260372701</gpxtpx:speed><gpxtpx:course>0.00000000000000</gpxtpx:course></gpxtpx:TrackPointExtension></extensions></trkpt>
      <trkpt lon="-105.22332088637924" lat="-82.57034542113331"><ele>521172.82918275985867</ele><time>2023-01-20T10:11:12.000Z</time><hdop>1.35498151233661</hdop><vdop>3.22038860909409</vdop><pdop>3.49383423939331</pdop><extensions><gpxtpx:TrackPointExtension><gpxtpx:speed>7674.09377153597416</gpxtpx:speed><gpxtpx:course>0.00000000000000</gpxtpx:course></gpxtpx:TrackPointExtension></extensions></trkpt>
      <trkpt lon="-105.27089159300364" lat="-82.56878553808795"><ele>521169.02710550092161</ele><time>2023-01-20T10:11:12.100Z</time><hdop>1.35475795661650</hdop><vdop>3.22029066878542</vdop><pdop>3.49365726889204</pdop><extensions><gpxtpx:TrackPointExtension><gpxtpx:speed>7673.83371876729689</gpxtpx:speed><gpxtpx:course>0.00000000000000</gpxtpx:course></gpxtpx:TrackPointExtension></extensions></trkpt>
      <trkpt lon="-105.31854260903438" lat="-82.56722016785608"><ele>521172.53851121384650</ele><time>2023-01-20T10:11:12.200Z</time><hdop>1.35453392626710</hdop><vdop>3.22019198346283</vdop><pdop>3.49347943571547</pdop><extensions><gpxtpx:TrackPointExtension><gpxtpx:speed>7673.48024242078191</gpxtpx:speed><gpxtpx:course>0.00000000000000</gpxtpx:course></gpxtpx:TrackPointExtension></extensions></trkpt>
      <trkpt lon="-105.36608623541434" lat="-82.56564012270852"><ele>521171.65179371926934</ele><time>2023-01-20T10:11:12.300Z</time><hdop>1.35431070206999</hdop><vdop>3.22009350162774</vdop><pdop>3.49330211074945</pdop><extensions><gpxtpx:TrackPointExtension><gpxtpx:speed>7673.54787269888311</gpxtpx:speed><gpxtpx:course>0.00000000000000</gpxtpx:course></gpxtpx:TrackPointExtension></extensions></trkpt>
      <trkpt lon="-105.41366503679700" lat="-82.56407324154787"><ele>521175.00755316391587</ele><time>2023-01-20T10:11:12.400Z</time><hdop>1.35408691990385</hdop><vdop>3.21999488896487</vdop><pdop>3.49312445693172</pdop><extensions><gpxtpx:TrackPointExtension><gpxtpx:speed>7673.62305170589116</gpxtpx:speed><gpxtpx:course>0.00000000000000</gpxtpx:course></gpxtpx:TrackPointExtension></extensions></trkpt>
      <trkpt lon="-105.46122925030468" lat="-82.56249672231191"><ele>521176.26549415383488</ele><time>2023-01-20T10:11:12.500Z</time><hdop>1.35386337540779</hdop><vdop>3.21989642902732</vdop><pdop>3.49294704410666</pdop><extensions><gpxtpx:TrackPointExtension><gpxtpx:speed>7673.58436351264663</gpxtpx:speed><gpxtpx:course>0.00000000000000</gpxtpx:course></gpxtpx:TrackPointExtension></extensions></trkpt>
      <trkpt lon="-105.50874631728202" lat="-82.56090092405402"><ele>521175.61722147371620</ele><time>2023-01-20T10:11:12.600Z</time><hdop>1.35364040193802</hdop><vdop>3.21979787468619</vdop><pdop>3.49276977363132</pdop><extensions><gpxtpx:TrackPointExtension><gpxtpx:speed>7673.75011083652407</gpxtpx:speed><gpxtpx:course>0.00000000000000</gpxtpx:course></gpxtpx:TrackPointExtension></extensions></trkpt>
      <trkpt lon="-105.55622470429149" lat="-82.55931191318138"><ele>521175.88780780415982</ele><time>2023-01-20T10:11:12.700Z</time><hdop>1.35341739918008</hdop><vdop>3.21969937352164</vdop><pdop>3.49259254884663</pdop><extensions><gpxtpx:TrackPointExtension><gpxtpx:speed>7673.53069051749299</gpxtpx:speed><gpxtpx:course>0.00000000000000</gpxtpx:course></gpxtpx:TrackPointExtension></extensions></trkpt>
      <trkpt lon="-105.60372117050126" lat="-82.55771751666929"><ele>521174.82175220176578</ele><time>2023-01-20T10:11:12.800Z</time><hdop>1.35319438582207</hdop><vdop>3.21960105021970</vdop><pdop>3.49241549194768</pdop><extensions><gpxtpx:TrackPointExtension><gpxtpx:speed>7673.71795215089878</gpxtpx:speed><gpxtpx:course>0.00000000000000</gpxtpx:course></gpxtpx:TrackPointExtension></extensions></trkpt>
      <trkpt lon="-105.65118290650078" lat="-82.55611264960852"><ele>521175.85218615643680</ele><time>2023-01-20T10:11:12.900Z</time><hdop>1.35297161859761</hdop><vdop>3.21950233685886</vdop><pdop>3.49223817884323</pdop><extensions><gpxtpx:TrackPointExtension><gpxtpx:speed>7673.33187219907268</gpxtpx:speed><gpxtpx:course>0.00000000000000</gpxtpx:course></gpxtpx:TrackPointExtension></extensions></trkpt>
      <trkpt lon="-105.69863378541275" lat="-82.55450866820571"><ele>521177.19914066325873</ele><time>2023-01-20T10:11:13.000Z</time><hdop>1.35274883344916</hdop><vdop>3.21940368113366</vdop><pdop>3.49206091992895</pdop><extensions><gpxtpx:TrackPointExtension><gpxtpx:speed>7673.52003683765361</gpxtpx:speed><gpxtpx:course>0.00000000000000</gpxtpx:course></gpxtpx:TrackPointExtension></extensions></trkpt>
      <trkpt lon="-105.74606943641908" lat="-82.55289759227004"><ele>521178.13116117939353</ele><time>2023-01-20T10:11:13.100Z</time><hdop>1.35252618941365</hdop><vdop>3.21930502133712</vdop><pdop>3.49188371992198</pdop><extensions><gpxtpx:TrackPointExtension><gpxtpx:speed>7673.67466820102254</gpxtpx:speed><gpxtpx:course>0.00000000000000</gpxtpx:course></gpxtpx:TrackPointExtension></extensions></trkpt>
      <trkpt lon="-105.79343783578686" lat="-82.55128222606638"><ele>521178.30863510072231</ele><time>2023-01-20T10:11:13.200Z</time><hdop>1.35230390547607</hdop><vdop>3.21920636749374</vdop><pdop>3.49170667285757</pdop><extensions><gpxtpx:TrackPointExtension><gpxtpx:speed>7673.43287468201743</gpxtpx:speed><gpxtpx:course>0.00000000000000</gpxtpx:course></gpxtpx:TrackPointExtension></extensions></trkpt>
      <trkpt lon="-105.84080055219930" lat="-82.54965632670969"><ele>521176.72194900549948</ele><time>2023-01-20T10:11:13.300Z</time><hdop>1.35208182305676</hdop><vdop>3.21910782292447</vdop><pdop>3.49152981253977</pdop><extensions><gpxtpx:TrackPointExtension><gpxtpx:speed>7673.49291080894091</gpxtpx:speed><gpxtpx:course>0.00000000000000</gpxtpx:course></gpxtpx:TrackPointExtension></extensions></trkpt>
      <trkpt lon="-105.88818048530580" lat="-82.54803293362983"><ele>521178.75460284017026</ele><time>2023-01-20T10:11:13.400Z</time><hdop>1.35185947679328</hdop><vdop>3.21900901137312</vdop><pdop>3.49135261185363</pdop><extensions><gpxtpx:TrackPointExtension><gpxtpx:speed>7673.09924328247234</gpxtpx:speed><gpxtpx:course>0.00000000000000</gpxtpx:course></gpxtpx:TrackPointExtension></extensions></trkpt>
      <trkpt lon="-105.93547599349922" lat="-82.54639697530492"><ele>521178.64129847381264</ele><time>2023-01-20T10:11:13.500Z</time><hdop>1.35163772544534</hdop><vdop>3.21891020407377</vdop><pdop>3.49117565337771</pdop><extensions><gpxtpx:TrackPointExtension><gpxtpx:speed>7673.46521775528436</gpxtpx:speed><gpxtpx:course>0.00000000000000</gpxtpx:course></gpxtpx:TrackPointExtension></extensions></trkpt>
      <trkpt lon="-105.98283868485562" lat="-82.54476651191902"><ele>521180.46234670281410</ele><time>2023-01-20T10:11:13.600Z</time><hdop>1.35141549243668</hdop><vdop>3.21881145771684</vdop><pdop>3.49099857254727</pdop><extensions><gpxtpx:TrackPointExtension><gpxtpx:speed>7673.45735502718526</gpxtpx:speed><gpxtpx:course>0.00000000000000</gpxtpx:course></gpxtpx:TrackPointExtension></extensions></trkpt>
      <trkpt lon="-106.03014292290254" lat="-82.54312493538595"><ele>521180.79362362343818</ele><time>2023-01-20T10:11:13.700Z</time><hdop>1.35119370296124</hdop><vdop>3.21871269851712</vdop><pdop>3.49082165951191</pdop><extensions><gpxtpx:TrackPointExtension><gpxtpx:speed>7673.53475291074119</gpxtpx:speed><gpxtpx:course>0.00000000000000</gpxtpx:course></gpxtpx:TrackPointExtension></extensions></trkpt>
      <trkpt lon="-106.07737123491658" lat="-82.54147278359078"><ele>521179.14672734029591</ele><time>2023-01-20T10:11:13.800Z</time><hdop>1.35097243782726</hdop><vdop>3.21861396364077</vdop><pdop>3.49064497975837</pdop><extensions><gpxtpx:TrackPointExtension><gpxtpx:speed>7673.32191105996844</gpxtpx:speed><gpxtpx:course>0.00000000000000</gpxtpx:course></gpxtpx:TrackPointExtension></extensions></trkpt>
      <trkpt lon="-106.12460759014519" lat="-82.53982518510742"><ele>521179.53468736633658</ele><time>2023-01-20T10:11:13.900Z</time><hdop>1.35075094981160</hdop><vdop>3.21851517908829</vdop><pdop>3.49046817582379</pdop><extensions><gpxtpx:TrackPointExtension><gpxtpx:speed>7673.19817105367656</gpxtpx:speed><gpxtpx:course>0.00000000000000</gpxtpx:course></gpxtpx:TrackPointExtension></extensions></trkpt>
      <trkpt lon="-106.17185269550809" lat="-82.53816588906811"><ele>521179.14437950309366</ele><time>2023-01-20T10:11:14.000Z</time><hdop>1.35052960263304</hdop><vdop>3.21841638391268</vdop><pdop>3.49029142448388</pdop><extensions><gpxtpx:TrackPointExtension><gpxtpx:speed>7673.55563417770190</gpxtpx:speed><gpxtpx:course>0.00000000000000</gpxtpx:course></gpxtpx:TrackPointExtension></extensions></trkpt>
      <trkpt lon="-106.21906406844441" lat="-82.53650072862290"><ele>521178.08240268006921</ele><time>2023-01-20T10:11:14.100Z</time><hdop>1.35030846417284</hdop><vdop>3.21831760914070</vdop><pdop>3.49011478059417</pdop><extensions><gpxtpx:TrackPointExtension><gpxtpx:speed>7673.92205251451924</gpxtpx:speed><gpxtpx:course>0.00000000000000</gpxtpx:course></gpxtpx:TrackPointExtension></extensions></trkpt>
      <trkpt lon="-106.26630415260641" lat="-82.53484676488658"><ele>521183.84903458692133</ele><time>2023-01-20T10:11:14.200Z</time><hdop>1.35008680196548</hdop><vdop>3.21821836123227</vdop><pdop>3.48993750566022</pdop><extensions><gpxtpx:TrackPointExtension><gpxtpx:speed>7673.14902245343092</gpxtpx:speed><gpxtpx:course>0.00000000000000</gpxtpx:course></gpxtpx:TrackPointExtension></extensions></trkpt>
      <trkpt lon="-106.31350932981856" lat="-82.53317680956806"><ele>521183.25471653509885</ele><time>2023-01-20T10:11:14.300Z</time><hdop>1.34986566763777</hdop><vdop>3.21811962873349</vdop><pdop>3.48976091810126</pdop><extensions><gpxtpx:TrackPointExtension><gpxtpx:speed>7673.75046611331709</gpxtpx:speed><gpxtpx:course>0.00000000000000</gpxtpx:course></gpxtpx:TrackPointExtension></extensions></trkpt>
      <trkpt lon="-106.36063251621489" lat="-82.53149834175431"><ele>521183.85168567299843</ele><time>2023-01-20T10:11:14.400Z</time><hdop>1.34964496927686</hdop><vdop>3.21802057194795</vdop><pdop>3.48958420797873</pdop><extensions><gpxtpx:TrackPointExtension><gpxtpx:speed>7673.52699164834667</gpxtpx:speed><gpxtpx:course>0.00000000000000</gpxtpx:course></gpxtpx:TrackPointExtension></extensions></trkpt>
      <trkpt lon="-106.40773838014523" lat="-82.52981255286437"><ele>521182.28457524348050</ele><time>2023-01-20T10:11:14.500Z</time><hdop>1.34942449675917</hdop><vdop>3.21792171754061</vdop><pdop>3.48940777964875</pdop><extensions><gpxtpx:TrackPointExtension><gpxtpx:speed>7673.67180521420141</gpxtpx:speed><gpxtpx:course>0.00000000000000</gpxtpx:course></gpxtpx:TrackPointExtension></extensions></trkpt>
      <trkpt lon="-106.45491779881927" lat="-82.52813372594677"><ele>521184.95453798305243</ele><time>2023-01-20T10:11:14.600Z</time><hdop>1.34920340183134</hdop><vdop>3.21782268215207</vdop><pdop>3.48923095155446</pdop><extensions><gpxtpx:TrackPointExtension><gpxtpx:speed>7673.76252911564916</gpxtpx:speed><gpxtpx:course>0.00000000000000</gpxtpx:course></gpxtpx:TrackPointExtension></extensions></trkpt>
      <trkpt lon="-106.50195907029932" lat="-82.52643854807016"><ele>521183.85306945908815</ele><time>2023-01-20T10:11:14.700Z</time><hdop>1.34898326414323</hdop><vdop>3.21772369661703</vdop><pdop>3.48905454739666</pdop><extensions><gpxtpx:TrackPointExtension><gpxtpx:speed>7673.41130600704582</gpxtpx:speed><gpxtpx:course>0.00000000000000</gpxtpx:course></gpxtpx:TrackPointExtension></extensions></trkpt>
      <trkpt lon="-106.54903877628993" lat="-82.52474535829764"><ele>521186.44358788244426</ele><time>2023-01-20T10:11:14.800Z</time><hdop>1.34876276612178</hdop><vdop>3.21762445678720</vdop><pdop>3.48887777719306</pdop><extensions><gpxtpx:TrackPointExtension><gpxtpx:speed>7673.58262278949042</gpxtpx:speed><gpxtpx:course>0.00000000000000</gpxtpx:course></gpxtpx:TrackPointExtension></extensions></trkpt>
      <trkpt lon="-106.59607093678703" lat="-82.52304357665604"><ele>521185.27068868279457</ele><time>2023-01-20T10:11:14.900Z</time><hdop>1.34854268203511</hdop><vdop>3.21752553543510</vdop><pdop>3.48870146851911</pdop><extensions><gpxtpx:TrackPointExtension><gpxtpx:speed>7673.80456056722323</gpxtpx:speed><gpxtpx:course>0.00000000000000</gpxtpx:course></gpxtpx:TrackPointExtension></extensions></trkpt>
      <trkpt lon="-106.64312109947829" lat="-82.52134349417213"><ele>521185.77830190397799</ele><time>2023-01-20T10:11:15.000Z</time><hdop>1.34832239017640</hdop><vdop>3.21742656120614</vdop><pdop>3.48852503855222</pdop><extensions><gpxtpx:TrackPointExtension><gpxtpx:speed>7673.82449096365417</gpxtpx:speed><gpxtpx:course>0.00000000000000</gpxtpx:course></gpxtpx:TrackPointExtension></extensions></trkpt>
      <trkpt lon="-106.69006748307476" lat="-82.51962427216289"><ele>521185.33647468872368</ele><time>2023-01-20T10:11:15.100Z</time><hdop>1.34810287497363</hdop><vdop>3.21732731241833</vdop><pdop>3.48834866329974</pdop><extensions><gpxtpx:TrackPointExtension><gpxtpx:speed>7673.82036824167608</gpxtpx:speed><gpxtpx:course>0.00000000000000</gpxtpx:course></gpxtpx:TrackPointExtension></extensions></trkpt>
      <trkpt lon="-106.73711010204411" lat="-82.51791664392069"><ele>521187.39713797066361</ele><time>2023-01-20T10:11:15.200Z</time><hdop>1.34788260945021</hdop><vdop>3.21722820407250</vdop><pdop>3.48817213536515</pdop><extensions><gpxtpx:TrackPointExtension><gpxtpx:speed>7673.63118121646494</gpxtpx:speed><gpxtpx:course>0.00000000000000</gpxtpx:course></gpxtpx:TrackPointExtension></extensions></trkpt>
      <trkpt lon="-106.78404800176379" lat="-82.51619201933180"><ele>521186.61798846721649</ele><time>2023-01-20T10:11:15.300Z</time><hdop>1.34766313561555</hdop><vdop>3.21712907117868</vdop><pdop>3.48799589846664</pdop><extensions><gpxtpx:TrackPointExtension><gpxtpx:speed>7673.70500921097664</gpxtpx:speed><gpxtpx:course>0.00000000000000</gpxtpx:course></gpxtpx:TrackPointExtension></extensions></trkpt>
      <trkpt lon="-106.83097193098388" lat="-82.51446934882135"><ele>521186.84674715716392</ele><time>2023-01-20T10:11:15.400Z</time><hdop>1.34744360673721</hdop><vdop>3.21702992200469</vdop><pdop>3.48781963301006</pdop><extensions><gpxtpx:TrackPointExtension><gpxtpx:speed>7673.65383932526856</gpxtpx:speed><gpxtpx:course>0.00000000000000</gpxtpx:course></gpxtpx:TrackPointExtension></extensions></trkpt>
      <trkpt lon="-106.87783617512441" lat="-82.51273689209957"><ele>521185.77436939906329</ele><time>2023-01-20T10:11:15.500Z</time><hdop>1.34722449721980</hdop><vdop>3.21693076775197</vdop><pdop>3.48764353259022</pdop><extensions><gpxtpx:TrackPointExtension><gpxtpx:speed>7673.69611637332764</gpxtpx:speed><gpxtpx:course>0.00000000000000</gpxtpx:course></gpxtpx:TrackPointExtension></extensions></trkpt>
      <trkpt lon="-106.92472874192221" lat="-82.51099889812767"><ele>521183.96853792481124</ele><time>2023-01-20T10:11:15.600Z</time><hdop>1.34700532725443</hdop><vdop>3.21683172804652</vdop><pdop>3.48746752217401</pdop><extensions><gpxtpx:TrackPointExtension><gpxtpx:speed>7673.27431546101980</gpxtpx:speed><gpxtpx:course>0.00000000000000</gpxtpx:course></gpxtpx:TrackPointExtension></extensions></trkpt>
      <trkpt lon="-106.97170017565253" lat="-82.50926086325649"><ele>521187.12401348538697</ele><time>2023-01-20T10:11:15.700Z</time><hdop>1.34678561603044</hdop><vdop>3.21673231785444</vdop><pdop>3.48729096868554</pdop><extensions><gpxtpx:TrackPointExtension><gpxtpx:speed>7673.60801581838405</gpxtpx:speed><gpxtpx:course>0.00000000000000</gpxtpx:course></gpxtpx:TrackPointExtension></extensions></trkpt>
      <trkpt lon="-107.01847721851180" lat="-82.50751735928364"><ele>521186.48010481614619</ele><time>2023-01-20T10:11:15.800Z</time><hdop>1.34656693998939</hdop><vdop>3.21663307253624</vdop><pdop>3.48711497476156</pdop><extensions><gpxtpx:TrackPointExtension><gpxtpx:speed>7673.31274204224246</gpxtpx:speed><gpxtpx:course>0.00000000000000</gpxtpx:course></gpxtpx:TrackPointExtension></extensions></trkpt>
      <trkpt lon="-107.06530471312509" lat="-82.50576869914856"><ele>521188.45009114965796</ele><time>2023-01-20T10:11:15.900Z</time><hdop>1.34634798872172</hdop><vdop>3.21653358807938</vdop><pdop>3.48693866163112</pdop><extensions><gpxtpx:TrackPointExtension><gpxtpx:speed>7673.65282662920981</gpxtpx:speed><gpxtpx:course>0.00000000000000</gpxtpx:course></gpxtpx:TrackPointExtension></extensions></trkpt>
      <trkpt lon="-107.11206206740054" lat="-82.50401746600384"><ele>521185.54617050662637</ele><time>2023-01-20T10:11:16.000Z</time><hdop>1.34612947056747</hdop><vdop>3.21643462144295</vdop><pdop>3.48676300105802</pdop><extensions><gpxtpx:TrackPointExtension><gpxtpx:speed>7673.42001291749693</gpxtpx:speed><gpxtpx:course>0.00000000000000</gpxtpx:course></gpxtpx:TrackPointExtension></extensions></trkpt>
      <trkpt lon="-107.15882660486942" lat="-82.50226246914923"><ele>521187.64364683534950</ele><time>2023-01-20T10:11:16.100Z</time><hdop>1.34591081383738</hdop><vdop>3.21633510539650</vdop><pdop>3.48658678782134</pdop><extensions><gpxtpx:TrackPointExtension><gpxtpx:speed>7673.64371424077763</gpxtpx:speed><gpxtpx:course>0.00000000000000</gpxtpx:course></gpxtpx:TrackPointExtension></extensions></trkpt>
      <trkpt lon="-107.20572183756369" lat="-82.50050213731974"><ele>521191.44448569323868</ele><time>2023-01-20T10:11:16.200Z</time><hdop>1.34569156803917</hdop><vdop>3.21623558907888</vdop><pdop>3.48641035461251</pdop><extensions><gpxtpx:TrackPointExtension><gpxtpx:speed>7673.50641398147309</gpxtpx:speed><gpxtpx:course>0.00000000000000</gpxtpx:course></gpxtpx:TrackPointExtension></extensions></trkpt>
      <trkpt lon="-107.25243852065667" lat="-82.49872726806234"><ele>521191.58922818396240</ele><time>2023-01-20T10:11:16.300Z</time><hdop>1.34547342980526</hdop><vdop>3.21613607588294</vdop><pdop>3.48623435943536</pdop><extensions><gpxtpx:TrackPointExtension><gpxtpx:speed>7673.30691500631292</gpxtpx:speed><gpxtpx:course>0.00000000000000</gpxtpx:course></gpxtpx:TrackPointExtension></extensions></trkpt>
      <trkpt lon="-107.29922754679633" lat="-82.49696546721111"><ele>521192.06008190382272</ele><time>2023-01-20T10:11:16.400Z</time><hdop>1.34525463119716</hdop><vdop>3.21603694650511</vdop><pdop>3.48605847111653</pdop><extensions><gpxtpx:TrackPointExtension><gpxtpx:speed>7673.54537041025560</gpxtpx:speed><gpxtpx:course>0.00000000000000</gpxtpx:course></gpxtpx:TrackPointExtension></extensions></trkpt>
      <trkpt lon="-107.34600148913117" lat="-82.49518409792614"><ele>521193.50382897816598</ele><time>2023-01-20T10:11:16.500Z</time><hdop>1.34503620319553</hdop><vdop>3.21593744463470</vdop><pdop>3.48588238982760</pdop><extensions><gpxtpx:TrackPointExtension><gpxtpx:speed>7673.55722076669554</gpxtpx:speed><gpxtpx:course>0.00000000000000</gpxtpx:course></gpxtpx:TrackPointExtension></extensions></trkpt>
      <trkpt lon="-107.39261075640198" lat="-82.49339459269574"><ele>521190.97867296077311</ele><time>2023-01-20T10:11:16.600Z</time><hdop>1.34481871138817</hdop><vdop>3.21583810212775</vdop><pdop>3.48570682438961</pdop><extensions><gpxtpx:TrackPointExtension><gpxtpx:speed>7673.45883923876136</gpxtpx:speed><gpxtpx:course>0.00000000000000</gpxtpx:course></gpxtpx:TrackPointExtension></extensions></trkpt>
      <trkpt lon="-107.43925036873621" lat="-82.49160475277924"><ele>521193.03266650997102</ele><time>2023-01-20T10:11:16.700Z</time><hdop>1.34460090211699</hdop><vdop>3.21573836215792</vdop><pdop>3.48553077734625</pdop><extensions><gpxtpx:TrackPointExtension><gpxtpx:speed>7673.20457868173980</gpxtpx:speed><gpxtpx:course>0.00000000000000</gpxtpx:course></gpxtpx:TrackPointExtension></extensions></trkpt>
      <trkpt lon="-107.48596309410621" lat="-82.48981703569342"><ele>521193.75363169610500</ele><time>2023-01-20T10:11:16.800Z</time><hdop>1.34438269495723</hdop><vdop>3.21563902022911</vdop><pdop>3.48535495163986</pdop><extensions><gpxtpx:TrackPointExtension><gpxtpx:speed>7673.42404727024132</gpxtpx:speed><gpxtpx:course>0.00000000000000</gpxtpx:course></gpxtpx:TrackPointExtension></extensions></trkpt>
      <trkpt lon="-107.53251293362882" lat="-82.48802261265517"><ele>521194.46867376100272</ele><time>2023-01-20T10:11:16.900Z</time><hdop>1.34416531784511</hdop><vdop>3.21553940144026</vdop><pdop>3.48517919824970</pdop><extensions><gpxtpx:TrackPointExtension><gpxtpx:speed>7673.26081241471729</gpxtpx:speed><gpxtpx:course>0.00000000000000</gpxtpx:course></gpxtpx:TrackPointExtension></extensions></trkpt>
      <trkpt lon="-107.57915023648673" lat="-82.48622491731672"><ele>521197.12495689373463</ele><time>2023-01-20T10:11:17.000Z</time><hdop>1.34394748090331</hdop><vdop>3.21543972447773</vdop><pdop>3.48500322140106</pdop><extensions><gpxtpx:TrackPointExtension><gpxtpx:speed>7673.43146897115730</gpxtpx:speed><gpxtpx:course>0.00000000000000</gpxtpx:course></gpxtpx:TrackPointExtension></extensions></trkpt>
      <trkpt lon="-107.62567762684714" lat="-82.48441220359273"><ele>521196.15612039994448</ele><time>2023-01-20T10:11:17.100Z</time><hdop>1.34373044141243</hdop><vdop>3.21534014715296</vdop><pdop>3.48482765155926</pdop><extensions><gpxtpx:TrackPointExtension><gpxtpx:speed>7673.63119588538939</gpxtpx:speed><gpxtpx:course>0.00000000000000</gpxtpx:course></gpxtpx:TrackPointExtension></extensions></trkpt>
      <trkpt lon="-107.67223266170801" lat="-82.48259943465231"><ele>521195.58465087693185</ele><time>2023-01-20T10:11:17.200Z</time><hdop>1.34351321144869</hdop><vdop>3.21524065723450</vdop><pdop>3.48465209644678</pdop><extensions><gpxtpx:TrackPointExtension><gpxtpx:speed>7673.65631251428658</gpxtpx:speed><gpxtpx:course>0.00000000000000</gpxtpx:course></gpxtpx:TrackPointExtension></extensions></trkpt>
      <trkpt lon="-107.71877586186754" lat="-82.48078350707137"><ele>521196.04703294578940</ele><time>2023-01-20T10:11:17.300Z</time><hdop>1.34329600515544</hdop><vdop>3.21514106115012</vdop><pdop>3.48447646003816</pdop><extensions><gpxtpx:TrackPointExtension><gpxtpx:speed>7673.18564791136305</gpxtpx:speed><gpxtpx:course>0.00000000000000</gpxtpx:course></gpxtpx:TrackPointExtension></extensions></trkpt>
      <trkpt lon="-107.76527215344188" lat="-82.47895989928976"><ele>521195.43691511265934</ele><time>2023-01-20T10:11:17.400Z</time><hdop>1.34307912705383</hdop><vdop>3.21504148943533</vdop><pdop>3.48430098015631</pdop><extensions><gpxtpx:TrackPointExtension><gpxtpx:speed>7673.57024378163715</gpxtpx:speed><gpxtpx:course>0.00000000000000</gpxtpx:course></gpxtpx:TrackPointExtension></extensions></trkpt>
      <trkpt lon="-107.81176620143634" lat="-82.47713271582182"><ele>521198.33163363020867</ele><time>2023-01-20T10:11:17.500Z</time><hdop>1.34286217478029</hdop><vdop>3.21494151964601</vdop><pdop>3.48412511187522</pdop><extensions><gpxtpx:TrackPointExtension><gpxtpx:speed>7673.94867480204266</gpxtpx:speed><gpxtpx:course>0.00000000000000</gpxtpx:course></gpxtpx:TrackPointExtension></extensions></trkpt>
      <trkpt lon="-107.85821891611528" lat="-82.47530189218243"><ele>521197.51053430233151</ele><time>2023-01-20T10:11:17.600Z</time><hdop>1.34264551901751</hdop><vdop>3.21484196882660</vdop><pdop>3.48394975197214</pdop><extensions><gpxtpx:TrackPointExtension><gpxtpx:speed>7673.58309911546075</gpxtpx:speed><gpxtpx:course>0.00000000000000</gpxtpx:course></gpxtpx:TrackPointExtension></extensions></trkpt>
      <trkpt lon="-107.90470858444628" lat="-82.47346430504520"><ele>521202.80895191431046</ele><time>2023-01-20T10:11:17.700Z</time><hdop>1.34242859311016</hdop><vdop>3.21474171954121</vdop><pdop>3.48377365093636</pdop><extensions><gpxtpx:TrackPointExtension><gpxtpx:speed>7673.68820020192470</gpxtpx:speed><gpxtpx:course>0.00000000000000</gpxtpx:course></gpxtpx:TrackPointExtension></extensions></trkpt>
      <trkpt lon="-107.95119583758702" lat="-82.47161950179468"><ele>521204.89273701515049</ele><time>2023-01-20T10:11:17.800Z</time><hdop>1.34221183586400</hdop><vdop>3.21464182739998</vdop><pdop>3.48359795194608</pdop><extensions><gpxtpx:TrackPointExtension><gpxtpx:speed>7673.65610292246220</gpxtpx:speed><gpxtpx:course>0.00000000000000</gpxtpx:course></gpxtpx:TrackPointExtension></extensions></trkpt>
      <trkpt lon="-107.99749344472377" lat="-82.46978379124629"><ele>521199.96953636407852</ele><time>2023-01-20T10:11:17.900Z</time><hdop>1.34199589426505</hdop><vdop>3.21454270933984</vdop><pdop>3.48342328900669</pdop><extensions><gpxtpx:TrackPointExtension><gpxtpx:speed>7673.52791531230650</gpxtpx:speed><gpxtpx:course>0.00000000000000</gpxtpx:course></gpxtpx:TrackPointExtension></extensions></trkpt>
      <trkpt lon="-108.04381179166927" lat="-82.46793065330040"><ele>521195.78176420740783</ele><time>2023-01-20T10:11:18.000Z</time><hdop>1.34178009181857</hdop><vdop>3.21444332821654</vdop><pdop>3.48324844435715</pdop><extensions><gpxtpx:TrackPointExtension><gpxtpx:speed>7673.32999807998931</gpxtpx:speed><gpxtpx:course>0.00000000000000</gpxtpx:course></gpxtpx:TrackPointExtension></extensions></trkpt>
      <trkpt lon="-108.09013133952230" lat="-82.46608037588057"><ele>521197.60336842760444</ele><time>2023-01-20T10:11:18.100Z</time><hdop>1.34156402402406</hdop><vdop>3.21434338251161</vdop><pdop>3.48307298391116</pdop><extensions><gpxtpx:TrackPointExtension><gpxtpx:speed>7673.73592388987890</gpxtpx:speed><gpxtpx:course>0.00000000000000</gpxtpx:course></gpxtpx:TrackPointExtension></extensions></trkpt>
      <trkpt lon="-108.13641319816833" lat="-82.46421733305718"><ele>521195.77825573831797</ele><time>2023-01-20T10:11:18.200Z</time><hdop>1.34134839077407</hdop><vdop>3.21424368903932</vdop><pdop>3.48289793102831</pdop><extensions><gpxtpx:TrackPointExtension><gpxtpx:speed>7673.61151118111047</gpxtpx:speed><gpxtpx:course>0.00000000000000</gpxtpx:course></gpxtpx:TrackPointExtension></extensions></trkpt>
      <trkpt lon="-108.18279701587964" lat="-82.46235135236397"><ele>521199.84306793753058</ele><time>2023-01-20T10:11:18.300Z</time><hdop>1.34113213602512</hdop><vdop>3.21414349758384</vdop><pdop>3.48272218664363</pdop><extensions><gpxtpx:TrackPointExtension><gpxtpx:speed>7673.68210169642134</gpxtpx:speed><gpxtpx:course>0.00000000000000</gpxtpx:course></gpxtpx:TrackPointExtension></extensions></trkpt>
      <trkpt lon="-108.22913379899862" lat="-82.46047953174991"><ele>521201.97281178645790</ele><time>2023-01-20T10:11:18.400Z</time><hdop>1.34091621204447</hdop><vdop>3.21404346432248</vdop><pdop>3.48254672305739</pdop><extensions><gpxtpx:TrackPointExtension><gpxtpx:speed>7673.56619250825588</gpxtpx:speed><gpxtpx:course>0.00000000000000</gpxtpx:course></gpxtpx:TrackPointExtension></extensions></trkpt>
      <trkpt lon="-108.27536940849575" lat="-82.45860500983909"><ele>521201.78265880513936</ele><time>2023-01-20T10:11:18.500Z</time><hdop>1.34070076416090</hdop><vdop>3.21394359136513</vdop><pdop>3.48237159813519</pdop><extensions><gpxtpx:TrackPointExtension><gpxtpx:speed>7673.44295863748630</gpxtpx:speed><gpxtpx:course>0.00000000000000</gpxtpx:course></gpxtpx:TrackPointExtension></extensions></trkpt>
      <trkpt lon="-108.32167179384341" lat="-82.45672978991759"><ele>521203.36724068317562</ele><time>2023-01-20T10:11:18.600Z</time><hdop>1.34048494350134</hdop><vdop>3.21384368421689</vdop><pdop>3.48219630554261</pdop><extensions><gpxtpx:TrackPointExtension><gpxtpx:speed>7673.37699880852051</gpxtpx:speed><gpxtpx:course>0.00000000000000</gpxtpx:course></gpxtpx:TrackPointExtension></extensions></trkpt>
      <trkpt lon="-108.36789689960035" lat="-82.45485176481073"><ele>521203.74157398939133</ele><time>2023-01-20T10:11:18.700Z</time><hdop>1.34026949625343</hdop><vdop>3.21374385312917</vdop><pdop>3.48202123429955</pdop><extensions><gpxtpx:TrackPointExtension><gpxtpx:speed>7673.75244556848611</gpxtpx:speed><gpxtpx:course>0.00000000000000</gpxtpx:course></gpxtpx:TrackPointExtension></extensions></trkpt>
      <trkpt lon="-108.41407027580617" lat="-82.45295738724941"><ele>521205.09092040453106</ele><time>2023-01-20T10:11:18.800Z</time><hdop>1.34005448347453</hdop><vdop>3.21364363685639</vdop><pdop>3.48184598214622</pdop><extensions><gpxtpx:TrackPointExtension><gpxtpx:speed>7673.69810445123858</gpxtpx:speed><gpxtpx:course>0.00000000000000</gpxtpx:course></gpxtpx:TrackPointExtension></extensions></trkpt>
      <trkpt lon="-108.46023154753773" lat="-82.45106630941572"><ele>521204.16292440239340</ele><time>2023-01-20T10:11:18.900Z</time><hdop>1.33983946280743</hdop><vdop>3.21354382491343</vdop><pdop>3.48167110749067</pdop><extensions><gpxtpx:TrackPointExtension><gpxtpx:speed>7673.75279508900076</gpxtpx:speed><gpxtpx:course>0.00000000000000</gpxtpx:course></gpxtpx:TrackPointExtension></extensions></trkpt>
      <trkpt lon="-108.50631448408741" lat="-82.44916764564627"><ele>521203.50246854778379</ele><time>2023-01-20T10:11:19.000Z</time><hdop>1.33962487201154</hdop><vdop>3.21344382024538</vdop><pdop>3.48149622771376</pdop><extensions><gpxtpx:TrackPointExtension><gpxtpx:speed>7673.29874956308868</gpxtpx:speed><gpxtpx:course>0.00000000000000</gpxtpx:course></gpxtpx:TrackPointExtension></extensions></trkpt>
      <trkpt lon="-108.55239024715354" lat="-82.44726286647636"><ele>521200.95829049497843</ele><time>2023-01-20T10:11:19.100Z</time><hdop>1.33941041088201</hdop><vdop>3.21334401290452</vdop><pdop>3.48132158727809</pdop><extensions><gpxtpx:TrackPointExtension><gpxtpx:speed>7673.75048294939916</gpxtpx:speed><gpxtpx:course>0.00000000000000</gpxtpx:course></gpxtpx:TrackPointExtension></extensions></trkpt>
      <trkpt lon="-108.59850550099284" lat="-82.44535486261080"><ele>521204.00253899022937</ele><time>2023-01-20T10:11:19.200Z</time><hdop>1.33919563341652</hdop><vdop>3.21324365080574</vdop><pdop>3.48114632039581</pdop><extensions><gpxtpx:TrackPointExtension><gpxtpx:speed>7673.43532691130895</gpxtpx:speed><gpxtpx:course>0.00000000000000</gpxtpx:course></gpxtpx:TrackPointExtension></extensions></trkpt>
      <trkpt lon="-108.64461612267147" lat="-82.44344421345079"><ele>521206.21788167953491</ele><time>2023-01-20T10:11:19.300Z</time><hdop>1.33898088294607</hdop><vdop>3.21314342601907</vdop><pdop>3.48097119796539</pdop><extensions><gpxtpx:TrackPointExtension><gpxtpx:speed>7673.65297218152318</gpxtpx:speed><gpxtpx:course>0.00000000000000</gpxtpx:course></gpxtpx:TrackPointExtension></extensions></trkpt>
      <trkpt lon="-108.69069303894615" lat="-82.44152805436052"><ele>521206.63331172801554</ele><time>2023-01-20T10:11:19.400Z</time><hdop>1.33876637238060</hdop><vdop>3.21304336239036</vdop><pdop>3.48079632389168</pdop><extensions><gpxtpx:TrackPointExtension><gpxtpx:speed>7673.91106901097010</gpxtpx:speed><gpxtpx:course>0.00000000000000</gpxtpx:course></gpxtpx:TrackPointExtension></extensions></trkpt>
      <trkpt lon="-108.73670381315385" lat="-82.43960556151771"><ele>521207.95071746502072</ele><time>2023-01-20T10:11:19.500Z</time><hdop>1.33855219220503</hdop><vdop>3.21294306819152</vdop><pdop>3.48062137134978</pdop><extensions><gpxtpx:TrackPointExtension><gpxtpx:speed>7673.87058223910572</gpxtpx:speed><gpxtpx:course>0.00000000000000</gpxtpx:course></gpxtpx:TrackPointExtension></extensions></trkpt>
      <trkpt lon="-108.78274712685389" lat="-82.43767934623760"><ele>521211.29015058744699</ele><time>2023-01-20T10:11:19.600Z</time><hdop>1.33833782878618</hdop><vdop>3.21284262465633</vdop><pdop>3.48044621776701</pdop><extensions><gpxtpx:TrackPointExtension><gpxtpx:speed>7673.55171890276233</gpxtpx:speed><gpxtpx:course>0.00000000000000</gpxtpx:course></gpxtpx:TrackPointExtension></extensions></trkpt>
      <trkpt lon="-108.82871821677975" lat="-82.43574944952429"><ele>521209.43389622122049</ele><time>2023-01-20T10:11:19.700Z</time><hdop>1.33812391461343</hdop><vdop>3.21274271196663</vdop><pdop>3.48027173424075</pdop><extensions><gpxtpx:TrackPointExtension><gpxtpx:speed>7673.31010890073685</gpxtpx:speed><gpxtpx:course>0.00000000000000</gpxtpx:course></gpxtpx:TrackPointExtension></extensions></trkpt>
      <trkpt lon="-108.87468077468780" lat="-82.43381709342110"><ele>521208.48786530923098</ele><time>2023-01-20T10:11:19.800Z</time><hdop>1.33791000962303</hdop><vdop>3.21264271864327</vdop><pdop>3.48009718707698</pdop><extensions><gpxtpx:TrackPointExtension><gpxtpx:speed>7673.82392486384106</gpxtpx:speed><gpxtpx:course>0.00000000000000</gpxtpx:course></gpxtpx:TrackPointExtension></extensions></trkpt>
      <trkpt lon="-108.92055644236817" lat="-82.43187436434005"><ele>521207.86318296939135</ele><time>2023-01-20T10:11:19.900Z</time><hdop>1.33769661256038</hdop><vdop>3.21254247211140</vdop><pdop>3.47992260867611</pdop><extensions><gpxtpx:TrackPointExtension><gpxtpx:speed>7673.56929067385317</gpxtpx:speed><gpxtpx:course>0.00000000000000</gpxtpx:course></gpxtpx:TrackPointExtension></extensions></trkpt>
      <trkpt lon="-108.96651900871888" lat="-82.42992644919083"><ele>521208.43188350554556</ele><time>2023-01-20T10:11:20.000Z</time><hdop>1.33748281802226</hdop><vdop>3.21244222948634</vdop><pdop>3.47974788832351</pdop><extensions><gpxtpx:TrackPointExtension><gpxtpx:speed>7673.41669054126669</gpxtpx:speed><gpxtpx:course>0.00000000000000</gpxtpx:course></gpxtpx:TrackPointExtension></extensions></trkpt>
      <trkpt lon="-109.01241056795214" lat="-82.42797326129433"><ele>521208.72447731252760</ele><time>2023-01-20T10:11:20.100Z</time><hdop>1.33726939193664</hdop><vdop>3.21234191169012</vdop><pdop>3.47957324742727</pdop><extensions><gpxtpx:TrackPointExtension><gpxtpx:speed>7673.37255665503380</gpxtpx:speed><gpxtpx:course>0.00000000000000</gpxtpx:course></gpxtpx:TrackPointExtension></extensions></trkpt>
      <trkpt lon="-109.05826844395558" lat="-82.42601954692965"><ele>521209.31883445754647</ele><time>2023-01-20T10:11:20.200Z</time><hdop>1.33705606329997</hdop><vdop>3.21224158788633</vdop><pdop>3.47939864565038</pdop><extensions><gpxtpx:TrackPointExtension><gpxtpx:speed>7673.32107181044466</gpxtpx:speed><gpxtpx:course>0.00000000000000</gpxtpx:course></gpxtpx:TrackPointExtension></extensions></trkpt>
      <trkpt lon="-109.10417277459537" lat="-82.42405659636854"><ele>521211.39984901156276</ele><time>2023-01-20T10:11:20.300Z</time><hdop>1.33684258595768</hdop><vdop>3.21214109563807</vdop><pdop>3.47922383843250</pdop><extensions><gpxtpx:TrackPointExtension><gpxtpx:speed>7673.61088901661151</gpxtpx:speed><gpxtpx:course>0.00000000000000</gpxtpx:course></gpxtpx:TrackPointExtension></extensions></trkpt>
      <trkpt lon="-109.15000169137038" lat="-82.42209734075546"><ele>521212.39578760229051</ele><time>2023-01-20T10:11:20.400Z</time><hdop>1.33662937102397</hdop><vdop>3.21204077645134</vdop><pdop>3.47904929902841</pdop><extensions><gpxtpx:TrackPointExtension><gpxtpx:speed>7673.38220188404921</gpxtpx:speed><gpxtpx:course>0.00000000000000</gpxtpx:course></gpxtpx:TrackPointExtension></extensions></trkpt>
      <trkpt lon="-109.19569991751152" lat="-82.42012626912017"><ele>521209.82852448057383</ele><time>2023-01-20T10:11:20.500Z</time><hdop>1.33641697176899</hdop><vdop>3.21194055864168</vdop><pdop>3.47887517377091</pdop><extensions><gpxtpx:TrackPointExtension><gpxtpx:speed>7673.57004355174649</gpxtpx:speed><gpxtpx:course>0.00000000000000</gpxtpx:course></gpxtpx:TrackPointExtension></extensions></trkpt>
      <trkpt lon="-109.24151007293061" lat="-82.41815557607271"><ele>521214.28536870423704</ele><time>2023-01-20T10:11:20.600Z</time><hdop>1.33620383275153</hdop><vdop>3.21183979347157</vdop><pdop>3.47870026613208</pdop><extensions><gpxtpx:TrackPointExtension><gpxtpx:speed>7673.58167533880624</gpxtpx:speed><gpxtpx:course>0.00000000000000</gpxtpx:course></gpxtpx:TrackPointExtension></extensions></trkpt>
      <trkpt lon="-109.28728361839096" lat="-82.41618007842459"><ele>521212.89161268342286</ele><time>2023-01-20T10:11:20.700Z</time><hdop>1.33599102289036</hdop><vdop>3.21173966507440</vdop><pdop>3.47852608003100</pdop><extensions><gpxtpx:TrackPointExtension><gpxtpx:speed>7672.77558655679422</gpxtpx:speed><gpxtpx:course>0.00000000000000</gpxtpx:course></gpxtpx:TrackPointExtension></extensions></trkpt>
      <trkpt lon="-109.33301708479246" lat="-82.41419160975094"><ele>521211.57268923986703</ele><time>2023-01-20T10:11:20.800Z</time><hdop>1.33577855685319</hdop><vdop>3.21163934224280</vdop><pdop>3.47835185362128</pdop><extensions><gpxtpx:TrackPointExtension><gpxtpx:speed>7673.48255116948803</gpxtpx:speed><gpxtpx:course>0.00000000000000</gpxtpx:course></gpxtpx:TrackPointExtension></extensions></trkpt>
      <trkpt lon="-109.37869212543002" lat="-82.41220482728730"><ele>521211.19566456228495</ele><time>2023-01-20T10:11:20.900Z</time><hdop>1.33556625531734</hdop><vdop>3.21153893581250</vdop><pdop>3.47817762033253</pdop><extensions><gpxtpx:TrackPointExtension><gpxtpx:speed>7673.40732826507247</gpxtpx:speed><gpxtpx:course>0.00000000000000</gpxtpx:course></gpxtpx:TrackPointExtension></extensions></trkpt>
      <trkpt lon="-109.42434471673845" lat="-82.41021629197606"><ele>521212.33936711028218</ele><time>2023-01-20T10:11:21.000Z</time><hdop>1.33535398913648</hdop><vdop>3.21143837889377</vdop><pdop>3.47800326879297</pdop><extensions><gpxtpx:TrackPointExtension><gpxtpx:speed>7673.99144402977527</gpxtpx:speed><gpxtpx:course>0.00000000000000</gpxtpx:course></gpxtpx:TrackPointExtension></extensions></trkpt>
      <trkpt lon="-109.46999282488473" lat="-82.40821907554621"><ele>521213.61960357148200</ele><time>2023-01-20T10:11:21.100Z</time><hdop>1.33514183211929</hdop><vdop>3.21133774733878</vdop><pdop>3.47782889736654</pdop><extensions><gpxtpx:TrackPointExtension><gpxtpx:speed>7673.52677086901531</gpxtpx:speed><gpxtpx:course>0.00000000000000</gpxtpx:course></gpxtpx:TrackPointExtension></extensions></trkpt>
      <trkpt lon="-109.51564992520744" lat="-82.40621875234686"><ele>521215.14223813172430</ele><time>2023-01-20T10:11:21.200Z</time><hdop>1.33492962334544</hdop><vdop>3.21123714152132</vdop><pdop>3.47765453695033</pdop><extensions><gpxtpx:TrackPointExtension><gpxtpx:speed>7673.30392078005934</gpxtpx:speed><gpxtpx:course>0.00000000000000</gpxtpx:course></gpxtpx:TrackPointExtension></extensions></trkpt>
      <trkpt lon="-109.56125871031715" lat="-82.40420727337484"><ele>521213.56764176022261</ele><time>2023-01-20T10:11:21.300Z</time><hdop>1.33471783890651</hdop><vdop>3.21113672775940</vdop><pdop>3.47748052386503</pdop><extensions><gpxtpx:TrackPointExtension><gpxtpx:speed>7673.15398554505009</gpxtpx:speed><gpxtpx:course>0.00000000000000</gpxtpx:course></gpxtpx:TrackPointExtension></extensions></trkpt>
      <trkpt lon="-109.60685937649860" lat="-82.40219403277541"><ele>521213.58863280061632</ele><time>2023-01-20T10:11:21.400Z</time><hdop>1.33450602355723</hdop><vdop>3.21103618151613</vdop><pdop>3.47730638367059</pdop><extensions><gpxtpx:TrackPointExtension><gpxtpx:speed>7673.35312945765054</gpxtpx:speed><gpxtpx:course>0.00000000000000</gpxtpx:course></gpxtpx:TrackPointExtension></extensions></trkpt>
      <trkpt lon="-109.65242701743573" lat="-82.40018274693280"><ele>521213.66974666342139</ele><time>2023-01-20T10:11:21.500Z</time><hdop>1.33429427617362</hdop><vdop>3.21093569343023</vdop><pdop>3.47713233035125</pdop><extensions><gpxtpx:TrackPointExtension><gpxtpx:speed>7673.41134116764169</gpxtpx:speed><gpxtpx:course>0.00000000000000</gpxtpx:course></gpxtpx:TrackPointExtension></extensions></trkpt>
      <trkpt lon="-109.69798168869102" lat="-82.39816571290321"><ele>521216.05510632693768</ele><time>2023-01-20T10:11:21.600Z</time><hdop>1.33408256709094</hdop><vdop>3.21083490510163</vdop><pdop>3.47695802155202</pdop><extensions><gpxtpx:TrackPointExtension><gpxtpx:speed>7673.47984210173490</gpxtpx:speed><gpxtpx:course>0.00000000000000</gpxtpx:course></gpxtpx:TrackPointExtension></extensions></trkpt>
      <trkpt lon="-109.74351684230751" lat="-82.39614572082519"><ele>521217.59337679855525</ele><time>2023-01-20T10:11:21.700Z</time><hdop>1.33387095883659</hdop><vdop>3.21073423341943</vdop><pdop>3.47678386623027</pdop><extensions><gpxtpx:TrackPointExtension><gpxtpx:speed>7673.52323892651657</gpxtpx:speed><gpxtpx:course>0.00000000000000</gpxtpx:course></gpxtpx:TrackPointExtension></extensions></trkpt>
      <trkpt lon="-109.78894134165523" lat="-82.39410650985397"><ele>521212.23320221155882</ele><time>2023-01-20T10:11:21.800Z</time><hdop>1.33366029152842</hdop><vdop>3.21063397813802</vdop><pdop>3.47661046347934</pdop><extensions><gpxtpx:TrackPointExtension><gpxtpx:speed>7673.09418575452310</gpxtpx:speed><gpxtpx:course>0.00000000000000</gpxtpx:course></gpxtpx:TrackPointExtension></extensions></trkpt>
      <trkpt lon="-109.83440190833437" lat="-82.39207407687213"><ele>521214.56831054948270</ele><time>2023-01-20T10:11:21.900Z</time><hdop>1.33344910206021</hdop><vdop>3.21053307589202</vdop><pdop>3.47643626997272</pdop><extensions><gpxtpx:TrackPointExtension><gpxtpx:speed>7673.92083155659202</gpxtpx:speed><gpxtpx:course>0.00000000000000</gpxtpx:course></gpxtpx:TrackPointExtension></extensions></trkpt>
      <trkpt lon="-109.87990800050029" lat="-82.39003850349579"><ele>521221.53837514854968</ele><time>2023-01-20T10:11:22.000Z</time><hdop>1.33323757556628</hdop><vdop>3.21043172255051</vdop><pdop>3.47626153763788</pdop><extensions><gpxtpx:TrackPointExtension><gpxtpx:speed>7673.49006074165209</gpxtpx:speed><gpxtpx:course>0.00000000000000</gpxtpx:course></gpxtpx:TrackPointExtension></extensions></trkpt>
      <trkpt lon="-109.92531934535951" lat="-82.38799576821647"><ele>521222.59157380368561</ele><time>2023-01-20T10:11:22.100Z</time><hdop>1.33302672354653</hdop><vdop>3.21033092433953</vdop><pdop>3.47608758368657</pdop><extensions><gpxtpx:TrackPointExtension><gpxtpx:speed>7673.70337665348507</gpxtpx:speed><gpxtpx:course>0.00000000000000</gpxtpx:course></gpxtpx:TrackPointExtension></extensions></trkpt>
      <trkpt lon="-109.97073542489655" lat="-82.38594816897938"><ele>521223.11307192780077</ele><time>2023-01-20T10:11:22.200Z</time><hdop>1.33281587210620</hdop><vdop>3.21023017811957</vdop><pdop>3.47591368498239</pdop><extensions><gpxtpx:TrackPointExtension><gpxtpx:speed>7673.68385096209568</gpxtpx:speed><gpxtpx:course>0.00000000000000</gpxtpx:course></gpxtpx:TrackPointExtension></extensions></trkpt>
      <trkpt lon="-110.01606779195546" lat="-82.38388682834417"><ele>521216.41180575545877</ele><time>2023-01-20T10:11:22.300Z</time><hdop>1.33260572810112</hdop><vdop>3.21013001852133</vdop><pdop>3.47574060631395</pdop><extensions><gpxtpx:TrackPointExtension><gpxtpx:speed>7673.67166644942699</gpxtpx:speed><gpxtpx:course>0.00000000000000</gpxtpx:course></gpxtpx:TrackPointExtension></extensions></trkpt>
      <trkpt lon="-110.06137619912307" lat="-82.38183878337965"><ele>521217.96959633566439</ele><time>2023-01-20T10:11:22.400Z</time><hdop>1.33239522814132</hdop><vdop>3.21002916479513</vdop><pdop>3.47556675706410</pdop><extensions><gpxtpx:TrackPointExtension><gpxtpx:speed>7673.56786496564200</gpxtpx:speed><gpxtpx:course>0.00000000000000</gpxtpx:course></gpxtpx:TrackPointExtension></extensions></trkpt>
      <trkpt lon="-110.10670749240870" lat="-82.37976860244235"><ele>521218.71565220598131</ele><time>2023-01-20T10:11:22.500Z</time><hdop>1.33218495680121</hdop><vdop>3.20992817032477</vdop><pdop>3.47539287243499</pdop><extensions><gpxtpx:TrackPointExtension><gpxtpx:speed>7673.29741872039631</gpxtpx:speed><gpxtpx:course>0.00000000000000</gpxtpx:course></gpxtpx:TrackPointExtension></extensions></trkpt>
      <trkpt lon="-110.15199727004803" lat="-82.37770600184953"><ele>521221.74050438031554</ele><time>2023-01-20T10:11:22.600Z</time><hdop>1.33197462866456</hdop><vdop>3.20982704908295</vdop><pdop>3.47521885590400</pdop><extensions><gpxtpx:TrackPointExtension><gpxtpx:speed>7673.48809591005011</gpxtpx:speed><gpxtpx:course>0.00000000000000</gpxtpx:course></gpxtpx:TrackPointExtension></extensions></trkpt>
      <trkpt lon="-110.19720054295082" lat="-82.37562782486783"><ele>521224.51573402807117</ele><time>2023-01-20T10:11:22.700Z</time><hdop>1.33176492804958</hdop><vdop>3.20972565991379</vdop><pdop>3.47504483934983</pdop><extensions><gpxtpx:TrackPointExtension><gpxtpx:speed>7673.37209180725131</gpxtpx:speed><gpxtpx:course>0.00000000000000</gpxtpx:course></gpxtpx:TrackPointExtension></extensions></trkpt>
      <trkpt lon="-110.24258241846900" lat="-82.37356106021971"><ele>521225.54710326623172</ele><time>2023-01-20T10:11:22.800Z</time><hdop>1.33155417990745</hdop><vdop>3.20962504925182</vdop><pdop>3.47487114736846</pdop><extensions><gpxtpx:TrackPointExtension><gpxtpx:speed>7673.52385228991261</gpxtpx:speed><gpxtpx:course>0.00000000000000</gpxtpx:course></gpxtpx:TrackPointExtension></extensions></trkpt>
      <trkpt lon="-110.28771259240519" lat="-82.37147537597566"><ele>521224.40280391369015</ele><time>2023-01-20T10:11:22.900Z</time><hdop>1.33134491272749</hdop><vdop>3.20952406418624</vdop><pdop>3.47469768400590</pdop><extensions><gpxtpx:TrackPointExtension><gpxtpx:speed>7673.28346704951400</gpxtpx:speed><gpxtpx:course>0.00000000000000</gpxtpx:course></gpxtpx:TrackPointExtension></extensions></trkpt>
      <trkpt lon="-110.33303033005267" lat="-82.36939410378417"><ele>521223.60383203066885</ele><time>2023-01-20T10:11:23.000Z</time><hdop>1.33113463141499</hdop><vdop>3.20942349681622</vdop><pdop>3.47452422482106</pdop><extensions><gpxtpx:TrackPointExtension><gpxtpx:speed>7673.43443365641360</gpxtpx:speed><gpxtpx:course>0.00000000000000</gpxtpx:course></gpxtpx:TrackPointExtension></extensions></trkpt>
      <trkpt lon="-110.37813709555125" lat="-82.36730125829702"><ele>521225.03267284668982</ele><time>2023-01-20T10:11:23.100Z</time><hdop>1.33092541409446</hdop><vdop>3.20932224059224</vdop><pdop>3.47435054389198</pdop><extensions><gpxtpx:TrackPointExtension><gpxtpx:speed>7673.23077219510469</gpxtpx:speed><gpxtpx:course>0.00000000000000</gpxtpx:course></gpxtpx:TrackPointExtension></extensions></trkpt>
      <trkpt lon="-110.42333271330780" lat="-82.36520550822544"><ele>521226.13467023242265</ele><time>2023-01-20T10:11:23.200Z</time><hdop>1.33071577384790</hdop><vdop>3.20922120478287</vdop><pdop>3.47417691144185</pdop><extensions><gpxtpx:TrackPointExtension><gpxtpx:speed>7673.71693469149704</gpxtpx:speed><gpxtpx:course>0.00000000000000</gpxtpx:course></gpxtpx:TrackPointExtension></extensions></trkpt>
      <trkpt lon="-110.46840219334139" lat="-82.36310206537877"><ele>521221.28511527553201</ele><time>2023-01-20T10:11:23.300Z</time><hdop>1.33050692006090</hdop><vdop>3.20912062424524</vdop><pdop>3.47400400766696</pdop><extensions><gpxtpx:TrackPointExtension><gpxtpx:speed>7673.48540048788709</gpxtpx:speed><gpxtpx:course>0.00000000000000</gpxtpx:course></gpxtpx:TrackPointExtension></extensions></trkpt>
      <trkpt lon="-110.51353351846717" lat="-82.36100324184454"><ele>521223.52739903796464</ele><time>2023-01-20T10:11:23.400Z</time><hdop>1.33029749142443</hdop><vdop>3.20901947919604</vdop><pdop>3.47383036913862</pdop><extensions><gpxtpx:TrackPointExtension><gpxtpx:speed>7673.40240116740097</gpxtpx:speed><gpxtpx:course>0.00000000000000</gpxtpx:course></gpxtpx:TrackPointExtension></extensions></trkpt>
      <trkpt lon="-110.55855827933480" lat="-82.35888868935814"><ele>521222.63818852603436</ele><time>2023-01-20T10:11:23.500Z</time><hdop>1.33008882823438</hdop><vdop>3.20891837494939</vdop><pdop>3.47365706829009</pdop><extensions><gpxtpx:TrackPointExtension><gpxtpx:speed>7673.64143236241125</gpxtpx:speed><gpxtpx:course>0.00000000000000</gpxtpx:course></gpxtpx:TrackPointExtension></extensions></trkpt>
      <trkpt lon="-110.60360937775258" lat="-82.35678209770957"><ele>521223.60508777759969</ele><time>2023-01-20T10:11:23.600Z</time><hdop>1.32987980905870</hdop><vdop>3.20881731095187</vdop><pdop>3.47348367516048</pdop><extensions><gpxtpx:TrackPointExtension><gpxtpx:speed>7673.30998839728090</gpxtpx:speed><gpxtpx:course>0.00000000000000</gpxtpx:course></gpxtpx:TrackPointExtension></extensions></trkpt>
      <trkpt lon="-110.64871187756833" lat="-82.35466988298239"><ele>521226.52471849787980</ele><time>2023-01-20T10:11:23.700Z</time><hdop>1.32967054836561</hdop><vdop>3.20871609637496</vdop><pdop>3.47331005732668</pdop><extensions><gpxtpx:TrackPointExtension><gpxtpx:speed>7673.50831979376017</gpxtpx:speed><gpxtpx:course>0.00000000000000</gpxtpx:course></gpxtpx:TrackPointExtension></extensions></trkpt>
      <trkpt lon="-110.69372703909515" lat="-82.35254791231907"><ele>521226.67981463018805</ele><time>2023-01-20T10:11:23.800Z</time><hdop>1.32946185284149</hdop><vdop>3.20861499942578</vdop><pdop>3.47313677137840</pdop><extensions><gpxtpx:TrackPointExtension><gpxtpx:speed>7673.77698555194365</gpxtpx:speed><gpxtpx:course>0.00000000000000</gpxtpx:course></gpxtpx:TrackPointExtension></extensions></trkpt>
      <trkpt lon="-110.73868551753010" lat="-82.35041912848229"><ele>521225.35345330927521</ele><time>2023-01-20T10:11:23.900Z</time><hdop>1.32925350231475</hdop><vdop>3.20851396264297</vdop><pdop>3.47296367989804</pdop><extensions><gpxtpx:TrackPointExtension><gpxtpx:speed>7673.06637105805385</gpxtpx:speed><gpxtpx:course>0.00000000000000</gpxtpx:course></gpxtpx:TrackPointExtension></extensions></trkpt>
      <trkpt lon="-110.78366801827454" lat="-82.34828468854433"><ele>521228.54432819038630</ele><time>2023-01-20T10:11:24.000Z</time><hdop>1.32904496714381</hdop><vdop>3.20841243522123</vdop><pdop>3.47279007127879</pdop><extensions><gpxtpx:TrackPointExtension><gpxtpx:speed>7673.38060837288776</gpxtpx:speed><gpxtpx:course>0.00000000000000</gpxtpx:course></gpxtpx:TrackPointExtension></extensions></trkpt>
      <trkpt lon="-110.82859701025767" lat="-82.34615325550251"><ele>521228.91321974433959</ele><time>2023-01-20T10:11:24.100Z</time><hdop>1.32883665108656</hdop><vdop>3.20831129620075</vdop><pdop>3.47261691215721</pdop><extensions><gpxtpx:TrackPointExtension><gpxtpx:speed>7673.65586069530036</gpxtpx:speed><gpxtpx:course>0.00000000000000</gpxtpx:course></gpxtpx:TrackPointExtension></extensions></trkpt>
      <trkpt lon="-110.87344427263572" lat="-82.34401216577257"><ele>521228.68088267650455</ele><time>2023-01-20T10:11:24.200Z</time><hdop>1.32862882840961</hdop><vdop>3.20821002664780</vdop><pdop>3.47244382802149</pdop><extensions><gpxtpx:TrackPointExtension><gpxtpx:speed>7673.59342906904476</gpxtpx:speed><gpxtpx:course>0.00000000000000</gpxtpx:course></gpxtpx:TrackPointExtension></extensions></trkpt>
      <trkpt lon="-110.91822881540330" lat="-82.34185645575648"><ele>521226.33271010220051</ele><time>2023-01-20T10:11:24.300Z</time><hdop>1.32842150581369</hdop><vdop>3.20810875662576</vdop><pdop>3.47227094153771</pdop><extensions><gpxtpx:TrackPointExtension><gpxtpx:speed>7673.59015323744006</gpxtpx:speed><gpxtpx:course>0.00000000000000</gpxtpx:course></gpxtpx:TrackPointExtension></extensions></trkpt>
      <trkpt lon="-110.96317574893537" lat="-82.33972037204464"><ele>521227.47131100390106</ele><time>2023-01-20T10:11:24.400Z</time><hdop>1.32821298196290</hdop><vdop>3.20800774895616</vdop><pdop>3.47209784464919</pdop><extensions><gpxtpx:TrackPointExtension><gpxtpx:speed>7673.59325761215950</gpxtpx:speed><gpxtpx:course>0.00000000000000</gpxtpx:course></gpxtpx:TrackPointExtension></extensions></trkpt>
      <trkpt lon="-111.00803636789246" lat="-82.33756743448245"><ele>521229.69789837114513</ele><time>2023-01-20T10:11:24.500Z</time><hdop>1.32800506345727</hdop><vdop>3.20790629147273</vdop><pdop>3.47192457052835</pdop><extensions><gpxtpx:TrackPointExtension><gpxtpx:speed>7673.80442629860954</gpxtpx:speed><gpxtpx:course>0.00000000000000</gpxtpx:course></gpxtpx:TrackPointExtension></extensions></trkpt>
      <trkpt lon="-111.05288431872309" lat="-82.33540725644713"><ele>521230.25620603282005</ele><time>2023-01-20T10:11:24.600Z</time><hdop>1.32779727681779</hdop><vdop>3.20780498111533</vdop><pdop>3.47175148955006</pdop><extensions><gpxtpx:TrackPointExtension><gpxtpx:speed>7673.61831817919665</gpxtpx:speed><gpxtpx:course>0.00000000000000</gpxtpx:course></gpxtpx:TrackPointExtension></extensions></trkpt>
      <trkpt lon="-111.09767554123553" lat="-82.33324519977378"><ele>521231.79055578447878</ele><time>2023-01-20T10:11:24.700Z</time><hdop>1.32758972415229</hdop><vdop>3.20770352553685</vdop><pdop>3.47157837062859</pdop><extensions><gpxtpx:TrackPointExtension><gpxtpx:speed>7673.51588156466642</gpxtpx:speed><gpxtpx:course>0.00000000000000</gpxtpx:course></gpxtpx:TrackPointExtension></extensions></trkpt>
      <trkpt lon="-111.14248274411466" lat="-82.33107769270521"><ele>521233.05879713222384</ele><time>2023-01-20T10:11:24.800Z</time><hdop>1.32738212837412</hdop><vdop>3.20760213150610</vdop><pdop>3.47140529883352</pdop><extensions><gpxtpx:TrackPointExtension><gpxtpx:speed>7673.52795133258132</gpxtpx:speed><gpxtpx:course>0.00000000000000</gpxtpx:course></gpxtpx:TrackPointExtension></extensions></trkpt>
      <trkpt lon="-111.18716723933365" lat="-82.32890725418380"><ele>521231.96371780615300</ele><time>2023-01-20T10:11:24.900Z</time><hdop>1.32717513856862</hdop><vdop>3.20750085810064</vdop><pdop>3.47123257693157</pdop><extensions><gpxtpx:TrackPointExtension><gpxtpx:speed>7673.94546416016419</gpxtpx:speed><gpxtpx:course>0.00000000000000</gpxtpx:course></gpxtpx:TrackPointExtension></extensions></trkpt>
      <trkpt lon="-111.23183563621770" lat="-82.32672759150974"><ele>521233.46166431624442</ele><time>2023-01-20T10:11:25.000Z</time><hdop>1.32696826855412</hdop><vdop>3.20739919479697</vdop><pdop>3.47105954724689</pdop><extensions><gpxtpx:TrackPointExtension><gpxtpx:speed>7673.42781928046770</gpxtpx:speed><gpxtpx:course>0.00000000000000</gpxtpx:course></gpxtpx:TrackPointExtension></extensions></trkpt>
      <trkpt lon="-111.27651351202014" lat="-82.32454714261456"><ele>521231.73319956008345</ele><time>2023-01-20T10:11:25.100Z</time><hdop>1.32676137441915</hdop><vdop>3.20729801197723</vdop><pdop>3.47088695901835</pdop><extensions><gpxtpx:TrackPointExtension><gpxtpx:speed>7673.23765210106012</gpxtpx:speed><gpxtpx:course>0.00000000000000</gpxtpx:course></gpxtpx:TrackPointExtension></extensions></trkpt>
      <trkpt lon="-111.32117596903916" lat="-82.32236154221529"><ele>521232.60009023733437</ele><time>2023-01-20T10:11:25.200Z</time><hdop>1.32655450944653</hdop><vdop>3.20719649594189</vdop><pdop>3.47071408072098</pdop><extensions><gpxtpx:TrackPointExtension><gpxtpx:speed>7673.52937488284715</gpxtpx:speed><gpxtpx:course>0.00000000000000</gpxtpx:course></gpxtpx:TrackPointExtension></extensions></trkpt>
      <trkpt lon="-111.36581072552269" lat="-82.32017091554100"><ele>521233.73691407870501</ele><time>2023-01-20T10:11:25.300Z</time><hdop>1.32634779909537</hdop><vdop>3.20709491037049</vdop><pdop>3.47054120394636</pdop><extensions><gpxtpx:TrackPointExtension><gpxtpx:speed>7673.51521727517866</gpxtpx:speed><gpxtpx:course>0.00000000000000</gpxtpx:course></gpxtpx:TrackPointExtension></extensions></trkpt>
      <trkpt lon="-111.41043725996229" lat="-82.31797729034872"><ele>521234.71419654879719</ele><time>2023-01-20T10:11:25.400Z</time><hdop>1.32614111958259</hdop><vdop>3.20699338143966</vdop><pdop>3.47036839797240</pdop><extensions><gpxtpx:TrackPointExtension><gpxtpx:speed>7673.65780099404947</gpxtpx:speed><gpxtpx:course>0.00000000000000</gpxtpx:course></gpxtpx:TrackPointExtension></extensions></trkpt>
      <trkpt lon="-111.45504378686654" lat="-82.31578154707935"><ele>521235.31756439805031</ele><time>2023-01-20T10:11:25.500Z</time><hdop>1.32593452207982</hdop><vdop>3.20689191293582</vdop><pdop>3.47019568585061</pdop><extensions><gpxtpx:TrackPointExtension><gpxtpx:speed>7673.13566931848072</gpxtpx:speed><gpxtpx:course>0.00000000000000</gpxtpx:course></gpxtpx:TrackPointExtension></extensions></trkpt>
      <trkpt lon="-111.49956209413517" lat="-82.31357411874592"><ele>521236.58457249496132</ele><time>2023-01-20T10:11:25.600Z</time><hdop>1.32572844269142</hdop><vdop>3.20679013113696</vdop><pdop>3.47002288881765</pdop><extensions><gpxtpx:TrackPointExtension><gpxtpx:speed>7673.35844605312650</gpxtpx:speed><gpxtpx:course>0.00000000000000</gpxtpx:course></gpxtpx:TrackPointExtension></extensions></trkpt>
      <trkpt lon="-111.54406758524165" lat="-82.31135899233423"><ele>521232.96396175399423</ele><time>2023-01-20T10:11:25.700Z</time><hdop>1.32552258681971</hdop><vdop>3.20668886856273</vdop><pdop>3.46985066363573</pdop><extensions><gpxtpx:TrackPointExtension><gpxtpx:speed>7673.15824275683190</gpxtpx:speed><gpxtpx:course>0.00000000000000</gpxtpx:course></gpxtpx:TrackPointExtension></extensions></trkpt>
      <trkpt lon="-111.58856621552738" lat="-82.30914917894917"><ele>521235.04982750676572</ele><time>2023-01-20T10:11:25.800Z</time><hdop>1.32531650847982</hdop><vdop>3.20658709339492</vdop><pdop>3.46967788637159</pdop><extensions><gpxtpx:TrackPointExtension><gpxtpx:speed>7673.62001945205157</gpxtpx:speed><gpxtpx:course>0.00000000000000</gpxtpx:course></gpxtpx:TrackPointExtension></extensions></trkpt>
      <trkpt lon="-111.63313592106236" lat="-82.30694174180891"><ele>521239.10823253914714</ele><time>2023-01-20T10:11:25.900Z</time><hdop>1.32510995845118</hdop><vdop>3.20648533599003</vdop><pdop>3.46950495199323</pdop><extensions><gpxtpx:TrackPointExtension><gpxtpx:speed>7673.50398015359769</gpxtpx:speed><gpxtpx:course>0.00000000000000</gpxtpx:course></gpxtpx:TrackPointExtension></extensions></trkpt>
      <trkpt lon="-111.67758508082932" lat="-82.30472100257232"><ele>521237.82438133191317</ele><time>2023-01-20T10:11:26.000Z</time><hdop>1.32490424455873</hdop><vdop>3.20638388836721</vdop><pdop>3.46933262989160</pdop><extensions><gpxtpx:TrackPointExtension><gpxtpx:speed>7673.31794442940281</gpxtpx:speed><gpxtpx:course>0.00000000000000</gpxtpx:course></gpxtpx:TrackPointExtension></extensions></trkpt>
      <trkpt lon="-111.72197304970275" lat="-82.30248788642481"><ele>521236.45315227378160</ele><time>2023-01-20T10:11:26.100Z</time><hdop>1.32469895225739</hdop><vdop>3.20628223863622</vdop><pdop>3.46916028858655</pdop><extensions><gpxtpx:TrackPointExtension><gpxtpx:speed>7673.52760203688649</gpxtpx:speed><gpxtpx:course>0.00000000000000</gpxtpx:course></gpxtpx:TrackPointExtension></extensions></trkpt>
      <trkpt lon="-111.76678643812726" lat="-82.30029143210135"><ele>521245.71561317704618</ele><time>2023-01-20T10:11:26.200Z</time><hdop>1.32449074508665</hdop><vdop>3.20618071151068</vdop><pdop>3.46898695423942</pdop><extensions><gpxtpx:TrackPointExtension><gpxtpx:speed>7676.26825763857596</gpxtpx:speed><gpxtpx:course>0.00000000000000</gpxtpx:course></gpxtpx:TrackPointExtension></extensions></trkpt>
      <trkpt lon="-111.81213634363345" lat="-82.29817126431129"><ele>521282.41750558093190</ele><time>2023-01-20T10:11:26.300Z</time><hdop>1.32427831184501</hdop><vdop>3.20607811994029</vdop><pdop>3.46881102950030</pdop><extensions><gpxtpx:TrackPointExtension><gpxtpx:speed>7671.88117457985118</gpxtpx:speed><gpxtpx:course>0.00000000000000</gpxtpx:course></gpxtpx:TrackPointExtension></extensions></trkpt>
      <trkpt lon="-111.85806830525340" lat="-82.29622723022463"><ele>521389.63676562253386</ele><time>2023-01-20T10:11:26.400Z</time><hdop>1.32405893759539</hdop><vdop>3.20597125545888</vdop><pdop>3.46862851297957</pdop><extensions><gpxtpx:TrackPointExtension><gpxtpx:speed>7678.42832735510001</gpxtpx:speed><gpxtpx:course>0.00000000000000</gpxtpx:course></gpxtpx:TrackPointExtension></extensions></trkpt>
      <trkpt lon="-111.90144061357771" lat="-82.29409202169774"><ele>521445.59597824979573</ele><time>2023-01-20T10:11:26.500Z</time><hdop>1.32385550694925</hdop><vdop>3.20586317391407</vdop><pdop>3.46845096449961</pdop><extensions><gpxtpx:TrackPointExtension><gpxtpx:speed>7673.68956904060633</gpxtpx:speed><gpxtpx:course>0.00000000000000</gpxtpx:course></gpxtpx:TrackPointExtension></extensions></trkpt>
      <trkpt lon="-111.94532414894857" lat="-82.29196721625806"><ele>521502.99294589459896</ele><time>2023-01-20T10:11:26.600Z</time><hdop>1.32364908481011</hdop><vdop>3.20575608797702</vdop><pdop>3.46827320079033</pdop><extensions><gpxtpx:TrackPointExtension><gpxtpx:speed>7673.49750167174534</gpxtpx:speed><gpxtpx:course>0.00000000000000</gpxtpx:course></gpxtpx:TrackPointExtension></extensions></trkpt>
      <trkpt lon="-131.10963698771499" lat="-80.63168204662179"><ele>521418.42010187171400</ele><time>2023-01-20T10:12:18.100Z</time><hdop>2.84119616062853</hdop><vdop>5.81782803427679</vdop><pdop>6.47452845075124</pdop><extensions><gpxtpx:TrackPointExtension><gpxtpx:speed>7672.89614386157882</gpxtpx:speed><gpxtpx:course>0.00000000000000</gpxtpx:course></gpxtpx:TrackPointExtension></extensions></trkpt>
      <trkpt lon="-131.14137562235015" lat="-80.62746337279687"><ele>521422.17457615770400</ele><time>2023-01-20T10:12:18.200Z</time><hdop>2.84185658364745</hdop><vdop>5.81765613184529</vdop><pdop>6.47466382991561</pdop><extensions><gpxtpx:TrackPointExtension><gpxtpx:speed>7673.26454457111504</gpxtpx:speed><gpxtpx:course>0.00000000000000</gpxtpx:course></gpxtpx:TrackPointExtension></extensions></trkpt>
      <trkpt lon="-131.17155622723504" lat="-80.62343529681871"><ele>521423.70661469828337</ele><time>2023-01-20T10:12:18.300Z</time><hdop>2.84252000151223</hdop><vdop>5.81748391918905</vdop><pdop>6.47480031421976</pdop><extensions><gpxtpx:TrackPointExtension><gpxtpx:speed>7672.89750791247116</gpxtpx:speed><gpxtpx:course>0.00000000000000</gpxtpx:course></gpxtpx:TrackPointExtension></extensions></trkpt>
      <trkpt lon="-131.20166866491527" lat="-80.61941755565236"><ele>521425.21672505699098</ele><time>2023-01-20T10:12:18.400Z</time><hdop>2.84318179627157</hdop><vdop>5.81731203823097</vdop><pdop>6.47493645349489</pdop><extensions><gpxtpx:TrackPointExtension><gpxtpx:speed>7673.53400119520757</gpxtpx:speed><gpxtpx:course>0.00000000000000</gpxtpx:course></gpxtpx:TrackPointExtension></extensions></trkpt>
      <trkpt lon="-131.23178187177655" lat="-80.61538501128420"><ele>521427.57531061396003</ele><time>2023-01-20T10:12:18.500Z</time><hdop>2.84384507066263</hdop><vdop>5.81713948439164</vdop><pdop>6.47507270745282</pdop><extensions><gpxtpx:TrackPointExtension><gpxtpx:speed>7673.75527855926066</gpxtpx:speed><gpxtpx:course>0.00000000000000</gpxtpx:course></gpxtpx:TrackPointExtension></extensions></trkpt>
      <trkpt lon="-131.26183908497461" lat="-80.61135755239589"><ele>521431.07768634799868</ele><time>2023-01-20T10:12:18.600Z</time><hdop>2.84450733913058</hdop><vdop>5.81696683451509</vdop><pdop>6.47520850291450</pdop><extensions><gpxtpx:TrackPointExtension><gpxtpx:speed>7672.66219813630596</gpxtpx:speed><gpxtpx:course>0.00000000000000</gpxtpx:course></gpxtpx:TrackPointExtension></extensions></trkpt>
      <trkpt lon="-131.29192687519790" lat="-80.60731520520476"><ele>521426.64485693071038</ele><time>2023-01-20T10:12:18.700Z</time><hdop>2.84517174891069</hdop><vdop>5.81679542896633</vdop><pdop>6.47534642650438</pdop><extensions><gpxtpx:TrackPointExtension><gpxtpx:speed>7673.01735996859770</gpxtpx:speed><gpxtpx:course>0.00000000000000</gpxtpx:course></gpxtpx:TrackPointExtension></extensions></trkpt>
      <trkpt lon="-131.32201755978195" lat="-80.60327323165909"><ele>521426.89622130151838</ele><time>2023-01-20T10:12:18.800Z</time><hdop>2.84583590424291</hdop><vdop>5.81662277960059</vdop><pdop>6.47548319077785</pdop><extensions><gpxtpx:TrackPointExtension><gpxtpx:speed>7673.25652404840275</gpxtpx:speed><gpxtpx:course>0.00000000000000</gpxtpx:course></gpxtpx:TrackPointExtension></extensions></trkpt>
      <trkpt lon="-131.35207240893129" lat="-80.59922338034595"><ele>521424.54438327159733</ele><time>2023-01-20T10:12:18.900Z</time><hdop>2.84650072131270</hdop><vdop>5.81645055337975</vdop><pdop>6.47562069583645</pdop><extensions><gpxtpx:TrackPointExtension><gpxtpx:speed>7672.92258073482844</gpxtpx:speed><gpxtpx:course>0.00000000000000</gpxtpx:course></gpxtpx:TrackPointExtension></extensions></trkpt>
      <trkpt lon="-131.38205592439621" lat="-80.59517903835093"><ele>521424.51224921271205</ele><time>2023-01-20T10:12:19.000Z</time><hdop>2.84716430307451</hdop><vdop>5.81627801131553</vdop><pdop>6.47575744400717</pdop><extensions><gpxtpx:TrackPointExtension><gpxtpx:speed>7673.26052585539583</gpxtpx:speed><gpxtpx:course>0.00000000000000</gpxtpx:course></gpxtpx:TrackPointExtension></extensions></trkpt>
      <trkpt lon="-131.41200926136892" lat="-80.59113139265236"><ele>521426.33738084882498</ele><time>2023-01-20T10:12:19.100Z</time><hdop>2.84782790156377</hdop><vdop>5.81610493371383</vdop><pdop>6.47589378826548</pdop><extensions><gpxtpx:TrackPointExtension><gpxtpx:speed>7673.35177087747525</gpxtpx:speed><gpxtpx:course>0.00000000000000</gpxtpx:course></gpxtpx:TrackPointExtension></extensions></trkpt>
      <trkpt lon="-131.44189081279228" lat="-80.58708959761672"><ele>521429.85594212263823</ele><time>2023-01-20T10:12:19.200Z</time><hdop>2.84849027968645</hdop><vdop>5.81593169581373</vdop><pdop>6.47602952153857</pdop><extensions><gpxtpx:TrackPointExtension><gpxtpx:speed>7672.88389250729961</gpxtpx:speed><gpxtpx:course>0.00000000000000</gpxtpx:course></gpxtpx:TrackPointExtension></extensions></trkpt>
      <trkpt lon="-131.47180034915766" lat="-80.58304742059450"><ele>521431.16371300723404</ele><time>2023-01-20T10:12:19.300Z</time><hdop>2.84915289078989</hdop><vdop>5.81575870108568</vdop><pdop>6.47616564522173</pdop><extensions><gpxtpx:TrackPointExtension><gpxtpx:speed>7673.18810867154389</gpxtpx:speed><gpxtpx:course>0.00000000000000</gpxtpx:course></gpxtpx:TrackPointExtension></extensions></trkpt>
      <trkpt lon="-131.50173927285431" lat="-80.57898751440933"><ele>521428.51566195022315</ele><time>2023-01-20T10:12:19.400Z</time><hdop>2.84981780927391</hdop><vdop>5.81558597912019</vdop><pdop>6.47630309872802</pdop><extensions><gpxtpx:TrackPointExtension><gpxtpx:speed>7673.71746554319270</gpxtpx:speed><gpxtpx:course>0.00000000000000</gpxtpx:course></gpxtpx:TrackPointExtension></extensions></trkpt>
      <trkpt lon="-131.53162574798844" lat="-80.57493073570625"><ele>521427.88737123180181</ele><time>2023-01-20T10:12:19.500Z</time><hdop>2.85048188082533</hdop><vdop>5.81541289886862</vdop><pdop>6.47643992771036</pdop><extensions><gpxtpx:TrackPointExtension><gpxtpx:speed>7673.15346110169230</gpxtpx:speed><gpxtpx:course>0.00000000000000</gpxtpx:course></gpxtpx:TrackPointExtension></extensions></trkpt>
      <trkpt lon="-131.56148252758834" lat="-80.57086991164775"><ele>521425.81530291121453</ele><time>2023-01-20T10:12:19.600Z</time><hdop>2.85114619218797</hdop><vdop>5.81524001411066</vdop><pdop>6.47657710761956</pdop><extensions><gpxtpx:TrackPointExtension><gpxtpx:speed>7672.90268612542422</gpxtpx:speed><gpxtpx:course>0.00000000000000</gpxtpx:course></gpxtpx:TrackPointExtension></extensions></trkpt>
      <trkpt lon="-131.59126306494383" lat="-80.56681703321904"><ele>521429.08808301109821</ele><time>2023-01-20T10:12:19.700Z</time><hdop>2.85180882428503</hdop><vdop>5.81506620549349</vdop><pdop>6.47671278848633</pdop><extensions><gpxtpx:TrackPointExtension><gpxtpx:speed>7673.56252075780139</gpxtpx:speed><gpxtpx:course>0.00000000000000</gpxtpx:course></gpxtpx:TrackPointExtension></extensions></trkpt>
      <trkpt lon="-131.62102083722101" lat="-80.56276549366709"><ele>521431.58133131824434</ele><time>2023-01-20T10:12:19.800Z</time><hdop>2.85247116731236</hdop><vdop>5.81489251996691</vdop><pdop>6.47684852216844</pdop><extensions><gpxtpx:TrackPointExtension><gpxtpx:speed>7672.51360577865489</gpxtpx:speed><gpxtpx:course>0.00000000000000</gpxtpx:course></gpxtpx:TrackPointExtension></extensions></trkpt>
      <trkpt lon="-131.65081535878295" lat="-80.55867354280493"><ele>521429.27169890236109</ele><time>2023-01-20T10:12:19.900Z</time><hdop>2.85313840144563</hdop><vdop>5.81471881734887</vdop><pdop>6.47698646460178</pdop><extensions><gpxtpx:TrackPointExtension><gpxtpx:speed>7672.85193880765655</gpxtpx:speed><gpxtpx:course>0.00000000000000</gpxtpx:course></gpxtpx:TrackPointExtension></extensions></trkpt>
      <trkpt lon="-131.68057188454185" lat="-80.55460411707280"><ele>521428.94938548374921</ele><time>2023-01-20T10:12:20.000Z</time><hdop>2.85380270421918</hdop><vdop>5.81454510995961</vdop><pdop>6.47712318165742</pdop><extensions><gpxtpx:TrackPointExtension><gpxtpx:speed>7673.27251521995822</gpxtpx:speed><gpxtpx:course>0.00000000000000</gpxtpx:course></gpxtpx:TrackPointExtension></extensions></trkpt>
      <trkpt lon="-131.71030683854522" lat="-80.55053900635693"><ele>521426.15378335118294</ele><time>2023-01-20T10:12:20.100Z</time><hdop>2.85446644416893</hdop><vdop>5.81437198925489</vdop><pdop>6.47726024722786</pdop><extensions><gpxtpx:TrackPointExtension><gpxtpx:speed>7672.92567984963080</gpxtpx:speed><gpxtpx:course>0.00000000000000</gpxtpx:course></gpxtpx:TrackPointExtension></extensions></trkpt>
      <trkpt lon="-131.74000302890050" lat="-80.54645125391575"><ele>521426.69009572733194</ele><time>2023-01-20T10:12:20.200Z</time><hdop>2.85513225355655</hdop><vdop>5.81419760328053</vdop><pdop>6.47739715899002</pdop><extensions><gpxtpx:TrackPointExtension><gpxtpx:speed>7672.90882550878905</gpxtpx:speed><gpxtpx:course>0.00000000000000</gpxtpx:course></gpxtpx:TrackPointExtension></extensions></trkpt>
      <trkpt lon="-131.76968896925138" lat="-80.54237704657120"><ele>521426.64431698527187</ele><time>2023-01-20T10:12:20.300Z</time><hdop>2.85579646212298</hdop><vdop>5.81402353160864</vdop><pdop>6.47753371733202</pdop><extensions><gpxtpx:TrackPointExtension><gpxtpx:speed>7673.00877579617008</gpxtpx:speed><gpxtpx:course>0.00000000000000</gpxtpx:course></gpxtpx:TrackPointExtension></extensions></trkpt>
      <trkpt lon="-131.79929193731959" lat="-80.53831341908692"><ele>521431.95267485175282</ele><time>2023-01-20T10:12:20.400Z</time><hdop>2.85645862663042</hdop><vdop>5.81384858971794</vdop><pdop>6.47766866317016</pdop><extensions><gpxtpx:TrackPointExtension><gpxtpx:speed>7673.66447938877536</gpxtpx:speed><gpxtpx:course>0.00000000000000</gpxtpx:course></gpxtpx:TrackPointExtension></extensions></trkpt>
      <trkpt lon="-131.82890890350669" lat="-80.53423256486221"><ele>521430.78044865746051</ele><time>2023-01-20T10:12:20.500Z</time><hdop>2.85712306493061</hdop><vdop>5.81367458065122</vdop><pdop>6.47780551868213</pdop><extensions><gpxtpx:TrackPointExtension><gpxtpx:speed>7673.73451963327352</gpxtpx:speed><gpxtpx:course>0.00000000000000</gpxtpx:course></gpxtpx:TrackPointExtension></extensions></trkpt>
      <trkpt lon="-131.85848292114053" lat="-80.53015296798696"><ele>521431.78900816477835</ele><time>2023-01-20T10:12:20.600Z</time><hdop>2.85778690842634</hdop><vdop>5.81350009675226</vdop><pdop>6.47794175559734</pdop><extensions><gpxtpx:TrackPointExtension><gpxtpx:speed>7674.00864971718966</gpxtpx:speed><gpxtpx:course>0.00000000000000</gpxtpx:course></gpxtpx:TrackPointExtension></extensions></trkpt>
      <trkpt lon="-131.88807353772862" lat="-80.52606255617155"><ele>521429.71763254795223</ele><time>2023-01-20T10:12:20.700Z</time><hdop>2.85845217064110</hdop><vdop>5.81332587585315</vdop><pdop>6.47807892439623</pdop><extensions><gpxtpx:TrackPointExtension><gpxtpx:speed>7672.03798685854872</gpxtpx:speed><gpxtpx:course>0.00000000000000</gpxtpx:course></gpxtpx:TrackPointExtension></extensions></trkpt>
      <trkpt lon="-131.91761727058491" lat="-80.52197601585384"><ele>521430.25909132976085</ele><time>2023-01-20T10:12:20.800Z</time><hdop>2.85911649159685</hdop><vdop>5.81315115769433</vdop><pdop>6.47821530166481</pdop><extensions><gpxtpx:TrackPointExtension><gpxtpx:speed>7672.94532974201957</gpxtpx:speed><gpxtpx:course>0.00000000000000</gpxtpx:course></gpxtpx:TrackPointExtension></extensions></trkpt>
      <trkpt lon="-131.94715655813042" lat="-80.51787904019217"><ele>521429.88191780634224</ele><time>2023-01-20T10:12:20.900Z</time><hdop>2.85978193423252</hdop><vdop>5.81297628828449</vdop><pdop>6.47835210833129</pdop><extensions><gpxtpx:TrackPointExtension><gpxtpx:speed>7672.94857340325052</gpxtpx:speed><gpxtpx:course>0.00000000000000</gpxtpx:course></gpxtpx:TrackPointExtension></extensions></trkpt>
      <trkpt lon="-131.97663990491776" lat="-80.51378588154755"><ele>521430.73864608630538</ele><time>2023-01-20T10:12:21.000Z</time><hdop>2.86044643060855</hdop><vdop>5.81280126276618</vdop><pdop>6.47848842731059</pdop><extensions><gpxtpx:TrackPointExtension><gpxtpx:speed>7672.87151743937102</gpxtpx:speed><gpxtpx:course>0.00000000000000</gpxtpx:course></gpxtpx:TrackPointExtension></extensions></trkpt>
      <trkpt lon="-132.00609530984309" lat="-80.50969623420060"><ele>521431.92488175351173</ele><time>2023-01-20T10:12:21.100Z</time><hdop>2.86111034001730</hdop><vdop>5.81262619968361</vdop><pdop>6.47862452338475</pdop><extensions><gpxtpx:TrackPointExtension><gpxtpx:speed>7673.18422788256885</gpxtpx:speed><gpxtpx:course>0.00000000000000</gpxtpx:course></gpxtpx:TrackPointExtension></extensions></trkpt>
      <trkpt lon="-132.03553439344373" lat="-80.50560212187509"><ele>521432.34048254322261</ele><time>2023-01-20T10:12:21.200Z</time><hdop>2.86177461750088</hdop><vdop>5.81245111499710</vdop><pdop>6.47876083256693</pdop><extensions><gpxtpx:TrackPointExtension><gpxtpx:speed>7673.34578947572845</gpxtpx:speed><gpxtpx:course>0.00000000000000</gpxtpx:course></gpxtpx:TrackPointExtension></extensions></trkpt>
      <trkpt lon="-132.06496889970117" lat="-80.50149518769021"><ele>521431.47662396635860</ele><time>2023-01-20T10:12:21.300Z</time><hdop>2.86244029302739</hdop><vdop>5.81227592196932</vdop><pdop>6.47889773219574</pdop><extensions><gpxtpx:TrackPointExtension><gpxtpx:speed>7672.63297208119639</gpxtpx:speed><gpxtpx:course>0.00000000000000</gpxtpx:course></gpxtpx:TrackPointExtension></extensions></trkpt>
      <trkpt lon="-132.09434987952713" lat="-80.49739505975694"><ele>521431.22878356743604</ele><time>2023-01-20T10:12:21.400Z</time><hdop>2.86310477866307</hdop><vdop>5.81210077221003</vdop><pdop>6.47903421506074</pdop><extensions><gpxtpx:TrackPointExtension><gpxtpx:speed>7673.61868961479922</gpxtpx:speed><gpxtpx:course>0.00000000000000</gpxtpx:course></gpxtpx:TrackPointExtension></extensions></trkpt>
      <trkpt lon="-132.12370297761902" lat="-80.49329612547925"><ele>521432.99268209561706</ele><time>2023-01-20T10:12:21.500Z</time><hdop>2.86376877725583</hdop><vdop>5.81192513205526</vdop><pdop>6.47917011276914</pdop><extensions><gpxtpx:TrackPointExtension><gpxtpx:speed>7672.46817351400750</gpxtpx:speed><gpxtpx:course>0.00000000000000</gpxtpx:course></gpxtpx:TrackPointExtension></extensions></trkpt>
      <trkpt lon="-132.15306554139102" lat="-80.48918472483923"><ele>521432.45969417784363</ele><time>2023-01-20T10:12:21.600Z</time><hdop>2.86443429684586</hdop><vdop>5.81174956470914</vdop><pdop>6.47930681815916</pdop><extensions><gpxtpx:TrackPointExtension><gpxtpx:speed>7673.35829066272527</gpxtpx:speed><gpxtpx:course>0.00000000000000</gpxtpx:course></gpxtpx:TrackPointExtension></extensions></trkpt>
      <trkpt lon="-132.18239486794965" lat="-80.48507891034136"><ele>521433.36718843970448</ele><time>2023-01-20T10:12:21.700Z</time><hdop>2.86509883387630</hdop><vdop>5.81157375667464</vdop><pdop>6.47944294342876</pdop><extensions><gpxtpx:TrackPointExtension><gpxtpx:speed>7673.01198625304005</gpxtpx:speed><gpxtpx:course>0.00000000000000</gpxtpx:course></gpxtpx:TrackPointExtension></extensions></trkpt>
      <trkpt lon="-132.21167450163884" lat="-80.48097551473523"><ele>521437.26079173665494</ele><time>2023-01-20T10:12:21.800Z</time><hdop>2.86576257516550</hdop><vdop>5.81139733674980</vdop><pdop>6.47957823803385</pdop><extensions><gpxtpx:TrackPointExtension><gpxtpx:speed>7672.15715936383458</gpxtpx:speed><gpxtpx:course>0.00000000000000</gpxtpx:course></gpxtpx:TrackPointExtension></extensions></trkpt>
      <trkpt lon="-132.24094812088637" lat="-80.47684419236323"><ele>521431.49735771305859</ele><time>2023-01-20T10:12:21.900Z</time><hdop>2.86642986715102</hdop><vdop>5.81122243608421</vdop><pdop>6.47971653584815</pdop><extensions><gpxtpx:TrackPointExtension><gpxtpx:speed>7672.87612437577991</gpxtpx:speed><gpxtpx:course>0.00000000000000</gpxtpx:course></gpxtpx:TrackPointExtension></extensions></trkpt>
      <trkpt lon="-132.27018333824711" lat="-80.47271508182470"><ele>521427.73009494692087</ele><time>2023-01-20T10:12:22.000Z</time><hdop>2.86709641815917</hdop><vdop>5.81104708082566</vdop><pdop>6.47985416862090</pdop><extensions><gpxtpx:TrackPointExtension><gpxtpx:speed>7672.54651453670886</gpxtpx:speed><gpxtpx:course>0.00000000000000</gpxtpx:course></gpxtpx:TrackPointExtension></extensions></trkpt>
      <trkpt lon="-132.29939217142334" lat="-80.46861569324948"><ele>521433.90445026569068</ele><time>2023-01-20T10:12:22.100Z</time><hdop>2.86775897931257</hdop><vdop>5.81087002527975</vdop><pdop>6.47998858132655</pdop><extensions><gpxtpx:TrackPointExtension><gpxtpx:speed>7674.21454294811974</gpxtpx:speed><gpxtpx:course>0.00000000000000</gpxtpx:course></gpxtpx:TrackPointExtension></extensions></trkpt>
      <trkpt lon="-132.32858413730077" lat="-80.46450270892761"><ele>521437.24264737218618</ele><time>2023-01-20T10:12:22.200Z</time><hdop>2.86842305634209</hdop><vdop>5.81069325231956</vdop><pdop>6.48012398822021</pdop><extensions><gpxtpx:TrackPointExtension><gpxtpx:speed>7673.23939644151324</gpxtpx:speed><gpxtpx:course>0.00000000000000</gpxtpx:course></gpxtpx:TrackPointExtension></extensions></trkpt>
      <trkpt lon="-132.35779904470425" lat="-80.46038186375894"><ele>521439.49703214503825</ele><time>2023-01-20T10:12:22.300Z</time><hdop>2.86908806039306</hdop><vdop>5.81051628942639</vdop><pdop>6.48025970528801</pdop><extensions><gpxtpx:TrackPointExtension><gpxtpx:speed>7673.99017672919217</gpxtpx:speed><gpxtpx:course>0.00000000000000</gpxtpx:course></gpxtpx:TrackPointExtension></extensions></trkpt>
      <trkpt lon="-132.38693704255050" lat="-80.45625276829325"><ele>521436.91986369714141</ele><time>2023-01-20T10:12:22.400Z</time><hdop>2.86975380844386</hdop><vdop>5.81034043716402</vdop><pdop>6.48039681785162</pdop><extensions><gpxtpx:TrackPointExtension><gpxtpx:speed>7673.62695453115157</gpxtpx:speed><gpxtpx:course>0.00000000000000</gpxtpx:course></gpxtpx:TrackPointExtension></extensions></trkpt>
      <trkpt lon="-132.41604812943768" lat="-80.45211478326921"><ele>521433.58533250540495</ele><time>2023-01-20T10:12:22.500Z</time><hdop>2.87042027980942</hdop><vdop>5.81016449514993</vdop><pdop>6.48053424058866</pdop><extensions><gpxtpx:TrackPointExtension><gpxtpx:speed>7673.25143330135415</gpxtpx:speed><gpxtpx:course>0.00000000000000</gpxtpx:course></gpxtpx:TrackPointExtension></extensions></trkpt>
      <trkpt lon="-132.44513457842837" lat="-80.44797339834663"><ele>521432.39247638639063</ele><time>2023-01-20T10:12:22.600Z</time><hdop>2.87108683750781</hdop><vdop>5.80998792133826</vdop><pdop>6.48067120556251</pdop><extensions><gpxtpx:TrackPointExtension><gpxtpx:speed>7673.07484505565935</gpxtpx:speed><gpxtpx:course>0.00000000000000</gpxtpx:course></gpxtpx:TrackPointExtension></extensions></trkpt>
      <trkpt lon="-132.47421130844737" lat="-80.44384187204892"><ele>521433.21658767852932</ele><time>2023-01-20T10:12:22.700Z</time><hdop>2.87175199935627</hdop><vdop>5.80981097098075</vdop><pdop>6.48080728492485</pdop><extensions><gpxtpx:TrackPointExtension><gpxtpx:speed>7672.36872024425247</gpxtpx:speed><gpxtpx:course>0.00000000000000</gpxtpx:course></gpxtpx:TrackPointExtension></extensions></trkpt>
      <trkpt lon="-132.50323834202484" lat="-80.43971788581534"><ele>521436.86245342902839</ele><time>2023-01-20T10:12:22.800Z</time><hdop>2.87241588081505</hdop><vdop>5.80963357545310</vdop><pdop>6.48094246798955</pdop><extensions><gpxtpx:TrackPointExtension><gpxtpx:speed>7672.29764639605673</gpxtpx:speed><gpxtpx:course>0.00000000000000</gpxtpx:course></gpxtpx:TrackPointExtension></extensions></trkpt>
      <trkpt lon="-132.53225928824855" lat="-80.43559032557739"><ele>521439.96685007121414</ele><time>2023-01-20T10:12:22.900Z</time><hdop>2.87308010202242</hdop><vdop>5.80945609784903</vdop><pdop>6.48107779813454</pdop><extensions><gpxtpx:TrackPointExtension><gpxtpx:speed>7673.21545033832990</gpxtpx:speed><gpxtpx:course>0.00000000000000</gpxtpx:course></gpxtpx:TrackPointExtension></extensions></trkpt>
      <trkpt lon="-132.56129863817611" lat="-80.43144559667776"><ele>521437.45930138695985</ele><time>2023-01-20T10:12:23.000Z</time><hdop>2.87374650386368</hdop><vdop>5.80927931399321</vdop><pdop>6.48121478709494</pdop><extensions><gpxtpx:TrackPointExtension><gpxtpx:speed>7673.52293226059192</gpxtpx:speed><gpxtpx:course>0.00000000000000</gpxtpx:course></gpxtpx:TrackPointExtension></extensions></trkpt>
      <trkpt lon="-132.59023639413167" lat="-80.42731653884182"><ele>521440.05333851184696</ele><time>2023-01-20T10:12:23.100Z</time><hdop>2.87441021683508</hdop><vdop>5.80910191118124</vdop><pdop>6.48135009925675</pdop><extensions><gpxtpx:TrackPointExtension><gpxtpx:speed>7672.81063349023680</gpxtpx:speed><gpxtpx:course>0.00000000000000</gpxtpx:course></gpxtpx:TrackPointExtension></extensions></trkpt>
      <trkpt lon="-132.61920659546684" lat="-80.42315530723609"><ele>521436.02242133859545</ele><time>2023-01-20T10:12:23.200Z</time><hdop>2.87507807733211</hdop><vdop>5.80892507757325</vdop><pdop>6.48148783132507</pdop><extensions><gpxtpx:TrackPointExtension><gpxtpx:speed>7673.44675879764236</gpxtpx:speed><gpxtpx:course>0.00000000000000</gpxtpx:course></gpxtpx:TrackPointExtension></extensions></trkpt>
      <trkpt lon="-132.64810786067977" lat="-80.41900126722413"><ele>521436.60360790416598</ele><time>2023-01-20T10:12:23.300Z</time><hdop>2.87574433947753</hdop><vdop>5.80874743976893</vdop><pdop>6.48162420424535</pdop><extensions><gpxtpx:TrackPointExtension><gpxtpx:speed>7673.83050930787795</gpxtpx:speed><gpxtpx:course>0.00000000000000</gpxtpx:course></gpxtpx:TrackPointExtension></extensions></trkpt>
      <trkpt lon="-132.67703569777547" lat="-80.41485516870169"><ele>521437.73255520500243</ele><time>2023-01-20T10:12:23.400Z</time><hdop>2.87640980813712</hdop><vdop>5.80856958357669</vdop><pdop>6.48176009981854</pdop><extensions><gpxtpx:TrackPointExtension><gpxtpx:speed>7672.65576697088454</gpxtpx:speed><gpxtpx:course>0.00000000000000</gpxtpx:course></gpxtpx:TrackPointExtension></extensions></trkpt>
      <trkpt lon="-132.70592696931172" lat="-80.41070121755590"><ele>521438.95664126891643</ele><time>2023-01-20T10:12:23.500Z</time><hdop>2.87707582380070</hdop><vdop>5.80839152247908</vdop><pdop>6.48189612492404</pdop><extensions><gpxtpx:TrackPointExtension><gpxtpx:speed>7673.69784197224089</gpxtpx:speed><gpxtpx:course>0.00000000000000</gpxtpx:course></gpxtpx:TrackPointExtension></extensions></trkpt>
      <trkpt lon="-132.73480724870149" lat="-80.40653635220863"><ele>521433.95788710936904</ele><time>2023-01-20T10:12:23.600Z</time><hdop>2.87774326473931</hdop><vdop>5.80821454207595</vdop><pdop>6.48203382161301</pdop><extensions><gpxtpx:TrackPointExtension><gpxtpx:speed>7673.12583230144446</gpxtpx:speed><gpxtpx:course>0.00000000000000</gpxtpx:course></gpxtpx:TrackPointExtension></extensions></trkpt>
      <trkpt lon="-132.76358568657147" lat="-80.40239157892840"><ele>521436.19627042952925</ele><time>2023-01-20T10:12:23.700Z</time><hdop>2.87840743616511</hdop><vdop>5.80803656366623</vdop><pdop>6.48216924288887</pdop><extensions><gpxtpx:TrackPointExtension><gpxtpx:speed>7673.46387486345247</gpxtpx:speed><gpxtpx:course>0.00000000000000</gpxtpx:course></gpxtpx:TrackPointExtension></extensions></trkpt>
      <trkpt lon="-132.79235987579372" lat="-80.39824982908345"><ele>521441.47957917395979</ele><time>2023-01-20T10:12:23.800Z</time><hdop>2.87907102443828</hdop><vdop>5.80785780721952</vdop><pdop>6.48230377818263</pdop><extensions><gpxtpx:TrackPointExtension><gpxtpx:speed>7672.97563720210746</gpxtpx:speed><gpxtpx:course>0.00000000000000</gpxtpx:course></gpxtpx:TrackPointExtension></extensions></trkpt>
      <trkpt lon="-132.82114868999298" lat="-80.39408640183791"><ele>521440.94267284683883</ele><time>2023-01-20T10:12:23.900Z</time><hdop>2.87973729988686</hdop><vdop>5.80767970881165</vdop><pdop>6.48244016682778</pdop><extensions><gpxtpx:TrackPointExtension><gpxtpx:speed>7672.88594858464421</gpxtpx:speed><gpxtpx:course>0.00000000000000</gpxtpx:course></gpxtpx:TrackPointExtension></extensions></trkpt>
      <trkpt lon="-132.84993404408269" lat="-80.38991845110205"><ele>521439.39083142019808</ele><time>2023-01-20T10:12:24.000Z</time><hdop>2.88040412431905</hdop><vdop>5.80750161172475</vdop><pdop>6.48257687108913</pdop><extensions><gpxtpx:TrackPointExtension><gpxtpx:speed>7672.42457555687815</gpxtpx:speed><gpxtpx:course>0.00000000000000</gpxtpx:course></gpxtpx:TrackPointExtension></extensions></trkpt>
      <trkpt lon="-132.87866508053000" lat="-80.38573376889464"><ele>521435.24871494527906</ele><time>2023-01-20T10:12:24.100Z</time><hdop>2.88107251512512</hdop><vdop>5.80732380108665</vdop><pdop>6.48271459869065</pdop><extensions><gpxtpx:TrackPointExtension><gpxtpx:speed>7673.85711408333827</gpxtpx:speed><gpxtpx:course>0.00000000000000</gpxtpx:course></gpxtpx:TrackPointExtension></extensions></trkpt>
      <trkpt lon="-132.90738700098223" lat="-80.38157021732739"><ele>521436.12702722940594</ele><time>2023-01-20T10:12:24.200Z</time><hdop>2.88173818539800</hdop><vdop>5.80714515817812</vdop><pdop>6.48285044230796</pdop><extensions><gpxtpx:TrackPointExtension><gpxtpx:speed>7671.70914207689839</gpxtpx:speed><gpxtpx:course>0.00000000000000</gpxtpx:course></gpxtpx:TrackPointExtension></extensions></trkpt>
      <trkpt lon="-132.93604623749857" lat="-80.37742078865206"><ele>521442.70123463962227</ele><time>2023-01-20T10:12:24.300Z</time><hdop>2.88240145456454</hdop><vdop>5.80696560021397</vdop><pdop>6.48298446915803</pdop><extensions><gpxtpx:TrackPointExtension><gpxtpx:speed>7672.22458380074477</gpxtpx:speed><gpxtpx:course>0.00000000000000</gpxtpx:course></gpxtpx:TrackPointExtension></extensions></trkpt>
      <trkpt lon="-132.96470739844236" lat="-80.37323254753882"><ele>521439.81209141388535</ele><time>2023-01-20T10:12:24.400Z</time><hdop>2.88306961794049</hdop><vdop>5.80678721695945</vdop><pdop>6.48312179470163</pdop><extensions><gpxtpx:TrackPointExtension><gpxtpx:speed>7673.97973953195924</gpxtpx:speed><gpxtpx:course>0.00000000000000</gpxtpx:course></gpxtpx:TrackPointExtension></extensions></trkpt>
      <trkpt lon="-132.99335009629232" lat="-80.36906346761870"><ele>521442.49910463020205</ele><time>2023-01-20T10:12:24.500Z</time><hdop>2.88373512615264</hdop><vdop>5.80660787420799</vdop><pdop>6.48325715073996</pdop><extensions><gpxtpx:TrackPointExtension><gpxtpx:speed>7673.69023361732525</gpxtpx:speed><gpxtpx:course>0.00000000000000</gpxtpx:course></gpxtpx:TrackPointExtension></extensions></trkpt>
      <trkpt lon="-133.02194141903865" lat="-80.36489083618551"><ele>521443.63684837520123</ele><time>2023-01-20T10:12:24.600Z</time><hdop>2.88440073712998</hdop><vdop>5.80642886652383</vdop><pdop>6.48339292302704</pdop><extensions><gpxtpx:TrackPointExtension><gpxtpx:speed>7673.14611021110341</gpxtpx:speed><gpxtpx:course>0.00000000000000</gpxtpx:course></gpxtpx:TrackPointExtension></extensions></trkpt>
      <trkpt lon="-133.05053048606791" lat="-80.36071950669908"><ele>521442.86460482142866</ele><time>2023-01-20T10:12:24.700Z</time><hdop>2.88506616663192</hdop><vdop>5.80625016383316</vdop><pdop>6.48352895812587</pdop><extensions><gpxtpx:TrackPointExtension><gpxtpx:speed>7673.12436847706431</gpxtpx:speed><gpxtpx:course>0.00000000000000</gpxtpx:course></gpxtpx:TrackPointExtension></extensions></trkpt>
      <trkpt lon="-133.07910816128842" lat="-80.35651148372760"><ele>521436.70349705126137</ele><time>2023-01-20T10:12:24.800Z</time><hdop>2.88573595324716</hdop><vdop>5.80607179347919</vdop><pdop>6.48366730044794</pdop><extensions><gpxtpx:TrackPointExtension><gpxtpx:speed>7674.46998976488157</gpxtpx:speed><gpxtpx:course>0.00000000000000</gpxtpx:course></gpxtpx:TrackPointExtension></extensions></trkpt>
      <trkpt lon="-133.10764838195405" lat="-80.35232977084111"><ele>521437.59462622832507</ele><time>2023-01-20T10:12:24.900Z</time><hdop>2.88640211475452</hdop><vdop>5.80589236726666</vdop><pdop>6.48380315465735</pdop><extensions><gpxtpx:TrackPointExtension><gpxtpx:speed>7673.35166085767833</gpxtpx:speed><gpxtpx:course>0.00000000000000</gpxtpx:course></gpxtpx:TrackPointExtension></extensions></trkpt>
      <trkpt lon="-133.13615879366353" lat="-80.34814321487093"><ele>521438.39368376787752</ele><time>2023-01-20T10:12:25.000Z</time><hdop>2.88706852845749</hdop><vdop>5.80571280825539</vdop><pdop>6.48393907281295</pdop><extensions><gpxtpx:TrackPointExtension><gpxtpx:speed>7672.77054361437695</gpxtpx:speed><gpxtpx:course>0.00000000000000</gpxtpx:course></gpxtpx:TrackPointExtension></extensions></trkpt>
      <trkpt lon="-133.16459637838031" lat="-80.34398307880986"><ele>521444.36991155799478</ele><time>2023-01-20T10:12:25.100Z</time><hdop>2.88773121279261</hdop><vdop>5.80553276030235</vdop><pdop>6.48407296290538</pdop><extensions><gpxtpx:TrackPointExtension><gpxtpx:speed>7673.82366500658645</gpxtpx:speed><gpxtpx:course>0.00000000000000</gpxtpx:course></gpxtpx:TrackPointExtension></extensions></trkpt>
      <trkpt lon="-133.19308671604944" lat="-80.33977932545365"><ele>521442.95270433090627</ele><time>2023-01-20T10:12:25.200Z</time><hdop>2.88839952631191</hdop><vdop>5.80535311223674</vdop><pdop>6.48420978850590</pdop><extensions><gpxtpx:TrackPointExtension><gpxtpx:speed>7673.55852692715689</gpxtpx:speed><gpxtpx:course>0.00000000000000</gpxtpx:course></gpxtpx:TrackPointExtension></extensions></trkpt>
      <trkpt lon="-133.22156369684257" lat="-80.33558425776626"><ele>521444.09891519043595</ele><time>2023-01-20T10:12:25.300Z</time><hdop>2.88906648702095</hdop><vdop>5.80517295743697</vdop><pdop>6.48434562868028</pdop><extensions><gpxtpx:TrackPointExtension><gpxtpx:speed>7673.31214861442095</gpxtpx:speed><gpxtpx:course>0.00000000000000</gpxtpx:course></gpxtpx:TrackPointExtension></extensions></trkpt>
      <trkpt lon="-133.24997135045786" lat="-80.33138249480834"><ele>521443.51873594429344</ele><time>2023-01-20T10:12:25.400Z</time><hdop>2.88973379372294</hdop><vdop>5.80499314870306</vdop><pdop>6.48448200360474</pdop><extensions><gpxtpx:TrackPointExtension><gpxtpx:speed>7672.93361339975036</gpxtpx:speed><gpxtpx:course>0.00000000000000</gpxtpx:course></gpxtpx:TrackPointExtension></extensions></trkpt>
      <trkpt lon="-133.27836035127993" lat="-80.32717138111762"><ele>521440.31616692058742</ele><time>2023-01-20T10:12:25.500Z</time><hdop>2.89040221192987</hdop><vdop>5.80481366840626</vdop><pdop>6.48461923875606</pdop><extensions><gpxtpx:TrackPointExtension><gpxtpx:speed>7673.38033995191927</gpxtpx:speed><gpxtpx:course>0.00000000000000</gpxtpx:course></gpxtpx:TrackPointExtension></extensions></trkpt>
      <trkpt lon="-133.30677575648045" lat="-80.32295472402095"><ele>521438.99842038657516</ele><time>2023-01-20T10:12:25.600Z</time><hdop>2.89107114780656</hdop><vdop>5.80463336912636</vdop><pdop>6.48475604257052</pdop><extensions><gpxtpx:TrackPointExtension><gpxtpx:speed>7673.09994783325146</gpxtpx:speed><gpxtpx:course>0.00000000000000</gpxtpx:course></gpxtpx:TrackPointExtension></extensions></trkpt>
      <trkpt lon="-133.33506297218742" lat="-80.31877545816502"><ele>521440.53848207648844</ele><time>2023-01-20T10:12:25.700Z</time><hdop>2.89173494298377</hdop><vdop>5.80445356815200</vdop><pdop>6.48489107119818</pdop><extensions><gpxtpx:TrackPointExtension><gpxtpx:speed>7673.88579036507872</gpxtpx:speed><gpxtpx:course>0.00000000000000</gpxtpx:course></gpxtpx:TrackPointExtension></extensions></trkpt>
      <trkpt lon="-133.36336111973313" lat="-80.31459319797425"><ele>521443.14318628516048</ele><time>2023-01-20T10:12:25.800Z</time><hdop>2.89239899315980</hdop><vdop>5.80427325962706</vdop><pdop>6.48502582940527</pdop><extensions><gpxtpx:TrackPointExtension><gpxtpx:speed>7672.30692563333650</gpxtpx:speed><gpxtpx:course>0.00000000000000</gpxtpx:course></gpxtpx:TrackPointExtension></extensions></trkpt>
      <trkpt lon="-133.39165453238024" lat="-80.31038113747849"><ele>521443.47311809659004</ele><time>2023-01-20T10:12:25.900Z</time><hdop>2.89306646310084</hdop><vdop>5.80409268212476</vdop><pdop>6.48516194266673</pdop><extensions><gpxtpx:TrackPointExtension><gpxtpx:speed>7672.99481513493629</gpxtpx:speed><gpxtpx:course>0.00000000000000</gpxtpx:course></gpxtpx:TrackPointExtension></extensions></trkpt>
      <trkpt lon="-133.41990367534095" lat="-80.30618369564156"><ele>521445.92957598716021</ele><time>2023-01-20T10:12:26.000Z</time><hdop>2.89373179866492</hdop><vdop>5.80391194793301</vdop><pdop>6.48529703421239</pdop><extensions><gpxtpx:TrackPointExtension><gpxtpx:speed>7672.38729900361523</gpxtpx:speed><gpxtpx:course>0.00000000000000</gpxtpx:course></gpxtpx:TrackPointExtension></extensions></trkpt>
      <trkpt lon="-133.44817276142300" lat="-80.30198102185817"><ele>521448.52886835020036</ele><time>2023-01-20T10:12:26.100Z</time><hdop>2.89439778231416</hdop><vdop>5.80373083863423</vdop><pdop>6.48543214979380</pdop><extensions><gpxtpx:TrackPointExtension><gpxtpx:speed>7674.57619138793962</gpxtpx:speed><gpxtpx:course>0.00000000000000</gpxtpx:course></gpxtpx:TrackPointExtension></extensions></trkpt>
      <trkpt lon="-133.47636976868060" lat="-80.29772797674762"><ele>521435.51892627496272</ele><time>2023-01-20T10:12:26.200Z</time><hdop>2.89506980882635</hdop><vdop>5.80355234900759</vdop><pdop>6.48557237764327</pdop><extensions><gpxtpx:TrackPointExtension><gpxtpx:speed>7671.62096854347965</gpxtpx:speed><gpxtpx:course>0.00000000000000</gpxtpx:course></gpxtpx:TrackPointExtension></extensions></trkpt>
      <trkpt lon="-133.50471518393979" lat="-80.29355194489332"><ele>521457.09018233884126</ele><time>2023-01-20T10:12:26.300Z</time><hdop>2.89573216286780</hdop><vdop>5.80336684761384</vdop><pdop>6.48570208435836</pdop><extensions><gpxtpx:TrackPointExtension><gpxtpx:speed>7673.13436583387374</gpxtpx:speed><gpxtpx:course>0.00000000000000</gpxtpx:course></gpxtpx:TrackPointExtension></extensions></trkpt>
      <trkpt lon="-133.53303877428121" lat="-80.28937180059781"><ele>521477.87809088639915</ele><time>2023-01-20T10:12:26.400Z</time><hdop>2.89639481010569</hdop><vdop>5.80318141517920</vdop><pdop>6.48583205406126</pdop><extensions><gpxtpx:TrackPointExtension><gpxtpx:speed>7671.34829724548945</gpxtpx:speed><gpxtpx:course>0.00000000000000</gpxtpx:course></gpxtpx:TrackPointExtension></extensions></trkpt>
      <trkpt lon="-135.01936913870077" lat="-80.05830631462008"><ele>521452.78755402937531</ele><time>2023-01-20T10:12:31.800Z</time><hdop>3.17946648999683</hdop><vdop>7.12865728969316</vdop><pdop>7.80555967979928</pdop><extensions><gpxtpx:TrackPointExtension><gpxtpx:speed>7673.24423220738208</gpxtpx:speed><gpxtpx:course>0.00000000000000</gpxtpx:course></gpxtpx:TrackPointExtension></extensions></trkpt>
      <trkpt lon="-135.04626499356522" lat="-80.05397330736187"><ele>521454.45160828623921</ele><time>2023-01-20T10:12:31.900Z</time><hdop>3.18008292495706</hdop><vdop>7.12813660415565</vdop><pdop>7.80533528153065</pdop><extensions><gpxtpx:TrackPointExtension><gpxtpx:speed>7673.04079550150982</gpxtpx:speed><gpxtpx:course>0.00000000000000</gpxtpx:course></gpxtpx:TrackPointExtension></extensions></trkpt>
      <trkpt lon="-135.07308357927960" lat="-80.04965263700906"><ele>521460.99186871200800</ele><time>2023-01-20T10:12:32.000Z</time><hdop>3.18069731714102</hdop><vdop>7.12761504464787</vdop><pdop>7.80510932966084</pdop><extensions><gpxtpx:TrackPointExtension><gpxtpx:speed>7673.80819653374056</gpxtpx:speed><gpxtpx:course>0.00000000000000</gpxtpx:course></gpxtpx:TrackPointExtension></extensions></trkpt>
      <trkpt lon="-135.09997501423186" lat="-80.04529721222190"><ele>521458.92648470681161</ele><time>2023-01-20T10:12:32.100Z</time><hdop>3.18131686849946</hdop><vdop>7.12709482844749</vdop><pdop>7.80488678402718</pdop><extensions><gpxtpx:TrackPointExtension><gpxtpx:speed>7672.22611123764909</gpxtpx:speed><gpxtpx:course>0.00000000000000</gpxtpx:course></gpxtpx:TrackPointExtension></extensions></trkpt>
      <trkpt lon="-135.12675028132526" lat="-80.04096915211440"><ele>521460.79132285527885</ele><time>2023-01-20T10:12:32.200Z</time><hdop>3.18193207523709</hdop><vdop>7.12657446693372</vdop><pdop>7.80466241192880</pdop><extensions><gpxtpx:TrackPointExtension><gpxtpx:speed>7673.29988705731648</gpxtpx:speed><gpxtpx:course>0.00000000000000</gpxtpx:course></gpxtpx:TrackPointExtension></extensions></trkpt>
      <trkpt lon="-135.15349248699707" lat="-80.03663980294678"><ele>521465.15838544815779</ele><time>2023-01-20T10:12:32.300Z</time><hdop>3.18254703694898</hdop><vdop>7.12605333928374</vdop><pdop>7.80443731711068</pdop><extensions><gpxtpx:TrackPointExtension><gpxtpx:speed>7672.83635900444551</gpxtpx:speed><gpxtpx:course>0.00000000000000</gpxtpx:course></gpxtpx:TrackPointExtension></extensions></trkpt>
      <trkpt lon="-135.18037773992606" lat="-80.03225868879112"><ele>521455.41225496400148</ele><time>2023-01-20T10:12:32.400Z</time><hdop>3.18317005807526</hdop><vdop>7.12553455957543</vdop><pdop>7.80421773006948</pdop><extensions><gpxtpx:TrackPointExtension><gpxtpx:speed>7672.57585137090246</gpxtpx:speed><gpxtpx:course>0.00000000000000</gpxtpx:course></gpxtpx:TrackPointExtension></extensions></trkpt>
      <trkpt lon="-135.20708748814187" lat="-80.02792093959064"><ele>521460.19928444270045</ele><time>2023-01-20T10:12:32.500Z</time><hdop>3.18378590319698</hdop><vdop>7.12501309908043</vdop><pdop>7.80399284593877</pdop><extensions><gpxtpx:TrackPointExtension><gpxtpx:speed>7672.94982156494189</gpxtpx:speed><gpxtpx:course>0.00000000000000</gpxtpx:course></gpxtpx:TrackPointExtension></extensions></trkpt>
      <trkpt lon="-135.23382528222766" lat="-80.02356377234014"><ele>521458.84177673049271</ele><time>2023-01-20T10:12:32.600Z</time><hdop>3.18440456012125</hdop><vdop>7.12449274520837</vdop><pdop>7.80377019645297</pdop><extensions><gpxtpx:TrackPointExtension><gpxtpx:speed>7674.08444626003347</gpxtpx:speed><gpxtpx:course>0.00000000000000</gpxtpx:course></gpxtpx:TrackPointExtension></extensions></trkpt>
      <trkpt lon="-135.26053860335344" lat="-80.01922787628732"><ele>521462.13520169444382</ele><time>2023-01-20T10:12:32.700Z</time><hdop>3.18501979305614</hdop><vdop>7.12397139168095</vdop><pdop>7.80354531425608</pdop><extensions><gpxtpx:TrackPointExtension><gpxtpx:speed>7672.36898386782468</gpxtpx:speed><gpxtpx:course>0.00000000000000</gpxtpx:course></gpxtpx:TrackPointExtension></extensions></trkpt>
      <trkpt lon="-135.28723407215426" lat="-80.01485831008095"><ele>521459.39880285318941</ele><time>2023-01-20T10:12:32.800Z</time><hdop>3.18563994611232</hdop><vdop>7.12345122015915</vdop><pdop>7.80332359653586</pdop><extensions><gpxtpx:TrackPointExtension><gpxtpx:speed>7672.75520218426300</gpxtpx:speed><gpxtpx:course>0.00000000000000</gpxtpx:course></gpxtpx:TrackPointExtension></extensions></trkpt>
      <trkpt lon="-135.31386432527762" lat="-80.01049907255656"><ele>521459.45549712795764</ele><time>2023-01-20T10:12:32.900Z</time><hdop>3.18625815379248</hdop><vdop>7.12293060202152</vdop><pdop>7.80310075443241</pdop><extensions><gpxtpx:TrackPointExtension><gpxtpx:speed>7673.37389932613860</gpxtpx:speed><gpxtpx:course>0.00000000000000</gpxtpx:course></gpxtpx:TrackPointExtension></extensions></trkpt>
      <trkpt lon="-135.34055898153241" lat="-80.00613564069573"><ele>521458.50662501621991</ele><time>2023-01-20T10:12:33.000Z</time><hdop>3.18687695589062</hdop><vdop>7.12240969567421</vdop><pdop>7.80287796937903</pdop><extensions><gpxtpx:TrackPointExtension><gpxtpx:speed>7672.85237728064203</gpxtpx:speed><gpxtpx:course>0.00000000000000</gpxtpx:course></gpxtpx:TrackPointExtension></extensions></trkpt>
      <trkpt lon="-135.36717712957335" lat="-80.00177537857415"><ele>521458.87301511969417</ele><time>2023-01-20T10:12:33.100Z</time><hdop>3.18749493866568</hdop><vdop>7.12188873427260</vdop><pdop>7.80265487685944</pdop><extensions><gpxtpx:TrackPointExtension><gpxtpx:speed>7673.51192510575493</gpxtpx:speed><gpxtpx:course>0.00000000000000</gpxtpx:course></gpxtpx:TrackPointExtension></extensions></trkpt>
      <trkpt lon="-135.39373234580378" lat="-79.99740813718937"><ele>521460.04939325805753</ele><time>2023-01-20T10:12:33.200Z</time><hdop>3.18811355000155</hdop><vdop>7.12136759900926</vdop><pdop>7.80243195983934</pdop><extensions><gpxtpx:TrackPointExtension><gpxtpx:speed>7673.11592398784524</gpxtpx:speed><gpxtpx:course>0.00000000000000</gpxtpx:course></gpxtpx:TrackPointExtension></extensions></trkpt>
      <trkpt lon="-135.42025226761396" lat="-79.99306260176525"><ele>521461.63107168860734</ele><time>2023-01-20T10:12:33.300Z</time><hdop>3.18872897129307</hdop><vdop>7.12084683354301</vdop><pdop>7.80220815405122</pdop><extensions><gpxtpx:TrackPointExtension><gpxtpx:speed>7673.41308448710333</gpxtpx:speed><gpxtpx:course>0.00000000000000</gpxtpx:course></gpxtpx:TrackPointExtension></extensions></trkpt>
      <trkpt lon="-135.44684621253853" lat="-79.98868501648967"><ele>521459.73363775853068</ele><time>2023-01-20T10:12:33.400Z</time><hdop>3.18934904427469</hdop><vdop>7.12032594561869</vdop><pdop>7.80198621493698</pdop><extensions><gpxtpx:TrackPointExtension><gpxtpx:speed>7672.64097482790839</gpxtpx:speed><gpxtpx:course>0.00000000000000</gpxtpx:course></gpxtpx:TrackPointExtension></extensions></trkpt>
      <trkpt lon="-135.47340878653441" lat="-79.98431176608797"><ele>521460.02518763858825</ele><time>2023-01-20T10:12:33.500Z</time><hdop>3.18996806660366</hdop><vdop>7.11980449328079</vdop><pdop>7.80176340890266</pdop><extensions><gpxtpx:TrackPointExtension><gpxtpx:speed>7672.94919170636604</gpxtpx:speed><gpxtpx:course>0.00000000000000</gpxtpx:course></gpxtpx:TrackPointExtension></extensions></trkpt>
      <trkpt lon="-135.49992420440620" lat="-79.97995454938820"><ele>521461.79216734133661</ele><time>2023-01-20T10:12:33.600Z</time><hdop>3.19058466376190</hdop><vdop>7.11928305479191</vdop><pdop>7.80153970129486</pdop><extensions><gpxtpx:TrackPointExtension><gpxtpx:speed>7672.78411674750078</gpxtpx:speed><gpxtpx:course>0.00000000000000</gpxtpx:course></gpxtpx:TrackPointExtension></extensions></trkpt>
      <trkpt lon="-135.52636810387776" lat="-79.97558494836073"><ele>521463.55008839536458</ele><time>2023-01-20T10:12:33.700Z</time><hdop>3.19120257829760</hdop><vdop>7.11876159895546</vdop><pdop>7.80131659391516</pdop><extensions><gpxtpx:TrackPointExtension><gpxtpx:speed>7674.07504447925021</gpxtpx:speed><gpxtpx:course>0.00000000000000</gpxtpx:course></gpxtpx:TrackPointExtension></extensions></trkpt>
      <trkpt lon="-135.55286680634620" lat="-79.97119796899383"><ele>521459.95862706378102</ele><time>2023-01-20T10:12:33.800Z</time><hdop>3.19182330968375</hdop><vdop>7.11824102929209</vdop><pdop>7.80109552507453</pdop><extensions><gpxtpx:TrackPointExtension><gpxtpx:speed>7673.31748024244916</gpxtpx:speed><gpxtpx:course>0.00000000000000</gpxtpx:course></gpxtpx:TrackPointExtension></extensions></trkpt>
      <trkpt lon="-135.57928788090845" lat="-79.96682112060046"><ele>521460.17562604323030</ele><time>2023-01-20T10:12:33.900Z</time><hdop>3.19244188295386</hdop><vdop>7.11771971224060</vdop><pdop>7.80087296897318</pdop><extensions><gpxtpx:TrackPointExtension><gpxtpx:speed>7672.77978573078235</gpxtpx:speed><gpxtpx:course>0.00000000000000</gpxtpx:course></gpxtpx:TrackPointExtension></extensions></trkpt>
      <trkpt lon="-135.60574257565065" lat="-79.96244838605236"><ele>521463.76755198463798</ele><time>2023-01-20T10:12:34.000Z</time><hdop>3.19305977946554</hdop><vdop>7.11719719609405</vdop><pdop>7.80064911935728</pdop><extensions><gpxtpx:TrackPointExtension><gpxtpx:speed>7672.35052462444219</gpxtpx:speed><gpxtpx:course>0.00000000000000</gpxtpx:course></gpxtpx:TrackPointExtension></extensions></trkpt>
      <trkpt lon="-135.63211979795869" lat="-79.95805681152224"><ele>521460.12806042749435</ele><time>2023-01-20T10:12:34.100Z</time><hdop>3.19368033267672</hdop><vdop>7.11667678287453</vdop><pdop>7.80042835357338</pdop><extensions><gpxtpx:TrackPointExtension><gpxtpx:speed>7673.39775477838884</gpxtpx:speed><gpxtpx:course>0.00000000000000</gpxtpx:course></gpxtpx:TrackPointExtension></extensions></trkpt>
      <trkpt lon="-135.65839611408771" lat="-79.95369866844543"><ele>521467.43710678257048</ele><time>2023-01-20T10:12:34.200Z</time><hdop>3.19429521202487</hdop><vdop>7.11615405850572</vdop><pdop>7.80020323363132</pdop><extensions><gpxtpx:TrackPointExtension><gpxtpx:speed>7674.23824539825819</gpxtpx:speed><gpxtpx:course>0.00000000000000</gpxtpx:course></gpxtpx:TrackPointExtension></extensions></trkpt>
      <trkpt lon="-135.68477723181238" lat="-79.94928860388221"><ele>521462.97018190193921</ele><time>2023-01-20T10:12:34.300Z</time><hdop>3.19491809597879</hdop><vdop>7.11563322470186</vdop><pdop>7.79998319411611</pdop><extensions><gpxtpx:TrackPointExtension><gpxtpx:speed>7673.19245813289035</gpxtpx:speed><gpxtpx:course>0.00000000000000</gpxtpx:course></gpxtpx:TrackPointExtension></extensions></trkpt>
      <trkpt lon="-135.71115105876044" lat="-79.94489176257363"><ele>521459.42735220491886</ele><time>2023-01-20T10:12:34.400Z</time><hdop>3.19553893888359</hdop><vdop>7.11511227183605</vdop><pdop>7.79976228809271</pdop><extensions><gpxtpx:TrackPointExtension><gpxtpx:speed>7673.61592364043645</gpxtpx:speed><gpxtpx:course>0.00000000000000</gpxtpx:course></gpxtpx:TrackPointExtension></extensions></trkpt>
      <trkpt lon="-135.73746680606587" lat="-79.94050196939094"><ele>521459.50725752208382</ele><time>2023-01-20T10:12:34.500Z</time><hdop>3.19615828583842</hdop><vdop>7.11459051728185</vdop><pdop>7.79954011572031</pdop><extensions><gpxtpx:TrackPointExtension><gpxtpx:speed>7673.68359122615948</gpxtpx:speed><gpxtpx:course>0.00000000000000</gpxtpx:course></gpxtpx:TrackPointExtension></extensions></trkpt>
      <trkpt lon="-135.76373516917207" lat="-79.93610656278122"><ele>521460.51138281729072</ele><time>2023-01-20T10:12:34.600Z</time><hdop>3.19677814703278</hdop><vdop>7.11406850228683</vdop><pdop>7.79931799432335</pdop><extensions><gpxtpx:TrackPointExtension><gpxtpx:speed>7673.28203645478334</gpxtpx:speed><gpxtpx:course>0.00000000000000</gpxtpx:course></gpxtpx:TrackPointExtension></extensions></trkpt>
      <trkpt lon="-135.78994222932866" lat="-79.93173362279889"><ele>521466.16823600884527</ele><time>2023-01-20T10:12:34.700Z</time><hdop>3.19739435588350</hdop><vdop>7.11354573474407</vdop><pdop>7.79909376705597</pdop><extensions><gpxtpx:TrackPointExtension><gpxtpx:speed>7673.19287690693818</gpxtpx:speed><gpxtpx:course>0.00000000000000</gpxtpx:course></gpxtpx:TrackPointExtension></extensions></trkpt>
      <trkpt lon="-135.81619413915220" lat="-79.92732879445303"><ele>521461.61893708445132</ele><time>2023-01-20T10:12:34.800Z</time><hdop>3.19801546189990</hdop><vdop>7.11302500814885</vdop><pdop>7.79887348667113</pdop><extensions><gpxtpx:TrackPointExtension><gpxtpx:speed>7672.14282310646013</gpxtpx:speed><gpxtpx:course>0.00000000000000</gpxtpx:course></gpxtpx:TrackPointExtension></extensions></trkpt>
      <trkpt lon="-135.84240539926967" lat="-79.92293497034633"><ele>521462.30945449508727</ele><time>2023-01-20T10:12:34.900Z</time><hdop>3.19863463684365</hdop><vdop>7.11250305318134</vdop><pdop>7.79865137197001</pdop><extensions><gpxtpx:TrackPointExtension><gpxtpx:speed>7672.92424638167540</gpxtpx:speed><gpxtpx:course>0.00000000000000</gpxtpx:course></gpxtpx:TrackPointExtension></extensions></trkpt>
      <trkpt lon="-135.86860938518805" lat="-79.91854401758273"><ele>521466.76390473358333</ele><time>2023-01-20T10:12:35.000Z</time><hdop>3.19925279107288</hdop><vdop>7.11197980683826</vdop><pdop>7.79842773859338</pdop><extensions><gpxtpx:TrackPointExtension><gpxtpx:speed>7674.02481409298071</gpxtpx:speed><gpxtpx:course>0.00000000000000</gpxtpx:course></gpxtpx:TrackPointExtension></extensions></trkpt>
      <trkpt lon="-135.89478386702780" lat="-79.91413801243291"><ele>521465.09558639489114</ele><time>2023-01-20T10:12:35.100Z</time><hdop>3.19987338479141</hdop><vdop>7.11145824975940</vdop><pdop>7.79820672441859</pdop><extensions><gpxtpx:TrackPointExtension><gpxtpx:speed>7673.67685885313313</gpxtpx:speed><gpxtpx:course>0.00000000000000</gpxtpx:course></gpxtpx:TrackPointExtension></extensions></trkpt>
      <trkpt lon="-135.92093446296420" lat="-79.90971525460455"><ele>521459.87883761152625</ele><time>2023-01-20T10:12:35.200Z</time><hdop>3.20049619435117</hdop><vdop>7.11093738484160</vdop><pdop>7.79798732886854</pdop><extensions><gpxtpx:TrackPointExtension><gpxtpx:speed>7672.88132477615181</gpxtpx:speed><gpxtpx:course>0.00000000000000</gpxtpx:course></gpxtpx:TrackPointExtension></extensions></trkpt>
      <trkpt lon="-135.94703360405887" lat="-79.90532346897679"><ele>521464.02425796166062</ele><time>2023-01-20T10:12:35.300Z</time><hdop>3.20111402622998</hdop><vdop>7.11041446428118</vdop><pdop>7.79776409381467</pdop><extensions><gpxtpx:TrackPointExtension><gpxtpx:speed>7673.69428345623146</gpxtpx:speed><gpxtpx:course>0.00000000000000</gpxtpx:course></gpxtpx:TrackPointExtension></extensions></trkpt>
      <trkpt lon="-135.97316677262060" lat="-79.90090902726800"><ele>521462.64961121045053</ele><time>2023-01-20T10:12:35.400Z</time><hdop>3.20173521977153</hdop><vdop>7.10989241728716</vdop><pdop>7.79754311324554</pdop><extensions><gpxtpx:TrackPointExtension><gpxtpx:speed>7673.17917774269063</gpxtpx:speed><gpxtpx:course>0.00000000000000</gpxtpx:course></gpxtpx:TrackPointExtension></extensions></trkpt>
      <trkpt lon="-135.99923608694471" lat="-79.89650209299114"><ele>521462.86325712595135</ele><time>2023-01-20T10:12:35.500Z</time><hdop>3.20235489839822</hdop><vdop>7.10937024816185</vdop><pdop>7.79732147732438</pdop><extensions><gpxtpx:TrackPointExtension><gpxtpx:speed>7673.72984099065252</gpxtpx:speed><gpxtpx:course>0.00000000000000</gpxtpx:course></gpxtpx:TrackPointExtension></extensions></trkpt>
      <trkpt lon="-136.02530354734242" lat="-79.89207666940978"><ele>521456.79155461769551</ele><time>2023-01-20T10:12:35.600Z</time><hdop>3.20297743958713</hdop><vdop>7.10884950730391</vdop><pdop>7.79710239742939</pdop><extensions><gpxtpx:TrackPointExtension><gpxtpx:speed>7672.44727540014719</gpxtpx:speed><gpxtpx:course>0.00000000000000</gpxtpx:course></gpxtpx:TrackPointExtension></extensions></trkpt>
      <trkpt lon="-136.05136131377543" lat="-79.88767039846380"><ele>521462.96005195286125</ele><time>2023-01-20T10:12:35.700Z</time><hdop>3.20359644303453</hdop><vdop>7.10832534072098</vdop><pdop>7.79687881907623</pdop><extensions><gpxtpx:TrackPointExtension><gpxtpx:speed>7673.05841623221386</gpxtpx:speed><gpxtpx:course>0.00000000000000</gpxtpx:course></gpxtpx:TrackPointExtension></extensions></trkpt>
      <trkpt lon="-136.07735183013739" lat="-79.88325771117260"><ele>521463.28449001163244</ele><time>2023-01-20T10:12:35.800Z</time><hdop>3.20421635072314</hdop><vdop>7.10780304540408</vdop><pdop>7.79665739624983</pdop><extensions><gpxtpx:TrackPointExtension><gpxtpx:speed>7673.57080866831438</gpxtpx:speed><gpxtpx:course>0.00000000000000</gpxtpx:course></gpxtpx:TrackPointExtension></extensions></trkpt>
      <trkpt lon="-136.10330888658351" lat="-79.87886431577155"><ele>521472.27693927753717</ele><time>2023-01-20T10:12:35.900Z</time><hdop>3.20483285074842</hdop><vdop>7.10727854915691</vdop><pdop>7.79643264426380</pdop><extensions><gpxtpx:TrackPointExtension><gpxtpx:speed>7672.95946637272482</gpxtpx:speed><gpxtpx:course>0.00000000000000</gpxtpx:course></gpxtpx:TrackPointExtension></extensions></trkpt>
      <trkpt lon="-136.12924816048638" lat="-79.87445597905345"><ele>521476.47069437988102</ele><time>2023-01-20T10:12:36.000Z</time><hdop>3.20545154794489</hdop><vdop>7.10675517031047</vdop><pdop>7.79620989179723</pdop><extensions><gpxtpx:TrackPointExtension><gpxtpx:speed>7672.99059320221204</gpxtpx:speed><gpxtpx:course>0.00000000000000</gpxtpx:course></gpxtpx:TrackPointExtension></extensions></trkpt>
      <trkpt lon="-136.15522810467218" lat="-79.87004360395052"><ele>521477.28175861574709</ele><time>2023-01-20T10:12:36.100Z</time><hdop>3.20607092770727</hdop><vdop>7.10623237196441</vdop><pdop>7.79598802704601</pdop><extensions><gpxtpx:TrackPointExtension><gpxtpx:speed>7672.20872989206055</gpxtpx:speed><gpxtpx:course>0.00000000000000</gpxtpx:course></gpxtpx:TrackPointExtension></extensions></trkpt>
      <trkpt lon="-136.18116538855230" lat="-79.86560487645743"><ele>521471.80805680993944</ele><time>2023-01-20T10:12:36.200Z</time><hdop>3.20669418363386</hdop><vdop>7.10571112282996</vdop><pdop>7.79576924674279</pdop><extensions><gpxtpx:TrackPointExtension><gpxtpx:speed>7674.00367824443310</gpxtpx:speed><gpxtpx:course>0.00000000000000</gpxtpx:course></gpxtpx:TrackPointExtension></extensions></trkpt>
      <trkpt lon="-136.20710395082409" lat="-79.86116317950476"><ele>521467.66268099006265</ele><time>2023-01-20T10:12:36.300Z</time><hdop>3.20731743233830</hdop><vdop>7.10518913466009</vdop><pdop>7.79554986842320</pdop><extensions><gpxtpx:TrackPointExtension><gpxtpx:speed>7674.76357422568890</gpxtpx:speed><gpxtpx:course>0.00000000000000</gpxtpx:course></gpxtpx:TrackPointExtension></extensions></trkpt>
      <trkpt lon="-136.23302264924544" lat="-79.85671707384027"><ele>521461.96764597948641</ele><time>2023-01-20T10:12:36.400Z</time><hdop>3.20794131287403</hdop><vdop>7.10466757991354</vdop><pdop>7.79533122374659</pdop><extensions><gpxtpx:TrackPointExtension><gpxtpx:speed>7674.26932733280591</gpxtpx:speed><gpxtpx:course>0.00000000000000</gpxtpx:course></gpxtpx:TrackPointExtension></extensions></trkpt>
      <trkpt lon="-136.25878239052847" lat="-79.85231401280926"><ele>521469.90517251659185</ele><time>2023-01-20T10:12:36.500Z</time><hdop>3.20855796509320</hdop><vdop>7.10414348083944</vdop><pdop>7.79510736370683</pdop><extensions><gpxtpx:TrackPointExtension><gpxtpx:speed>7673.35476541316075</gpxtpx:speed><gpxtpx:course>0.00000000000000</gpxtpx:course></gpxtpx:TrackPointExtension></extensions></trkpt>
      <trkpt lon="-136.28460007026587" lat="-79.84787300855341"><ele>521465.55726645700634</ele><time>2023-01-20T10:12:36.600Z</time><hdop>3.20918056015480</hdop><vdop>7.10362189926002</vdop><pdop>7.79488832218410</pdop><extensions><gpxtpx:TrackPointExtension><gpxtpx:speed>7673.18332285124143</gpxtpx:speed><gpxtpx:course>0.00000000000000</gpxtpx:course></gpxtpx:TrackPointExtension></extensions></trkpt>
      <trkpt lon="-136.31047970735548" lat="-79.84345133849348"><ele>521470.26482197456062</ele><time>2023-01-20T10:12:36.700Z</time><hdop>3.20979990715716</hdop><vdop>7.10309744465592</vdop><pdop>7.79466540348357</pdop><extensions><gpxtpx:TrackPointExtension><gpxtpx:speed>7672.30448601170883</gpxtpx:speed><gpxtpx:course>0.00000000000000</gpxtpx:course></gpxtpx:TrackPointExtension></extensions></trkpt>
      <trkpt lon="-136.33623290810908" lat="-79.83902554162147"><ele>521473.25729359406978</ele><time>2023-01-20T10:12:36.800Z</time><hdop>3.21041958346788</hdop><vdop>7.10257403057240</vdop><pdop>7.79444364670600</pdop><extensions><gpxtpx:TrackPointExtension><gpxtpx:speed>7672.98816154249471</gpxtpx:speed><gpxtpx:course>0.00000000000000</gpxtpx:course></gpxtpx:TrackPointExtension></extensions></trkpt>
      <trkpt lon="-136.36204574659666" lat="-79.83458145629150"><ele>521472.69259891938418</ele><time>2023-01-20T10:12:36.900Z</time><hdop>3.21104188448555</hdop><vdop>7.10205081377844</vdop><pdop>7.79422322912370</pdop><extensions><gpxtpx:TrackPointExtension><gpxtpx:speed>7673.35368923372516</gpxtpx:speed><gpxtpx:course>0.00000000000000</gpxtpx:course></gpxtpx:TrackPointExtension></extensions></trkpt>
      <trkpt lon="-136.38787146870303" lat="-79.83010539471803"><ele>521463.32656150497496</ele><time>2023-01-20T10:12:37.000Z</time><hdop>3.21166900451569</hdop><vdop>7.10152942445980</vdop><pdop>7.79400654099258</pdop><extensions><gpxtpx:TrackPointExtension><gpxtpx:speed>7673.64086696257800</gpxtpx:speed><gpxtpx:course>0.00000000000000</gpxtpx:course></gpxtpx:TrackPointExtension></extensions></trkpt>
      <trkpt lon="-136.41354444907344" lat="-79.82565888707281"><ele>521459.64575687795877</ele><time>2023-01-20T10:12:37.100Z</time><hdop>3.21229134014934</hdop><vdop>7.10100765684240</vdop><pdop>7.79378761556490</pdop><extensions><gpxtpx:TrackPointExtension><gpxtpx:speed>7673.67684779533465</gpxtpx:speed><gpxtpx:course>0.00000000000000</gpxtpx:course></gpxtpx:TrackPointExtension></extensions></trkpt>
      <trkpt lon="-136.43928700846035" lat="-79.82123488539072"><ele>521464.81377749983221</ele><time>2023-01-20T10:12:37.200Z</time><hdop>3.21290987280763</hdop><vdop>7.10048305047486</vdop><pdop>7.79356461453073</pdop><extensions><gpxtpx:TrackPointExtension><gpxtpx:speed>7672.46120006273304</gpxtpx:speed><gpxtpx:course>0.00000000000000</gpxtpx:course></gpxtpx:TrackPointExtension></extensions></trkpt>
      <trkpt lon="-136.46487504357290" lat="-79.81680611108058"><ele>521467.90976055525243</ele><time>2023-01-20T10:12:37.300Z</time><hdop>3.21352900414859</hdop><vdop>7.09995982313739</vdop><pdop>7.79334319471877</pdop><extensions><gpxtpx:TrackPointExtension><gpxtpx:speed>7673.74350378911913</gpxtpx:speed><gpxtpx:course>0.00000000000000</gpxtpx:course></gpxtpx:TrackPointExtension></extensions></trkpt>
      <trkpt lon="-136.49049983933017" lat="-79.81237028619717"><ele>521472.75087658129632</ele><time>2023-01-20T10:12:37.400Z</time><hdop>3.21414877421081</hdop><vdop>7.09943549895193</vdop><pdop>7.79312111714810</pdop><extensions><gpxtpx:TrackPointExtension><gpxtpx:speed>7673.40327231932042</gpxtpx:speed><gpxtpx:course>0.00000000000000</gpxtpx:course></gpxtpx:TrackPointExtension></extensions></trkpt>
      <trkpt lon="-136.51618726692863" lat="-79.80790287328475"><ele>521468.72020279895514</ele><time>2023-01-20T10:12:37.500Z</time><hdop>3.21477342956607</hdop><vdop>7.09891275064939</vdop><pdop>7.79290256866955</pdop><extensions><gpxtpx:TrackPointExtension><gpxtpx:speed>7674.38866642764151</gpxtpx:speed><gpxtpx:course>0.00000000000000</gpxtpx:course></gpxtpx:TrackPointExtension></extensions></trkpt>
      <trkpt lon="-136.54187591367611" lat="-79.80344549816876"><ele>521467.05806815996766</ele><time>2023-01-20T10:12:37.600Z</time><hdop>3.21539631632969</hdop><vdop>7.09838932261442</vdop><pdop>7.79268275027753</pdop><extensions><gpxtpx:TrackPointExtension><gpxtpx:speed>7672.86842465449809</gpxtpx:speed><gpxtpx:course>0.00000000000000</gpxtpx:course></gpxtpx:TrackPointExtension></extensions></trkpt>
      <trkpt lon="-136.56746680351051" lat="-79.79899854989220"><ele>521469.08694878686219</ele><time>2023-01-20T10:12:37.700Z</time><hdop>3.21601730478594</hdop><vdop>7.09786541414881</vdop><pdop>7.79246178957923</pdop><extensions><gpxtpx:TrackPointExtension><gpxtpx:speed>7673.44071866892227</gpxtpx:speed><gpxtpx:course>0.00000000000000</gpxtpx:course></gpxtpx:TrackPointExtension></extensions></trkpt>
      <trkpt lon="-136.59300359583040" lat="-79.79456456970883"><ele>521475.10750749334693</ele><time>2023-01-20T10:12:37.800Z</time><hdop>3.21663606377353</hdop><vdop>7.09734074888768</vdop><pdop>7.79223929769807</pdop><extensions><gpxtpx:TrackPointExtension><gpxtpx:speed>7672.83767813783288</gpxtpx:speed><gpxtpx:course>0.00000000000000</gpxtpx:course></gpxtpx:TrackPointExtension></extensions></trkpt>
      <trkpt lon="-136.61852293000487" lat="-79.79011068368533"><ele>521474.52408775873482</ele><time>2023-01-20T10:12:37.900Z</time><hdop>3.21725769917647</hdop><vdop>7.09681759286448</vdop><pdop>7.79201944615778</pdop><extensions><gpxtpx:TrackPointExtension><gpxtpx:speed>7672.47678938402350</gpxtpx:speed><gpxtpx:course>0.00000000000000</gpxtpx:course></gpxtpx:TrackPointExtension></extensions></trkpt>
      <trkpt lon="-136.64410143687698" lat="-79.78562421305426"><ele>521467.85873056296259</ele><time>2023-01-20T10:12:38.000Z</time><hdop>3.21788419222877</hdop><vdop>7.09629518119941</vdop><pdop>7.79180235717705</pdop><extensions><gpxtpx:TrackPointExtension><gpxtpx:speed>7673.13792486512284</gpxtpx:speed><gpxtpx:course>0.00000000000000</gpxtpx:course></gpxtpx:TrackPointExtension></extensions></trkpt>
      <trkpt lon="-136.66961017812929" lat="-79.78117422654913"><ele>521472.03627837635577</ele><time>2023-01-20T10:12:38.100Z</time><hdop>3.21850462853368</hdop><vdop>7.09577043162279</vdop><pdop>7.79158071652890</pdop><extensions><gpxtpx:TrackPointExtension><gpxtpx:speed>7671.98146848369106</gpxtpx:speed><gpxtpx:course>0.00000000000000</gpxtpx:course></gpxtpx:TrackPointExtension></extensions></trkpt>
      <trkpt lon="-136.69510703021226" lat="-79.77671543260200"><ele>521472.52319960482419</ele><time>2023-01-20T10:12:38.200Z</time><hdop>3.21912640686895</hdop><vdop>7.09524658222413</vdop><pdop>7.79136052855752</pdop><extensions><gpxtpx:TrackPointExtension><gpxtpx:speed>7672.77261058738804</gpxtpx:speed><gpxtpx:course>0.00000000000000</gpxtpx:course></gpxtpx:TrackPointExtension></extensions></trkpt>
      <trkpt lon="-136.72057082855116" lat="-79.77225208634843"><ele>521473.50824099406600</ele><time>2023-01-20T10:12:38.300Z</time><hdop>3.21974863923800</hdop><vdop>7.09472254908436</vdop><pdop>7.79114043952239</pdop><extensions><gpxtpx:TrackPointExtension><gpxtpx:speed>7673.31962208154982</gpxtpx:speed><gpxtpx:course>0.00000000000000</gpxtpx:course></gpxtpx:TrackPointExtension></extensions></trkpt>
      <trkpt lon="-136.74601504572357" lat="-79.76777810985678"><ele>521471.04448778368533</ele><time>2023-01-20T10:12:38.400Z</time><hdop>3.22037233874992</hdop><vdop>7.09419932231456</vdop><pdop>7.79092176991362</pdop><extensions><gpxtpx:TrackPointExtension><gpxtpx:speed>7673.11258153628569</gpxtpx:speed><gpxtpx:course>0.00000000000000</gpxtpx:course></gpxtpx:TrackPointExtension></extensions></trkpt>
      <trkpt lon="-136.77141313827286" lat="-79.76331264572818"><ele>521471.19959084410220</ele><time>2023-01-20T10:12:38.500Z</time><hdop>3.22099444852340</hdop><vdop>7.09367556661537</vdop><pdop>7.79070204036931</pdop><extensions><gpxtpx:TrackPointExtension><gpxtpx:speed>7673.07775027987373</gpxtpx:speed><gpxtpx:course>0.00000000000000</gpxtpx:course></gpxtpx:TrackPointExtension></extensions></trkpt>
      <trkpt lon="-136.79681795512587" lat="-79.75885058033457"><ele>521473.71956452820450</ele><time>2023-01-20T10:12:38.600Z</time><hdop>3.22161581878245</hdop><vdop>7.09315100922339</vdop><pdop>7.79048135377244</pdop><extensions><gpxtpx:TrackPointExtension><gpxtpx:speed>7673.48052852331057</gpxtpx:speed><gpxtpx:course>0.00000000000000</gpxtpx:course></gpxtpx:TrackPointExtension></extensions></trkpt>
      <trkpt lon="-136.82219138525923" lat="-79.75437548980199"><ele>521472.44297824427485</ele><time>2023-01-20T10:12:38.700Z</time><hdop>3.22223901822801</hdop><vdop>7.09262737450803</vdop><pdop>7.79026234245110</pdop><extensions><gpxtpx:TrackPointExtension><gpxtpx:speed>7673.74942971280598</gpxtpx:speed><gpxtpx:course>0.00000000000000</gpxtpx:course></gpxtpx:TrackPointExtension></extensions></trkpt>
      <trkpt lon="-136.84756291348228" lat="-79.74990298549382"><ele>521473.57496014703065</ele><time>2023-01-20T10:12:38.800Z</time><hdop>3.22286154730065</hdop><vdop>7.09210290732808</vdop><pdop>7.79004237480134</pdop><extensions><gpxtpx:TrackPointExtension><gpxtpx:speed>7672.56624643810937</gpxtpx:speed><gpxtpx:course>0.00000000000000</gpxtpx:course></gpxtpx:TrackPointExtension></extensions></trkpt>
      <trkpt lon="-136.87287621763767" lat="-79.74542088200324"><ele>521471.07765917759389</ele><time>2023-01-20T10:12:38.900Z</time><hdop>3.22348540456540</hdop><vdop>7.09157957410141</vdop><pdop>7.78982406792724</pdop><extensions><gpxtpx:TrackPointExtension><gpxtpx:speed>7672.94741643731868</gpxtpx:speed><gpxtpx:course>0.00000000000000</gpxtpx:course></gpxtpx:TrackPointExtension></extensions></trkpt>
      <trkpt lon="-136.89824216567007" lat="-79.74095092829482"><ele>521474.46497561316937</ele><time>2023-01-20T10:12:39.000Z</time><hdop>3.22410709701174</hdop><vdop>7.09105421549322</vdop><pdop>7.78960310029116</pdop><extensions><gpxtpx:TrackPointExtension><gpxtpx:speed>7673.33585856639093</gpxtpx:speed><gpxtpx:course>0.00000000000000</gpxtpx:course></gpxtpx:TrackPointExtension></extensions></trkpt>
      <trkpt lon="-136.92354619533324" lat="-79.73646997372479"><ele>521475.02209429163486</ele><time>2023-01-20T10:12:39.100Z</time><hdop>3.22473027284937</hdop><vdop>7.09052977033973</vdop><pdop>7.78938365704920</pdop><extensions><gpxtpx:TrackPointExtension><gpxtpx:speed>7672.83073681489623</gpxtpx:speed><gpxtpx:course>0.00000000000000</gpxtpx:course></gpxtpx:TrackPointExtension></extensions></trkpt>
      <trkpt lon="-136.94876913683834" lat="-79.73199626057121"><ele>521474.78599314112216</ele><time>2023-01-20T10:12:39.200Z</time><hdop>3.22535221041978</hdop><vdop>7.09000597827109</vdop><pdop>7.78916437451281</pdop><extensions><gpxtpx:TrackPointExtension><gpxtpx:speed>7672.60594531167862</gpxtpx:speed><gpxtpx:course>0.00000000000000</gpxtpx:course></gpxtpx:TrackPointExtension></extensions></trkpt>
      <trkpt lon="-136.97400566862913" lat="-79.72750251198246"><ele>521474.74451086949557</ele><time>2023-01-20T10:12:39.300Z</time><hdop>3.22597673823730</hdop><vdop>7.08948150192323</vdop><pdop>7.78894562067035</pdop><extensions><gpxtpx:TrackPointExtension><gpxtpx:speed>7672.73301402059678</gpxtpx:speed><gpxtpx:course>0.00000000000000</gpxtpx:course></gpxtpx:TrackPointExtension></extensions></trkpt>
      <trkpt lon="-136.99927915182451" lat="-79.72304045923809"><ele>521479.09421814605594</ele><time>2023-01-20T10:12:39.400Z</time><hdop>3.22659662183326</hdop><vdop>7.08895601874052</vdop><pdop>7.78872410576104</pdop><extensions><gpxtpx:TrackPointExtension><gpxtpx:speed>7674.10567189322592</gpxtpx:speed><gpxtpx:course>0.00000000000000</gpxtpx:course></gpxtpx:TrackPointExtension></extensions></trkpt>
      <trkpt lon="-137.02450775907101" lat="-79.71851248471945"><ele>521469.09699128754437</ele><time>2023-01-20T10:12:39.500Z</time><hdop>3.22722624011728</hdop><vdop>7.08843366351396</vdop><pdop>7.78850954977520</pdop><extensions><gpxtpx:TrackPointExtension><gpxtpx:speed>7673.37718567810316</gpxtpx:speed><gpxtpx:course>0.00000000000000</gpxtpx:course></gpxtpx:TrackPointExtension></extensions></trkpt>
      <trkpt lon="-137.04967228962576" lat="-79.71402614697702"><ele>521470.97675242275000</ele><time>2023-01-20T10:12:39.600Z</time><hdop>3.22784904897037</hdop><vdop>7.08790874562561</vdop><pdop>7.78828991944027</pdop><extensions><gpxtpx:TrackPointExtension><gpxtpx:speed>7674.29585202662111</gpxtpx:speed><gpxtpx:course>0.00000000000000</gpxtpx:course></gpxtpx:TrackPointExtension></extensions></trkpt>
      <trkpt lon="-137.07488155792231" lat="-79.70955818436238"><ele>521480.95145232696086</ele><time>2023-01-20T10:12:39.700Z</time><hdop>3.22846879891069</hdop><vdop>7.08738138221197</vdop><pdop>7.78806687455011</pdop><extensions><gpxtpx:TrackPointExtension><gpxtpx:speed>7672.54985577203479</gpxtpx:speed><gpxtpx:course>0.00000000000000</gpxtpx:course></gpxtpx:TrackPointExtension></extensions></trkpt>
      <trkpt lon="-137.09998383024910" lat="-79.70506795858076"><ele>521480.60747733339667</ele><time>2023-01-20T10:12:39.800Z</time><hdop>3.22909193810455</hdop><vdop>7.08685715836693</vdop><pdop>7.78784817056858</pdop><extensions><gpxtpx:TrackPointExtension><gpxtpx:speed>7673.25713789685778</gpxtpx:speed><gpxtpx:course>0.00000000000000</gpxtpx:course></gpxtpx:TrackPointExtension></extensions></trkpt>
      <trkpt lon="-137.12510877336715" lat="-79.70055129718318"><ele>521473.11486394703388</ele><time>2023-01-20T10:12:39.900Z</time><hdop>3.22971910974090</hdop><vdop>7.08633430724802</vdop><pdop>7.78763246705351</pdop><extensions><gpxtpx:TrackPointExtension><gpxtpx:speed>7674.00160292391593</gpxtpx:speed><gpxtpx:course>0.00000000000000</gpxtpx:course></gpxtpx:TrackPointExtension></extensions></trkpt>
      <trkpt lon="-137.15022291646625" lat="-79.69605933927204"><ele>521474.06361636240035</ele><time>2023-01-20T10:12:40.000Z</time><hdop>3.23034208734665</hdop><vdop>7.08580928671921</vdop><pdop>7.78741312946984</pdop><extensions><gpxtpx:TrackPointExtension><gpxtpx:speed>7672.88985877136838</gpxtpx:speed><gpxtpx:course>0.00000000000000</gpxtpx:course></gpxtpx:TrackPointExtension></extensions></trkpt>
      <trkpt lon="-137.17533686549081" lat="-79.69154670249836"><ele>521471.18493350315839</ele><time>2023-01-20T10:12:40.100Z</time><hdop>3.23096804521789</hdop><vdop>7.08528487648329</vdop><pdop>7.78719566276217</pdop><extensions><gpxtpx:TrackPointExtension><gpxtpx:speed>7672.34386278136571</gpxtpx:speed><gpxtpx:course>0.00000000000000</gpxtpx:course></gpxtpx:TrackPointExtension></extensions></trkpt>
      <trkpt lon="-137.20035733642058" lat="-79.68706024374727"><ele>521472.60596167668700</ele><time>2023-01-20T10:12:40.200Z</time><hdop>3.23158980852492</hdop><vdop>7.08476012037645</vdop><pdop>7.78697622019219</pdop><extensions><gpxtpx:TrackPointExtension><gpxtpx:speed>7674.90388443450775</gpxtpx:speed><gpxtpx:course>0.00000000000000</gpxtpx:course></gpxtpx:TrackPointExtension></extensions></trkpt>
      <trkpt lon="-137.22535388404506" lat="-79.68256700727871"><ele>521473.31178519874811</ele><time>2023-01-20T10:12:40.300Z</time><hdop>3.23221241570578</hdop><vdop>7.08423543914336</vdop><pdop>7.78675727485179</pdop><extensions><gpxtpx:TrackPointExtension><gpxtpx:speed>7672.81832526810558</gpxtpx:speed><gpxtpx:course>0.00000000000000</gpxtpx:course></gpxtpx:TrackPointExtension></extensions></trkpt>
      <trkpt lon="-137.25035598026966" lat="-79.67806827032240"><ele>521476.49858643487096</ele><time>2023-01-20T10:12:40.400Z</time><hdop>3.23283548606693</hdop><vdop>7.08370970556727</vdop><pdop>7.78653764344086</pdop><extensions><gpxtpx:TrackPointExtension><gpxtpx:speed>7673.40725876716169</gpxtpx:speed><gpxtpx:course>0.00000000000000</gpxtpx:course></gpxtpx:TrackPointExtension></extensions></trkpt>
      <trkpt lon="-137.27540956673266" lat="-79.67355416884932"><ele>521475.79268283676356</ele><time>2023-01-20T10:12:40.500Z</time><hdop>3.23346078600966</hdop><vdop>7.08318439746228</vdop><pdop>7.78631940412897</pdop><extensions><gpxtpx:TrackPointExtension><gpxtpx:speed>7672.67027669509298</gpxtpx:speed><gpxtpx:course>0.00000000000000</gpxtpx:course></gpxtpx:TrackPointExtension></extensions></trkpt>
      <trkpt lon="-137.30033564101183" lat="-79.66904510943768"><ele>521475.35792727954686</ele><time>2023-01-20T10:12:40.600Z</time><hdop>3.23408507577381</hdop><vdop>7.08265971872482</vdop><pdop>7.78610139727129</pdop><extensions><gpxtpx:TrackPointExtension><gpxtpx:speed>7672.35399260918803</gpxtpx:speed><gpxtpx:course>0.00000000000000</gpxtpx:course></gpxtpx:TrackPointExtension></extensions></trkpt>
      <trkpt lon="-137.32530953697380" lat="-79.66454964707442"><ele>521480.39881427399814</ele><time>2023-01-20T10:12:40.700Z</time><hdop>3.23470710369320</hdop><vdop>7.08213326308978</vdop><pdop>7.78588091373390</pdop><extensions><gpxtpx:TrackPointExtension><gpxtpx:speed>7673.57238661252541</gpxtpx:speed><gpxtpx:course>0.00000000000000</gpxtpx:course></gpxtpx:TrackPointExtension></extensions></trkpt>
      <trkpt lon="-137.35027824033895" lat="-79.66002567214436"><ele>521476.87587178405374</ele><time>2023-01-20T10:12:40.800Z</time><hdop>3.23533339885362</hdop><vdop>7.08160865135542</vdop><pdop>7.78566395965621</pdop><extensions><gpxtpx:TrackPointExtension><gpxtpx:speed>7673.82978148804432</gpxtpx:speed><gpxtpx:course>0.00000000000000</gpxtpx:course></gpxtpx:TrackPointExtension></extensions></trkpt>
      <trkpt lon="-137.37519356376245" lat="-79.65551990631747"><ele>521477.51402446161956</ele><time>2023-01-20T10:12:40.900Z</time><hdop>3.23595663925457</hdop><vdop>7.08108334635256</vdop><pdop>7.78544518503132</pdop><extensions><gpxtpx:TrackPointExtension><gpxtpx:speed>7672.78294773151629</gpxtpx:speed><gpxtpx:course>0.00000000000000</gpxtpx:course></gpxtpx:TrackPointExtension></extensions></trkpt>
      <trkpt lon="-137.40005847848505" lat="-79.65099627595298"><ele>521473.03476856369525</ele><time>2023-01-20T10:12:41.000Z</time><hdop>3.23658253818984</hdop><vdop>7.08055939297474</vdop><pdop>7.78522882412317</pdop><extensions><gpxtpx:TrackPointExtension><gpxtpx:speed>7672.93024577881806</gpxtpx:speed><gpxtpx:course>0.00000000000000</gpxtpx:course></gpxtpx:TrackPointExtension></extensions></trkpt>
      <trkpt lon="-137.42491979073324" lat="-79.64649318282956"><ele>521477.91674751881510</ele><time>2023-01-20T10:12:41.100Z</time><hdop>3.23720479541901</hdop><vdop>7.08003288833120</vdop><pdop>7.78500870823760</pdop><extensions><gpxtpx:TrackPointExtension><gpxtpx:speed>7672.97568345651416</gpxtpx:speed><gpxtpx:course>0.00000000000000</gpxtpx:course></gpxtpx:TrackPointExtension></extensions></trkpt>
      <trkpt lon="-137.44980668667273" lat="-79.64196476075242"><ele>521477.30086700990796</ele><time>2023-01-20T10:12:41.200Z</time><hdop>3.23783080909959</hdop><vdop>7.07950724794597</vdop><pdop>7.78479101980740</pdop><extensions><gpxtpx:TrackPointExtension><gpxtpx:speed>7673.12636370361997</gpxtpx:speed><gpxtpx:course>0.00000000000000</gpxtpx:course></gpxtpx:TrackPointExtension></extensions></trkpt>
      <trkpt lon="-137.47462350041172" lat="-79.63745066045982"><ele>521481.93722820188850</ele><time>2023-01-20T10:12:41.300Z</time><hdop>3.23845421999729</hdop><vdop>7.07898053767528</vdop><pdop>7.78457135543144</pdop><extensions><gpxtpx:TrackPointExtension><gpxtpx:speed>7674.06745613212570</gpxtpx:speed><gpxtpx:course>0.00000000000000</gpxtpx:course></gpxtpx:TrackPointExtension></extensions></trkpt>
      <trkpt lon="-137.49943778449952" lat="-79.63290268042688"><ele>521474.36977079696953</ele><time>2023-01-20T10:12:41.400Z</time><hdop>3.23908299256501</hdop><vdop>7.07845675796266</vdop><pdop>7.78435666622946</pdop><extensions><gpxtpx:TrackPointExtension><gpxtpx:speed>7672.89316798863274</gpxtpx:speed><gpxtpx:course>0.00000000000000</gpxtpx:course></gpxtpx:TrackPointExtension></extensions></trkpt>
      <trkpt lon="-137.52417143277921" lat="-79.62838552713190"><ele>521473.46351923234761</ele><time>2023-01-20T10:12:41.500Z</time><hdop>3.23970676823399</hdop><vdop>7.07793189280896</vdop><pdop>7.78413899049750</pdop><extensions><gpxtpx:TrackPointExtension><gpxtpx:speed>7672.61721620709432</gpxtpx:speed><gpxtpx:course>0.00000000000000</gpxtpx:course></gpxtpx:TrackPointExtension></extensions></trkpt>
      <trkpt lon="-137.54885811993083" lat="-79.62386715524728"><ele>521469.96067465189844</ele><time>2023-01-20T10:12:41.600Z</time><hdop>3.24033071981137</hdop><vdop>7.07740795838001</vdop><pdop>7.78392231353152</pdop><extensions><gpxtpx:TrackPointExtension><gpxtpx:speed>7673.48006222413915</gpxtpx:speed><gpxtpx:course>0.00000000000000</gpxtpx:course></gpxtpx:TrackPointExtension></extensions></trkpt>
      <trkpt lon="-137.57370321628221" lat="-79.61936250052509"><ele>521482.78121764399111</ele><time>2023-01-20T10:12:41.700Z</time><hdop>3.24095175896605</hdop><vdop>7.07687825429372</vdop><pdop>7.78369925742512</pdop><extensions><gpxtpx:TrackPointExtension><gpxtpx:speed>7673.03641177175996</gpxtpx:speed><gpxtpx:course>0.00000000000000</gpxtpx:course></gpxtpx:TrackPointExtension></extensions></trkpt>
      <trkpt lon="-137.59846501354309" lat="-79.61481110814142"><ele>521479.57312859874219</ele><time>2023-01-20T10:12:41.800Z</time><hdop>3.24157999702743</hdop><vdop>7.07635278712665</vdop><pdop>7.78348313064296</pdop><extensions><gpxtpx:TrackPointExtension><gpxtpx:speed>7671.94420493237976</gpxtpx:speed><gpxtpx:course>0.00000000000000</gpxtpx:course></gpxtpx:TrackPointExtension></extensions></trkpt>
      <trkpt lon="-137.62315925380457" lat="-79.61029813171007"><ele>521485.00531195942312</ele><time>2023-01-20T10:12:41.900Z</time><hdop>3.24220221187431</hdop><vdop>7.07582582229412</vdop><pdop>7.78326321346817</pdop><extensions><gpxtpx:TrackPointExtension><gpxtpx:speed>7672.55105018090671</gpxtpx:speed><gpxtpx:course>0.00000000000000</gpxtpx:course></gpxtpx:TrackPointExtension></extensions></trkpt>
      <trkpt lon="-137.64782724359924" lat="-79.60576638318895"><ele>521485.57995633222163</ele><time>2023-01-20T10:12:42.000Z</time><hdop>3.24282702760847</hdop><vdop>7.07529988031671</vdop><pdop>7.78304538901050</pdop><extensions><gpxtpx:TrackPointExtension><gpxtpx:speed>7673.87918737092969</gpxtpx:speed><gpxtpx:course>0.00000000000000</gpxtpx:course></gpxtpx:TrackPointExtension></extensions></trkpt>
      <trkpt lon="-137.67246574870296" lat="-79.60121352577075"><ele>521479.04471902549267</ele><time>2023-01-20T10:12:42.100Z</time><hdop>3.24345517706297</hdop><vdop>7.07477575168450</vdop><pdop>7.78283068184318</pdop><extensions><gpxtpx:TrackPointExtension><gpxtpx:speed>7673.57953359541170</gpxtpx:speed><gpxtpx:course>0.00000000000000</gpxtpx:course></gpxtpx:TrackPointExtension></extensions></trkpt>
      <trkpt lon="-137.69708783166340" lat="-79.59668250362003"><ele>521481.10349977761507</ele><time>2023-01-20T10:12:42.200Z</time><hdop>3.24407947259386</hdop><vdop>7.07424938186952</vdop><pdop>7.78261241109861</pdop><extensions><gpxtpx:TrackPointExtension><gpxtpx:speed>7673.00274462586276</gpxtpx:speed><gpxtpx:course>0.00000000000000</gpxtpx:course></gpxtpx:TrackPointExtension></extensions></trkpt>
      <trkpt lon="-137.72172604800934" lat="-79.59216722906382"><ele>521491.45776256173849</ele><time>2023-01-20T10:12:42.300Z</time><hdop>3.24470088966934</hdop><vdop>7.07372054555409</vdop><pdop>7.78239077790463</pdop><extensions><gpxtpx:TrackPointExtension><gpxtpx:speed>7673.77349741121725</gpxtpx:speed><gpxtpx:course>0.00000000000000</gpxtpx:course></gpxtpx:TrackPointExtension></extensions></trkpt>
      <trkpt lon="-137.74632561220204" lat="-79.58759515524341"><ele>521479.72872744686902</ele><time>2023-01-20T10:12:42.400Z</time><hdop>3.24533149871242</hdop><vdop>7.07319737693749</vdop><pdop>7.78217820855128</pdop><extensions><gpxtpx:TrackPointExtension><gpxtpx:speed>7674.30291883946848</gpxtpx:speed><gpxtpx:course>0.00000000000000</gpxtpx:course></gpxtpx:TrackPointExtension></extensions></trkpt>
      <trkpt lon="-137.77087596635755" lat="-79.58307294160569"><ele>521484.64048085361719</ele><time>2023-01-20T10:12:42.500Z</time><hdop>3.24595392038680</hdop><vdop>7.07267034150544</vdop><pdop>7.78195879023303</pdop><extensions><gpxtpx:TrackPointExtension><gpxtpx:speed>7673.11513369451950</gpxtpx:speed><gpxtpx:course>0.00000000000000</gpxtpx:course></gpxtpx:TrackPointExtension></extensions></trkpt>
      <trkpt lon="-137.79543293806691" lat="-79.57852683912712"><ele>521484.36663116887212</ele><time>2023-01-20T10:12:42.600Z</time><hdop>3.24657974436453</hdop><vdop>7.07214418834416</vdop><pdop>7.78174167248234</pdop><extensions><gpxtpx:TrackPointExtension><gpxtpx:speed>7673.18664741523207</gpxtpx:speed><gpxtpx:course>0.00000000000000</gpxtpx:course></gpxtpx:TrackPointExtension></extensions></trkpt>
      <trkpt lon="-137.81995074607408" lat="-79.57397766009289"><ele>521483.23054334055632</ele><time>2023-01-20T10:12:42.700Z</time><hdop>3.24720588009598</hdop><vdop>7.07161830400433</vdop><pdop>7.78152500897214</pdop><extensions><gpxtpx:TrackPointExtension><gpxtpx:speed>7672.27141092230977</gpxtpx:speed><gpxtpx:course>0.00000000000000</gpxtpx:course></gpxtpx:TrackPointExtension></extensions></trkpt>
      <trkpt lon="-137.84451191433905" lat="-79.56942411861624"><ele>521483.89537670370191</ele><time>2023-01-20T10:12:42.800Z</time><hdop>3.24783247224837</hdop><vdop>7.07109143559019</vdop><pdop>7.78130772160232</pdop><extensions><gpxtpx:TrackPointExtension><gpxtpx:speed>7674.31208014404911</gpxtpx:speed><gpxtpx:course>0.00000000000000</gpxtpx:course></gpxtpx:TrackPointExtension></extensions></trkpt>
      <trkpt lon="-137.86896653914405" lat="-79.56485775737038"><ele>521475.82362275291234</ele><time>2023-01-20T10:12:42.900Z</time><hdop>3.24846100367960</hdop><vdop>7.07056738715826</vdop><pdop>7.78109388638725</pdop><extensions><gpxtpx:TrackPointExtension><gpxtpx:speed>7672.56826555675798</gpxtpx:speed><gpxtpx:course>0.00000000000000</gpxtpx:course></gpxtpx:TrackPointExtension></extensions></trkpt>
      <trkpt lon="-137.89346627487720" lat="-79.56032354766957"><ele>521482.78144249413162</ele><time>2023-01-20T10:12:43.000Z</time><hdop>3.24908410657167</hdop><vdop>7.07003908077119</vdop><pdop>7.78087399558742</pdop><extensions><gpxtpx:TrackPointExtension><gpxtpx:speed>7671.98374200479611</gpxtpx:speed><gpxtpx:course>0.00000000000000</gpxtpx:course></gpxtpx:TrackPointExtension></extensions></trkpt>
      <trkpt lon="-137.91786072980670" lat="-79.55577919857738"><ele>521481.50217534042895</ele><time>2023-01-20T10:12:43.100Z</time><hdop>3.24970885075378</hdop><vdop>7.06951352143165</vdop><pdop>7.78065736582536</pdop><extensions><gpxtpx:TrackPointExtension><gpxtpx:speed>7671.54025147431821</gpxtpx:speed><gpxtpx:course>0.00000000000000</gpxtpx:course></gpxtpx:TrackPointExtension></extensions></trkpt>
      <trkpt lon="-137.94230691411957" lat="-79.55122092790504"><ele>521482.12302755936980</ele><time>2023-01-20T10:12:43.200Z</time><hdop>3.25033529491895</hdop><vdop>7.06898665611094</vdop><pdop>7.78044033931694</pdop><extensions><gpxtpx:TrackPointExtension><gpxtpx:speed>7672.41663202265499</gpxtpx:speed><gpxtpx:course>0.00000000000000</gpxtpx:course></gpxtpx:TrackPointExtension></extensions></trkpt>
      <trkpt lon="-137.96670094148817" lat="-79.54666533663298"><ele>521482.09497589245439</ele><time>2023-01-20T10:12:43.300Z</time><hdop>3.25096122875137</hdop><vdop>7.06846022009082</vdop><pdop>7.78022356965730</pdop><extensions><gpxtpx:TrackPointExtension><gpxtpx:speed>7672.97726557762417</gpxtpx:speed><gpxtpx:course>0.00000000000000</gpxtpx:course></gpxtpx:TrackPointExtension></extensions></trkpt>
      <trkpt lon="-137.99110088938207" lat="-79.54209614196321"><ele>521480.25399800483137</ele><time>2023-01-20T10:12:43.400Z</time><hdop>3.25158894870192</hdop><vdop>7.06793385279255</vdop><pdop>7.78000768886326</pdop><extensions><gpxtpx:TrackPointExtension><gpxtpx:speed>7673.35417840508853</gpxtpx:speed><gpxtpx:course>0.00000000000000</gpxtpx:course></gpxtpx:TrackPointExtension></extensions></trkpt>
      <trkpt lon="-138.01548757102074" lat="-79.53754317197871"><ele>521484.33685875032097</ele><time>2023-01-20T10:12:43.500Z</time><hdop>3.25221396689424</hdop><vdop>7.06740598803670</vdop><pdop>7.77978939857622</pdop><extensions><gpxtpx:TrackPointExtension><gpxtpx:speed>7672.98874155366411</gpxtpx:speed><gpxtpx:course>0.00000000000000</gpxtpx:course></gpxtpx:TrackPointExtension></extensions></trkpt>
      <trkpt lon="-138.03985487593727" lat="-79.53297895879153"><ele>521484.16331618838012</ele><time>2023-01-20T10:12:43.600Z</time><hdop>3.25284054250934</hdop><vdop>7.06687914479663</vdop><pdop>7.77957276732816</pdop><extensions><gpxtpx:TrackPointExtension><gpxtpx:speed>7674.16857687147694</gpxtpx:speed><gpxtpx:course>0.00000000000000</gpxtpx:course></gpxtpx:TrackPointExtension></extensions></trkpt>
      <trkpt lon="-138.06415652457144" lat="-79.52841480663901"><ele>521482.95372979622334</ele><time>2023-01-20T10:12:43.700Z</time><hdop>3.25346697552712</hdop><vdop>7.06635286137345</vdop><pdop>7.77935666506469</pdop><extensions><gpxtpx:TrackPointExtension><gpxtpx:speed>7673.33065295861707</gpxtpx:speed><gpxtpx:course>0.00000000000000</gpxtpx:course></gpxtpx:TrackPointExtension></extensions></trkpt>
      <trkpt lon="-138.08846227430556" lat="-79.52383524007932"><ele>521479.92331994697452</ele><time>2023-01-20T10:12:43.800Z</time><hdop>3.25409559839803</hdop><vdop>7.06582666646480</vdop><pdop>7.77914163928376</pdop><extensions><gpxtpx:TrackPointExtension><gpxtpx:speed>7673.15603917027511</gpxtpx:speed><gpxtpx:course>0.00000000000000</gpxtpx:course></gpxtpx:TrackPointExtension></extensions></trkpt>
      <trkpt lon="-138.11272745756207" lat="-79.51928272122208"><ele>521484.52991487365216</ele><time>2023-01-20T10:12:43.900Z</time><hdop>3.25471971351673</hdop><vdop>7.06529879248987</vdop><pdop>7.77892328286590</pdop><extensions><gpxtpx:TrackPointExtension><gpxtpx:speed>7671.54522371889925</gpxtpx:speed><gpxtpx:course>0.00000000000000</gpxtpx:course></gpxtpx:TrackPointExtension></extensions></trkpt>
      <trkpt lon="-138.13696904311030" lat="-79.51471602592864"><ele>521481.65416049305350</ele><time>2023-01-20T10:12:44.000Z</time><hdop>3.25534610420026</hdop><vdop>7.06477293240816</vdop><pdop>7.77870778758393</pdop><extensions><gpxtpx:TrackPointExtension><gpxtpx:speed>7673.15181695789761</gpxtpx:speed><gpxtpx:course>0.00000000000000</gpxtpx:course></gpxtpx:TrackPointExtension></extensions></trkpt>
      <trkpt lon="-138.16123573047972" lat="-79.51015665770787"><ele>521486.09542837552726</ele><time>2023-01-20T10:12:44.100Z</time><hdop>3.25597086960664</hdop><vdop>7.06424465977450</vdop><pdop>7.77848950098151</pdop><extensions><gpxtpx:TrackPointExtension><gpxtpx:speed>7672.63140139907227</gpxtpx:speed><gpxtpx:course>0.00000000000000</gpxtpx:course></gpxtpx:TrackPointExtension></extensions></trkpt>
      <trkpt lon="-138.18543091935567" lat="-79.50556877681393"><ele>521481.73651117365807</ele><time>2023-01-20T10:12:44.200Z</time><hdop>3.25659989973263</hdop><vdop>7.06371876744893</vdop><pdop>7.77827524150109</pdop><extensions><gpxtpx:TrackPointExtension><gpxtpx:speed>7673.59385200350698</gpxtpx:speed><gpxtpx:course>0.00000000000000</gpxtpx:course></gpxtpx:TrackPointExtension></extensions></trkpt>
      <trkpt lon="-138.20966740805736" lat="-79.50098091901779"><ele>521481.56341495644301</ele><time>2023-01-20T10:12:44.300Z</time><hdop>3.25722853969385</hdop><vdop>7.06319118314923</vdop><pdop>7.77805936268895</pdop><extensions><gpxtpx:TrackPointExtension><gpxtpx:speed>7674.35954696833960</gpxtpx:speed><gpxtpx:course>0.00000000000000</gpxtpx:course></gpxtpx:TrackPointExtension></extensions></trkpt>
      <trkpt lon="-138.23389914503076" lat="-79.49641540619528"><ele>521485.17166697140783</ele><time>2023-01-20T10:12:44.400Z</time><hdop>3.25785374286651</hdop><vdop>7.06266287320425</vdop><pdop>7.77784146601402</pdop><extensions><gpxtpx:TrackPointExtension><gpxtpx:speed>7674.55078709298596</gpxtpx:speed><gpxtpx:course>0.00000000000000</gpxtpx:course></gpxtpx:TrackPointExtension></extensions></trkpt>
      <trkpt lon="-138.25807357919265" lat="-79.49184631915925"><ele>521487.73963389452547</ele><time>2023-01-20T10:12:44.500Z</time><hdop>3.25847931784987</hdop><vdop>7.06213499118858</vdop><pdop>7.77762419371272</pdop><extensions><gpxtpx:TrackPointExtension><gpxtpx:speed>7673.41681573435653</gpxtpx:speed><gpxtpx:course>0.00000000000000</gpxtpx:course></gpxtpx:TrackPointExtension></extensions></trkpt>
      <trkpt lon="-138.28218190604153" lat="-79.48725263572618"><ele>521483.90705926343799</ele><time>2023-01-20T10:12:44.600Z</time><hdop>3.25910838851575</hdop><vdop>7.06160876086745</vdop><pdop>7.77740996602684</pdop><extensions><gpxtpx:TrackPointExtension><gpxtpx:speed>7672.53815505885905</gpxtpx:speed><gpxtpx:course>0.00000000000000</gpxtpx:course></gpxtpx:TrackPointExtension></extensions></trkpt>
      <trkpt lon="-138.30631040980322" lat="-79.48268866416558"><ele>521487.03979096934199</ele><time>2023-01-20T10:12:44.700Z</time><hdop>3.25973286155104</hdop><vdop>7.06108081221249</vdop><pdop>7.77719233176544</pdop><extensions><gpxtpx:TrackPointExtension><gpxtpx:speed>7672.73335716103247</gpxtpx:speed><gpxtpx:course>0.00000000000000</gpxtpx:course></gpxtpx:TrackPointExtension></extensions></trkpt>
      <trkpt lon="-138.33042833555004" lat="-79.47807186342547"><ele>521479.52758716698736</ele><time>2023-01-20T10:12:44.800Z</time><hdop>3.26036515193628</hdop><vdop>7.06055486885602</vdop><pdop>7.77697987525279</pdop><extensions><gpxtpx:TrackPointExtension><gpxtpx:speed>7673.05107409352422</gpxtpx:speed><gpxtpx:course>0.00000000000000</gpxtpx:course></gpxtpx:TrackPointExtension></extensions></trkpt>
      <trkpt lon="-138.35443920196536" lat="-79.47349360414213"><ele>521479.28785831388086</ele><time>2023-01-20T10:12:44.900Z</time><hdop>3.26099127682196</hdop><vdop>7.06002804365143</vdop><pdop>7.77676411399070</pdop><extensions><gpxtpx:TrackPointExtension><gpxtpx:speed>7673.40042291958252</gpxtpx:speed><gpxtpx:course>0.00000000000000</gpxtpx:course></gpxtpx:TrackPointExtension></extensions></trkpt>
      <trkpt lon="-138.37852997464478" lat="-79.46890611401317"><ele>521480.47550180740654</ele><time>2023-01-20T10:12:45.000Z</time><hdop>3.26161862541667</hdop><vdop>7.05949997365289</vdop><pdop>7.77654781607303</pdop><extensions><gpxtpx:TrackPointExtension><gpxtpx:speed>7672.36009358607498</gpxtpx:speed><gpxtpx:course>0.00000000000000</gpxtpx:course></gpxtpx:TrackPointExtension></extensions></trkpt>
      <trkpt lon="-138.40256410264624" lat="-79.46434384798754"><ele>521487.56923916935921</ele><time>2023-01-20T10:12:45.100Z</time><hdop>3.26224190552561</hdop><vdop>7.05897091432500</vdop><pdop>7.77632899377680</pdop><extensions><gpxtpx:TrackPointExtension><gpxtpx:speed>7673.30425634280346</gpxtpx:speed><gpxtpx:course>0.00000000000000</gpxtpx:course></gpxtpx:TrackPointExtension></extensions></trkpt>
      <trkpt lon="-138.42661730805034" lat="-79.45974386514824"><ele>521485.33061333093792</ele><time>2023-01-20T10:12:45.200Z</time><hdop>3.26287083992073</hdop><vdop>7.05844355761024</vdop><pdop>7.77611416929911</pdop><extensions><gpxtpx:TrackPointExtension><gpxtpx:speed>7673.65161276052095</gpxtpx:speed><gpxtpx:course>0.00000000000000</gpxtpx:course></gpxtpx:TrackPointExtension></extensions></trkpt>
      <trkpt lon="-138.45058842283026" lat="-79.45517494699398"><ele>521491.42720706481487</ele><time>2023-01-20T10:12:45.300Z</time><hdop>3.26349466693651</hdop><vdop>7.05791470089027</vdop><pdop>7.77589592048183</pdop><extensions><gpxtpx:TrackPointExtension><gpxtpx:speed>7673.43449582184167</gpxtpx:speed><gpxtpx:course>0.00000000000000</gpxtpx:course></gpxtpx:TrackPointExtension></extensions></trkpt>
      <trkpt lon="-138.47453650217679" lat="-79.45056242856357"><ele>521486.53814652282745</ele><time>2023-01-20T10:12:45.400Z</time><hdop>3.26412516013652</hdop><vdop>7.05738824980085</vdop><pdop>7.77568273333367</pdop><extensions><gpxtpx:TrackPointExtension><gpxtpx:speed>7672.49879986590258</gpxtpx:speed><gpxtpx:course>0.00000000000000</gpxtpx:course></gpxtpx:TrackPointExtension></extensions></trkpt>
      <trkpt lon="-138.49850064625446" lat="-79.44596641714001"><ele>521487.43928949721158</ele><time>2023-01-20T10:12:45.500Z</time><hdop>3.26475272304044</hdop><vdop>7.05686012228565</vdop><pdop>7.77546687524970</pdop><extensions><gpxtpx:TrackPointExtension><gpxtpx:speed>7674.54795544333138</gpxtpx:speed><gpxtpx:course>0.00000000000000</gpxtpx:course></gpxtpx:TrackPointExtension></extensions></trkpt>
      <trkpt lon="-138.52250010127872" lat="-79.44135511472354"><ele>521488.49403760675341</ele><time>2023-01-20T10:12:45.600Z</time><hdop>3.26538234322234</hdop><vdop>7.05633128984930</vdop><pdop>7.77525132195317</pdop><extensions><gpxtpx:TrackPointExtension><gpxtpx:speed>7673.09263797584026</gpxtpx:speed><gpxtpx:course>0.00000000000000</gpxtpx:course></gpxtpx:TrackPointExtension></extensions></trkpt>
      <trkpt lon="-138.54639879519581" lat="-79.43676223402161"><ele>521485.63254536222667</ele><time>2023-01-20T10:12:45.700Z</time><hdop>3.26600935477289</hdop><vdop>7.05580451066675</vdop><pdop>7.77503661716196</pdop><extensions><gpxtpx:TrackPointExtension><gpxtpx:speed>7671.79888713504897</gpxtpx:speed><gpxtpx:course>0.00000000000000</gpxtpx:course></gpxtpx:TrackPointExtension></extensions></trkpt>
      <trkpt lon="-138.57031661156933" lat="-79.43214268259577"><ele>521483.35308815911412</ele><time>2023-01-20T10:12:45.800Z</time><hdop>3.26663994193395</hdop><vdop>7.05527668671002</vdop><pdop>7.77482254693136</pdop><extensions><gpxtpx:TrackPointExtension><gpxtpx:speed>7673.84616974746950</gpxtpx:speed><gpxtpx:course>0.00000000000000</gpxtpx:course></gpxtpx:TrackPointExtension></extensions></trkpt>
      <trkpt lon="-138.59423570149320" lat="-79.42753883169212"><ele>521484.67412611562759</ele><time>2023-01-20T10:12:45.900Z</time><hdop>3.26726794047911</hdop><vdop>7.05474801418322</vdop><pdop>7.77460669992410</pdop><extensions><gpxtpx:TrackPointExtension><gpxtpx:speed>7672.61332880570899</gpxtpx:speed><gpxtpx:course>0.00000000000000</gpxtpx:course></gpxtpx:TrackPointExtension></extensions></trkpt>
      <trkpt lon="-138.61795926779706" lat="-79.42298582039454"><ele>521491.14061138033867</ele><time>2023-01-20T10:12:46.000Z</time><hdop>3.26788829514217</hdop><vdop>7.05421994651368</vdop><pdop>7.77438826939578</pdop><extensions><gpxtpx:TrackPointExtension><gpxtpx:speed>7674.30633820444746</gpxtpx:speed><gpxtpx:course>0.00000000000000</gpxtpx:course></gpxtpx:TrackPointExtension></extensions></trkpt>
      <trkpt lon="-138.64180606171706" lat="-79.41835249788433"><ele>521481.74312913231552</ele><time>2023-01-20T10:12:46.100Z</time><hdop>3.26852094530804</hdop><vdop>7.05369410581426</vdop><pdop>7.77417710811351</pdop><extensions><gpxtpx:TrackPointExtension><gpxtpx:speed>7672.80926525637369</gpxtpx:speed><gpxtpx:course>0.00000000000000</gpxtpx:course></gpxtpx:TrackPointExtension></extensions></trkpt>
      <trkpt lon="-138.66567230634169" lat="-79.41374939949883"><ele>521486.38430144917220</ele><time>2023-01-20T10:12:46.200Z</time><hdop>3.26914794540090</hdop><vdop>7.05316423067334</vdop><pdop>7.77395999177825</pdop><extensions><gpxtpx:TrackPointExtension><gpxtpx:speed>7673.98321310765459</gpxtpx:speed><gpxtpx:course>0.00000000000000</gpxtpx:course></gpxtpx:TrackPointExtension></extensions></trkpt>
      <trkpt lon="-138.68950932906083" lat="-79.40912888838031"><ele>521489.55522228591144</ele><time>2023-01-20T10:12:46.300Z</time><hdop>3.26977735691612</hdop><vdop>7.05263450875962</vdop><pdop>7.77374410936894</pdop><extensions><gpxtpx:TrackPointExtension><gpxtpx:speed>7674.51812822418105</gpxtpx:speed><gpxtpx:course>0.00000000000000</gpxtpx:course></gpxtpx:TrackPointExtension></extensions></trkpt>
      <trkpt lon="-138.71327943833865" lat="-79.40457620652685"><ele>521512.14819778781384</ele><time>2023-01-20T10:12:46.400Z</time><hdop>3.27039633929150</hdop><vdop>7.05210087462748</vdop><pdop>7.77352037123290</pdop><extensions><gpxtpx:TrackPointExtension><gpxtpx:speed>7673.14989159974721</gpxtpx:speed><gpxtpx:course>0.00000000000000</gpxtpx:course></gpxtpx:TrackPointExtension></extensions></trkpt>
      <trkpt lon="-138.73705900165760" lat="-79.39984510207492"><ele>521473.75459141936153</ele><time>2023-01-20T10:12:46.500Z</time><hdop>3.27104330060501</hdop><vdop>7.05158132521720</vdop><pdop>7.77332126317862</pdop><extensions><gpxtpx:TrackPointExtension><gpxtpx:speed>7674.10538723791160</gpxtpx:speed><gpxtpx:course>0.00000000000000</gpxtpx:course></gpxtpx:TrackPointExtension></extensions></trkpt>
      <trkpt lon="-138.76077166655833" lat="-79.39524708775713"><ele>521476.15618686471134</ele><time>2023-01-20T10:12:46.600Z</time><hdop>3.27166906770535</hdop><vdop>7.05105267969315</vdop><pdop>7.77310506685636</pdop><extensions><gpxtpx:TrackPointExtension><gpxtpx:speed>7672.81273016261275</gpxtpx:speed><gpxtpx:course>0.00000000000000</gpxtpx:course></gpxtpx:TrackPointExtension></extensions></trkpt>
      <trkpt lon="-138.78449578050689" lat="-79.39065470511322"><ele>521487.54379483405501</ele><time>2023-01-20T10:12:46.700Z</time><hdop>3.27229355124790</hdop><vdop>7.05052129118036</vdop><pdop>7.77288592241814</pdop><extensions><gpxtpx:TrackPointExtension><gpxtpx:speed>7672.83788180217744</gpxtpx:speed><gpxtpx:course>0.00000000000000</gpxtpx:course></gpxtpx:TrackPointExtension></extensions></trkpt>
      <trkpt lon="-138.80816613275533" lat="-79.38606334448266"><ele>521491.28159644734114</ele><time>2023-01-20T10:12:46.800Z</time><hdop>3.27291815912904</hdop><vdop>7.04999243251063</vdop><pdop>7.77266920528680</pdop><extensions><gpxtpx:TrackPointExtension><gpxtpx:speed>7673.98581768187341</gpxtpx:speed><gpxtpx:course>0.00000000000000</gpxtpx:course></gpxtpx:TrackPointExtension></extensions></trkpt>
      <trkpt lon="-138.83184599700385" lat="-79.38143078840118"><ele>521487.82159755937755</ele><time>2023-01-20T10:12:46.900Z</time><hdop>3.27354872459645</hdop><vdop>7.04946462808721</vdop><pdop>7.77245603364598</pdop><extensions><gpxtpx:TrackPointExtension><gpxtpx:speed>7673.29878896394803</gpxtpx:speed><gpxtpx:course>0.00000000000000</gpxtpx:course></gpxtpx:TrackPointExtension></extensions></trkpt>
      <trkpt lon="-138.85551356496026" lat="-79.37683759672285"><ele>521494.78523549251258</ele><time>2023-01-20T10:12:47.000Z</time><hdop>3.27417304704797</hdop><vdop>7.04893445984347</vdop><pdop>7.77223816935535</pdop><extensions><gpxtpx:TrackPointExtension><gpxtpx:speed>7671.98732916492190</gpxtpx:speed><gpxtpx:course>0.00000000000000</gpxtpx:course></gpxtpx:TrackPointExtension></extensions></trkpt>
      <trkpt lon="-138.87920502243054" lat="-79.37212299366418"><ele>521464.39995025563985</ele><time>2023-01-20T10:12:47.100Z</time><hdop>3.27481637571265</hdop><vdop>7.04841261039526</vdop><pdop>7.77203593796469</pdop><extensions><gpxtpx:TrackPointExtension><gpxtpx:speed>7672.87574609672265</gpxtpx:speed><gpxtpx:course>0.00000000000000</gpxtpx:course></gpxtpx:TrackPointExtension></extensions></trkpt>
      <trkpt lon="-138.90278061268165" lat="-79.36756619051624"><ele>521488.65850059129298</ele><time>2023-01-20T10:12:47.200Z</time><hdop>3.27543398120447</hdop><vdop>7.04787824149032</vdop><pdop>7.77181159525253</pdop><extensions><gpxtpx:TrackPointExtension><gpxtpx:speed>7673.39709996763941</gpxtpx:speed><gpxtpx:course>0.00000000000000</gpxtpx:course></gpxtpx:TrackPointExtension></extensions></trkpt>
      <trkpt lon="-138.92633064769404" lat="-79.36298162842087"><ele>521501.84510496258736</ele><time>2023-01-20T10:12:47.300Z</time><hdop>3.27605638589529</hdop><vdop>7.04734683516035</vdop><pdop>7.77159204144234</pdop><extensions><gpxtpx:TrackPointExtension><gpxtpx:speed>7673.21845264317290</gpxtpx:speed><gpxtpx:course>0.00000000000000</gpxtpx:course></gpxtpx:TrackPointExtension></extensions></trkpt>
      <trkpt lon="-138.94993028741456" lat="-79.35832464726592"><ele>521492.08139130007476</ele><time>2023-01-20T10:12:47.400Z</time><hdop>3.27668973349723</hdop><vdop>7.04682011357449</vdop><pdop>7.77138142949399</pdop><extensions><gpxtpx:TrackPointExtension><gpxtpx:speed>7673.46605759904014</gpxtpx:speed><gpxtpx:course>0.00000000000000</gpxtpx:course></gpxtpx:TrackPointExtension></extensions></trkpt>
      <trkpt lon="-138.97345252079555" lat="-79.35369229527807"><ele>521491.05092378146946</ele><time>2023-01-20T10:12:47.500Z</time><hdop>3.27731924085079</hdop><vdop>7.04629173980068</vdop><pdop>7.77116778153928</pdop><extensions><gpxtpx:TrackPointExtension><gpxtpx:speed>7673.52939967954899</gpxtpx:speed><gpxtpx:course>0.00000000000000</gpxtpx:course></gpxtpx:TrackPointExtension></extensions></trkpt>
      <trkpt lon="-138.99696189134423" lat="-79.34908354290124"><ele>521497.34833937510848</ele><time>2023-01-20T10:12:47.600Z</time><hdop>3.27794450048035</hdop><vdop>7.04576149463425</vdop><pdop>7.77095072610166</pdop><extensions><gpxtpx:TrackPointExtension><gpxtpx:speed>7674.65001200800907</gpxtpx:speed><gpxtpx:course>0.00000000000000</gpxtpx:course></gpxtpx:TrackPointExtension></extensions></trkpt>
      <trkpt lon="-139.02051893016201" lat="-79.34442909102445"><ele>521493.22612904291600</ele><time>2023-01-20T10:12:47.700Z</time><hdop>3.27857685491663</hdop><vdop>7.04523305081068</vdop><pdop>7.77073837764663</pdop><extensions><gpxtpx:TrackPointExtension><gpxtpx:speed>7673.01211375798175</gpxtpx:speed><gpxtpx:course>0.00000000000000</gpxtpx:course></gpxtpx:TrackPointExtension></extensions></trkpt>
      <trkpt lon="-139.04406164766635" lat="-79.33977124689683"><ele>521487.87904012855142</ele><time>2023-01-20T10:12:47.800Z</time><hdop>3.27920958410480</hdop><vdop>7.04470484350235</vdop><pdop>7.77052648335685</pdop><extensions><gpxtpx:TrackPointExtension><gpxtpx:speed>7672.33462284868438</gpxtpx:speed><gpxtpx:course>0.00000000000000</gpxtpx:course></gpxtpx:TrackPointExtension></extensions></trkpt>
      <trkpt lon="-139.06754984636385" lat="-79.33512434615278"><ele>521487.12119548767805</ele><time>2023-01-20T10:12:47.900Z</time><hdop>3.27984032046177</hdop><vdop>7.04417567203110</vdop><pdop>7.77031295548394</pdop><extensions><gpxtpx:TrackPointExtension><gpxtpx:speed>7673.57358202490104</gpxtpx:speed><gpxtpx:course>0.00000000000000</gpxtpx:course></gpxtpx:TrackPointExtension></extensions></trkpt>
      <trkpt lon="-139.09097247185963" lat="-79.33049702837275"><ele>521489.84002602379769</ele><time>2023-01-20T10:12:48.000Z</time><hdop>3.28046785121002</hdop><vdop>7.04364614772199</vdop><pdop>7.77009783575094</pdop><extensions><gpxtpx:TrackPointExtension><gpxtpx:speed>7672.81497641113856</gpxtpx:speed><gpxtpx:course>0.00000000000000</gpxtpx:course></gpxtpx:TrackPointExtension></extensions></trkpt>
      <trkpt lon="-139.11438227556479" lat="-79.32586820949280"><ele>521491.38715052604675</ele><time>2023-01-20T10:12:48.100Z</time><hdop>3.28109554043321</hdop><vdop>7.04311690091598</vdop><pdop>7.76988311529968</pdop><extensions><gpxtpx:TrackPointExtension><gpxtpx:speed>7673.14945420962704</gpxtpx:speed><gpxtpx:course>0.00000000000000</gpxtpx:course></gpxtpx:TrackPointExtension></extensions></trkpt>
      <trkpt lon="-139.13780982805861" lat="-79.32123699831891"><ele>521491.41558885015547</ele><time>2023-01-20T10:12:48.200Z</time><hdop>3.28172361529492</hdop><vdop>7.04258783474696</vdop><pdop>7.76966880229204</pdop><extensions><gpxtpx:TrackPointExtension><gpxtpx:speed>7671.09861975312288</gpxtpx:speed><gpxtpx:course>0.00000000000000</gpxtpx:course></gpxtpx:TrackPointExtension></extensions></trkpt>
      <trkpt lon="-139.16121317526122" lat="-79.31659613780130"><ele>521495.20150482095778</ele><time>2023-01-20T10:12:48.300Z</time><hdop>3.28235244625092</hdop><vdop>7.04205736101290</vdop><pdop>7.76945361381387</pdop><extensions><gpxtpx:TrackPointExtension><gpxtpx:speed>7673.02858756347905</gpxtpx:speed><gpxtpx:course>0.00000000000000</gpxtpx:course></gpxtpx:TrackPointExtension></extensions></trkpt>
      <trkpt lon="-139.18456157867485" lat="-79.31194492738285"><ele>521490.97257991321385</ele><time>2023-01-20T10:12:48.400Z</time><hdop>3.28298310500542</hdop><vdop>7.04152930190745</vdop><pdop>7.76924146731019</pdop><extensions><gpxtpx:TrackPointExtension><gpxtpx:speed>7672.02316561257794</gpxtpx:speed><gpxtpx:course>0.00000000000000</gpxtpx:course></gpxtpx:TrackPointExtension></extensions></trkpt>
      <trkpt lon="-139.20796051407962" lat="-79.30729664073027"><ele>521492.95651752687991</ele><time>2023-01-20T10:12:48.500Z</time><hdop>3.28361281857316</hdop><vdop>7.04099898676422</vdop><pdop>7.76902695798597</pdop><extensions><gpxtpx:TrackPointExtension><gpxtpx:speed>7673.25389008580896</gpxtpx:speed><gpxtpx:course>0.00000000000000</gpxtpx:course></gpxtpx:TrackPointExtension></extensions></trkpt>
      <trkpt lon="-139.23136377137328" lat="-79.30261619769307"><ele>521487.89586392231286</ele><time>2023-01-20T10:12:48.600Z</time><hdop>3.28424732130683</hdop><vdop>7.04046989431338</vdop><pdop>7.76881566265053</pdop><extensions><gpxtpx:TrackPointExtension><gpxtpx:speed>7673.50837855247482</gpxtpx:speed><gpxtpx:course>0.00000000000000</gpxtpx:course></gpxtpx:TrackPointExtension></extensions></trkpt>
      <trkpt lon="-139.25465332907876" lat="-79.29797769323478"><ele>521487.01316579524428</ele><time>2023-01-20T10:12:48.700Z</time><hdop>3.28487550897052</hdop><vdop>7.03994107238901</vdop><pdop>7.76860202431197</pdop><extensions><gpxtpx:TrackPointExtension><gpxtpx:speed>7672.93827100614362</gpxtpx:speed><gpxtpx:course>0.00000000000000</gpxtpx:course></gpxtpx:TrackPointExtension></extensions></trkpt>
      <trkpt lon="-139.27794943632142" lat="-79.29334348233616"><ele>521494.25135552231222</ele><time>2023-01-20T10:12:48.800Z</time><hdop>3.28550242765573</hdop><vdop>7.03940971454078</vdop><pdop>7.76838563224708</pdop><extensions><gpxtpx:TrackPointExtension><gpxtpx:speed>7673.32154096767226</gpxtpx:speed><gpxtpx:course>0.00000000000000</gpxtpx:course></gpxtpx:TrackPointExtension></extensions></trkpt>
      <trkpt lon="-139.30116598140395" lat="-79.28869852017100"><ele>521493.72187062818557</ele><time>2023-01-20T10:12:48.900Z</time><hdop>3.28613109310911</hdop><vdop>7.03888079212672</vdop><pdop>7.76817226681212</pdop><extensions><gpxtpx:TrackPointExtension><gpxtpx:speed>7674.25185712850180</gpxtpx:speed><gpxtpx:course>0.00000000000000</gpxtpx:course></gpxtpx:TrackPointExtension></extensions></trkpt>
      <trkpt lon="-139.32441058934518" lat="-79.28403929000967"><ele>521490.70813837088645</ele><time>2023-01-20T10:12:49.000Z</time><hdop>3.28676184668629</hdop><vdop>7.03835200526724</vdop><pdop>7.76795998875393</pdop><extensions><gpxtpx:TrackPointExtension><gpxtpx:speed>7672.81985479829382</gpxtpx:speed><gpxtpx:course>0.00000000000000</gpxtpx:course></gpxtpx:TrackPointExtension></extensions></trkpt>
      <trkpt lon="-139.34767640212127" lat="-79.27937928279201"><ele>521492.75606903433800</ele><time>2023-01-20T10:12:49.100Z</time><hdop>3.28739217348279</hdop><vdop>7.03782137652168</vdop><pdop>7.76774594268513</pdop><extensions><gpxtpx:TrackPointExtension><gpxtpx:speed>7673.70837921058137</gpxtpx:speed><gpxtpx:course>0.00000000000000</gpxtpx:course></gpxtpx:TrackPointExtension></extensions></trkpt>
      <trkpt lon="-139.37094467356903" lat="-79.27473218741213"><ele>521500.90246864408255</ele><time>2023-01-20T10:12:49.200Z</time><hdop>3.28802018960107</hdop><vdop>7.03728906688048</vdop><pdop>7.76752947712848</pdop><extensions><gpxtpx:TrackPointExtension><gpxtpx:speed>7673.47103583679473</gpxtpx:speed><gpxtpx:course>0.00000000000000</gpxtpx:course></gpxtpx:TrackPointExtension></extensions></trkpt>
      <trkpt lon="-139.39411189576850" lat="-79.27006492783237"><ele>521496.49009700492024</ele><time>2023-01-20T10:12:49.300Z</time><hdop>3.28865158986208</hdop><vdop>7.03676060633324</vdop><pdop>7.76731801269561</pdop><extensions><gpxtpx:TrackPointExtension><gpxtpx:speed>7673.54598936891580</gpxtpx:speed><gpxtpx:course>0.00000000000000</gpxtpx:course></gpxtpx:TrackPointExtension></extensions></trkpt>
      <trkpt lon="-139.41726477231035" lat="-79.26540642876692"><ele>521493.97250900417566</ele><time>2023-01-20T10:12:49.400Z</time><hdop>3.28928151610213</hdop><vdop>7.03623169429014</vdop><pdop>7.76710559654652</pdop><extensions><gpxtpx:TrackPointExtension><gpxtpx:speed>7673.38607133754795</gpxtpx:speed><gpxtpx:course>0.00000000000000</gpxtpx:course></gpxtpx:TrackPointExtension></extensions></trkpt>
      <trkpt lon="-139.44047988986182" lat="-79.26073164352432"><ele>521492.74246204830706</ele><time>2023-01-20T10:12:49.500Z</time><hdop>3.28991348525981</hdop><vdop>7.03570147077968</vdop><pdop>7.76689293903461</pdop><extensions><gpxtpx:TrackPointExtension><gpxtpx:speed>7673.51068397780455</gpxtpx:speed><gpxtpx:course>0.00000000000000</gpxtpx:course></gpxtpx:TrackPointExtension></extensions></trkpt>
      <trkpt lon="-139.46360762385072" lat="-79.25606928448910"><ele>521490.48430971615016</ele><time>2023-01-20T10:12:49.600Z</time><hdop>3.29054353744133</hdop><vdop>7.03517229127498</vdop><pdop>7.76668049682232</pdop><extensions><gpxtpx:TrackPointExtension><gpxtpx:speed>7674.08934677993784</gpxtpx:speed><gpxtpx:course>0.00000000000000</gpxtpx:course></gpxtpx:TrackPointExtension></extensions></trkpt>
      <trkpt lon="-139.48674362152934" lat="-79.25139006535640"><ele>521490.71134408190846</ele><time>2023-01-20T10:12:49.700Z</time><hdop>3.29117558218080</hdop><vdop>7.03464173372571</vdop><pdop>7.76646773215589</pdop><extensions><gpxtpx:TrackPointExtension><gpxtpx:speed>7674.06333399436789</gpxtpx:speed><gpxtpx:course>0.00000000000000</gpxtpx:course></gpxtpx:TrackPointExtension></extensions></trkpt>
      <trkpt lon="-139.50980983195032" lat="-79.24673345844272"><ele>521492.69041886366904</ele><time>2023-01-20T10:12:49.800Z</time><hdop>3.29180432304842</hdop><vdop>7.03411148825850</vdop><pdop>7.76625393162562</pdop><extensions><gpxtpx:TrackPointExtension><gpxtpx:speed>7674.28243520485103</gpxtpx:speed><gpxtpx:course>0.00000000000000</gpxtpx:course></gpxtpx:TrackPointExtension></extensions></trkpt>
      <trkpt lon="-139.53288320916758" lat="-79.24207097577717"><ele>521493.88318568654358</ele><time>2023-01-20T10:12:49.900Z</time><hdop>3.29243379984418</hdop><vdop>7.03358120193229</vdop><pdop>7.76604048730958</pdop><extensions><gpxtpx:TrackPointExtension><gpxtpx:speed>7673.69830261592870</gpxtpx:speed><gpxtpx:course>0.00000000000000</gpxtpx:course></gpxtpx:TrackPointExtension></extensions></trkpt>
      <trkpt lon="-139.55593510757598" lat="-79.23740698874352"><ele>521496.49829373136163</ele><time>2023-01-20T10:12:50.000Z</time><hdop>3.29306312977739</hdop><vdop>7.03305040846608</vdop><pdop>7.76582660279794</pdop><extensions><gpxtpx:TrackPointExtension><gpxtpx:speed>7673.02531169683152</gpxtpx:speed><gpxtpx:course>0.00000000000000</gpxtpx:course></gpxtpx:TrackPointExtension></extensions></trkpt>
      <trkpt lon="-139.57900858205889" lat="-79.23272765099203"><ele>521495.51243323180825</ele><time>2023-01-20T10:12:50.100Z</time><hdop>3.29369470946914</hdop><vdop>7.03252007249192</vdop><pdop>7.76561416818958</pdop><extensions><gpxtpx:TrackPointExtension><gpxtpx:speed>7673.53595491458873</gpxtpx:speed><gpxtpx:course>0.00000000000000</gpxtpx:course></gpxtpx:TrackPointExtension></extensions></trkpt>
      <trkpt lon="-139.60209678034099" lat="-79.22803948786625"><ele>521495.29996529407799</ele><time>2023-01-20T10:12:50.200Z</time><hdop>3.29432734299309</hdop><vdop>7.03198909743511</vdop><pdop>7.76540168370176</pdop><extensions><gpxtpx:TrackPointExtension><gpxtpx:speed>7672.30618027702894</gpxtpx:speed><gpxtpx:course>0.00000000000000</gpxtpx:course></gpxtpx:TrackPointExtension></extensions></trkpt>
      <trkpt lon="-139.62513102643092" lat="-79.22335969010445"><ele>521496.88763321284205</ele><time>2023-01-20T10:12:50.300Z</time><hdop>3.29495841665211</hdop><vdop>7.03145794672359</vdop><pdop>7.76518846030210</pdop><extensions><gpxtpx:TrackPointExtension><gpxtpx:speed>7672.57766142811761</gpxtpx:speed><gpxtpx:course>0.00000000000000</gpxtpx:course></gpxtpx:TrackPointExtension></extensions></trkpt>
      <trkpt lon="-139.64806482583694" lat="-79.21869021357884"><ele>521496.22727489937097</ele><time>2023-01-20T10:12:50.400Z</time><hdop>3.29558814605320</hdop><vdop>7.03092821658856</vdop><pdop>7.76497603442712</pdop><extensions><gpxtpx:TrackPointExtension><gpxtpx:speed>7673.71733518165092</gpxtpx:speed><gpxtpx:course>0.00000000000000</gpxtpx:course></gpxtpx:TrackPointExtension></extensions></trkpt>
      <trkpt lon="-139.67096572815603" lat="-79.21404482407014"><ele>521501.62794869020581</ele><time>2023-01-20T10:12:50.500Z</time><hdop>3.29621384654169</hdop><vdop>7.03039725578774</vdop><pdop>7.76476086536610</pdop><extensions><gpxtpx:TrackPointExtension><gpxtpx:speed>7672.35279298172645</gpxtpx:speed><gpxtpx:course>0.00000000000000</gpxtpx:course></gpxtpx:TrackPointExtension></extensions></trkpt>
      <trkpt lon="-139.69391629914500" lat="-79.20934697847584"><ele>521497.03967709187418</ele><time>2023-01-20T10:12:50.600Z</time><hdop>3.29684742099509</hdop><vdop>7.02986768590489</vdop><pdop>7.76455037968405</pdop><extensions><gpxtpx:TrackPointExtension><gpxtpx:speed>7673.72081612891725</gpxtpx:speed><gpxtpx:course>0.00000000000000</gpxtpx:course></gpxtpx:TrackPointExtension></extensions></trkpt>
      <trkpt lon="-139.71692659998862" lat="-79.20463768577046"><ele>521494.42679603490978</ele><time>2023-01-20T10:12:50.700Z</time><hdop>3.29748230115506</hdop><vdop>7.02933670716809</vdop><pdop>7.76433925515698</pdop><extensions><gpxtpx:TrackPointExtension><gpxtpx:speed>7672.35644677708115</gpxtpx:speed><gpxtpx:course>0.00000000000000</gpxtpx:course></gpxtpx:TrackPointExtension></extensions></trkpt>
      <trkpt lon="-139.73981578711368" lat="-79.19993200831701"><ele>521488.74910103529692</ele><time>2023-01-20T10:12:50.800Z</time><hdop>3.29811656804128</hdop><vdop>7.02880733985143</vdop><pdop>7.76412941141103</pdop><extensions><gpxtpx:TrackPointExtension><gpxtpx:speed>7674.39254706583233</gpxtpx:speed><gpxtpx:course>0.00000000000000</gpxtpx:course></gpxtpx:TrackPointExtension></extensions></trkpt>
      <trkpt lon="-139.76273683867876" lat="-79.19524526351867"><ele>521491.29806555528194</ele><time>2023-01-20T10:12:50.900Z</time><hdop>3.29874765821833</hdop><vdop>7.02827562887516</vdop><pdop>7.76391617858162</pdop><extensions><gpxtpx:TrackPointExtension><gpxtpx:speed>7672.97250415070539</gpxtpx:speed><gpxtpx:course>0.00000000000000</gpxtpx:course></gpxtpx:TrackPointExtension></extensions></trkpt>
      <trkpt lon="-139.78559589025267" lat="-79.19058009759051"><ele>521494.94941989332438</ele><time>2023-01-20T10:12:51.000Z</time><hdop>3.29937555868796</hdop><vdop>7.02774435218916</vdop><pdop>7.76370206518734</pdop><extensions><gpxtpx:TrackPointExtension><gpxtpx:speed>7673.29603096081428</gpxtpx:speed><gpxtpx:course>0.00000000000000</gpxtpx:course></gpxtpx:TrackPointExtension></extensions></trkpt>
      <trkpt lon="-139.80842109504209" lat="-79.18589091104390"><ele>521491.23160765133798</ele><time>2023-01-20T10:12:51.100Z</time><hdop>3.30000695967807</hdop><vdop>7.02721478541082</vdop><pdop>7.76349106872804</pdop><extensions><gpxtpx:TrackPointExtension><gpxtpx:speed>7674.21548575763336</gpxtpx:speed><gpxtpx:course>0.00000000000000</gpxtpx:course></gpxtpx:TrackPointExtension></extensions></trkpt>
      <trkpt lon="-139.83128828996865" lat="-79.18119542991059"><ele>521495.76268807798624</ele><time>2023-01-20T10:12:51.200Z</time><hdop>3.30063868298313</hdop><vdop>7.02668218422820</vdop><pdop>7.76327754455260</pdop><extensions><gpxtpx:TrackPointExtension><gpxtpx:speed>7672.97370503609818</gpxtpx:speed><gpxtpx:course>0.00000000000000</gpxtpx:course></gpxtpx:TrackPointExtension></extensions></trkpt>
      <trkpt lon="-139.85405665354162" lat="-79.17650541360238"><ele>521496.01325592678040</ele><time>2023-01-20T10:12:51.300Z</time><hdop>3.30126959870579</hdop><vdop>7.02615149272292</vdop><pdop>7.76306548742387</pdop><extensions><gpxtpx:TrackPointExtension><gpxtpx:speed>7673.37464449267736</gpxtpx:speed><gpxtpx:course>0.00000000000000</gpxtpx:course></gpxtpx:TrackPointExtension></extensions></trkpt>
      <trkpt lon="-139.87688541946190" lat="-79.17180671335299"><ele>521498.32687732018530</ele><time>2023-01-20T10:12:51.400Z</time><hdop>3.30190156223429</hdop><vdop>7.02561945905833</vdop><pdop>7.76285274304391</pdop><extensions><gpxtpx:TrackPointExtension><gpxtpx:speed>7672.80642282445933</gpxtpx:speed><gpxtpx:course>0.00000000000000</gpxtpx:course></gpxtpx:TrackPointExtension></extensions></trkpt>
      <trkpt lon="-139.89966939526937" lat="-79.16712298243436"><ele>521496.92691350542009</ele><time>2023-01-20T10:12:51.500Z</time><hdop>3.30253146953401</hdop><vdop>7.02508905591706</vdop><pdop>7.76264068154827</pdop><extensions><gpxtpx:TrackPointExtension><gpxtpx:speed>7674.36944187429526</gpxtpx:speed><gpxtpx:course>0.00000000000000</gpxtpx:course></gpxtpx:TrackPointExtension></extensions></trkpt>
      <trkpt lon="-139.92239391961454" lat="-79.16240780074672"><ele>521490.03146255202591</ele><time>2023-01-20T10:12:51.600Z</time><hdop>3.30316592059861</hdop><vdop>7.02455979589689</vdop><pdop>7.76243166959523</pdop><extensions><gpxtpx:TrackPointExtension><gpxtpx:speed>7672.19731271044293</gpxtpx:speed><gpxtpx:course>0.00000000000000</gpxtpx:course></gpxtpx:TrackPointExtension></extensions></trkpt>
      <trkpt lon="-139.94516179836182" lat="-79.15769745149838"><ele>521489.01953299809247</ele><time>2023-01-20T10:12:51.700Z</time><hdop>3.30379917104761</hdop><vdop>7.02402843179359</vdop><pdop>7.76222032496242</pdop><extensions><gpxtpx:TrackPointExtension><gpxtpx:speed>7672.55780491862606</gpxtpx:speed><gpxtpx:course>0.00000000000000</gpxtpx:course></gpxtpx:TrackPointExtension></extensions></trkpt>
      <trkpt lon="-139.96785564559346" lat="-79.15300700850047"><ele>521496.10797966271639</ele><time>2023-01-20T10:12:51.800Z</time><hdop>3.30442900618335</hdop><vdop>7.02349546035703</vdop><pdop>7.76200615424658</pdop><extensions><gpxtpx:TrackPointExtension><gpxtpx:speed>7671.44289379481870</gpxtpx:speed><gpxtpx:course>0.00000000000000</gpxtpx:course></gpxtpx:TrackPointExtension></extensions></trkpt>
      <trkpt lon="-139.99047918041586" lat="-79.14828924607507"><ele>521496.48329953663051</ele><time>2023-01-20T10:12:51.900Z</time><hdop>3.30506281682000</hdop><vdop>7.02296414818969</vdop><pdop>7.76179525946697</pdop><extensions><gpxtpx:TrackPointExtension><gpxtpx:speed>7672.51006179780597</gpxtpx:speed><gpxtpx:course>0.00000000000000</gpxtpx:course></gpxtpx:TrackPointExtension></extensions></trkpt>
      <trkpt lon="-140.01320232272113" lat="-79.14360584096559"><ele>521497.93269973993301</ele><time>2023-01-20T10:12:52.000Z</time><hdop>3.30569173566735</hdop><vdop>7.02243259242713</vdop><pdop>7.76158214325160</pdop><extensions><gpxtpx:TrackPointExtension><gpxtpx:speed>7672.32934212385862</gpxtpx:speed><gpxtpx:course>0.00000000000000</gpxtpx:course></gpxtpx:TrackPointExtension></extensions></trkpt>
      <trkpt lon="-140.03590825848369" lat="-79.13892749654514"><ele>521499.64270516578108</ele><time>2023-01-20T10:12:52.100Z</time><hdop>3.30631981714102</hdop><vdop>7.02190105045310</vdop><pdop>7.76136876430786</pdop><extensions><gpxtpx:TrackPointExtension><gpxtpx:speed>7672.80219083666998</gpxtpx:speed><gpxtpx:course>0.00000000000000</gpxtpx:course></gpxtpx:TrackPointExtension></extensions></trkpt>
      <trkpt lon="-140.05850383653808" lat="-79.13422482371149"><ele>521502.34923032764345</ele><time>2023-01-20T10:12:52.200Z</time><hdop>3.30695094653266</hdop><vdop>7.02136916728341</vdop><pdop>7.76115645674351</pdop><extensions><gpxtpx:TrackPointExtension><gpxtpx:speed>7671.90684912429151</gpxtpx:speed><gpxtpx:course>0.00000000000000</gpxtpx:course></gpxtpx:TrackPointExtension></extensions></trkpt>
      <trkpt lon="-140.08120685866550" lat="-79.12951454987314"><ele>521505.17063978314400</ele><time>2023-01-20T10:12:52.300Z</time><hdop>3.30758311892302</hdop><vdop>7.02083628511445</vdop><pdop>7.76094377192388</pdop><extensions><gpxtpx:TrackPointExtension><gpxtpx:speed>7673.58475233543959</gpxtpx:speed><gpxtpx:course>0.00000000000000</gpxtpx:course></gpxtpx:TrackPointExtension></extensions></trkpt>
      <trkpt lon="-140.10380120300417" lat="-79.12476273023830"><ele>521496.61978629976511</ele><time>2023-01-20T10:12:52.400Z</time><hdop>3.30822138761231</hdop><vdop>7.02030637578072</vdop><pdop>7.76073645727536</pdop><extensions><gpxtpx:TrackPointExtension><gpxtpx:speed>7673.34454270676633</gpxtpx:speed><gpxtpx:course>0.00000000000000</gpxtpx:course></gpxtpx:TrackPointExtension></extensions></trkpt>
      <trkpt lon="-140.12634985661467" lat="-79.12005916150169"><ele>521497.00739638041705</ele><time>2023-01-20T10:12:52.500Z</time><hdop>3.30885233656237</hdop><vdop>7.01977505444749</vdop><pdop>7.76052482762716</pdop><extensions><gpxtpx:TrackPointExtension><gpxtpx:speed>7673.21248612649288</gpxtpx:speed><gpxtpx:course>0.00000000000000</gpxtpx:course></gpxtpx:TrackPointExtension></extensions></trkpt>
      <trkpt lon="-140.14899413052586" lat="-79.11537590537075"><ele>521505.17892338801175</ele><time>2023-01-20T10:12:52.600Z</time><hdop>3.30947979181488</hdop><vdop>7.01924112253445</vdop><pdop>7.76030942867034</pdop><extensions><gpxtpx:TrackPointExtension><gpxtpx:speed>7672.52172134779539</gpxtpx:speed><gpxtpx:course>0.00000000000000</gpxtpx:course></gpxtpx:TrackPointExtension></extensions></trkpt>
      <trkpt lon="-140.17151097165146" lat="-79.11064381583333"><ele>521500.72758097015321</ele><time>2023-01-20T10:12:52.700Z</time><hdop>3.31011473469876</hdop><vdop>7.01871056285504</vdop><pdop>7.76010035515023</pdop><extensions><gpxtpx:TrackPointExtension><gpxtpx:speed>7673.86008296762429</gpxtpx:speed><gpxtpx:course>0.00000000000000</gpxtpx:course></gpxtpx:TrackPointExtension></extensions></trkpt>
      <trkpt lon="-140.19404387086317" lat="-79.10590195755333"><ele>521491.36414008680731</ele><time>2023-01-20T10:12:52.800Z</time><hdop>3.31075105294942</hdop><vdop>7.01818091884218</vdop><pdop>7.75989277916945</pdop><extensions><gpxtpx:TrackPointExtension><gpxtpx:speed>7671.64814993442087</gpxtpx:speed><gpxtpx:course>0.00000000000000</gpxtpx:course></gpxtpx:TrackPointExtension></extensions></trkpt>
      <trkpt lon="-140.21657371463840" lat="-79.10120502760002"><ele>521503.05327827390283</ele><time>2023-01-20T10:12:52.900Z</time><hdop>3.31137979603338</hdop><vdop>7.01764593796907</vdop><pdop>7.75967722680988</pdop><extensions><gpxtpx:TrackPointExtension><gpxtpx:speed>7672.09946117800700</gpxtpx:speed><gpxtpx:course>0.00000000000000</gpxtpx:course></gpxtpx:TrackPointExtension></extensions></trkpt>
      <trkpt lon="-140.23910006293289" lat="-79.09648489992958"><ele>521505.41421245690435</ele><time>2023-01-20T10:12:53.000Z</time><hdop>3.31201211161955</hdop><vdop>7.01711314881193</vdop><pdop>7.75946526319591</pdop><extensions><gpxtpx:TrackPointExtension><gpxtpx:speed>7673.06882822528860</gpxtpx:speed><gpxtpx:course>0.00000000000000</gpxtpx:course></gpxtpx:TrackPointExtension></extensions></trkpt>
      <trkpt lon="-140.26145140604959" lat="-79.09176762762850"><ele>521502.95297739095986</ele><time>2023-01-20T10:12:53.100Z</time><hdop>3.31264414961459</hdop><vdop>7.01658279120605</vdop><pdop>7.75925546220929</pdop><extensions><gpxtpx:TrackPointExtension><gpxtpx:speed>7673.35024191309185</gpxtpx:speed><gpxtpx:course>0.00000000000000</gpxtpx:course></gpxtpx:TrackPointExtension></extensions></trkpt>
      <trkpt lon="-140.28386791288796" lat="-79.08705151277306"><ele>521500.64836650807410</ele><time>2023-01-20T10:12:53.200Z</time><hdop>3.31327588670431</hdop><vdop>7.01605184750685</vdop><pdop>7.75904508482329</pdop><extensions><gpxtpx:TrackPointExtension><gpxtpx:speed>7672.08930907449576</gpxtpx:speed><gpxtpx:course>0.00000000000000</gpxtpx:course></gpxtpx:TrackPointExtension></extensions></trkpt>
      <trkpt lon="-140.30631585909543" lat="-79.08230969297419"><ele>521495.10311342589557</ele><time>2023-01-20T10:12:53.300Z</time><hdop>3.31391121281252</hdop><vdop>7.01552094695912</vdop><pdop>7.75883636144150</pdop><extensions><gpxtpx:TrackPointExtension><gpxtpx:speed>7673.59945356286516</gpxtpx:speed><gpxtpx:course>0.00000000000000</gpxtpx:course></gpxtpx:TrackPointExtension></extensions></trkpt>
      <trkpt lon="-140.32872698474108" lat="-79.07757880892660"><ele>521495.41733176168054</ele><time>2023-01-20T10:12:53.400Z</time><hdop>3.31454448751104</hdop><vdop>7.01498864894164</vdop><pdop>7.75862558089188</pdop><extensions><gpxtpx:TrackPointExtension><gpxtpx:speed>7673.41082581699447</gpxtpx:speed><gpxtpx:course>0.00000000000000</gpxtpx:course></gpxtpx:TrackPointExtension></extensions></trkpt>
      <trkpt lon="-140.35115820901927" lat="-79.07285813335024"><ele>521500.12226014025509</ele><time>2023-01-20T10:12:53.500Z</time><hdop>3.31517601045241</hdop><vdop>7.01445501893053</vdop><pdop>7.75841293003142</pdop><extensions><gpxtpx:TrackPointExtension><gpxtpx:speed>7674.34354464160606</gpxtpx:speed><gpxtpx:course>0.00000000000000</gpxtpx:course></gpxtpx:TrackPointExtension></extensions></trkpt>
      <trkpt lon="-140.37352950431696" lat="-79.06816072407537"><ele>521510.89686861634254</ele><time>2023-01-20T10:12:53.600Z</time><hdop>3.31580377763589</hdop><vdop>7.01392038319641</vdop><pdop>7.75819784702623</pdop><extensions><gpxtpx:TrackPointExtension><gpxtpx:speed>7672.68839519864287</gpxtpx:speed><gpxtpx:course>0.00000000000000</gpxtpx:course></gpxtpx:TrackPointExtension></extensions></trkpt>
      <trkpt lon="-140.39587357519434" lat="-79.06341556048859"><ele>521504.15179448947310</ele><time>2023-01-20T10:12:53.700Z</time><hdop>3.31643897461909</hdop><vdop>7.01338986927320</vdop><pdop>7.75798974804663</pdop><extensions><gpxtpx:TrackPointExtension><gpxtpx:speed>7674.36656963790483</gpxtpx:speed><gpxtpx:course>0.00000000000000</gpxtpx:course></gpxtpx:TrackPointExtension></extensions></trkpt>
      <trkpt lon="-140.41828207252377" lat="-79.05865379062394"><ele>521496.77576189488173</ele><time>2023-01-20T10:12:53.800Z</time><hdop>3.31707646257955</hdop><vdop>7.01285861658512</vdop><pdop>7.75778204352323</pdop><extensions><gpxtpx:TrackPointExtension><gpxtpx:speed>7673.65774678791149</gpxtpx:speed><gpxtpx:course>0.00000000000000</gpxtpx:course></gpxtpx:TrackPointExtension></extensions></trkpt>
      <trkpt lon="-140.44058284839747" lat="-79.05393446081732"><ele>521499.90411472041160</ele><time>2023-01-20T10:12:53.900Z</time><hdop>3.31770715829653</hdop><vdop>7.01232575568950</vdop><pdop>7.75757006362936</pdop><extensions><gpxtpx:TrackPointExtension><gpxtpx:speed>7673.59476540530068</gpxtpx:speed><gpxtpx:course>0.00000000000000</gpxtpx:course></gpxtpx:TrackPointExtension></extensions></trkpt>
      <trkpt lon="-140.46289662304190" lat="-79.04918293502078"><ele>521496.90664669405669</ele><time>2023-01-20T10:12:54.000Z</time><hdop>3.31834257695434</hdop><vdop>7.01179375430435</vdop><pdop>7.75736096304210</pdop><extensions><gpxtpx:TrackPointExtension><gpxtpx:speed>7673.81878979169323</gpxtpx:speed><gpxtpx:course>0.00000000000000</gpxtpx:course></gpxtpx:TrackPointExtension></extensions></trkpt>
      <trkpt lon="-140.48515985682161" lat="-79.04444354412277"><ele>521496.64374836254865</ele><time>2023-01-20T10:12:54.100Z</time><hdop>3.31897609283502</hdop><vdop>7.01126145725433</vdop><pdop>7.75715086399578</pdop><extensions><gpxtpx:TrackPointExtension><gpxtpx:speed>7673.50925775737596</gpxtpx:speed><gpxtpx:course>0.00000000000000</gpxtpx:course></gpxtpx:TrackPointExtension></extensions></trkpt>
      <trkpt lon="-140.50739124754281" lat="-79.03970978549522"><ele>521496.94863006472588</ele><time>2023-01-20T10:12:54.200Z</time><hdop>3.31960844530003</hdop><vdop>7.01072912645658</vdop><pdop>7.75694031913705</pdop><extensions><gpxtpx:TrackPointExtension><gpxtpx:speed>7673.41158195075059</gpxtpx:speed><gpxtpx:course>0.00000000000000</gpxtpx:course></gpxtpx:TrackPointExtension></extensions></trkpt>
      <trkpt lon="-140.52967760106571" lat="-79.03497164036749"><ele>521499.38631496205926</ele><time>2023-01-20T10:12:54.300Z</time><hdop>3.32024123746244</hdop><vdop>7.01019557771031</vdop><pdop>7.75672894412943</pdop><extensions><gpxtpx:TrackPointExtension><gpxtpx:speed>7673.27745300551305</gpxtpx:speed><gpxtpx:course>0.00000000000000</gpxtpx:course></gpxtpx:TrackPointExtension></extensions></trkpt>
      <trkpt lon="-140.55192356099315" lat="-79.03024195050057"><ele>521503.22282620240003</ele><time>2023-01-20T10:12:54.400Z</time><hdop>3.32087264224199</hdop><vdop>7.00966195078959</vdop><pdop>7.75651698704635</pdop><extensions><gpxtpx:TrackPointExtension><gpxtpx:speed>7674.13859769295959</gpxtpx:speed><gpxtpx:course>0.00000000000000</gpxtpx:course></gpxtpx:TrackPointExtension></extensions></trkpt>
      <trkpt lon="-140.57417651603251" lat="-79.02548628779563"><ele>521501.21490895003080</ele><time>2023-01-20T10:12:54.500Z</time><hdop>3.32150782240409</hdop><vdop>7.00912928304753</vdop><pdop>7.75630759580652</pdop><extensions><gpxtpx:TrackPointExtension><gpxtpx:speed>7672.31294310689282</gpxtpx:speed><gpxtpx:course>0.00000000000000</gpxtpx:course></gpxtpx:TrackPointExtension></extensions></trkpt>
      <trkpt lon="-140.59625453872133" lat="-79.02076334640360"><ele>521507.52343504969031</ele><time>2023-01-20T10:12:54.600Z</time><hdop>3.32213773034797</hdop><vdop>7.00859586483508</vdop><pdop>7.75609535114061</pdop><extensions><gpxtpx:TrackPointExtension><gpxtpx:speed>7673.41667475759186</gpxtpx:speed><gpxtpx:course>0.00000000000000</gpxtpx:course></gpxtpx:TrackPointExtension></extensions></trkpt>
      <trkpt lon="-140.61850957198550" lat="-79.01599016440601"><ele>521497.07608918752521</ele><time>2023-01-20T10:12:54.700Z</time><hdop>3.32277555250905</hdop><vdop>7.00806500817422</vdop><pdop>7.75588889368251</pdop><extensions><gpxtpx:TrackPointExtension><gpxtpx:speed>7673.28275645092617</gpxtpx:speed><gpxtpx:course>0.00000000000000</gpxtpx:course></gpxtpx:TrackPointExtension></extensions></trkpt>
      <trkpt lon="-140.64060822720631" lat="-79.01125009501622"><ele>521503.37465185485780</ele><time>2023-01-20T10:12:54.800Z</time><hdop>3.32340751223242</hdop><vdop>7.00753075978337</vdop><pdop>7.75567694283826</pdop><extensions><gpxtpx:TrackPointExtension><gpxtpx:speed>7672.21103429894265</gpxtpx:speed><gpxtpx:course>0.00000000000000</gpxtpx:course></gpxtpx:TrackPointExtension></extensions></trkpt>
      <trkpt lon="-140.66277610833774" lat="-79.00649009741466"><ele>521498.67888456210494</ele><time>2023-01-20T10:12:54.900Z</time><hdop>3.32404292403535</hdop><vdop>7.00699880582589</vdop><pdop>7.75546862708340</pdop><extensions><gpxtpx:TrackPointExtension><gpxtpx:speed>7672.92672995025896</gpxtpx:speed><gpxtpx:course>0.00000000000000</gpxtpx:course></gpxtpx:TrackPointExtension></extensions></trkpt>
      <trkpt lon="-140.68488845211681" lat="-79.00174766677856"><ele>521501.62370004318655</ele><time>2023-01-20T10:12:55.000Z</time><hdop>3.32467516405742</hdop><vdop>7.00646516242455</vdop><pdop>7.75525750821784</pdop><extensions><gpxtpx:TrackPointExtension><gpxtpx:speed>7673.41602240568409</gpxtpx:speed><gpxtpx:course>0.00000000000000</gpxtpx:course></gpxtpx:TrackPointExtension></extensions></trkpt>
      <trkpt lon="-140.70695504249306" lat="-78.99702823227356"><ele>521511.24621381703764</ele><time>2023-01-20T10:12:55.100Z</time><hdop>3.32530355968142</hdop><vdop>7.00593022099165</vdop><pdop>7.75504365077554</pdop><extensions><gpxtpx:TrackPointExtension><gpxtpx:speed>7673.71543540680705</gpxtpx:speed><gpxtpx:course>0.00000000000000</gpxtpx:course></gpxtpx:TrackPointExtension></extensions></trkpt>
      <trkpt lon="-140.72900677330412" lat="-78.99225847472448"><ele>521507.04414197430015</ele><time>2023-01-20T10:12:55.200Z</time><hdop>3.32593974462022</hdop><vdop>7.00539819649018</vdop><pdop>7.75483585101788</pdop><extensions><gpxtpx:TrackPointExtension><gpxtpx:speed>7673.25601481498779</gpxtpx:speed><gpxtpx:course>0.00000000000000</gpxtpx:course></gpxtpx:TrackPointExtension></extensions></trkpt>
      <trkpt lon="-140.75112466811461" lat="-78.98749306920244"><ele>521502.45337578933686</ele><time>2023-01-20T10:12:55.300Z</time><hdop>3.32657518651857</hdop><vdop>7.00486582562290</vdop><pdop>7.75462750275863</pdop><extensions><gpxtpx:TrackPointExtension><gpxtpx:speed>7672.30060570111073</gpxtpx:speed><gpxtpx:course>0.00000000000000</gpxtpx:course></gpxtpx:TrackPointExtension></extensions></trkpt>
      <trkpt lon="-140.77317592748608" lat="-78.98272629536402"><ele>521501.06231775879860</ele><time>2023-01-20T10:12:55.400Z</time><hdop>3.32721044254953</hdop><vdop>7.00433275486283</vdop><pdop>7.75441852557978</pdop><extensions><gpxtpx:TrackPointExtension><gpxtpx:speed>7673.21629741480683</gpxtpx:speed><gpxtpx:course>0.00000000000000</gpxtpx:course></gpxtpx:TrackPointExtension></extensions></trkpt>
      <trkpt lon="-140.79519417703202" lat="-78.97796958437976"><ele>521502.33228726219386</ele><time>2023-01-20T10:12:55.500Z</time><hdop>3.32784402485518</hdop><vdop>7.00379921756096</vdop><pdop>7.75420849175929</pdop><extensions><gpxtpx:TrackPointExtension><gpxtpx:speed>7672.82370599348542</gpxtpx:speed><gpxtpx:course>0.00000000000000</gpxtpx:course></gpxtpx:TrackPointExtension></extensions></trkpt>
      <trkpt lon="-140.81720314822655" lat="-78.97322477608439"><ele>521507.39093187078834</ele><time>2023-01-20T10:12:55.600Z</time><hdop>3.32847555683293</hdop><vdop>7.00326475273402</vdop><pdop>7.75399682288566</pdop><extensions><gpxtpx:TrackPointExtension><gpxtpx:speed>7674.37501000527118</gpxtpx:speed><gpxtpx:course>0.00000000000000</gpxtpx:course></gpxtpx:TrackPointExtension></extensions></trkpt>
      <trkpt lon="-140.83918294113499" lat="-78.96846670126925"><ele>521507.29242600128055</ele><time>2023-01-20T10:12:55.700Z</time><hdop>3.32910907909363</hdop><vdop>7.00273156635789</vdop><pdop>7.75378724566059</pdop><extensions><gpxtpx:TrackPointExtension><gpxtpx:speed>7671.78813054000148</gpxtpx:speed><gpxtpx:course>0.00000000000000</gpxtpx:course></gpxtpx:TrackPointExtension></extensions></trkpt>
      <trkpt lon="-140.86107634084755" lat="-78.96373073229989"><ele>521512.01611541118473</ele><time>2023-01-20T10:12:55.800Z</time><hdop>3.32973905174408</hdop><vdop>7.00219786400373</vdop><pdop>7.75357576085821</pdop><extensions><gpxtpx:TrackPointExtension><gpxtpx:speed>7672.78554849938246</gpxtpx:speed><gpxtpx:course>0.00000000000000</gpxtpx:course></gpxtpx:TrackPointExtension></extensions></trkpt>
      <trkpt lon="-140.88310579700919" lat="-78.95892862829184"><ele>521502.81253441888839</ele><time>2023-01-20T10:12:55.900Z</time><hdop>3.33037897345590</hdop><vdop>7.00166573915804</vdop><pdop>7.75337005628757</pdop><extensions><gpxtpx:TrackPointExtension><gpxtpx:speed>7673.71106333337775</gpxtpx:speed><gpxtpx:course>0.00000000000000</gpxtpx:course></gpxtpx:TrackPointExtension></extensions></trkpt>
      <trkpt lon="-140.90501833744236" lat="-78.95415005069835"><ele>521500.83953738957644</ele><time>2023-01-20T10:12:56.000Z</time><hdop>3.33101488234321</hdop><vdop>7.00113259772551</vdop><pdop>7.75316179357343</pdop><extensions><gpxtpx:TrackPointExtension><gpxtpx:speed>7672.92555107349745</gpxtpx:speed><gpxtpx:course>0.00000000000000</gpxtpx:course></gpxtpx:TrackPointExtension></extensions></trkpt>
      <trkpt lon="-140.92695783494801" lat="-78.94938306876740"><ele>521504.05027056578547</ele><time>2023-01-20T10:12:56.100Z</time><hdop>3.33164888116638</hdop><vdop>7.00059793629908</vdop><pdop>7.75295142078758</pdop><extensions><gpxtpx:TrackPointExtension><gpxtpx:speed>7674.05504517862300</gpxtpx:speed><gpxtpx:course>0.00000000000000</gpxtpx:course></gpxtpx:TrackPointExtension></extensions></trkpt>
      <trkpt lon="-140.94882666668167" lat="-78.94460990481514"><ele>521502.95682878512889</ele><time>2023-01-20T10:12:56.200Z</time><hdop>3.33228385950893</hdop><vdop>7.00006473566290</vdop><pdop>7.75274287099830</pdop><extensions><gpxtpx:TrackPointExtension><gpxtpx:speed>7673.11032717963280</gpxtpx:speed><gpxtpx:course>0.00000000000000</gpxtpx:course></gpxtpx:TrackPointExtension></extensions></trkpt>
      <trkpt lon="-140.97066555483775" lat="-78.93987998446609"><ele>521513.61594185512513</ele><time>2023-01-20T10:12:56.300Z</time><hdop>3.33291187286021</hdop><vdop>6.99952909863750</vdop><pdop>7.75252921019494</pdop><extensions><gpxtpx:TrackPointExtension><gpxtpx:speed>7673.48079826384674</gpxtpx:speed><gpxtpx:course>0.00000000000000</gpxtpx:course></gpxtpx:TrackPointExtension></extensions></trkpt>
      <trkpt lon="-140.99247443521651" lat="-78.93513535084593"><ele>521521.90013532154262</ele><time>2023-01-20T10:12:56.400Z</time><hdop>3.33354185954799</hdop><vdop>6.99899384740896</vdop><pdop>7.75231682824091</pdop><extensions><gpxtpx:TrackPointExtension><gpxtpx:speed>7673.49476300733750</gpxtpx:speed><gpxtpx:course>0.00000000000000</gpxtpx:course></gpxtpx:TrackPointExtension></extensions></trkpt>
      <trkpt lon="-141.01438760099882" lat="-78.93031437263780"><ele>521507.50493625272065</ele><time>2023-01-20T10:12:56.500Z</time><hdop>3.33418384267957</hdop><vdop>6.99846277144991</vdop><pdop>7.75211345764211</pdop><extensions><gpxtpx:TrackPointExtension><gpxtpx:speed>7673.66537538013290</gpxtpx:speed><gpxtpx:course>0.00000000000000</gpxtpx:course></gpxtpx:TrackPointExtension></extensions></trkpt>
      <trkpt lon="-141.03624464409199" lat="-78.92551427436695"><ele>521500.17180602997541</ele><time>2023-01-20T10:12:56.600Z</time><hdop>3.33482220346719</hdop><vdop>6.99793026955319</vdop><pdop>7.75190732570162</pdop><extensions><gpxtpx:TrackPointExtension><gpxtpx:speed>7673.18937305159488</gpxtpx:speed><gpxtpx:course>0.00000000000000</gpxtpx:course></gpxtpx:TrackPointExtension></extensions></trkpt>
      <trkpt lon="-141.05811417942914" lat="-78.92072808052882"><ele>521498.51364414207637</ele><time>2023-01-20T10:12:56.700Z</time><hdop>3.33545812479667</hdop><vdop>6.99739620425874</vdop><pdop>7.75169881649479</pdop><extensions><gpxtpx:TrackPointExtension><gpxtpx:speed>7673.49991404992033</gpxtpx:speed><gpxtpx:course>0.00000000000000</gpxtpx:course></gpxtpx:TrackPointExtension></extensions></trkpt>
      <trkpt lon="-141.07988858671766" lat="-78.91595652112926"><ele>521501.69228693470359</ele><time>2023-01-20T10:12:56.800Z</time><hdop>3.33609181548918</hdop><vdop>6.99686159346123</vdop><pdop>7.75148893822514</pdop><extensions><gpxtpx:TrackPointExtension><gpxtpx:speed>7672.57886945472728</gpxtpx:speed><gpxtpx:course>0.00000000000000</gpxtpx:course></gpxtpx:TrackPointExtension></extensions></trkpt>
      <trkpt lon="-141.10166234928545" lat="-78.91113418561852"><ele>521490.39553405623883</ele><time>2023-01-20T10:12:56.900Z</time><hdop>3.33673290065366</hdop><vdop>6.99632982876418</vdop><pdop>7.75128489498096</pdop><extensions><gpxtpx:TrackPointExtension><gpxtpx:speed>7673.26968534684329</gpxtpx:speed><gpxtpx:course>0.00000000000000</gpxtpx:course></gpxtpx:TrackPointExtension></extensions></trkpt>
      <trkpt lon="-141.12342776294858" lat="-78.90639228345763"><ele>521502.82639309950173</ele><time>2023-01-20T10:12:57.000Z</time><hdop>3.33736144653020</hdop><vdop>6.99579290019461</vdop><pdop>7.75107087615637</pdop><extensions><gpxtpx:TrackPointExtension><gpxtpx:speed>7672.75091634567798</gpxtpx:speed><gpxtpx:course>0.00000000000000</gpxtpx:course></gpxtpx:TrackPointExtension></extensions></trkpt>
      <trkpt lon="-141.14510241180497" lat="-78.90162308923765"><ele>521506.22178957983851</ele><time>2023-01-20T10:12:57.100Z</time><hdop>3.33799411206998</hdop><vdop>6.99525847002989</vdop><pdop>7.75086096861108</pdop><extensions><gpxtpx:TrackPointExtension><gpxtpx:speed>7673.48584273119741</gpxtpx:speed><gpxtpx:course>0.00000000000000</gpxtpx:course></gpxtpx:TrackPointExtension></extensions></trkpt>
      <trkpt lon="-141.16673604236388" lat="-78.89687704319424"><ele>521518.42881499882787</ele><time>2023-01-20T10:12:57.200Z</time><hdop>3.33862299561168</hdop><vdop>6.99472210468501</vdop><pdop>7.75064776832210</pdop><extensions><gpxtpx:TrackPointExtension><gpxtpx:speed>7672.18449977954788</gpxtpx:speed><gpxtpx:course>0.00000000000000</gpxtpx:course></gpxtpx:TrackPointExtension></extensions></trkpt>
      <trkpt lon="-141.18842943914410" lat="-78.89207831627553"><ele>521513.97726788651198</ele><time>2023-01-20T10:12:57.300Z</time><hdop>3.33925997009007</hdop><vdop>6.99418890011509</vdop><pdop>7.75044098863665</pdop><extensions><gpxtpx:TrackPointExtension><gpxtpx:speed>7673.30413532258990</gpxtpx:speed><gpxtpx:course>0.00000000000000</gpxtpx:course></gpxtpx:TrackPointExtension></extensions></trkpt>
      <trkpt lon="-141.21013084093406" lat="-78.88728619359601"><ele>521511.71117971185595</ele><time>2023-01-20T10:12:57.400Z</time><hdop>3.33989574683046</hdop><vdop>6.99365503867433</vdop><pdop>7.75023318356751</pdop><extensions><gpxtpx:TrackPointExtension><gpxtpx:speed>7672.92234172940425</gpxtpx:speed><gpxtpx:course>0.00000000000000</gpxtpx:course></gpxtpx:TrackPointExtension></extensions></trkpt>
      <trkpt lon="-141.23180466879961" lat="-78.88249141528451"><ele>521509.61464385502040</ele><time>2023-01-20T10:12:57.500Z</time><hdop>3.34053170875366</hdop><vdop>6.99312108330507</vdop><pdop>7.75002545692299</pdop><extensions><gpxtpx:TrackPointExtension><gpxtpx:speed>7674.64921120825693</gpxtpx:speed><gpxtpx:course>0.00000000000000</gpxtpx:course></gpxtpx:TrackPointExtension></extensions></trkpt>
      <trkpt lon="-141.25349255644423" lat="-78.87766944232791"><ele>521502.11249578930438</ele><time>2023-01-20T10:12:57.600Z</time><hdop>3.34117166641967</hdop><vdop>6.99258785733233</vdop><pdop>7.74982019449465</pdop><extensions><gpxtpx:TrackPointExtension><gpxtpx:speed>7673.55392559124903</gpxtpx:speed><gpxtpx:course>0.00000000000000</gpxtpx:course></gpxtpx:TrackPointExtension></extensions></trkpt>
      <trkpt lon="-141.27507958886866" lat="-78.87288867323282"><ele>521504.44800266902894</ele><time>2023-01-20T10:12:57.700Z</time><hdop>3.34180510048282</hdop><vdop>6.99205320766135</vdop><pdop>7.74961091851587</pdop><extensions><gpxtpx:TrackPointExtension><gpxtpx:speed>7673.40325186446535</gpxtpx:speed><gpxtpx:course>0.00000000000000</gpxtpx:course></gpxtpx:TrackPointExtension></extensions></trkpt>
      <trkpt lon="-141.29667955935540" lat="-78.86810682420025"><ele>521507.26277985516936</ele><time>2023-01-20T10:12:57.800Z</time><hdop>3.34243856132825</hdop><vdop>6.99151817792088</vdop><pdop>7.74940139420150</pdop><extensions><gpxtpx:TrackPointExtension><gpxtpx:speed>7673.00528474756902</gpxtpx:speed><gpxtpx:course>0.00000000000000</gpxtpx:course></gpxtpx:TrackPointExtension></extensions></trkpt>
      <trkpt lon="-141.31829022408508" lat="-78.86329770858140"><ele>521505.25301533844322</ele><time>2023-01-20T10:12:57.900Z</time><hdop>3.34307589780031</hdop><vdop>6.99098371078059</vdop><pdop>7.74919413247938</pdop><extensions><gpxtpx:TrackPointExtension><gpxtpx:speed>7672.92413576599120</gpxtpx:speed><gpxtpx:course>0.00000000000000</gpxtpx:course></gpxtpx:TrackPointExtension></extensions></trkpt>
      <trkpt lon="-141.33983682156483" lat="-78.85851326018540"><ele>521509.28066622279584</ele><time>2023-01-20T10:12:58.000Z</time><hdop>3.34370932118597</hdop><vdop>6.99044833713750</vdop><pdop>7.74898444822122</pdop><extensions><gpxtpx:TrackPointExtension><gpxtpx:speed>7674.01811551449828</gpxtpx:speed><gpxtpx:course>0.00000000000000</gpxtpx:course></gpxtpx:TrackPointExtension></extensions></trkpt>
      <trkpt lon="-141.36141029275146" lat="-78.85371427593503"><ele>521509.16677535325289</ele><time>2023-01-20T10:12:58.100Z</time><hdop>3.34434495099223</hdop><vdop>6.98991357202186</vdop><pdop>7.74877634827348</pdop><extensions><gpxtpx:TrackPointExtension><gpxtpx:speed>7673.59954231128904</gpxtpx:speed><gpxtpx:course>0.00000000000000</gpxtpx:course></gpxtpx:TrackPointExtension></extensions></trkpt>
      <trkpt lon="-141.38292958727118" lat="-78.84891672072378"><ele>521507.34928783122450</ele><time>2023-01-20T10:12:58.200Z</time><hdop>3.34498015255425</hdop><vdop>6.98937950985533</vdop><pdop>7.74856878099222</pdop><extensions><gpxtpx:TrackPointExtension><gpxtpx:speed>7673.92891914730717</gpxtpx:speed><gpxtpx:course>0.00000000000000</gpxtpx:course></gpxtpx:TrackPointExtension></extensions></trkpt>
      <trkpt lon="-141.40441526079843" lat="-78.84414784690325"><ele>521517.50520100165159</ele><time>2023-01-20T10:12:58.300Z</time><hdop>3.34561063920920</hdop><vdop>6.98884268571139</vdop><pdop>7.74835676997461</pdop><extensions><gpxtpx:TrackPointExtension><gpxtpx:speed>7672.99418712683564</gpxtpx:speed><gpxtpx:course>0.00000000000000</gpxtpx:course></gpxtpx:TrackPointExtension></extensions></trkpt>
      <trkpt lon="-141.42594462601903" lat="-78.83933166558870"><ele>521514.37532023992389</ele><time>2023-01-20T10:12:58.400Z</time><hdop>3.34624833400835</hdop><vdop>6.98830825031076</vdop><pdop>7.74815010916897</pdop><extensions><gpxtpx:TrackPointExtension><gpxtpx:speed>7672.83954845237167</gpxtpx:speed><gpxtpx:course>0.00000000000000</gpxtpx:course></gpxtpx:TrackPointExtension></extensions></trkpt>
      <trkpt lon="-141.44744821291386" lat="-78.83449770827238"><ele>521506.82158664334565</ele><time>2023-01-20T10:12:58.500Z</time><hdop>3.34688855507452</hdop><vdop>6.98777472276709</vdop><pdop>7.74794544225961</pdop><extensions><gpxtpx:TrackPointExtension><gpxtpx:speed>7672.68635972221819</gpxtpx:speed><gpxtpx:course>0.00000000000000</gpxtpx:course></gpxtpx:TrackPointExtension></extensions></trkpt>
      <trkpt lon="-141.46885380476837" lat="-78.82970683452548"><ele>521511.74157063290477</ele><time>2023-01-20T10:12:58.600Z</time><hdop>3.34752183372802</hdop><vdop>6.98723899488457</vdop><pdop>7.74773587565564</pdop><extensions><gpxtpx:TrackPointExtension><gpxtpx:speed>7672.56547685922487</gpxtpx:speed><gpxtpx:course>0.00000000000000</gpxtpx:course></gpxtpx:TrackPointExtension></extensions></trkpt>
      <trkpt lon="-141.49026686273601" lat="-78.82491375774248"><ele>521513.17297812737525</ele><time>2023-01-20T10:12:58.700Z</time><hdop>3.34815558764126</hdop><vdop>6.98670413841293</vdop><pdop>7.74752738341529</pdop><extensions><gpxtpx:TrackPointExtension><gpxtpx:speed>7672.71721007151609</gpxtpx:speed><gpxtpx:course>0.00000000000000</gpxtpx:course></gpxtpx:TrackPointExtension></extensions></trkpt>
      <trkpt lon="-141.51177617096934" lat="-78.82007924842256"><ele>521506.77640476822853</ele><time>2023-01-20T10:12:58.800Z</time><hdop>3.34879548358859</hdop><vdop>6.98616983446276</vdop><pdop>7.74732212747481</pdop><extensions><gpxtpx:TrackPointExtension><gpxtpx:speed>7673.83128537887569</gpxtpx:speed><gpxtpx:course>0.00000000000000</gpxtpx:course></gpxtpx:TrackPointExtension></extensions></trkpt>
      <trkpt lon="-141.53317997842234" lat="-78.81527153254507"><ele>521506.90632049273700</ele><time>2023-01-20T10:12:58.900Z</time><hdop>3.34943097080379</hdop><vdop>6.98563475765409</vdop><pdop>7.74711435281064</pdop><extensions><gpxtpx:TrackPointExtension><gpxtpx:speed>7672.78769875200214</gpxtpx:speed><gpxtpx:course>0.00000000000000</gpxtpx:course></gpxtpx:TrackPointExtension></extensions></trkpt>
      <trkpt lon="-141.55455756198575" lat="-78.81046523785432"><ele>521508.43737452384084</ele><time>2023-01-20T10:12:59.000Z</time><hdop>3.35006606464745</hdop><vdop>6.98509934946632</vdop><pdop>7.74690619275961</pdop><extensions><gpxtpx:TrackPointExtension><gpxtpx:speed>7674.04607808246055</gpxtpx:speed><gpxtpx:course>0.00000000000000</gpxtpx:course></gpxtpx:TrackPointExtension></extensions></trkpt>
      <trkpt lon="-141.57594230614941" lat="-78.80564843261305"><ele>521508.74326656479388</ele><time>2023-01-20T10:12:59.100Z</time><hdop>3.35070256567542</hdop><vdop>6.98456385966244</vdop><pdop>7.74669865125310</pdop><extensions><gpxtpx:TrackPointExtension><gpxtpx:speed>7673.41643823140203</gpxtpx:speed><gpxtpx:course>0.00000000000000</gpxtpx:course></gpxtpx:TrackPointExtension></extensions></trkpt>
      <trkpt lon="-141.59728102280567" lat="-78.80083168210517"><ele>521507.46728195343167</ele><time>2023-01-20T10:12:59.200Z</time><hdop>3.35133896722057</hdop><vdop>6.98402901885917</vdop><pdop>7.74649173558444</pdop><extensions><gpxtpx:TrackPointExtension><gpxtpx:speed>7672.65505293500519</gpxtpx:speed><gpxtpx:course>0.00000000000000</gpxtpx:course></gpxtpx:TrackPointExtension></extensions></trkpt>
      <trkpt lon="-141.61861315132148" lat="-78.79602653232324"><ele>521510.77120725810528</ele><time>2023-01-20T10:12:59.300Z</time><hdop>3.35197337844811</hdop><vdop>6.98349301166005</vdop><pdop>7.74628299081111</pdop><extensions><gpxtpx:TrackPointExtension><gpxtpx:speed>7674.02462865812049</gpxtpx:speed><gpxtpx:course>0.00000000000000</gpxtpx:course></gpxtpx:TrackPointExtension></extensions></trkpt>
      <trkpt lon="-141.63996803959265" lat="-78.79120280419298"><ele>521509.57386464253068</ele><time>2023-01-20T10:12:59.400Z</time><hdop>3.35261047051103</hdop><vdop>6.98295759395361</vdop><pdop>7.74607602118224</pdop><extensions><gpxtpx:TrackPointExtension><gpxtpx:speed>7671.99611538699810</gpxtpx:speed><gpxtpx:course>0.00000000000000</gpxtpx:course></gpxtpx:TrackPointExtension></extensions></trkpt>
      <trkpt lon="-141.66127365822697" lat="-78.78636767117797"><ele>521505.31575619243085</ele><time>2023-01-20T10:12:59.500Z</time><hdop>3.35324919683912</hdop><vdop>6.98242299177652</vdop><pdop>7.74587057806878</pdop><extensions><gpxtpx:TrackPointExtension><gpxtpx:speed>7672.16211704085799</gpxtpx:speed><gpxtpx:course>0.00000000000000</gpxtpx:course></gpxtpx:TrackPointExtension></extensions></trkpt>
      <trkpt lon="-141.68254633502522" lat="-78.78155073165507"><ele>521506.39941856171936</ele><time>2023-01-20T10:12:59.600Z</time><hdop>3.35388493148226</hdop><vdop>6.98188735150286</vdop><pdop>7.74566298793715</pdop><extensions><gpxtpx:TrackPointExtension><gpxtpx:speed>7674.28244507341424</gpxtpx:speed><gpxtpx:course>0.00000000000000</gpxtpx:course></gpxtpx:TrackPointExtension></extensions></trkpt>
      <trkpt lon="-141.70380677895477" lat="-78.77673406604760"><ele>521507.50776589009911</ele><time>2023-01-20T10:12:59.700Z</time><hdop>3.35452043269503</hdop><vdop>6.98135162167942</vdop><pdop>7.74545529965116</pdop><extensions><gpxtpx:TrackPointExtension><gpxtpx:speed>7673.54833232156579</gpxtpx:speed><gpxtpx:course>0.00000000000000</gpxtpx:course></gpxtpx:TrackPointExtension></extensions></trkpt>
      <trkpt lon="-141.72503877271851" lat="-78.77192084443246"><ele>521509.73984447587281</ele><time>2023-01-20T10:12:59.800Z</time><hdop>3.35515529330773</hdop><vdop>6.98081573070749</vdop><pdop>7.74524727225051</pdop><extensions><gpxtpx:TrackPointExtension><gpxtpx:speed>7672.84215156842492</gpxtpx:speed><gpxtpx:course>0.00000000000000</gpxtpx:course></gpxtpx:TrackPointExtension></extensions></trkpt>
      <trkpt lon="-141.74627894470231" lat="-78.76709078835957"><ele>521509.22232086583972</ele><time>2023-01-20T10:12:59.900Z</time><hdop>3.35579253600624</hdop><vdop>6.98028004391267</vdop><pdop>7.74504054451367</pdop><extensions><gpxtpx:TrackPointExtension><gpxtpx:speed>7673.61420235346850</gpxtpx:speed><gpxtpx:course>0.00000000000000</gpxtpx:course></gpxtpx:TrackPointExtension></extensions></trkpt>
      <trkpt lon="-141.76747503133953" lat="-78.76226998153000"><ele>521511.80892448686063</ele><time>2023-01-20T10:13:00.000Z</time><hdop>3.35642804808518</hdop><vdop>6.97974380085825</vdop><pdop>7.74483264942452</pdop><extensions><gpxtpx:TrackPointExtension><gpxtpx:speed>7672.80284100263998</gpxtpx:speed><gpxtpx:course>0.00000000000000</gpxtpx:course></gpxtpx:TrackPointExtension></extensions></trkpt>
      <trkpt lon="-141.78865816943366" lat="-78.75745545320191"><ele>521513.03342858701944</ele><time>2023-01-20T10:13:00.100Z</time><hdop>3.35706272570799</hdop><vdop>6.97920810373886</vdop><pdop>7.74462496830106</pdop><extensions><gpxtpx:TrackPointExtension><gpxtpx:speed>7673.72995898905174</gpxtpx:speed><gpxtpx:course>0.00000000000000</gpxtpx:course></gpxtpx:TrackPointExtension></extensions></trkpt>
      <trkpt lon="-141.80985436162337" lat="-78.75260992727507"><ele>521507.43913764320314</ele><time>2023-01-20T10:13:00.200Z</time><hdop>3.35770197683430</hdop><vdop>6.97867344192462</vdop><pdop>7.74442028651990</pdop><extensions><gpxtpx:TrackPointExtension><gpxtpx:speed>7672.63241100852701</gpxtpx:speed><gpxtpx:course>0.00000000000000</gpxtpx:course></gpxtpx:TrackPointExtension></extensions></trkpt>
      <trkpt lon="-141.83102478560946" lat="-78.74778957500945"><ele>521512.16630940325558</ele><time>2023-01-20T10:13:00.300Z</time><hdop>3.35833684016418</hdop><vdop>6.97813630969717</vdop><pdop>7.74421156017305</pdop><extensions><gpxtpx:TrackPointExtension><gpxtpx:speed>7674.21298666944040</gpxtpx:speed><gpxtpx:course>0.00000000000000</gpxtpx:course></gpxtpx:TrackPointExtension></extensions></trkpt>
      <trkpt lon="-141.85209223003724" lat="-78.74297607704246"><ele>521515.41746079456061</ele><time>2023-01-20T10:13:00.400Z</time><hdop>3.35897081544531</hdop><vdop>6.97760038921743</vdop><pdop>7.74400362413529</pdop><extensions><gpxtpx:TrackPointExtension><gpxtpx:speed>7672.63563316172349</gpxtpx:speed><gpxtpx:course>0.00000000000000</gpxtpx:course></gpxtpx:TrackPointExtension></extensions></trkpt>
      <trkpt lon="-141.87328259435691" lat="-78.73811127527586"><ele>521508.56999801099300</ele><time>2023-01-20T10:13:00.500Z</time><hdop>3.35961241292808</hdop><vdop>6.97706527342476</vdop><pdop>7.74379980337367</pdop><extensions><gpxtpx:TrackPointExtension><gpxtpx:speed>7674.37370816317252</gpxtpx:speed><gpxtpx:course>0.00000000000000</gpxtpx:course></gpxtpx:TrackPointExtension></extensions></trkpt>
      <trkpt lon="-141.89441778074411" lat="-78.73328247080522"><ele>521511.13334778882563</ele><time>2023-01-20T10:13:00.600Z</time><hdop>3.36024807313159</hdop><vdop>6.97652841029168</vdop><pdop>7.74359191671356</pdop><extensions><gpxtpx:TrackPointExtension><gpxtpx:speed>7672.77445458578495</gpxtpx:speed><gpxtpx:course>0.00000000000000</gpxtpx:course></gpxtpx:TrackPointExtension></extensions></trkpt>
      <trkpt lon="-141.91548776404534" lat="-78.72843587003544"><ele>521509.29483970440924</ele><time>2023-01-20T10:13:00.700Z</time><hdop>3.36088651744085</hdop><vdop>6.97599276058026</vdop><pdop>7.74338641543762</pdop><extensions><gpxtpx:TrackPointExtension><gpxtpx:speed>7672.36386029748246</gpxtpx:speed><gpxtpx:course>0.00000000000000</gpxtpx:course></gpxtpx:TrackPointExtension></extensions></trkpt>
      <trkpt lon="-141.93655590040379" lat="-78.72362045094597"><ele>521513.48410015646368</ele><time>2023-01-20T10:13:00.800Z</time><hdop>3.36152005839062</hdop><vdop>6.97545596588645</vdop><pdop>7.74317783826404</pdop><extensions><gpxtpx:TrackPointExtension><gpxtpx:speed>7673.25271726725623</gpxtpx:speed><gpxtpx:course>0.00000000000000</gpxtpx:course></gpxtpx:TrackPointExtension></extensions></trkpt>
      <trkpt lon="-141.95762974761283" lat="-78.71877078358716"><ele>521510.77018281351775</ele><time>2023-01-20T10:13:00.900Z</time><hdop>3.36215868911145</hdop><vdop>6.97492020538953</vdop><pdop>7.74297248621734</pdop><extensions><gpxtpx:TrackPointExtension><gpxtpx:speed>7672.77275104340151</gpxtpx:speed><gpxtpx:course>0.00000000000000</gpxtpx:course></gpxtpx:TrackPointExtension></extensions></trkpt>
      <trkpt lon="-141.97866313675868" lat="-78.71392858457453"><ele>521509.14859943464398</ele><time>2023-01-20T10:13:01.000Z</time><hdop>3.36279601347987</hdop><vdop>6.97438442391353</vdop><pdop>7.74276663220608</pdop><extensions><gpxtpx:TrackPointExtension><gpxtpx:speed>7672.54176280908814</gpxtpx:speed><gpxtpx:course>0.00000000000000</gpxtpx:course></gpxtpx:TrackPointExtension></extensions></trkpt>
      <trkpt lon="-141.99962594601936" lat="-78.70908071543010"><ele>521510.01688815839589</ele><time>2023-01-20T10:13:01.100Z</time><hdop>3.36343381714725</hdop><vdop>6.97384807304985</vdop><pdop>7.74256055761341</pdop><extensions><gpxtpx:TrackPointExtension><gpxtpx:speed>7673.57353304752723</gpxtpx:speed><gpxtpx:course>0.00000000000000</gpxtpx:course></gpxtpx:TrackPointExtension></extensions></trkpt>
      <trkpt lon="-142.02069006668964" lat="-78.70425111484286"><ele>521513.62676635291427</ele><time>2023-01-20T10:13:01.200Z</time><hdop>3.36406878724231</hdop><vdop>6.97331060487876</vdop><pdop>7.74235232971301</pdop><extensions><gpxtpx:TrackPointExtension><gpxtpx:speed>7671.97321544575789</gpxtpx:speed><gpxtpx:course>0.00000000000000</gpxtpx:course></gpxtpx:TrackPointExtension></extensions></trkpt>
      <trkpt lon="-142.04172066246525" lat="-78.69940860093317"><ele>521514.69678668305278</ele><time>2023-01-20T10:13:01.300Z</time><hdop>3.36470558887391</hdop><vdop>6.97277365609000</vdop><pdop>7.74214544934813</pdop><extensions><gpxtpx:TrackPointExtension><gpxtpx:speed>7674.27023245332657</gpxtpx:speed><gpxtpx:course>0.00000000000000</gpxtpx:course></gpxtpx:TrackPointExtension></extensions></trkpt>
      <trkpt lon="-142.06264001194927" lat="-78.69453616231827"><ele>521507.74035300966352</ele><time>2023-01-20T10:13:01.400Z</time><hdop>3.36534683607639</hdop><vdop>6.97223891749457</vdop><pdop>7.74194257597635</pdop><extensions><gpxtpx:TrackPointExtension><gpxtpx:speed>7673.42962587039437</gpxtpx:speed><gpxtpx:course>0.00000000000000</gpxtpx:course></gpxtpx:TrackPointExtension></extensions></trkpt>
      <trkpt lon="-142.08357269792654" lat="-78.68969198848764"><ele>521507.89749306812882</ele><time>2023-01-20T10:13:01.500Z</time><hdop>3.36598363278889</hdop><vdop>6.97170255824536</vdop><pdop>7.74173639288032</pdop><extensions><gpxtpx:TrackPointExtension><gpxtpx:speed>7674.79926131604316</gpxtpx:speed><gpxtpx:course>0.00000000000000</gpxtpx:course></gpxtpx:TrackPointExtension></extensions></trkpt>
      <trkpt lon="-142.10449183181620" lat="-78.68486467992975"><ele>521511.72313196212053</ele><time>2023-01-20T10:13:01.600Z</time><hdop>3.36661772565661</hdop><vdop>6.97116551134417</vdop><pdop>7.74152849876946</pdop><extensions><gpxtpx:TrackPointExtension><gpxtpx:speed>7672.73486296895953</gpxtpx:speed><gpxtpx:course>0.00000000000000</gpxtpx:course></gpxtpx:TrackPointExtension></extensions></trkpt>
      <trkpt lon="-142.12541801929933" lat="-78.68001346613592"><ele>521511.68559138197452</ele><time>2023-01-20T10:13:01.700Z</time><hdop>3.36725520675124</hdop><vdop>6.97062882241922</vdop><pdop>7.74132248439082</pdop><extensions><gpxtpx:TrackPointExtension><gpxtpx:speed>7673.20551584409623</gpxtpx:speed><gpxtpx:course>0.00000000000000</gpxtpx:course></gpxtpx:TrackPointExtension></extensions></trkpt>
      <trkpt lon="-142.14632203180662" lat="-78.67516771357444"><ele>521514.58864619862288</ele><time>2023-01-20T10:13:01.800Z</time><hdop>3.36789156663092</hdop><vdop>6.97009138676824</vdop><pdop>7.74111539408143</pdop><extensions><gpxtpx:TrackPointExtension><gpxtpx:speed>7673.27094053273140</gpxtpx:speed><gpxtpx:course>0.00000000000000</gpxtpx:course></gpxtpx:TrackPointExtension></extensions></trkpt>
      <trkpt lon="-142.16719750618651" lat="-78.67031365501613"><ele>521515.10339749138802</ele><time>2023-01-20T10:13:01.900Z</time><hdop>3.36852909457174</hdop><vdop>6.96955450258221</vdop><pdop>7.74090939266442</pdop><extensions><gpxtpx:TrackPointExtension><gpxtpx:speed>7672.92953853205745</gpxtpx:speed><gpxtpx:course>0.00000000000000</gpxtpx:course></gpxtpx:TrackPointExtension></extensions></trkpt>
      <trkpt lon="-142.18807818622483" lat="-78.66544395006319"><ele>521512.44074607361108</ele><time>2023-01-20T10:13:02.000Z</time><hdop>3.36916888452217</hdop><vdop>6.96901805433858</vdop><pdop>7.74070485253956</pdop><extensions><gpxtpx:TrackPointExtension><gpxtpx:speed>7673.47612476121776</gpxtpx:speed><gpxtpx:course>0.00000000000000</gpxtpx:course></gpxtpx:TrackPointExtension></extensions></trkpt>
      <trkpt lon="-142.20896413149728" lat="-78.66061222355636"><ele>521519.83090009540319</ele><time>2023-01-20T10:13:02.100Z</time><hdop>3.36980258956640</hdop><vdop>6.96847936413703</vdop><pdop>7.74049572967080</pdop><extensions><gpxtpx:TrackPointExtension><gpxtpx:speed>7672.76591105709849</gpxtpx:speed><gpxtpx:course>0.00000000000000</gpxtpx:course></gpxtpx:TrackPointExtension></extensions></trkpt>
      <trkpt lon="-142.22977531730720" lat="-78.65574124583071"><ele>521513.95037081465125</ele><time>2023-01-20T10:13:02.200Z</time><hdop>3.37044246064531</hdop><vdop>6.96794403272310</vdop><pdop>7.74029239910756</pdop><extensions><gpxtpx:TrackPointExtension><gpxtpx:speed>7673.97972938826933</gpxtpx:speed><gpxtpx:course>0.00000000000000</gpxtpx:course></gpxtpx:TrackPointExtension></extensions></trkpt>
      <trkpt lon="-142.25059906531720" lat="-78.65086876702907"><ele>521512.16637926548719</ele><time>2023-01-20T10:13:02.300Z</time><hdop>3.37108212198134</hdop><vdop>6.96740718493064</vdop><pdop>7.74008769677484</pdop><extensions><gpxtpx:TrackPointExtension><gpxtpx:speed>7674.89905237898529</gpxtpx:speed><gpxtpx:course>0.00000000000000</gpxtpx:course></gpxtpx:TrackPointExtension></extensions></trkpt>
      <trkpt lon="-142.27137317941356" lat="-78.64598935221325"><ele>521503.95916212163866</ele><time>2023-01-20T10:13:02.400Z</time><hdop>3.37172300712578</hdop><vdop>6.96687229138497</vdop><pdop>7.73988537132489</pdop><extensions><gpxtpx:TrackPointExtension><gpxtpx:speed>7673.25380268111803</gpxtpx:speed><gpxtpx:course>0.00000000000000</gpxtpx:course></gpxtpx:TrackPointExtension></extensions></trkpt>
      <trkpt lon="-142.29209740676143" lat="-78.64110474708338"><ele>521495.72349605429918</ele><time>2023-01-20T10:13:02.500Z</time><hdop>3.37236449907470</hdop><vdop>6.96633746543191</vdop><pdop>7.73968345585914</pdop><extensions><gpxtpx:TrackPointExtension><gpxtpx:speed>7672.64351017514946</gpxtpx:speed><gpxtpx:course>0.00000000000000</gpxtpx:course></gpxtpx:TrackPointExtension></extensions></trkpt>
      <trkpt lon="-142.31283495885458" lat="-78.63627527384678"><ele>521504.34671723190695</ele><time>2023-01-20T10:13:02.600Z</time><hdop>3.37299705217575</hdop><vdop>6.96579877456357</vdop><pdop>7.73947425098744</pdop><extensions><gpxtpx:TrackPointExtension><gpxtpx:speed>7673.23775528549322</gpxtpx:speed><gpxtpx:course>0.00000000000000</gpxtpx:course></gpxtpx:TrackPointExtension></extensions></trkpt>
      <trkpt lon="-142.33362209615171" lat="-78.63143516893459"><ele>521514.29622610099614</ele><time>2023-01-20T10:13:02.700Z</time><hdop>3.37363093558855</hdop><vdop>6.96525898902858</vdop><pdop>7.73926472436520</pdop><extensions><gpxtpx:TrackPointExtension><gpxtpx:speed>7672.82223911251731</gpxtpx:speed><gpxtpx:course>0.00000000000000</gpxtpx:course></gpxtpx:TrackPointExtension></extensions></trkpt>
      <trkpt lon="-142.35437021299330" lat="-78.62657427552696"><ele>521516.51720123086125</ele><time>2023-01-20T10:13:02.800Z</time><hdop>3.37426808120416</hdop><vdop>6.96472113764300</vdop><pdop>7.73905844460193</pdop><extensions><gpxtpx:TrackPointExtension><gpxtpx:speed>7673.03890617868365</gpxtpx:speed><gpxtpx:course>0.00000000000000</gpxtpx:course></gpxtpx:TrackPointExtension></extensions></trkpt>
      <trkpt lon="-142.37508428597613" lat="-78.62170640792813"><ele>521515.24963552039117</ele><time>2023-01-20T10:13:02.900Z</time><hdop>3.37490618398400</hdop><vdop>6.96418420004670</vdop><pdop>7.73885348891382</pdop><extensions><gpxtpx:TrackPointExtension><gpxtpx:speed>7673.48203997964629</gpxtpx:speed><gpxtpx:course>0.00000000000000</gpxtpx:course></gpxtpx:TrackPointExtension></extensions></trkpt>
      <trkpt lon="-142.39580572400297" lat="-78.61684371533471"><ele>521518.97301362548023</ele><time>2023-01-20T10:13:03.000Z</time><hdop>3.37554312780515</hdop><vdop>6.96364570678509</vdop><pdop>7.73864671226817</pdop><extensions><gpxtpx:TrackPointExtension><gpxtpx:speed>7672.71545796391729</gpxtpx:speed><gpxtpx:course>0.00000000000000</gpxtpx:course></gpxtpx:TrackPointExtension></extensions></trkpt>
      <trkpt lon="-142.41649908914798" lat="-78.61196494414148"><ele>521516.70034182164818</ele><time>2023-01-20T10:13:03.100Z</time><hdop>3.37618257579537</hdop><vdop>6.96310868403071</vdop><pdop>7.73844243570553</pdop><extensions><gpxtpx:TrackPointExtension><gpxtpx:speed>7672.90348941646425</gpxtpx:speed><gpxtpx:course>0.00000000000000</gpxtpx:course></gpxtpx:TrackPointExtension></extensions></trkpt>
      <trkpt lon="-142.43712648507039" lat="-78.60711409521407"><ele>521521.36766503658146</ele><time>2023-01-20T10:13:03.200Z</time><hdop>3.37681755025182</hdop><vdop>6.96257059675954</vdop><pdop>7.73823533388260</pdop><extensions><gpxtpx:TrackPointExtension><gpxtpx:speed>7672.64378246702927</gpxtpx:speed><gpxtpx:course>0.00000000000000</gpxtpx:course></gpxtpx:TrackPointExtension></extensions></trkpt>
      <trkpt lon="-142.45775255121114" lat="-78.60225011347414"><ele>521524.51911237090826</ele><time>2023-01-20T10:13:03.300Z</time><hdop>3.37745435552617</hdop><vdop>6.96203253098911</vdop><pdop>7.73802913448982</pdop><extensions><gpxtpx:TrackPointExtension><gpxtpx:speed>7672.39494481909969</gpxtpx:speed><gpxtpx:course>0.00000000000000</gpxtpx:course></gpxtpx:TrackPointExtension></extensions></trkpt>
      <trkpt lon="-142.47839136415820" lat="-78.59733971538856"><ele>521515.62512583751231</ele><time>2023-01-20T10:13:03.400Z</time><hdop>3.37809810159624</hdop><vdop>6.96149659489553</vdop><pdop>7.73782796556955</pdop><extensions><gpxtpx:TrackPointExtension><gpxtpx:speed>7672.31187313053852</gpxtpx:speed><gpxtpx:course>0.00000000000000</gpxtpx:course></gpxtpx:TrackPointExtension></extensions></trkpt>
      <trkpt lon="-142.49897419209844" lat="-78.59243923836175"><ele>521506.10450732707977</ele><time>2023-01-20T10:13:03.500Z</time><hdop>3.37874039898315</hdop><vdop>6.96096135665839</vdop><pdop>7.73762687731918</pdop><extensions><gpxtpx:TrackPointExtension><gpxtpx:speed>7673.20624466839945</gpxtpx:speed><gpxtpx:course>0.00000000000000</gpxtpx:course></gpxtpx:TrackPointExtension></extensions></trkpt>
      <trkpt lon="-142.51956290031393" lat="-78.58757902602231"><ele>521510.36982613615692</ele><time>2023-01-20T10:13:03.600Z</time><hdop>3.37937611572842</hdop><vdop>6.96042287795522</vdop><pdop>7.73742008498428</pdop><extensions><gpxtpx:TrackPointExtension><gpxtpx:speed>7672.47200347988110</gpxtpx:speed><gpxtpx:course>0.00000000000000</gpxtpx:course></gpxtpx:TrackPointExtension></extensions></trkpt>
      <trkpt lon="-142.54011312527189" lat="-78.58271815130084"><ele>521514.84856803342700</ele><time>2023-01-20T10:13:03.700Z</time><hdop>3.38001181146822</hdop><vdop>6.95988445959942</vdop><pdop>7.73721342193934</pdop><extensions><gpxtpx:TrackPointExtension><gpxtpx:speed>7673.51668707810404</gpxtpx:speed><gpxtpx:course>0.00000000000000</gpxtpx:course></gpxtpx:TrackPointExtension></extensions></trkpt>
      <trkpt lon="-142.56064488691302" lat="-78.57785214952595"><ele>521517.26245506387204</ele><time>2023-01-20T10:13:03.800Z</time><hdop>3.38064817149205</hdop><vdop>6.95934650849408</vdop><pdop>7.73700755361537</pdop><extensions><gpxtpx:TrackPointExtension><gpxtpx:speed>7672.28509627349376</gpxtpx:speed><gpxtpx:course>0.00000000000000</gpxtpx:course></gpxtpx:TrackPointExtension></extensions></trkpt>
      <trkpt lon="-142.58122348745320" lat="-78.57295696067740"><ele>521514.78803998045623</ele><time>2023-01-20T10:13:03.900Z</time><hdop>3.38128878262921</hdop><vdop>6.95880882120777</vdop><pdop>7.73680386475276</pdop><extensions><gpxtpx:TrackPointExtension><gpxtpx:speed>7672.18800996649497</gpxtpx:speed><gpxtpx:course>0.00000000000000</gpxtpx:course></gpxtpx:TrackPointExtension></extensions></trkpt>
      <trkpt lon="-142.60173842151292" lat="-78.56806314151268"><ele>521511.61354614514858</ele><time>2023-01-20T10:13:04.000Z</time><hdop>3.38192905523468</hdop><vdop>6.95827166674925</vdop><pdop>7.73660059218039</pdop><extensions><gpxtpx:TrackPointExtension><gpxtpx:speed>7672.77480026717330</gpxtpx:speed><gpxtpx:course>0.00000000000000</gpxtpx:course></gpxtpx:TrackPointExtension></extensions></trkpt>
      <trkpt lon="-142.62227995574750" lat="-78.56318052042568"><ele>521514.53867851290852</ele><time>2023-01-20T10:13:04.100Z</time><hdop>3.38256721224570</hdop><vdop>6.95773266152291</vdop><pdop>7.73639481506614</pdop><extensions><gpxtpx:TrackPointExtension><gpxtpx:speed>7673.59202703751180</gpxtpx:speed><gpxtpx:course>0.00000000000000</gpxtpx:course></gpxtpx:TrackPointExtension></extensions></trkpt>
      <trkpt lon="-142.64276625309066" lat="-78.55829256404543"><ele>521513.28166947141290</ele><time>2023-01-20T10:13:04.200Z</time><hdop>3.38320631608095</hdop><vdop>6.95719501341492</vdop><pdop>7.73619075720445</pdop><extensions><gpxtpx:TrackPointExtension><gpxtpx:speed>7674.25691259576251</gpxtpx:speed><gpxtpx:course>0.00000000000000</gpxtpx:course></gpxtpx:TrackPointExtension></extensions></trkpt>
      <trkpt lon="-142.66319778973937" lat="-78.55340749901838"><ele>521510.31606311909854</ele><time>2023-01-20T10:13:04.300Z</time><hdop>3.38384501650243</hdop><vdop>6.95665821763444</vdop><pdop>7.73598737412937</pdop><extensions><gpxtpx:TrackPointExtension><gpxtpx:speed>7673.05056332554432</gpxtpx:speed><gpxtpx:course>0.00000000000000</gpxtpx:course></gpxtpx:TrackPointExtension></extensions></trkpt>
      <trkpt lon="-142.68367908761439" lat="-78.54852489427876"><ele>521513.52833877503872</ele><time>2023-01-20T10:13:04.400Z</time><hdop>3.38448266985461</hdop><vdop>6.95611910324220</vdop><pdop>7.73578153265960</pdop><extensions><gpxtpx:TrackPointExtension><gpxtpx:speed>7674.14916784655816</gpxtpx:speed><gpxtpx:course>0.00000000000000</gpxtpx:course></gpxtpx:TrackPointExtension></extensions></trkpt>
      <trkpt lon="-142.70411825038263" lat="-78.54366407467634"><ele>521522.06657814886421</ele><time>2023-01-20T10:13:04.500Z</time><hdop>3.38511705299152</hdop><vdop>6.95557921340604</vdop><pdop>7.73557364753385</pdop><extensions><gpxtpx:TrackPointExtension><gpxtpx:speed>7673.50610837563181</gpxtpx:speed><gpxtpx:course>0.00000000000000</gpxtpx:course></gpxtpx:TrackPointExtension></extensions></trkpt>
      <trkpt lon="-142.72451915175796" lat="-78.53874954823080"><ele>521514.64112295769155</ele><time>2023-01-20T10:13:04.600Z</time><hdop>3.38575961784765</hdop><vdop>6.95504275691909</vdop><pdop>7.73537251465116</pdop><extensions><gpxtpx:TrackPointExtension><gpxtpx:speed>7672.84139442474407</gpxtpx:speed><gpxtpx:course>0.00000000000000</gpxtpx:course></gpxtpx:TrackPointExtension></extensions></trkpt>
      <trkpt lon="-142.74494577031214" lat="-78.53385150666720"><ele>521514.86210017930716</ele><time>2023-01-20T10:13:04.700Z</time><hdop>3.38639926436930</hdop><vdop>6.95450412310971</vdop><pdop>7.73516823191783</pdop><extensions><gpxtpx:TrackPointExtension><gpxtpx:speed>7671.71906999771090</gpxtpx:speed><gpxtpx:course>0.00000000000000</gpxtpx:course></gpxtpx:TrackPointExtension></extensions></trkpt>
      <trkpt lon="-142.76532845317698" lat="-78.52894411536876"><ele>521512.63150197826326</ele><time>2023-01-20T10:13:04.800Z</time><hdop>3.38704025448610</hdop><vdop>6.95396617040186</vdop><pdop>7.73496523486711</pdop><extensions><gpxtpx:TrackPointExtension><gpxtpx:speed>7672.73749341082021</gpxtpx:speed><gpxtpx:course>0.00000000000000</gpxtpx:course></gpxtpx:TrackPointExtension></extensions></trkpt>
      <trkpt lon="-142.78568178812193" lat="-78.52406194570976"><ele>521514.23866738192737</ele><time>2023-01-20T10:13:04.900Z</time><hdop>3.38767731257632</hdop><vdop>6.95342778764019</vdop><pdop>7.73476021425817</pdop><extensions><gpxtpx:TrackPointExtension><gpxtpx:speed>7673.65290841059868</gpxtpx:speed><gpxtpx:course>0.00000000000000</gpxtpx:course></gpxtpx:TrackPointExtension></extensions></trkpt>
      <trkpt lon="-142.80605226561380" lat="-78.51917666018592"><ele>521517.36880613211542</ele><time>2023-01-20T10:13:05.000Z</time><hdop>3.38831465691888</hdop><vdop>6.95288864683755</vdop><pdop>7.73455472212937</pdop><extensions><gpxtpx:TrackPointExtension><gpxtpx:speed>7673.50859043854871</gpxtpx:speed><gpxtpx:course>0.00000000000000</gpxtpx:course></gpxtpx:TrackPointExtension></extensions></trkpt>
      <trkpt lon="-142.82638082670962" lat="-78.51427679861412"><ele>521517.69793939869851</ele><time>2023-01-20T10:13:05.100Z</time><hdop>3.38895401658487</hdop><vdop>6.95235010126971</vdop><pdop>7.73435073274749</pdop><extensions><gpxtpx:TrackPointExtension><gpxtpx:speed>7673.56854803026636</gpxtpx:speed><gpxtpx:course>0.00000000000000</gpxtpx:course></gpxtpx:TrackPointExtension></extensions></trkpt>
      <trkpt lon="-142.84671706784113" lat="-78.50938539849089"><ele>521519.28260556422174</ele><time>2023-01-20T10:13:05.200Z</time><hdop>3.38959197439078</hdop><vdop>6.95181120762143</vdop><pdop>7.73414590108470</pdop><extensions><gpxtpx:TrackPointExtension><gpxtpx:speed>7673.49567488986395</gpxtpx:speed><gpxtpx:course>0.00000000000000</gpxtpx:course></gpxtpx:TrackPointExtension></extensions></trkpt>
      <trkpt lon="-142.86699883545560" lat="-78.50448867375245"><ele>521519.53810250479728</ele><time>2023-01-20T10:13:05.300Z</time><hdop>3.39023064051565</hdop><vdop>6.95127283888666</vdop><pdop>7.73394193645999</pdop><extensions><gpxtpx:TrackPointExtension><gpxtpx:speed>7673.86894602680968</gpxtpx:speed><gpxtpx:course>0.00000000000000</gpxtpx:course></gpxtpx:TrackPointExtension></extensions></trkpt>
      <trkpt lon="-142.88727626988168" lat="-78.49957843552562"><ele>521516.09257653169334</ele><time>2023-01-20T10:13:05.400Z</time><hdop>3.39087131219020</hdop><vdop>6.95073510990601</vdop><pdop>7.73373951099432</pdop><extensions><gpxtpx:TrackPointExtension><gpxtpx:speed>7674.24594357494698</gpxtpx:speed><gpxtpx:course>0.00000000000000</gpxtpx:course></gpxtpx:TrackPointExtension></extensions></trkpt>
      <trkpt lon="-142.90755819244578" lat="-78.49464315146386"><ele>521506.99121454823762</ele><time>2023-01-20T10:13:05.500Z</time><hdop>3.39151556191581</hdop><vdop>6.95019819588675</vdop><pdop>7.73353947224843</pdop><extensions><gpxtpx:TrackPointExtension><gpxtpx:speed>7672.67241862907122</gpxtpx:speed><gpxtpx:course>0.00000000000000</gpxtpx:course></gpxtpx:TrackPointExtension></extensions></trkpt>
      <trkpt lon="-142.92782881926453" lat="-78.48977045555057"><ele>521517.96368886064738</ele><time>2023-01-20T10:13:05.600Z</time><hdop>3.39214978607667</hdop><vdop>6.94965692601442</vdop><pdop>7.73333120721466</pdop><extensions><gpxtpx:TrackPointExtension><gpxtpx:speed>7673.14241442698676</gpxtpx:speed><gpxtpx:course>0.00000000000000</gpxtpx:course></gpxtpx:TrackPointExtension></extensions></trkpt>
      <trkpt lon="-142.94808583155628" lat="-78.48486904216526"><ele>521519.06232505943626</ele><time>2023-01-20T10:13:05.700Z</time><hdop>3.39278848695258</hdop><vdop>6.94911782676691</vdop><pdop>7.73312694112076</pdop><extensions><gpxtpx:TrackPointExtension><gpxtpx:speed>7672.72634768695298</gpxtpx:speed><gpxtpx:course>0.00000000000000</gpxtpx:course></gpxtpx:TrackPointExtension></extensions></trkpt>
      <trkpt lon="-142.96826854314062" lat="-78.47996279770156"><ele>521518.41076287254691</ele><time>2023-01-20T10:13:05.800Z</time><hdop>3.39342783460542</hdop><vdop>6.94857947503788</vdop><pdop>7.73292371549032</pdop><extensions><gpxtpx:TrackPointExtension><gpxtpx:speed>7673.01838300059535</gpxtpx:speed><gpxtpx:course>0.00000000000000</gpxtpx:course></gpxtpx:TrackPointExtension></extensions></trkpt>
      <trkpt lon="-142.98844446515000" lat="-78.47504929501571"><ele>521514.86593281012028</ele><time>2023-01-20T10:13:05.900Z</time><hdop>3.39406825395509</hdop><vdop>6.94804170830796</vdop><pdop>7.73272157088905</pdop><extensions><gpxtpx:TrackPointExtension><gpxtpx:speed>7673.75361866155981</gpxtpx:speed><gpxtpx:course>0.00000000000000</gpxtpx:course></gpxtpx:TrackPointExtension></extensions></trkpt>
      <trkpt lon="-143.00863539453601" lat="-78.47012787087424"><ele>521513.49263881146908</ele><time>2023-01-20T10:13:06.000Z</time><hdop>3.39470940455234</hdop><vdop>6.94750279492135</vdop><pdop>7.73251880222713</pdop><extensions><gpxtpx:TrackPointExtension><gpxtpx:speed>7673.49424179287871</gpxtpx:speed><gpxtpx:course>0.00000000000000</gpxtpx:course></gpxtpx:TrackPointExtension></extensions></trkpt>
      <trkpt lon="-143.02880793317158" lat="-78.46524164034449"><ele>521519.99136215541512</ele><time>2023-01-20T10:13:06.100Z</time><hdop>3.39534514545712</hdop><vdop>6.94696256007461</vdop><pdop>7.73231255627045</pdop><extensions><gpxtpx:TrackPointExtension><gpxtpx:speed>7673.90514987036477</gpxtpx:speed><gpxtpx:course>0.00000000000000</gpxtpx:course></gpxtpx:TrackPointExtension></extensions></trkpt>
      <trkpt lon="-143.04903846601536" lat="-78.46032356667189"><ele>521522.42447618022561</ele><time>2023-01-20T10:13:06.200Z</time><hdop>3.39598533777566</hdop><vdop>6.94642214939588</vdop><pdop>7.73210819194901</pdop><extensions><gpxtpx:TrackPointExtension><gpxtpx:speed>7673.99634699181024</gpxtpx:speed><gpxtpx:course>0.00000000000000</gpxtpx:course></gpxtpx:TrackPointExtension></extensions></trkpt>
      <trkpt lon="-143.06917112103940" lat="-78.45542589492514"><ele>521525.74017957597971</ele><time>2023-01-20T10:13:06.300Z</time><hdop>3.39662256456289</hdop><vdop>6.94588251593118</vdop><pdop>7.73190330844975</pdop><extensions><gpxtpx:TrackPointExtension><gpxtpx:speed>7673.34722460886496</gpxtpx:speed><gpxtpx:course>0.00000000000000</gpxtpx:course></gpxtpx:TrackPointExtension></extensions></trkpt>
      <trkpt lon="-143.08923787397114" lat="-78.45050249890986"><ele>521521.62001528590918</ele><time>2023-01-20T10:13:06.400Z</time><hdop>3.39726367843940</hdop><vdop>6.94534473703133</vdop><pdop>7.73170188361220</pdop><extensions><gpxtpx:TrackPointExtension><gpxtpx:speed>7671.58673731777890</gpxtpx:speed><gpxtpx:course>0.00000000000000</gpxtpx:course></gpxtpx:TrackPointExtension></extensions></trkpt>
      <trkpt lon="-143.10926605309865" lat="-78.44559772838511"><ele>521519.02445677854121</ele><time>2023-01-20T10:13:06.500Z</time><hdop>3.39790205336540</hdop><vdop>6.94480716221345</vdop><pdop>7.73149952367560</pdop><extensions><gpxtpx:TrackPointExtension><gpxtpx:speed>7672.26500126827614</gpxtpx:speed><gpxtpx:course>0.00000000000000</gpxtpx:course></gpxtpx:TrackPointExtension></extensions></trkpt>
      <trkpt lon="-143.12940305261765" lat="-78.44066048383304"><ele>521517.57578367553651</ele><time>2023-01-20T10:13:06.600Z</time><hdop>3.39854457474943</hdop><vdop>6.94426744886584</vdop><pdop>7.73129715040991</pdop><extensions><gpxtpx:TrackPointExtension><gpxtpx:speed>7672.14513483161772</gpxtpx:speed><gpxtpx:course>0.00000000000000</gpxtpx:course></gpxtpx:TrackPointExtension></extensions></trkpt>
      <trkpt lon="-143.14950864088723" lat="-78.43573542109381"><ele>521518.10469483211637</ele><time>2023-01-20T10:13:06.700Z</time><hdop>3.39918518813873</hdop><vdop>6.94372761974877</vdop><pdop>7.73109392004286</pdop><extensions><gpxtpx:TrackPointExtension><gpxtpx:speed>7672.92587403508423</gpxtpx:speed><gpxtpx:course>0.00000000000000</gpxtpx:course></gpxtpx:TrackPointExtension></extensions></trkpt>
      <trkpt lon="-143.16946762198600" lat="-78.43086037519853"><ele>521522.54642719868571</ele><time>2023-01-20T10:13:06.800Z</time><hdop>3.39981848308871</hdop><vdop>6.94318879175026</vdop><pdop>7.73088845578813</pdop><extensions><gpxtpx:TrackPointExtension><gpxtpx:speed>7673.15421704871187</gpxtpx:speed><gpxtpx:course>0.00000000000000</gpxtpx:course></gpxtpx:TrackPointExtension></extensions></trkpt>
      <trkpt lon="-143.18954662747171" lat="-78.42593249503783"><ele>521521.19736609701067</ele><time>2023-01-20T10:13:06.900Z</time><hdop>3.40045936774194</hdop><vdop>6.94264933636813</vdop><pdop>7.73068585052043</pdop><extensions><gpxtpx:TrackPointExtension><gpxtpx:speed>7673.09859191231226</gpxtpx:speed><gpxtpx:course>0.00000000000000</gpxtpx:course></gpxtpx:TrackPointExtension></extensions></trkpt>
      <trkpt lon="-143.20956049177875" lat="-78.42101212922675"><ele>521524.02344282902777</ele><time>2023-01-20T10:13:07.000Z</time><hdop>3.40109883950887</hdop><vdop>6.94210916985539</vdop><pdop>7.73048207049850</pdop><extensions><gpxtpx:TrackPointExtension><gpxtpx:speed>7673.21098381948650</gpxtpx:speed><gpxtpx:course>0.00000000000000</gpxtpx:course></gpxtpx:TrackPointExtension></extensions></trkpt>
      <trkpt lon="-143.22961237539110" lat="-78.41605127608020"><ele>521517.64225165732205</ele><time>2023-01-20T10:13:07.100Z</time><hdop>3.40174423621913</hdop><vdop>6.94157028121377</vdop><pdop>7.73028213053575</pdop><extensions><gpxtpx:TrackPointExtension><gpxtpx:speed>7673.65353653539660</gpxtpx:speed><gpxtpx:course>0.00000000000000</gpxtpx:course></gpxtpx:TrackPointExtension></extensions></trkpt>
      <trkpt lon="-143.24963446831774" lat="-78.41109844585522"><ele>521516.38046486675739</ele><time>2023-01-20T10:13:07.200Z</time><hdop>3.40238805970555</hdop><vdop>6.94103007631760</vdop><pdop>7.73008040250374</pdop><extensions><gpxtpx:TrackPointExtension><gpxtpx:speed>7672.97450253645729</gpxtpx:speed><gpxtpx:course>0.00000000000000</gpxtpx:course></gpxtpx:TrackPointExtension></extensions></trkpt>
      <trkpt lon="-143.26956232324028" lat="-78.40619232415601"><ele>521517.33806433249265</ele><time>2023-01-20T10:13:07.300Z</time><hdop>3.40302529085299</hdop><vdop>6.94049107206278</vdop><pdop>7.72987693637928</pdop><extensions><gpxtpx:TrackPointExtension><gpxtpx:speed>7674.83222438653138</gpxtpx:speed><gpxtpx:course>0.00000000000000</gpxtpx:course></gpxtpx:TrackPointExtension></extensions></trkpt>
      <trkpt lon="-143.28945863476125" lat="-78.40130513998314"><ele>521517.78561474196613</ele><time>2023-01-20T10:13:07.400Z</time><hdop>3.40365971854277</hdop><vdop>6.93995275861706</vdop><pdop>7.72967294078263</pdop><extensions><gpxtpx:TrackPointExtension><gpxtpx:speed>7674.44177346839933</gpxtpx:speed><gpxtpx:course>0.00000000000000</gpxtpx:course></gpxtpx:TrackPointExtension></extensions></trkpt>
      <trkpt lon="-143.30940761843661" lat="-78.39638349262989"><ele>521522.94649456907064</ele><time>2023-01-20T10:13:07.500Z</time><hdop>3.40429852037806</hdop><vdop>6.93941162705699</vdop><pdop>7.72946842580924</pdop><extensions><gpxtpx:TrackPointExtension><gpxtpx:speed>7673.90714932039009</gpxtpx:speed><gpxtpx:course>0.00000000000000</gpxtpx:course></gpxtpx:TrackPointExtension></extensions></trkpt>
      <trkpt lon="-143.32940308972911" lat="-78.39141009277161"><ele>521521.21614540275186</ele><time>2023-01-20T10:13:07.600Z</time><hdop>3.40494468554252</hdop><vdop>6.93887073416583</vdop><pdop>7.72926745410374</pdop><extensions><gpxtpx:TrackPointExtension><gpxtpx:speed>7672.80128871960369</gpxtpx:speed><gpxtpx:course>0.00000000000000</gpxtpx:course></gpxtpx:TrackPointExtension></extensions></trkpt>
      <trkpt lon="-143.34937288897555" lat="-78.38645637276116"><ele>521517.18994274828583</ele><time>2023-01-20T10:13:07.700Z</time><hdop>3.40558818070309</hdop><vdop>6.93833111298728</vdop><pdop>7.72906653419363</pdop><extensions><gpxtpx:TrackPointExtension><gpxtpx:speed>7673.23898343176461</gpxtpx:speed><gpxtpx:course>0.00000000000000</gpxtpx:course></gpxtpx:TrackPointExtension></extensions></trkpt>
      <trkpt lon="-143.36923173042382" lat="-78.38154268614751"><ele>521519.88438694179058</ele><time>2023-01-20T10:13:07.800Z</time><hdop>3.40622557588621</hdop><vdop>6.93779118951942</vdop><pdop>7.72886274061033</pdop><extensions><gpxtpx:TrackPointExtension><gpxtpx:speed>7672.59404526343860</gpxtpx:speed><gpxtpx:course>0.00000000000000</gpxtpx:course></gpxtpx:TrackPointExtension></extensions></trkpt>
      <trkpt lon="-143.38905478257342" lat="-78.37662468194446"><ele>521520.23815904557705</ele><time>2023-01-20T10:13:07.900Z</time><hdop>3.40686367613188</hdop><vdop>6.93725192831056</vdop><pdop>7.72865993718157</pdop><extensions><gpxtpx:TrackPointExtension><gpxtpx:speed>7673.25351909975234</gpxtpx:speed><gpxtpx:course>0.00000000000000</gpxtpx:course></gpxtpx:TrackPointExtension></extensions></trkpt>
      <trkpt lon="-143.40894084152424" lat="-78.37168202542604"><ele>521521.21313845738769</ele><time>2023-01-20T10:13:08.000Z</time><hdop>3.40750494778033</hdop><vdop>6.93671126720050</vdop><pdop>7.72845736053799</pdop><extensions><gpxtpx:TrackPointExtension><gpxtpx:speed>7672.67035171571388</gpxtpx:speed><gpxtpx:course>0.00000000000000</gpxtpx:course></gpxtpx:TrackPointExtension></extensions></trkpt>
      <trkpt lon="-143.42874347107352" lat="-78.36673952240308"><ele>521516.94135446101427</ele><time>2023-01-20T10:13:08.100Z</time><hdop>3.40814639187906</hdop><vdop>6.93617263854128</vdop><pdop>7.72825676981083</pdop><extensions><gpxtpx:TrackPointExtension><gpxtpx:speed>7673.07188489246619</gpxtpx:speed><gpxtpx:course>0.00000000000000</gpxtpx:course></gpxtpx:TrackPointExtension></extensions></trkpt>
      <trkpt lon="-143.44852841483211" lat="-78.36183404098097"><ele>521523.09419422876090</ele><time>2023-01-20T10:13:08.200Z</time><hdop>3.40878197102078</hdop><vdop>6.93563190024872</vdop><pdop>7.72805178435703</pdop><extensions><gpxtpx:TrackPointExtension><gpxtpx:speed>7673.41821247832286</gpxtpx:speed><gpxtpx:course>0.00000000000000</gpxtpx:course></gpxtpx:TrackPointExtension></extensions></trkpt>
      <trkpt lon="-143.46836567098708" lat="-78.35686882671530"><ele>521517.35651842318475</ele><time>2023-01-20T10:13:08.300Z</time><hdop>3.40942636089964</hdop><vdop>6.93509255730028</vdop><pdop>7.72785202295691</pdop><extensions><gpxtpx:TrackPointExtension><gpxtpx:speed>7673.15012562984793</gpxtpx:speed><gpxtpx:course>0.00000000000000</gpxtpx:course></gpxtpx:TrackPointExtension></extensions></trkpt>
      <trkpt lon="-143.48816598533028" lat="-78.35193555063074"><ele>521522.31206854712218</ele><time>2023-01-20T10:13:08.400Z</time><hdop>3.41006543635088</hdop><vdop>6.93455104409486</vdop><pdop>7.72764805509102</pdop><extensions><gpxtpx:TrackPointExtension><gpxtpx:speed>7673.61401222679888</gpxtpx:speed><gpxtpx:course>0.00000000000000</gpxtpx:course></gpxtpx:TrackPointExtension></extensions></trkpt>
      <trkpt lon="-143.50795096401777" lat="-78.34699420165410"><ele>521522.04897249396890</ele><time>2023-01-20T10:13:08.500Z</time><hdop>3.41070589829444</hdop><vdop>6.93401084940111</vdop><pdop>7.72744596773557</pdop><extensions><gpxtpx:TrackPointExtension><gpxtpx:speed>7673.59461011914937</gpxtpx:speed><gpxtpx:course>0.00000000000000</gpxtpx:course></gpxtpx:TrackPointExtension></extensions></trkpt>
      <trkpt lon="-143.52775792289893" lat="-78.34203027169761"><ele>521520.60459442716092</ele><time>2023-01-20T10:13:08.600Z</time><hdop>3.41134945495726</hdop><vdop>6.93347011411403</vdop><pdop>7.72724484710751</pdop><extensions><gpxtpx:TrackPointExtension><gpxtpx:speed>7672.02182498410002</gpxtpx:speed><gpxtpx:course>0.00000000000000</gpxtpx:course></gpxtpx:TrackPointExtension></extensions></trkpt>
      <trkpt lon="-143.54746384304778" lat="-78.33709579115376"><ele>521520.53532895538956</ele><time>2023-01-20T10:13:08.700Z</time><hdop>3.41198873503235</hdop><vdop>6.93293030794746</vdop><pdop>7.72704275792778</pdop><extensions><gpxtpx:TrackPointExtension><gpxtpx:speed>7673.69505426433443</gpxtpx:speed><gpxtpx:course>0.00000000000000</gpxtpx:course></gpxtpx:TrackPointExtension></extensions></trkpt>
      <trkpt lon="-143.56721597345663" lat="-78.33213472594980"><ele>521519.50229699071497</ele><time>2023-01-20T10:13:08.800Z</time><hdop>3.41263158329356</hdop><vdop>6.93238963285540</vdop><pdop>7.72684155040167</pdop><extensions><gpxtpx:TrackPointExtension><gpxtpx:speed>7672.84356986818329</gpxtpx:speed><gpxtpx:course>0.00000000000000</gpxtpx:course></gpxtpx:TrackPointExtension></extensions></trkpt>
      <trkpt lon="-143.58690545319479" lat="-78.32719255851461"><ele>521518.95289889257401</ele><time>2023-01-20T10:13:08.900Z</time><hdop>3.41327162117114</hdop><vdop>6.93184962397629</vdop><pdop>7.72663978514027</pdop><extensions><gpxtpx:TrackPointExtension><gpxtpx:speed>7673.30893121151075</gpxtpx:speed><gpxtpx:course>0.00000000000000</gpxtpx:course></gpxtpx:TrackPointExtension></extensions></trkpt>
      <trkpt lon="-143.60665598427741" lat="-78.32225099309336"><ele>521523.56051706895232</ele><time>2023-01-20T10:13:09.000Z</time><hdop>3.41391115638817</hdop><vdop>6.93130757940207</vdop><pdop>7.72643605706980</pdop><extensions><gpxtpx:TrackPointExtension><gpxtpx:speed>7672.89946835336741</gpxtpx:speed><gpxtpx:course>0.00000000000000</gpxtpx:course></gpxtpx:TrackPointExtension></extensions></trkpt>
      <trkpt lon="-143.62629180514128" lat="-78.31729228161441"><ele>521518.15539327356964</ele><time>2023-01-20T10:13:09.100Z</time><hdop>3.41455358712437</hdop><vdop>6.93076868583822</vdop><pdop>7.72623652083856</pdop><extensions><gpxtpx:TrackPointExtension><gpxtpx:speed>7672.45635362895337</gpxtpx:speed><gpxtpx:course>0.00000000000000</gpxtpx:course></gpxtpx:TrackPointExtension></extensions></trkpt>
      <trkpt lon="-143.64593612098491" lat="-78.31233067910146"><ele>521516.18096745759249</ele><time>2023-01-20T10:13:09.200Z</time><hdop>3.41519602817221</hdop><vdop>6.93022849573031</vdop><pdop>7.72603591202342</pdop><extensions><gpxtpx:TrackPointExtension><gpxtpx:speed>7673.83660464829518</gpxtpx:speed><gpxtpx:course>0.00000000000000</gpxtpx:course></gpxtpx:TrackPointExtension></extensions></trkpt>
      <trkpt lon="-143.66564696513970" lat="-78.30737971377634"><ele>521519.25505928974599</ele><time>2023-01-20T10:13:09.300Z</time><hdop>3.41583643640012</hdop><vdop>6.92968650657625</vdop><pdop>7.72583287676245</pdop><extensions><gpxtpx:TrackPointExtension><gpxtpx:speed>7672.98744321633694</gpxtpx:speed><gpxtpx:course>0.00000000000000</gpxtpx:course></gpxtpx:TrackPointExtension></extensions></trkpt>
      <trkpt lon="-143.68527670802598" lat="-78.30242898518394"><ele>521522.61748124379665</ele><time>2023-01-20T10:13:09.400Z</time><hdop>3.41647686856178</hdop><vdop>6.92914489832146</vdop><pdop>7.72563027948866</pdop><extensions><gpxtpx:TrackPointExtension><gpxtpx:speed>7672.74725397676957</gpxtpx:speed><gpxtpx:course>0.00000000000000</gpxtpx:course></gpxtpx:TrackPointExtension></extensions></trkpt>
      <trkpt lon="-143.70484131753295" lat="-78.29749136417510"><ele>521521.79626784287393</ele><time>2023-01-20T10:13:09.500Z</time><hdop>3.41711556184357</hdop><vdop>6.92860519597870</vdop><pdop>7.72542870815184</pdop><extensions><gpxtpx:TrackPointExtension><gpxtpx:speed>7671.97160512592563</gpxtpx:speed><gpxtpx:course>0.00000000000000</gpxtpx:course></gpxtpx:TrackPointExtension></extensions></trkpt>
      <trkpt lon="-143.72438293178567" lat="-78.29254013884035"><ele>521521.34488428477198</ele><time>2023-01-20T10:13:09.600Z</time><hdop>3.41775594970453</hdop><vdop>6.92806503043649</vdop><pdop>7.72522755636995</pdop><extensions><gpxtpx:TrackPointExtension><gpxtpx:speed>7672.29051812408125</gpxtpx:speed><gpxtpx:course>0.00000000000000</gpxtpx:course></gpxtpx:TrackPointExtension></extensions></trkpt>
      <trkpt lon="-143.74403504140781" lat="-78.28756444141538"><ele>521518.35846248269081</ele><time>2023-01-20T10:13:09.700Z</time><hdop>3.41839976831449</hdop><vdop>6.92752408471750</vdop><pdop>7.72502730871248</pdop><extensions><gpxtpx:TrackPointExtension><gpxtpx:speed>7673.78021992858157</gpxtpx:speed><gpxtpx:course>0.00000000000000</gpxtpx:course></gpxtpx:TrackPointExtension></extensions></trkpt>
      <trkpt lon="-143.76359743664253" lat="-78.28260208942403"><ele>521519.01570296566933</ele><time>2023-01-20T10:13:09.800Z</time><hdop>3.41904129344768</hdop><vdop>6.92698287188063</vdop><pdop>7.72482589277118</pdop><extensions><gpxtpx:TrackPointExtension><gpxtpx:speed>7673.89210953013298</gpxtpx:speed><gpxtpx:course>0.00000000000000</gpxtpx:course></gpxtpx:TrackPointExtension></extensions></trkpt>
      <trkpt lon="-143.78312288837634" lat="-78.27765860307180"><ele>521523.89502082206309</ele><time>2023-01-20T10:13:09.900Z</time><hdop>3.41967988481909</hdop><vdop>6.92644106992835</vdop><pdop>7.72462273576040</pdop><extensions><gpxtpx:TrackPointExtension><gpxtpx:speed>7673.60919591458605</gpxtpx:speed><gpxtpx:course>0.00000000000000</gpxtpx:course></gpxtpx:TrackPointExtension></extensions></trkpt>
      <trkpt lon="-143.80267570256757" lat="-78.27270175488830"><ele>521524.47526284214109</ele><time>2023-01-20T10:13:10.000Z</time><hdop>3.42032051331449</hdop><vdop>6.92589987693094</vdop><pdop>7.72442111223048</pdop><extensions><gpxtpx:TrackPointExtension><gpxtpx:speed>7672.91043604380229</gpxtpx:speed><gpxtpx:course>0.00000000000000</gpxtpx:course></gpxtpx:TrackPointExtension></extensions></trkpt>
      <trkpt lon="-143.82217118973352" lat="-78.26774109289319"><ele>521525.65094280056655</ele><time>2023-01-20T10:13:10.100Z</time><hdop>3.42096143897652</hdop><vdop>6.92535866276050</vdop><pdop>7.72421968711637</pdop><extensions><gpxtpx:TrackPointExtension><gpxtpx:speed>7674.10442398591204</gpxtpx:speed><gpxtpx:course>0.00000000000000</gpxtpx:course></gpxtpx:TrackPointExtension></extensions></trkpt>
      <trkpt lon="-143.84166421974436" lat="-78.26278556150959"><ele>521524.90877877734601</ele><time>2023-01-20T10:13:10.200Z</time><hdop>3.42160170404244</hdop><vdop>6.92481806017961</vdop><pdop>7.72401860353118</pdop><extensions><gpxtpx:TrackPointExtension><gpxtpx:speed>7673.96166969161641</gpxtpx:speed><gpxtpx:course>0.00000000000000</gpxtpx:course></gpxtpx:TrackPointExtension></extensions></trkpt>
      <trkpt lon="-143.86120333284669" lat="-78.25780283297617"><ele>521522.45400264859200</ele><time>2023-01-20T10:13:10.300Z</time><hdop>3.42224564434732</hdop><vdop>6.92427674750030</vdop><pdop>7.72381859744437</pdop><extensions><gpxtpx:TrackPointExtension><gpxtpx:speed>7673.88224677489507</gpxtpx:speed><gpxtpx:course>0.00000000000000</gpxtpx:course></gpxtpx:TrackPointExtension></extensions></trkpt>
      <trkpt lon="-143.88065444873538" lat="-78.25284205182342"><ele>521524.20258162636310</ele><time>2023-01-20T10:13:10.400Z</time><hdop>3.42288609558305</hdop><vdop>6.92373526181472</vdop><pdop>7.72361697645813</pdop><extensions><gpxtpx:TrackPointExtension><gpxtpx:speed>7672.93211515000621</gpxtpx:speed><gpxtpx:course>0.00000000000000</gpxtpx:course></gpxtpx:TrackPointExtension></extensions></trkpt>
      <trkpt lon="-143.90012373190186" lat="-78.24785475020849"><ele>521518.54646897315979</ele><time>2023-01-20T10:13:10.500Z</time><hdop>3.42353060101543</hdop><vdop>6.92319501344205</vdop><pdop>7.72341834748306</pdop><extensions><gpxtpx:TrackPointExtension><gpxtpx:speed>7672.52659101000881</gpxtpx:speed><gpxtpx:course>0.00000000000000</gpxtpx:course></gpxtpx:TrackPointExtension></extensions></trkpt>
      <trkpt lon="-143.91953066149028" lat="-78.24289928007846"><ele>521521.53756329696625</ele><time>2023-01-20T10:13:10.600Z</time><hdop>3.42417000068454</hdop><vdop>6.92265336058799</vdop><pdop>7.72321628238185</pdop><extensions><gpxtpx:TrackPointExtension><gpxtpx:speed>7673.61699620001582</gpxtpx:speed><gpxtpx:course>0.00000000000000</gpxtpx:course></gpxtpx:TrackPointExtension></extensions></trkpt>
      <trkpt lon="-143.93895866526879" lat="-78.23792997299131"><ele>521521.11931276973337</ele><time>2023-01-20T10:13:10.700Z</time><hdop>3.42481144905512</hdop><vdop>6.92211208274569</vdop><pdop>7.72301554754831</pdop><extensions><gpxtpx:TrackPointExtension><gpxtpx:speed>7673.03452034359088</gpxtpx:speed><gpxtpx:course>0.00000000000000</gpxtpx:course></gpxtpx:TrackPointExtension></extensions></trkpt>
      <trkpt lon="-143.95834540018316" lat="-78.23295734523202"><ele>521520.57732834387571</ele><time>2023-01-20T10:13:10.800Z</time><hdop>3.42545321728493</hdop><vdop>6.92157089192233</vdop><pdop>7.72281511857653</pdop><extensions><gpxtpx:TrackPointExtension><gpxtpx:speed>7673.13930661762333</gpxtpx:speed><gpxtpx:course>0.00000000000000</gpxtpx:course></gpxtpx:TrackPointExtension></extensions></trkpt>
      <trkpt lon="-143.97780227746165" lat="-78.22795038723150"><ele>521513.98266366962343</ele><time>2023-01-20T10:13:10.900Z</time><hdop>3.42609995937061</hdop><vdop>6.92102994188859</vdop><pdop>7.72261719808237</pdop><extensions><gpxtpx:TrackPointExtension><gpxtpx:speed>7673.06655500586021</gpxtpx:speed><gpxtpx:course>0.00000000000000</gpxtpx:course></gpxtpx:TrackPointExtension></extensions></trkpt>
      <trkpt lon="-143.99714947647797" lat="-78.22298348706394"><ele>521516.08986555226147</ele><time>2023-01-20T10:13:11.000Z</time><hdop>3.42674049264562</hdop><vdop>6.92048813831474</vdop><pdop>7.72241584457171</pdop><extensions><gpxtpx:TrackPointExtension><gpxtpx:speed>7672.49652940052601</gpxtpx:speed><gpxtpx:course>0.00000000000000</gpxtpx:course></gpxtpx:TrackPointExtension></extensions></trkpt>
      <trkpt lon="-144.01651136535008" lat="-78.21800793197534"><ele>521513.92213164549321</ele><time>2023-01-20T10:13:11.100Z</time><hdop>3.42738239536356</hdop><vdop>6.91994718303325</vdop><pdop>7.72221594492266</pdop><extensions><gpxtpx:TrackPointExtension><gpxtpx:speed>7673.43312421132578</gpxtpx:speed><gpxtpx:course>0.00000000000000</gpxtpx:course></gpxtpx:TrackPointExtension></extensions></trkpt>
      <trkpt lon="-144.03587655811921" lat="-78.21303581075108"><ele>521514.83472497016191</ele><time>2023-01-20T10:13:11.200Z</time><hdop>3.42802341615756</hdop><vdop>6.91940520116646</vdop><pdop>7.72201481995820</pdop><extensions><gpxtpx:TrackPointExtension><gpxtpx:speed>7672.41083451103896</gpxtpx:speed><gpxtpx:course>0.00000000000000</gpxtpx:course></gpxtpx:TrackPointExtension></extensions></trkpt>
      <trkpt lon="-144.05520554437413" lat="-78.20809222008410"><ele>521526.04573060479015</ele><time>2023-01-20T10:13:11.300Z</time><hdop>3.42865977246162</hdop><vdop>6.91886109811409</vdop><pdop>7.72180980925411</pdop><extensions><gpxtpx:TrackPointExtension><gpxtpx:speed>7672.99159979077467</gpxtpx:speed><gpxtpx:course>0.00000000000000</gpxtpx:course></gpxtpx:TrackPointExtension></extensions></trkpt>
      <trkpt lon="-144.07454301209467" lat="-78.20309788727096"><ele>521520.37821159884334</ele><time>2023-01-20T10:13:11.400Z</time><hdop>3.42930408895476</hdop><vdop>6.91832043823848</vdop><pdop>7.72161150412724</pdop><extensions><gpxtpx:TrackPointExtension><gpxtpx:speed>7673.32770066072135</gpxtpx:speed><gpxtpx:course>0.00000000000000</gpxtpx:course></gpxtpx:TrackPointExtension></extensions></trkpt>
      <trkpt lon="-144.09380997607713" lat="-78.19812066664389"><ele>521521.26887644361705</ele><time>2023-01-20T10:13:11.500Z</time><hdop>3.42994545498646</hdop><vdop>6.91777861991218</vdop><pdop>7.72141093701769</pdop><extensions><gpxtpx:TrackPointExtension><gpxtpx:speed>7674.75731327582253</gpxtpx:speed><gpxtpx:course>0.00000000000000</gpxtpx:course></gpxtpx:TrackPointExtension></extensions></trkpt>
      <trkpt lon="-144.11304299928935" lat="-78.19314559167213"><ele>521525.13454846385866</ele><time>2023-01-20T10:13:11.600Z</time><hdop>3.43058632989457</hdop><vdop>6.91723610186224</vdop><pdop>7.72120961092016</pdop><extensions><gpxtpx:TrackPointExtension><gpxtpx:speed>7672.97752075701737</gpxtpx:speed><gpxtpx:course>0.00000000000000</gpxtpx:course></gpxtpx:TrackPointExtension></extensions></trkpt>
      <trkpt lon="-144.13232594730718" lat="-78.18817932995533"><ele>521529.64650910999626</ele><time>2023-01-20T10:13:11.700Z</time><hdop>3.43122568926965</hdop><vdop>6.91669315189931</vdop><pdop>7.72100731046376</pdop><extensions><gpxtpx:TrackPointExtension><gpxtpx:speed>7672.46533951313268</gpxtpx:speed><gpxtpx:course>0.00000000000000</gpxtpx:course></gpxtpx:TrackPointExtension></extensions></trkpt>
      <trkpt lon="-144.15160004575006" lat="-78.18318342823295"><ele>521524.96832687687129</ele><time>2023-01-20T10:13:11.800Z</time><hdop>3.43186957367582</hdop><vdop>6.91615208705070</vdop><pdop>7.72080879584112</pdop><extensions><gpxtpx:TrackPointExtension><gpxtpx:speed>7672.40899486986928</gpxtpx:speed><gpxtpx:course>0.00000000000000</gpxtpx:course></gpxtpx:TrackPointExtension></extensions></trkpt>
      <trkpt lon="-144.17087428710954" lat="-78.17816490906164"><ele>521515.87252108007669</ele><time>2023-01-20T10:13:11.900Z</time><hdop>3.43251678577229</hdop><vdop>6.91561155998375</vdop><pdop>7.72061232890173</pdop><extensions><gpxtpx:TrackPointExtension><gpxtpx:speed>7673.08937895267900</gpxtpx:speed><gpxtpx:course>0.00000000000000</gpxtpx:course></gpxtpx:TrackPointExtension></extensions></trkpt>
      <trkpt lon="-144.19006235418166" lat="-78.17319114431636"><ele>521519.05993944965303</ele><time>2023-01-20T10:13:12.000Z</time><hdop>3.43315689010057</hdop><vdop>6.91506908310778</vdop><pdop>7.72041104191986</pdop><extensions><gpxtpx:TrackPointExtension><gpxtpx:speed>7673.19122878524377</gpxtpx:speed><gpxtpx:course>0.00000000000000</gpxtpx:course></gpxtpx:TrackPointExtension></extensions></trkpt>
      <trkpt lon="-144.20931425758209" lat="-78.16820143606547"><ele>521519.11340542510152</ele><time>2023-01-20T10:13:12.100Z</time><hdop>3.43379925605577</hdop><vdop>6.91452653551189</vdop><pdop>7.72021078346875</pdop><extensions><gpxtpx:TrackPointExtension><gpxtpx:speed>7673.27239051617289</gpxtpx:speed><gpxtpx:course>0.00000000000000</gpxtpx:course></gpxtpx:TrackPointExtension></extensions></trkpt>
      <trkpt lon="-144.22845633526808" lat="-78.16320412750235"><ele>521518.74668347556144</ele><time>2023-01-20T10:13:12.200Z</time><hdop>3.43444266228055</hdop><vdop>6.91398453971982</vdop><pdop>7.72001156838366</pdop><extensions><gpxtpx:TrackPointExtension><gpxtpx:speed>7672.47722507925846</gpxtpx:speed><gpxtpx:course>0.00000000000000</gpxtpx:course></gpxtpx:TrackPointExtension></extensions></trkpt>
      <trkpt lon="-144.24756906251972" lat="-78.15823324857138"><ele>521521.89171822462231</ele><time>2023-01-20T10:13:12.300Z</time><hdop>3.43508196863920</hdop><vdop>6.91344228033781</vdop><pdop>7.71981037946093</pdop><extensions><gpxtpx:TrackPointExtension><gpxtpx:speed>7673.58623058178819</gpxtpx:speed><gpxtpx:course>0.00000000000000</gpxtpx:course></gpxtpx:TrackPointExtension></extensions></trkpt>
      <trkpt lon="-144.26675114626210" lat="-78.15325700744106"><ele>521525.94043009635061</ele><time>2023-01-20T10:13:12.400Z</time><hdop>3.43572187197954</hdop><vdop>6.91289904007168</vdop><pdop>7.71960866364498</pdop><extensions><gpxtpx:TrackPointExtension><gpxtpx:speed>7673.70560911904522</gpxtpx:speed><gpxtpx:course>0.00000000000000</gpxtpx:course></gpxtpx:TrackPointExtension></extensions></trkpt>
      <trkpt lon="-144.28592660940745" lat="-78.14825995925061"><ele>521524.51673781219870</ele><time>2023-01-20T10:13:12.500Z</time><hdop>3.43636487462914</hdop><vdop>6.91235676951957</vdop><pdop>7.71940928184975</pdop><extensions><gpxtpx:TrackPointExtension><gpxtpx:speed>7672.41958215416525</gpxtpx:speed><gpxtpx:course>0.00000000000000</gpxtpx:course></gpxtpx:TrackPointExtension></extensions></trkpt>
      <trkpt lon="-144.30504110725795" lat="-78.14327142245260"><ele>521527.96050477214158</ele><time>2023-01-20T10:13:12.600Z</time><hdop>3.43700617509919</hdop><vdop>6.91181354344941</vdop><pdop>7.71920837308339</pdop><extensions><gpxtpx:TrackPointExtension><gpxtpx:speed>7674.01515641739934</gpxtpx:speed><gpxtpx:course>0.00000000000000</gpxtpx:course></gpxtpx:TrackPointExtension></extensions></trkpt>
      <trkpt lon="-144.32412797714875" lat="-78.13827703632253"><ele>521525.95702798757702</ele><time>2023-01-20T10:13:12.700Z</time><hdop>3.43764864781865</hdop><vdop>6.91127188079680</vdop><pdop>7.71900947247391</pdop><extensions><gpxtpx:TrackPointExtension><gpxtpx:speed>7671.89821958762423</gpxtpx:speed><gpxtpx:course>0.00000000000000</gpxtpx:course></gpxtpx:TrackPointExtension></extensions></trkpt>
      <trkpt lon="-144.34323278415923" lat="-78.13326482360796"><ele>521521.83344492781907</ele><time>2023-01-20T10:13:12.800Z</time><hdop>3.43829344764285</hdop><vdop>6.91073006298161</vdop><pdop>7.71881155590040</pdop><extensions><gpxtpx:TrackPointExtension><gpxtpx:speed>7673.33021403419298</gpxtpx:speed><gpxtpx:course>0.00000000000000</gpxtpx:course></gpxtpx:TrackPointExtension></extensions></trkpt>
      <trkpt lon="-144.36229921874337" lat="-78.12827644416559"><ele>521522.41256370209157</ele><time>2023-01-20T10:13:12.900Z</time><hdop>3.43893459467130</hdop><vdop>6.91018767438117</vdop><pdop>7.71861158768833</pdop><extensions><gpxtpx:TrackPointExtension><gpxtpx:speed>7673.62539629241201</gpxtpx:speed><gpxtpx:course>0.00000000000000</gpxtpx:course></gpxtpx:TrackPointExtension></extensions></trkpt>
      <trkpt lon="-144.38139067673802" lat="-78.12326700265938"><ele>521522.65414531994611</ele><time>2023-01-20T10:13:13.000Z</time><hdop>3.43957849781167</hdop><vdop>6.90964448114496</vdop><pdop>7.71841221355957</pdop><extensions><gpxtpx:TrackPointExtension><gpxtpx:speed>7672.59973264958808</gpxtpx:speed><gpxtpx:course>0.00000000000000</gpxtpx:course></gpxtpx:TrackPointExtension></extensions></trkpt>
      <trkpt lon="-144.40040816703814" lat="-78.11829436798700"><ele>521531.14294784236699</ele><time>2023-01-20T10:13:13.100Z</time><hdop>3.44021676120657</hdop><vdop>6.90910028648894</vdop><pdop>7.71820951599839</pdop><extensions><gpxtpx:TrackPointExtension><gpxtpx:speed>7672.87012115941252</gpxtpx:speed><gpxtpx:course>0.00000000000000</gpxtpx:course></gpxtpx:TrackPointExtension></extensions></trkpt>
      <trkpt lon="-144.41944690012343" lat="-78.11328463452307"><ele>521528.03235732391477</ele><time>2023-01-20T10:13:13.200Z</time><hdop>3.44086066466002</hdop><vdop>6.90855820401126</vdop><pdop>7.71801130938637</pdop><extensions><gpxtpx:TrackPointExtension><gpxtpx:speed>7674.52364449887227</gpxtpx:speed><gpxtpx:course>0.00000000000000</gpxtpx:course></gpxtpx:TrackPointExtension></extensions></trkpt>
      <trkpt lon="-144.43844901150433" lat="-78.10829477900594"><ele>521531.21342124417424</ele><time>2023-01-20T10:13:13.300Z</time><hdop>3.44150133735676</hdop><vdop>6.90801494830176</vdop><pdop>7.71781069870135</pdop><extensions><gpxtpx:TrackPointExtension><gpxtpx:speed>7674.01487932644341</gpxtpx:speed><gpxtpx:course>0.00000000000000</gpxtpx:course></gpxtpx:TrackPointExtension></extensions></trkpt>
      <trkpt lon="-144.45748760199780" lat="-78.10326313245793"><ele>521524.14080667216331</ele><time>2023-01-20T10:13:13.400Z</time><hdop>3.44214830600890</hdop><vdop>6.90747318092840</vdop><pdop>7.71761431439827</pdop><extensions><gpxtpx:TrackPointExtension><gpxtpx:speed>7674.25085166924418</gpxtpx:speed><gpxtpx:course>0.00000000000000</gpxtpx:course></gpxtpx:TrackPointExtension></extensions></trkpt>
      <trkpt lon="-144.47648561857736" lat="-78.09824380465164"><ele>521521.07768972869962</ele><time>2023-01-20T10:13:13.500Z</time><hdop>3.44279315160668</hdop><vdop>6.90693072219042</vdop><pdop>7.71741645150032</pdop><extensions><gpxtpx:TrackPointExtension><gpxtpx:speed>7673.47348985503504</gpxtpx:speed><gpxtpx:course>0.00000000000000</gpxtpx:course></gpxtpx:TrackPointExtension></extensions></trkpt>
      <trkpt lon="-144.49543817617138" lat="-78.09325918804889"><ele>521525.91001120954752</ele><time>2023-01-20T10:13:13.600Z</time><hdop>3.44343261193438</hdop><vdop>6.90638708350400</vdop><pdop>7.71721521665193</pdop><extensions><gpxtpx:TrackPointExtension><gpxtpx:speed>7673.53012239559212</gpxtpx:speed><gpxtpx:course>0.00000000000000</gpxtpx:course></gpxtpx:TrackPointExtension></extensions></trkpt>
      <trkpt lon="-144.51437717159263" lat="-78.08824680861778"><ele>521525.07741009630263</ele><time>2023-01-20T10:13:13.700Z</time><hdop>3.44407607908962</hdop><vdop>6.90584429692189</vdop><pdop>7.71701661860890</pdop><extensions><gpxtpx:TrackPointExtension><gpxtpx:speed>7674.67395659312933</gpxtpx:speed><gpxtpx:course>0.00000000000000</gpxtpx:course></gpxtpx:TrackPointExtension></extensions></trkpt>
      <trkpt lon="-144.53332774562892" lat="-78.08324069089323"><ele>521525.72832813486457</ele><time>2023-01-20T10:13:13.800Z</time><hdop>3.44471854964319</hdop><vdop>6.90530108383610</vdop><pdop>7.71681728076309</pdop><extensions><gpxtpx:TrackPointExtension><gpxtpx:speed>7672.58563787312505</gpxtpx:speed><gpxtpx:course>0.00000000000000</gpxtpx:course></gpxtpx:TrackPointExtension></extensions></trkpt>
      <trkpt lon="-144.55229041679897" lat="-78.07822092948840"><ele>521523.94990589097142</ele><time>2023-01-20T10:13:13.900Z</time><hdop>3.44536284270639</hdop><vdop>6.90475797968235</vdop><pdop>7.71661894069475</pdop><extensions><gpxtpx:TrackPointExtension><gpxtpx:speed>7673.68732167002145</gpxtpx:speed><gpxtpx:course>0.00000000000000</gpxtpx:course></gpxtpx:TrackPointExtension></extensions></trkpt>
      <trkpt lon="-144.57120080195318" lat="-78.07320056774498"><ele>521520.95126209314913</ele><time>2023-01-20T10:13:14.000Z</time><hdop>3.44600726507175</hdop><vdop>6.90421546046475</vdop><pdop>7.71642126866126</pdop><extensions><gpxtpx:TrackPointExtension><gpxtpx:speed>7673.46971141530867</gpxtpx:speed><gpxtpx:course>0.00000000000000</gpxtpx:course></gpxtpx:TrackPointExtension></extensions></trkpt>
      <trkpt lon="-144.59009497041265" lat="-78.06819691172130"><ele>521524.23297029733658</ele><time>2023-01-20T10:13:14.100Z</time><hdop>3.44664873265494</hdop><vdop>6.90367150597162</vdop><pdop>7.71622107956196</pdop><extensions><gpxtpx:TrackPointExtension><gpxtpx:speed>7672.47230848528761</gpxtpx:speed><gpxtpx:course>0.00000000000000</gpxtpx:course></gpxtpx:TrackPointExtension></extensions></trkpt>
      <trkpt lon="-144.60895555649847" lat="-78.06321327023181"><ele>521529.71276688203216</ele><time>2023-01-20T10:13:14.200Z</time><hdop>3.44728724582460</hdop><vdop>6.90312762799830</vdop><pdop>7.71601972545810</pdop><extensions><gpxtpx:TrackPointExtension><gpxtpx:speed>7673.98997411866549</gpxtpx:speed><gpxtpx:course>0.00000000000000</gpxtpx:course></gpxtpx:TrackPointExtension></extensions></trkpt>
      <trkpt lon="-144.62785068671170" lat="-78.05817889850427"><ele>521523.76639816537499</ele><time>2023-01-20T10:13:14.300Z</time><hdop>3.44793339248198</hdop><vdop>6.90258532750654</vdop><pdop>7.71582327963133</pdop><extensions><gpxtpx:TrackPointExtension><gpxtpx:speed>7672.31463319763498</gpxtpx:speed><gpxtpx:course>0.00000000000000</gpxtpx:course></gpxtpx:TrackPointExtension></extensions></trkpt>
      <trkpt lon="-144.64668265081403" lat="-78.05315959834439"><ele>521523.65387724433094</ele><time>2023-01-20T10:13:14.400Z</time><hdop>3.44857692647036</hdop><vdop>6.90204200814232</vdop><pdop>7.71562484183524</pdop><extensions><gpxtpx:TrackPointExtension><gpxtpx:speed>7672.18815519811506</gpxtpx:speed><gpxtpx:course>0.00000000000000</gpxtpx:course></gpxtpx:TrackPointExtension></extensions></trkpt>
      <trkpt lon="-144.66551953951614" lat="-78.04813429835914"><ele>521523.57477138563991</ele><time>2023-01-20T10:13:14.500Z</time><hdop>3.44922117191691</hdop><vdop>6.90149835559596</vdop><pdop>7.71542651089968</pdop><extensions><gpxtpx:TrackPointExtension><gpxtpx:speed>7672.07638112599852</gpxtpx:speed><gpxtpx:course>0.00000000000000</gpxtpx:course></gpxtpx:TrackPointExtension></extensions></trkpt>
      <trkpt lon="-144.68435669485908" lat="-78.04312654774324"><ele>521526.54192048963159</ele><time>2023-01-20T10:13:14.600Z</time><hdop>3.44986262645687</hdop><vdop>6.90095419145389</vdop><pdop>7.71522656141535</pdop><extensions><gpxtpx:TrackPointExtension><gpxtpx:speed>7673.56400282071991</gpxtpx:speed><gpxtpx:course>0.00000000000000</gpxtpx:course></gpxtpx:TrackPointExtension></extensions></trkpt>
      <trkpt lon="-144.70315477431618" lat="-78.03812801875581"><ele>521528.01661523245275</ele><time>2023-01-20T10:13:14.700Z</time><hdop>3.45050278622131</hdop><vdop>6.90041087769907</vdop><pdop>7.71502687997836</pdop><extensions><gpxtpx:TrackPointExtension><gpxtpx:speed>7673.33223043614362</gpxtpx:speed><gpxtpx:course>0.00000000000000</gpxtpx:course></gpxtpx:TrackPointExtension></extensions></trkpt>
      <trkpt lon="-144.72192645762900" lat="-78.03308207402944"><ele>521524.13153315521777</ele><time>2023-01-20T10:13:14.800Z</time><hdop>3.45114978598522</hdop><vdop>6.89986784211470</vdop><pdop>7.71483059334127</pdop><extensions><gpxtpx:TrackPointExtension><gpxtpx:speed>7672.46566501132475</gpxtpx:speed><gpxtpx:course>0.00000000000000</gpxtpx:course></gpxtpx:TrackPointExtension></extensions></trkpt>
      <trkpt lon="-144.74066441045321" lat="-78.02805638275785"><ele>521524.33496769703925</ele><time>2023-01-20T10:13:14.900Z</time><hdop>3.45179353890979</hdop><vdop>6.89932427427308</vdop><pdop>7.71463246544079</pdop><extensions><gpxtpx:TrackPointExtension><gpxtpx:speed>7673.91826509741168</gpxtpx:speed><gpxtpx:course>0.00000000000000</gpxtpx:course></gpxtpx:TrackPointExtension></extensions></trkpt>
      <trkpt lon="-144.75942305454117" lat="-78.02305785382477"><ele>521530.81790318712592</ele><time>2023-01-20T10:13:15.000Z</time><hdop>3.45243304304698</hdop><vdop>6.89877938715094</vdop><pdop>7.71443134322299</pdop><extensions><gpxtpx:TrackPointExtension><gpxtpx:speed>7673.49252794034601</gpxtpx:speed><gpxtpx:course>0.00000000000000</gpxtpx:course></gpxtpx:TrackPointExtension></extensions></trkpt>
      <trkpt lon="-144.77819573034054" lat="-78.01802522812427"><ele>521528.14027724415064</ele><time>2023-01-20T10:13:15.100Z</time><hdop>3.45307768560726</hdop><vdop>6.89823601432241</vdop><pdop>7.71423396145939</pdop><extensions><gpxtpx:TrackPointExtension><gpxtpx:speed>7673.10543619955297</gpxtpx:speed><gpxtpx:course>0.00000000000000</gpxtpx:course></gpxtpx:TrackPointExtension></extensions></trkpt>
      <trkpt lon="-144.79689263159000" lat="-78.01301124783963"><ele>521528.88121314626187</ele><time>2023-01-20T10:13:15.200Z</time><hdop>3.45371947241144</hdop><vdop>6.89769256768093</vdop><pdop>7.71403532221332</pdop><extensions><gpxtpx:TrackPointExtension><gpxtpx:speed>7673.05690753451381</gpxtpx:speed><gpxtpx:course>0.00000000000000</gpxtpx:course></gpxtpx:TrackPointExtension></extensions></trkpt>
      <trkpt lon="-144.81564626600391" lat="-78.00796428862830"><ele>521527.82637934386730</ele><time>2023-01-20T10:13:15.300Z</time><hdop>3.45436566783175</hdop><vdop>6.89714816202643</vdop><pdop>7.71383788629495</pdop><extensions><gpxtpx:TrackPointExtension><gpxtpx:speed>7672.20345281261143</gpxtpx:speed><gpxtpx:course>0.00000000000000</gpxtpx:course></gpxtpx:TrackPointExtension></extensions></trkpt>
      <trkpt lon="-144.83429752157693" lat="-78.00293745992352"><ele>521525.47335417289287</ele><time>2023-01-20T10:13:15.400Z</time><hdop>3.45500916302180</hdop><vdop>6.89660533204308</vdop><pdop>7.71364073719600</pdop><extensions><gpxtpx:TrackPointExtension><gpxtpx:speed>7673.34370250765369</gpxtpx:speed><gpxtpx:course>0.00000000000000</gpxtpx:course></gpxtpx:TrackPointExtension></extensions></trkpt>
      <trkpt lon="-144.85295070928456" lat="-77.99792394416149"><ele>521527.47768200561404</ele><time>2023-01-20T10:13:15.500Z</time><hdop>3.45565037657258</hdop><vdop>6.89606142768998</vdop><pdop>7.71344169223958</pdop><extensions><gpxtpx:TrackPointExtension><gpxtpx:speed>7672.87066173416588</gpxtpx:speed><gpxtpx:course>0.00000000000000</gpxtpx:course></gpxtpx:TrackPointExtension></extensions></trkpt>
      <trkpt lon="-144.87166265535762" lat="-77.99288111491123"><ele>521526.26183361187577</ele><time>2023-01-20T10:13:15.600Z</time><hdop>3.45629566509815</hdop><vdop>6.89551713676734</vdop><pdop>7.71324421420899</pdop><extensions><gpxtpx:TrackPointExtension><gpxtpx:speed>7672.99251517826906</gpxtpx:speed><gpxtpx:course>0.00000000000000</gpxtpx:course></gpxtpx:TrackPointExtension></extensions></trkpt>
      <trkpt lon="-144.89030664781760" lat="-77.98786788810253"><ele>521530.78778485767543</ele><time>2023-01-20T10:13:15.700Z</time><hdop>3.45693641246902</hdop><vdop>6.89497234124458</vdop><pdop>7.71304433712020</pdop><extensions><gpxtpx:TrackPointExtension><gpxtpx:speed>7672.95234753286149</gpxtpx:speed><gpxtpx:course>0.00000000000000</gpxtpx:course></gpxtpx:TrackPointExtension></extensions></trkpt>
      <trkpt lon="-144.90893933643270" lat="-77.98283669893860"><ele>521530.80920187570155</ele><time>2023-01-20T10:13:15.800Z</time><hdop>3.45757990393612</hdop><vdop>6.89442831541856</vdop><pdop>7.71284646473324</pdop><extensions><gpxtpx:TrackPointExtension><gpxtpx:speed>7672.61801112214380</gpxtpx:speed><gpxtpx:course>0.00000000000000</gpxtpx:course></gpxtpx:TrackPointExtension></extensions></trkpt>
      <trkpt lon="-144.92755608316173" lat="-77.97780597475449"><ele>521531.30869866628200</ele><time>2023-01-20T10:13:15.900Z</time><hdop>3.45822305636522</hdop><vdop>6.89388413593807</vdop><pdop>7.71264838997050</pdop><extensions><gpxtpx:TrackPointExtension><gpxtpx:speed>7672.61337051620285</gpxtpx:speed><gpxtpx:course>0.00000000000000</gpxtpx:course></gpxtpx:TrackPointExtension></extensions></trkpt>
      <trkpt lon="-144.94620938380771" lat="-77.97274917143359"><ele>521527.08278254512697</ele><time>2023-01-20T10:13:16.000Z</time><hdop>3.45886997667999</hdop><vdop>6.89334024797178</vdop><pdop>7.71245235251965</pdop><extensions><gpxtpx:TrackPointExtension><gpxtpx:speed>7673.53702590965713</gpxtpx:speed><gpxtpx:course>0.00000000000000</gpxtpx:course></gpxtpx:TrackPointExtension></extensions></trkpt>
      <trkpt lon="-144.96474640534373" lat="-77.96772788451534"><ele>521531.38078314717859</ele><time>2023-01-20T10:13:16.100Z</time><hdop>3.45951132131725</hdop><vdop>6.89279550108997</vdop><pdop>7.71225313395303</pdop><extensions><gpxtpx:TrackPointExtension><gpxtpx:speed>7673.13199519740829</gpxtpx:speed><gpxtpx:course>0.00000000000000</gpxtpx:course></gpxtpx:TrackPointExtension></extensions></trkpt>
      <trkpt lon="-144.98335197842860" lat="-77.96267222005703"><ele>521527.01759491953999</ele><time>2023-01-20T10:13:16.200Z</time><hdop>3.46015796281436</hdop><vdop>6.89225179175710</vdop><pdop>7.71205730584301</pdop><extensions><gpxtpx:TrackPointExtension><gpxtpx:speed>7673.15108265502931</gpxtpx:speed><gpxtpx:course>0.00000000000000</gpxtpx:course></gpxtpx:TrackPointExtension></extensions></trkpt>
      <trkpt lon="-145.00193327157990" lat="-77.95763253889697"><ele>521527.14342565927655</ele><time>2023-01-20T10:13:16.300Z</time><hdop>3.46080180215338</hdop><vdop>6.89170721355199</vdop><pdop>7.71185953133954</pdop><extensions><gpxtpx:TrackPointExtension><gpxtpx:speed>7673.69996696309499</gpxtpx:speed><gpxtpx:course>0.00000000000000</gpxtpx:course></gpxtpx:TrackPointExtension></extensions></trkpt>
      <trkpt lon="-145.02046846741766" lat="-77.95259734490448"><ele>521526.26446654833853</ele><time>2023-01-20T10:13:16.400Z</time><hdop>3.46144510942889</hdop><vdop>6.89116330094234</vdop><pdop>7.71166219993094</pdop><extensions><gpxtpx:TrackPointExtension><gpxtpx:speed>7673.67743696918114</gpxtpx:speed><gpxtpx:course>0.00000000000000</gpxtpx:course></gpxtpx:TrackPointExtension></extensions></trkpt>
      <trkpt lon="-145.03900096170716" lat="-77.94755528714995"><ele>521527.44921262841672</ele><time>2023-01-20T10:13:16.500Z</time><hdop>3.46208903171318</hdop><vdop>6.89061843685486</vdop><pdop>7.71146438141504</pdop><extensions><gpxtpx:TrackPointExtension><gpxtpx:speed>7674.61816935296611</gpxtpx:speed><gpxtpx:course>0.00000000000000</gpxtpx:course></gpxtpx:TrackPointExtension></extensions></trkpt>
      <trkpt lon="-145.05749672826747" lat="-77.94251629713655"><ele>521527.80511004570872</ele><time>2023-01-20T10:13:16.600Z</time><hdop>3.46273254137288</hdop><vdop>6.89007405780783</vdop><pdop>7.71126689819249</pdop><extensions><gpxtpx:TrackPointExtension><gpxtpx:speed>7673.16798170618222</gpxtpx:speed><gpxtpx:course>0.00000000000000</gpxtpx:course></gpxtpx:TrackPointExtension></extensions></trkpt>
      <trkpt lon="-145.07600588772155" lat="-77.93746862660336"><ele>521525.99130542669445</ele><time>2023-01-20T10:13:16.700Z</time><hdop>3.46337721722391</hdop><vdop>6.88952986145898</vdop><pdop>7.71107018906718</pdop><extensions><gpxtpx:TrackPointExtension><gpxtpx:speed>7673.79638351151334</gpxtpx:speed><gpxtpx:course>0.00000000000000</gpxtpx:course></gpxtpx:TrackPointExtension></extensions></trkpt>
      <trkpt lon="-145.09454624896921" lat="-77.93240568731423"><ele>521524.72562702279538</ele><time>2023-01-20T10:13:16.800Z</time><hdop>3.46402375409921</hdop><vdop>6.88898469540736</vdop><pdop>7.71087353692955</pdop><extensions><gpxtpx:TrackPointExtension><gpxtpx:speed>7673.78119043450715</gpxtpx:speed><gpxtpx:course>0.00000000000000</gpxtpx:course></gpxtpx:TrackPointExtension></extensions></trkpt>
      <trkpt lon="-145.11298951767785" lat="-77.92738063625265"><ele>521529.27398888673633</ele><time>2023-01-20T10:13:16.900Z</time><hdop>3.46466468998100</hdop><vdop>6.88843946953390</vdop><pdop>7.71067440237452</pdop><extensions><gpxtpx:TrackPointExtension><gpxtpx:speed>7672.82218847618515</gpxtpx:speed><gpxtpx:course>0.00000000000000</gpxtpx:course></gpxtpx:TrackPointExtension></extensions></trkpt>
      <trkpt lon="-145.13144225501102" lat="-77.92233615319738"><ele>521528.09110101033002</ele><time>2023-01-20T10:13:17.000Z</time><hdop>3.46530848372846</hdop><vdop>6.88789521303145</vdop><pdop>7.71047750486972</pdop><extensions><gpxtpx:TrackPointExtension><gpxtpx:speed>7672.92000281029414</gpxtpx:speed><gpxtpx:course>0.00000000000000</gpxtpx:course></gpxtpx:TrackPointExtension></extensions></trkpt>
      <trkpt lon="-145.14986242225646" lat="-77.91730135848314"><ele>521530.52322021778673</ele><time>2023-01-20T10:13:17.100Z</time><hdop>3.46595062282861</hdop><vdop>6.88735025421940</vdop><pdop>7.71027932335671</pdop><extensions><gpxtpx:TrackPointExtension><gpxtpx:speed>7673.01706488078526</gpxtpx:speed><gpxtpx:course>0.00000000000000</gpxtpx:course></gpxtpx:TrackPointExtension></extensions></trkpt>
      <trkpt lon="-145.16830708399613" lat="-77.91224653453469"><ele>521529.40472705382854</ele><time>2023-01-20T10:13:17.200Z</time><hdop>3.46659559979811</hdop><vdop>6.88680546945139</vdop><pdop>7.71008266016683</pdop><extensions><gpxtpx:TrackPointExtension><gpxtpx:speed>7672.86338106023504</gpxtpx:speed><gpxtpx:course>0.00000000000000</gpxtpx:course></gpxtpx:TrackPointExtension></extensions></trkpt>
      <trkpt lon="-145.18677192444588" lat="-77.90717570664897"><ele>521527.19296929333359</ele><time>2023-01-20T10:13:17.300Z</time><hdop>3.46724269033280</hdop><vdop>6.88626028430968</vdop><pdop>7.70988667730772</pdop><extensions><gpxtpx:TrackPointExtension><gpxtpx:speed>7672.52097201458309</gpxtpx:speed><gpxtpx:course>0.00000000000000</gpxtpx:course></gpxtpx:TrackPointExtension></extensions></trkpt>
      <trkpt lon="-145.20515522652994" lat="-77.90213326996464"><ele>521528.13800190575421</ele><time>2023-01-20T10:13:17.400Z</time><hdop>3.46788564829655</hdop><vdop>6.88571542545702</vdop><pdop>7.70968921488006</pdop><extensions><gpxtpx:TrackPointExtension><gpxtpx:speed>7673.48818905217922</gpxtpx:speed><gpxtpx:course>0.00000000000000</gpxtpx:course></gpxtpx:TrackPointExtension></extensions></trkpt>
      <trkpt lon="-145.22347970541946" lat="-77.89708188291706"><ele>521525.36775043141097</ele><time>2023-01-20T10:13:17.500Z</time><hdop>3.46852992000626</hdop><vdop>6.88517171976075</vdop><pdop>7.70949346044030</pdop><extensions><gpxtpx:TrackPointExtension><gpxtpx:speed>7672.24783335142729</gpxtpx:speed><gpxtpx:course>0.00000000000000</gpxtpx:course></gpxtpx:TrackPointExtension></extensions></trkpt>
      <trkpt lon="-145.24186821476275" lat="-77.89203402036431"><ele>521529.35411131475121</ele><time>2023-01-20T10:13:17.600Z</time><hdop>3.46917309944129</hdop><vdop>6.88462551456725</vdop><pdop>7.70929506957137</pdop><extensions><gpxtpx:TrackPointExtension><gpxtpx:speed>7672.95658176447796</gpxtpx:speed><gpxtpx:course>0.00000000000000</gpxtpx:course></gpxtpx:TrackPointExtension></extensions></trkpt>
      <trkpt lon="-145.26027682760969" lat="-77.88695721753204"><ele>521527.34495418146253</ele><time>2023-01-20T10:13:17.700Z</time><hdop>3.46982048824679</hdop><vdop>6.88408000611390</vdop><pdop>7.70909928274596</pdop><extensions><gpxtpx:TrackPointExtension><gpxtpx:speed>7674.62119176389569</gpxtpx:speed><gpxtpx:course>0.00000000000000</gpxtpx:course></gpxtpx:TrackPointExtension></extensions></trkpt>
      <trkpt lon="-145.27855016029150" lat="-77.88192693671817"><ele>521529.34102470614016</ele><time>2023-01-20T10:13:17.800Z</time><hdop>3.47046121802836</hdop><vdop>6.88353549278066</vdop><pdop>7.70890147467264</pdop><extensions><gpxtpx:TrackPointExtension><gpxtpx:speed>7672.52216528806730</gpxtpx:speed><gpxtpx:course>0.00000000000000</gpxtpx:course></gpxtpx:TrackPointExtension></extensions></trkpt>
      <trkpt lon="-145.29687864681040" lat="-77.87687253589293"><ele>521530.60975300706923</ele><time>2023-01-20T10:13:17.900Z</time><hdop>3.47110512001305</hdop><vdop>6.88298997316496</vdop><pdop>7.70870428313800</pdop><extensions><gpxtpx:TrackPointExtension><gpxtpx:speed>7672.91888109187948</gpxtpx:speed><gpxtpx:course>0.00000000000000</gpxtpx:course></gpxtpx:TrackPointExtension></extensions></trkpt>
      <trkpt lon="-145.31518515217743" lat="-77.87181674299207"><ele>521530.82892201561481</ele><time>2023-01-20T10:13:18.000Z</time><hdop>3.47174924263391</hdop><vdop>6.88244476862312</vdop><pdop>7.70850755963026</pdop><extensions><gpxtpx:TrackPointExtension><gpxtpx:speed>7671.89367817281163</gpxtpx:speed><gpxtpx:course>0.00000000000000</gpxtpx:course></gpxtpx:TrackPointExtension></extensions></trkpt>
      <trkpt lon="-145.33346792520601" lat="-77.86676347319957"><ele>521531.86633117683232</ele><time>2023-01-20T10:13:18.100Z</time><hdop>3.47239277116578</hdop><vdop>6.88189941758857</vdop><pdop>7.70831052507942</pdop><extensions><gpxtpx:TrackPointExtension><gpxtpx:speed>7674.24869102880984</gpxtpx:speed><gpxtpx:course>0.00000000000000</gpxtpx:course></gpxtpx:TrackPointExtension></extensions></trkpt>
      <trkpt lon="-145.35175623452074" lat="-77.86168186480174"><ele>521524.72830365691334</ele><time>2023-01-20T10:13:18.200Z</time><hdop>3.47304067406686</hdop><vdop>6.88135553247994</vdop><pdop>7.70811685745066</pdop><extensions><gpxtpx:TrackPointExtension><gpxtpx:speed>7672.47704626775521</gpxtpx:speed><gpxtpx:course>0.00000000000000</gpxtpx:course></gpxtpx:TrackPointExtension></extensions></trkpt>
      <trkpt lon="-145.37001570625620" lat="-77.85662409187702"><ele>521526.23198087513447</ele><time>2023-01-20T10:13:18.300Z</time><hdop>3.47368447813921</hdop><vdop>6.88080983429928</vdop><pdop>7.70791981207997</pdop><extensions><gpxtpx:TrackPointExtension><gpxtpx:speed>7674.27264078639655</gpxtpx:speed><gpxtpx:course>0.00000000000000</gpxtpx:course></gpxtpx:TrackPointExtension></extensions></trkpt>
      <trkpt lon="-145.38819843940325" lat="-77.85159756645369"><ele>521534.92315542418510</ele><time>2023-01-20T10:13:18.400Z</time><hdop>3.47432352541364</hdop><vdop>6.88026334170222</vdop><pdop>7.70772000077935</pdop><extensions><gpxtpx:TrackPointExtension><gpxtpx:speed>7671.46561051484878</gpxtpx:speed><gpxtpx:course>0.00000000000000</gpxtpx:course></gpxtpx:TrackPointExtension></extensions></trkpt>
      <trkpt lon="-145.40649230383556" lat="-77.84652817194304"><ele>521535.66197522170842</ele><time>2023-01-20T10:13:18.500Z</time><hdop>3.47496878954405</hdop><vdop>6.87971705472418</vdop><pdop>7.70752326246039</pdop><extensions><gpxtpx:TrackPointExtension><gpxtpx:speed>7673.40379099201436</gpxtpx:speed><gpxtpx:course>0.00000000000000</gpxtpx:course></gpxtpx:TrackPointExtension></extensions></trkpt>
      <trkpt lon="-145.42476016112033" lat="-77.84144643162077"><ele>521533.40144195500761</ele><time>2023-01-20T10:13:18.600Z</time><hdop>3.47561580093920</hdop><vdop>6.87917136996508</vdop><pdop>7.70732793730003</pdop><extensions><gpxtpx:TrackPointExtension><gpxtpx:speed>7673.22942202550439</gpxtpx:speed><gpxtpx:course>0.00000000000000</gpxtpx:course></gpxtpx:TrackPointExtension></extensions></trkpt>
      <trkpt lon="-145.44297577031392" lat="-77.83636472376917"><ele>521531.13691181037575</ele><time>2023-01-20T10:13:18.700Z</time><hdop>3.47626269577020</hdop><vdop>6.87862590675208</vdop><pdop>7.70713284529626</pdop><extensions><gpxtpx:TrackPointExtension><gpxtpx:speed>7672.19285381955433</gpxtpx:speed><gpxtpx:course>0.00000000000000</gpxtpx:course></gpxtpx:TrackPointExtension></extensions></trkpt>
      <trkpt lon="-145.46111847183244" lat="-77.83130815332318"><ele>521529.95037274435163</ele><time>2023-01-20T10:13:18.800Z</time><hdop>3.47690605633634</hdop><vdop>6.87808128147187</vdop><pdop>7.70693699462517</pdop><extensions><gpxtpx:TrackPointExtension><gpxtpx:speed>7673.65485025597263</gpxtpx:speed><gpxtpx:course>0.00000000000000</gpxtpx:course></gpxtpx:TrackPointExtension></extensions></trkpt>
      <trkpt lon="-145.47933989874048" lat="-77.82622638789238"><ele>521528.01269270852208</ele><time>2023-01-20T10:13:18.900Z</time><hdop>3.47755265043155</hdop><vdop>6.87753544027825</vdop><pdop>7.70674160516667</pdop><extensions><gpxtpx:TrackPointExtension><gpxtpx:speed>7675.11636442367217</gpxtpx:speed><gpxtpx:course>0.00000000000000</gpxtpx:course></gpxtpx:TrackPointExtension></extensions></trkpt>
      <trkpt lon="-145.49747173977050" lat="-77.82116535394826"><ele>521528.56360914092511</ele><time>2023-01-20T10:13:19.000Z</time><hdop>3.47819618461370</hdop><vdop>6.87699000398534</vdop><pdop>7.70654528395023</pdop><extensions><gpxtpx:TrackPointExtension><gpxtpx:speed>7672.54646978337314</gpxtpx:speed><gpxtpx:course>0.00000000000000</gpxtpx:course></gpxtpx:TrackPointExtension></extensions></trkpt>
      <trkpt lon="-145.51564510903546" lat="-77.81609116633766"><ele>521528.48223764356226</ele><time>2023-01-20T10:13:19.100Z</time><hdop>3.47884143663353</hdop><vdop>6.87644393301772</vdop><pdop>7.70634925922610</pdop><extensions><gpxtpx:TrackPointExtension><gpxtpx:speed>7673.13322061749659</gpxtpx:speed><gpxtpx:course>0.00000000000000</gpxtpx:course></gpxtpx:TrackPointExtension></extensions></trkpt>
      <trkpt lon="-145.53377276692416" lat="-77.81102425860813"><ele>521529.16437557060272</ele><time>2023-01-20T10:13:19.200Z</time><hdop>3.47948552554861</hdop><vdop>6.87589805646216</vdop><pdop>7.70615297053999</pdop><extensions><gpxtpx:TrackPointExtension><gpxtpx:speed>7672.57370707210976</gpxtpx:speed><gpxtpx:course>0.00000000000000</gpxtpx:course></gpxtpx:TrackPointExtension></extensions></trkpt>
      <trkpt lon="-145.55189747755125" lat="-77.80594875378863"><ele>521529.04509930592030</ele><time>2023-01-20T10:13:19.300Z</time><hdop>3.48013071286279</hdop><vdop>6.87535205986350</vdop><pdop>7.70595715830812</pdop><extensions><gpxtpx:TrackPointExtension><gpxtpx:speed>7673.28146357364949</gpxtpx:speed><gpxtpx:course>0.00000000000000</gpxtpx:course></gpxtpx:TrackPointExtension></extensions></trkpt>
      <trkpt lon="-145.56999912804940" lat="-77.80087218238890"><ele>521528.37974098604172</ele><time>2023-01-20T10:13:19.400Z</time><hdop>3.48077600207463</hdop><vdop>6.87480625354235</vdop><pdop>7.70576164959465</pdop><extensions><gpxtpx:TrackPointExtension><gpxtpx:speed>7673.40478174412419</gpxtpx:speed><gpxtpx:course>0.00000000000000</gpxtpx:course></gpxtpx:TrackPointExtension></extensions></trkpt>
      <trkpt lon="-145.58807760261357" lat="-77.79581011709570"><ele>521531.87898778729141</ele><time>2023-01-20T10:13:19.500Z</time><hdop>3.48141889032961</hdop><vdop>6.87425966774081</vdop><pdop>7.70556444846657</pdop><extensions><gpxtpx:TrackPointExtension><gpxtpx:speed>7673.00096254579876</gpxtpx:speed><gpxtpx:course>0.00000000000000</gpxtpx:course></gpxtpx:TrackPointExtension></extensions></trkpt>
      <trkpt lon="-145.60615525483539" lat="-77.79072779236974"><ele>521531.70654473174363</ele><time>2023-01-20T10:13:19.600Z</time><hdop>3.48206471838566</hdop><vdop>6.87371345846216</vdop><pdop>7.70536899908564</pdop><extensions><gpxtpx:TrackPointExtension><gpxtpx:speed>7672.63989609496548</gpxtpx:speed><gpxtpx:course>0.00000000000000</gpxtpx:course></gpxtpx:TrackPointExtension></extensions></trkpt>
      <trkpt lon="-145.62422637497104" lat="-77.78565023997982"><ele>521531.63979071099311</ele><time>2023-01-20T10:13:19.700Z</time><hdop>3.48270967686022</hdop><vdop>6.87316728881737</vdop><pdop>7.70517327990519</pdop><extensions><gpxtpx:TrackPointExtension><gpxtpx:speed>7674.29070030591356</gpxtpx:speed><gpxtpx:course>0.00000000000000</gpxtpx:course></gpxtpx:TrackPointExtension></extensions></trkpt>
      <trkpt lon="-145.64226533050615" lat="-77.78057123721405"><ele>521530.44411133229733</ele><time>2023-01-20T10:13:19.800Z</time><hdop>3.48335481374877</hdop><vdop>6.87262151641294</vdop><pdop>7.70497808344248</pdop><extensions><gpxtpx:TrackPointExtension><gpxtpx:speed>7673.23501868488802</gpxtpx:speed><gpxtpx:course>0.00000000000000</gpxtpx:course></gpxtpx:TrackPointExtension></extensions></trkpt>
      <trkpt lon="-145.66031404380146" lat="-77.77548234500588"><ele>521528.07955756597221</ele><time>2023-01-20T10:13:19.900Z</time><hdop>3.48400127732627</hdop><vdop>6.87207560706701</vdop><pdop>7.70478345248304</pdop><extensions><gpxtpx:TrackPointExtension><gpxtpx:speed>7672.48183003669783</gpxtpx:speed><gpxtpx:course>0.00000000000000</gpxtpx:course></gpxtpx:TrackPointExtension></extensions></trkpt>
      <trkpt lon="-145.67832215910045" lat="-77.77041784407832"><ele>521532.88683479186147</ele><time>2023-01-20T10:13:20.000Z</time><hdop>3.48464379681984</hdop><vdop>6.87152844673882</vdop><pdop>7.70458600997197</pdop><extensions><gpxtpx:TrackPointExtension><gpxtpx:speed>7672.63294563190721</gpxtpx:speed><gpxtpx:course>0.00000000000000</gpxtpx:course></gpxtpx:TrackPointExtension></extensions></trkpt>
      <trkpt lon="-145.69631823755194" lat="-77.76533125418865"><ele>521531.27640520036221</ele><time>2023-01-20T10:13:20.100Z</time><hdop>3.48528970777536</hdop><vdop>6.87098252102290</vdop><pdop>7.70439129012325</pdop><extensions><gpxtpx:TrackPointExtension><gpxtpx:speed>7672.16107824556002</gpxtpx:speed><gpxtpx:course>0.00000000000000</gpxtpx:course></gpxtpx:TrackPointExtension></extensions></trkpt>
      <trkpt lon="-145.71432618220143" lat="-77.76023393989603"><ele>521528.30963694490492</ele><time>2023-01-20T10:13:20.200Z</time><hdop>3.48593698429677</hdop><vdop>6.87043646142441</vdop><pdop>7.70419715667752</pdop><extensions><gpxtpx:TrackPointExtension><gpxtpx:speed>7673.55102154958149</gpxtpx:speed><gpxtpx:course>0.00000000000000</gpxtpx:course></gpxtpx:TrackPointExtension></extensions></trkpt>
      <trkpt lon="-145.73227662797473" lat="-77.75516765820595"><ele>521532.50469254050404</ele><time>2023-01-20T10:13:20.300Z</time><hdop>3.48657944234762</hdop><vdop>6.86988948622357</vdop><pdop>7.70400011427351</pdop><extensions><gpxtpx:TrackPointExtension><gpxtpx:speed>7673.29278132509080</gpxtpx:speed><gpxtpx:course>0.00000000000000</gpxtpx:course></gpxtpx:TrackPointExtension></extensions></trkpt>
      <trkpt lon="-145.75021349943091" lat="-77.75009573216082"><ele>521535.53591171000153</ele><time>2023-01-20T10:13:20.400Z</time><hdop>3.48722266281186</hdop><vdop>6.86934268367287</vdop><pdop>7.70380365830793</pdop><extensions><gpxtpx:TrackPointExtension><gpxtpx:speed>7674.11432240174145</gpxtpx:speed><gpxtpx:course>0.00000000000000</gpxtpx:course></gpxtpx:TrackPointExtension></extensions></trkpt>
      <trkpt lon="-145.76824624106027" lat="-77.74498889616423"><ele>521532.90843495912850</ele><time>2023-01-20T10:13:20.500Z</time><hdop>3.48787084882631</hdop><vdop>6.86879570790580</vdop><pdop>7.70360938359659</pdop><extensions><gpxtpx:TrackPointExtension><gpxtpx:speed>7673.75247796310214</gpxtpx:speed><gpxtpx:course>0.00000000000000</gpxtpx:course></gpxtpx:TrackPointExtension></extensions></trkpt>
      <trkpt lon="-145.78617558615426" lat="-77.73988966706222"><ele>521529.31729765795171</ele><time>2023-01-20T10:13:20.600Z</time><hdop>3.48851798925558</hdop><vdop>6.86824985266800</vdop><pdop>7.70341572291369</pdop><extensions><gpxtpx:TrackPointExtension><gpxtpx:speed>7672.93034580828316</gpxtpx:speed><gpxtpx:course>0.00000000000000</gpxtpx:course></gpxtpx:TrackPointExtension></extensions></trkpt>
      <trkpt lon="-145.80406465336850" lat="-77.73480683897603"><ele>521530.43895059078932</ele><time>2023-01-20T10:13:20.700Z</time><hdop>3.48916247205827</hdop><vdop>6.86770326014533</vdop><pdop>7.70322028932255</pdop><extensions><gpxtpx:TrackPointExtension><gpxtpx:speed>7672.77394643059597</gpxtpx:speed><gpxtpx:course>0.00000000000000</gpxtpx:course></gpxtpx:TrackPointExtension></extensions></trkpt>
      <trkpt lon="-145.82197978201799" lat="-77.72971697612006"><ele>521531.19029275048524</ele><time>2023-01-20T10:13:20.800Z</time><hdop>3.48980774304249</hdop><vdop>6.86715624204445</vdop><pdop>7.70302492116242</pdop><extensions><gpxtpx:TrackPointExtension><gpxtpx:speed>7674.64964848744785</gpxtpx:speed><gpxtpx:course>0.00000000000000</gpxtpx:course></gpxtpx:TrackPointExtension></extensions></trkpt>
      <trkpt lon="-145.83986734709475" lat="-77.72462939923534"><ele>521531.49931724928319</ele><time>2023-01-20T10:13:20.900Z</time><hdop>3.49045267206999</hdop><vdop>6.86660953296950</vdop><pdop>7.70282976147260</pdop><extensions><gpxtpx:TrackPointExtension><gpxtpx:speed>7673.70439658543819</gpxtpx:speed><gpxtpx:course>0.00000000000000</gpxtpx:course></gpxtpx:TrackPointExtension></extensions></trkpt>
      <trkpt lon="-145.85773417927450" lat="-77.71952634462858"><ele>521528.38138345442712</ele><time>2023-01-20T10:13:21.000Z</time><hdop>3.49109979954525</hdop><vdop>6.86606336936569</vdop><pdop>7.70263617228091</pdop><extensions><gpxtpx:TrackPointExtension><gpxtpx:speed>7673.58396775624533</gpxtpx:speed><gpxtpx:course>0.00000000000000</gpxtpx:course></gpxtpx:TrackPointExtension></extensions></trkpt>
      <trkpt lon="-145.87556621034852" lat="-77.71445447060816"><ele>521531.14033923577517</ele><time>2023-01-20T10:13:21.100Z</time><hdop>3.49174218782628</hdop><vdop>6.86551656300539</vdop><pdop>7.70243994998645</pdop><extensions><gpxtpx:TrackPointExtension><gpxtpx:speed>7672.68675741950210</gpxtpx:speed><gpxtpx:course>0.00000000000000</gpxtpx:course></gpxtpx:TrackPointExtension></extensions></trkpt>
      <trkpt lon="-145.89332355508589" lat="-77.70940153237139"><ele>521536.05005699861795</ele><time>2023-01-20T10:13:21.200Z</time><hdop>3.49238181105052</hdop><vdop>6.86497006358718</vdop><pdop>7.70224283492183</pdop><extensions><gpxtpx:TrackPointExtension><gpxtpx:speed>7672.98545439414738</gpxtpx:speed><gpxtpx:course>0.00000000000000</gpxtpx:course></gpxtpx:TrackPointExtension></extensions></trkpt>
      <trkpt lon="-145.91121010734915" lat="-77.70427748472417"><ele>521530.85304059740156</ele><time>2023-01-20T10:13:21.300Z</time><hdop>3.49303163897049</hdop><vdop>6.86442340726495</vdop><pdop>7.70205029489264</pdop><extensions><gpxtpx:TrackPointExtension><gpxtpx:speed>7672.61261842004933</gpxtpx:speed><gpxtpx:course>0.00000000000000</gpxtpx:course></gpxtpx:TrackPointExtension></extensions></trkpt>
      <trkpt lon="-145.92899808499629" lat="-77.69919265633068"><ele>521532.10386427864432</ele><time>2023-01-20T10:13:21.400Z</time><hdop>3.49367546030011</hdop><vdop>6.86387658029136</vdop><pdop>7.70185496691384</pdop><extensions><gpxtpx:TrackPointExtension><gpxtpx:speed>7672.94568817221716</gpxtpx:speed><gpxtpx:course>0.00000000000000</gpxtpx:course></gpxtpx:TrackPointExtension></extensions></trkpt>
      <trkpt lon="-145.94691258133523" lat="-77.69404778687390"><ele>521529.11282299365848</ele><time>2023-01-20T10:13:21.500Z</time><hdop>3.49432774551976</hdop><vdop>6.86332820681784</vdop><pdop>7.70166218861945</pdop><extensions><gpxtpx:TrackPointExtension><gpxtpx:speed>7674.30305117398075</gpxtpx:speed><gpxtpx:course>0.00000000000000</gpxtpx:course></gpxtpx:TrackPointExtension></extensions></trkpt>
      <trkpt lon="-145.96473891889417" lat="-77.68892235164313"><ele>521523.88101382646710</ele><time>2023-01-20T10:13:21.600Z</time><hdop>3.49497722886298</hdop><vdop>6.86278158326095</vdop><pdop>7.70146978763251</pdop><extensions><gpxtpx:TrackPointExtension><gpxtpx:speed>7674.96871458358692</gpxtpx:speed><gpxtpx:course>0.00000000000000</gpxtpx:course></gpxtpx:TrackPointExtension></extensions></trkpt>
      <trkpt lon="-145.98250777587262" lat="-77.68383009650599"><ele>521525.53223399259150</ele><time>2023-01-20T10:13:21.700Z</time><hdop>3.49562173992427</hdop><vdop>6.86223418277228</vdop><pdop>7.70127452619627</pdop><extensions><gpxtpx:TrackPointExtension><gpxtpx:speed>7673.27078769869968</gpxtpx:speed><gpxtpx:course>0.00000000000000</gpxtpx:course></gpxtpx:TrackPointExtension></extensions></trkpt>
      <trkpt lon="-146.00019320169852" lat="-77.67879055754429"><ele>521537.78803733922541</ele><time>2023-01-20T10:13:21.800Z</time><hdop>3.49625830717839</hdop><vdop>6.86168575024419</vdop><pdop>7.70107482664713</pdop><extensions><gpxtpx:TrackPointExtension><gpxtpx:speed>7672.70625795147862</gpxtpx:speed><gpxtpx:course>0.00000000000000</gpxtpx:course></gpxtpx:TrackPointExtension></extensions></trkpt>
      <trkpt lon="-146.01794906347655" lat="-77.67367016348886"><ele>521532.25946841668338</ele><time>2023-01-20T10:13:21.900Z</time><hdop>3.49690698821423</hdop><vdop>6.86113951414879</vdop><pdop>7.70088267128096</pdop><extensions><gpxtpx:TrackPointExtension><gpxtpx:speed>7674.31702075263274</gpxtpx:speed><gpxtpx:course>0.00000000000000</gpxtpx:course></gpxtpx:TrackPointExtension></extensions></trkpt>
      <trkpt lon="-146.03568862981083" lat="-77.66855890916260"><ele>521529.02875002287328</ele><time>2023-01-20T10:13:22.000Z</time><hdop>3.49755406521302</hdop><vdop>6.86059286485840</vdop><pdop>7.70068950785799</pdop><extensions><gpxtpx:TrackPointExtension><gpxtpx:speed>7673.93711445977260</gpxtpx:speed><gpxtpx:course>0.00000000000000</gpxtpx:course></gpxtpx:TrackPointExtension></extensions></trkpt>
      <trkpt lon="-146.05343188176937" lat="-77.66345998364392"><ele>521531.89055453985929</ele><time>2023-01-20T10:13:22.100Z</time><hdop>3.49819887730662</hdop><vdop>6.86004462967611</vdop><pdop>7.70049399105911</pdop><extensions><gpxtpx:TrackPointExtension><gpxtpx:speed>7672.50094349338087</gpxtpx:speed><gpxtpx:course>0.00000000000000</gpxtpx:course></gpxtpx:TrackPointExtension></extensions></trkpt>
      <trkpt lon="-146.07109346527767" lat="-77.65836458237794"><ele>521533.90541809052229</ele><time>2023-01-20T10:13:22.200Z</time><hdop>3.49884331808628</hdop><vdop>6.85949721030166</vdop><pdop>7.70029912033639</pdop><extensions><gpxtpx:TrackPointExtension><gpxtpx:speed>7673.60229974156482</gpxtpx:speed><gpxtpx:course>0.00000000000000</gpxtpx:course></gpxtpx:TrackPointExtension></extensions></trkpt>
      <trkpt lon="-146.08883857405684" lat="-77.65322683512194"><ele>521526.95461866818368</ele><time>2023-01-20T10:13:22.300Z</time><hdop>3.49949396598708</hdop><vdop>6.85895048590835</vdop><pdop>7.70010777756535</pdop><extensions><gpxtpx:TrackPointExtension><gpxtpx:speed>7673.30568500549271</gpxtpx:speed><gpxtpx:course>0.00000000000000</gpxtpx:course></gpxtpx:TrackPointExtension></extensions></trkpt>
      <trkpt lon="-146.10648855737520" lat="-77.64813881971853"><ele>521530.81174712348729</ele><time>2023-01-20T10:13:22.400Z</time><hdop>3.50013687710183</hdop><vdop>6.85840257673294</vdop><pdop>7.69991195163848</pdop><extensions><gpxtpx:TrackPointExtension><gpxtpx:speed>7672.03874000882024</gpxtpx:speed><gpxtpx:course>0.00000000000000</gpxtpx:course></gpxtpx:TrackPointExtension></extensions></trkpt>
      <trkpt lon="-146.12418639508098" lat="-77.64302362043404"><ele>521531.79586228262633</ele><time>2023-01-20T10:13:22.500Z</time><hdop>3.50078361942878</hdop><vdop>6.85785425287389</vdop><pdop>7.69971758597167</pdop><extensions><gpxtpx:TrackPointExtension><gpxtpx:speed>7673.52391952737526</gpxtpx:speed><gpxtpx:course>0.00000000000000</gpxtpx:course></gpxtpx:TrackPointExtension></extensions></trkpt>
      <trkpt lon="-146.14181224832751" lat="-77.63792682221525"><ele>521533.39582223724574</ele><time>2023-01-20T10:13:22.600Z</time><hdop>3.50142773661895</hdop><vdop>6.85730671752025</vdop><pdop>7.69952281722139</pdop><extensions><gpxtpx:TrackPointExtension><gpxtpx:speed>7672.00444753608735</gpxtpx:speed><gpxtpx:course>0.00000000000000</gpxtpx:course></gpxtpx:TrackPointExtension></extensions></trkpt>
      <trkpt lon="-146.15943445697692" lat="-77.63281209127153"><ele>521532.72506832238287</ele><time>2023-01-20T10:13:22.700Z</time><hdop>3.50207440919815</hdop><vdop>6.85675919751467</vdop><pdop>7.69932931236628</pdop><extensions><gpxtpx:TrackPointExtension><gpxtpx:speed>7673.18974465854444</gpxtpx:speed><gpxtpx:course>0.00000000000000</gpxtpx:course></gpxtpx:TrackPointExtension></extensions></trkpt>
      <trkpt lon="-146.17705819989243" lat="-77.62770005390949"><ele>521533.34746949467808</ele><time>2023-01-20T10:13:22.800Z</time><hdop>3.50272037343372</hdop><vdop>6.85621124160647</vdop><pdop>7.69913518546068</pdop><extensions><gpxtpx:TrackPointExtension><gpxtpx:speed>7672.63904674888818</gpxtpx:speed><gpxtpx:course>0.00000000000000</gpxtpx:course></gpxtpx:TrackPointExtension></extensions></trkpt>
      <trkpt lon="-146.19467900344779" lat="-77.62258918947923"><ele>521532.68234459031373</ele><time>2023-01-20T10:13:22.900Z</time><hdop>3.50336618753533</hdop><vdop>6.85566361767821</vdop><pdop>7.69894137415804</pdop><extensions><gpxtpx:TrackPointExtension><gpxtpx:speed>7673.43753002156518</gpxtpx:speed><gpxtpx:course>0.00000000000000</gpxtpx:course></gpxtpx:TrackPointExtension></extensions></trkpt>
      <trkpt lon="-146.21225461638463" lat="-77.61748429152372"><ele>521533.72241388075054</ele><time>2023-01-20T10:13:23.000Z</time><hdop>3.50401096255928</hdop><vdop>6.85511588541438</vdop><pdop>7.69874708171377</pdop><extensions><gpxtpx:TrackPointExtension><gpxtpx:speed>7673.29744305957502</gpxtpx:speed><gpxtpx:course>0.00000000000000</gpxtpx:course></gpxtpx:TrackPointExtension></extensions></trkpt>
      <trkpt lon="-146.22982559740231" lat="-77.61237217058644"><ele>521535.96136045362800</ele><time>2023-01-20T10:13:23.100Z</time><hdop>3.50465655790817</hdop><vdop>6.85456746914818</vdop><pdop>7.69855264176282</pdop><extensions><gpxtpx:TrackPointExtension><gpxtpx:speed>7673.58881743662732</gpxtpx:speed><gpxtpx:course>0.00000000000000</gpxtpx:course></gpxtpx:TrackPointExtension></extensions></trkpt>
      <trkpt lon="-146.24735016516598" lat="-77.60726212174011"><ele>521536.02810034994036</ele><time>2023-01-20T10:13:23.200Z</time><hdop>3.50530188409979</hdop><vdop>6.85401999071245</vdop><pdop>7.69835900252511</pdop><extensions><gpxtpx:TrackPointExtension><gpxtpx:speed>7672.48385524458263</gpxtpx:speed><gpxtpx:course>0.00000000000000</gpxtpx:course></gpxtpx:TrackPointExtension></extensions></trkpt>
      <trkpt lon="-146.26492274740835" lat="-77.60214121704145"><ele>521534.73714171163738</ele><time>2023-01-20T10:13:23.300Z</time><hdop>3.50594866212760</hdop><vdop>6.85347211445436</vdop><pdop>7.69816575848284</pdop><extensions><gpxtpx:TrackPointExtension><gpxtpx:speed>7674.07864819082261</gpxtpx:speed><gpxtpx:course>0.00000000000000</gpxtpx:course></gpxtpx:TrackPointExtension></extensions></trkpt>
      <trkpt lon="-146.28247767568203" lat="-77.59700029019568"><ele>521528.50578786525875</ele><time>2023-01-20T10:13:23.400Z</time><hdop>3.50659841736702</hdop><vdop>6.85292509616456</vdop><pdop>7.69797472289452</pdop><extensions><gpxtpx:TrackPointExtension><gpxtpx:speed>7672.91465244697247</gpxtpx:speed><gpxtpx:course>0.00000000000000</gpxtpx:course></gpxtpx:TrackPointExtension></extensions></trkpt>
      <trkpt lon="-146.30002845005234" lat="-77.59188018904175"><ele>521531.24420652352273</ele><time>2023-01-20T10:13:23.500Z</time><hdop>3.50724447825464</hdop><vdop>6.85237596378596</vdop><pdop>7.69778021115953</pdop><extensions><gpxtpx:TrackPointExtension><gpxtpx:speed>7673.63229486276214</gpxtpx:speed><gpxtpx:course>0.00000000000000</gpxtpx:course></gpxtpx:TrackPointExtension></extensions></trkpt>
      <trkpt lon="-146.31754145246077" lat="-77.58675691032610"><ele>521530.82031991146505</ele><time>2023-01-20T10:13:23.600Z</time><hdop>3.50789117764183</hdop><vdop>6.85182784074597</vdop><pdop>7.69758697731952</pdop><extensions><gpxtpx:TrackPointExtension><gpxtpx:speed>7674.73741655257800</gpxtpx:speed><gpxtpx:course>0.00000000000000</gpxtpx:course></gpxtpx:TrackPointExtension></extensions></trkpt>
      <trkpt lon="-146.33501219856652" lat="-77.58163229619616"><ele>521529.65080667659640</ele><time>2023-01-20T10:13:23.700Z</time><hdop>3.50853799610383</hdop><vdop>6.85128004499329</vdop><pdop>7.69739417757903</pdop><extensions><gpxtpx:TrackPointExtension><gpxtpx:speed>7671.72512191897567</gpxtpx:speed><gpxtpx:course>0.00000000000000</gpxtpx:course></gpxtpx:TrackPointExtension></extensions></trkpt>
      <trkpt lon="-146.35249735893271" lat="-77.57648230981275"><ele>521523.56985004805028</ele><time>2023-01-20T10:13:23.800Z</time><hdop>3.50918860452973</hdop><vdop>6.85073277130192</vdop><pdop>7.69720365885894</pdop><extensions><gpxtpx:TrackPointExtension><gpxtpx:speed>7673.45194129933680</gpxtpx:speed><gpxtpx:course>0.00000000000000</gpxtpx:course></gpxtpx:TrackPointExtension></extensions></trkpt>
      <trkpt lon="-146.36998564301328" lat="-77.57140751388479"><ele>521534.83617870789021</ele><time>2023-01-20T10:13:23.900Z</time><hdop>3.50982741418144</hdop><vdop>6.85018247053722</vdop><pdop>7.69700515505836</pdop><extensions><gpxtpx:TrackPointExtension><gpxtpx:speed>7674.00671831677028</gpxtpx:speed><gpxtpx:course>0.00000000000000</gpxtpx:course></gpxtpx:TrackPointExtension></extensions></trkpt>
      <trkpt lon="-146.38740598769766" lat="-77.56630435046239"><ele>521539.27167774830014</ele><time>2023-01-20T10:13:24.000Z</time><hdop>3.51047057318522</hdop><vdop>6.84963369192854</vdop><pdop>7.69681007683066</pdop><extensions><gpxtpx:TrackPointExtension><gpxtpx:speed>7674.46842263662711</gpxtpx:speed><gpxtpx:course>0.00000000000000</gpxtpx:course></gpxtpx:TrackPointExtension></extensions></trkpt>
      <trkpt lon="-146.40483052463907" lat="-77.56114298291432"><ele>521530.15579476952553</ele><time>2023-01-20T10:13:24.100Z</time><hdop>3.51112260631965</hdop><vdop>6.84908702877365</vdop><pdop>7.69662101732470</pdop><extensions><gpxtpx:TrackPointExtension><gpxtpx:speed>7672.45499263435795</gpxtpx:speed><gpxtpx:course>0.00000000000000</gpxtpx:course></gpxtpx:TrackPointExtension></extensions></trkpt>
      <trkpt lon="-146.42227894567623" lat="-77.55601468690280"><ele>521528.32751653250307</ele><time>2023-01-20T10:13:24.200Z</time><hdop>3.51176920091585</hdop><vdop>6.84853885236972</vdop><pdop>7.69642821917535</pdop><extensions><gpxtpx:TrackPointExtension><gpxtpx:speed>7673.95761825808040</gpxtpx:speed><gpxtpx:course>0.00000000000000</gpxtpx:course></gpxtpx:TrackPointExtension></extensions></trkpt>
      <trkpt lon="-146.43970277536863" lat="-77.55089569271502"><ele>521534.55451028607786</ele><time>2023-01-20T10:13:24.300Z</time><hdop>3.51241414947611</hdop><vdop>6.84798871668060</vdop><pdop>7.69623301500317</pdop><extensions><gpxtpx:TrackPointExtension><gpxtpx:speed>7672.29629655278313</gpxtpx:speed><gpxtpx:course>0.00000000000000</gpxtpx:course></gpxtpx:TrackPointExtension></extensions></trkpt>
      <trkpt lon="-146.45711408468728" lat="-77.54575657365007"><ele>521529.33666576072574</ele><time>2023-01-20T10:13:24.400Z</time><hdop>3.51306240779807</hdop><vdop>6.84744132290954</vdop><pdop>7.69604184966357</pdop><extensions><gpxtpx:TrackPointExtension><gpxtpx:speed>7672.62663303779118</gpxtpx:speed><gpxtpx:course>0.00000000000000</gpxtpx:course></gpxtpx:TrackPointExtension></extensions></trkpt>
      <trkpt lon="-146.47455300874944" lat="-77.54060675262150"><ele>521529.61640273220837</ele><time>2023-01-20T10:13:24.500Z</time><hdop>3.51371153839694</hdop><vdop>6.84689162953207</vdop><pdop>7.69584912544549</pdop><extensions><gpxtpx:TrackPointExtension><gpxtpx:speed>7673.45767957657608</gpxtpx:speed><gpxtpx:course>0.00000000000000</gpxtpx:course></gpxtpx:TrackPointExtension></extensions></trkpt>
      <trkpt lon="-146.49190873033243" lat="-77.53549891644155"><ele>521534.42624570429325</ele><time>2023-01-20T10:13:24.600Z</time><hdop>3.51435460097077</hdop><vdop>6.84634236860821</vdop><pdop>7.69565410407486</pdop><extensions><gpxtpx:TrackPointExtension><gpxtpx:speed>7674.83733412708170</gpxtpx:speed><gpxtpx:course>0.00000000000000</gpxtpx:course></gpxtpx:TrackPointExtension></extensions></trkpt>
      <trkpt lon="-146.50925813269859" lat="-77.53038289663456"><ele>521537.10970162320882</ele><time>2023-01-20T10:13:24.700Z</time><hdop>3.51499888065529</hdop><vdop>6.84579341638531</vdop><pdop>7.69546000124959</pdop><extensions><gpxtpx:TrackPointExtension><gpxtpx:speed>7672.62282858744584</gpxtpx:speed><gpxtpx:course>0.00000000000000</gpxtpx:course></gpxtpx:TrackPointExtension></extensions></trkpt>
      <trkpt lon="-146.52655613593078" lat="-77.52525366475778"><ele>521535.36031774338335</ele><time>2023-01-20T10:13:24.800Z</time><hdop>3.51564519422580</hdop><vdop>6.84524563556095</vdop><pdop>7.69526795783287</pdop><extensions><gpxtpx:TrackPointExtension><gpxtpx:speed>7673.05443581964209</gpxtpx:speed><gpxtpx:course>0.00000000000000</gpxtpx:course></gpxtpx:TrackPointExtension></extensions></trkpt>
      <trkpt lon="-146.54390362363699" lat="-77.52010838338275"><ele>521533.15626846253872</ele><time>2023-01-20T10:13:24.900Z</time><hdop>3.51629348263758</hdop><vdop>6.84469699109009</vdop><pdop>7.69507613710724</pdop><extensions><gpxtpx:TrackPointExtension><gpxtpx:speed>7674.50126528095188</gpxtpx:speed><gpxtpx:course>0.00000000000000</gpxtpx:course></gpxtpx:TrackPointExtension></extensions></trkpt>
      <trkpt lon="-146.56122618963093" lat="-77.51496803481889"><ele>521531.23362474981695</ele><time>2023-01-20T10:13:25.000Z</time><hdop>3.51694098413269</hdop><vdop>6.84414849493946</vdop><pdop>7.69488417759841</pdop><extensions><gpxtpx:TrackPointExtension><gpxtpx:speed>7673.44143475945020</gpxtpx:speed><gpxtpx:course>0.00000000000000</gpxtpx:course></gpxtpx:TrackPointExtension></extensions></trkpt>
      <trkpt lon="-146.57852013657302" lat="-77.50982196746459"><ele>521529.19584988523275</ele><time>2023-01-20T10:13:25.100Z</time><hdop>3.51758921060808</hdop><vdop>6.84359994476162</vdop><pdop>7.69469259025516</pdop><extensions><gpxtpx:TrackPointExtension><gpxtpx:speed>7672.97410193180349</gpxtpx:speed><gpxtpx:course>0.00000000000000</gpxtpx:course></gpxtpx:TrackPointExtension></extensions></trkpt>
      <trkpt lon="-146.59581840835520" lat="-77.50469252658449"><ele>521531.59974356833845</ele><time>2023-01-20T10:13:25.200Z</time><hdop>3.51823465616998</hdop><vdop>6.84305043501805</vdop><pdop>7.69449896692931</pdop><extensions><gpxtpx:TrackPointExtension><gpxtpx:speed>7673.61876830330311</gpxtpx:speed><gpxtpx:course>0.00000000000000</gpxtpx:course></gpxtpx:TrackPointExtension></extensions></trkpt>
      <trkpt lon="-146.61309474368713" lat="-77.49956734124864"><ele>521534.39807575382292</ele><time>2023-01-20T10:13:25.300Z</time><hdop>3.51887947893106</hdop><vdop>6.84250100028410</vdop><pdop>7.69430521399633</pdop><extensions><gpxtpx:TrackPointExtension><gpxtpx:speed>7674.25403888399887</gpxtpx:speed><gpxtpx:course>0.00000000000000</gpxtpx:course></gpxtpx:TrackPointExtension></extensions></trkpt>
      <trkpt lon="-146.63035490228185" lat="-77.49442409065523"><ele>521533.90356359072030</ele><time>2023-01-20T10:13:25.400Z</time><hdop>3.51952684033310</hdop><vdop>6.84195196294832</vdop><pdop>7.69411306409761</pdop><extensions><gpxtpx:TrackPointExtension><gpxtpx:speed>7673.67270761512918</gpxtpx:speed><gpxtpx:course>0.00000000000000</gpxtpx:course></gpxtpx:TrackPointExtension></extensions></trkpt>
      <trkpt lon="-146.64760935419440" lat="-77.48928937288575"><ele>521535.78876579273492</ele><time>2023-01-20T10:13:25.500Z</time><hdop>3.52017270967020</hdop><vdop>6.84140241336269</vdop><pdop>7.69391986489797</pdop><extensions><gpxtpx:TrackPointExtension><gpxtpx:speed>7672.45790235611366</gpxtpx:speed><gpxtpx:course>0.00000000000000</gpxtpx:course></gpxtpx:TrackPointExtension></extensions></trkpt>
      <trkpt lon="-146.66483780074341" lat="-77.48415276923558"><ele>521537.30662714317441</ele><time>2023-01-20T10:13:25.600Z</time><hdop>3.52081882753774</hdop><vdop>6.84085298403410</vdop><pdop>7.69372697497854</pdop><extensions><gpxtpx:TrackPointExtension><gpxtpx:speed>7673.85360080699229</gpxtpx:speed><gpxtpx:course>0.00000000000000</gpxtpx:course></gpxtpx:TrackPointExtension></extensions></trkpt>
      <trkpt lon="-146.68205392482429" lat="-77.47900771148940"><ele>521537.77320367842913</ele><time>2023-01-20T10:13:25.700Z</time><hdop>3.52146607882840</hdop><vdop>6.84030358576615</vdop><pdop>7.69353472012601</pdop><extensions><gpxtpx:TrackPointExtension><gpxtpx:speed>7673.70218753388963</gpxtpx:speed><gpxtpx:course>0.00000000000000</gpxtpx:course></gpxtpx:TrackPointExtension></extensions></trkpt>
      <trkpt lon="-146.69924388852516" lat="-77.47385530272295"><ele>521534.80714306607842</ele><time>2023-01-20T10:13:25.800Z</time><hdop>3.52211442416799</hdop><vdop>6.83975502410989</vdop><pdop>7.69334379881523</pdop><extensions><gpxtpx:TrackPointExtension><gpxtpx:speed>7672.80003717100135</gpxtpx:speed><gpxtpx:course>0.00000000000000</gpxtpx:course></gpxtpx:TrackPointExtension></extensions></trkpt>
      <trkpt lon="-146.71648680752307" lat="-77.46870453476905"><ele>521534.14648579433560</ele><time>2023-01-20T10:13:25.900Z</time><hdop>3.52276214902740</hdop><vdop>6.83920535082349</vdop><pdop>7.69315169415974</pdop><extensions><gpxtpx:TrackPointExtension><gpxtpx:speed>7673.21933036816154</gpxtpx:speed><gpxtpx:course>0.00000000000000</gpxtpx:course></gpxtpx:TrackPointExtension></extensions></trkpt>
      <trkpt lon="-146.73365708672446" lat="-77.46355489795418"><ele>521533.15312844235450</ele><time>2023-01-20T10:13:26.000Z</time><hdop>3.52340983855202</hdop><vdop>6.83865623028613</vdop><pdop>7.69296015370134</pdop><extensions><gpxtpx:TrackPointExtension><gpxtpx:speed>7672.69040049841897</gpxtpx:speed><gpxtpx:course>0.00000000000000</gpxtpx:course></gpxtpx:TrackPointExtension></extensions></trkpt>
      <trkpt lon="-146.75076032366124" lat="-77.45841236150844"><ele>521530.92241246160120</ele><time>2023-01-20T10:13:26.100Z</time><hdop>3.52405644478640</hdop><vdop>6.83810801001089</vdop><pdop>7.69276900619118</pdop><extensions><gpxtpx:TrackPointExtension><gpxtpx:speed>7673.26904471776106</gpxtpx:speed><gpxtpx:course>0.00000000000000</gpxtpx:course></gpxtpx:TrackPointExtension></extensions></trkpt>
      <trkpt lon="-146.76793099019412" lat="-77.45327624176672"><ele>521534.62793323025107</ele><time>2023-01-20T10:13:26.200Z</time><hdop>3.52470161736615</hdop><vdop>6.83755770174535</vdop><pdop>7.69257543454471</pdop><extensions><gpxtpx:TrackPointExtension><gpxtpx:speed>7672.42257510101626</gpxtpx:speed><gpxtpx:course>0.00000000000000</gpxtpx:course></gpxtpx:TrackPointExtension></extensions></trkpt>
      <trkpt lon="-146.78507335737760" lat="-77.44814594889553"><ele>521538.94534607324749</ele><time>2023-01-20T10:13:26.300Z</time><hdop>3.52534580270875</hdop><vdop>6.83700744095222</vdop><pdop>7.69238154125965</pdop><extensions><gpxtpx:TrackPointExtension><gpxtpx:speed>7673.53263959617925</gpxtpx:speed><gpxtpx:course>0.00000000000000</gpxtpx:course></gpxtpx:TrackPointExtension></extensions></trkpt>
      <trkpt lon="-146.80219433607633" lat="-77.44300014027894"><ele>521538.62069512717426</ele><time>2023-01-20T10:13:26.400Z</time><hdop>3.52599243125123</hdop><vdop>6.83645812319242</vdop><pdop>7.69218969445012</pdop><extensions><gpxtpx:TrackPointExtension><gpxtpx:speed>7673.87054396256372</gpxtpx:speed><gpxtpx:course>0.00000000000000</gpxtpx:course></gpxtpx:TrackPointExtension></extensions></trkpt>
      <trkpt lon="-146.81936889639240" lat="-77.43783392385902"><ele>521534.72588314022869</ele><time>2023-01-20T10:13:26.500Z</time><hdop>3.52664184547484</hdop><vdop>6.83590873134309</vdop><pdop>7.69199914778382</pdop><extensions><gpxtpx:TrackPointExtension><gpxtpx:speed>7674.10144482897795</gpxtpx:speed><gpxtpx:course>0.00000000000000</gpxtpx:course></gpxtpx:TrackPointExtension></extensions></trkpt>
      <trkpt lon="-146.83640946486543" lat="-77.43268511757817"><ele>521536.27538272179663</ele><time>2023-01-20T10:13:26.600Z</time><hdop>3.52728851384523</hdop><vdop>6.83535908500002</vdop><pdop>7.69180720512396</pdop><extensions><gpxtpx:TrackPointExtension><gpxtpx:speed>7673.42604732972904</gpxtpx:speed><gpxtpx:course>0.00000000000000</gpxtpx:course></gpxtpx:TrackPointExtension></extensions></trkpt>
      <trkpt lon="-146.85350997493222" lat="-77.42752396974055"><ele>521535.83266348764300</ele><time>2023-01-20T10:13:26.700Z</time><hdop>3.52793683472304</hdop><vdop>6.83480911261811</vdop><pdop>7.69161581956114</pdop><extensions><gpxtpx:TrackPointExtension><gpxtpx:speed>7672.66089937271772</gpxtpx:speed><gpxtpx:course>0.00000000000000</gpxtpx:course></gpxtpx:TrackPointExtension></extensions></trkpt>
      <trkpt lon="-146.87060363047078" lat="-77.42235979988799"><ele>521534.32680901419371</ele><time>2023-01-20T10:13:26.800Z</time><hdop>3.52858552258502</hdop><vdop>6.83425929138144</vdop><pdop>7.69142482587135</pdop><extensions><gpxtpx:TrackPointExtension><gpxtpx:speed>7673.35686350525975</gpxtpx:speed><gpxtpx:course>0.00000000000000</gpxtpx:course></gpxtpx:TrackPointExtension></extensions></trkpt>
      <trkpt lon="-146.88767303027916" lat="-77.41722805163781"><ele>521540.22094476129860</ele><time>2023-01-20T10:13:26.900Z</time><hdop>3.52922911457702</hdop><vdop>6.83370839473341</vdop><pdop>7.69123062763222</pdop><extensions><gpxtpx:TrackPointExtension><gpxtpx:speed>7673.45937991076607</gpxtpx:speed><gpxtpx:course>0.00000000000000</gpxtpx:course></gpxtpx:TrackPointExtension></extensions></trkpt>
      <trkpt lon="-146.90470834595860" lat="-77.41207118482264"><ele>521537.79009825922549</ele><time>2023-01-20T10:13:27.000Z</time><hdop>3.52987670732167</hdop><vdop>6.83315926381053</vdop><pdop>7.69103992276023</pdop><extensions><gpxtpx:TrackPointExtension><gpxtpx:speed>7671.90059206011301</gpxtpx:speed><gpxtpx:course>0.00000000000000</gpxtpx:course></gpxtpx:TrackPointExtension></extensions></trkpt>
      <trkpt lon="-146.92173218985911" lat="-77.40690468438575"><ele>521534.52532963734120</ele><time>2023-01-20T10:13:27.100Z</time><hdop>3.53052559235907</hdop><vdop>6.83261004322474</vdop><pdop>7.69084982047354</pdop><extensions><gpxtpx:TrackPointExtension><gpxtpx:speed>7672.99081540587849</gpxtpx:speed><gpxtpx:course>0.00000000000000</gpxtpx:course></gpxtpx:TrackPointExtension></extensions></trkpt>
      <trkpt lon="-146.93874365164459" lat="-77.40175618298167"><ele>521536.32409052178264</ele><time>2023-01-20T10:13:27.200Z</time><hdop>3.53117147372477</hdop><vdop>6.83205985860782</vdop><pdop>7.69065757191463</pdop><extensions><gpxtpx:TrackPointExtension><gpxtpx:speed>7673.61739580378799</gpxtpx:speed><gpxtpx:course>0.00000000000000</gpxtpx:course></gpxtpx:TrackPointExtension></extensions></trkpt>
      <trkpt lon="-146.95577743087219" lat="-77.39657015541891"><ele>521534.06368859577924</ele><time>2023-01-20T10:13:27.300Z</time><hdop>3.53182260392064</hdop><vdop>6.83150942410051</vdop><pdop>7.69046760068196</pdop><extensions><gpxtpx:TrackPointExtension><gpxtpx:speed>7673.28113546220266</gpxtpx:speed><gpxtpx:course>0.00000000000000</gpxtpx:course></gpxtpx:TrackPointExtension></extensions></trkpt>
      <trkpt lon="-146.97273900019479" lat="-77.39142481527024"><ele>521535.99771643336862</ele><time>2023-01-20T10:13:27.400Z</time><hdop>3.53246783792202</hdop><vdop>6.83095944176334</vdop><pdop>7.69027541255638</pdop><extensions><gpxtpx:TrackPointExtension><gpxtpx:speed>7673.48870670148335</gpxtpx:speed><gpxtpx:course>0.00000000000000</gpxtpx:course></gpxtpx:TrackPointExtension></extensions></trkpt>
      <trkpt lon="-146.98977462178129" lat="-77.38622660625825"><ele>521532.84622131288052</ele><time>2023-01-20T10:13:27.500Z</time><hdop>3.53312044942826</hdop><vdop>6.83040864281549</vdop><pdop>7.69008597728379</pdop><extensions><gpxtpx:TrackPointExtension><gpxtpx:speed>7673.36838129868738</gpxtpx:speed><gpxtpx:course>0.00000000000000</gpxtpx:course></gpxtpx:TrackPointExtension></extensions></trkpt>
      <trkpt lon="-147.00674657890681" lat="-77.38108684114529"><ele>521538.25792774558067</ele><time>2023-01-20T10:13:27.600Z</time><hdop>3.53376451524710</hdop><vdop>6.82985749295118</vdop><pdop>7.68989239347606</pdop><extensions><gpxtpx:TrackPointExtension><gpxtpx:speed>7673.18542062816687</gpxtpx:speed><gpxtpx:course>0.00000000000000</gpxtpx:course></gpxtpx:TrackPointExtension></extensions></trkpt>
      <trkpt lon="-147.02360509527094" lat="-77.37597936333709"><ele>521538.22239636071026</ele><time>2023-01-20T10:13:27.700Z</time><hdop>3.53440437027999</hdop><vdop>6.82930974339324</vdop><pdop>7.68969998269504</pdop><extensions><gpxtpx:TrackPointExtension><gpxtpx:speed>7672.77646124483908</gpxtpx:speed><gpxtpx:course>0.00000000000000</gpxtpx:course></gpxtpx:TrackPointExtension></extensions></trkpt>
      <trkpt lon="-147.04056699916882" lat="-77.37080023238995"><ele>521535.14725810196251</ele><time>2023-01-20T10:13:27.800Z</time><hdop>3.53505418433357</hdop><vdop>6.82875967680189</vdop><pdop>7.68951018008883</pdop><extensions><gpxtpx:TrackPointExtension><gpxtpx:speed>7673.19862251136601</gpxtpx:speed><gpxtpx:course>0.00000000000000</gpxtpx:course></gpxtpx:TrackPointExtension></extensions></trkpt>
      <trkpt lon="-147.05755125955196" lat="-77.36558399268770"><ele>521532.30344990268350</ele><time>2023-01-20T10:13:27.900Z</time><hdop>3.53570875820319</hdop><vdop>6.82820812633598</vdop><pdop>7.68932133802428</pdop><extensions><gpxtpx:TrackPointExtension><gpxtpx:speed>7673.26447069185815</gpxtpx:speed><gpxtpx:course>0.00000000000000</gpxtpx:course></gpxtpx:TrackPointExtension></extensions></trkpt>
      <trkpt lon="-147.07442108143096" lat="-77.36043897404365"><ele>521534.26813573297113</ele><time>2023-01-20T10:13:28.000Z</time><hdop>3.53635326512865</hdop><vdop>6.82765811832422</vdop><pdop>7.68912932629597</pdop><extensions><gpxtpx:TrackPointExtension><gpxtpx:speed>7672.86143136366536</gpxtpx:speed><gpxtpx:course>0.00000000000000</gpxtpx:course></gpxtpx:TrackPointExtension></extensions></trkpt>
      <trkpt lon="-147.09131383044320" lat="-77.35524927166099"><ele>521532.88331560511142</ele><time>2023-01-20T10:13:28.100Z</time><hdop>3.53700402400043</hdop><vdop>6.82710738809673</vdop><pdop>7.68893963784345</pdop><extensions><gpxtpx:TrackPointExtension><gpxtpx:speed>7673.37065639297543</gpxtpx:speed><gpxtpx:course>0.00000000000000</gpxtpx:course></gpxtpx:TrackPointExtension></extensions></trkpt>
      <trkpt lon="-147.10822782388564" lat="-77.35009481166152"><ele>521536.03584990371019</ele><time>2023-01-20T10:13:28.200Z</time><hdop>3.53764950098985</hdop><vdop>6.82655618575924</vdop><pdop>7.68874718983408</pdop><extensions><gpxtpx:TrackPointExtension><gpxtpx:speed>7672.90775515123369</gpxtpx:speed><gpxtpx:course>0.00000000000000</gpxtpx:course></gpxtpx:TrackPointExtension></extensions></trkpt>
      <trkpt lon="-147.12507808196460" lat="-77.34493175399979"><ele>521536.01749287638813</ele><time>2023-01-20T10:13:28.300Z</time><hdop>3.53829632904363</hdop><vdop>6.82600599188273</vdop><pdop>7.68855634780305</pdop><extensions><gpxtpx:TrackPointExtension><gpxtpx:speed>7673.86932649879600</gpxtpx:speed><gpxtpx:course>0.00000000000000</gpxtpx:course></gpxtpx:TrackPointExtension></extensions></trkpt>
      <trkpt lon="-147.14195769516098" lat="-77.33977056103336"><ele>521534.55369684845209</ele><time>2023-01-20T10:13:28.400Z</time><hdop>3.53894279806277</hdop><vdop>6.82545598117458</vdop><pdop>7.68836559217316</pdop><extensions><gpxtpx:TrackPointExtension><gpxtpx:speed>7672.24572390182402</gpxtpx:speed><gpxtpx:course>0.00000000000000</gpxtpx:course></gpxtpx:TrackPointExtension></extensions></trkpt>
      <trkpt lon="-147.15881112588983" lat="-77.33458897569163"><ele>521537.92516608815640</ele><time>2023-01-20T10:13:28.500Z</time><hdop>3.53959168431460</hdop><vdop>6.82490393241660</vdop><pdop>7.68817422919022</pdop><extensions><gpxtpx:TrackPointExtension><gpxtpx:speed>7673.26257353059918</gpxtpx:speed><gpxtpx:course>0.00000000000000</gpxtpx:course></gpxtpx:TrackPointExtension></extensions></trkpt>
      <trkpt lon="-147.17561578239662" lat="-77.32942854458565"><ele>521536.74835574254394</ele><time>2023-01-20T10:13:28.600Z</time><hdop>3.54023782737239</hdop><vdop>6.82435416659315</vdop><pdop>7.68798371912009</pdop><extensions><gpxtpx:TrackPointExtension><gpxtpx:speed>7673.15614635664042</gpxtpx:speed><gpxtpx:course>0.00000000000000</gpxtpx:course></gpxtpx:TrackPointExtension></extensions></trkpt>
      <trkpt lon="-147.19249510331738" lat="-77.32422684035282"><ele>521533.65624430496246</ele><time>2023-01-20T10:13:28.700Z</time><hdop>3.54088961648203</hdop><vdop>6.82380295787677</vdop><pdop>7.68779461770656</pdop><extensions><gpxtpx:TrackPointExtension><gpxtpx:speed>7673.11459051034399</gpxtpx:speed><gpxtpx:course>0.00000000000000</gpxtpx:course></gpxtpx:TrackPointExtension></extensions></trkpt>
      <trkpt lon="-147.20924777442607" lat="-77.31906640690121"><ele>521532.60555148217827</ele><time>2023-01-20T10:13:28.800Z</time><hdop>3.54153555029382</hdop><vdop>6.82325328682643</vdop><pdop>7.68760427377624</pdop><extensions><gpxtpx:TrackPointExtension><gpxtpx:speed>7674.32901955851776</gpxtpx:speed><gpxtpx:course>0.00000000000000</gpxtpx:course></gpxtpx:TrackPointExtension></extensions></trkpt>
      <trkpt lon="-147.22601313602485" lat="-77.31390871668302"><ele>521534.61515411175787</ele><time>2023-01-20T10:13:28.900Z</time><hdop>3.54218080879406</hdop><vdop>6.82270259578931</vdop><pdop>7.68741280228785</pdop><extensions><gpxtpx:TrackPointExtension><gpxtpx:speed>7672.67066751061066</gpxtpx:speed><gpxtpx:course>0.00000000000000</gpxtpx:course></gpxtpx:TrackPointExtension></extensions></trkpt>
      <trkpt lon="-147.24279674598651" lat="-77.30873646749943"><ele>521536.07146018650383</ele><time>2023-01-20T10:13:29.000Z</time><hdop>3.54282800450986</hdop><vdop>6.82215134662486</vdop><pdop>7.68722181713229</pdop><extensions><gpxtpx:TrackPointExtension><gpxtpx:speed>7673.42938783885256</gpxtpx:speed><gpxtpx:course>0.00000000000000</gpxtpx:course></gpxtpx:TrackPointExtension></extensions></trkpt>
      <trkpt lon="-147.25957712862777" lat="-77.30356775882805"><ele>521538.92983513139188</ele><time>2023-01-20T10:13:29.100Z</time><hdop>3.54347447266716</hdop><vdop>6.82159972013435</vdop><pdop>7.68703025102548</pdop><extensions><gpxtpx:TrackPointExtension><gpxtpx:speed>7672.05860842541915</gpxtpx:speed><gpxtpx:course>0.00000000000000</gpxtpx:course></gpxtpx:TrackPointExtension></extensions></trkpt>
      <trkpt lon="-147.27630760673233" lat="-77.29839762716870"><ele>521539.17007115203887</ele><time>2023-01-20T10:13:29.200Z</time><hdop>3.54412123241545</hdop><vdop>6.82104906021657</vdop><pdop>7.68683976624590</pdop><extensions><gpxtpx:TrackPointExtension><gpxtpx:speed>7672.60659751222556</gpxtpx:speed><gpxtpx:course>0.00000000000000</gpxtpx:course></gpxtpx:TrackPointExtension></extensions></trkpt>
      <trkpt lon="-147.29307640368734" lat="-77.29320205640460"><ele>521537.90166915114969</ele><time>2023-01-20T10:13:29.300Z</time><hdop>3.54477132297374</hdop><vdop>6.82049765443884</vdop><pdop>7.68665024483245</pdop><extensions><gpxtpx:TrackPointExtension><gpxtpx:speed>7673.25296703182266</gpxtpx:speed><gpxtpx:course>0.00000000000000</gpxtpx:course></gpxtpx:TrackPointExtension></extensions></trkpt>
      <trkpt lon="-147.30987687903297" lat="-77.28801974514839"><ele>521543.94044269714504</ele><time>2023-01-20T10:13:29.400Z</time><hdop>3.54541904381947</hdop><vdop>6.81994414945268</vdop><pdop>7.68645785768267</pdop><extensions><gpxtpx:TrackPointExtension><gpxtpx:speed>7672.89839180033687</gpxtpx:speed><gpxtpx:course>0.00000000000000</gpxtpx:course></gpxtpx:TrackPointExtension></extensions></trkpt>
      <trkpt lon="-147.32662355446823" lat="-77.28281154277330"><ele>521540.63199062459171</ele><time>2023-01-20T10:13:29.500Z</time><hdop>3.54607086457706</hdop><vdop>6.81939287913666</vdop><pdop>7.68626943429790</pdop><extensions><gpxtpx:TrackPointExtension><gpxtpx:speed>7672.08188607274224</gpxtpx:speed><gpxtpx:course>0.00000000000000</gpxtpx:course></gpxtpx:TrackPointExtension></extensions></trkpt>
      <trkpt lon="-147.34324667301979" lat="-77.27764285619239"><ele>521535.51664137840271</ele><time>2023-01-20T10:13:29.600Z</time><hdop>3.54671738935086</hdop><vdop>6.81884420089778</vdop><pdop>7.68608095690132</pdop><extensions><gpxtpx:TrackPointExtension><gpxtpx:speed>7673.84290822653657</gpxtpx:speed><gpxtpx:course>0.00000000000000</gpxtpx:course></gpxtpx:TrackPointExtension></extensions></trkpt>
      <trkpt lon="-147.35989664579813" lat="-77.27247125805219"><ele>521535.58478460833430</ele><time>2023-01-20T10:13:29.700Z</time><hdop>3.54736382515162</hdop><vdop>6.81829353917339</vdop><pdop>7.68589076778534</pdop><extensions><gpxtpx:TrackPointExtension><gpxtpx:speed>7672.87508315907780</gpxtpx:speed><gpxtpx:course>0.00000000000000</gpxtpx:course></gpxtpx:TrackPointExtension></extensions></trkpt>
      <trkpt lon="-147.37662221826122" lat="-77.26727535922348"><ele>521536.46055870689452</ele><time>2023-01-20T10:13:29.800Z</time><hdop>2.20675016645915</hdop><vdop>5.49684324254073</vdop><pdop>5.92326193327909</pdop><extensions><gpxtpx:TrackPointExtension><gpxtpx:speed>7673.35564652606536</gpxtpx:speed><gpxtpx:course>0.00000000000000</gpxtpx:course></gpxtpx:TrackPointExtension></extensions></trkpt>
      <trkpt lon="-147.39328917013694" lat="-77.26209122121307"><ele>521536.94307861384004</ele><time>2023-01-20T10:13:29.900Z</time><hdop>2.20710150597466</hdop><vdop>5.49640619970515</vdop><pdop>5.92298726740424</pdop><extensions><gpxtpx:TrackPointExtension><gpxtpx:speed>7673.07154549946426</gpxtpx:speed><gpxtpx:course>0.00000000000000</gpxtpx:course></gpxtpx:TrackPointExtension></extensions></trkpt>
      <trkpt lon="-147.40992560635931" lat="-77.25690334661293"><ele>521536.31771372631192</ele><time>2023-01-20T10:13:30.000Z</time><hdop>2.20745332022004</hdop><vdop>5.49596943858332</vdop><pdop>5.92271308023547</pdop><extensions><gpxtpx:TrackPointExtension><gpxtpx:speed>7673.70154126659054</gpxtpx:speed><gpxtpx:course>0.00000000000000</gpxtpx:course></gpxtpx:TrackPointExtension></extensions></trkpt>
      <trkpt lon="-147.42661284875928" lat="-77.25172291540967"><ele>521541.95475797262043</ele><time>2023-01-20T10:13:30.100Z</time><hdop>2.20780378330761</hdop><vdop>5.49553109529813</vdop><pdop>5.92243696167178</pdop><extensions><gpxtpx:TrackPointExtension><gpxtpx:speed>7672.36049125268710</gpxtpx:speed><gpxtpx:course>0.00000000000000</gpxtpx:course></gpxtpx:TrackPointExtension></extensions></trkpt>
      <trkpt lon="-147.44320385805463" lat="-77.24652407843611"><ele>521533.81563639640808</ele><time>2023-01-20T10:13:30.200Z</time><hdop>2.20815715203148</hdop><vdop>5.49509607140388</vdop><pdop>5.92216504684107</pdop><extensions><gpxtpx:TrackPointExtension><gpxtpx:speed>7673.34275529254046</gpxtpx:speed><gpxtpx:course>0.00000000000000</gpxtpx:course></gpxtpx:TrackPointExtension></extensions></trkpt>
      <trkpt lon="-147.45978748232298" lat="-77.24134176245363"><ele>521533.82032134849578</ele><time>2023-01-20T10:13:30.300Z</time><hdop>2.20850838542008</hdop><vdop>5.49465928762880</vdop><pdop>5.92189074330119</pdop><extensions><gpxtpx:TrackPointExtension><gpxtpx:speed>7673.20840901465726</gpxtpx:speed><gpxtpx:course>0.00000000000000</gpxtpx:course></gpxtpx:TrackPointExtension></extensions></trkpt>
      <trkpt lon="-147.47636558894192" lat="-77.23615549159634"><ele>521535.59745017718524</ele><time>2023-01-20T10:13:30.400Z</time><hdop>2.20885981311559</hdop><vdop>5.49422199094706</vdop><pdop>5.92161607669759</pdop><extensions><gpxtpx:TrackPointExtension><gpxtpx:speed>7672.93707118249222</gpxtpx:speed><gpxtpx:course>0.00000000000000</gpxtpx:course></gpxtpx:TrackPointExtension></extensions></trkpt>
      <trkpt lon="-147.49297194762295" lat="-77.23097248831270"><ele>521539.88056086283177</ele><time>2023-01-20T10:13:30.500Z</time><hdop>2.20921062479273</hdop><vdop>5.49378406937544</vdop><pdop>5.92134064090392</pdop><extensions><gpxtpx:TrackPointExtension><gpxtpx:speed>7673.05685262281440</gpxtpx:speed><gpxtpx:course>0.00000000000000</gpxtpx:course></gpxtpx:TrackPointExtension></extensions></trkpt>
      <trkpt lon="-147.50958707235122" lat="-77.22577780676862"><ele>521541.07832485996187</ele><time>2023-01-20T10:13:30.600Z</time><hdop>2.20956265614295</hdop><vdop>5.49334666459512</vdop><pdop>5.92106618007600</pdop><extensions><gpxtpx:TrackPointExtension><gpxtpx:speed>7673.19617272847881</gpxtpx:speed><gpxtpx:course>0.00000000000000</gpxtpx:course></gpxtpx:TrackPointExtension></extensions></trkpt>
      <trkpt lon="-147.52612386613964" lat="-77.22057061661424"><ele>521534.32873506098986</ele><time>2023-01-20T10:13:30.700Z</time><hdop>2.20991655854296</hdop><vdop>5.49291118004206</vdop><pdop>5.92079423958926</pdop><extensions><gpxtpx:TrackPointExtension><gpxtpx:speed>7673.38338387285603</gpxtpx:speed><gpxtpx:course>0.00000000000000</gpxtpx:course></gpxtpx:TrackPointExtension></extensions></trkpt>
      <trkpt lon="-147.54267594896768" lat="-77.21537354691472"><ele>521534.26630962174386</ele><time>2023-01-20T10:13:30.800Z</time><hdop>2.21026895950678</hdop><vdop>5.49247414389567</vdop><pdop>5.92052033986217</pdop><extensions><gpxtpx:TrackPointExtension><gpxtpx:speed>7673.42139150833464</gpxtpx:speed><gpxtpx:course>0.00000000000000</gpxtpx:course></gpxtpx:TrackPointExtension></extensions></trkpt>
      <trkpt lon="-147.55921506993428" lat="-77.21020174022203"><ele>521541.28816479351372</ele><time>2023-01-20T10:13:30.900Z</time><hdop>2.21061850264346</hdop><vdop>5.49203581013395</vdop><pdop>5.92024420982980</pdop><extensions><gpxtpx:TrackPointExtension><gpxtpx:speed>7672.81296520733486</gpxtpx:speed><gpxtpx:course>0.00000000000000</gpxtpx:course></gpxtpx:TrackPointExtension></extensions></trkpt>
      <trkpt lon="-147.57574787159160" lat="-77.20500520237890"><ele>521542.67988907825202</ele><time>2023-01-20T10:13:31.000Z</time><hdop>2.21097073485553</hdop><vdop>5.49159846510903</vdop><pdop>5.91997004150996</pdop><extensions><gpxtpx:TrackPointExtension><gpxtpx:speed>7673.75174502757000</gpxtpx:speed><gpxtpx:course>0.00000000000000</gpxtpx:course></gpxtpx:TrackPointExtension></extensions></trkpt>
      <trkpt lon="-147.59219581388510" lat="-77.19979806885443"><ele>521536.61181714199483</ele><time>2023-01-20T10:13:31.100Z</time><hdop>2.21132463218589</hdop><vdop>5.49116292110479</vdop><pdop>5.91969820641460</pdop><extensions><gpxtpx:TrackPointExtension><gpxtpx:speed>7672.60192696804461</gpxtpx:speed><gpxtpx:course>0.00000000000000</gpxtpx:course></gpxtpx:TrackPointExtension></extensions></trkpt>
      <trkpt lon="-147.60869734511252" lat="-77.19458570959827"><ele>521533.75722567550838</ele><time>2023-01-20T10:13:31.200Z</time><hdop>2.21167854563327</hdop><vdop>5.49072634658355</vdop><pdop>5.91942546217800</pdop><extensions><gpxtpx:TrackPointExtension><gpxtpx:speed>7673.64504221703100</gpxtpx:speed><gpxtpx:course>0.00000000000000</gpxtpx:course></gpxtpx:TrackPointExtension></extensions></trkpt>
      <trkpt lon="-147.62517133582710" lat="-77.18940124924157"><ele>521537.82942007295787</ele><time>2023-01-20T10:13:31.300Z</time><hdop>2.21202949017927</hdop><vdop>5.49028863403711</vdop><pdop>5.91915059366290</pdop><extensions><gpxtpx:TrackPointExtension><gpxtpx:speed>7673.19988833008847</gpxtpx:speed><gpxtpx:course>0.00000000000000</gpxtpx:course></gpxtpx:TrackPointExtension></extensions></trkpt>
      <trkpt lon="-147.64167308786423" lat="-77.18421950179963"><ele>521539.94753006286919</ele><time>2023-01-20T10:13:31.400Z</time><hdop>2.21238010204602</hdop><vdop>5.48985134658050</vdop><pdop>5.91887603548857</pdop><extensions><gpxtpx:TrackPointExtension><gpxtpx:speed>7673.08253606603921</gpxtpx:speed><gpxtpx:course>0.00000000000000</gpxtpx:course></gpxtpx:TrackPointExtension></extensions></trkpt>
      <trkpt lon="-147.65817534502966" lat="-77.17900652744369"><ele>521539.89163184724748</ele><time>2023-01-20T10:13:31.500Z</time><hdop>2.21273374704605</hdop><vdop>5.48941403117788</vdop><pdop>5.91860262570558</pdop><extensions><gpxtpx:TrackPointExtension><gpxtpx:speed>7673.26346535947414</gpxtpx:speed><gpxtpx:course>0.00000000000000</gpxtpx:course></gpxtpx:TrackPointExtension></extensions></trkpt>
      <trkpt lon="-147.67457969503533" lat="-77.17379688210626"><ele>521537.89893469400704</ele><time>2023-01-20T10:13:31.600Z</time><hdop>2.21308746646843</hdop><vdop>5.48897746907268</vdop><pdop>5.91832998321546</pdop><extensions><gpxtpx:TrackPointExtension><gpxtpx:speed>7673.27372064459905</gpxtpx:speed><gpxtpx:course>0.00000000000000</gpxtpx:course></gpxtpx:TrackPointExtension></extensions></trkpt>
      <trkpt lon="-147.69097642260215" lat="-77.16857983447913"><ele>521532.26179832220078</ele><time>2023-01-20T10:13:31.700Z</time><hdop>2.21344206179642</hdop><vdop>5.48854165326846</vdop><pdop>5.91805840124888</pdop><extensions><gpxtpx:TrackPointExtension><gpxtpx:speed>7673.00289484785390</gpxtpx:speed><gpxtpx:course>0.00000000000000</gpxtpx:course></gpxtpx:TrackPointExtension></extensions></trkpt>
      <trkpt lon="-147.70741975264531" lat="-77.16338506020382"><ele>521535.06973132397979</ele><time>2023-01-20T10:13:31.800Z</time><hdop>2.21379378364531</hdop><vdop>5.48810402052761</vdop><pdop>5.91778410020490</pdop><extensions><gpxtpx:TrackPointExtension><gpxtpx:speed>7672.94143477575471</gpxtpx:speed><gpxtpx:course>0.00000000000000</gpxtpx:course></gpxtpx:TrackPointExtension></extensions></trkpt>
      <trkpt lon="-147.72383275828867" lat="-77.15819574050293"><ele>521540.22143892757595</ele><time>2023-01-20T10:13:31.900Z</time><hdop>2.21414495479639</hdop><vdop>5.48766601008739</vdop><pdop>5.91750928339946</pdop><extensions><gpxtpx:TrackPointExtension><gpxtpx:speed>7673.27850642228532</gpxtpx:speed><gpxtpx:course>0.00000000000000</gpxtpx:course></gpxtpx:TrackPointExtension></extensions></trkpt>
      <trkpt lon="-147.74022578973305" lat="-77.15298233524540"><ele>521535.73229109402746</ele><time>2023-01-20T10:13:32.000Z</time><hdop>2.21449893001007</hdop><vdop>5.48722991567748</vdop><pdop>5.91723733329344</pdop><extensions><gpxtpx:TrackPointExtension><gpxtpx:speed>7673.21767318661296</gpxtpx:speed><gpxtpx:course>0.00000000000000</gpxtpx:course></gpxtpx:TrackPointExtension></extensions></trkpt>
      <trkpt lon="-147.75661518760265" lat="-77.14775414495732"><ele>521534.26661662757397</ele><time>2023-01-20T10:13:32.100Z</time><hdop>2.21485407475776</hdop><vdop>5.48679282904589</vdop><pdop>5.91696494170284</pdop><extensions><gpxtpx:TrackPointExtension><gpxtpx:speed>7673.28487515669167</gpxtpx:speed><gpxtpx:course>0.00000000000000</gpxtpx:course></gpxtpx:TrackPointExtension></extensions></trkpt>
      <trkpt lon="-147.77294392224118" lat="-77.14254876065878"><ele>521532.22575104795396</ele><time>2023-01-20T10:13:32.200Z</time><hdop>2.21520727612318</hdop><vdop>5.48635641821882</vdop><pdop>5.91669249022796</pdop><extensions><gpxtpx:TrackPointExtension><gpxtpx:speed>7673.47881755911476</gpxtpx:speed><gpxtpx:course>0.00000000000000</gpxtpx:course></gpxtpx:TrackPointExtension></extensions></trkpt>
      <trkpt lon="-147.78932655557480" lat="-77.13735283651440"><ele>521537.33208609186113</ele><time>2023-01-20T10:13:32.300Z</time><hdop>2.21555887345775</hdop><vdop>5.48591825310151</vdop><pdop>5.91641785216947</pdop><extensions><gpxtpx:TrackPointExtension><gpxtpx:speed>7673.31907877133472</gpxtpx:speed><gpxtpx:course>0.00000000000000</gpxtpx:course></gpxtpx:TrackPointExtension></extensions></trkpt>
      <trkpt lon="-147.80569294836380" lat="-77.13215704199698"><ele>521539.11878658737987</ele><time>2023-01-20T10:13:32.400Z</time><hdop>2.21591064062787</hdop><vdop>5.48548093266702</vdop><pdop>5.91614410151589</pdop><extensions><gpxtpx:TrackPointExtension><gpxtpx:speed>7672.95652349416287</gpxtpx:speed><gpxtpx:course>0.00000000000000</gpxtpx:course></gpxtpx:TrackPointExtension></extensions></trkpt>
      <trkpt lon="-147.82198188695554" lat="-77.12694053779933"><ele>521537.95656824298203</ele><time>2023-01-20T10:13:32.500Z</time><hdop>2.21626479494297</hdop><vdop>5.48504415056319</vdop><pdop>5.91587178486240</pdop><extensions><gpxtpx:TrackPointExtension><gpxtpx:speed>7673.21192958431948</gpxtpx:speed><gpxtpx:course>0.00000000000000</gpxtpx:course></gpxtpx:TrackPointExtension></extensions></trkpt>
      <trkpt lon="-147.83829319431862" lat="-77.12177527586465"><ele>521548.04298179876059</ele><time>2023-01-20T10:13:32.600Z</time><hdop>2.21661322582065</hdop><vdop>5.48460542166249</vdop><pdop>5.91559555955379</pdop><extensions><gpxtpx:TrackPointExtension><gpxtpx:speed>7673.46302700924480</gpxtpx:speed><gpxtpx:course>0.00000000000000</gpxtpx:course></gpxtpx:TrackPointExtension></extensions></trkpt>
      <trkpt lon="-147.85461218447040" lat="-77.11653492967488"><ele>521543.62381491810083</ele><time>2023-01-20T10:13:32.700Z</time><hdop>2.21696962495531</hdop><vdop>5.48416892114705</vdop><pdop>5.91532442674530</pdop><extensions><gpxtpx:TrackPointExtension><gpxtpx:speed>7673.45141197682551</gpxtpx:speed><gpxtpx:course>0.00000000000000</gpxtpx:course></gpxtpx:TrackPointExtension></extensions></trkpt>
      <trkpt lon="-147.87090500978519" lat="-77.11129621271678"><ele>521535.68504398409277</ele><time>2023-01-20T10:13:32.800Z</time><hdop>2.21732605859014</hdop><vdop>5.48373335614022</vdop><pdop>5.91505421541914</pdop><extensions><gpxtpx:TrackPointExtension><gpxtpx:speed>7673.55133514973659</gpxtpx:speed><gpxtpx:course>0.00000000000000</gpxtpx:course></gpxtpx:TrackPointExtension></extensions></trkpt>
      <trkpt lon="-147.88718232028288" lat="-77.10608402143589"><ele>521534.77488060388714</ele><time>2023-01-20T10:13:32.900Z</time><hdop>2.21767952568029</hdop><vdop>5.48329651878584</vdop><pdop>5.91478175350118</pdop><extensions><gpxtpx:TrackPointExtension><gpxtpx:speed>7672.93725131236988</gpxtpx:speed><gpxtpx:course>0.00000000000000</gpxtpx:course></gpxtpx:TrackPointExtension></extensions></trkpt>
      <trkpt lon="-147.90343730473464" lat="-77.10087944804066"><ele>521542.26249711401761</ele><time>2023-01-20T10:13:33.000Z</time><hdop>2.21803184004782</hdop><vdop>5.48285783445350</vdop><pdop>5.91450718794846</pdop><extensions><gpxtpx:TrackPointExtension><gpxtpx:speed>7672.92128814062289</gpxtpx:speed><gpxtpx:course>0.00000000000000</gpxtpx:course></gpxtpx:TrackPointExtension></extensions></trkpt>
      <trkpt lon="-147.91969120550269" lat="-77.09565343596581"><ele>521540.52324043586850</ele><time>2023-01-20T10:13:33.100Z</time><hdop>2.21838661928930</hdop><vdop>5.48242098366179</vdop><pdop>5.91423528740081</pdop><extensions><gpxtpx:TrackPointExtension><gpxtpx:speed>7673.67818274452020</gpxtpx:speed><gpxtpx:course>0.00000000000000</gpxtpx:course></gpxtpx:TrackPointExtension></extensions></trkpt>
      <trkpt lon="-147.93595252639972" lat="-77.09045258145494"><ele>521540.43714506551623</ele><time>2023-01-20T10:13:33.200Z</time><hdop>2.21873882517423</hdop><vdop>5.48198413051363</vdop><pdop>5.91396246027474</pdop><extensions><gpxtpx:TrackPointExtension><gpxtpx:speed>7673.31384146504206</gpxtpx:speed><gpxtpx:course>0.00000000000000</gpxtpx:course></gpxtpx:TrackPointExtension></extensions></trkpt>
      <trkpt lon="-147.95221596223269" lat="-77.08521011085456"><ele>521537.63453418482095</ele><time>2023-01-20T10:13:33.300Z</time><hdop>2.21909516048398</hdop><vdop>5.48154724382348</vdop><pdop>5.91369119227173</pdop><extensions><gpxtpx:TrackPointExtension><gpxtpx:speed>7673.10056463832552</gpxtpx:speed><gpxtpx:course>0.00000000000000</gpxtpx:course></gpxtpx:TrackPointExtension></extensions></trkpt>
      <trkpt lon="-147.96835658018489" lat="-77.07999953956802"><ele>521533.17805900424719</ele><time>2023-01-20T10:13:33.400Z</time><hdop>2.21944883156176</hdop><vdop>5.48111152062090</vdop><pdop>5.91342004405268</pdop><extensions><gpxtpx:TrackPointExtension><gpxtpx:speed>7672.81715122067726</gpxtpx:speed><gpxtpx:course>0.00000000000000</gpxtpx:course></gpxtpx:TrackPointExtension></extensions></trkpt>
      <trkpt lon="-147.98459261639641" lat="-77.07476539311874"><ele>521529.06741008814424</ele><time>2023-01-20T10:13:33.500Z</time><hdop>2.21980434857466</hdop><vdop>5.48067507914159</vdop><pdop>5.91314896388334</pdop><extensions><gpxtpx:TrackPointExtension><gpxtpx:speed>7672.85824569206670</gpxtpx:speed><gpxtpx:course>0.00000000000000</gpxtpx:course></gpxtpx:TrackPointExtension></extensions></trkpt>
      <trkpt lon="-148.00080991290733" lat="-77.06955393450542"><ele>521537.79337674658746</ele><time>2023-01-20T10:13:33.600Z</time><hdop>2.22015690704287</hdop><vdop>5.48023590270207</vdop><pdop>5.91287427916025</pdop><extensions><gpxtpx:TrackPointExtension><gpxtpx:speed>7673.26945990634158</gpxtpx:speed><gpxtpx:course>0.00000000000000</gpxtpx:course></gpxtpx:TrackPointExtension></extensions></trkpt>
      <trkpt lon="-148.01694760607629" lat="-77.06434027810776"><ele>521540.16434729658067</ele><time>2023-01-20T10:13:33.700Z</time><hdop>2.22051038836193</hdop><vdop>5.47979850279909</vdop><pdop>5.91260162839527</pdop><extensions><gpxtpx:TrackPointExtension><gpxtpx:speed>7672.92881137732002</gpxtpx:speed><gpxtpx:course>0.00000000000000</gpxtpx:course></gpxtpx:TrackPointExtension></extensions></trkpt>
      <trkpt lon="-148.03312079636791" lat="-77.05910048485610"><ele>521532.17044016905129</ele><time>2023-01-20T10:13:33.800Z</time><hdop>2.22086666448080</hdop><vdop>5.47936297368409</vdop><pdop>5.91233180215575</pdop><extensions><gpxtpx:TrackPointExtension><gpxtpx:speed>7673.53374070746577</gpxtpx:speed><gpxtpx:course>0.00000000000000</gpxtpx:course></gpxtpx:TrackPointExtension></extensions></trkpt>
      <trkpt lon="-148.04930305943142" lat="-77.05388963996745"><ele>521536.30910471361130</ele><time>2023-01-20T10:13:33.900Z</time><hdop>2.22121940513689</hdop><vdop>5.47892498420528</vdop><pdop>5.91205840873595</pdop><extensions><gpxtpx:TrackPointExtension><gpxtpx:speed>7672.86833918329921</gpxtpx:speed><gpxtpx:course>0.00000000000000</gpxtpx:course></gpxtpx:TrackPointExtension></extensions></trkpt>
      <trkpt lon="-148.06549098279666" lat="-77.04868313591119"><ele>521544.29351880680770</ele><time>2023-01-20T10:13:34.000Z</time><hdop>2.22157145318760</hdop><vdop>5.47848611449767</vdop><pdop>5.91178398018414</pdop><extensions><gpxtpx:TrackPointExtension><gpxtpx:speed>7672.57787035590809</gpxtpx:speed><gpxtpx:course>0.00000000000000</gpxtpx:course></gpxtpx:TrackPointExtension></extensions></trkpt>
      <trkpt lon="-148.08156364624244" lat="-77.04343504441624"><ele>521534.94467779248953</ele><time>2023-01-20T10:13:34.100Z</time><hdop>2.22192884269394</hdop><vdop>5.47805101274008</vdop><pdop>5.91151509176606</pdop><extensions><gpxtpx:TrackPointExtension><gpxtpx:speed>7673.09767194603319</gpxtpx:speed><gpxtpx:course>0.00000000000000</gpxtpx:course></gpxtpx:TrackPointExtension></extensions></trkpt>
      <trkpt lon="-148.09767077550183" lat="-77.03821958396078"><ele>521536.60816541966051</ele><time>2023-01-20T10:13:34.200Z</time><hdop>2.22228222129638</hdop><vdop>5.47761365295667</vdop><pdop>5.91124264449932</pdop><extensions><gpxtpx:TrackPointExtension><gpxtpx:speed>7673.29029676010396</gpxtpx:speed><gpxtpx:course>0.00000000000000</gpxtpx:course></gpxtpx:TrackPointExtension></extensions></trkpt>
      <trkpt lon="-148.11375105449480" lat="-77.03298829290610"><ele>521538.75797075778246</ele><time>2023-01-20T10:13:34.300Z</time><hdop>2.22263712468709</hdop><vdop>5.47717595438692</vdop><pdop>5.91097049758765</pdop><extensions><gpxtpx:TrackPointExtension><gpxtpx:speed>7673.25741030254903</gpxtpx:speed><gpxtpx:course>0.00000000000000</gpxtpx:course></gpxtpx:TrackPointExtension></extensions></trkpt>
      <trkpt lon="-148.12986547722832" lat="-77.02775331941038"><ele>521537.75988946761936</ele><time>2023-01-20T10:13:34.400Z</time><hdop>2.22299237872670</hdop><vdop>5.47673886518228</vdop><pdop>5.91069908837145</pdop><extensions><gpxtpx:TrackPointExtension><gpxtpx:speed>7673.15062435807340</gpxtpx:speed><gpxtpx:course>0.00000000000000</gpxtpx:course></gpxtpx:TrackPointExtension></extensions></trkpt>
      <trkpt lon="-148.14593520973585" lat="-77.02252193435220"><ele>521536.56157452985644</ele><time>2023-01-20T10:13:34.500Z</time><hdop>2.22334738102929</hdop><vdop>5.47630196681085</vdop><pdop>5.91042780248826</pdop><extensions><gpxtpx:TrackPointExtension><gpxtpx:speed>7673.61078427249595</gpxtpx:speed><gpxtpx:course>0.00000000000000</gpxtpx:course></gpxtpx:TrackPointExtension></extensions></trkpt>
      <trkpt lon="-148.16201662434949" lat="-77.01730607492000"><ele>521541.83485747873783</ele><time>2023-01-20T10:13:34.600Z</time><hdop>2.22370046706744</hdop><vdop>5.47586373274615</vdop><pdop>5.91015459923347</pdop><extensions><gpxtpx:TrackPointExtension><gpxtpx:speed>7673.36168373517467</gpxtpx:speed><gpxtpx:course>0.00000000000000</gpxtpx:course></gpxtpx:TrackPointExtension></extensions></trkpt>
      <trkpt lon="-148.17805524303446" lat="-77.01206927242582"><ele>521538.77285494841635</ele><time>2023-01-20T10:13:34.700Z</time><hdop>2.22405610681493</hdop><vdop>5.47542724427368</vdop><pdop>5.90988401524051</pdop><extensions><gpxtpx:TrackPointExtension><gpxtpx:speed>7672.96261432423944</gpxtpx:speed><gpxtpx:course>0.00000000000000</gpxtpx:course></gpxtpx:TrackPointExtension></extensions></trkpt>
      <trkpt lon="-148.19412140950053" lat="-77.00682551659609"><ele>521537.23724652640522</ele><time>2023-01-20T10:13:34.800Z</time><hdop>2.22441216664787</hdop><vdop>5.47499018063423</vdop><pdop>5.90961309775626</pdop><extensions><gpxtpx:TrackPointExtension><gpxtpx:speed>7672.78828660002000</gpxtpx:speed><gpxtpx:course>0.00000000000000</gpxtpx:course></gpxtpx:TrackPointExtension></extensions></trkpt>
      <trkpt lon="-148.21013358506951" lat="-77.00159006074922"><ele>521536.13835750427097</ele><time>2023-01-20T10:13:34.900Z</time><hdop>2.22476750809044</hdop><vdop>5.47455325796998</vdop><pdop>5.90934208177228</pdop><extensions><gpxtpx:TrackPointExtension><gpxtpx:speed>7673.36562682163549</gpxtpx:speed><gpxtpx:course>0.00000000000000</gpxtpx:course></gpxtpx:TrackPointExtension></extensions></trkpt>
      <trkpt lon="-148.22616005525822" lat="-76.99637195929368"><ele>521540.11598917189986</ele><time>2023-01-20T10:13:35.000Z</time><hdop>2.22512078758665</hdop><vdop>5.47411534075584</vdop><pdop>5.90906940924277</pdop><extensions><gpxtpx:TrackPointExtension><gpxtpx:speed>7673.47775209230167</gpxtpx:speed><gpxtpx:course>0.00000000000000</gpxtpx:course></gpxtpx:TrackPointExtension></extensions></trkpt>
      <trkpt lon="-148.24212578422237" lat="-76.99113920032555"><ele>521540.30960982944816</ele><time>2023-01-20T10:13:35.100Z</time><hdop>2.22547586839175</hdop><vdop>5.47367824255899</vdop><pdop>5.90879821485365</pdop><extensions><gpxtpx:TrackPointExtension><gpxtpx:speed>7673.00863629390187</gpxtpx:speed><gpxtpx:course>0.00000000000000</gpxtpx:course></gpxtpx:TrackPointExtension></extensions></trkpt>
      <trkpt lon="-148.25814817058571" lat="-76.98589180429352"><ele>521536.92841640859842</ele><time>2023-01-20T10:13:35.200Z</time><hdop>2.22583228058373</hdop><vdop>5.47324159716201</vdop><pdop>5.90852798268681</pdop><extensions><gpxtpx:TrackPointExtension><gpxtpx:speed>7673.29280417516020</gpxtpx:speed><gpxtpx:course>0.00000000000000</gpxtpx:course></gpxtpx:TrackPointExtension></extensions></trkpt>
      <trkpt lon="-148.27413028528156" lat="-76.98065288270493"><ele>521537.51117793750018</ele><time>2023-01-20T10:13:35.300Z</time><hdop>2.22618769651236</hdop><vdop>5.47280418160280</vdop><pdop>5.90825670314621</pdop><extensions><gpxtpx:TrackPointExtension><gpxtpx:speed>7673.35711508228633</gpxtpx:speed><gpxtpx:course>0.00000000000000</gpxtpx:course></gpxtpx:TrackPointExtension></extensions></trkpt>
      <trkpt lon="-148.29009437277210" lat="-76.97541115764157"><ele>521535.62474069092423</ele><time>2023-01-20T10:13:35.400Z</time><hdop>2.22654358272395</hdop><vdop>5.47236740249375</vdop><pdop>5.90798623167365</pdop><extensions><gpxtpx:TrackPointExtension><gpxtpx:speed>7673.10347489049036</gpxtpx:speed><gpxtpx:course>0.00000000000000</gpxtpx:course></gpxtpx:TrackPointExtension></extensions></trkpt>
      <trkpt lon="-148.30608858436767" lat="-76.97017145628868"><ele>521536.50046744663268</ele><time>2023-01-20T10:13:35.500Z</time><hdop>2.22689887262811</hdop><vdop>5.47192983576670</vdop><pdop>5.90771484725407</pdop><extensions><gpxtpx:TrackPointExtension><gpxtpx:speed>7673.41818604188848</gpxtpx:speed><gpxtpx:course>0.00000000000000</gpxtpx:course></gpxtpx:TrackPointExtension></extensions></trkpt>
      <trkpt lon="-148.32202062131694" lat="-76.96493881961366"><ele>521538.59780740737915</ele><time>2023-01-20T10:13:35.600Z</time><hdop>2.22725363711859</hdop><vdop>5.47149227531262</vdop><pdop>5.90744331186205</pdop><extensions><gpxtpx:TrackPointExtension><gpxtpx:speed>7672.79850562004503</gpxtpx:speed><gpxtpx:course>0.00000000000000</gpxtpx:course></gpxtpx:TrackPointExtension></extensions></trkpt>
      <trkpt lon="-148.33793013640988" lat="-76.95970041602827"><ele>521539.42895140219480</ele><time>2023-01-20T10:13:35.700Z</time><hdop>2.22760903292907</hdop><vdop>5.47105493712677</vdop><pdop>5.90717226163639</pdop><extensions><gpxtpx:TrackPointExtension><gpxtpx:speed>7673.52006058197640</gpxtpx:speed><gpxtpx:course>0.00000000000000</gpxtpx:course></gpxtpx:TrackPointExtension></extensions></trkpt>
      <trkpt lon="-148.35383419986258" lat="-76.95446781358601"><ele>521542.10663514770567</ele><time>2023-01-20T10:13:35.800Z</time><hdop>2.22796368648847</hdop><vdop>5.47061722765045</vdop><pdop>5.90690062890660</pdop><extensions><gpxtpx:TrackPointExtension><gpxtpx:speed>7672.90476341478006</gpxtpx:speed><gpxtpx:course>0.00000000000000</gpxtpx:course></gpxtpx:TrackPointExtension></extensions></trkpt>
      <trkpt lon="-148.36979133800170" lat="-76.94921857750587"><ele>521540.07363206706941</ele><time>2023-01-20T10:13:35.900Z</time><hdop>2.22831995278430</hdop><vdop>5.47018023657669</vdop><pdop>5.90663031115126</pdop><extensions><gpxtpx:TrackPointExtension><gpxtpx:speed>7673.16380171467154</gpxtpx:speed><gpxtpx:course>0.00000000000000</gpxtpx:course></gpxtpx:TrackPointExtension></extensions></trkpt>
      <trkpt lon="-148.38567026231837" lat="-76.94398759937393"><ele>521542.68728206586093</ele><time>2023-01-20T10:13:36.000Z</time><hdop>2.22867441443320</hdop><vdop>5.46974260229167</vdop><pdop>5.90635875822605</pdop><extensions><gpxtpx:TrackPointExtension><gpxtpx:speed>7673.61028195583731</gpxtpx:speed><gpxtpx:course>0.00000000000000</gpxtpx:course></gpxtpx:TrackPointExtension></extensions></trkpt>
      <trkpt lon="-148.40154396572348" lat="-76.93873667799815"><ele>521540.99557340890169</ele><time>2023-01-20T10:13:36.100Z</time><hdop>2.22903104444389</hdop><vdop>5.46930568197312</vdop><pdop>5.90608872604858</pdop><extensions><gpxtpx:TrackPointExtension><gpxtpx:speed>7673.39604876619433</gpxtpx:speed><gpxtpx:course>0.00000000000000</gpxtpx:course></gpxtpx:TrackPointExtension></extensions></trkpt>
      <trkpt lon="-148.41739699736533" lat="-76.93349159856393"><ele>521542.00261931307614</ele><time>2023-01-20T10:13:36.200Z</time><hdop>2.22938693623670</hdop><vdop>5.46886822940851</vdop><pdop>5.90581796384689</pdop><extensions><gpxtpx:TrackPointExtension><gpxtpx:speed>7673.32186374127377</gpxtpx:speed><gpxtpx:course>0.00000000000000</gpxtpx:course></gpxtpx:TrackPointExtension></extensions></trkpt>
      <trkpt lon="-148.43321612957945" lat="-76.92822346688628"><ele>521533.39270454924554</ele><time>2023-01-20T10:13:36.300Z</time><hdop>2.22974565079741</hdop><vdop>5.46843276712195</vdop><pdop>5.90555015183031</pdop><extensions><gpxtpx:TrackPointExtension><gpxtpx:speed>7673.60336635651038</gpxtpx:speed><gpxtpx:course>0.00000000000000</gpxtpx:course></gpxtpx:TrackPointExtension></extensions></trkpt>
      <trkpt lon="-148.44907576724347" lat="-76.92298844762591"><ele>521539.61441440880299</ele><time>2023-01-20T10:13:36.400Z</time><hdop>2.23010009041840</hdop><vdop>5.46799414792404</vdop><pdop>5.90527784401511</pdop><extensions><gpxtpx:TrackPointExtension><gpxtpx:speed>7673.23750819210272</gpxtpx:speed><gpxtpx:course>0.00000000000000</gpxtpx:course></gpxtpx:TrackPointExtension></extensions></trkpt>
      <trkpt lon="-148.46496800739996" lat="-76.91776018836663"><ele>521545.94100351817906</ele><time>2023-01-20T10:13:36.500Z</time><hdop>2.23045368751808</hdop><vdop>5.46755552588394</vdop><pdop>5.90500525662653</pdop><extensions><gpxtpx:TrackPointExtension><gpxtpx:speed>7673.22294611705183</gpxtpx:speed><gpxtpx:course>0.00000000000000</gpxtpx:course></gpxtpx:TrackPointExtension></extensions></trkpt>
      <trkpt lon="-148.48076651784635" lat="-76.91250186431927"><ele>521543.07619232963771</ele><time>2023-01-20T10:13:36.600Z</time><hdop>2.23081107851109</hdop><vdop>5.46711888411016</vdop><pdop>5.90473597724756</pdop><extensions><gpxtpx:TrackPointExtension><gpxtpx:speed>7673.40029159017831</gpxtpx:speed><gpxtpx:course>0.00000000000000</gpxtpx:course></gpxtpx:TrackPointExtension></extensions></trkpt>
      <trkpt lon="-148.49656072437136" lat="-76.90722743578830"><ele>521531.72479033097625</ele><time>2023-01-20T10:13:36.700Z</time><hdop>2.23117038344290</hdop><vdop>5.46668396039871</vdop><pdop>5.90446905342329</pdop><extensions><gpxtpx:TrackPointExtension><gpxtpx:speed>7673.46017116354778</gpxtpx:speed><gpxtpx:course>0.00000000000000</gpxtpx:course></gpxtpx:TrackPointExtension></extensions></trkpt>
      <trkpt lon="-148.51235970533710" lat="-76.90200290490900"><ele>521543.20374844688922</ele><time>2023-01-20T10:13:36.800Z</time><hdop>2.23152345567561</hdop><vdop>5.46624430935399</vdop><pdop>5.90419543907342</pdop><extensions><gpxtpx:TrackPointExtension><gpxtpx:speed>7673.37160796894659</gpxtpx:speed><gpxtpx:course>0.00000000000000</gpxtpx:course></gpxtpx:TrackPointExtension></extensions></trkpt>
      <trkpt lon="-148.52821114530960" lat="-76.89675852213033"><ele>521546.39309176523238</ele><time>2023-01-20T10:13:36.900Z</time><hdop>2.23187872576172</hdop><vdop>5.46580623310194</vdop><pdop>5.90392415468930</pdop><extensions><gpxtpx:TrackPointExtension><gpxtpx:speed>7673.56833926201398</gpxtpx:speed><gpxtpx:course>0.00000000000000</gpxtpx:course></gpxtpx:TrackPointExtension></extensions></trkpt>
      <trkpt lon="-148.54397182995046" lat="-76.89150706432268"><ele>521548.28555781580508</ele><time>2023-01-20T10:13:37.000Z</time><hdop>2.23223498413516</hdop><vdop>5.46536851750246</vdop><pdop>5.90365361928560</pdop><extensions><gpxtpx:TrackPointExtension><gpxtpx:speed>7673.25439985878893</gpxtpx:speed><gpxtpx:course>0.00000000000000</gpxtpx:course></gpxtpx:TrackPointExtension></extensions></trkpt>
      <trkpt lon="-148.55969916665981" lat="-76.88624971284300"><ele>521546.89460730273277</ele><time>2023-01-20T10:13:37.100Z</time><hdop>2.23259206645428</hdop><vdop>5.46493157002099</vdop><pdop>5.90338414811425</pdop><extensions><gpxtpx:TrackPointExtension><gpxtpx:speed>7673.75763874763197</gpxtpx:speed><gpxtpx:course>0.00000000000000</gpxtpx:course></gpxtpx:TrackPointExtension></extensions></trkpt>
      <trkpt lon="-148.57544874483173" lat="-76.88099832774118"><ele>521548.93941757734865</ele><time>2023-01-20T10:13:37.200Z</time><hdop>2.23294824750626</hdop><vdop>5.46449383415039</vdop><pdop>5.90311364785644</pdop><extensions><gpxtpx:TrackPointExtension><gpxtpx:speed>7673.21582127726015</gpxtpx:speed><gpxtpx:course>0.00000000000000</gpxtpx:course></gpxtpx:TrackPointExtension></extensions></trkpt>
      <trkpt lon="-148.59115250470148" lat="-76.87573513160625"><ele>521544.25625660177320</ele><time>2023-01-20T10:13:37.300Z</time><hdop>2.23330604386835</hdop><vdop>5.46405759755900</vdop><pdop>5.90284518812929</pdop><extensions><gpxtpx:TrackPointExtension><gpxtpx:speed>7673.40707011308677</gpxtpx:speed><gpxtpx:course>0.00000000000000</gpxtpx:course></gpxtpx:TrackPointExtension></extensions></trkpt>
      <trkpt lon="-148.60687925377192" lat="-76.87047678933162"><ele>521542.35314005613327</ele><time>2023-01-20T10:13:37.400Z</time><hdop>2.23366303379690</hdop><vdop>5.46362068099946</vdop><pdop>5.90257583554805</pdop><extensions><gpxtpx:TrackPointExtension><gpxtpx:speed>7672.97314832521261</gpxtpx:speed><gpxtpx:course>0.00000000000000</gpxtpx:course></gpxtpx:TrackPointExtension></extensions></trkpt>
      <trkpt lon="-148.62262713089052" lat="-76.86521005335820"><ele>521538.85366159584373</ele><time>2023-01-20T10:13:37.500Z</time><hdop>2.23402078834328</hdop><vdop>5.46318394091040</vdop><pdop>5.90230697735819</pdop><extensions><gpxtpx:TrackPointExtension><gpxtpx:speed>7673.36940581504041</gpxtpx:speed><gpxtpx:course>0.00000000000000</gpxtpx:course></gpxtpx:TrackPointExtension></extensions></trkpt>
      <trkpt lon="-148.63832105353148" lat="-76.85995525727834"><ele>521540.71862307935953</ele><time>2023-01-20T10:13:37.600Z</time><hdop>2.23437719998059</hdop><vdop>5.46274620455568</vdop><pdop>5.90203673041609</pdop><extensions><gpxtpx:TrackPointExtension><gpxtpx:speed>7673.24565616491782</gpxtpx:speed><gpxtpx:course>0.00000000000000</gpxtpx:course></gpxtpx:TrackPointExtension></extensions></trkpt>
      <trkpt lon="-148.65407130894027" lat="-76.85471372649062"><ele>521550.60607441049069</ele><time>2023-01-20T10:13:37.700Z</time><hdop>2.23473163403054</hdop><vdop>5.46230664374585</vdop><pdop>5.90176408766454</pdop><extensions><gpxtpx:TrackPointExtension><gpxtpx:speed>7673.42005310001423</gpxtpx:speed><gpxtpx:course>0.00000000000000</gpxtpx:course></gpxtpx:TrackPointExtension></extensions></trkpt>
      <trkpt lon="-148.66967216173038" lat="-76.84943468236568"><ele>521540.99291692767292</ele><time>2023-01-20T10:13:37.800Z</time><hdop>2.23509134729952</hdop><vdop>5.46187152797851</vdop><pdop>5.90149759967040</pdop><extensions><gpxtpx:TrackPointExtension><gpxtpx:speed>7672.71212963351445</gpxtpx:speed><gpxtpx:course>0.00000000000000</gpxtpx:course></gpxtpx:TrackPointExtension></extensions></trkpt>
      <trkpt lon="-148.68529571507185" lat="-76.84417745853378"><ele>521540.93528140429407</ele><time>2023-01-20T10:13:37.900Z</time><hdop>2.23544818610966</hdop><vdop>5.46143433393259</vdop><pdop>5.90122814138199</pdop><extensions><gpxtpx:TrackPointExtension><gpxtpx:speed>7673.08562871926551</gpxtpx:speed><gpxtpx:course>0.00000000000000</gpxtpx:course></gpxtpx:TrackPointExtension></extensions></trkpt>
      <trkpt lon="-148.70097177799329" lat="-76.83890877196333"><ele>521537.06105255894363</ele><time>2023-01-20T10:13:38.000Z</time><hdop>2.23580610820835</hdop><vdop>5.46099774709040</vdop><pdop>5.90095969713640</pdop><extensions><gpxtpx:TrackPointExtension><gpxtpx:speed>7673.25251508673136</gpxtpx:speed><gpxtpx:course>0.00000000000000</gpxtpx:course></gpxtpx:TrackPointExtension></extensions></trkpt>
      <trkpt lon="-148.71664442768940" lat="-76.83364567100232"><ele>521537.59661842975765</ele><time>2023-01-20T10:13:38.100Z</time><hdop>2.23616317647233</hdop><vdop>5.46056017759471</vdop><pdop>5.90069006175922</pdop><extensions><gpxtpx:TrackPointExtension><gpxtpx:speed>7673.52347878666387</gpxtpx:speed><gpxtpx:course>0.00000000000000</gpxtpx:course></gpxtpx:TrackPointExtension></extensions></trkpt>
      <trkpt lon="-148.73226329256269" lat="-76.82838590957978"><ele>521540.13293985091150</ele><time>2023-01-20T10:13:38.200Z</time><hdop>2.23651992106333</hdop><vdop>5.46012227364950</vdop><pdop>5.90042003593952</pdop><extensions><gpxtpx:TrackPointExtension><gpxtpx:speed>7673.26787469593091</gpxtpx:speed><gpxtpx:course>0.00000000000000</gpxtpx:course></gpxtpx:TrackPointExtension></extensions></trkpt>
      <trkpt lon="-148.74789468905016" lat="-76.82312664249959"><ele>521541.51955898758024</ele><time>2023-01-20T10:13:38.300Z</time><hdop>2.23687663249974</hdop><vdop>5.45968465071380</vdop><pdop>5.90015029929435</pdop><extensions><gpxtpx:TrackPointExtension><gpxtpx:speed>7673.55390503656236</gpxtpx:speed><gpxtpx:course>0.00000000000000</gpxtpx:course></gpxtpx:TrackPointExtension></extensions></trkpt>
      <trkpt lon="-148.76339542114837" lat="-76.81785348255120"><ele>521538.80322313029319</ele><time>2023-01-20T10:13:38.400Z</time><hdop>2.23723529328432</hdop><vdop>5.45924803985958</vdop><pdop>5.89988228003133</pdop><extensions><gpxtpx:TrackPointExtension><gpxtpx:speed>7673.48201351524767</gpxtpx:speed><gpxtpx:course>0.00000000000000</gpxtpx:course></gpxtpx:TrackPointExtension></extensions></trkpt>
      <trkpt lon="-148.77905025323304" lat="-76.81258892962913"><ele>521539.81315396446735</ele><time>2023-01-20T10:13:38.500Z</time><hdop>2.23759229624910</hdop><vdop>5.45881031429131</vdop><pdop>5.89961264250853</pdop><extensions><gpxtpx:TrackPointExtension><gpxtpx:speed>7673.10492969883853</gpxtpx:speed><gpxtpx:course>0.00000000000000</gpxtpx:course></gpxtpx:TrackPointExtension></extensions></trkpt>
      <trkpt lon="-148.79466578999302" lat="-76.80731988132246"><ele>521538.73310095444322</ele><time>2023-01-20T10:13:38.600Z</time><hdop>2.23794992363492</hdop><vdop>5.45837307726763</vdop><pdop>5.89934373564871</pdop><extensions><gpxtpx:TrackPointExtension><gpxtpx:speed>7673.32547101734599</gpxtpx:speed><gpxtpx:course>0.00000000000000</gpxtpx:course></gpxtpx:TrackPointExtension></extensions></trkpt>
      <trkpt lon="-148.81021798372200" lat="-76.80205954544378"><ele>521540.52344979345798</ele><time>2023-01-20T10:13:38.700Z</time><hdop>2.23830671620312</hdop><vdop>5.45793543046086</vdop><pdop>5.89907417472267</pdop><extensions><gpxtpx:TrackPointExtension><gpxtpx:speed>7673.39133362612301</gpxtpx:speed><gpxtpx:course>0.00000000000000</gpxtpx:course></gpxtpx:TrackPointExtension></extensions></trkpt>
      <trkpt lon="-148.82580987889085" lat="-76.79679047751227"><ele>521543.35437091719359</ele><time>2023-01-20T10:13:38.800Z</time><hdop>2.23866406184121</hdop><vdop>5.45749725760141</vdop><pdop>5.89880437872848</pdop><extensions><gpxtpx:TrackPointExtension><gpxtpx:speed>7673.27897351047341</gpxtpx:speed><gpxtpx:course>0.00000000000000</gpxtpx:course></gpxtpx:TrackPointExtension></extensions></trkpt>
      <trkpt lon="-148.84132550973413" lat="-76.79151404429693"><ele>521539.46014903485775</ele><time>2023-01-20T10:13:38.900Z</time><hdop>2.23902274889015</hdop><vdop>5.45706076461186</vdop><pdop>5.89853668791792</pdop><extensions><gpxtpx:TrackPointExtension><gpxtpx:speed>7673.38411289122996</gpxtpx:speed><gpxtpx:course>0.00000000000000</gpxtpx:course></gpxtpx:TrackPointExtension></extensions></trkpt>
      <trkpt lon="-148.85685390071981" lat="-76.78623731508740"><ele>521536.43631210643798</ele><time>2023-01-20T10:13:39.000Z</time><hdop>2.23938128201802</hdop><vdop>5.45662399116875</vdop><pdop>5.89826872118006</pdop><extensions><gpxtpx:TrackPointExtension><gpxtpx:speed>7673.00384231064618</gpxtpx:speed><gpxtpx:course>0.00000000000000</gpxtpx:course></gpxtpx:TrackPointExtension></extensions></trkpt>
      <trkpt lon="-148.87236688692292" lat="-76.78096285605551"><ele>521534.87209529522806</ele><time>2023-01-20T10:13:39.100Z</time><hdop>2.23973951769190</hdop><vdop>5.45618693619862</vdop><pdop>5.89800042301247</pdop><extensions><gpxtpx:TrackPointExtension><gpxtpx:speed>7672.73805377937879</gpxtpx:speed><gpxtpx:course>0.00000000000000</gpxtpx:course></gpxtpx:TrackPointExtension></extensions></trkpt>
      <trkpt lon="-148.88787950819753" lat="-76.77569667440167"><ele>521536.96630774438381</ele><time>2023-01-20T10:13:39.200Z</time><hdop>2.24009667622619</hdop><vdop>5.45574912466167</vdop><pdop>5.89773105779555</pdop><extensions><gpxtpx:TrackPointExtension><gpxtpx:speed>7673.21998924442141</gpxtpx:speed><gpxtpx:course>0.00000000000000</gpxtpx:course></gpxtpx:TrackPointExtension></extensions></trkpt>
      <trkpt lon="-148.90338714683679" lat="-76.77043115705217"><ele>521540.62839191034436</ele><time>2023-01-20T10:13:39.300Z</time><hdop>2.24045364648833</hdop><vdop>5.45531093757331</vdop><pdop>5.89746131548736</pdop><extensions><gpxtpx:TrackPointExtension><gpxtpx:speed>7673.12215538733017</gpxtpx:speed><gpxtpx:course>0.00000000000000</gpxtpx:course></gpxtpx:TrackPointExtension></extensions></trkpt>
      <trkpt lon="-148.91888458277498" lat="-76.76516676475674"><ele>521541.96224318537861</ele><time>2023-01-20T10:13:39.400Z</time><hdop>2.24081059019547</hdop><vdop>5.45487331813047</vdop><pdop>5.89719212998728</pdop><extensions><gpxtpx:TrackPointExtension><gpxtpx:speed>7673.99432955916291</gpxtpx:speed><gpxtpx:course>0.00000000000000</gpxtpx:course></gpxtpx:TrackPointExtension></extensions></trkpt>
      <trkpt lon="-148.93432978100029" lat="-76.75987819441531"><ele>521537.05316235683858</ele><time>2023-01-20T10:13:39.500Z</time><hdop>2.24117037937357</hdop><vdop>5.45443691691083</vdop><pdop>5.89692519453496</pdop><extensions><gpxtpx:TrackPointExtension><gpxtpx:speed>7673.01960608533136</gpxtpx:speed><gpxtpx:course>0.00000000000000</gpxtpx:course></gpxtpx:TrackPointExtension></extensions></trkpt>
      <trkpt lon="-148.94981943794522" lat="-76.75460837634634"><ele>521540.58456111606210</ele><time>2023-01-20T10:13:39.600Z</time><hdop>2.24152763206946</hdop><vdop>5.45399867487339</vdop><pdop>5.89665563441275</pdop><extensions><gpxtpx:TrackPointExtension><gpxtpx:speed>7673.49394028149254</gpxtpx:speed><gpxtpx:course>0.00000000000000</gpxtpx:course></gpxtpx:TrackPointExtension></extensions></trkpt>
      <trkpt lon="-148.96527343903497" lat="-76.74932954203962"><ele>521540.35357546806335</ele><time>2023-01-20T10:13:39.700Z</time><hdop>2.24188603883869</hdop><vdop>5.45356125024872</vdop><pdop>5.89638731100275</pdop><extensions><gpxtpx:TrackPointExtension><gpxtpx:speed>7673.34300906652697</gpxtpx:speed><gpxtpx:course>0.00000000000000</gpxtpx:course></gpxtpx:TrackPointExtension></extensions></trkpt>
      <trkpt lon="-148.98071551665495" lat="-76.74404831753050"><ele>521540.25707615725696</ele><time>2023-01-20T10:13:39.800Z</time><hdop>2.24224464082851</hdop><vdop>5.45312375342616</vdop><pdop>5.89611903708743</pdop><extensions><gpxtpx:TrackPointExtension><gpxtpx:speed>7673.17106472363048</gpxtpx:speed><gpxtpx:course>0.00000000000000</gpxtpx:course></gpxtpx:TrackPointExtension></extensions></trkpt>
      <trkpt lon="-148.99613983029894" lat="-76.73877100965035"><ele>521540.98986993264407</ele><time>2023-01-20T10:13:39.900Z</time><hdop>2.24260284017038</hdop><vdop>5.45268616617491</vdop><pdop>5.89585056845368</pdop><extensions><gpxtpx:TrackPointExtension><gpxtpx:speed>7672.43637550028780</gpxtpx:speed><gpxtpx:course>0.00000000000000</gpxtpx:course></gpxtpx:TrackPointExtension></extensions></trkpt>
      <trkpt lon="-149.01153556908761" lat="-76.73349046795354"><ele>521538.73550669755787</ele><time>2023-01-20T10:13:40.000Z</time><hdop>2.24296154386493</hdop><vdop>5.45224927788198</vdop><pdop>5.89558298011499</pdop><extensions><gpxtpx:TrackPointExtension><gpxtpx:speed>7672.59144888118681</gpxtpx:speed><gpxtpx:course>0.00000000000000</gpxtpx:course></gpxtpx:TrackPointExtension></extensions></trkpt>
      <trkpt lon="-149.02695577478326" lat="-76.72821536634173"><ele>521541.46263982448727</ele><time>2023-01-20T10:13:40.100Z</time><hdop>2.24331928178482</hdop><vdop>5.45181121291012</vdop><pdop>5.89531397817284</pdop><extensions><gpxtpx:TrackPointExtension><gpxtpx:speed>7673.69331439723101</gpxtpx:speed><gpxtpx:course>0.00000000000000</gpxtpx:course></gpxtpx:TrackPointExtension></extensions></trkpt>
      <trkpt lon="-149.04233107084326" lat="-76.72293701038252"><ele>521541.84780619014055</ele><time>2023-01-20T10:13:40.200Z</time><hdop>2.24367759194394</hdop><vdop>5.45137375476497</vdop><pdop>5.89504579717000</pdop><extensions><gpxtpx:TrackPointExtension><gpxtpx:speed>7673.24503061687119</gpxtpx:speed><gpxtpx:course>0.00000000000000</gpxtpx:course></gpxtpx:TrackPointExtension></extensions></trkpt>
      <trkpt lon="-149.05772616827858" lat="-76.71764981497465"><ele>521540.37283836584538</ele><time>2023-01-20T10:13:40.300Z</time><hdop>2.24403670882442</hdop><vdop>5.45093650785482</vdop><pdop>5.89477816064489</pdop><extensions><gpxtpx:TrackPointExtension><gpxtpx:speed>7673.01354511055160</gpxtpx:speed><gpxtpx:course>0.00000000000000</gpxtpx:course></gpxtpx:TrackPointExtension></extensions></trkpt>
      <trkpt lon="-149.07309815044846" lat="-76.71237299998133"><ele>521541.84137387480587</ele><time>2023-01-20T10:13:40.400Z</time><hdop>2.24439467120567</hdop><vdop>5.45049877645751</vdop><pdop>5.89450967870113</pdop><extensions><gpxtpx:TrackPointExtension><gpxtpx:speed>7672.82882638568753</gpxtpx:speed><gpxtpx:course>0.00000000000000</gpxtpx:course></gpxtpx:TrackPointExtension></extensions></trkpt>
      <trkpt lon="-149.08844124631179" lat="-76.70708764950658"><ele>521539.35448562726378</ele><time>2023-01-20T10:13:40.500Z</time><hdop>2.24475376059750</hdop><vdop>5.45006191666534</vdop><pdop>5.89424247390642</pdop><extensions><gpxtpx:TrackPointExtension><gpxtpx:speed>7673.26466617467304</gpxtpx:speed><gpxtpx:course>0.00000000000000</gpxtpx:course></gpxtpx:TrackPointExtension></extensions></trkpt>
      <trkpt lon="-149.10381564495580" lat="-76.70179832008841"><ele>521540.90609837137163</ele><time>2023-01-20T10:13:40.600Z</time><hdop>2.24511277570303</hdop><vdop>5.44962389892136</vdop><pdop>5.89397421230529</pdop><extensions><gpxtpx:TrackPointExtension><gpxtpx:speed>7673.42485210188897</gpxtpx:speed><gpxtpx:course>0.00000000000000</gpxtpx:course></gpxtpx:TrackPointExtension></extensions></trkpt>
      <trkpt lon="-149.11911767299273" lat="-76.69650714452180"><ele>521538.51970906555653</ele><time>2023-01-20T10:13:40.700Z</time><hdop>2.24547245080592</hdop><vdop>5.44918698241172</vdop><pdop>5.89370726254823</pdop><extensions><gpxtpx:TrackPointExtension><gpxtpx:speed>7673.89640131888154</gpxtpx:speed><gpxtpx:course>0.00000000000000</gpxtpx:course></gpxtpx:TrackPointExtension></extensions></trkpt>
      <trkpt lon="-149.13445460335078" lat="-76.69121998271120"><ele>521539.14948140643537</ele><time>2023-01-20T10:13:40.800Z</time><hdop>2.24583131961054</hdop><vdop>5.44874927118495</vdop><pdop>5.89343931303124</pdop><extensions><gpxtpx:TrackPointExtension><gpxtpx:speed>7673.05029630436911</gpxtpx:speed><gpxtpx:course>0.00000000000000</gpxtpx:course></gpxtpx:TrackPointExtension></extensions></trkpt>
      <trkpt lon="-149.14976636985489" lat="-76.68592524052359"><ele>521536.82970598153770</ele><time>2023-01-20T10:13:40.900Z</time><hdop>2.24619117384639</hdop><vdop>5.44831221491417</vdop><pdop>5.89317238680903</pdop><extensions><gpxtpx:TrackPointExtension><gpxtpx:speed>7673.42634806979822</gpxtpx:speed><gpxtpx:course>0.00000000000000</gpxtpx:course></gpxtpx:TrackPointExtension></extensions></trkpt>
      <trkpt lon="-149.16505182372813" lat="-76.68064045032116"><ele>521538.35152257140726</ele><time>2023-01-20T10:13:41.000Z</time><hdop>2.24654979282649</hdop><vdop>5.44787440767744</vdop><pdop>5.89290433771630</pdop><extensions><gpxtpx:TrackPointExtension><gpxtpx:speed>7672.73593052791330</gpxtpx:speed><gpxtpx:course>0.00000000000000</gpxtpx:course></gpxtpx:TrackPointExtension></extensions></trkpt>
      <trkpt lon="-149.18034095517700" lat="-76.67537065011942"><ele>521544.93900504801422</ele><time>2023-01-20T10:13:41.100Z</time><hdop>2.24690667017015</hdop><vdop>5.44743564505270</vdop><pdop>5.89263478347724</pdop><extensions><gpxtpx:TrackPointExtension><gpxtpx:speed>7673.83870003050833</gpxtpx:speed><gpxtpx:course>0.00000000000000</gpxtpx:course></gpxtpx:TrackPointExtension></extensions></trkpt>
      <trkpt lon="-149.19562294269039" lat="-76.67008035494514"><ele>521544.39240956120193</ele><time>2023-01-20T10:13:41.200Z</time><hdop>2.24726588183924</hdop><vdop>5.44699823786421</vdop><pdop>5.89236741445868</pdop><extensions><gpxtpx:TrackPointExtension><gpxtpx:speed>7672.32702840737875</gpxtpx:speed><gpxtpx:course>0.00000000000000</gpxtpx:course></gpxtpx:TrackPointExtension></extensions></trkpt>
      <trkpt lon="-149.21086230463126" lat="-76.66478675640857"><ele>521543.87095490843058</ele><time>2023-01-20T10:13:41.300Z</time><hdop>2.24762552564932</hdop><vdop>5.44656086691732</vdop><pdop>5.89210028602582</pdop><extensions><gpxtpx:TrackPointExtension><gpxtpx:speed>7672.87328759869251</gpxtpx:speed><gpxtpx:course>0.00000000000000</gpxtpx:course></gpxtpx:TrackPointExtension></extensions></trkpt>
      <trkpt lon="-149.22613381559856" lat="-76.65949394180348"><ele>521542.66470274049789</ele><time>2023-01-20T10:13:41.400Z</time><hdop>2.24798493913650</hdop><vdop>5.44612357144851</vdop><pdop>5.89183318179255</pdop><extensions><gpxtpx:TrackPointExtension><gpxtpx:speed>7673.07820998224088</gpxtpx:speed><gpxtpx:course>0.00000000000000</gpxtpx:course></gpxtpx:TrackPointExtension></extensions></trkpt>
      <trkpt lon="-149.24140499299301" lat="-76.65420064912438"><ele>521544.20367406401783</ele><time>2023-01-20T10:13:41.500Z</time><hdop>2.24834415220013</hdop><vdop>5.44568557784353</vdop><pdop>5.89156539804707</pdop><extensions><gpxtpx:TrackPointExtension><gpxtpx:speed>7673.65627208189562</gpxtpx:speed><gpxtpx:course>0.00000000000000</gpxtpx:course></gpxtpx:TrackPointExtension></extensions></trkpt>
      <trkpt lon="-149.25662791143833" lat="-76.64889927248345"><ele>521540.87133717536926</ele><time>2023-01-20T10:13:41.600Z</time><hdop>2.24870456269453</hdop><vdop>5.44524871772202</vdop><pdop>5.89129916131718</pdop><extensions><gpxtpx:TrackPointExtension><gpxtpx:speed>7672.83980346390581</gpxtpx:speed><gpxtpx:course>0.00000000000000</gpxtpx:course></gpxtpx:TrackPointExtension></extensions></trkpt>
      <trkpt lon="-149.27182378050779" lat="-76.64360635944082"><ele>521540.06270813476294</ele><time>2023-01-20T10:13:41.700Z</time><hdop>2.24906403547654</hdop><vdop>5.44481144249884</vdop><pdop>5.89103222534390</pdop><extensions><gpxtpx:TrackPointExtension><gpxtpx:speed>7673.20377238188121</gpxtpx:speed><gpxtpx:course>0.00000000000000</gpxtpx:course></gpxtpx:TrackPointExtension></extensions></trkpt>
      <trkpt lon="-149.28702652112207" lat="-76.63831467544105"><ele>521541.70275234524161</ele><time>2023-01-20T10:13:41.800Z</time><hdop>2.24942316709687</hdop><vdop>5.44437357152386</vdop><pdop>5.89076465078852</pdop><extensions><gpxtpx:TrackPointExtension><gpxtpx:speed>7673.01648931468753</gpxtpx:speed><gpxtpx:course>0.00000000000000</gpxtpx:course></gpxtpx:TrackPointExtension></extensions></trkpt>
      <trkpt lon="-149.30225027350798" lat="-76.63301565694761"><ele>521539.56717904377729</ele><time>2023-01-20T10:13:41.900Z</time><hdop>2.24978309635988</hdop><vdop>5.44393640966816</vdop><pdop>5.89049807853099</pdop><extensions><gpxtpx:TrackPointExtension><gpxtpx:speed>7673.73296185597155</gpxtpx:speed><gpxtpx:course>0.00000000000000</gpxtpx:course></gpxtpx:TrackPointExtension></extensions></trkpt>
      <trkpt lon="-149.31744764552880" lat="-76.62771309080156"><ele>521538.25309167616069</ele><time>2023-01-20T10:13:42.000Z</time><hdop>2.25014337365278</hdop><vdop>5.44349905343735</vdop><pdop>5.89023150196721</pdop><extensions><gpxtpx:TrackPointExtension><gpxtpx:speed>7672.49307281219717</gpxtpx:speed><gpxtpx:course>0.00000000000000</gpxtpx:course></gpxtpx:TrackPointExtension></extensions></trkpt>
      <trkpt lon="-149.33265317055714" lat="-76.62240116597650"><ele>521532.46848722267896</ele><time>2023-01-20T10:13:42.100Z</time><hdop>2.25050466912457</hdop><vdop>5.44306254493500</vdop><pdop>5.88996614029535</pdop><extensions><gpxtpx:TrackPointExtension><gpxtpx:speed>7673.01520857156902</gpxtpx:speed><gpxtpx:course>0.00000000000000</gpxtpx:course></gpxtpx:TrackPointExtension></extensions></trkpt>
      <trkpt lon="-149.34777327825012" lat="-76.61710249850060"><ele>521532.08900226280093</ele><time>2023-01-20T10:13:42.200Z</time><hdop>2.25086464227524</hdop><vdop>5.44262516280140</vdop><pdop>5.88969950851517</pdop><extensions><gpxtpx:TrackPointExtension><gpxtpx:speed>7673.00396657860165</gpxtpx:speed><gpxtpx:course>0.00000000000000</gpxtpx:course></gpxtpx:TrackPointExtension></extensions></trkpt>
      <trkpt lon="-149.36290068185716" lat="-76.61181937974881"><ele>521536.58126578480005</ele><time>2023-01-20T10:13:42.300Z</time><hdop>2.25122273704402</hdop><vdop>5.44218683438649</vdop><pdop>5.88943132672023</pdop><extensions><gpxtpx:TrackPointExtension><gpxtpx:speed>7673.36292170183151</gpxtpx:speed><gpxtpx:course>0.00000000000000</gpxtpx:course></gpxtpx:TrackPointExtension></extensions></trkpt>
      <trkpt lon="-149.37805625677930" lat="-76.60652296057364"><ele>521539.16211333405226</ele><time>2023-01-20T10:13:42.400Z</time><hdop>2.25158207634731</hdop><vdop>5.44174866224042</vdop><pdop>5.88916380732645</pdop><extensions><gpxtpx:TrackPointExtension><gpxtpx:speed>7673.28525782977704</gpxtpx:speed><gpxtpx:course>0.00000000000000</gpxtpx:course></gpxtpx:TrackPointExtension></extensions></trkpt>
      <trkpt lon="-149.39318002856950" lat="-76.60123147433261"><ele>521542.93233623076230</ele><time>2023-01-20T10:13:42.500Z</time><hdop>2.25194090539251</hdop><vdop>5.44131033907541</vdop><pdop>5.88889599564375</pdop><extensions><gpxtpx:TrackPointExtension><gpxtpx:speed>7672.53541860779660</gpxtpx:speed><gpxtpx:course>0.00000000000000</gpxtpx:course></gpxtpx:TrackPointExtension></extensions></trkpt>
      <trkpt lon="-149.40830208987302" lat="-76.59592368504708"><ele>521540.28706225194037</ele><time>2023-01-20T10:13:42.600Z</time><hdop>2.25230167012914</hdop><vdop>5.44087328162109</vdop><pdop>5.88863013611186</pdop><extensions><gpxtpx:TrackPointExtension><gpxtpx:speed>7673.29066660815624</gpxtpx:speed><gpxtpx:course>0.00000000000000</gpxtpx:course></gpxtpx:TrackPointExtension></extensions></trkpt>
      <trkpt lon="-149.42335332481284" lat="-76.59062752322184"><ele>521542.58738524653018</ele><time>2023-01-20T10:13:42.700Z</time><hdop>2.25266117990599</hdop><vdop>5.44043537373179</vdop><pdop>5.88836305327785</pdop><extensions><gpxtpx:TrackPointExtension><gpxtpx:speed>7673.21418261874533</gpxtpx:speed><gpxtpx:course>0.00000000000000</gpxtpx:course></gpxtpx:TrackPointExtension></extensions></trkpt>
      <trkpt lon="-149.43845492992182" lat="-76.58531774526951"><ele>521540.57963175978512</ele><time>2023-01-20T10:13:42.800Z</time><hdop>2.25302203040498</hdop><vdop>5.43999812818715</vdop><pdop>5.88809713780011</pdop><extensions><gpxtpx:TrackPointExtension><gpxtpx:speed>7673.29181580079330</gpxtpx:speed><gpxtpx:course>0.00000000000000</gpxtpx:course></gpxtpx:TrackPointExtension></extensions></trkpt>
      <trkpt lon="-149.45355019619669" lat="-76.58001579566418"><ele>521541.35451526008546</ele><time>2023-01-20T10:13:42.900Z</time><hdop>2.25338189802342</hdop><vdop>5.43956034273930</vdop><pdop>5.88783038993497</pdop><extensions><gpxtpx:TrackPointExtension><gpxtpx:speed>7673.48942374355829</gpxtpx:speed><gpxtpx:course>0.00000000000000</gpxtpx:course></gpxtpx:TrackPointExtension></extensions></trkpt>
      <trkpt lon="-149.46860994280235" lat="-76.57470562476061"><ele>521539.50183993577957</ele><time>2023-01-20T10:13:43.000Z</time><hdop>2.25374279721784</hdop><vdop>5.43912311665986</vdop><pdop>5.88756459618024</pdop><extensions><gpxtpx:TrackPointExtension><gpxtpx:speed>7672.95476839610637</gpxtpx:speed><gpxtpx:course>0.00000000000000</gpxtpx:course></gpxtpx:TrackPointExtension></extensions></trkpt>
      <trkpt lon="-149.48367029888712" lat="-76.56939773372903"><ele>521539.07020237483084</ele><time>2023-01-20T10:13:43.100Z</time><hdop>2.25410335555600</hdop><vdop>5.43868558769877</vdop><pdop>5.88729843471274</pdop><extensions><gpxtpx:TrackPointExtension><gpxtpx:speed>7673.35971544422682</gpxtpx:speed><gpxtpx:course>0.00000000000000</gpxtpx:course></gpxtpx:TrackPointExtension></extensions></trkpt>
      <trkpt lon="-149.49873862845769" lat="-76.56408919965550"><ele>521538.80180982779711</ele><time>2023-01-20T10:13:43.200Z</time><hdop>2.25446381826788</hdop><vdop>5.43824794312801</vdop><pdop>5.88703217239510</pdop><extensions><gpxtpx:TrackPointExtension><gpxtpx:speed>7673.37726932632540</gpxtpx:speed><gpxtpx:course>0.00000000000000</gpxtpx:course></gpxtpx:TrackPointExtension></extensions></trkpt>
      <trkpt lon="-149.51376657970718" lat="-76.55877733723209"><ele>521537.60971741192043</ele><time>2023-01-20T10:13:43.300Z</time><hdop>2.25482480147399</hdop><vdop>5.43781056631058</vdop><pdop>5.88676639934193</pdop><extensions><gpxtpx:TrackPointExtension><gpxtpx:speed>7673.50148867023927</gpxtpx:speed><gpxtpx:course>0.00000000000000</gpxtpx:course></gpxtpx:TrackPointExtension></extensions></trkpt>
      <trkpt lon="-149.52883885421500" lat="-76.55344299524765"><ele>521531.97913009580225</ele><time>2023-01-20T10:13:43.400Z</time><hdop>2.25518791633688</hdop><vdop>5.43737371128826</vdop><pdop>5.88650196756958</pdop><extensions><gpxtpx:TrackPointExtension><gpxtpx:speed>7673.38576275751893</gpxtpx:speed><gpxtpx:course>0.00000000000000</gpxtpx:course></gpxtpx:TrackPointExtension></extensions></trkpt>
      <trkpt lon="-149.54382238043772" lat="-76.54814079484886"><ele>521533.39841839391738</ele><time>2023-01-20T10:13:43.500Z</time><hdop>2.25554785066446</hdop><vdop>5.43693594208877</vdop><pdop>5.88623551559176</pdop><extensions><gpxtpx:TrackPointExtension><gpxtpx:speed>7673.66971742119676</gpxtpx:speed><gpxtpx:course>0.00000000000000</gpxtpx:course></gpxtpx:TrackPointExtension></extensions></trkpt>
      <trkpt lon="-149.55877504189922" lat="-76.54285938181110"><ele>521540.18136653769761</ele><time>2023-01-20T10:13:43.600Z</time><hdop>2.25590547142996</hdop><vdop>5.43649728535406</vdop><pdop>5.88596739964551</pdop><extensions><gpxtpx:TrackPointExtension><gpxtpx:speed>7673.01543048586973</gpxtpx:speed><gpxtpx:course>0.00000000000000</gpxtpx:course></gpxtpx:TrackPointExtension></extensions></trkpt>
      <trkpt lon="-149.57376221096689" lat="-76.53755568091593"><ele>521542.76148172747344</ele><time>2023-01-20T10:13:43.700Z</time><hdop>2.25626531582795</hdop><vdop>5.43605916063338</vdop><pdop>5.88570066970062</pdop><extensions><gpxtpx:TrackPointExtension><gpxtpx:speed>7673.74658323412677</gpxtpx:speed><gpxtpx:course>0.00000000000000</gpxtpx:course></gpxtpx:TrackPointExtension></extensions></trkpt>
      <trkpt lon="-149.58874988237130" lat="-76.53222856660021"><ele>521539.26851501595229</ele><time>2023-01-20T10:13:43.800Z</time><hdop>2.25662770747225</hdop><vdop>5.43562205772194</vdop><pdop>5.88543590267745</pdop><extensions><gpxtpx:TrackPointExtension><gpxtpx:speed>7672.93228326483950</gpxtpx:speed><gpxtpx:course>0.00000000000000</gpxtpx:course></gpxtpx:TrackPointExtension></extensions></trkpt>
      <trkpt lon="-149.60371867783334" lat="-76.52691472180338"><ele>521539.77982382941991</ele><time>2023-01-20T10:13:43.900Z</time><hdop>2.25698857527147</hdop><vdop>5.43518425566929</vdop><pdop>5.88516994843661</pdop><extensions><gpxtpx:TrackPointExtension><gpxtpx:speed>7673.53853663251994</gpxtpx:speed><gpxtpx:course>0.00000000000000</gpxtpx:course></gpxtpx:TrackPointExtension></extensions></trkpt>
      <trkpt lon="-149.61866186357631" lat="-76.52160955626378"><ele>521540.50868222024292</ele><time>2023-01-20T10:13:44.000Z</time><hdop>2.25734875343479</hdop><vdop>5.43474663899406</vdop><pdop>5.88490394353984</pdop><extensions><gpxtpx:TrackPointExtension><gpxtpx:speed>7673.97394665710544</gpxtpx:speed><gpxtpx:course>0.00000000000000</gpxtpx:course></gpxtpx:TrackPointExtension></extensions></trkpt>
      <trkpt lon="-149.63368597667110" lat="-76.51628658561538"><ele>521540.66858738940209</ele><time>2023-01-20T10:13:44.100Z</time><hdop>2.25771013123554</hdop><vdop>5.43430856639427</vdop><pdop>5.88463802042826</pdop><extensions><gpxtpx:TrackPointExtension><gpxtpx:speed>7673.17019316254300</gpxtpx:speed><gpxtpx:course>0.00000000000000</gpxtpx:course></gpxtpx:TrackPointExtension></extensions></trkpt>
      <trkpt lon="-149.64859707402869" lat="-76.51095698166438"><ele>521534.79444835614413</ele><time>2023-01-20T10:13:44.200Z</time><hdop>2.25807299668986</hdop><vdop>5.43387213867435</vdop><pdop>5.88437422992804</pdop><extensions><gpxtpx:TrackPointExtension><gpxtpx:speed>7673.65590335287470</gpxtpx:speed><gpxtpx:course>0.00000000000000</gpxtpx:course></gpxtpx:TrackPointExtension></extensions></trkpt>
      <trkpt lon="-149.66347710705026" lat="-76.50565507969951"><ele>521536.79230161104351</ele><time>2023-01-20T10:13:44.300Z</time><hdop>2.25843272575614</hdop><vdop>5.43343432161634</vdop><pdop>5.88410799561707</pdop><extensions><gpxtpx:TrackPointExtension><gpxtpx:speed>7673.09831532145563</gpxtpx:speed><gpxtpx:course>0.00000000000000</gpxtpx:course></gpxtpx:TrackPointExtension></extensions></trkpt>
      <trkpt lon="-149.67846205558334" lat="-76.50031868032603"><ele>521535.39054357260466</ele><time>2023-01-20T10:13:44.400Z</time><hdop>2.25879549579294</hdop><vdop>5.43299645483561</vdop><pdop>5.88384292533976</pdop><extensions><gpxtpx:TrackPointExtension><gpxtpx:speed>7673.74293055506860</gpxtpx:speed><gpxtpx:course>0.00000000000000</gpxtpx:course></gpxtpx:TrackPointExtension></extensions></trkpt>
      <trkpt lon="-149.69330927052707" lat="-76.49502767087965"><ele>521541.04888321273029</ele><time>2023-01-20T10:13:44.500Z</time><hdop>2.25915398804468</hdop><vdop>5.43255801397507</vdop><pdop>5.88357572543288</pdop><extensions><gpxtpx:TrackPointExtension><gpxtpx:speed>7673.02034077242388</gpxtpx:speed><gpxtpx:course>0.00000000000000</gpxtpx:course></gpxtpx:TrackPointExtension></extensions></trkpt>
      <trkpt lon="-149.70822979027298" lat="-76.48972094651715"><ele>521544.14183942880481</ele><time>2023-01-20T10:13:44.600Z</time><hdop>2.25951378843431</hdop><vdop>5.43211971465541</vdop><pdop>5.88330920099163</pdop><extensions><gpxtpx:TrackPointExtension><gpxtpx:speed>7673.51462448328584</gpxtpx:speed><gpxtpx:course>0.00000000000000</gpxtpx:course></gpxtpx:TrackPointExtension></extensions></trkpt>
      <trkpt lon="-149.72305570711910" lat="-76.48439619752021"><ele>521541.53613245300949</ele><time>2023-01-20T10:13:44.700Z</time><hdop>2.25987596172633</hdop><vdop>5.43168268391554</vdop><pdop>5.88304480189777</pdop><extensions><gpxtpx:TrackPointExtension><gpxtpx:speed>7673.12928801748967</gpxtpx:speed><gpxtpx:course>0.00000000000000</gpxtpx:course></gpxtpx:TrackPointExtension></extensions></trkpt>
      <trkpt lon="-149.73795868723994" lat="-76.47905791822059"><ele>521538.87990216445178</ele><time>2023-01-20T10:13:44.800Z</time><hdop>2.26023907564183</hdop><vdop>5.43124521411561</vdop><pdop>5.88278040172433</pdop><extensions><gpxtpx:TrackPointExtension><gpxtpx:speed>7673.92754966955818</gpxtpx:speed><gpxtpx:course>0.00000000000000</gpxtpx:course></gpxtpx:TrackPointExtension></extensions></trkpt>
      <trkpt lon="-149.75281485144507" lat="-76.47373704526848"><ele>521538.45840511098504</ele><time>2023-01-20T10:13:44.900Z</time><hdop>2.26060052831027</hdop><vdop>5.43080762301660</vdop><pdop>5.88251529422677</pdop><extensions><gpxtpx:TrackPointExtension><gpxtpx:speed>7673.22088269120195</gpxtpx:speed><gpxtpx:course>0.00000000000000</gpxtpx:course></gpxtpx:TrackPointExtension></extensions></trkpt>
      <trkpt lon="-149.76764325413845" lat="-76.46841944780407"><ele>521540.11279852688313</ele><time>2023-01-20T10:13:45.000Z</time><hdop>2.26096150844901</hdop><vdop>5.43036961130738</vdop><pdop>5.88224965961992</pdop><extensions><gpxtpx:TrackPointExtension><gpxtpx:speed>7672.52875891407075</gpxtpx:speed><gpxtpx:course>0.00000000000000</gpxtpx:course></gpxtpx:TrackPointExtension></extensions></trkpt>
      <trkpt lon="-149.78244619697378" lat="-76.46310743049614"><ele>521544.68386438675225</ele><time>2023-01-20T10:13:45.100Z</time><hdop>2.26132189762191</hdop><vdop>5.42993107032646</vdop><pdop>5.88198335199625</pdop><extensions><gpxtpx:TrackPointExtension><gpxtpx:speed>7672.93600117558253</gpxtpx:speed><gpxtpx:course>0.00000000000000</gpxtpx:course></gpxtpx:TrackPointExtension></extensions></trkpt>
      <trkpt lon="-149.79728344579348" lat="-76.45776406897046"><ele>521538.35257714334875</ele><time>2023-01-20T10:13:45.200Z</time><hdop>2.26168573115372</hdop><vdop>5.42949449299569</vdop><pdop>5.88172022421799</pdop><extensions><gpxtpx:TrackPointExtension><gpxtpx:speed>7673.85869866433313</gpxtpx:speed><gpxtpx:course>0.00000000000000</gpxtpx:course></gpxtpx:TrackPointExtension></extensions></trkpt>
      <trkpt lon="-149.81210888183398" lat="-76.45244724663716"><ele>521539.33985945209861</ele><time>2023-01-20T10:13:45.300Z</time><hdop>2.26204653414346</hdop><vdop>5.42905662361491</vdop><pdop>5.88145478134852</pdop><extensions><gpxtpx:TrackPointExtension><gpxtpx:speed>7672.92129913112694</gpxtpx:speed><gpxtpx:course>0.00000000000000</gpxtpx:course></gpxtpx:TrackPointExtension></extensions></trkpt>
      <trkpt lon="-149.82697821851355" lat="-76.44710341044424"><ele>521536.46228332538158</ele><time>2023-01-20T10:13:45.400Z</time><hdop>2.26240992878123</hdop><vdop>5.42861907761617</vdop><pdop>5.88119067670027</pdop><extensions><gpxtpx:TrackPointExtension><gpxtpx:speed>7673.21230801766069</gpxtpx:speed><gpxtpx:course>0.00000000000000</gpxtpx:course></gpxtpx:TrackPointExtension></extensions></trkpt>
      <trkpt lon="-149.84171555784755" lat="-76.44179874552154"><ele>521541.47150205448270</ele><time>2023-01-20T10:13:45.500Z</time><hdop>2.26276957508577</hdop><vdop>5.42818064569144</vdop><pdop>5.88092435525173</pdop><extensions><gpxtpx:TrackPointExtension><gpxtpx:speed>7672.86919118984588</gpxtpx:speed><gpxtpx:course>0.00000000000000</gpxtpx:course></gpxtpx:TrackPointExtension></extensions></trkpt>
      <trkpt lon="-149.85644817686327" lat="-76.43648252601189"><ele>521541.87112493161112</ele><time>2023-01-20T10:13:45.600Z</time><hdop>2.26313053456247</hdop><vdop>5.42774310727442</vdop><pdop>5.88065940648105</pdop><extensions><gpxtpx:TrackPointExtension><gpxtpx:speed>7673.23336248463511</gpxtpx:speed><gpxtpx:course>0.00000000000000</gpxtpx:course></gpxtpx:TrackPointExtension></extensions></trkpt>
      <trkpt lon="-149.87123688692972" lat="-76.43113588024457"><ele>521537.51892841234803</ele><time>2023-01-20T10:13:45.700Z</time><hdop>2.26349447527504</hdop><vdop>5.42730603224966</vdop><pdop>5.88039607571584</pdop><extensions><gpxtpx:TrackPointExtension><gpxtpx:speed>7673.34438919214972</gpxtpx:speed><gpxtpx:course>0.00000000000000</gpxtpx:course></gpxtpx:TrackPointExtension></extensions></trkpt>
      <trkpt lon="-149.88598360234141" lat="-76.42581716478513"><ele>521540.13438499532640</ele><time>2023-01-20T10:13:45.800Z</time><hdop>2.26385534008713</hdop><vdop>5.42686783984010</vdop><pdop>5.88013057269409</pdop><extensions><gpxtpx:TrackPointExtension><gpxtpx:speed>7673.24894072167444</gpxtpx:speed><gpxtpx:course>0.00000000000000</gpxtpx:course></gpxtpx:TrackPointExtension></extensions></trkpt>
      <trkpt lon="-149.90072735032825" lat="-76.42048151104133"><ele>521539.84538848139346</ele><time>2023-01-20T10:13:45.900Z</time><hdop>2.26421798722201</hdop><vdop>5.42643004162579</vdop><pdop>5.87986616261957</pdop><extensions><gpxtpx:TrackPointExtension><gpxtpx:speed>7673.04219231989191</gpxtpx:speed><gpxtpx:course>0.00000000000000</gpxtpx:course></gpxtpx:TrackPointExtension></extensions></trkpt>
      <trkpt lon="-149.91548080861591" lat="-76.41515267451105"><ele>521541.40074952784926</ele><time>2023-01-20T10:13:46.000Z</time><hdop>2.26457978808024</hdop><vdop>5.42599189189363</vdop><pdop>5.87960114527142</pdop><extensions><gpxtpx:TrackPointExtension><gpxtpx:speed>7673.43400272029521</gpxtpx:speed><gpxtpx:course>0.00000000000000</gpxtpx:course></gpxtpx:TrackPointExtension></extensions></trkpt>
      <trkpt lon="-149.93020466257607" lat="-76.40982117472105"><ele>521539.26463005039841</ele><time>2023-01-20T10:13:46.100Z</time><hdop>2.26494210182739</hdop><vdop>5.42555462729826</vdop><pdop>5.87933718529800</pdop><extensions><gpxtpx:TrackPointExtension><gpxtpx:speed>7673.65143899157920</gpxtpx:speed><gpxtpx:course>0.00000000000000</gpxtpx:course></gpxtpx:TrackPointExtension></extensions></trkpt>
      <trkpt lon="-149.94489057003574" lat="-76.40447650464965"><ele>521534.61979325395077</ele><time>2023-01-20T10:13:46.200Z</time><hdop>2.26530591794170</hdop><vdop>5.42511780437078</vdop><pdop>5.87907425477537</pdop><extensions><gpxtpx:TrackPointExtension><gpxtpx:speed>7672.69131156054755</gpxtpx:speed><gpxtpx:course>0.00000000000000</gpxtpx:course></gpxtpx:TrackPointExtension></extensions></trkpt>
      <trkpt lon="-149.95959329826928" lat="-76.39915649081085"><ele>521538.21232817508280</ele><time>2023-01-20T10:13:46.300Z</time><hdop>2.26566672660820</hdop><vdop>5.42467937604581</vdop><pdop>5.87880872702594</pdop><extensions><gpxtpx:TrackPointExtension><gpxtpx:speed>7672.66291440343866</gpxtpx:speed><gpxtpx:course>0.00000000000000</gpxtpx:course></gpxtpx:TrackPointExtension></extensions></trkpt>
      <trkpt lon="-149.97430891683987" lat="-76.39382168366689"><ele>521539.51111490931362</ele><time>2023-01-20T10:13:46.400Z</time><hdop>2.26602899900303</hdop><vdop>5.42424119211455</vdop><pdop>5.87854403186324</pdop><extensions><gpxtpx:TrackPointExtension><gpxtpx:speed>7673.18347543367872</gpxtpx:speed><gpxtpx:course>0.00000000000000</gpxtpx:course></gpxtpx:TrackPointExtension></extensions></trkpt>
      <trkpt lon="-149.98899941608309" lat="-76.38849620116402"><ele>521542.18662944249809</ele><time>2023-01-20T10:13:46.500Z</time><hdop>2.26639030804352</hdop><vdop>5.42380288229404</vdop><pdop>5.87827889219070</pdop><extensions><gpxtpx:TrackPointExtension><gpxtpx:speed>7673.34493193938488</gpxtpx:speed><gpxtpx:course>0.00000000000000</gpxtpx:course></gpxtpx:TrackPointExtension></extensions></trkpt>
      <trkpt lon="-150.00367732896098" lat="-76.38317909410850"><ele>521547.68130003195256</ele><time>2023-01-20T10:13:46.600Z</time><hdop>2.26675066992465</hdop><vdop>5.42336407817403</vdop><pdop>5.87801297412929</pdop><extensions><gpxtpx:TrackPointExtension><gpxtpx:speed>7673.77087639081856</gpxtpx:speed><gpxtpx:course>0.00000000000000</gpxtpx:course></gpxtpx:TrackPointExtension></extensions></trkpt>
      <trkpt lon="-150.01832088384188" lat="-76.37783691177160"><ele>521545.87798810657114</ele><time>2023-01-20T10:13:46.700Z</time><hdop>2.26711392855574</hdop><vdop>5.42292663927475</vdop><pdop>5.87774947577789</pdop><extensions><gpxtpx:TrackPointExtension><gpxtpx:speed>7673.09867519905310</gpxtpx:speed><gpxtpx:course>0.00000000000000</gpxtpx:course></gpxtpx:TrackPointExtension></extensions></trkpt>
      <trkpt lon="-150.03295753543560" lat="-76.37247687601794"><ele>521539.40278160851449</ele><time>2023-01-20T10:13:46.800Z</time><hdop>2.26747913691668</hdop><vdop>5.42248998406280</vdop><pdop>5.87748749582794</pdop><extensions><gpxtpx:TrackPointExtension><gpxtpx:speed>7673.15692363835205</gpxtpx:speed><gpxtpx:course>0.00000000000000</gpxtpx:course></gpxtpx:TrackPointExtension></extensions></trkpt>
      <trkpt lon="-150.04754877689234" lat="-76.36712425073601"><ele>521533.82830390427262</ele><time>2023-01-20T10:13:46.900Z</time><hdop>2.26784373020496</hdop><vdop>5.42205337365371</vdop><pdop>5.87722536333086</pdop><extensions><gpxtpx:TrackPointExtension><gpxtpx:speed>7673.26205144804499</gpxtpx:speed><gpxtpx:course>0.00000000000000</gpxtpx:course></gpxtpx:TrackPointExtension></extensions></trkpt>
      <trkpt lon="-150.06216311548667" lat="-76.36177560548114"><ele>521530.03705159388483</ele><time>2023-01-20T10:13:47.000Z</time><hdop>2.26820762314295</hdop><vdop>5.42161628751502</vdop><pdop>5.87696256502728</pdop><extensions><gpxtpx:TrackPointExtension><gpxtpx:speed>7673.22295606413172</gpxtpx:speed><gpxtpx:course>0.00000000000000</gpxtpx:course></gpxtpx:TrackPointExtension></extensions></trkpt>
      <trkpt lon="-150.07676635241560" lat="-76.35644349628744"><ele>521531.31364327389747</ele><time>2023-01-20T10:13:47.100Z</time><hdop>2.26856962293511</hdop><vdop>5.42117830019598</vdop><pdop>5.87669824787862</pdop><extensions><gpxtpx:TrackPointExtension><gpxtpx:speed>7672.76672337104628</gpxtpx:speed><gpxtpx:course>0.00000000000000</gpxtpx:course></gpxtpx:TrackPointExtension></extensions></trkpt>
      <trkpt lon="-150.09141561626532" lat="-76.35111793231630"><ele>521536.75452773459256</ele><time>2023-01-20T10:13:47.200Z</time><hdop>2.26893051971608</hdop><vdop>5.42073932285286</vdop><pdop>5.87643263465364</pdop><extensions><gpxtpx:TrackPointExtension><gpxtpx:speed>7673.58567020499777</gpxtpx:speed><gpxtpx:course>0.00000000000000</gpxtpx:course></gpxtpx:TrackPointExtension></extensions></trkpt>
      <trkpt lon="-150.10603614344808" lat="-76.34579488489804"><ele>521543.92886641342193</ele><time>2023-01-20T10:13:47.300Z</time><hdop>2.26929113814908</hdop><vdop>5.42030002029938</vdop><pdop>5.87616665690647</pdop><extensions><gpxtpx:TrackPointExtension><gpxtpx:speed>7673.49205785578579</gpxtpx:speed><gpxtpx:course>0.00000000000000</gpxtpx:course></gpxtpx:TrackPointExtension></extensions></trkpt>
      <trkpt lon="-150.12060176477831" lat="-76.34044227591612"><ele>521539.54380755126476</ele><time>2023-01-20T10:13:47.400Z</time><hdop>2.26965542275203</hdop><vdop>5.41986308127687</vdop><pdop>5.87590431829992</pdop><extensions><gpxtpx:TrackPointExtension><gpxtpx:speed>7673.43002792891821</gpxtpx:speed><gpxtpx:course>0.00000000000000</gpxtpx:course></gpxtpx:TrackPointExtension></extensions></trkpt>
      <trkpt lon="-150.13516162594124" lat="-76.33509948872694"><ele>521542.28134314715862</ele><time>2023-01-20T10:13:47.500Z</time><hdop>2.27001830057996</hdop><vdop>5.41942460746525</vdop><pdop>5.87564006393923</pdop><extensions><gpxtpx:TrackPointExtension><gpxtpx:speed>7673.89664378624275</gpxtpx:speed><gpxtpx:course>0.00000000000000</gpxtpx:course></gpxtpx:TrackPointExtension></extensions></trkpt>
      <trkpt lon="-150.14971338086889" lat="-76.32973857974538"><ele>521535.69750881195068</ele><time>2023-01-20T10:13:47.600Z</time><hdop>2.27038343110983</hdop><vdop>5.41898803760553</vdop><pdop>5.87537847938070</pdop><extensions><gpxtpx:TrackPointExtension><gpxtpx:speed>7673.27301381298093</gpxtpx:speed><gpxtpx:course>0.00000000000000</gpxtpx:course></gpxtpx:TrackPointExtension></extensions></trkpt>
      <trkpt lon="-150.16426300282771" lat="-76.32440572282360"><ele>521538.33276436105371</ele><time>2023-01-20T10:13:47.700Z</time><hdop>2.27074527314488</hdop><vdop>5.41854974893424</vdop><pdop>5.87511408205706</pdop><extensions><gpxtpx:TrackPointExtension><gpxtpx:speed>7673.29936843430914</gpxtpx:speed><gpxtpx:course>0.00000000000000</gpxtpx:course></gpxtpx:TrackPointExtension></extensions></trkpt>
      <trkpt lon="-150.17881398616092" lat="-76.31907340697134"><ele>521539.66042318381369</ele><time>2023-01-20T10:13:47.800Z</time><hdop>2.27110706583514</hdop><vdop>5.41811175103471</vdop><pdop>5.87484997690892</pdop><extensions><gpxtpx:TrackPointExtension><gpxtpx:speed>7672.70795560964507</gpxtpx:speed><gpxtpx:course>0.00000000000000</gpxtpx:course></gpxtpx:TrackPointExtension></extensions></trkpt>
      <trkpt lon="-150.19334065468095" lat="-76.31372376696534"><ele>521538.86248450353742</ele><time>2023-01-20T10:13:47.900Z</time><hdop>2.27147072274974</hdop><vdop>5.41767402066427</vdop><pdop>5.87458688236797</pdop><extensions><gpxtpx:TrackPointExtension><gpxtpx:speed>7672.51329295465803</gpxtpx:speed><gpxtpx:course>0.00000000000000</gpxtpx:course></gpxtpx:TrackPointExtension></extensions></trkpt>
      <trkpt lon="-150.20784486832437" lat="-76.30837079690382"><ele>521538.64050733949989</ele><time>2023-01-20T10:13:48.000Z</time><hdop>2.27183466308970</hdop><vdop>5.41723611546889</vdop><pdop>5.87432377956445</pdop><extensions><gpxtpx:TrackPointExtension><gpxtpx:speed>7672.99507057085975</gpxtpx:speed><gpxtpx:course>0.00000000000000</gpxtpx:course></gpxtpx:TrackPointExtension></extensions></trkpt>
      <trkpt lon="-150.22233424438298" lat="-76.30302349416938"><ele>521538.53374323993921</ele><time>2023-01-20T10:13:48.100Z</time><hdop>2.27219801810939</hdop><vdop>5.41679829677859</vdop><pdop>5.87406057352864</pdop><extensions><gpxtpx:TrackPointExtension><gpxtpx:speed>7673.26322285478545</gpxtpx:speed><gpxtpx:course>0.00000000000000</gpxtpx:course></gpxtpx:TrackPointExtension></extensions></trkpt>
      <trkpt lon="-150.23682259531992" lat="-76.29769193014783"><ele>521541.89804054517299</ele><time>2023-01-20T10:13:48.200Z</time><hdop>2.27255963133743</hdop><vdop>5.41635991911916</vdop><pdop>5.87379622147595</pdop><extensions><gpxtpx:TrackPointExtension><gpxtpx:speed>7673.33021884250320</gpxtpx:speed><gpxtpx:course>0.00000000000000</gpxtpx:course></gpxtpx:TrackPointExtension></extensions></trkpt>
      <trkpt lon="-150.25132043022717" lat="-76.29233964395360"><ele>521541.38734090887010</ele><time>2023-01-20T10:13:48.300Z</time><hdop>2.27292339239388</hdop><vdop>5.41592208102817</vdop><pdop>5.87353324119816</pdop><extensions><gpxtpx:TrackPointExtension><gpxtpx:speed>7673.36832454827982</gpxtpx:speed><gpxtpx:course>0.00000000000000</gpxtpx:course></gpxtpx:TrackPointExtension></extensions></trkpt>
      <trkpt lon="-150.26580974782388" lat="-76.28697300860976"><ele>521536.40592356305569</ele><time>2023-01-20T10:13:48.400Z</time><hdop>2.27328872650076</hdop><vdop>5.41548502384963</vdop><pdop>5.87327163321901</pdop><extensions><gpxtpx:TrackPointExtension><gpxtpx:speed>7673.56069932907212</gpxtpx:speed><gpxtpx:course>0.00000000000000</gpxtpx:course></gpxtpx:TrackPointExtension></extensions></trkpt>
      <trkpt lon="-150.28027329464786" lat="-76.28163237901515"><ele>521539.95262182969600</ele><time>2023-01-20T10:13:48.500Z</time><hdop>2.27365106060968</hdop><vdop>5.41504644415862</vdop><pdop>5.87300750363955</pdop><extensions><gpxtpx:TrackPointExtension><gpxtpx:speed>7673.10407124650010</gpxtpx:speed><gpxtpx:course>0.00000000000000</gpxtpx:course></gpxtpx:TrackPointExtension></extensions></trkpt>
      <trkpt lon="-150.29472684762655" lat="-76.27628168380484"><ele>521539.03182462509722</ele><time>2023-01-20T10:13:48.600Z</time><hdop>2.27401467832475</hdop><vdop>5.41460877738324</vdop><pdop>5.87274475601928</pdop><extensions><gpxtpx:TrackPointExtension><gpxtpx:speed>7673.51533712627406</gpxtpx:speed><gpxtpx:course>0.00000000000000</gpxtpx:course></gpxtpx:TrackPointExtension></extensions></trkpt>
      <trkpt lon="-150.30912241409595" lat="-76.27094317047414"><ele>521539.32583357952535</ele><time>2023-01-20T10:13:48.700Z</time><hdop>2.27437721913987</hdop><vdop>5.41417116307114</vdop><pdop>5.87248168306837</pdop><extensions><gpxtpx:TrackPointExtension><gpxtpx:speed>7673.94368419655439</gpxtpx:speed><gpxtpx:course>0.00000000000000</gpxtpx:course></gpxtpx:TrackPointExtension></extensions></trkpt>
      <trkpt lon="-150.32357326541674" lat="-76.26557719281382"><ele>521538.02693867497146</ele><time>2023-01-20T10:13:48.800Z</time><hdop>2.27474218586662</hdop><vdop>5.41373326918597</vdop><pdop>5.87221933531542</pdop><extensions><gpxtpx:TrackPointExtension><gpxtpx:speed>7672.47847265977998</gpxtpx:speed><gpxtpx:course>0.00000000000000</gpxtpx:course></gpxtpx:TrackPointExtension></extensions></trkpt>
      <trkpt lon="-150.33803770369366" lat="-76.26022084652512"><ele>521543.19771845359355</ele><time>2023-01-20T10:13:48.900Z</time><hdop>2.27510569154679</hdop><vdop>5.41329394562985</vdop><pdop>5.87195514709550</pdop><extensions><gpxtpx:TrackPointExtension><gpxtpx:speed>7673.09827744797076</gpxtpx:speed><gpxtpx:course>0.00000000000000</gpxtpx:course></gpxtpx:TrackPointExtension></extensions></trkpt>
      <trkpt lon="-150.35242941422183" lat="-76.25487566149805"><ele>521543.00859956350178</ele><time>2023-01-20T10:13:49.000Z</time><hdop>2.27546872982169</hdop><vdop>5.41285629588073</vdop><pdop>5.87169236423810</pdop><extensions><gpxtpx:TrackPointExtension><gpxtpx:speed>7673.06375667027623</gpxtpx:speed><gpxtpx:course>0.00000000000000</gpxtpx:course></gpxtpx:TrackPointExtension></extensions></trkpt>
      <trkpt lon="-150.36681422055858" lat="-76.24952669665606"><ele>521543.40671025868505</ele><time>2023-01-20T10:13:49.100Z</time><hdop>2.27583203027514</hdop><vdop>5.41241841546827</vdop><pdop>5.87142951368117</pdop><extensions><gpxtpx:TrackPointExtension><gpxtpx:speed>7673.39008925909457</gpxtpx:speed><gpxtpx:course>0.00000000000000</gpxtpx:course></gpxtpx:TrackPointExtension></extensions></trkpt>
      <trkpt lon="-150.38122587954209" lat="-76.24415342438937"><ele>521540.03801381494850</ele><time>2023-01-20T10:13:49.200Z</time><hdop>2.27619773085607</hdop><vdop>5.41198092555789</vdop><pdop>5.87116799696250</pdop><extensions><gpxtpx:TrackPointExtension><gpxtpx:speed>7673.08943727293354</gpxtpx:speed><gpxtpx:course>0.00000000000000</gpxtpx:course></gpxtpx:TrackPointExtension></extensions></trkpt>
      <trkpt lon="-150.39556697337633" lat="-76.23880978600971"><ele>521540.44677013810724</ele><time>2023-01-20T10:13:49.300Z</time><hdop>2.27656057290400</hdop><vdop>5.41154321171957</vdop><pdop>5.87090520911462</pdop><extensions><gpxtpx:TrackPointExtension><gpxtpx:speed>7672.92477846463225</gpxtpx:speed><gpxtpx:course>0.00000000000000</gpxtpx:course></gpxtpx:TrackPointExtension></extensions></trkpt>
      <trkpt lon="-150.40994723310425" lat="-76.23344588964486"><ele>521542.62868090067059</ele><time>2023-01-20T10:13:49.400Z</time><hdop>2.27692505999881</hdop><vdop>5.41110459265108</vdop><pdop>5.87064226822417</pdop><extensions><gpxtpx:TrackPointExtension><gpxtpx:speed>7673.60618346084630</gpxtpx:speed><gpxtpx:course>0.00000000000000</gpxtpx:course></gpxtpx:TrackPointExtension></extensions></trkpt>
      <trkpt lon="-150.42430834347263" lat="-76.22807714528427"><ele>521540.93424902763218</ele><time>2023-01-20T10:13:49.500Z</time><hdop>2.27729022052025</hdop><vdop>5.41066685784076</vdop><pdop>5.87038044721240</pdop><extensions><gpxtpx:TrackPointExtension><gpxtpx:speed>7673.19746058231431</gpxtpx:speed><gpxtpx:course>0.00000000000000</gpxtpx:course></gpxtpx:TrackPointExtension></extensions></trkpt>
      <trkpt lon="-150.43865364677171" lat="-76.22272036432430"><ele>521540.80002654157579</ele><time>2023-01-20T10:13:49.600Z</time><hdop>2.27765418555030</hdop><vdop>5.41022898661897</vdop><pdop>5.87011808029506</pdop><extensions><gpxtpx:TrackPointExtension><gpxtpx:speed>7673.66674700990643</gpxtpx:speed><gpxtpx:course>0.00000000000000</gpxtpx:course></gpxtpx:TrackPointExtension></extensions></trkpt>
      <trkpt lon="-150.45297025926394" lat="-76.21736870943329"><ele>521540.17150888685137</ele><time>2023-01-20T10:13:49.700Z</time><hdop>2.27801769300876</hdop><vdop>5.40979136715140</vdop><pdop>5.86985581132678</pdop><extensions><gpxtpx:TrackPointExtension><gpxtpx:speed>7673.60447600662792</gpxtpx:speed><gpxtpx:course>0.00000000000000</gpxtpx:course></gpxtpx:TrackPointExtension></extensions></trkpt>
      <trkpt lon="-150.46728598924068" lat="-76.21200613658287"><ele>521538.32818937860429</ele><time>2023-01-20T10:13:49.800Z</time><hdop>2.27838232651472</hdop><vdop>5.40935383392703</vdop><pdop>5.86959410235458</pdop><extensions><gpxtpx:TrackPointExtension><gpxtpx:speed>7673.02564513345078</gpxtpx:speed><gpxtpx:course>0.00000000000000</gpxtpx:course></gpxtpx:TrackPointExtension></extensions></trkpt>
      <trkpt lon="-150.48156948253512" lat="-76.20665774688258"><ele>521540.57910503633320</ele><time>2023-01-20T10:13:49.900Z</time><hdop>2.27874535530170</hdop><vdop>5.40891562896635</vdop><pdop>5.86933119491356</pdop><extensions><gpxtpx:TrackPointExtension><gpxtpx:speed>7673.07218351674146</gpxtpx:speed><gpxtpx:course>0.00000000000000</gpxtpx:course></gpxtpx:TrackPointExtension></extensions></trkpt>
      <trkpt lon="-150.49591157234636" lat="-76.20126794552219"><ele>521534.84757047891617</ele><time>2023-01-20T10:13:50.000Z</time><hdop>2.27911259375610</hdop><vdop>5.40847843920660</vdop><pdop>5.86907090112058</pdop><extensions><gpxtpx:TrackPointExtension><gpxtpx:speed>7673.07120083020436</gpxtpx:speed><gpxtpx:course>0.00000000000000</gpxtpx:course></gpxtpx:TrackPointExtension></extensions></trkpt>
      <trkpt lon="-150.51022317178621" lat="-76.19591269173492"><ele>521537.63697350677103</ele><time>2023-01-20T10:13:50.100Z</time><hdop>2.27947600766251</hdop><vdop>5.40803987107203</vdop><pdop>5.86880789569857</pdop><extensions><gpxtpx:TrackPointExtension><gpxtpx:speed>7673.98437651442509</gpxtpx:speed><gpxtpx:course>0.00000000000000</gpxtpx:course></gpxtpx:TrackPointExtension></extensions></trkpt>
      <trkpt lon="-150.52448093854858" lat="-76.19055296857005"><ele>521540.43285389058292</ele><time>2023-01-20T10:13:50.200Z</time><hdop>2.27984004384337</hdop><vdop>5.40760134697822</vdop><pdop>5.86854521609508</pdop><extensions><gpxtpx:TrackPointExtension><gpxtpx:speed>7672.57314038725235</gpxtpx:speed><gpxtpx:course>0.00000000000000</gpxtpx:course></gpxtpx:TrackPointExtension></extensions></trkpt>
      <trkpt lon="-150.53871605918204" lat="-76.18517960222948"><ele>521537.47655783034861</ele><time>2023-01-20T10:13:50.300Z</time><hdop>2.28020577667622</hdop><vdop>5.40716401132010</vdop><pdop>5.86828433439475</pdop><extensions><gpxtpx:TrackPointExtension><gpxtpx:speed>7673.73419970442319</gpxtpx:speed><gpxtpx:course>0.00000000000000</gpxtpx:course></gpxtpx:TrackPointExtension></extensions></trkpt>
      <trkpt lon="-150.55300474206263" lat="-76.17982725483387"><ele>521539.83158960379660</ele><time>2023-01-20T10:13:50.400Z</time><hdop>2.28056886616830</hdop><vdop>5.40672562728856</vdop><pdop>5.86802150320830</pdop><extensions><gpxtpx:TrackPointExtension><gpxtpx:speed>7672.36227591747229</gpxtpx:speed><gpxtpx:course>0.00000000000000</gpxtpx:course></gpxtpx:TrackPointExtension></extensions></trkpt>
      <trkpt lon="-150.56724609434565" lat="-76.17445215796197"><ele>521537.26355460844934</ele><time>2023-01-20T10:13:50.500Z</time><hdop>2.28093458627720</hdop><vdop>5.40628809333143</vdop><pdop>5.86776052126982</pdop><extensions><gpxtpx:TrackPointExtension><gpxtpx:speed>7673.02482545101884</gpxtpx:speed><gpxtpx:course>0.00000000000000</gpxtpx:course></gpxtpx:TrackPointExtension></extensions></trkpt>
      <trkpt lon="-150.58145803308375" lat="-76.16908536254462"><ele>521536.79109982121736</ele><time>2023-01-20T10:13:50.600Z</time><hdop>2.28129942175699</hdop><vdop>5.40585026816564</vdop><pdop>5.86749897090194</pdop><extensions><gpxtpx:TrackPointExtension><gpxtpx:speed>7673.81887851811734</gpxtpx:speed><gpxtpx:course>0.00000000000000</gpxtpx:course></gpxtpx:TrackPointExtension></extensions></trkpt>
      <trkpt lon="-150.59569322149974" lat="-76.16372062927280"><ele>521538.42979416903108</ele><time>2023-01-20T10:13:50.700Z</time><hdop>2.28166379737437</hdop><vdop>5.40541191314061</vdop><pdop>5.86723679724718</pdop><extensions><gpxtpx:TrackPointExtension><gpxtpx:speed>7673.43504607487102</gpxtpx:speed><gpxtpx:course>0.00000000000000</gpxtpx:course></gpxtpx:TrackPointExtension></extensions></trkpt>
      <trkpt lon="-150.60996602868832" lat="-76.15835992271739"><ele>521543.57758309505880</ele><time>2023-01-20T10:13:50.800Z</time><hdop>2.50950569684610</hdop><vdop>6.32611746176823</vdop><pdop>6.80568739971151</pdop><extensions><gpxtpx:TrackPointExtension><gpxtpx:speed>7673.07635713239506</gpxtpx:speed><gpxtpx:course>0.00000000000000</gpxtpx:course></gpxtpx:TrackPointExtension></extensions></trkpt>
      <trkpt lon="-150.62416107771074" lat="-76.15298775576730"><ele>521539.94116427656263</ele><time>2023-01-20T10:13:50.900Z</time><hdop>2.50971053841444</hdop><vdop>6.32573621888019</vdop><pdop>6.80540856212771</pdop><extensions><gpxtpx:TrackPointExtension><gpxtpx:speed>7673.01018846536954</gpxtpx:speed><gpxtpx:course>0.00000000000000</gpxtpx:course></gpxtpx:TrackPointExtension></extensions></trkpt>
      <trkpt lon="-150.63833660914230" lat="-76.14762265164084"><ele>521540.83425882086158</ele><time>2023-01-20T10:13:51.000Z</time><hdop>2.50991462590182</hdop><vdop>6.32535379295028</vdop><pdop>6.80512836288239</pdop><extensions><gpxtpx:TrackPointExtension><gpxtpx:speed>7673.32104813583283</gpxtpx:speed><gpxtpx:course>0.00000000000000</gpxtpx:course></gpxtpx:TrackPointExtension></extensions></trkpt>
      <trkpt lon="-150.65252304006239" lat="-76.14224428252268"><ele>521538.23020325135440</ele><time>2023-01-20T10:13:51.100Z</time><hdop>2.51011996319647</hdop><vdop>6.32497213933915</vdop><pdop>6.80484935858641</pdop><extensions><gpxtpx:TrackPointExtension><gpxtpx:speed>7673.13121972599492</gpxtpx:speed><gpxtpx:course>0.00000000000000</gpxtpx:course></gpxtpx:TrackPointExtension></extensions></trkpt>
      <trkpt lon="-150.66670437378062" lat="-76.13687390469177"><ele>521540.30124513991177</ele><time>2023-01-20T10:13:51.200Z</time><hdop>2.51032432603246</hdop><vdop>6.32458923663809</vdop><pdop>6.80456884997636</pdop><extensions><gpxtpx:TrackPointExtension><gpxtpx:speed>7673.77570079531051</gpxtpx:speed><gpxtpx:course>0.00000000000000</gpxtpx:course></gpxtpx:TrackPointExtension></extensions></trkpt>
      <trkpt lon="-150.68086390903517" lat="-76.13149893120435"><ele>521539.34346984885633</ele><time>2023-01-20T10:13:51.300Z</time><hdop>2.51052957420463</hdop><vdop>6.32420717154619</vdop><pdop>6.80428946265460</pdop><extensions><gpxtpx:TrackPointExtension><gpxtpx:speed>7673.22838694888014</gpxtpx:speed><gpxtpx:course>0.00000000000000</gpxtpx:course></gpxtpx:TrackPointExtension></extensions></trkpt>
      <trkpt lon="-150.69501938472672" lat="-76.12613134625722"><ele>521540.59741806518286</ele><time>2023-01-20T10:13:51.400Z</time><hdop>2.51073402359177</hdop><vdop>6.32382446298394</vdop><pdop>6.80400919868980</pdop><extensions><gpxtpx:TrackPointExtension><gpxtpx:speed>7673.17343808037003</gpxtpx:speed><gpxtpx:course>0.00000000000000</gpxtpx:course></gpxtpx:TrackPointExtension></extensions></trkpt>
      <trkpt lon="-150.70916044924846" lat="-76.12076010443447"><ele>521538.92183120455593</ele><time>2023-01-20T10:13:51.500Z</time><hdop>2.51093919138310</hdop><vdop>6.32344254216779</vdop><pdop>6.80372994811824</pdop><extensions><gpxtpx:TrackPointExtension><gpxtpx:speed>7673.22050032421885</gpxtpx:speed><gpxtpx:course>0.00000000000000</gpxtpx:course></gpxtpx:TrackPointExtension></extensions></trkpt>
      <trkpt lon="-150.72328396851827" lat="-76.11538268027083"><ele>521538.02329317387193</ele><time>2023-01-20T10:13:51.600Z</time><hdop>2.51114497497172</hdop><vdop>6.32306034993757</vdop><pdop>6.80345068875187</pdop><extensions><gpxtpx:TrackPointExtension><gpxtpx:speed>7673.65660340962131</gpxtpx:speed><gpxtpx:course>0.00000000000000</gpxtpx:course></gpxtpx:TrackPointExtension></extensions></trkpt>
      <trkpt lon="-150.73736471604877" lat="-76.10999535173214"><ele>521532.50482570007443</ele><time>2023-01-20T10:13:51.700Z</time><hdop>2.51135234131887</hdop><vdop>6.32267940055313</vdop><pdop>6.80317318495029</pdop><extensions><gpxtpx:TrackPointExtension><gpxtpx:speed>7673.11584456616310</gpxtpx:speed><gpxtpx:course>0.00000000000000</gpxtpx:course></gpxtpx:TrackPointExtension></extensions></trkpt>
      <trkpt lon="-150.75147284357550" lat="-76.10462411770348"><ele>521534.58418507594615</ele><time>2023-01-20T10:13:51.800Z</time><hdop>2.51155753197076</hdop><vdop>6.32229639265445</vdop><pdop>6.80289298114931</pdop><extensions><gpxtpx:TrackPointExtension><gpxtpx:speed>7673.58926224886545</gpxtpx:speed><gpxtpx:course>0.00000000000000</gpxtpx:course></gpxtpx:TrackPointExtension></extensions></trkpt>
      <trkpt lon="-150.76564868643166" lat="-76.09925331150960"><ele>521540.24034312553704</ele><time>2023-01-20T10:13:51.900Z</time><hdop>2.51176171621501</hdop><vdop>6.32191215509072</vdop><pdop>6.80261127918737</pdop><extensions><gpxtpx:TrackPointExtension><gpxtpx:speed>7673.46695393569735</gpxtpx:speed><gpxtpx:course>0.00000000000000</gpxtpx:course></gpxtpx:TrackPointExtension></extensions></trkpt>
      <trkpt lon="-150.77970448082382" lat="-76.09387354400005"><ele>521538.32299755606800</ele><time>2023-01-20T10:13:52.000Z</time><hdop>2.51196850849496</hdop><vdop>6.32153026177290</vdop><pdop>6.80233273503884</pdop><extensions><gpxtpx:TrackPointExtension><gpxtpx:speed>7673.48212510928170</gpxtpx:speed><gpxtpx:course>0.00000000000000</gpxtpx:course></gpxtpx:TrackPointExtension></extensions></trkpt>
      <trkpt lon="-150.79381341820269" lat="-76.08849268634498"><ele>521538.64403125736862</ele><time>2023-01-20T10:13:52.100Z</time><hdop>2.51217460580597</hdop><vdop>6.32114748239225</vdop><pdop>6.80205312712347</pdop><extensions><gpxtpx:TrackPointExtension><gpxtpx:speed>7673.02000182074062</gpxtpx:speed><gpxtpx:course>0.00000000000000</gpxtpx:course></gpxtpx:TrackPointExtension></extensions></trkpt>
      <trkpt lon="-150.80788615299059" lat="-76.08311389220879"><ele>521537.80808846745640</ele><time>2023-01-20T10:13:52.200Z</time><hdop>2.51238100157627</hdop><vdop>6.32076508808960</vdop><pdop>6.80177400358860</pdop><extensions><gpxtpx:TrackPointExtension><gpxtpx:speed>7673.26398546732980</gpxtpx:speed><gpxtpx:course>0.00000000000000</gpxtpx:course></gpxtpx:TrackPointExtension></extensions></trkpt>
      <trkpt lon="-150.82194652919364" lat="-76.07774252918941"><ele>521540.13552489876747</ele><time>2023-01-20T10:13:52.300Z</time><hdop>2.51258670714857</hdop><vdop>6.32038189905307</vdop><pdop>6.80149390287291</pdop><extensions><gpxtpx:TrackPointExtension><gpxtpx:speed>7673.39309732253605</gpxtpx:speed><gpxtpx:course>0.00000000000000</gpxtpx:course></gpxtpx:TrackPointExtension></extensions></trkpt>
      <trkpt lon="-150.83598781897044" lat="-76.07235267225434"><ele>521537.30811721645296</ele><time>2023-01-20T10:13:52.400Z</time><hdop>2.51279447427442</hdop><vdop>6.31999994564751</vdop><pdop>6.80121572830391</pdop><extensions><gpxtpx:TrackPointExtension><gpxtpx:speed>7673.63249313056895</gpxtpx:speed><gpxtpx:course>0.00000000000000</gpxtpx:course></gpxtpx:TrackPointExtension></extensions></trkpt>
      <trkpt lon="-150.85002156749260" lat="-76.06697131624385"><ele>521537.62360539846122</ele><time>2023-01-20T10:13:52.500Z</time><hdop>2.51300138957193</hdop><vdop>6.31961717958810</vdop><pdop>6.80093650025755</pdop><extensions><gpxtpx:TrackPointExtension><gpxtpx:speed>7673.27040494813446</gpxtpx:speed><gpxtpx:course>0.00000000000000</gpxtpx:course></gpxtpx:TrackPointExtension></extensions></trkpt>
      <trkpt lon="-150.86406264825311" lat="-76.06159572518422"><ele>521540.28194067068398</ele><time>2023-01-20T10:13:52.600Z</time><hdop>2.51320759577622</hdop><vdop>6.31923376319685</vdop><pdop>6.80065642224295</pdop><extensions><gpxtpx:TrackPointExtension><gpxtpx:speed>7673.67819807033356</gpxtpx:speed><gpxtpx:course>0.00000000000000</gpxtpx:course></gpxtpx:TrackPointExtension></extensions></trkpt>
      <trkpt lon="-150.87809841690660" lat="-76.05621422789024"><ele>521541.81374720949680</ele><time>2023-01-20T10:13:52.700Z</time><hdop>2.51341445977864</hdop><vdop>6.31885059499233</vdop><pdop>6.80037683429817</pdop><extensions><gpxtpx:TrackPointExtension><gpxtpx:speed>7673.50947255742813</gpxtpx:speed><gpxtpx:course>0.00000000000000</gpxtpx:course></gpxtpx:TrackPointExtension></extensions></trkpt>
      <trkpt lon="-150.89209186040401" lat="-76.05082674016496"><ele>521538.66007975675166</ele><time>2023-01-20T10:13:52.800Z</time><hdop>2.51362256874840</hdop><vdop>6.31846867568777</vdop><pdop>6.80009888338169</pdop><extensions><gpxtpx:TrackPointExtension><gpxtpx:speed>7673.03510018647557</gpxtpx:speed><gpxtpx:course>0.00000000000000</gpxtpx:course></gpxtpx:TrackPointExtension></extensions></trkpt>
      <trkpt lon="-150.90609446509265" lat="-76.04543734936550"><ele>521537.25373474322259</ele><time>2023-01-20T10:13:52.900Z</time><hdop>2.51383059942402</hdop><vdop>6.31808618721360</vdop><pdop>6.79982039113238</pdop><extensions><gpxtpx:TrackPointExtension><gpxtpx:speed>7673.15581035112609</gpxtpx:speed><gpxtpx:course>0.00000000000000</gpxtpx:course></gpxtpx:TrackPointExtension></extensions></trkpt>
      <trkpt lon="-150.92010065005724" lat="-76.04004715778080"><ele>521536.88538450188935</ele><time>2023-01-20T10:13:53.000Z</time><hdop>2.51403857538619</hdop><vdop>6.31770335014704</vdop><pdop>6.79954157123765</pdop><extensions><gpxtpx:TrackPointExtension><gpxtpx:speed>7673.62992059696899</gpxtpx:speed><gpxtpx:course>0.00000000000000</gpxtpx:course></gpxtpx:TrackPointExtension></extensions></trkpt>
      <trkpt lon="-150.93403934173691" lat="-76.03465791708454"><ele>521534.09672964457422</ele><time>2023-01-20T10:13:53.100Z</time><hdop>2.51424738422214</hdop><vdop>6.31732135419755</vdop><pdop>6.79926385730604</pdop><extensions><gpxtpx:TrackPointExtension><gpxtpx:speed>7673.31468647645397</gpxtpx:speed><gpxtpx:course>0.00000000000000</gpxtpx:course></gpxtpx:TrackPointExtension></extensions></trkpt>
      <trkpt lon="-150.94803633245732" lat="-76.02927951273510"><ele>521537.61479515954852</ele><time>2023-01-20T10:13:53.200Z</time><hdop>2.51445421976561</hdop><vdop>6.31693750908033</vdop><pdop>6.79898371206485</pdop><extensions><gpxtpx:TrackPointExtension><gpxtpx:speed>7673.36967303248639</gpxtpx:speed><gpxtpx:course>0.00000000000000</gpxtpx:course></gpxtpx:TrackPointExtension></extensions></trkpt>
      <trkpt lon="-150.96200785902823" lat="-76.02389236850445"><ele>521539.63086736202240</ele><time>2023-01-20T10:13:53.300Z</time><hdop>2.51466211647962</hdop><vdop>6.31655398723706</vdop><pdop>6.79870427609101</pdop><extensions><gpxtpx:TrackPointExtension><gpxtpx:speed>7673.11325526606652</gpxtpx:speed><gpxtpx:course>0.00000000000000</gpxtpx:course></gpxtpx:TrackPointExtension></extensions></trkpt>
      <trkpt lon="-150.97594143836037" lat="-76.01850583271698"><ele>521541.31243300065398</ele><time>2023-01-20T10:13:53.400Z</time><hdop>2.51487042639556</hdop><vdop>6.31617067551555</vdop><pdop>6.79842520469274</pdop><extensions><gpxtpx:TrackPointExtension><gpxtpx:speed>7672.67188215148963</gpxtpx:speed><gpxtpx:course>0.00000000000000</gpxtpx:course></gpxtpx:TrackPointExtension></extensions></trkpt>
      <trkpt lon="-150.98988978854950" lat="-76.01310600727155"><ele>521538.63333049137145</ele><time>2023-01-20T10:13:53.500Z</time><hdop>2.51507997546189</hdop><vdop>6.31578830146516</vdop><pdop>6.79814747941625</pdop><extensions><gpxtpx:TrackPointExtension><gpxtpx:speed>7673.52211887576232</gpxtpx:speed><gpxtpx:course>0.00000000000000</gpxtpx:course></gpxtpx:TrackPointExtension></extensions></trkpt>
      <trkpt lon="-151.00379718929224" lat="-76.00772086070290"><ele>521535.03447777032852</ele><time>2023-01-20T10:13:53.600Z</time><hdop>2.51528882865795</hdop><vdop>6.31540634878464</vdop><pdop>6.79786990474522</pdop><extensions><gpxtpx:TrackPointExtension><gpxtpx:speed>7672.96545618717391</gpxtpx:speed><gpxtpx:course>0.00000000000000</gpxtpx:course></gpxtpx:TrackPointExtension></extensions></trkpt>
      <trkpt lon="-151.01771674967983" lat="-76.00233484249587"><ele>521536.88885469827801</ele><time>2023-01-20T10:13:53.700Z</time><hdop>2.51549720417645</hdop><vdop>6.31502283974429</vdop><pdop>6.79759072397798</pdop><extensions><gpxtpx:TrackPointExtension><gpxtpx:speed>7672.71041115528169</gpxtpx:speed><gpxtpx:course>0.00000000000000</gpxtpx:course></gpxtpx:TrackPointExtension></extensions></trkpt>
      <trkpt lon="-151.03163615653818" lat="-75.99694288875770"><ele>521538.97745011933148</ele><time>2023-01-20T10:13:53.800Z</time><hdop>2.51570606895899</hdop><vdop>6.31463919818539</vdop><pdop>6.79731161773951</pdop><extensions><gpxtpx:TrackPointExtension><gpxtpx:speed>7672.88204716013115</gpxtpx:speed><gpxtpx:course>0.00000000000000</gpxtpx:course></gpxtpx:TrackPointExtension></extensions></trkpt>
      <trkpt lon="-151.04551119230794" lat="-75.99155310861528"><ele>521538.66936974786222</ele><time>2023-01-20T10:13:53.900Z</time><hdop>2.51591537833907</hdop><vdop>6.31425628133825</vdop><pdop>6.79703336591653</pdop><extensions><gpxtpx:TrackPointExtension><gpxtpx:speed>7673.57655213871385</gpxtpx:speed><gpxtpx:course>0.00000000000000</gpxtpx:course></gpxtpx:TrackPointExtension></extensions></trkpt>
      <trkpt lon="-151.05941692183956" lat="-75.98616082686601"><ele>521538.81124547123909</ele><time>2023-01-20T10:13:54.000Z</time><hdop>2.51612453936162</hdop><vdop>6.31387305563665</vdop><pdop>6.79675478888802</pdop><extensions><gpxtpx:TrackPointExtension><gpxtpx:speed>7673.32673164726111</gpxtpx:speed><gpxtpx:course>0.00000000000000</gpxtpx:course></gpxtpx:TrackPointExtension></extensions></trkpt>
      <trkpt lon="-151.07329300788498" lat="-75.98076189034289"><ele>521535.85802196804434</ele><time>2023-01-20T10:13:54.100Z</time><hdop>2.51633479438351</hdop><vdop>6.31349066254596</vdop><pdop>6.79647740697195</pdop><extensions><gpxtpx:TrackPointExtension><gpxtpx:speed>7673.21505878843436</gpxtpx:speed><gpxtpx:course>0.00000000000000</gpxtpx:course></gpxtpx:TrackPointExtension></extensions></trkpt>
      <trkpt lon="-151.08716491335764" lat="-75.97536797498621"><ele>521538.42516759037971</ele><time>2023-01-20T10:13:54.200Z</time><hdop>2.51654425408830</hdop><vdop>6.31310678370504</vdop><pdop>6.79619836712021</pdop><extensions><gpxtpx:TrackPointExtension><gpxtpx:speed>7673.77549127396014</gpxtpx:speed><gpxtpx:course>0.00000000000000</gpxtpx:course></gpxtpx:TrackPointExtension></extensions></trkpt>
      <trkpt lon="-151.10101765130887" lat="-75.96996698193111"><ele>521535.65348653029650</ele><time>2023-01-20T10:13:54.300Z</time><hdop>2.51675493581365</hdop><vdop>6.31272431784265</vdop><pdop>6.79592110902006</pdop><extensions><gpxtpx:TrackPointExtension><gpxtpx:speed>7673.25359696906435</gpxtpx:speed><gpxtpx:course>0.00000000000000</gpxtpx:course></gpxtpx:TrackPointExtension></extensions></trkpt>
      <trkpt lon="-151.11483594387090" lat="-75.96456934316014"><ele>521532.61694909166545</ele><time>2023-01-20T10:13:54.400Z</time><hdop>2.51696569887283</hdop><vdop>6.31234198201142</vdop><pdop>6.79564401857294</pdop><extensions><gpxtpx:TrackPointExtension><gpxtpx:speed>7673.56330161140158</gpxtpx:speed><gpxtpx:course>0.00000000000000</gpxtpx:course></gpxtpx:TrackPointExtension></extensions></trkpt>
      <trkpt lon="-151.12868888337235" lat="-75.95917337297091"><ele>521533.21102826204151</ele><time>2023-01-20T10:13:54.500Z</time><hdop>2.51717565463017</hdop><vdop>6.31195847881637</vdop><pdop>6.79536556151063</pdop><extensions><gpxtpx:TrackPointExtension><gpxtpx:speed>7673.38654497051448</gpxtpx:speed><gpxtpx:course>0.00000000000000</gpxtpx:course></gpxtpx:TrackPointExtension></extensions></trkpt>
      <trkpt lon="-151.14252602393717" lat="-75.95377836293430"><ele>521535.50619491003454</ele><time>2023-01-20T10:13:54.600Z</time><hdop>2.51738562024001</hdop><vdop>6.31157458311570</vdop><pdop>6.79508676024253</pdop><extensions><gpxtpx:TrackPointExtension><gpxtpx:speed>7673.06416061963137</gpxtpx:speed><gpxtpx:course>0.00000000000000</gpxtpx:course></gpxtpx:TrackPointExtension></extensions></trkpt>
      <trkpt lon="-151.15635677383941" lat="-75.94838455026877"><ele>521538.75775940530002</ele><time>2023-01-20T10:13:54.700Z</time><hdop>2.51759546575203</hdop><vdop>6.31119039961617</vdop><pdop>6.79480766389914</pdop><extensions><gpxtpx:TrackPointExtension><gpxtpx:speed>7673.09531495936153</gpxtpx:speed><gpxtpx:course>0.00000000000000</gpxtpx:course></gpxtpx:TrackPointExtension></extensions></trkpt>
      <trkpt lon="-151.17015935579292" lat="-75.94298984441669"><ele>521537.84082865901291</ele><time>2023-01-20T10:13:54.800Z</time><hdop>2.51780598759167</hdop><vdop>6.31080733823988</vdop><pdop>6.79452987715374</pdop><extensions><gpxtpx:TrackPointExtension><gpxtpx:speed>7673.12100838910101</gpxtpx:speed><gpxtpx:course>0.00000000000000</gpxtpx:course></gpxtpx:TrackPointExtension></extensions></trkpt>
      <trkpt lon="-151.18395113414792" lat="-75.93759482780727"><ele>521539.58023575600237</ele><time>2023-01-20T10:13:54.900Z</time><hdop>2.51801645354447</hdop><vdop>6.31042355218260</vdop><pdop>6.79425141338334</pdop><extensions><gpxtpx:TrackPointExtension><gpxtpx:speed>7673.01850001444200</gpxtpx:speed><gpxtpx:course>0.00000000000000</gpxtpx:course></gpxtpx:TrackPointExtension></extensions></trkpt>
      <trkpt lon="-151.19773124982129" lat="-75.93219565089336"><ele>521541.60321567393839</ele><time>2023-01-20T10:13:55.000Z</time><hdop>2.51822737915048</hdop><vdop>6.31003967620820</vdop><pdop>6.79397305326013</pdop><extensions><gpxtpx:TrackPointExtension><gpxtpx:speed>7673.04612357172755</gpxtpx:speed><gpxtpx:course>0.00000000000000</gpxtpx:course></gpxtpx:TrackPointExtension></extensions></trkpt>
      <trkpt lon="-151.21149951712326" lat="-75.92678190675754"><ele>521535.38459011726081</ele><time>2023-01-20T10:13:55.100Z</time><hdop>2.51844022639628</hdop><vdop>6.30965783348316</vdop><pdop>6.79369731071133</pdop><extensions><gpxtpx:TrackPointExtension><gpxtpx:speed>7673.38941449623417</gpxtpx:speed><gpxtpx:course>0.00000000000000</gpxtpx:course></gpxtpx:TrackPointExtension></extensions></trkpt>
      <trkpt lon="-151.22522798677633" lat="-75.92137672921345"><ele>521530.21544986404479</ele><time>2023-01-20T10:13:55.200Z</time><hdop>2.51865268965487</hdop><vdop>6.30927582399481</vdop><pdop>6.79342128786013</pdop><extensions><gpxtpx:TrackPointExtension><gpxtpx:speed>7673.12584392791450</gpxtpx:speed><gpxtpx:course>0.00000000000000</gpxtpx:course></gpxtpx:TrackPointExtension></extensions></trkpt>
      <trkpt lon="-151.23899673033958" lat="-75.91598937606534"><ele>521538.23204250913113</ele><time>2023-01-20T10:13:55.300Z</time><hdop>2.51886229411023</hdop><vdop>6.30889028007347</vdop><pdop>6.79314093941056</pdop><extensions><gpxtpx:TrackPointExtension><gpxtpx:speed>7673.39852757631979</gpxtpx:speed><gpxtpx:course>0.00000000000000</gpxtpx:course></gpxtpx:TrackPointExtension></extensions></trkpt>
      <trkpt lon="-151.25275781408763" lat="-75.91058875080911"><ele>521541.53209766931832</ele><time>2023-01-20T10:13:55.400Z</time><hdop>2.51907343596103</hdop><vdop>6.30850588761265</vdop><pdop>6.79286224722745</pdop><extensions><gpxtpx:TrackPointExtension><gpxtpx:speed>7672.72772839933714</gpxtpx:speed><gpxtpx:course>0.00000000000000</gpxtpx:course></gpxtpx:TrackPointExtension></extensions></trkpt>
      <trkpt lon="-151.26650739724823" lat="-75.90518843348676"><ele>521543.66302343551069</ele><time>2023-01-20T10:13:55.500Z</time><hdop>2.51928475435585</hdop><vdop>6.30812177449559</vdop><pdop>6.79258389682419</pdop><extensions><gpxtpx:TrackPointExtension><gpxtpx:speed>7673.20486534505835</gpxtpx:speed><gpxtpx:course>0.00000000000000</gpxtpx:course></gpxtpx:TrackPointExtension></extensions></trkpt>
      <trkpt lon="-151.28023558866752" lat="-75.89976893097518"><ele>521535.38203750737011</ele><time>2023-01-20T10:13:55.600Z</time><hdop>2.51949865351574</hdop><vdop>6.30774028618359</vdop><pdop>6.79230895815342</pdop><extensions><gpxtpx:TrackPointExtension><gpxtpx:speed>7673.97151600688085</gpxtpx:speed><gpxtpx:course>0.00000000000000</gpxtpx:course></gpxtpx:TrackPointExtension></extensions></trkpt>
      <trkpt lon="-151.29387820359884" lat="-75.89436181296553"><ele>521530.07922811619937</ele><time>2023-01-20T10:13:55.700Z</time><hdop>2.51971220809534</hdop><vdop>6.30735831821635</vdop><pdop>6.79203346325662</pdop><extensions><gpxtpx:TrackPointExtension><gpxtpx:speed>7672.64942220387820</gpxtpx:speed><gpxtpx:course>0.00000000000000</gpxtpx:course></gpxtpx:TrackPointExtension></extensions></trkpt>
      <trkpt lon="-151.30763516069985" lat="-75.88897448601520"><ele>521540.53666570782661</ele><time>2023-01-20T10:13:55.800Z</time><hdop>2.51992173305909</hdop><vdop>6.30697188754768</vdop><pdop>6.79175234612248</pdop><extensions><gpxtpx:TrackPointExtension><gpxtpx:speed>7673.58635363403937</gpxtpx:speed><gpxtpx:course>0.00000000000000</gpxtpx:course></gpxtpx:TrackPointExtension></extensions></trkpt>
      <trkpt lon="-151.32134006253688" lat="-75.88356496908503"><ele>521539.72567086480558</ele><time>2023-01-20T10:13:55.900Z</time><hdop>2.52013452713631</hdop><vdop>6.30658842740469</vdop><pdop>6.79147521732498</pdop><extensions><gpxtpx:TrackPointExtension><gpxtpx:speed>7673.88642884525507</gpxtpx:speed><gpxtpx:course>0.00000000000000</gpxtpx:course></gpxtpx:TrackPointExtension></extensions></trkpt>
      <trkpt lon="-151.33506164887083" lat="-75.87814897884422"><ele>521537.88943955674767</ele><time>2023-01-20T10:13:56.000Z</time><hdop>2.52034773027528</hdop><vdop>6.30620506428809</vdop><pdop>6.79119834744624</pdop><extensions><gpxtpx:TrackPointExtension><gpxtpx:speed>7673.56808559956789</gpxtpx:speed><gpxtpx:course>0.00000000000000</gpxtpx:course></gpxtpx:TrackPointExtension></extensions></trkpt>
      <trkpt lon="-151.34872258017668" lat="-75.87274574441535"><ele>521540.02025163732469</ele><time>2023-01-20T10:13:56.100Z</time><hdop>2.52056018504222</hdop><vdop>6.30582084512871</vdop><pdop>6.79092042195164</pdop><extensions><gpxtpx:TrackPointExtension><gpxtpx:speed>7674.18763874059459</gpxtpx:speed><gpxtpx:course>0.00000000000000</gpxtpx:course></gpxtpx:TrackPointExtension></extensions></trkpt>
      <trkpt lon="-151.36236612799092" lat="-75.86732229830906"><ele>521534.20241206046194</ele><time>2023-01-20T10:13:56.200Z</time><hdop>2.52077514087227</hdop><vdop>6.30543865106299</vdop><pdop>6.79064532229144</pdop><extensions><gpxtpx:TrackPointExtension><gpxtpx:speed>7673.18359889594467</gpxtpx:speed><gpxtpx:course>0.00000000000000</gpxtpx:course></gpxtpx:TrackPointExtension></extensions></trkpt>
      <trkpt lon="-151.37604207008562" lat="-75.86191799267199"><ele>521538.09124900214374</ele><time>2023-01-20T10:13:56.300Z</time><hdop>2.52098739559453</hdop><vdop>6.30505380240413</vdop><pdop>6.79036677212338</pdop><extensions><gpxtpx:TrackPointExtension><gpxtpx:speed>7673.58869925697491</gpxtpx:speed><gpxtpx:course>0.00000000000000</gpxtpx:course></gpxtpx:TrackPointExtension></extensions></trkpt>
      <trkpt lon="-151.38968853503565" lat="-75.85650010334594"><ele>521537.62464935146272</ele><time>2023-01-20T10:13:56.400Z</time><hdop>2.52120145987017</hdop><vdop>6.30467011615741</vdop><pdop>6.79008999018568</pdop><extensions><gpxtpx:TrackPointExtension><gpxtpx:speed>7673.21340176788362</gpxtpx:speed><gpxtpx:course>0.00000000000000</gpxtpx:course></gpxtpx:TrackPointExtension></extensions></trkpt>
      <trkpt lon="-151.40332530422901" lat="-75.85109641942346"><ele>521537.21224868111312</ele><time>2023-01-20T10:13:56.500Z</time><hdop>2.52141446334423</hdop><vdop>6.30428648630233</vdop><pdop>6.78981288382351</pdop><extensions><gpxtpx:TrackPointExtension><gpxtpx:speed>7673.10777304045951</gpxtpx:speed><gpxtpx:course>0.00000000000000</gpxtpx:course></gpxtpx:TrackPointExtension></extensions></trkpt>
      <trkpt lon="-151.41693679361467" lat="-75.84568123391706"><ele>521535.67124162800610</ele><time>2023-01-20T10:13:56.600Z</time><hdop>2.52162873126350</hdop><vdop>6.30390306187327</vdop><pdop>6.78953645485675</pdop><extensions><gpxtpx:TrackPointExtension><gpxtpx:speed>7673.30812721412804</gpxtpx:speed><gpxtpx:course>0.00000000000000</gpxtpx:course></gpxtpx:TrackPointExtension></extensions></trkpt>
      <trkpt lon="-151.43055844807168" lat="-75.84026656160358"><ele>521534.90205739252269</ele><time>2023-01-20T10:13:56.700Z</time><hdop>2.52184278137877</hdop><vdop>6.30351934873072</vdop><pdop>6.78925969409145</pdop><extensions><gpxtpx:TrackPointExtension><gpxtpx:speed>7673.88053081205453</gpxtpx:speed><gpxtpx:course>0.00000000000000</gpxtpx:course></gpxtpx:TrackPointExtension></extensions></trkpt>
      <trkpt lon="-151.44416606254291" lat="-75.83485843428662"><ele>521536.88675343617797</ele><time>2023-01-20T10:13:56.800Z</time><hdop>2.52205625086781</hdop><vdop>6.30313495890318</vdop><pdop>6.78898210652295</pdop><extensions><gpxtpx:TrackPointExtension><gpxtpx:speed>7672.49069702635006</gpxtpx:speed><gpxtpx:course>0.00000000000000</gpxtpx:course></gpxtpx:TrackPointExtension></extensions></trkpt>
      <trkpt lon="-151.45775591365938" lat="-75.82943895691994"><ele>521534.27100305538625</ele><time>2023-01-20T10:13:56.900Z</time><hdop>2.52227118725010</hdop><vdop>6.30275170969259</vdop><pdop>6.78870614005828</pdop><extensions><gpxtpx:TrackPointExtension><gpxtpx:speed>7673.06370849070390</gpxtpx:speed><gpxtpx:course>0.00000000000000</gpxtpx:course></gpxtpx:TrackPointExtension></extensions></trkpt>
      <trkpt lon="-151.47134248451067" lat="-75.82402991182950"><ele>521536.42430128343403</ele><time>2023-01-20T10:13:57.000Z</time><hdop>2.52248493609035</hdop><vdop>6.30236720775268</vdop><pdop>6.78842858651095</pdop><extensions><gpxtpx:TrackPointExtension><gpxtpx:speed>7673.48621571035892</gpxtpx:speed><gpxtpx:course>0.00000000000000</gpxtpx:course></gpxtpx:TrackPointExtension></extensions></trkpt>
      <trkpt lon="-151.48496013096903" lat="-75.81862932326432"><ele>521543.78717270400375</ele><time>2023-01-20T10:13:57.100Z</time><hdop>2.52269729145487</hdop><vdop>6.30198127261744</vdop><pdop>6.78814920171431</pdop><extensions><gpxtpx:TrackPointExtension><gpxtpx:speed>7673.43868008524987</gpxtpx:speed><gpxtpx:course>0.00000000000000</gpxtpx:course></gpxtpx:TrackPointExtension></extensions></trkpt>
      <trkpt lon="-151.49849220619450" lat="-75.81318469293942"><ele>521534.20933046471328</ele><time>2023-01-20T10:13:57.200Z</time><hdop>2.52291545599261</hdop><vdop>6.30159972899076</vdop><pdop>6.78787607006071</pdop><extensions><gpxtpx:TrackPointExtension><gpxtpx:speed>7673.50700414875337</gpxtpx:speed><gpxtpx:course>0.00000000000000</gpxtpx:course></gpxtpx:TrackPointExtension></extensions></trkpt>
      <trkpt lon="-151.51205192311113" lat="-75.80777142859571"><ele>521533.40941542387009</ele><time>2023-01-20T10:13:57.300Z</time><hdop>2.52313002270222</hdop><vdop>6.30121588307959</vdop><pdop>6.78759948115944</pdop><extensions><gpxtpx:TrackPointExtension><gpxtpx:speed>7673.37799884025571</gpxtpx:speed><gpxtpx:course>0.00000000000000</gpxtpx:course></gpxtpx:TrackPointExtension></extensions></trkpt>
      <trkpt lon="-151.52560718757138" lat="-75.80237065658778"><ele>521537.29969300236553</ele><time>2023-01-20T10:13:57.400Z</time><hdop>2.52334336042835</hdop><vdop>6.30083093073902</vdop><pdop>6.78732142545021</pdop><extensions><gpxtpx:TrackPointExtension><gpxtpx:speed>7674.35557011510809</gpxtpx:speed><gpxtpx:course>0.00000000000000</gpxtpx:course></gpxtpx:TrackPointExtension></extensions></trkpt>
      <trkpt lon="-151.53907345009125" lat="-75.79694210981714"><ele>521533.24638679344207</ele><time>2023-01-20T10:13:57.500Z</time><hdop>2.52356043554770</hdop><vdop>6.30044804894372</vdop><pdop>6.78704669862381</pdop><extensions><gpxtpx:TrackPointExtension><gpxtpx:speed>7673.12161263805319</gpxtpx:speed><gpxtpx:course>0.00000000000000</gpxtpx:course></gpxtpx:TrackPointExtension></extensions></trkpt>
      <trkpt lon="-151.55265291963198" lat="-75.79150296738305"><ele>521528.77430867683142</ele><time>2023-01-20T10:13:57.600Z</time><hdop>2.52377722141960</hdop><vdop>6.30006476761326</vdop><pdop>6.78677151077582</pdop><extensions><gpxtpx:TrackPointExtension><gpxtpx:speed>7673.23571428746527</gpxtpx:speed><gpxtpx:course>0.00000000000000</gpxtpx:course></gpxtpx:TrackPointExtension></extensions></trkpt>
      <trkpt lon="-151.56618001550714" lat="-75.78605088724271"><ele>521523.15945280808955</ele><time>2023-01-20T10:13:57.700Z</time><hdop>2.52399578544980</hdop><vdop>6.29968186172240</vdop><pdop>6.78649735017133</pdop><extensions><gpxtpx:TrackPointExtension><gpxtpx:speed>7673.36658785977852</gpxtpx:speed><gpxtpx:course>0.00000000000000</gpxtpx:course></gpxtpx:TrackPointExtension></extensions></trkpt>
      <trkpt lon="-151.57971285133831" lat="-75.78072811967931"><ele>521549.50464729871601</ele><time>2023-01-20T10:13:57.800Z</time><hdop>2.52420121174996</hdop><vdop>6.29929136290827</vdop><pdop>6.78621127229404</pdop><extensions><gpxtpx:TrackPointExtension><gpxtpx:speed>7673.77542709496356</gpxtpx:speed><gpxtpx:course>0.00000000000000</gpxtpx:course></gpxtpx:TrackPointExtension></extensions></trkpt>
      <trkpt lon="-151.59319169845270" lat="-75.77527984586482"><ele>521539.81817271187901</ele><time>2023-01-20T10:13:57.900Z</time><hdop>2.52442018048701</hdop><vdop>6.29890955734209</vdop><pdop>6.78593831825973</pdop><extensions><gpxtpx:TrackPointExtension><gpxtpx:speed>7672.78028465273565</gpxtpx:speed><gpxtpx:course>0.00000000000000</gpxtpx:course></gpxtpx:TrackPointExtension></extensions></trkpt>
      <trkpt lon="-151.60670892255783" lat="-75.76981183297455"><ele>521531.70681883208454</ele><time>2023-01-20T10:13:58.000Z</time><hdop>2.52464032663738</hdop><vdop>6.29852703972744</vdop><pdop>6.78566515892594</pdop><extensions><gpxtpx:TrackPointExtension><gpxtpx:speed>7673.57587571638942</gpxtpx:speed><gpxtpx:course>0.00000000000000</gpxtpx:course></gpxtpx:TrackPointExtension></extensions></trkpt>
      <trkpt lon="-151.62014550130181" lat="-75.76441729811856"><ele>521535.21204960811883</ele><time>2023-01-20T10:13:58.100Z</time><hdop>2.52485434557683</hdop><vdop>6.29814218207119</vdop><pdop>6.78538756534677</pdop><extensions><gpxtpx:TrackPointExtension><gpxtpx:speed>7672.77151483116177</gpxtpx:speed><gpxtpx:course>0.00000000000000</gpxtpx:course></gpxtpx:TrackPointExtension></extensions></trkpt>
      <trkpt lon="-151.63361538664896" lat="-75.75899612804386"><ele>521535.73525237664580</ele><time>2023-01-20T10:13:58.200Z</time><hdop>2.52507050721494</hdop><vdop>6.29775779297608</vdop><pdop>6.78511122129900</pdop><extensions><gpxtpx:TrackPointExtension><gpxtpx:speed>7673.05216514567746</gpxtpx:speed><gpxtpx:course>0.00000000000000</gpxtpx:course></gpxtpx:TrackPointExtension></extensions></trkpt>
      <trkpt lon="-151.64707364956257" lat="-75.75358506211047"><ele>521539.01837093196809</ele><time>2023-01-20T10:13:58.300Z</time><hdop>2.52528569339640</hdop><vdop>6.29737268669222</vdop><pdop>6.78483386593730</pdop><extensions><gpxtpx:TrackPointExtension><gpxtpx:speed>7673.32502777118589</gpxtpx:speed><gpxtpx:course>0.00000000000000</gpxtpx:course></gpxtpx:TrackPointExtension></extensions></trkpt>
      <trkpt lon="-151.66053034159236" lat="-75.74815584383229"><ele>521535.76610992383212</ele><time>2023-01-20T10:13:58.400Z</time><hdop>2.52550296126553</hdop><vdop>6.29698917126653</vdop><pdop>6.78455877934659</pdop><extensions><gpxtpx:TrackPointExtension><gpxtpx:speed>7673.70685820249400</gpxtpx:speed><gpxtpx:course>0.00000000000000</gpxtpx:course></gpxtpx:TrackPointExtension></extensions></trkpt>
      <trkpt lon="-151.67398345147100" lat="-75.74270185059578"><ele>521531.77702368050814</ele><time>2023-01-20T10:13:58.500Z</time><hdop>2.52572228530689</hdop><vdop>6.29660558124480</vdop><pdop>6.78428440649852</pdop><extensions><gpxtpx:TrackPointExtension><gpxtpx:speed>7673.27724652316556</gpxtpx:speed><gpxtpx:course>0.00000000000000</gpxtpx:course></gpxtpx:TrackPointExtension></extensions></trkpt>
      <trkpt lon="-151.68739558584545" lat="-75.73728212830115"><ele>521534.49857459589839</ele><time>2023-01-20T10:13:58.600Z</time><hdop>2.52593870269496</hdop><vdop>6.29622055354591</vdop><pdop>6.78400763477358</pdop><extensions><gpxtpx:TrackPointExtension><gpxtpx:speed>7672.64809953725671</gpxtpx:speed><gpxtpx:course>0.00000000000000</gpxtpx:course></gpxtpx:TrackPointExtension></extensions></trkpt>
      <trkpt lon="-151.70082265259944" lat="-75.73188067211608"><ele>521537.55855384934694</ele><time>2023-01-20T10:13:58.700Z</time><hdop>2.52615347628698</hdop><vdop>6.29583549114948</vdop><pdop>6.78373023618821</pdop><extensions><gpxtpx:TrackPointExtension><gpxtpx:speed>7673.99838882701988</gpxtpx:speed><gpxtpx:course>0.00000000000000</gpxtpx:course></gpxtpx:TrackPointExtension></extensions></trkpt>
      <trkpt lon="-151.71422645518967" lat="-75.72647528232237"><ele>521546.89152102731168</ele><time>2023-01-20T10:13:58.800Z</time><hdop>2.52636838121277</hdop><vdop>6.29544876548606</vdop><pdop>6.78345136021860</pdop><extensions><gpxtpx:TrackPointExtension><gpxtpx:speed>7672.94275386998652</gpxtpx:speed><gpxtpx:course>0.00000000000000</gpxtpx:course></gpxtpx:TrackPointExtension></extensions></trkpt>
      <trkpt lon="-151.72761542813632" lat="-75.72104910239754"><ele>521544.18071604706347</ele><time>2023-01-20T10:13:58.900Z</time><hdop>2.52658609032909</hdop><vdop>6.29506511495237</vdop><pdop>6.78317639998657</pdop><extensions><gpxtpx:TrackPointExtension><gpxtpx:speed>7672.85644840534860</gpxtpx:speed><gpxtpx:course>0.00000000000000</gpxtpx:course></gpxtpx:TrackPointExtension></extensions></trkpt>
      <trkpt lon="-151.74101338640810" lat="-75.71559904554094"><ele>521536.45387520547956</ele><time>2023-01-20T10:13:59.000Z</time><hdop>2.52680592920816</hdop><vdop>6.29468238734843</vdop><pdop>6.78290310718619</pdop><extensions><gpxtpx:TrackPointExtension><gpxtpx:speed>7673.76332977157108</gpxtpx:speed><gpxtpx:course>0.00000000000000</gpxtpx:course></gpxtpx:TrackPointExtension></extensions></trkpt>
      <trkpt lon="-151.75440338606299" lat="-75.71015611509812"><ele>521534.72974240407348</ele><time>2023-01-20T10:13:59.100Z</time><hdop>2.52702486634945</hdop><vdop>6.29429819463190</vdop><pdop>6.78262813650393</pdop><extensions><gpxtpx:TrackPointExtension><gpxtpx:speed>7673.35189700611954</gpxtpx:speed><gpxtpx:course>0.00000000000000</gpxtpx:course></gpxtpx:TrackPointExtension></extensions></trkpt>
      <trkpt lon="-151.76778628654068" lat="-75.70471678805315"><ele>521535.18026537634432</ele><time>2023-01-20T10:13:59.200Z</time><hdop>2.52724342549508</hdop><vdop>6.29391339143068</vdop><pdop>6.78235247613529</pdop><extensions><gpxtpx:TrackPointExtension><gpxtpx:speed>7672.89485771135969</gpxtpx:speed><gpxtpx:course>0.00000000000000</gpxtpx:course></gpxtpx:TrackPointExtension></extensions></trkpt>
      <trkpt lon="-151.78119523203043" lat="-75.69930522780382"><ele>521541.78779840841889</ele><time>2023-01-20T10:13:59.300Z</time><hdop>2.52745897171841</hdop><vdop>6.29352704771736</vdop><pdop>6.78207428107875</pdop><extensions><gpxtpx:TrackPointExtension><gpxtpx:speed>7673.39936672015665</gpxtpx:speed><gpxtpx:course>0.00000000000000</gpxtpx:course></gpxtpx:TrackPointExtension></extensions></trkpt>
      <trkpt lon="-151.79455588748792" lat="-75.69385900750346"><ele>521534.18309035245329</ele><time>2023-01-20T10:13:59.400Z</time><hdop>2.52767899596125</hdop><vdop>6.29314432676602</vdop><pdop>6.78180113422172</pdop><extensions><gpxtpx:TrackPointExtension><gpxtpx:speed>7673.55024102915922</gpxtpx:speed><gpxtpx:course>0.00000000000000</gpxtpx:course></gpxtpx:TrackPointExtension></extensions></trkpt>
      <trkpt lon="-151.80783330196584" lat="-75.68841062467995"><ele>521527.94678556546569</ele><time>2023-01-20T10:13:59.500Z</time><hdop>2.52789990598888</hdop><vdop>6.29276140021751</vdop><pdop>6.78152814450888</pdop><extensions><gpxtpx:TrackPointExtension><gpxtpx:speed>7673.57334107106453</gpxtpx:speed><gpxtpx:course>0.00000000000000</gpxtpx:course></gpxtpx:TrackPointExtension></extensions></trkpt>
      <trkpt lon="-151.82115480973624" lat="-75.68297688637816"><ele>521529.58381518349051</ele><time>2023-01-20T10:13:59.600Z</time><hdop>2.52811857938043</hdop><vdop>6.29237634728081</vdop><pdop>6.78125236569378</pdop><extensions><gpxtpx:TrackPointExtension><gpxtpx:speed>7673.08630587108019</gpxtpx:speed><gpxtpx:course>0.00000000000000</gpxtpx:course></gpxtpx:TrackPointExtension></extensions></trkpt>
      <trkpt lon="-151.83447615555133" lat="-75.67754311703445"><ele>521529.90531886182725</ele><time>2023-01-20T10:13:59.700Z</time><hdop>2.52833729925123</hdop><vdop>6.29199151771524</vdop><pdop>6.78097682917333</pdop><extensions><gpxtpx:TrackPointExtension><gpxtpx:speed>7673.18109143504807</gpxtpx:speed><gpxtpx:course>0.00000000000000</gpxtpx:course></gpxtpx:TrackPointExtension></extensions></trkpt>
      <trkpt lon="-151.84781020240777" lat="-75.67211865177026"><ele>521533.66450183093548</ele><time>2023-01-20T10:13:59.800Z</time><hdop>2.52855494871406</hdop><vdop>6.29160581543210</vdop><pdop>6.78070010142355</pdop><extensions><gpxtpx:TrackPointExtension><gpxtpx:speed>7672.95426149665764</gpxtpx:speed><gpxtpx:course>0.00000000000000</gpxtpx:course></gpxtpx:TrackPointExtension></extensions></trkpt>
      <trkpt lon="-151.86112406629820" lat="-75.66668735227540"><ele>521535.01020659133792</ele><time>2023-01-20T10:13:59.900Z</time><hdop>2.52877355031436</hdop><vdop>6.29122071643769</vdop><pdop>6.78042430617024</pdop><extensions><gpxtpx:TrackPointExtension><gpxtpx:speed>7673.47214674686347</gpxtpx:speed><gpxtpx:course>0.00000000000000</gpxtpx:course></gpxtpx:TrackPointExtension></extensions></trkpt>
      <trkpt lon="-151.87441636076792" lat="-75.66125628401406"><ele>521535.62059047445655</ele><time>2023-01-20T10:14:00.000Z</time><hdop>2.52899238991033</hdop><vdop>6.29083580140876</vdop><pdop>6.78014878808058</pdop><extensions><gpxtpx:TrackPointExtension><gpxtpx:speed>7673.20725666955332</gpxtpx:speed><gpxtpx:course>0.00000000000000</gpxtpx:course></gpxtpx:TrackPointExtension></extensions></trkpt>
      <trkpt lon="-151.88770189073171" lat="-75.65581273751754"><ele>521534.38633476197720</ele><time>2023-01-20T10:14:00.100Z</time><hdop>2.52921247150915</hdop><vdop>6.29045124729943</vdop><pdop>6.77987408590222</pdop><extensions><gpxtpx:TrackPointExtension><gpxtpx:speed>7673.75762559363648</gpxtpx:speed><gpxtpx:course>0.00000000000000</gpxtpx:course></gpxtpx:TrackPointExtension></extensions></trkpt>
      <trkpt lon="-151.90101196829320" lat="-75.65038210817265"><ele>521538.41950539126992</ele><time>2023-01-20T10:14:00.200Z</time><hdop>2.52943083992836</hdop><vdop>6.29006526861224</vdop><pdop>6.77959744065846</pdop><extensions><gpxtpx:TrackPointExtension><gpxtpx:speed>7673.22685136298514</gpxtpx:speed><gpxtpx:course>0.00000000000000</gpxtpx:course></gpxtpx:TrackPointExtension></extensions></trkpt>
      <trkpt lon="-151.91428800680990" lat="-75.64494608219913"><ele>521538.61583258956671</ele><time>2023-01-20T10:14:00.300Z</time><hdop>2.52965034196219</hdop><vdop>6.28968036106470</vdop><pdop>6.77932222991003</pdop><extensions><gpxtpx:TrackPointExtension><gpxtpx:speed>7673.68708131005042</gpxtpx:speed><gpxtpx:course>0.00000000000000</gpxtpx:course></gpxtpx:TrackPointExtension></extensions></trkpt>
      <trkpt lon="-151.92750873263512" lat="-75.63952288524553"><ele>521541.20199717022479</ele><time>2023-01-20T10:14:00.400Z</time><hdop>2.52986917761290</hdop><vdop>6.28929502511827</vdop><pdop>6.77904639081436</pdop><extensions><gpxtpx:TrackPointExtension><gpxtpx:speed>7673.03007938241171</gpxtpx:speed><gpxtpx:course>0.00000000000000</gpxtpx:course></gpxtpx:TrackPointExtension></extensions></trkpt>
      <trkpt lon="-151.94073375169739" lat="-75.63406820926113"><ele>521536.30897789821029</ele><time>2023-01-20T10:14:00.500Z</time><hdop>2.53009110235301</hdop><vdop>6.28891134123102</vdop><pdop>6.77877325510081</pdop><extensions><gpxtpx:TrackPointExtension><gpxtpx:speed>7673.06655456034241</gpxtpx:speed><gpxtpx:course>0.00000000000000</gpxtpx:course></gpxtpx:TrackPointExtension></extensions></trkpt>
      <trkpt lon="-151.95400042383937" lat="-75.62861677247744"><ele>521534.05672397930175</ele><time>2023-01-20T10:14:00.600Z</time><hdop>2.53031213693200</hdop><vdop>6.28852679227756</vdop><pdop>6.77849900254460</pdop><extensions><gpxtpx:TrackPointExtension><gpxtpx:speed>7673.64786223957890</gpxtpx:speed><gpxtpx:course>0.00000000000000</gpxtpx:course></gpxtpx:TrackPointExtension></extensions></trkpt>
      <trkpt lon="-151.96724320620191" lat="-75.62318328818967"><ele>521536.57114742416888</ele><time>2023-01-20T10:14:00.700Z</time><hdop>2.53053155169961</hdop><vdop>6.28814112367606</vdop><pdop>6.77822312449312</pdop><extensions><gpxtpx:TrackPointExtension><gpxtpx:speed>7673.12045184260842</gpxtpx:speed><gpxtpx:course>0.00000000000000</gpxtpx:course></gpxtpx:TrackPointExtension></extensions></trkpt>
      <trkpt lon="-151.98040853088810" lat="-75.61774889370442"><ele>521537.14610708970577</ele><time>2023-01-20T10:14:00.800Z</time><hdop>2.53075205603525</hdop><vdop>6.28775620995243</vdop><pdop>6.77794837136740</pdop><extensions><gpxtpx:TrackPointExtension><gpxtpx:speed>7673.28480224468058</gpxtpx:speed><gpxtpx:course>0.00000000000000</gpxtpx:course></gpxtpx:TrackPointExtension></extensions></trkpt>
      <trkpt lon="-151.99361307280370" lat="-75.61230517509203"><ele>521533.37349679600447</ele><time>2023-01-20T10:14:00.900Z</time><hdop>2.53097325097345</hdop><vdop>6.28737217801330</vdop><pdop>6.77767471202320</pdop><extensions><gpxtpx:TrackPointExtension><gpxtpx:speed>7673.28630999360848</gpxtpx:speed><gpxtpx:course>0.00000000000000</gpxtpx:course></gpxtpx:TrackPointExtension></extensions></trkpt>
      <trkpt lon="-152.00689243819502" lat="-75.60684447111481"><ele>521533.95431330520660</ele><time>2023-01-20T10:14:01.000Z</time><hdop>2.53119470696076</hdop><vdop>6.28698653330014</vdop><pdop>6.77739967203082</pdop><extensions><gpxtpx:TrackPointExtension><gpxtpx:speed>7673.43268257947511</gpxtpx:speed><gpxtpx:course>0.00000000000000</gpxtpx:course></gpxtpx:TrackPointExtension></extensions></trkpt>
      <trkpt lon="-152.02002083470484" lat="-75.60140265237658"><ele>521531.40947132930160</ele><time>2023-01-20T10:14:01.100Z</time><hdop>2.53141645104946</hdop><vdop>6.28660234693184</vdop><pdop>6.77712611046103</pdop><extensions><gpxtpx:TrackPointExtension><gpxtpx:speed>7673.49999417343406</gpxtpx:speed><gpxtpx:course>0.00000000000000</gpxtpx:course></gpxtpx:TrackPointExtension></extensions></trkpt>
      <trkpt lon="-152.03314798213060" lat="-75.59596643701278"><ele>521531.55752784572542</ele><time>2023-01-20T10:14:01.200Z</time><hdop>2.53163754577169</hdop><vdop>6.28621742705480</vdop><pdop>6.77685164389544</pdop><extensions><gpxtpx:TrackPointExtension><gpxtpx:speed>7673.28089020915195</gpxtpx:speed><gpxtpx:course>0.00000000000000</gpxtpx:course></gpxtpx:TrackPointExtension></extensions></trkpt>
      <trkpt lon="-152.04637670461767" lat="-75.59051743707457"><ele>521533.11100053228438</ele><time>2023-01-20T10:14:01.300Z</time><hdop>2.53185849408448</hdop><vdop>6.28583161545810</vdop><pdop>6.77657631344622</pdop><extensions><gpxtpx:TrackPointExtension><gpxtpx:speed>7673.81043969448001</gpxtpx:speed><gpxtpx:course>0.00000000000000</gpxtpx:course></gpxtpx:TrackPointExtension></extensions></trkpt>
      <trkpt lon="-152.05956491331926" lat="-75.58507345775726"><ele>521533.21722369361669</ele><time>2023-01-20T10:14:01.400Z</time><hdop>2.53207960174296</hdop><vdop>6.28544635438561</vdop><pdop>6.77630157116861</pdop><extensions><gpxtpx:TrackPointExtension><gpxtpx:speed>7673.23937727555585</gpxtpx:speed><gpxtpx:course>0.00000000000000</gpxtpx:course></gpxtpx:TrackPointExtension></extensions></trkpt>
      <trkpt lon="-152.07273630801339" lat="-75.57963146032667"><ele>521535.13810245320201</ele><time>2023-01-20T10:14:01.500Z</time><hdop>2.53230058714791</hdop><vdop>6.28506060324371</vdop><pdop>6.77602634662202</pdop><extensions><gpxtpx:TrackPointExtension><gpxtpx:speed>7672.96097370596090</gpxtpx:speed><gpxtpx:course>0.00000000000000</gpxtpx:course></gpxtpx:TrackPointExtension></extensions></trkpt>
      <trkpt lon="-152.08584220095361" lat="-75.57418560694542"><ele>521533.71143751218915</ele><time>2023-01-20T10:14:01.600Z</time><hdop>2.53252282638706</hdop><vdop>6.28467588936779</vdop><pdop>6.77575257079037</pdop><extensions><gpxtpx:TrackPointExtension><gpxtpx:speed>7673.19787515521602</gpxtpx:speed><gpxtpx:course>0.00000000000000</gpxtpx:course></gpxtpx:TrackPointExtension></extensions></trkpt>
      <trkpt lon="-152.09898758392166" lat="-75.56873710758049"><ele>521535.87104297149926</ele><time>2023-01-20T10:14:01.700Z</time><hdop>2.53274459418951</hdop><vdop>6.28428999939540</vdop><pdop>6.77547754596657</pdop><extensions><gpxtpx:TrackPointExtension><gpxtpx:speed>7672.73364403616324</gpxtpx:speed><gpxtpx:course>0.00000000000000</gpxtpx:course></gpxtpx:TrackPointExtension></extensions></trkpt>
      <trkpt lon="-152.11210123723066" lat="-75.56327947554439"><ele>521531.26502765901387</ele><time>2023-01-20T10:14:01.800Z</time><hdop>2.53296802112903</hdop><vdop>6.28390591836429</vdop><pdop>6.77520483726625</pdop><extensions><gpxtpx:TrackPointExtension><gpxtpx:speed>7672.89548785860643</gpxtpx:speed><gpxtpx:course>0.00000000000000</gpxtpx:course></gpxtpx:TrackPointExtension></extensions></trkpt>
      <trkpt lon="-152.12521879864573" lat="-75.55784009226620"><ele>521533.70234223548323</ele><time>2023-01-20T10:14:01.900Z</time><hdop>2.53318927869396</hdop><vdop>6.28351998291279</vdop><pdop>6.77492961567531</pdop><extensions><gpxtpx:TrackPointExtension><gpxtpx:speed>7673.64176281175514</gpxtpx:speed><gpxtpx:course>0.00000000000000</gpxtpx:course></gpxtpx:TrackPointExtension></extensions></trkpt>
      <trkpt lon="-152.13839034086635" lat="-75.55239043285768"><ele>521537.24754944257438</ele><time>2023-01-20T10:14:02.000Z</time><hdop>2.53341078924487</hdop><vdop>6.28313348435359</vdop><pdop>6.77465398446796</pdop><extensions><gpxtpx:TrackPointExtension><gpxtpx:speed>7673.60641178194692</gpxtpx:speed><gpxtpx:course>0.00000000000000</gpxtpx:course></gpxtpx:TrackPointExtension></extensions></trkpt>
      <trkpt lon="-152.15145361953259" lat="-75.54695065928334"><ele>521536.77333626430482</ele><time>2023-01-20T10:14:02.100Z</time><hdop>2.53363294300368</hdop><vdop>6.28274844384031</vdop><pdop>6.77437996413335</pdop><extensions><gpxtpx:TrackPointExtension><gpxtpx:speed>7672.98922933240374</gpxtpx:speed><gpxtpx:course>0.00000000000000</gpxtpx:course></gpxtpx:TrackPointExtension></extensions></trkpt>
      <trkpt lon="-152.16452273678726" lat="-75.54148705210289"><ele>521534.07005606498569</ele><time>2023-01-20T10:14:02.200Z</time><hdop>2.53385718496378</hdop><vdop>6.28236373705923</vdop><pdop>6.77410705248370</pdop><extensions><gpxtpx:TrackPointExtension><gpxtpx:speed>7673.47733901296670</gpxtpx:speed><gpxtpx:course>0.00000000000000</gpxtpx:course></gpxtpx:TrackPointExtension></extensions></trkpt>
      <trkpt lon="-152.17761140129559" lat="-75.53602759073384"><ele>521534.40995648317039</ele><time>2023-01-20T10:14:02.300Z</time><hdop>2.53408060892219</hdop><vdop>6.28197810555380</vdop><pdop>6.77383299551833</pdop><extensions><gpxtpx:TrackPointExtension><gpxtpx:speed>7672.98754227719292</gpxtpx:speed><gpxtpx:course>0.00000000000000</gpxtpx:course></gpxtpx:TrackPointExtension></extensions></trkpt>
      <trkpt lon="-152.19064256606083" lat="-75.53057345277134"><ele>521530.49060946702957</ele><time>2023-01-20T10:14:02.400Z</time><hdop>2.53430455250699</hdop><vdop>6.28159377778597</vdop><pdop>6.77356036025199</pdop><extensions><gpxtpx:TrackPointExtension><gpxtpx:speed>7673.24589045049106</gpxtpx:speed><gpxtpx:course>0.00000000000000</gpxtpx:course></gpxtpx:TrackPointExtension></extensions></trkpt>
      <trkpt lon="-152.20372814994644" lat="-75.52512498413989"><ele>521533.24292271863669</ele><time>2023-01-20T10:14:02.500Z</time><hdop>2.53452694898516</hdop><vdop>6.28120752389005</vdop><pdop>6.77328537810898</pdop><extensions><gpxtpx:TrackPointExtension><gpxtpx:speed>7673.43380648238053</gpxtpx:speed><gpxtpx:course>0.00000000000000</gpxtpx:course></gpxtpx:TrackPointExtension></extensions></trkpt>
      <trkpt lon="-152.21679917458792" lat="-75.51967763900349"><ele>521536.02989609725773</ele><time>2023-01-20T10:14:02.600Z</time><hdop>2.53474939968605</hdop><vdop>6.28082124678044</vdop><pdop>6.77301041289746</pdop><extensions><gpxtpx:TrackPointExtension><gpxtpx:speed>7673.28808002817186</gpxtpx:speed><gpxtpx:course>0.00000000000000</gpxtpx:course></gpxtpx:TrackPointExtension></extensions></trkpt>
      <trkpt lon="-152.22982664662158" lat="-75.51421414275050"><ele>521532.80604935344309</ele><time>2023-01-20T10:14:02.700Z</time><hdop>2.53497412203767</hdop><vdop>6.28043653842166</vdop><pdop>6.77273777083850</pdop><extensions><gpxtpx:TrackPointExtension><gpxtpx:speed>7673.77906718062695</gpxtpx:speed><gpxtpx:course>0.00000000000000</gpxtpx:course></gpxtpx:TrackPointExtension></extensions></trkpt>
      <trkpt lon="-152.24286255783039" lat="-75.50876137957923"><ele>521533.63534628693014</ele><time>2023-01-20T10:14:02.800Z</time><hdop>2.53519755358411</hdop><vdop>6.28005075610694</vdop><pdop>6.77246366804417</pdop><extensions><gpxtpx:TrackPointExtension><gpxtpx:speed>7674.05485980656886</gpxtpx:speed><gpxtpx:course>0.00000000000000</gpxtpx:course></gpxtpx:TrackPointExtension></extensions></trkpt>
      <trkpt lon="-152.25587660328600" lat="-75.50330127238496"><ele>521532.17765503935516</ele><time>2023-01-20T10:14:02.900Z</time><hdop>2.53542200621162</hdop><vdop>6.27966553464595</vdop><pdop>6.77219048584742</pdop><extensions><gpxtpx:TrackPointExtension><gpxtpx:speed>7672.87316201297381</gpxtpx:speed><gpxtpx:course>0.00000000000000</gpxtpx:course></gpxtpx:TrackPointExtension></extensions></trkpt>
      <trkpt lon="-152.26888276785400" lat="-75.49784843979330"><ele>521532.87130404077470</ele><time>2023-01-20T10:14:03.000Z</time><hdop>2.53564578092203</hdop><vdop>6.27927977638503</vdop><pdop>6.77191657039761</pdop><extensions><gpxtpx:TrackPointExtension><gpxtpx:speed>7673.48784498850546</gpxtpx:speed><gpxtpx:course>0.00000000000000</gpxtpx:course></gpxtpx:TrackPointExtension></extensions></trkpt>
      <trkpt lon="-152.28189117039213" lat="-75.49238454328727"><ele>521530.75399157125503</ele><time>2023-01-20T10:14:03.100Z</time><hdop>2.53587066685708</hdop><vdop>6.27889461534948</vdop><pdop>6.77164364314092</pdop><extensions><gpxtpx:TrackPointExtension><gpxtpx:speed>7673.70665939948503</gpxtpx:speed><gpxtpx:course>0.00000000000000</gpxtpx:course></gpxtpx:TrackPointExtension></extensions></trkpt>
      <trkpt lon="-152.29489421697494" lat="-75.48693387643472"><ele>521533.55275252368301</ele><time>2023-01-20T10:14:03.200Z</time><hdop>2.53609413133138</hdop><vdop>6.27850821277421</vdop><pdop>6.77136905070509</pdop><extensions><gpxtpx:TrackPointExtension><gpxtpx:speed>7673.24546757827284</gpxtpx:speed><gpxtpx:course>0.00000000000000</gpxtpx:course></gpxtpx:TrackPointExtension></extensions></trkpt>
      <trkpt lon="-152.30787490913394" lat="-75.48146949294680"><ele>521531.80048774089664</ele><time>2023-01-20T10:14:03.300Z</time><hdop>2.53631931028990</hdop><vdop>6.27812291980909</vdop><pdop>6.77109614759543</pdop><extensions><gpxtpx:TrackPointExtension><gpxtpx:speed>7673.20910166171507</gpxtpx:speed><gpxtpx:course>0.00000000000000</gpxtpx:course></gpxtpx:TrackPointExtension></extensions></trkpt>
      <trkpt lon="-152.32082844912406" lat="-75.47601956821461"><ele>521532.91032648645341</ele><time>2023-01-20T10:14:03.400Z</time><hdop>2.53654339718542</hdop><vdop>6.27773704652759</vdop><pdop>6.77082231572723</pdop><extensions><gpxtpx:TrackPointExtension><gpxtpx:speed>7672.48198735836831</gpxtpx:speed><gpxtpx:course>0.00000000000000</gpxtpx:course></gpxtpx:TrackPointExtension></extensions></trkpt>
      <trkpt lon="-152.33381974795427" lat="-75.47055933118564"><ele>521533.87798784673214</ele><time>2023-01-20T10:14:03.500Z</time><hdop>2.53676793672841</hdop><vdop>6.27735094210260</vdop><pdop>6.77054845748331</pdop><extensions><gpxtpx:TrackPointExtension><gpxtpx:speed>7673.69232238479253</gpxtpx:speed><gpxtpx:course>0.00000000000000</gpxtpx:course></gpxtpx:TrackPointExtension></extensions></trkpt>
      <trkpt lon="-152.34676889698522" lat="-75.46509269198010"><ele>521531.22280637454242</ele><time>2023-01-20T10:14:03.600Z</time><hdop>2.53699375396065</hdop><vdop>6.27696583536887</vdop><pdop>6.77027602140588</pdop><extensions><gpxtpx:TrackPointExtension><gpxtpx:speed>7673.60694558317118</gpxtpx:speed><gpxtpx:course>0.00000000000000</gpxtpx:course></gpxtpx:TrackPointExtension></extensions></trkpt>
      <trkpt lon="-152.35973538757847" lat="-75.45963440946990"><ele>521533.73033925518394</ele><time>2023-01-20T10:14:03.700Z</time><hdop>2.53721830259766</hdop><vdop>6.27657932472332</vdop><pdop>6.77000182677825</pdop><extensions><gpxtpx:TrackPointExtension><gpxtpx:speed>7673.94593392950173</gpxtpx:speed><gpxtpx:course>0.00000000000000</gpxtpx:course></gpxtpx:TrackPointExtension></extensions></trkpt>
      <trkpt lon="-152.37265245925821" lat="-75.45416421742129"><ele>521532.71726766973734</ele><time>2023-01-20T10:14:03.800Z</time><hdop>2.53744462450408</hdop><vdop>6.27619374685118</vdop><pdop>6.76972917999225</pdop><extensions><gpxtpx:TrackPointExtension><gpxtpx:speed>7673.39157880102448</gpxtpx:speed><gpxtpx:course>0.00000000000000</gpxtpx:course></gpxtpx:TrackPointExtension></extensions></trkpt>
      <trkpt lon="-152.38557606302408" lat="-75.44871533463112"><ele>521533.19462444260716</ele><time>2023-01-20T10:14:03.900Z</time><hdop>2.53766897943889</hdop><vdop>6.27580786921238</vdop><pdop>6.76945553648699</pdop><extensions><gpxtpx:TrackPointExtension><gpxtpx:speed>7673.53743863856744</gpxtpx:speed><gpxtpx:course>0.00000000000000</gpxtpx:course></gpxtpx:TrackPointExtension></extensions></trkpt>
      <trkpt lon="-152.39855683010467" lat="-75.44326411257860"><ele>521540.63568960689008</ele><time>2023-01-20T10:14:04.000Z</time><hdop>2.53789242275426</hdop><vdop>6.27541989249154</vdop><pdop>6.76917962359930</pdop><extensions><gpxtpx:TrackPointExtension><gpxtpx:speed>7673.16238909473850</gpxtpx:speed><gpxtpx:course>0.00000000000000</gpxtpx:course></gpxtpx:TrackPointExtension></extensions></trkpt>
      <trkpt lon="-152.41139506124628" lat="-75.43779433591806"><ele>521532.92796137928963</ele><time>2023-01-20T10:14:04.100Z</time><hdop>2.53812010669707</hdop><vdop>6.27503623375849</vdop><pdop>6.76890932211401</pdop><extensions><gpxtpx:TrackPointExtension><gpxtpx:speed>7673.57545281326657</gpxtpx:speed><gpxtpx:course>0.00000000000000</gpxtpx:course></gpxtpx:TrackPointExtension></extensions></trkpt>
      <trkpt lon="-152.42432959890331" lat="-75.43234398911761"><ele>521538.49011601042002</ele><time>2023-01-20T10:14:04.200Z</time><hdop>2.53834408416317</hdop><vdop>6.27464877985509</vdop><pdop>6.76863413105947</pdop><extensions><gpxtpx:TrackPointExtension><gpxtpx:speed>7673.40573813512128</gpxtpx:speed><gpxtpx:course>0.00000000000000</gpxtpx:course></gpxtpx:TrackPointExtension></extensions></trkpt>
      <trkpt lon="-152.43722848683871" lat="-75.42686127988532"><ele>521532.96014094538987</ele><time>2023-01-20T10:14:04.300Z</time><hdop>2.53857202085707</hdop><vdop>6.27426410255913</vdop><pdop>6.76836301728420</pdop><extensions><gpxtpx:TrackPointExtension><gpxtpx:speed>7673.46271022652218</gpxtpx:speed><gpxtpx:course>0.00000000000000</gpxtpx:course></gpxtpx:TrackPointExtension></extensions></trkpt>
      <trkpt lon="-152.45013855609841" lat="-75.42139315479618"><ele>521535.85239860229194</ele><time>2023-01-20T10:14:04.400Z</time><hdop>2.53879800554360</hdop><vdop>6.27387723437624</vdop><pdop>6.76808915905934</pdop><extensions><gpxtpx:TrackPointExtension><gpxtpx:speed>7673.08040287222593</gpxtpx:speed><gpxtpx:course>0.00000000000000</gpxtpx:course></gpxtpx:TrackPointExtension></extensions></trkpt>
      <trkpt lon="-152.46298988439762" lat="-75.41591661656749"><ele>521532.93931346200407</ele><time>2023-01-20T10:14:04.500Z</time><hdop>2.53902570196964</hdop><vdop>6.27349193955855</vdop><pdop>6.76781742003791</pdop><extensions><gpxtpx:TrackPointExtension><gpxtpx:speed>7673.52902848897975</gpxtpx:speed><gpxtpx:course>0.00000000000000</gpxtpx:course></gpxtpx:TrackPointExtension></extensions></trkpt>
      <trkpt lon="-152.47586944415113" lat="-75.41044178303767"><ele>521533.14650617167354</ele><time>2023-01-20T10:14:04.600Z</time><hdop>2.53925274716249</hdop><vdop>6.27310571272888</vdop><pdop>6.76754459143373</pdop><extensions><gpxtpx:TrackPointExtension><gpxtpx:speed>7673.64605800523441</gpxtpx:speed><gpxtpx:course>0.00000000000000</gpxtpx:course></gpxtpx:TrackPointExtension></extensions></trkpt>
      <trkpt lon="-152.48870894474760" lat="-75.40497447763462"><ele>521530.67975629586726</ele><time>2023-01-20T10:14:04.700Z</time><hdop>2.53947980316690</hdop><vdop>6.27272033632156</vdop><pdop>6.76727257382135</pdop><extensions><gpxtpx:TrackPointExtension><gpxtpx:speed>7672.98898191916578</gpxtpx:speed><gpxtpx:course>0.00000000000000</gpxtpx:course></gpxtpx:TrackPointExtension></extensions></trkpt>
      <trkpt lon="-152.50151336791188" lat="-75.39950056920549"><ele>521524.13725779671222</ele><time>2023-01-20T10:14:04.800Z</time><hdop>2.53970809167373</hdop><vdop>6.27233601541938</vdop><pdop>6.76700201575558</pdop><extensions><gpxtpx:TrackPointExtension><gpxtpx:speed>7673.69338078841156</gpxtpx:speed><gpxtpx:course>0.00000000000000</gpxtpx:course></gpxtpx:TrackPointExtension></extensions></trkpt>
      <trkpt lon="-152.51436883051002" lat="-75.39403028567624"><ele>521525.75417694728822</ele><time>2023-01-20T10:14:04.900Z</time><hdop>2.53993492078226</hdop><vdop>6.27194936390986</vdop><pdop>6.76672876841229</pdop><extensions><gpxtpx:TrackPointExtension><gpxtpx:speed>7673.12207605343337</gpxtpx:speed><gpxtpx:course>0.00000000000000</gpxtpx:course></gpxtpx:TrackPointExtension></extensions></trkpt>
      <trkpt lon="-152.52722745388647" lat="-75.38856443602172"><ele>521527.15011904295534</ele><time>2023-01-20T10:14:05.000Z</time><hdop>2.54016136072004</hdop><vdop>6.27156272681127</vdop><pdop>6.76645540699290</pdop><extensions><gpxtpx:TrackPointExtension><gpxtpx:speed>7673.67626628579910</gpxtpx:speed><gpxtpx:course>0.00000000000000</gpxtpx:course></gpxtpx:TrackPointExtension></extensions></trkpt>
      <trkpt lon="-152.54006293884640" lat="-75.38309923711644"><ele>521536.23843634966761</ele><time>2023-01-20T10:14:05.100Z</time><hdop>2.54038745501610</hdop><vdop>6.27117414636801</vdop><pdop>6.76618013325670</pdop><extensions><gpxtpx:TrackPointExtension><gpxtpx:speed>7673.70705076208014</gpxtpx:speed><gpxtpx:course>0.00000000000000</gpxtpx:course></gpxtpx:TrackPointExtension></extensions></trkpt>
      <trkpt lon="-152.55291724498707" lat="-75.37761473730495"><ele>521532.00512408558279</ele><time>2023-01-20T10:14:05.200Z</time><hdop>2.54061594678747</hdop><vdop>6.27078877462809</vdop><pdop>6.76590875234602</pdop><extensions><gpxtpx:TrackPointExtension><gpxtpx:speed>7673.55236992576374</gpxtpx:speed><gpxtpx:course>0.00000000000000</gpxtpx:course></gpxtpx:TrackPointExtension></extensions></trkpt>
      <trkpt lon="-152.56565510224036" lat="-75.37215993593614"><ele>521531.39511699043214</ele><time>2023-01-20T10:14:05.300Z</time><hdop>2.54084292682798</hdop><vdop>6.27040302119789</vdop><pdop>6.76563646873370</pdop><extensions><gpxtpx:TrackPointExtension><gpxtpx:speed>7673.62212806413027</gpxtpx:speed><gpxtpx:course>0.00000000000000</gpxtpx:course></gpxtpx:TrackPointExtension></extensions></trkpt>
      <trkpt lon="-152.57844274404096" lat="-75.36668739313305"><ele>521531.29763714596629</ele><time>2023-01-20T10:14:05.400Z</time><hdop>2.54107083939898</hdop><vdop>6.27001677345131</vdop><pdop>6.76536409590826</pdop><extensions><gpxtpx:TrackPointExtension><gpxtpx:speed>7673.22551458085309</gpxtpx:speed><gpxtpx:course>0.00000000000000</gpxtpx:course></gpxtpx:TrackPointExtension></extensions></trkpt>
      <trkpt lon="-152.59125711511882" lat="-75.36121332342819"><ele>521531.50477235205472</ele><time>2023-01-20T10:14:05.500Z</time><hdop>2.54129857298709</hdop><vdop>6.26963029936187</vdop><pdop>6.76509146484677</pdop><extensions><gpxtpx:TrackPointExtension><gpxtpx:speed>7673.36847436125117</gpxtpx:speed><gpxtpx:course>0.00000000000000</gpxtpx:course></gpxtpx:TrackPointExtension></extensions></trkpt>
      <trkpt lon="-152.60403886747449" lat="-75.35574879205514"><ele>521533.45698528923094</ele><time>2023-01-20T10:14:05.600Z</time><hdop>2.54152572561723</hdop><vdop>6.26924348879905</vdop><pdop>6.76481832245505</pdop><extensions><gpxtpx:TrackPointExtension><gpxtpx:speed>7672.68475199620843</gpxtpx:speed><gpxtpx:course>0.00000000000000</gpxtpx:course></gpxtpx:TrackPointExtension></extensions></trkpt>
      <trkpt lon="-152.61678526445596" lat="-75.35027963892708"><ele>521536.10478666611016</ele><time>2023-01-20T10:14:05.700Z</time><hdop>2.54175358168610</hdop><vdop>6.26885650092297</vdop><pdop>6.76454529877495</pdop><extensions><gpxtpx:TrackPointExtension><gpxtpx:speed>7672.72607741301454</gpxtpx:speed><gpxtpx:course>0.00000000000000</gpxtpx:course></gpxtpx:TrackPointExtension></extensions></trkpt>
      <trkpt lon="-152.62955569073264" lat="-75.34479040931400"><ele>521529.86316490359604</ele><time>2023-01-20T10:14:05.800Z</time><hdop>2.54198356244156</hdop><vdop>6.26847161456513</vdop><pdop>6.76427503982000</pdop><extensions><gpxtpx:TrackPointExtension><gpxtpx:speed>7673.50335088194151</gpxtpx:speed><gpxtpx:course>0.00000000000000</gpxtpx:course></gpxtpx:TrackPointExtension></extensions></trkpt>
      <trkpt lon="-152.64226845911568" lat="-75.33932244455343"><ele>521532.66070376336575</ele><time>2023-01-20T10:14:05.900Z</time><hdop>2.54221166719056</hdop><vdop>6.26808463214401</vdop><pdop>6.76400215231484</pdop><extensions><gpxtpx:TrackPointExtension><gpxtpx:speed>7673.56599431321956</gpxtpx:speed><gpxtpx:course>0.00000000000000</gpxtpx:course></gpxtpx:TrackPointExtension></extensions></trkpt>
      <trkpt lon="-152.65495657246746" lat="-75.33384885228556"><ele>521529.97675596084446</ele><time>2023-01-20T10:14:06.000Z</time><hdop>2.54244094047669</hdop><vdop>6.26769907287862</vdop><pdop>6.76373104166447</pdop><extensions><gpxtpx:TrackPointExtension><gpxtpx:speed>7673.84764189922134</gpxtpx:speed><gpxtpx:course>0.00000000000000</gpxtpx:course></gpxtpx:TrackPointExtension></extensions></trkpt>
      <trkpt lon="-152.66773155258866" lat="-75.32836707914404"><ele>521531.35942938644439</ele><time>2023-01-20T10:14:06.100Z</time><hdop>2.54266966120520</hdop><vdop>6.26731201272612</vdop><pdop>6.76345835138168</pdop><extensions><gpxtpx:TrackPointExtension><gpxtpx:speed>7672.63840413311209</gpxtpx:speed><gpxtpx:course>0.00000000000000</gpxtpx:course></gpxtpx:TrackPointExtension></extensions></trkpt>
      <trkpt lon="-152.68041080775086" lat="-75.32291347156217"><ele>521536.13102044817060</ele><time>2023-01-20T10:14:06.200Z</time><hdop>2.54289680701117</hdop><vdop>6.26692459366596</vdop><pdop>6.76318475526159</pdop><extensions><gpxtpx:TrackPointExtension><gpxtpx:speed>7672.78857142755987</gpxtpx:speed><gpxtpx:course>0.00000000000000</gpxtpx:course></gpxtpx:TrackPointExtension></extensions></trkpt>
      <trkpt lon="-152.69320554756897" lat="-75.31742238786447"><ele>521538.65330300480127</ele><time>2023-01-20T10:14:06.300Z</time><hdop>2.54312603724445</hdop><vdop>6.26653700388974</vdop><pdop>6.76291180353774</pdop><extensions><gpxtpx:TrackPointExtension><gpxtpx:speed>7673.41787022521748</gpxtpx:speed><gpxtpx:course>0.00000000000000</gpxtpx:course></gpxtpx:TrackPointExtension></extensions></trkpt>
      <trkpt lon="-152.70590434972578" lat="-75.31194560120578"><ele>521538.11992578860372</ele><time>2023-01-20T10:14:06.400Z</time><hdop>2.54335531570666</hdop><vdop>6.26615061033945</vdop><pdop>6.76263999732285</pdop><extensions><gpxtpx:TrackPointExtension><gpxtpx:speed>7673.21185358089861</gpxtpx:speed><gpxtpx:course>0.00000000000000</gpxtpx:course></gpxtpx:TrackPointExtension></extensions></trkpt>
      <trkpt lon="-152.71859088419671" lat="-75.30646079773237"><ele>521534.05354029592127</ele><time>2023-01-20T10:14:06.500Z</time><hdop>2.54358567840525</hdop><vdop>6.26576505876268</vdop><pdop>6.76236939799946</pdop><extensions><gpxtpx:TrackPointExtension><gpxtpx:speed>7673.14107351054918</gpxtpx:speed><gpxtpx:course>0.00000000000000</gpxtpx:course></gpxtpx:TrackPointExtension></extensions></trkpt>
      <trkpt lon="-152.73125860495935" lat="-75.30098742819793"><ele>521537.92413358576596</ele><time>2023-01-20T10:14:06.600Z</time><hdop>2.54381469492126</hdop><vdop>6.26537754838659</vdop><pdop>6.76209649634817</pdop><extensions><gpxtpx:TrackPointExtension><gpxtpx:speed>7673.38264014751803</gpxtpx:speed><gpxtpx:course>0.00000000000000</gpxtpx:course></gpxtpx:TrackPointExtension></extensions></trkpt>
      <trkpt lon="-152.74390472651510" lat="-75.29548588857372"><ele>521528.42408964410424</ele><time>2023-01-20T10:14:06.700Z</time><hdop>2.54404729541964</hdop><vdop>6.26499331289673</vdop><pdop>6.76182799633152</pdop><extensions><gpxtpx:TrackPointExtension><gpxtpx:speed>7673.67610657690329</gpxtpx:speed><gpxtpx:course>0.00000000000000</gpxtpx:course></gpxtpx:TrackPointExtension></extensions></trkpt>
      <trkpt lon="-152.75663296088649" lat="-75.29000124617311"><ele>521532.53769158106297</ele><time>2023-01-20T10:14:06.800Z</time><hdop>2.54427658120804</hdop><vdop>6.26460531688203</vdop><pdop>6.76155478407076</pdop><extensions><gpxtpx:TrackPointExtension><gpxtpx:speed>7672.52392352721745</gpxtpx:speed><gpxtpx:course>0.00000000000000</gpxtpx:course></gpxtpx:TrackPointExtension></extensions></trkpt>
      <trkpt lon="-152.76927792790985" lat="-75.28451376625860"><ele>521525.91896946728230</ele><time>2023-01-20T10:14:06.900Z</time><hdop>2.54450782572740</hdop><vdop>6.26422033964836</vdop><pdop>6.76128512480077</pdop><extensions><gpxtpx:TrackPointExtension><gpxtpx:speed>7673.30864286316046</gpxtpx:speed><gpxtpx:course>0.00000000000000</gpxtpx:course></gpxtpx:TrackPointExtension></extensions></trkpt>
      <trkpt lon="-152.78192120333014" lat="-75.27904031197141"><ele>521528.42041145451367</ele><time>2023-01-20T10:14:07.000Z</time><hdop>2.54473722283699</hdop><vdop>6.26383303740282</vdop><pdop>6.76101263523085</pdop><extensions><gpxtpx:TrackPointExtension><gpxtpx:speed>7673.78351701436986</gpxtpx:speed><gpxtpx:course>0.00000000000000</gpxtpx:course></gpxtpx:TrackPointExtension></extensions></trkpt>
      <trkpt lon="-152.79454472853632" lat="-75.27353260944243"><ele>521514.69787087291479</ele><time>2023-01-20T10:14:07.100Z</time><hdop>2.54497096375599</hdop><vdop>6.26344976682460</vdop><pdop>6.76074553491671</pdop><extensions><gpxtpx:TrackPointExtension><gpxtpx:speed>7673.38522750845095</gpxtpx:speed><gpxtpx:course>0.00000000000000</gpxtpx:course></gpxtpx:TrackPointExtension></extensions></trkpt>
      <trkpt lon="-152.80715697523024" lat="-75.26807174910573"><ele>521524.95236447732896</ele><time>2023-01-20T10:14:07.200Z</time><hdop>2.54519902507325</hdop><vdop>6.26306051020375</vdop><pdop>6.76047076997656</pdop><extensions><gpxtpx:TrackPointExtension><gpxtpx:speed>7673.30797406043530</gpxtpx:speed><gpxtpx:course>0.00000000000000</gpxtpx:course></gpxtpx:TrackPointExtension></extensions></trkpt>
      <trkpt lon="-152.81986755365628" lat="-75.26258762527056"><ele>521532.66766487434506</ele><time>2023-01-20T10:14:07.300Z</time><hdop>2.54542823069121</hdop><vdop>6.26267138293577</vdop><pdop>6.76019657467461</pdop><extensions><gpxtpx:TrackPointExtension><gpxtpx:speed>7673.38618004527325</gpxtpx:speed><gpxtpx:course>0.00000000000000</gpxtpx:course></gpxtpx:TrackPointExtension></extensions></trkpt>
      <trkpt lon="-152.83238448469010" lat="-75.25712219465542"><ele>521531.70745250862092</ele><time>2023-01-20T10:14:07.400Z</time><hdop>2.54565863680667</hdop><vdop>6.26228534664352</vdop><pdop>6.75992571393611</pdop><extensions><gpxtpx:TrackPointExtension><gpxtpx:speed>7673.38931224726548</gpxtpx:speed><gpxtpx:course>0.00000000000000</gpxtpx:course></gpxtpx:TrackPointExtension></extensions></trkpt>
      <trkpt lon="-152.84501817814319" lat="-75.25163068477276"><ele>521531.32057740725577</ele><time>2023-01-20T10:14:07.500Z</time><hdop>2.54588988065996</hdop><vdop>6.26189839406793</vdop><pdop>6.75965433894939</pdop><extensions><gpxtpx:TrackPointExtension><gpxtpx:speed>7673.20378372151299</gpxtpx:speed><gpxtpx:course>0.00000000000000</gpxtpx:course></gpxtpx:TrackPointExtension></extensions></trkpt>
      <trkpt lon="-152.85762166268685" lat="-75.24612368644934"><ele>521528.51525207608938</ele><time>2023-01-20T10:14:07.600Z</time><hdop>2.54612293933800</hdop><vdop>6.26151202647088</vdop><pdop>6.75938420862896</pdop><extensions><gpxtpx:TrackPointExtension><gpxtpx:speed>7673.49636988836664</gpxtpx:speed><gpxtpx:course>0.00000000000000</gpxtpx:course></gpxtpx:TrackPointExtension></extensions></trkpt>
      <trkpt lon="-152.87026516608546" lat="-75.24061523909080"><ele>521531.46658444683999</ele><time>2023-01-20T10:14:07.700Z</time><hdop>2.54635523587836</hdop><vdop>6.26112393944807</vdop><pdop>6.75911221777053</pdop><extensions><gpxtpx:TrackPointExtension><gpxtpx:speed>7672.67319325315566</gpxtpx:speed><gpxtpx:course>0.00000000000000</gpxtpx:course></gpxtpx:TrackPointExtension></extensions></trkpt>
      <trkpt lon="-152.88283968823285" lat="-75.23514328377787"><ele>521533.72652375511825</ele><time>2023-01-20T10:14:07.800Z</time><hdop>2.54658529597881</hdop><vdop>6.26073653852148</vdop><pdop>6.75884003912456</pdop><extensions><gpxtpx:TrackPointExtension><gpxtpx:speed>7673.37507407837984</gpxtpx:speed><gpxtpx:course>0.00000000000000</gpxtpx:course></gpxtpx:TrackPointExtension></extensions></trkpt>
      <trkpt lon="-152.89539159057176" lat="-75.22965743779399"><ele>521528.30919452849776</ele><time>2023-01-20T10:14:07.900Z</time><hdop>2.54681739737653</hdop><vdop>6.26035108038301</vdop><pdop>6.75857044834428</pdop><extensions><gpxtpx:TrackPointExtension><gpxtpx:speed>7672.56142509335223</gpxtpx:speed><gpxtpx:course>0.00000000000000</gpxtpx:course></gpxtpx:TrackPointExtension></extensions></trkpt>
      <trkpt lon="-152.90794917052909" lat="-75.22417359112437"><ele>521532.97238706890494</ele><time>2023-01-20T10:14:08.000Z</time><hdop>2.54704845563397</hdop><vdop>6.25996288390486</vdop><pdop>6.75829794720637</pdop><extensions><gpxtpx:TrackPointExtension><gpxtpx:speed>7673.37899033073700</gpxtpx:speed><gpxtpx:course>0.00000000000000</gpxtpx:course></gpxtpx:TrackPointExtension></extensions></trkpt>
      <trkpt lon="-152.92050451791317" lat="-75.21868690565840"><ele>521533.34815953578800</ele><time>2023-01-20T10:14:08.100Z</time><hdop>2.54728012499676</hdop><vdop>6.25957577195395</vdop><pdop>6.75802670015711</pdop><extensions><gpxtpx:TrackPointExtension><gpxtpx:speed>7672.88125137109091</gpxtpx:speed><gpxtpx:course>0.00000000000000</gpxtpx:course></gpxtpx:TrackPointExtension></extensions></trkpt>
      <trkpt lon="-152.93301326282042" lat="-75.21320201070672"><ele>521531.80084794480354</ele><time>2023-01-20T10:14:08.200Z</time><hdop>2.54751232947176</hdop><vdop>6.25918930229345</vdop><pdop>6.75775626896645</pdop><extensions><gpxtpx:TrackPointExtension><gpxtpx:speed>7673.83707841105024</gpxtpx:speed><gpxtpx:course>0.00000000000000</gpxtpx:course></gpxtpx:TrackPointExtension></extensions></trkpt>
      <trkpt lon="-152.94556350429312" lat="-75.20769675421329"><ele>521528.23739184346050</ele><time>2023-01-20T10:14:08.300Z</time><hdop>2.54774588720684</hdop><vdop>6.25880294467773</vdop><pdop>6.75748647102501</pdop><extensions><gpxtpx:TrackPointExtension><gpxtpx:speed>7673.63972635563096</gpxtpx:speed><gpxtpx:course>0.00000000000000</gpxtpx:course></gpxtpx:TrackPointExtension></extensions></trkpt>
      <trkpt lon="-152.95806116949154" lat="-75.20222752403973"><ele>521530.80566107016057</ele><time>2023-01-20T10:14:08.400Z</time><hdop>2.54797656902775</hdop><vdop>6.25841545109583</vdop><pdop>6.75721455592683</pdop><extensions><gpxtpx:TrackPointExtension><gpxtpx:speed>7673.54550974741323</gpxtpx:speed><gpxtpx:course>0.00000000000000</gpxtpx:course></gpxtpx:TrackPointExtension></extensions></trkpt>
      <trkpt lon="-152.97059565690023" lat="-75.19673244156985"><ele>521533.18116313964128</ele><time>2023-01-20T10:14:08.500Z</time><hdop>2.54820904678587</hdop><vdop>6.25802759260730</vdop><pdop>6.75694299931231</pdop><extensions><gpxtpx:TrackPointExtension><gpxtpx:speed>7673.50780404213856</gpxtpx:speed><gpxtpx:course>0.00000000000000</gpxtpx:course></gpxtpx:TrackPointExtension></extensions></trkpt>
      <trkpt lon="-152.98310132205285" lat="-75.19122791011154"><ele>521529.19684669841081</ele><time>2023-01-20T10:14:08.600Z</time><hdop>2.54844309847516</hdop><vdop>6.25764136443089</vdop><pdop>6.75667356559440</pdop><extensions><gpxtpx:TrackPointExtension><gpxtpx:speed>7672.79882718298632</gpxtpx:speed><gpxtpx:course>0.00000000000000</gpxtpx:course></gpxtpx:TrackPointExtension></extensions></trkpt>
      <trkpt lon="-152.99561109375955" lat="-75.18573087062194"><ele>521527.95712523348629</ele><time>2023-01-20T10:14:08.700Z</time><hdop>2.54867628530794</hdop><vdop>6.25725442415073</vdop><pdop>6.75640316557893</pdop><extensions><gpxtpx:TrackPointExtension><gpxtpx:speed>7673.47138036824344</gpxtpx:speed><gpxtpx:course>0.00000000000000</gpxtpx:course></gpxtpx:TrackPointExtension></extensions></trkpt>
      <trkpt lon="-153.00811346640432" lat="-75.18022911380767"><ele>521527.07181051746011</ele><time>2023-01-20T10:14:08.800Z</time><hdop>2.54890992080986</hdop><vdop>6.25686733271459</vdop><pdop>6.75613281423581</pdop><extensions><gpxtpx:TrackPointExtension><gpxtpx:speed>7673.53871105665894</gpxtpx:speed><gpxtpx:course>0.00000000000000</gpxtpx:course></gpxtpx:TrackPointExtension></extensions></trkpt>
      <trkpt lon="-153.02057498340619" lat="-75.17473739968459"><ele>521526.43865404184908</ele><time>2023-01-20T10:14:08.900Z</time><hdop>2.54914313378200</hdop><vdop>6.25648032672814</vdop><pdop>6.75586240203604</pdop><extensions><gpxtpx:TrackPointExtension><gpxtpx:speed>7673.26108303021647</gpxtpx:speed><gpxtpx:course>0.00000000000000</gpxtpx:course></gpxtpx:TrackPointExtension></extensions></trkpt>
      <trkpt lon="-153.03305003367859" lat="-75.16923927895127"><ele>521525.66670309659094</ele><time>2023-01-20T10:14:09.000Z</time><hdop>2.54937676162290</hdop><vdop>6.25609322270731</vdop><pdop>6.75559207500772</pdop><extensions><gpxtpx:TrackPointExtension><gpxtpx:speed>7673.16058755412814</gpxtpx:speed><gpxtpx:course>0.00000000000000</gpxtpx:course></gpxtpx:TrackPointExtension></extensions></trkpt>
      <trkpt lon="-153.04554432165355" lat="-75.16374725177323"><ele>521528.06173391081393</ele><time>2023-01-20T10:14:09.100Z</time><hdop>2.54960943294577</hdop><vdop>6.25570520149529</vdop><pdop>6.75532055705585</pdop><extensions><gpxtpx:TrackPointExtension><gpxtpx:speed>7673.73281527930430</gpxtpx:speed><gpxtpx:course>0.00000000000000</gpxtpx:course></gpxtpx:TrackPointExtension></extensions></trkpt>
      <trkpt lon="-153.05798566192996" lat="-75.15825131033398"><ele>521527.10256867669523</ele><time>2023-01-20T10:14:09.200Z</time><hdop>2.54984327277892</hdop><vdop>6.25531817656175</vdop><pdop>6.75505042214784</pdop><extensions><gpxtpx:TrackPointExtension><gpxtpx:speed>7673.56695409239637</gpxtpx:speed><gpxtpx:course>0.00000000000000</gpxtpx:course></gpxtpx:TrackPointExtension></extensions></trkpt>
      <trkpt lon="-153.07042821896124" lat="-75.15275868990899"><ele>521531.01647548191249</ele><time>2023-01-20T10:14:09.300Z</time><hdop>2.55007645122332</hdop><vdop>6.25492984810155</vdop><pdop>6.75477884995175</pdop><extensions><gpxtpx:TrackPointExtension><gpxtpx:speed>7673.72222224691450</gpxtpx:speed><gpxtpx:course>0.00000000000000</gpxtpx:course></gpxtpx:TrackPointExtension></extensions></trkpt>
      <trkpt lon="-153.08285403953931" lat="-75.14725538634454"><ele>521527.03747314959764</ele><time>2023-01-20T10:14:09.400Z</time><hdop>2.55031128094900</hdop><vdop>6.25454345209937</vdop><pdop>6.75450971010737</pdop><extensions><gpxtpx:TrackPointExtension><gpxtpx:speed>7673.37080067294937</gpxtpx:speed><gpxtpx:course>0.00000000000000</gpxtpx:course></gpxtpx:TrackPointExtension></extensions></trkpt>
      <trkpt lon="-153.09529421368617" lat="-75.14176544890785"><ele>521533.36005825735629</ele><time>2023-01-20T10:14:09.500Z</time><hdop>2.55054411327633</hdop><vdop>6.25415445087823</vdop><pdop>6.75423742321874</pdop><extensions><gpxtpx:TrackPointExtension><gpxtpx:speed>7672.90426978714186</gpxtpx:speed><gpxtpx:course>0.00000000000000</gpxtpx:course></gpxtpx:TrackPointExtension></extensions></trkpt>
      <trkpt lon="-153.10769671533822" lat="-75.13626043219060"><ele>521527.09498543012887</ele><time>2023-01-20T10:14:09.600Z</time><hdop>2.55077955836137</hdop><vdop>6.25376866369688</vdop><pdop>6.75396911855476</pdop><extensions><gpxtpx:TrackPointExtension><gpxtpx:speed>7673.56028091205553</gpxtpx:speed><gpxtpx:course>0.00000000000000</gpxtpx:course></gpxtpx:TrackPointExtension></extensions></trkpt>
      <trkpt lon="-153.12007465573032" lat="-75.13074976156084"><ele>521519.73033004999161</ele><time>2023-01-20T10:14:09.700Z</time><hdop>2.55101578436612</hdop><vdop>6.25338308463807</vdop><pdop>6.75370132115144</pdop><extensions><gpxtpx:TrackPointExtension><gpxtpx:speed>7673.19706284665153</gpxtpx:speed><gpxtpx:course>0.00000000000000</gpxtpx:course></gpxtpx:TrackPointExtension></extensions></trkpt>
      <trkpt lon="-153.13254582157694" lat="-75.12525037669846"><ele>521528.88156784139574</ele><time>2023-01-20T10:14:09.800Z</time><hdop>2.55124885848802</hdop><vdop>6.25299295717444</vdop><pdop>6.75342814135232</pdop><extensions><gpxtpx:TrackPointExtension><gpxtpx:speed>7673.63064736214619</gpxtpx:speed><gpxtpx:course>0.00000000000000</gpxtpx:course></gpxtpx:TrackPointExtension></extensions></trkpt>
      <trkpt lon="-153.14492797918641" lat="-75.11975692095383"><ele>521528.21592075098306</ele><time>2023-01-20T10:14:09.900Z</time><hdop>2.55148314258689</hdop><vdop>6.25260572610573</vdop><pdop>6.75315811994916</pdop><extensions><gpxtpx:TrackPointExtension><gpxtpx:speed>7672.85280310479902</gpxtpx:speed><gpxtpx:course>0.00000000000000</gpxtpx:course></gpxtpx:TrackPointExtension></extensions></trkpt>
      <trkpt lon="-153.15733591536454" lat="-75.11427074725917"><ele>521537.77475127298385</ele><time>2023-01-20T10:14:10.000Z</time><hdop>2.55171575845234</hdop><vdop>6.25221570357671</vdop><pdop>6.75288490320880</pdop><extensions><gpxtpx:TrackPointExtension><gpxtpx:speed>7673.19982210282615</gpxtpx:speed><gpxtpx:course>0.00000000000000</gpxtpx:course></gpxtpx:TrackPointExtension></extensions></trkpt>
      <trkpt lon="-153.16967283272260" lat="-75.10875598540949"><ele>521528.83769798278809</ele><time>2023-01-20T10:14:10.100Z</time><hdop>2.55195295679535</hdop><vdop>6.25183050342133</vdop><pdop>6.75261790250314</pdop><extensions><gpxtpx:TrackPointExtension><gpxtpx:speed>7673.81891170543895</gpxtpx:speed><gpxtpx:course>0.00000000000000</gpxtpx:course></gpxtpx:TrackPointExtension></extensions></trkpt>
      <trkpt lon="-153.18208091648805" lat="-75.10325004411078"><ele>521530.11133907921612</ele><time>2023-01-20T10:14:10.200Z</time><hdop>2.55218787500906</hdop><vdop>6.25144238167423</vdop><pdop>6.75234735486379</pdop><extensions><gpxtpx:TrackPointExtension><gpxtpx:speed>7673.51381689194386</gpxtpx:speed><gpxtpx:course>0.00000000000000</gpxtpx:course></gpxtpx:TrackPointExtension></extensions></trkpt>
      <trkpt lon="-153.19442215353840" lat="-75.09774230960261"><ele>521526.57528387382627</ele><time>2023-01-20T10:14:10.300Z</time><hdop>2.55242407556947</hdop><vdop>6.25105574041594</vdop><pdop>6.75207868225288</pdop><extensions><gpxtpx:TrackPointExtension><gpxtpx:speed>7672.96671381156921</gpxtpx:speed><gpxtpx:course>0.00000000000000</gpxtpx:course></gpxtpx:TrackPointExtension></extensions></trkpt>
      <trkpt lon="-153.20676294450783" lat="-75.09224545694916"><ele>521526.65354715660214</ele><time>2023-01-20T10:14:10.400Z</time><hdop>2.55265899982050</hdop><vdop>6.25066808181457</vdop><pdop>6.75180860498726</pdop><extensions><gpxtpx:TrackPointExtension><gpxtpx:speed>7672.97279110454929</gpxtpx:speed><gpxtpx:course>0.00000000000000</gpxtpx:course></gpxtpx:TrackPointExtension></extensions></trkpt>
      <trkpt lon="-153.21914945346623" lat="-75.08674669508343"><ele>521536.70125318877399</ele><time>2023-01-20T10:14:10.500Z</time><hdop>2.55289291362938</hdop><vdop>6.25027766166104</vdop><pdop>6.75153560875732</pdop><extensions><gpxtpx:TrackPointExtension><gpxtpx:speed>7673.31941971810102</gpxtpx:speed><gpxtpx:course>0.00000000000000</gpxtpx:course></gpxtpx:TrackPointExtension></extensions></trkpt>
      <trkpt lon="-153.23144740145531" lat="-75.08122868557274"><ele>521530.91278436966240</ele><time>2023-01-20T10:14:10.600Z</time><hdop>2.55313060951472</hdop><vdop>6.24989150883192</vdop><pdop>6.75126801285583</pdop><extensions><gpxtpx:TrackPointExtension><gpxtpx:speed>7673.37256479922053</gpxtpx:speed><gpxtpx:course>0.00000000000000</gpxtpx:course></gpxtpx:TrackPointExtension></extensions></trkpt>
      <trkpt lon="-153.24374272271106" lat="-75.07570992125507"><ele>521517.21185670234263</ele><time>2023-01-20T10:14:10.700Z</time><hdop>2.55336904601444</hdop><vdop>6.24950739105905</vdop><pdop>6.75100260080281</pdop><extensions><gpxtpx:TrackPointExtension><gpxtpx:speed>7673.16694243874463</gpxtpx:speed><gpxtpx:course>0.00000000000000</gpxtpx:course></gpxtpx:TrackPointExtension></extensions></trkpt>
      <trkpt lon="-153.25607904692495" lat="-75.07020324860684"><ele>521521.02496654912829</ele><time>2023-01-20T10:14:10.800Z</time><hdop>2.55360456234586</hdop><vdop>6.24911845800090</vdop><pdop>6.75073164649293</pdop><extensions><gpxtpx:TrackPointExtension><gpxtpx:speed>7673.57315276471491</gpxtpx:speed><gpxtpx:course>0.00000000000000</gpxtpx:course></gpxtpx:TrackPointExtension></extensions></trkpt>
      <trkpt lon="-153.26839209424810" lat="-75.06470083647496"><ele>521523.73122239857912</ele><time>2023-01-20T10:14:10.900Z</time><hdop>2.55384012984073</hdop><vdop>6.24872994764483</vdop><pdop>6.75046112257365</pdop><extensions><gpxtpx:TrackPointExtension><gpxtpx:speed>7674.01517597126531</gpxtpx:speed><gpxtpx:course>0.00000000000000</gpxtpx:course></gpxtpx:TrackPointExtension></extensions></trkpt>
      <trkpt lon="-153.28071022574503" lat="-75.05921700862940"><ele>521537.87911275681108</ele><time>2023-01-20T10:14:11.000Z</time><hdop>2.55407326049995</hdop><vdop>6.24833859733074</vdop><pdop>6.75018706754812</pdop><extensions><gpxtpx:TrackPointExtension><gpxtpx:speed>7673.40089954481482</gpxtpx:speed><gpxtpx:course>0.00000000000000</gpxtpx:course></gpxtpx:TrackPointExtension></extensions></trkpt>
      <trkpt lon="-153.29301235303876" lat="-75.05369317950053"><ele>521531.04798081982881</ele><time>2023-01-20T10:14:11.100Z</time><hdop>2.55431150296092</hdop><vdop>6.24795234492090</vdop><pdop>6.74991968534153</pdop><extensions><gpxtpx:TrackPointExtension><gpxtpx:speed>7673.27233895995778</gpxtpx:speed><gpxtpx:course>0.00000000000000</gpxtpx:course></gpxtpx:TrackPointExtension></extensions></trkpt>
      <trkpt lon="-153.30532254606626" lat="-75.04819141384459"><ele>521536.20215817727149</ele><time>2023-01-20T10:14:11.200Z</time><hdop>2.55454688273961</hdop><vdop>6.24756306332157</vdop><pdop>6.74964843575535</pdop><extensions><gpxtpx:TrackPointExtension><gpxtpx:speed>7673.59441126385991</gpxtpx:speed><gpxtpx:course>0.00000000000000</gpxtpx:course></gpxtpx:TrackPointExtension></extensions></trkpt>
      <trkpt lon="-153.31756080259402" lat="-75.04268185282181"><ele>521532.16597907710820</ele><time>2023-01-20T10:14:11.300Z</time><hdop>2.55478443758746</hdop><vdop>6.24717636086237</vdop><pdop>6.74938041647207</pdop><extensions><gpxtpx:TrackPointExtension><gpxtpx:speed>7672.55643578717536</gpxtpx:speed><gpxtpx:course>0.00000000000000</gpxtpx:course></gpxtpx:TrackPointExtension></extensions></trkpt>
      <trkpt lon="-153.32982141239611" lat="-75.03715358551732"><ele>521523.49151827860624</ele><time>2023-01-20T10:14:11.400Z</time><hdop>2.55502364088145</hdop><vdop>6.24679051750759</vdop><pdop>6.74911383628147</pdop><extensions><gpxtpx:TrackPointExtension><gpxtpx:speed>7674.10661703039477</gpxtpx:speed><gpxtpx:course>0.00000000000000</gpxtpx:course></gpxtpx:TrackPointExtension></extensions></trkpt>
      <trkpt lon="-153.34207312795112" lat="-75.03166040026456"><ele>521532.91643854416907</ele><time>2023-01-20T10:14:11.500Z</time><hdop>2.55525856938859</hdop><vdop>6.24640020256645</vdop><pdop>6.74884151888722</pdop><extensions><gpxtpx:TrackPointExtension><gpxtpx:speed>7673.43179038378912</gpxtpx:speed><gpxtpx:course>0.00000000000000</gpxtpx:course></gpxtpx:TrackPointExtension></extensions></trkpt>
      <trkpt lon="-153.35433912647335" lat="-75.02614920824310"><ele>521535.32443945296109</ele><time>2023-01-20T10:14:11.600Z</time><hdop>2.55549549283322</hdop><vdop>6.24601154125363</vdop><pdop>6.74857150716835</pdop><extensions><gpxtpx:TrackPointExtension><gpxtpx:speed>7673.40999724131143</gpxtpx:speed><gpxtpx:course>0.00000000000000</gpxtpx:course></gpxtpx:TrackPointExtension></extensions></trkpt>
      <trkpt lon="-153.36655913229427" lat="-75.02062401693210"><ele>521523.90303167607635</ele><time>2023-01-20T10:14:11.700Z</time><hdop>2.55573519655761</hdop><vdop>6.24562654370641</vdop><pdop>6.74830595915549</pdop><extensions><gpxtpx:TrackPointExtension><gpxtpx:speed>7673.61355881141299</gpxtpx:speed><gpxtpx:course>0.00000000000000</gpxtpx:course></gpxtpx:TrackPointExtension></extensions></trkpt>
      <trkpt lon="-153.37879698013523" lat="-75.01511854611748"><ele>521525.99686705693603</ele><time>2023-01-20T10:14:11.800Z</time><hdop>2.55597188940874</hdop><vdop>6.24523791374576</vdop><pdop>6.74803592897483</pdop><extensions><gpxtpx:TrackPointExtension><gpxtpx:speed>7673.10076792747896</gpxtpx:speed><gpxtpx:course>0.00000000000000</gpxtpx:course></gpxtpx:TrackPointExtension></extensions></trkpt>
      <trkpt lon="-153.39100737957199" lat="-75.00959894135597"><ele>521524.07847081590444</ele><time>2023-01-20T10:14:11.900Z</time><hdop>2.55621045746116</hdop><vdop>6.24485034331946</vdop><pdop>6.74776760960920</pdop><extensions><gpxtpx:TrackPointExtension><gpxtpx:speed>7673.58430532928742</gpxtpx:speed><gpxtpx:course>0.00000000000000</gpxtpx:course></gpxtpx:TrackPointExtension></extensions></trkpt>
      <trkpt lon="-153.40325842566185" lat="-75.00409481205837"><ele>521531.22535072267056</ele><time>2023-01-20T10:14:12.000Z</time><hdop>2.55644659007918</hdop><vdop>6.24446032016807</vdop><pdop>6.74749611767810</pdop><extensions><gpxtpx:TrackPointExtension><gpxtpx:speed>7673.41163409161709</gpxtpx:speed><gpxtpx:course>0.00000000000000</gpxtpx:course></gpxtpx:TrackPointExtension></extensions></trkpt>
      <trkpt lon="-153.41547417914157" lat="-74.99857695301644"><ele>521533.13100904878229</ele><time>2023-01-20T10:14:12.100Z</time><hdop>2.55668464563900</hdop><vdop>6.24407161732579</vdop><pdop>6.74722659613116</pdop><extensions><gpxtpx:TrackPointExtension><gpxtpx:speed>7673.64338478941954</gpxtpx:speed><gpxtpx:course>0.00000000000000</gpxtpx:course></gpxtpx:TrackPointExtension></extensions></trkpt>
      <trkpt lon="-153.42766340755526" lat="-74.99306738991342"><ele>521532.56239076796919</ele><time>2023-01-20T10:14:12.200Z</time><hdop>2.55692248486293</hdop><vdop>6.24368366761272</vdop><pdop>6.74695770957633</pdop><extensions><gpxtpx:TrackPointExtension><gpxtpx:speed>7673.47057354128810</gpxtpx:speed><gpxtpx:course>0.00000000000000</gpxtpx:course></gpxtpx:TrackPointExtension></extensions></trkpt>
      <trkpt lon="-153.43983439127518" lat="-74.98754234372446"><ele>521528.77248501963913</ele><time>2023-01-20T10:14:12.300Z</time><hdop>2.55716208072985</hdop><vdop>6.24329644188275</vdop><pdop>6.74669017877273</pdop><extensions><gpxtpx:TrackPointExtension><gpxtpx:speed>7673.44584830356507</gpxtpx:speed><gpxtpx:course>0.00000000000000</gpxtpx:course></gpxtpx:TrackPointExtension></extensions></trkpt>
      <trkpt lon="-153.45202072810716" lat="-74.98202312257095"><ele>521526.29867975134403</ele><time>2023-01-20T10:14:12.400Z</time><hdop>2.55740094527110</hdop><vdop>6.24290882797616</vdop><pdop>6.74642203166213</pdop><extensions><gpxtpx:TrackPointExtension><gpxtpx:speed>7673.49824630300373</gpxtpx:speed><gpxtpx:course>0.00000000000000</gpxtpx:course></gpxtpx:TrackPointExtension></extensions></trkpt>
      <trkpt lon="-153.46422099247417" lat="-74.97650967229441"><ele>521529.49268954154104</ele><time>2023-01-20T10:14:12.500Z</time><hdop>2.55763874677251</hdop><vdop>6.24251968915331</vdop><pdop>6.74615209052233</pdop><extensions><gpxtpx:TrackPointExtension><gpxtpx:speed>7672.87471753376121</gpxtpx:speed><gpxtpx:course>0.00000000000000</gpxtpx:course></gpxtpx:TrackPointExtension></extensions></trkpt>
      <trkpt lon="-153.47636213386815" lat="-74.97098704554104"><ele>521528.50286225974560</ele><time>2023-01-20T10:14:12.600Z</time><hdop>2.55787828457401</hdop><vdop>6.24213171607236</vdop><pdop>6.74588390646413</pdop><extensions><gpxtpx:TrackPointExtension><gpxtpx:speed>7673.27303337061585</gpxtpx:speed><gpxtpx:course>0.00000000000000</gpxtpx:course></gpxtpx:TrackPointExtension></extensions></trkpt>
      <trkpt lon="-153.48852883015948" lat="-74.96546907995949"><ele>521528.94376238435507</ele><time>2023-01-20T10:14:12.700Z</time><hdop>2.55811700982957</hdop><vdop>6.24174323755173</vdop><pdop>6.74561496673966</pdop><extensions><gpxtpx:TrackPointExtension><gpxtpx:speed>7673.59924679391770</gpxtpx:speed><gpxtpx:course>0.00000000000000</gpxtpx:course></gpxtpx:TrackPointExtension></extensions></trkpt>
      <trkpt lon="-153.50064376298079" lat="-74.95994777338908"><ele>521524.29563084430993</ele><time>2023-01-20T10:14:12.800Z</time><hdop>2.55835704224964</hdop><vdop>6.24135624250641</vdop><pdop>6.74534791552682</pdop><extensions><gpxtpx:TrackPointExtension><gpxtpx:speed>7673.49793759394106</gpxtpx:speed><gpxtpx:course>0.00000000000000</gpxtpx:course></gpxtpx:TrackPointExtension></extensions></trkpt>
      <trkpt lon="-153.51279506977636" lat="-74.95442566349732"><ele>521526.11408065725118</ele><time>2023-01-20T10:14:12.900Z</time><hdop>2.55859617246188</hdop><vdop>6.24096729637158</vdop><pdop>6.74507873698419</pdop><extensions><gpxtpx:TrackPointExtension><gpxtpx:speed>7673.08346962752421</gpxtpx:speed><gpxtpx:course>0.00000000000000</gpxtpx:course></gpxtpx:TrackPointExtension></extensions></trkpt>
      <trkpt lon="-153.52491961039564" lat="-74.94890732475561"><ele>521527.46289628557861</ele><time>2023-01-20T10:14:13.000Z</time><hdop>2.55883539986984</hdop><vdop>6.24057861265513</vdop><pdop>6.74480985828034</pdop><extensions><gpxtpx:TrackPointExtension><gpxtpx:speed>7673.04557340697829</gpxtpx:speed><gpxtpx:course>0.00000000000000</gpxtpx:course></gpxtpx:TrackPointExtension></extensions></trkpt>
      <trkpt lon="-153.53702108873648" lat="-74.94337695752041"><ele>521520.23229439277202</ele><time>2023-01-20T10:14:13.100Z</time><hdop>2.55907653046482</hdop><vdop>6.24019209788662</vdop><pdop>6.74454372862261</pdop><extensions><gpxtpx:TrackPointExtension><gpxtpx:speed>7672.79938338197735</gpxtpx:speed><gpxtpx:course>0.00000000000000</gpxtpx:course></gpxtpx:TrackPointExtension></extensions></trkpt>
      <trkpt lon="-153.54914887431454" lat="-74.93786542785071"><ele>521523.11146809998900</ele><time>2023-01-20T10:14:13.200Z</time><hdop>2.55931502731904</hdop><vdop>6.23980294455728</vdop><pdop>6.74427417858784</pdop><extensions><gpxtpx:TrackPointExtension><gpxtpx:speed>7673.59236420071375</gpxtpx:speed><gpxtpx:course>0.00000000000000</gpxtpx:course></gpxtpx:TrackPointExtension></extensions></trkpt>
      <trkpt lon="-153.56126536867893" lat="-74.93233624274011"><ele>521523.71670748479664</ele><time>2023-01-20T10:14:13.300Z</time><hdop>2.55955527482863</hdop><vdop>6.23941418201774</vdop><pdop>6.74400567464672</pdop><extensions><gpxtpx:TrackPointExtension><gpxtpx:speed>7673.80590132424913</gpxtpx:speed><gpxtpx:course>0.00000000000000</gpxtpx:course></gpxtpx:TrackPointExtension></extensions></trkpt>
      <trkpt lon="-153.57337877247014" lat="-74.92683748870719"><ele>521529.35573702212423</ele><time>2023-01-20T10:14:13.400Z</time><hdop>2.55979267502701</hdop><vdop>6.23902439838581</vdop><pdop>6.74373516552773</pdop><extensions><gpxtpx:TrackPointExtension><gpxtpx:speed>7673.41007853442625</gpxtpx:speed><gpxtpx:course>0.00000000000000</gpxtpx:course></gpxtpx:TrackPointExtension></extensions></trkpt>
      <trkpt lon="-153.58546900431878" lat="-74.92131052627488"><ele>521529.54204771947116</ele><time>2023-01-20T10:14:13.500Z</time><hdop>2.56003309211006</hdop><vdop>6.23863578150495</vdop><pdop>6.74346690115496</pdop><extensions><gpxtpx:TrackPointExtension><gpxtpx:speed>7673.32102585426219</gpxtpx:speed><gpxtpx:course>0.00000000000000</gpxtpx:course></gpxtpx:TrackPointExtension></extensions></trkpt>
      <trkpt lon="-153.59753457984542" lat="-74.91577345861117"><ele>521526.25242777261883</ele><time>2023-01-20T10:14:13.600Z</time><hdop>2.56027489764440</hdop><vdop>6.23824801953972</vdop><pdop>6.74319997514528</pdop><extensions><gpxtpx:TrackPointExtension><gpxtpx:speed>7673.37899177976487</gpxtpx:speed><gpxtpx:course>0.00000000000000</gpxtpx:course></gpxtpx:TrackPointExtension></extensions></trkpt>
      <trkpt lon="-153.60961084221293" lat="-74.91025094601785"><ele>521525.78018698096275</ele><time>2023-01-20T10:14:13.700Z</time><hdop>2.56051515295934</hdop><vdop>6.23785955837399</vdop><pdop>6.74293183404163</pdop><extensions><gpxtpx:TrackPointExtension><gpxtpx:speed>7674.06252239687910</gpxtpx:speed><gpxtpx:course>0.00000000000000</gpxtpx:course></gpxtpx:TrackPointExtension></extensions></trkpt>
      <trkpt lon="-153.62168040473836" lat="-74.90471554539981"><ele>521523.59671115316451</ele><time>2023-01-20T10:14:13.800Z</time><hdop>2.56075668893707</hdop><vdop>6.23747139559351</vdop><pdop>6.74266447561965</pdop><extensions><gpxtpx:TrackPointExtension><gpxtpx:speed>7673.81792078709168</gpxtpx:speed><gpxtpx:course>0.00000000000000</gpxtpx:course></gpxtpx:TrackPointExtension></extensions></trkpt>
      <trkpt lon="-153.63370280771366" lat="-74.89919253813618"><ele>521521.50402112957090</ele><time>2023-01-20T10:14:13.900Z</time><hdop>2.56099770567159</hdop><vdop>6.23708345124694</vdop><pdop>6.74239714243189</pdop><extensions><gpxtpx:TrackPointExtension><gpxtpx:speed>7673.00130111044018</gpxtpx:speed><gpxtpx:course>0.00000000000000</gpxtpx:course></gpxtpx:TrackPointExtension></extensions></trkpt>
      <trkpt lon="-153.64574999902945" lat="-74.89368116423532"><ele>521526.70493784826249</ele><time>2023-01-20T10:14:14.000Z</time><hdop>2.56123692840214</hdop><vdop>6.23669355160776</vdop><pdop>6.74212733935489</pdop><extensions><gpxtpx:TrackPointExtension><gpxtpx:speed>7673.31341794953096</gpxtpx:speed><gpxtpx:course>0.00000000000000</gpxtpx:course></gpxtpx:TrackPointExtension></extensions></trkpt>
      <trkpt lon="-153.65781552949451" lat="-74.88814740570284"><ele>521528.85664026904851</ele><time>2023-01-20T10:14:14.100Z</time><hdop>2.56147811706129</hdop><vdop>6.23630417084448</vdop><pdop>6.74185878341249</pdop><extensions><gpxtpx:TrackPointExtension><gpxtpx:speed>7673.12091473977762</gpxtpx:speed><gpxtpx:course>0.00000000000000</gpxtpx:course></gpxtpx:TrackPointExtension></extensions></trkpt>
      <trkpt lon="-153.66984148700607" lat="-74.88261457533814"><ele>521524.60516050271690</ele><time>2023-01-20T10:14:14.200Z</time><hdop>2.56172010694709</hdop><vdop>6.23591653148486</vdop><pdop>6.74159216313055</pdop><extensions><gpxtpx:TrackPointExtension><gpxtpx:speed>7673.34563902976424</gpxtpx:speed><gpxtpx:course>0.00000000000000</gpxtpx:course></gpxtpx:TrackPointExtension></extensions></trkpt>
      <trkpt lon="-153.68185469745234" lat="-74.87709372668451"><ele>521523.09266122058034</ele><time>2023-01-20T10:14:14.300Z</time><hdop>2.56196102547132</hdop><vdop>6.23552827014120</vdop><pdop>6.74132458080489</pdop><extensions><gpxtpx:TrackPointExtension><gpxtpx:speed>7673.29056057405160</gpxtpx:speed><gpxtpx:course>0.00000000000000</gpxtpx:course></gpxtpx:TrackPointExtension></extensions></trkpt>
      <trkpt lon="-153.69388388972141" lat="-74.87156186556142"><ele>521525.10482544824481</ele><time>2023-01-20T10:14:14.400Z</time><hdop>2.56220245228812</hdop><vdop>6.23513888453243</vdop><pdop>6.74105617213798</pdop><extensions><gpxtpx:TrackPointExtension><gpxtpx:speed>7673.60991809330426</gpxtpx:speed><gpxtpx:course>0.00000000000000</gpxtpx:course></gpxtpx:TrackPointExtension></extensions></trkpt>
      <trkpt lon="-153.70588569701999" lat="-74.86603066156940"><ele>521524.20931109692901</ele><time>2023-01-20T10:14:14.500Z</time><hdop>2.56244435225347</hdop><vdop>6.23475032496426</vdop><pdop>6.74078872781499</pdop><extensions><gpxtpx:TrackPointExtension><gpxtpx:speed>7673.35099422895746</gpxtpx:speed><gpxtpx:course>0.00000000000000</gpxtpx:course></gpxtpx:TrackPointExtension></extensions></trkpt>
      <trkpt lon="-153.71785679269337" lat="-74.86049278578056"><ele>521517.28726806771010</ele><time>2023-01-20T10:14:14.600Z</time><hdop>2.56268757410067</hdop><vdop>6.23436330345729</vdop><pdop>6.74052322909319</pdop><extensions><gpxtpx:TrackPointExtension><gpxtpx:speed>7673.14666379780192</gpxtpx:speed><gpxtpx:course>0.00000000000000</gpxtpx:course></gpxtpx:TrackPointExtension></extensions></trkpt>
      <trkpt lon="-153.72990133196166" lat="-74.85497265421849"><ele>521526.27411000616848</ele><time>2023-01-20T10:14:14.700Z</time><hdop>2.56292731836378</hdop><vdop>6.23397197731047</vdop><pdop>6.74025244728323</pdop><extensions><gpxtpx:TrackPointExtension><gpxtpx:speed>7672.93241522092103</gpxtpx:speed><gpxtpx:course>0.00000000000000</gpxtpx:course></gpxtpx:TrackPointExtension></extensions></trkpt>
      <trkpt lon="-153.74188101033005" lat="-74.84944446854928"><ele>521527.79697902500629</ele><time>2023-01-20T10:14:14.800Z</time><hdop>2.56316908022843</hdop><vdop>6.23358279144494</vdop><pdop>6.73998443259609</pdop><extensions><gpxtpx:TrackPointExtension><gpxtpx:speed>7673.12037700113342</gpxtpx:speed><gpxtpx:course>0.00000000000000</gpxtpx:course></gpxtpx:TrackPointExtension></extensions></trkpt>
      <trkpt lon="-153.75385774929492" lat="-74.84391572789369"><ele>521528.97098340652883</ele><time>2023-01-20T10:14:14.900Z</time><hdop>2.56341087985922</hdop><vdop>6.23319354641571</vdop><pdop>6.73971639804370</pdop><extensions><gpxtpx:TrackPointExtension><gpxtpx:speed>7673.53978709543117</gpxtpx:speed><gpxtpx:course>0.00000000000000</gpxtpx:course></gpxtpx:TrackPointExtension></extensions></trkpt>
      <trkpt lon="-153.76580494239627" lat="-74.83838229992868"><ele>521526.01231901161373</ele><time>2023-01-20T10:14:15.000Z</time><hdop>2.56365374697085</hdop><vdop>6.23280544207308</vdop><pdop>6.73944984498687</pdop><extensions><gpxtpx:TrackPointExtension><gpxtpx:speed>7673.18035776490524</gpxtpx:speed><gpxtpx:course>0.00000000000000</gpxtpx:course></gpxtpx:TrackPointExtension></extensions></trkpt>
      <trkpt lon="-153.77775767358366" lat="-74.83284390836771"><ele>521524.90425820648670</ele><time>2023-01-20T10:14:15.100Z</time><hdop>2.56389685088087</hdop><vdop>6.23241673532283</vdop><pdop>6.73918284547088</pdop><extensions><gpxtpx:TrackPointExtension><gpxtpx:speed>7673.57834590511538</gpxtpx:speed><gpxtpx:course>0.00000000000000</gpxtpx:course></gpxtpx:TrackPointExtension></extensions></trkpt>
      <trkpt lon="-153.78970020963251" lat="-74.82731164333531"><ele>521523.50751356966794</ele><time>2023-01-20T10:14:15.200Z</time><hdop>2.56413956695925</hdop><vdop>6.23202814436355</vdop><pdop>6.73891582607954</pdop><extensions><gpxtpx:TrackPointExtension><gpxtpx:speed>7673.78225826744801</gpxtpx:speed><gpxtpx:course>0.00000000000000</gpxtpx:course></gpxtpx:TrackPointExtension></extensions></trkpt>
      <trkpt lon="-153.80162907473314" lat="-74.82178395121953"><ele>521522.98397884797305</ele><time>2023-01-20T10:14:15.300Z</time><hdop>2.56438196704237</hdop><vdop>6.23163934162535</vdop><pdop>6.73864851116193</pdop><extensions><gpxtpx:TrackPointExtension><gpxtpx:speed>7673.24435637159513</gpxtpx:speed><gpxtpx:course>0.00000000000000</gpxtpx:course></gpxtpx:TrackPointExtension></extensions></trkpt>
      <trkpt lon="-153.81354588436506" lat="-74.81623324502050"><ele>521518.18759171478450</ele><time>2023-01-20T10:14:15.400Z</time><hdop>2.56462680844255</hdop><vdop>6.23125146901778</vdop><pdop>6.73838300608674</pdop><extensions><gpxtpx:TrackPointExtension><gpxtpx:speed>7673.21560877788033</gpxtpx:speed><gpxtpx:course>0.00000000000000</gpxtpx:course></gpxtpx:TrackPointExtension></extensions></trkpt>
      <trkpt lon="-153.82545368394554" lat="-74.81070379490238"><ele>521515.76770577207208</ele><time>2023-01-20T10:14:15.500Z</time><hdop>2.56486974025692</hdop><vdop>6.23086311485205</vdop><pdop>6.73811634958238</pdop><extensions><gpxtpx:TrackPointExtension><gpxtpx:speed>7673.49814230267202</gpxtpx:speed><gpxtpx:course>0.00000000000000</gpxtpx:course></gpxtpx:TrackPointExtension></extensions></trkpt>
      <trkpt lon="-153.83740858550905" lat="-74.80516018132998"><ele>521520.10426747798920</ele><time>2023-01-20T10:14:15.600Z</time><hdop>2.56511286077631</hdop><vdop>6.23047265495747</vdop><pdop>6.73784783834518</pdop><extensions><gpxtpx:TrackPointExtension><gpxtpx:speed>7673.07818705036152</gpxtpx:speed><gpxtpx:course>0.00000000000000</gpxtpx:course></gpxtpx:TrackPointExtension></extensions></trkpt>
      <trkpt lon="-153.84929989251506" lat="-74.79962927240609"><ele>521521.93209373671561</ele><time>2023-01-20T10:14:15.700Z</time><hdop>2.56535579805008</hdop><vdop>6.23008316258233</vdop><pdop>6.73758017267929</pdop><extensions><gpxtpx:TrackPointExtension><gpxtpx:speed>7672.74173142444852</gpxtpx:speed><gpxtpx:course>0.00000000000000</gpxtpx:course></gpxtpx:TrackPointExtension></extensions></trkpt>
      <trkpt lon="-153.86119434306656" lat="-74.79407845882383"><ele>521520.29354736953974</ele><time>2023-01-20T10:14:15.800Z</time><hdop>2.56560069937971</hdop><vdop>6.22969434375603</vdop><pdop>6.73731389837846</pdop><extensions><gpxtpx:TrackPointExtension><gpxtpx:speed>7673.20576235337921</gpxtpx:speed><gpxtpx:course>0.00000000000000</gpxtpx:course></gpxtpx:TrackPointExtension></extensions></trkpt>
      <trkpt lon="-153.87306877239550" lat="-74.78855894219485"><ele>521519.90763655770570</ele><time>2023-01-20T10:14:15.900Z</time><hdop>2.56584304555712</hdop><vdop>6.22930548455785</vdop><pdop>6.73704663442197</pdop><extensions><gpxtpx:TrackPointExtension><gpxtpx:speed>7673.80324676330110</gpxtpx:speed><gpxtpx:course>0.00000000000000</gpxtpx:course></gpxtpx:TrackPointExtension></extensions></trkpt>
      <trkpt lon="-153.88498924025839" lat="-74.78303297016973"><ele>521526.52796592935920</ele><time>2023-01-20T10:14:16.000Z</time><hdop>2.56608492957173</hdop><vdop>6.22891451760505</vdop><pdop>6.73677726612703</pdop><extensions><gpxtpx:TrackPointExtension><gpxtpx:speed>7673.46496598115573</gpxtpx:speed><gpxtpx:course>0.00000000000000</gpxtpx:course></gpxtpx:TrackPointExtension></extensions></trkpt>
      <trkpt lon="-153.89689630848690" lat="-74.77748239874342"><ele>521525.03662156779319</ele><time>2023-01-20T10:14:16.100Z</time><hdop>2.56632964318596</hdop><vdop>6.22852543158049</vdop><pdop>6.73651073548762</pdop><extensions><gpxtpx:TrackPointExtension><gpxtpx:speed>7672.95285227516160</gpxtpx:speed><gpxtpx:course>0.00000000000000</gpxtpx:course></gpxtpx:TrackPointExtension></extensions></trkpt>
      <trkpt lon="-153.90875151609424" lat="-74.77194626622268"><ele>521524.87026465125382</ele><time>2023-01-20T10:14:16.200Z</time><hdop>2.56657361488764</hdop><vdop>6.22813628579744</vdop><pdop>6.73624388773923</pdop><extensions><gpxtpx:TrackPointExtension><gpxtpx:speed>7673.39450062354808</gpxtpx:speed><gpxtpx:course>0.00000000000000</gpxtpx:course></gpxtpx:TrackPointExtension></extensions></trkpt>
      <trkpt lon="-153.92058240511946" lat="-74.76640637936013"><ele>521522.80748832970858</ele><time>2023-01-20T10:14:16.300Z</time><hdop>2.56681832463795</hdop><vdop>6.22774763356478</vdop><pdop>6.73597779829098</pdop><extensions><gpxtpx:TrackPointExtension><gpxtpx:speed>7673.04294031738482</gpxtpx:speed><gpxtpx:course>0.00000000000000</gpxtpx:course></gpxtpx:TrackPointExtension></extensions></trkpt>
      <trkpt lon="-153.93244948508371" lat="-74.76085976867297"><ele>521521.56676026713103</ele><time>2023-01-20T10:14:16.400Z</time><hdop>2.56706316312702</hdop><vdop>6.22735851761557</vdop><pdop>6.73571134999140</pdop><extensions><gpxtpx:TrackPointExtension><gpxtpx:speed>7673.37784517454838</gpxtpx:speed><gpxtpx:course>0.00000000000000</gpxtpx:course></gpxtpx:TrackPointExtension></extensions></trkpt>
      <trkpt lon="-153.94428721703463" lat="-74.75532732108972"><ele>521523.91339170001447</ele><time>2023-01-20T10:14:16.500Z</time><hdop>2.56730682420533</hdop><vdop>6.22696863990171</vdop><pdop>6.73544376948769</pdop><extensions><gpxtpx:TrackPointExtension><gpxtpx:speed>7673.61136336833079</gpxtpx:speed><gpxtpx:course>0.00000000000000</gpxtpx:course></gpxtpx:TrackPointExtension></extensions></trkpt>
      <trkpt lon="-153.95609960989574" lat="-74.74977576811939"><ele>521518.64652457833290</ele><time>2023-01-20T10:14:16.600Z</time><hdop>2.56755298962888</hdop><vdop>6.22658062529493</vdop><pdop>6.73517888684854</pdop><extensions><gpxtpx:TrackPointExtension><gpxtpx:speed>7673.40712439557137</gpxtpx:speed><gpxtpx:course>0.00000000000000</gpxtpx:course></gpxtpx:TrackPointExtension></extensions></trkpt>
      <trkpt lon="-153.96793589458315" lat="-74.74423723559435"><ele>521521.70650391932577</ele><time>2023-01-20T10:14:16.700Z</time><hdop>2.56779717057630</hdop><vdop>6.22619042841994</vdop><pdop>6.73491125109809</pdop><extensions><gpxtpx:TrackPointExtension><gpxtpx:speed>7673.53473203855901</gpxtpx:speed><gpxtpx:course>0.00000000000000</gpxtpx:course></gpxtpx:TrackPointExtension></extensions></trkpt>
      <trkpt lon="-153.97975008776027" lat="-74.73868984535099"><ele>521517.65526692662388</ele><time>2023-01-20T10:14:16.800Z</time><hdop>2.56804289019292</hdop><vdop>6.22580202197458</vdop><pdop>6.73464587804683</pdop><extensions><gpxtpx:TrackPointExtension><gpxtpx:speed>7673.07093350823834</gpxtpx:speed><gpxtpx:course>0.00000000000000</gpxtpx:course></gpxtpx:TrackPointExtension></extensions></trkpt>
      <trkpt lon="-153.99156712547389" lat="-74.73315379863102"><ele>521522.10634648334235</ele><time>2023-01-20T10:14:16.900Z</time><hdop>2.56828693513028</hdop><vdop>6.22541142558444</vdop><pdop>6.73437786279907</pdop><extensions><gpxtpx:TrackPointExtension><gpxtpx:speed>7673.45304785386634</gpxtpx:speed><gpxtpx:course>0.00000000000000</gpxtpx:course></gpxtpx:TrackPointExtension></extensions></trkpt>
      <trkpt lon="-154.00339514456985" lat="-74.72759480148540"><ele>521522.29068883229047</ele><time>2023-01-20T10:14:17.000Z</time><hdop>2.56853316578610</hdop><vdop>6.22502164094194</vdop><pdop>6.73411145244409</pdop><extensions><gpxtpx:TrackPointExtension><gpxtpx:speed>7673.68805128762233</gpxtpx:speed><gpxtpx:course>0.00000000000000</gpxtpx:course></gpxtpx:TrackPointExtension></extensions></trkpt>
      <trkpt lon="-154.01518471668987" lat="-74.72205541344358"><ele>521522.05461207404733</ele><time>2023-01-20T10:14:17.100Z</time><hdop>2.56877821031800</hdop><vdop>6.22463227118877</vdop><pdop>6.73384499415670</pdop><extensions><gpxtpx:TrackPointExtension><gpxtpx:speed>7674.17127969107878</gpxtpx:speed><gpxtpx:course>0.00000000000000</gpxtpx:course></gpxtpx:TrackPointExtension></extensions></trkpt>
      <trkpt lon="-154.02696635514064" lat="-74.71652949380638"><ele>521524.25425660889596</ele><time>2023-01-20T10:14:17.200Z</time><hdop>2.56902203827503</hdop><vdop>6.22424235743908</vdop><pdop>6.73357758975729</pdop><extensions><gpxtpx:TrackPointExtension><gpxtpx:speed>7672.41890248136679</gpxtpx:speed><gpxtpx:course>0.00000000000000</gpxtpx:course></gpxtpx:TrackPointExtension></extensions></trkpt>
      <trkpt lon="-154.03871902964880" lat="-74.71097403254586"><ele>521521.04422222450376</ele><time>2023-01-20T10:14:17.300Z</time><hdop>2.56926909399869</hdop><vdop>6.22385363388459</vdop><pdop>6.73331253792628</pdop><extensions><gpxtpx:TrackPointExtension><gpxtpx:speed>7673.55258541391413</gpxtpx:speed><gpxtpx:course>0.00000000000000</gpxtpx:course></gpxtpx:TrackPointExtension></extensions></trkpt>
      <trkpt lon="-154.05050965400221" lat="-74.70542491507251"><ele>521523.21754127182066</ele><time>2023-01-20T10:14:17.400Z</time><hdop>2.56951478734798</hdop><vdop>6.22346336095390</vdop><pdop>6.73304555513592</pdop><extensions><gpxtpx:TrackPointExtension><gpxtpx:speed>7673.59208716907597</gpxtpx:speed><gpxtpx:course>0.00000000000000</gpxtpx:course></gpxtpx:TrackPointExtension></extensions></trkpt>
      <trkpt lon="-154.06225703507408" lat="-74.69988437819515"><ele>521521.59354888647795</ele><time>2023-01-20T10:14:17.500Z</time><hdop>2.56976049568402</hdop><vdop>6.22307427293483</vdop><pdop>6.73277969427498</pdop><extensions><gpxtpx:TrackPointExtension><gpxtpx:speed>7674.14516643555180</gpxtpx:speed><gpxtpx:course>0.00000000000000</gpxtpx:course></gpxtpx:TrackPointExtension></extensions></trkpt>
      <trkpt lon="-154.07403263449206" lat="-74.69432700743099"><ele>521521.20098982378840</ele><time>2023-01-20T10:14:17.600Z</time><hdop>2.57000727393379</hdop><vdop>6.22268455861634</vdop><pdop>6.73251368391590</pdop><extensions><gpxtpx:TrackPointExtension><gpxtpx:speed>7673.08830848910566</gpxtpx:speed><gpxtpx:course>0.00000000000000</gpxtpx:course></gpxtpx:TrackPointExtension></extensions></trkpt>
      <trkpt lon="-154.08576165936987" lat="-74.68879063583086"><ele>521522.02643618267030</ele><time>2023-01-20T10:14:17.700Z</time><hdop>2.57025268298733</hdop><vdop>6.22229483327765</vdop><pdop>6.73224716173117</pdop><extensions><gpxtpx:TrackPointExtension><gpxtpx:speed>7673.36999945983644</gpxtpx:speed><gpxtpx:course>0.00000000000000</gpxtpx:course></gpxtpx:TrackPointExtension></extensions></trkpt>
      <trkpt lon="-154.09748449229775" lat="-74.68325265216707"><ele>521522.13547314051539</ele><time>2023-01-20T10:14:17.800Z</time><hdop>2.57049836432320</hdop><vdop>6.22190526464590</vdop><pdop>6.73198090930274</pdop><extensions><gpxtpx:TrackPointExtension><gpxtpx:speed>7673.01153937694016</gpxtpx:speed><gpxtpx:course>0.00000000000000</gpxtpx:course></gpxtpx:TrackPointExtension></extensions></trkpt>
      <trkpt lon="-154.10921325599057" lat="-74.67769462539017"><ele>521521.72675971407443</ele><time>2023-01-20T10:14:17.900Z</time><hdop>2.57074570031376</hdop><vdop>6.22151554526185</vdop><pdop>6.73171517041656</pdop><extensions><gpxtpx:TrackPointExtension><gpxtpx:speed>7673.44182832411298</gpxtpx:speed><gpxtpx:course>0.00000000000000</gpxtpx:course></gpxtpx:TrackPointExtension></extensions></trkpt>
      <trkpt lon="-154.12098097257856" lat="-74.67213225504952"><ele>521522.30599331390113</ele><time>2023-01-20T10:14:18.000Z</time><hdop>2.57099295102099</hdop><vdop>6.22112533943168</vdop><pdop>6.73144897054999</pdop><extensions><gpxtpx:TrackPointExtension><gpxtpx:speed>7673.58707378131021</gpxtpx:speed><gpxtpx:course>0.00000000000000</gpxtpx:course></gpxtpx:TrackPointExtension></extensions></trkpt>
      <trkpt lon="-154.13263631659294" lat="-74.66657052565427"><ele>521516.39905323926359</ele><time>2023-01-20T10:14:18.100Z</time><hdop>2.57124186966332</hdop><vdop>6.22073722342034</vdop><pdop>6.73118536033269</pdop><extensions><gpxtpx:TrackPointExtension><gpxtpx:speed>7673.16574598459374</gpxtpx:speed><gpxtpx:course>0.00000000000000</gpxtpx:course></gpxtpx:TrackPointExtension></extensions></trkpt>
      <trkpt lon="-154.14438026577133" lat="-74.66102189458104"><ele>521516.43940975144506</ele><time>2023-01-20T10:14:18.200Z</time><hdop>2.57148823225772</hdop><vdop>6.22034726489389</vdop><pdop>6.73091909210865</pdop><extensions><gpxtpx:TrackPointExtension><gpxtpx:speed>7673.52960643396545</gpxtpx:speed><gpxtpx:course>0.00000000000000</gpxtpx:course></gpxtpx:TrackPointExtension></extensions></trkpt>
      <trkpt lon="-154.15605535303712" lat="-74.65548559740769"><ele>521519.54560420010239</ele><time>2023-01-20T10:14:18.300Z</time><hdop>2.57173410211539</hdop><vdop>6.21995683031571</vdop><pdop>6.73065221675986</pdop><extensions><gpxtpx:TrackPointExtension><gpxtpx:speed>7672.76349833809036</gpxtpx:speed><gpxtpx:course>0.00000000000000</gpxtpx:course></gpxtpx:TrackPointExtension></extensions></trkpt>
      <trkpt lon="-154.16775052068579" lat="-74.64992771823434"><ele>521519.11213369481266</ele><time>2023-01-20T10:14:18.400Z</time><hdop>2.57198182004784</hdop><vdop>6.21956697416489</vdop><pdop>6.73038660321822</pdop><extensions><gpxtpx:TrackPointExtension><gpxtpx:speed>7673.02977784922405</gpxtpx:speed><gpxtpx:course>0.00000000000000</gpxtpx:course></gpxtpx:TrackPointExtension></extensions></trkpt>
      <trkpt lon="-154.17942533893321" lat="-74.64438151248497"><ele>521520.22701785899699</ele><time>2023-01-20T10:14:18.500Z</time><hdop>2.57222871904885</hdop><vdop>6.21917688975531</vdop><pdop>6.73012048697245</pdop><extensions><gpxtpx:TrackPointExtension><gpxtpx:speed>7673.09930913118023</gpxtpx:speed><gpxtpx:course>0.00000000000000</gpxtpx:course></gpxtpx:TrackPointExtension></extensions></trkpt>
      <trkpt lon="-154.19110647325618" lat="-74.63883536184935"><ele>521523.22799374070019</ele><time>2023-01-20T10:14:18.600Z</time><hdop>2.57247539076689</hdop><vdop>6.21878623096488</vdop><pdop>6.72985377423162</pdop><extensions><gpxtpx:TrackPointExtension><gpxtpx:speed>7673.10565036475055</gpxtpx:speed><gpxtpx:course>0.00000000000000</gpxtpx:course></gpxtpx:TrackPointExtension></extensions></trkpt>
      <trkpt lon="-154.20279630703504" lat="-74.63327836142648"><ele>521522.55445647891611</ele><time>2023-01-20T10:14:18.700Z</time><hdop>2.57272318948698</hdop><vdop>6.21839634732958</vdop><pdop>6.72958822976606</pdop><extensions><gpxtpx:TrackPointExtension><gpxtpx:speed>7673.27815730015482</gpxtpx:speed><gpxtpx:course>0.00000000000000</gpxtpx:course></gpxtpx:TrackPointExtension></extensions></trkpt>
      <trkpt lon="-154.21447874121824" lat="-74.62771701441332"><ele>521519.91791723668575</ele><time>2023-01-20T10:14:18.800Z</time><hdop>2.57297157415249</hdop><vdop>6.21800688977175</vdop><pdop>6.72932332427605</pdop><extensions><gpxtpx:TrackPointExtension><gpxtpx:speed>7673.71322244296607</gpxtpx:speed><gpxtpx:course>0.00000000000000</gpxtpx:course></gpxtpx:TrackPointExtension></extensions></trkpt>
      <trkpt lon="-154.22605653861331" lat="-74.62217315062976"><ele>521519.94951860606670</ele><time>2023-01-20T10:14:18.900Z</time><hdop>2.57321942011340</hdop><vdop>6.21761725478625</vdop><pdop>6.72905807012129</pdop><extensions><gpxtpx:TrackPointExtension><gpxtpx:speed>7673.46112899443779</gpxtpx:speed><gpxtpx:course>0.00000000000000</gpxtpx:course></gpxtpx:TrackPointExtension></extensions></trkpt>
      <trkpt lon="-154.23773531441276" lat="-74.61662145443466"><ele>521522.91685668658465</ele><time>2023-01-20T10:14:19.000Z</time><hdop>2.57346662285036</hdop><vdop>6.21722634547194</vdop><pdop>6.72879141374996</pdop><extensions><gpxtpx:TrackPointExtension><gpxtpx:speed>7672.80701135503841</gpxtpx:speed><gpxtpx:course>0.00000000000000</gpxtpx:course></gpxtpx:TrackPointExtension></extensions></trkpt>
      <trkpt lon="-154.24932018774516" lat="-74.61105585953888"><ele>521519.35929978545755</ele><time>2023-01-20T10:14:19.100Z</time><hdop>2.57371653785101</hdop><vdop>6.21683730656119</vdop><pdop>6.72852754422978</pdop><extensions><gpxtpx:TrackPointExtension><gpxtpx:speed>7673.41918506002276</gpxtpx:speed><gpxtpx:course>0.00000000000000</gpxtpx:course></gpxtpx:TrackPointExtension></extensions></trkpt>
      <trkpt lon="-154.26099377778266" lat="-74.60549039317155"><ele>521517.65264492575079</ele><time>2023-01-20T10:14:19.200Z</time><hdop>2.57396531554035</hdop><vdop>6.21644738422386</vdop><pdop>6.72826244482395</pdop><extensions><gpxtpx:TrackPointExtension><gpxtpx:speed>7673.17371253268357</gpxtpx:speed><gpxtpx:course>0.00000000000000</gpxtpx:course></gpxtpx:TrackPointExtension></extensions></trkpt>
      <trkpt lon="-154.27262326946610" lat="-74.59994969876473"><ele>521523.46238372381777</ele><time>2023-01-20T10:14:19.300Z</time><hdop>2.57421190474682</hdop><vdop>6.21605585609897</vdop><pdop>6.72799504582773</pdop><extensions><gpxtpx:TrackPointExtension><gpxtpx:speed>7673.79697965498599</gpxtpx:speed><gpxtpx:course>0.00000000000000</gpxtpx:course></gpxtpx:TrackPointExtension></extensions></trkpt>
      <trkpt lon="-154.28421476272027" lat="-74.59439076665402"><ele>521522.38849686551839</ele><time>2023-01-20T10:14:19.400Z</time><hdop>2.57446103063769</hdop><vdop>6.21566606332039</vdop><pdop>6.72773024198986</pdop><extensions><gpxtpx:TrackPointExtension><gpxtpx:speed>7673.10178893702687</gpxtpx:speed><gpxtpx:course>0.00000000000000</gpxtpx:course></gpxtpx:TrackPointExtension></extensions></trkpt>
      <trkpt lon="-154.29582401180775" lat="-74.58882125348097"><ele>521520.67759172618389</ele><time>2023-01-20T10:14:19.500Z</time><hdop>2.57471096058922</hdop><vdop>6.21527625505275</vdop><pdop>6.72746575295637</pdop><extensions><gpxtpx:TrackPointExtension><gpxtpx:speed>7673.60763366525407</gpxtpx:speed><gpxtpx:course>0.00000000000000</gpxtpx:course></gpxtpx:TrackPointExtension></extensions></trkpt>
      <trkpt lon="-154.30744726520274" lat="-74.58326883934740"><ele>521524.25923709478229</ele><time>2023-01-20T10:14:19.600Z</time><hdop>2.57495878136874</hdop><vdop>6.21488504335990</vdop><pdop>6.72719918152619</pdop><extensions><gpxtpx:TrackPointExtension><gpxtpx:speed>7673.32198755493573</gpxtpx:speed><gpxtpx:course>0.00000000000000</gpxtpx:course></gpxtpx:TrackPointExtension></extensions></trkpt>
      <trkpt lon="-154.31898800366520" lat="-74.57769545169333"><ele>521514.07463789917529</ele><time>2023-01-20T10:14:19.700Z</time><hdop>2.57521041127342</hdop><vdop>6.21449752981601</vdop><pdop>6.72693750605878</pdop><extensions><gpxtpx:TrackPointExtension><gpxtpx:speed>7673.80729473345400</gpxtpx:speed><gpxtpx:course>0.00000000000000</gpxtpx:course></gpxtpx:TrackPointExtension></extensions></trkpt>
      <trkpt lon="-154.33058639571740" lat="-74.57214481632927"><ele>521518.90832316596061</ele><time>2023-01-20T10:14:19.800Z</time><hdop>2.57545831126172</hdop><vdop>6.21410601964932</vdop><pdop>6.72667073198094</pdop><extensions><gpxtpx:TrackPointExtension><gpxtpx:speed>7673.24436129423611</gpxtpx:speed><gpxtpx:course>0.00000000000000</gpxtpx:course></gpxtpx:TrackPointExtension></extensions></trkpt>
      <trkpt lon="-154.34213545224657" lat="-74.56658410811791"><ele>521516.49121127277613</ele><time>2023-01-20T10:14:19.900Z</time><hdop>2.57570819739257</hdop><vdop>6.21371646220841</vdop><pdop>6.72640654367806</pdop><extensions><gpxtpx:TrackPointExtension><gpxtpx:speed>7673.42007879140510</gpxtpx:speed><gpxtpx:course>0.00000000000000</gpxtpx:course></gpxtpx:TrackPointExtension></extensions></trkpt>
      <trkpt lon="-154.35368065035453" lat="-74.56102176565808"><ele>521516.37789726629853</ele><time>2023-01-20T10:14:20.000Z</time><hdop>2.57595808426773</hdop><vdop>6.21332625199864</vdop><pdop>6.72614177412874</pdop><extensions><gpxtpx:TrackPointExtension><gpxtpx:speed>7673.56678640565315</gpxtpx:speed><gpxtpx:course>0.00000000000000</gpxtpx:course></gpxtpx:TrackPointExtension></extensions></trkpt>
      <trkpt lon="-154.36525656978802" lat="-74.55546237381772"><ele>521518.40575239621103</ele><time>2023-01-20T10:14:20.100Z</time><hdop>2.57620717924147</hdop><vdop>6.21293529388837</vdop><pdop>6.72587603189495</pdop><extensions><gpxtpx:TrackPointExtension><gpxtpx:speed>7673.67566186968997</gpxtpx:speed><gpxtpx:course>0.00000000000000</gpxtpx:course></gpxtpx:TrackPointExtension></extensions></trkpt>
      <trkpt lon="-154.37694567487856" lat="-74.54992496663169"><ele>521532.74133903440088</ele><time>2023-01-20T10:14:20.200Z</time><hdop>2.57645229069087</hdop><vdop>6.21254091548579</vdop><pdop>6.72560562572556</pdop><extensions><gpxtpx:TrackPointExtension><gpxtpx:speed>7673.71088559569125</gpxtpx:speed><gpxtpx:course>0.00000000000000</gpxtpx:course></gpxtpx:TrackPointExtension></extensions></trkpt>
      <trkpt lon="-154.38844742137431" lat="-74.54435360907766"><ele>521527.13637057412416</ele><time>2023-01-20T10:14:20.300Z</time><hdop>2.57670392476417</hdop><vdop>6.21215209916320</vdop><pdop>6.72534287743256</pdop><extensions><gpxtpx:TrackPointExtension><gpxtpx:speed>7673.64873269099644</gpxtpx:speed><gpxtpx:course>0.00000000000000</gpxtpx:course></gpxtpx:TrackPointExtension></extensions></trkpt>
      <trkpt lon="-154.39989999907152" lat="-74.53878248533950"><ele>521521.38148016482592</ele><time>2023-01-20T10:14:20.400Z</time><hdop>2.57695602076871</hdop><vdop>6.21176340138087</vdop><pdop>6.72508043726697</pdop><extensions><gpxtpx:TrackPointExtension><gpxtpx:speed>7673.14688643828322</gpxtpx:speed><gpxtpx:course>0.00000000000000</gpxtpx:course></gpxtpx:TrackPointExtension></extensions></trkpt>
      <trkpt lon="-154.41143496855730" lat="-74.53321325801726"><ele>521519.78379476349801</ele><time>2023-01-20T10:14:20.500Z</time><hdop>2.57720669752675</hdop><vdop>6.21137323865542</vdop><pdop>6.72481612177325</pdop><extensions><gpxtpx:TrackPointExtension><gpxtpx:speed>7673.77452114388052</gpxtpx:speed><gpxtpx:course>0.00000000000000</gpxtpx:course></gpxtpx:TrackPointExtension></extensions></trkpt>
      <trkpt lon="-154.42289614550239" lat="-74.52763422351627"><ele>521511.35725398175418</ele><time>2023-01-20T10:14:20.600Z</time><hdop>2.57745964885518</hdop><vdop>6.21098505149229</vdop><pdop>6.72455452437835</pdop><extensions><gpxtpx:TrackPointExtension><gpxtpx:speed>7673.60646906715829</gpxtpx:speed><gpxtpx:course>0.00000000000000</gpxtpx:course></gpxtpx:TrackPointExtension></extensions></trkpt>
      <trkpt lon="-154.43448600822805" lat="-74.52206361779250"><ele>521512.24223500955850</ele><time>2023-01-20T10:14:20.700Z</time><hdop>2.57770972778017</hdop><vdop>6.21059395557314</vdop><pdop>6.72428916107079</pdop><extensions><gpxtpx:TrackPointExtension><gpxtpx:speed>7673.06728673820453</gpxtpx:speed><gpxtpx:course>0.00000000000000</gpxtpx:course></gpxtpx:TrackPointExtension></extensions></trkpt>
      <trkpt lon="-154.44596302323214" lat="-74.51650784938860"><ele>521512.28479167260230</ele><time>2023-01-20T10:14:20.800Z</time><hdop>2.57795983171061</hdop><vdop>6.21020358236006</vdop><pdop>6.72402449640623</pdop><extensions><gpxtpx:TrackPointExtension><gpxtpx:speed>7673.40725820341504</gpxtpx:speed><gpxtpx:course>0.00000000000000</gpxtpx:course></gpxtpx:TrackPointExtension></extensions></trkpt>
      <trkpt lon="-154.45747601885876" lat="-74.51093982744848"><ele>521514.14554505050182</ele><time>2023-01-20T10:14:20.900Z</time><hdop>2.57821051088166</hdop><vdop>6.20981247677311</vdop><pdop>6.72375939747308</pdop><extensions><gpxtpx:TrackPointExtension><gpxtpx:speed>7672.90935691191771</gpxtpx:speed><gpxtpx:course>0.00000000000000</gpxtpx:course></gpxtpx:TrackPointExtension></extensions></trkpt>
      <trkpt lon="-154.46895317515549" lat="-74.50539024709418"><ele>521520.89785814657807</ele><time>2023-01-20T10:14:21.000Z</time><hdop>2.57845957251665</hdop><vdop>6.20942032196708</vdop><pdop>6.72349273086247</pdop><extensions><gpxtpx:TrackPointExtension><gpxtpx:speed>7673.73786830416157</gpxtpx:speed><gpxtpx:course>0.00000000000000</gpxtpx:course></gpxtpx:TrackPointExtension></extensions></trkpt>
      <trkpt lon="-154.48041239839566" lat="-74.49982902012063"><ele>521522.11564610805362</ele><time>2023-01-20T10:14:21.100Z</time><hdop>2.57871032525153</hdop><vdop>6.20902955733482</vdop><pdop>6.72322801825256</pdop><extensions><gpxtpx:TrackPointExtension><gpxtpx:speed>7673.32961098880332</gpxtpx:speed><gpxtpx:course>0.00000000000000</gpxtpx:course></gpxtpx:TrackPointExtension></extensions></trkpt>
      <trkpt lon="-154.49184722089453" lat="-74.49425012584970"><ele>521517.06348891369998</ele><time>2023-01-20T10:14:21.200Z</time><hdop>2.57896333904616</hdop><vdop>6.20864027401188</vdop><pdop>6.72296556262386</pdop><extensions><gpxtpx:TrackPointExtension><gpxtpx:speed>7672.93433954297507</gpxtpx:speed><gpxtpx:course>0.00000000000000</gpxtpx:course></gpxtpx:TrackPointExtension></extensions></trkpt>
      <trkpt lon="-154.50327811023226" lat="-74.48867308087985"><ele>521508.62094140052795</ele><time>2023-01-20T10:14:21.300Z</time><hdop>2.57921645283353</hdop><vdop>6.20825183051410</vdop><pdop>6.72270394273382</pdop><extensions><gpxtpx:TrackPointExtension><gpxtpx:speed>7673.39455951611762</gpxtpx:speed><gpxtpx:course>0.00000000000000</gpxtpx:course></gpxtpx:TrackPointExtension></extensions></trkpt>
      <trkpt lon="-154.51476202244717" lat="-74.48311755253843"><ele>521515.73173705209047</ele><time>2023-01-20T10:14:21.400Z</time><hdop>2.57946596960408</hdop><vdop>6.20785927876123</vdop><pdop>6.72243717064336</pdop><extensions><gpxtpx:TrackPointExtension><gpxtpx:speed>7673.82821475601941</gpxtpx:speed><gpxtpx:course>0.00000000000000</gpxtpx:course></gpxtpx:TrackPointExtension></extensions></trkpt>
      <trkpt lon="-154.52620607757675" lat="-74.47758175708114"><ele>521522.80118145328015</ele><time>2023-01-20T10:14:21.500Z</time><hdop>2.57971431659958</hdop><vdop>6.20746711156865</vdop><pdop>6.72217032635110</pdop><extensions><gpxtpx:TrackPointExtension><gpxtpx:speed>7673.05737890139517</gpxtpx:speed><gpxtpx:course>0.00000000000000</gpxtpx:course></gpxtpx:TrackPointExtension></extensions></trkpt>
      <trkpt lon="-154.53767980838171" lat="-74.47200275817005"><ele>521524.42290335521102</ele><time>2023-01-20T10:14:21.600Z</time><hdop>2.57996642516403</hdop><vdop>6.20707574125173</vdop><pdop>6.72190568310872</pdop><extensions><gpxtpx:TrackPointExtension><gpxtpx:speed>7673.49584479621171</gpxtpx:speed><gpxtpx:course>0.00000000000000</gpxtpx:course></gpxtpx:TrackPointExtension></extensions></trkpt>
      <trkpt lon="-154.54909483610831" lat="-74.46642902066381"><ele>521526.78903995268047</ele><time>2023-01-20T10:14:21.700Z</time><hdop>2.58021866405384</hdop><vdop>6.20668438362117</vdop><pdop>6.72164112343249</pdop><extensions><gpxtpx:TrackPointExtension><gpxtpx:speed>7672.95965761905700</gpxtpx:speed><gpxtpx:course>0.00000000000000</gpxtpx:course></gpxtpx:TrackPointExtension></extensions></trkpt>
      <trkpt lon="-154.56052500022702" lat="-74.46082574886131"><ele>521516.10203438252211</ele><time>2023-01-20T10:14:21.800Z</time><hdop>2.58047422840097</hdop><vdop>6.20629600466488</vdop><pdop>6.72138061271350</pdop><extensions><gpxtpx:TrackPointExtension><gpxtpx:speed>7673.48645407194817</gpxtpx:speed><gpxtpx:course>0.00000000000000</gpxtpx:course></gpxtpx:TrackPointExtension></extensions></trkpt>
      <trkpt lon="-154.57193807151609" lat="-74.45525204552322"><ele>521515.03953437041491</ele><time>2023-01-20T10:14:21.900Z</time><hdop>2.58072678726233</hdop><vdop>6.20590546258241</vdop><pdop>6.72111697272139</pdop><extensions><gpxtpx:TrackPointExtension><gpxtpx:speed>7672.89323317982507</gpxtpx:speed><gpxtpx:course>0.00000000000000</gpxtpx:course></gpxtpx:TrackPointExtension></extensions></trkpt>
      <trkpt lon="-154.58333847267605" lat="-74.44968251471100"><ele>521513.65529044624418</ele><time>2023-01-20T10:14:22.000Z</time><hdop>2.58097914301075</hdop><vdop>6.20551502581099</vdop><pdop>6.72085337380771</pdop><extensions><gpxtpx:TrackPointExtension><gpxtpx:speed>7674.22910788953413</gpxtpx:speed><gpxtpx:course>0.00000000000000</gpxtpx:course></gpxtpx:TrackPointExtension></extensions></trkpt>
      <trkpt lon="-154.59470957683450" lat="-74.44412125970378"><ele>521515.45096807368100</ele><time>2023-01-20T10:14:22.100Z</time><hdop>2.58123087298465</hdop><vdop>6.20512390614523</vdop><pdop>6.72058892585049</pdop><extensions><gpxtpx:TrackPointExtension><gpxtpx:speed>7673.28944220356880</gpxtpx:speed><gpxtpx:course>0.00000000000000</gpxtpx:course></gpxtpx:TrackPointExtension></extensions></trkpt>
      <trkpt lon="-154.60614812321717" lat="-74.43854745068327"><ele>521517.05032789707184</ele><time>2023-01-20T10:14:22.200Z</time><hdop>2.58148298262505</hdop><vdop>6.20473242436992</vdop><pdop>6.72032431119288</pdop><extensions><gpxtpx:TrackPointExtension><gpxtpx:speed>7673.32987376096844</gpxtpx:speed><gpxtpx:course>0.00000000000000</gpxtpx:course></gpxtpx:TrackPointExtension></extensions></trkpt>
      <trkpt lon="-154.61756998657941" lat="-74.43296965019201"><ele>521519.34965156577528</ele><time>2023-01-20T10:14:22.300Z</time><hdop>2.58173549798349</hdop><vdop>6.20434065385513</vdop><pdop>6.72005960766923</pdop><extensions><gpxtpx:TrackPointExtension><gpxtpx:speed>7673.72069744835881</gpxtpx:speed><gpxtpx:course>0.00000000000000</gpxtpx:course></gpxtpx:TrackPointExtension></extensions></trkpt>
      <trkpt lon="-154.62894133418433" lat="-74.42739535639265"><ele>521520.69808141794056</ele><time>2023-01-20T10:14:22.400Z</time><hdop>2.58198843026326</hdop><vdop>6.20394939996964</vdop><pdop>6.71979556321447</pdop><extensions><gpxtpx:TrackPointExtension><gpxtpx:speed>7672.94968284807510</gpxtpx:speed><gpxtpx:course>0.00000000000000</gpxtpx:course></gpxtpx:TrackPointExtension></extensions></trkpt>
      <trkpt lon="-154.64027702396643" lat="-74.42182060735716"><ele>521516.00767521001399</ele><time>2023-01-20T10:14:22.500Z</time><hdop>2.58224226626883</hdop><vdop>6.20355979771450</vdop><pdop>6.71953341278431</pdop><extensions><gpxtpx:TrackPointExtension><gpxtpx:speed>7672.77481559658645</gpxtpx:speed><gpxtpx:course>0.00000000000000</gpxtpx:course></gpxtpx:TrackPointExtension></extensions></trkpt>
      <trkpt lon="-154.65165919903546" lat="-74.41625310733644"><ele>521520.62983768712729</ele><time>2023-01-20T10:14:22.600Z</time><hdop>2.58249420865923</hdop><vdop>6.20316754426186</vdop><pdop>6.71926810894923</pdop><extensions><gpxtpx:TrackPointExtension><gpxtpx:speed>7673.07593062924207</gpxtpx:speed><gpxtpx:course>0.00000000000000</gpxtpx:course></gpxtpx:TrackPointExtension></extensions></trkpt>
      <trkpt lon="-154.66296532731806" lat="-74.41068139092475"><ele>521516.98281080275774</ele><time>2023-01-20T10:14:22.700Z</time><hdop>2.58274801255072</hdop><vdop>6.20277768398452</vdop><pdop>6.71900575184090</pdop><extensions><gpxtpx:TrackPointExtension><gpxtpx:speed>7673.64868872419629</gpxtpx:speed><gpxtpx:course>0.00000000000000</gpxtpx:course></gpxtpx:TrackPointExtension></extensions></trkpt>
      <trkpt lon="-154.67436437279795" lat="-74.40508802655697"><ele>521516.37862844765186</ele><time>2023-01-20T10:14:22.800Z</time><hdop>2.58300245701315</hdop><vdop>6.20238642669471</vdop><pdop>6.71874237331531</pdop><extensions><gpxtpx:TrackPointExtension><gpxtpx:speed>7673.17968101977021</gpxtpx:speed><gpxtpx:course>0.00000000000000</gpxtpx:course></gpxtpx:TrackPointExtension></extensions></trkpt>
      <trkpt lon="-154.68564825131878" lat="-74.39950829825074"><ele>521513.20510584302247</ele><time>2023-01-20T10:14:22.900Z</time><hdop>2.58325715541665</hdop><vdop>6.20199631807115</vdop><pdop>6.71848017488922</pdop><extensions><gpxtpx:TrackPointExtension><gpxtpx:speed>7673.20562772051744</gpxtpx:speed><gpxtpx:course>0.00000000000000</gpxtpx:course></gpxtpx:TrackPointExtension></extensions></trkpt>
      <trkpt lon="-154.69702778664319" lat="-74.39392703780624"><ele>521513.91458609420806</ele><time>2023-01-20T10:14:23.000Z</time><hdop>2.58351065789826</hdop><vdop>6.20160477899221</vdop><pdop>6.71821621818566</pdop><extensions><gpxtpx:TrackPointExtension><gpxtpx:speed>7673.71992384237728</gpxtpx:speed><gpxtpx:course>0.00000000000000</gpxtpx:course></gpxtpx:TrackPointExtension></extensions></trkpt>
      <trkpt lon="-154.70836050178858" lat="-74.38838048063722"><ele>521523.92693952098489</ele><time>2023-01-20T10:14:23.100Z</time><hdop>2.58376102494108</hdop><vdop>6.20121132985718</vdop><pdop>6.71794931445256</pdop><extensions><gpxtpx:TrackPointExtension><gpxtpx:speed>7673.09513550566408</gpxtpx:speed><gpxtpx:course>0.00000000000000</gpxtpx:course></gpxtpx:TrackPointExtension></extensions></trkpt>
      <trkpt lon="-154.71964234834203" lat="-74.38277801445436"><ele>521513.60888530500233</ele><time>2023-01-20T10:14:23.200Z</time><hdop>2.58401832775090</hdop><vdop>6.20082275460240</vdop><pdop>6.71768959927053</pdop><extensions><gpxtpx:TrackPointExtension><gpxtpx:speed>7672.85475733784915</gpxtpx:speed><gpxtpx:course>0.00000000000000</gpxtpx:course></gpxtpx:TrackPointExtension></extensions></trkpt>
      <trkpt lon="-154.73092544853174" lat="-74.37722921192918"><ele>521518.61146176885813</ele><time>2023-01-20T10:14:23.300Z</time><hdop>2.58426980660548</hdop><vdop>6.20043064894878</vdop><pdop>6.71742440714863</pdop><extensions><gpxtpx:TrackPointExtension><gpxtpx:speed>7672.55501943707804</gpxtpx:speed><gpxtpx:course>0.00000000000000</gpxtpx:course></gpxtpx:TrackPointExtension></extensions></trkpt>
      <trkpt lon="-154.74221545039930" lat="-74.37165322342246"><ele>521517.54382402077317</ele><time>2023-01-20T10:14:23.400Z</time><hdop>2.58452404377617</hdop><vdop>6.20003979132838</vdop><pdop>6.71716145011510</pdop><extensions><gpxtpx:TrackPointExtension><gpxtpx:speed>7673.28299496993714</gpxtpx:speed><gpxtpx:course>0.00000000000000</gpxtpx:course></gpxtpx:TrackPointExtension></extensions></trkpt>
      <trkpt lon="-154.75357797357631" lat="-74.36603897543522"><ele>521514.98874423652887</ele><time>2023-01-20T10:14:23.500Z</time><hdop>2.58478086376116</hdop><vdop>6.19964856594333</vdop><pdop>6.71689916962203</pdop><extensions><gpxtpx:TrackPointExtension><gpxtpx:speed>7673.63850115888636</gpxtpx:speed><gpxtpx:course>0.00000000000000</gpxtpx:course></gpxtpx:TrackPointExtension></extensions></trkpt>
      <trkpt lon="-154.76487119301802" lat="-74.36044585659842"><ele>521515.49284603539854</ele><time>2023-01-20T10:14:23.600Z</time><hdop>2.58503640642750</hdop><vdop>6.19925702496184</vdop><pdop>6.71663612860592</pdop><extensions><gpxtpx:TrackPointExtension><gpxtpx:speed>7673.48976166521061</gpxtpx:speed><gpxtpx:course>0.00000000000000</gpxtpx:course></gpxtpx:TrackPointExtension></extensions></trkpt>
      <trkpt lon="-154.77611345687407" lat="-74.35488162378400"><ele>521514.91216457262635</ele><time>2023-01-20T10:14:23.700Z</time><hdop>2.58529013361181</hdop><vdop>6.19886617214355</vdop><pdop>6.71637304615342</pdop><extensions><gpxtpx:TrackPointExtension><gpxtpx:speed>7673.21148127700417</gpxtpx:speed><gpxtpx:course>0.00000000000000</gpxtpx:course></gpxtpx:TrackPointExtension></extensions></trkpt>
      <trkpt lon="-154.78734637474301" lat="-74.34928328770434"><ele>521507.92856870684773</ele><time>2023-01-20T10:14:23.800Z</time><hdop>2.58554737707334</hdop><vdop>6.19847660426474</vdop><pdop>6.71611252531613</pdop><extensions><gpxtpx:TrackPointExtension><gpxtpx:speed>7673.09339713737791</gpxtpx:speed><gpxtpx:course>0.00000000000000</gpxtpx:course></gpxtpx:TrackPointExtension></extensions></trkpt>
      <trkpt lon="-154.79863828265715" lat="-74.34370018972801"><ele>521510.69292188156396</ele><time>2023-01-20T10:14:23.900Z</time><hdop>2.58580190946121</hdop><vdop>6.19808437872164</vdop><pdop>6.71584853021019</pdop><extensions><gpxtpx:TrackPointExtension><gpxtpx:speed>7674.08613396899182</gpxtpx:speed><gpxtpx:course>0.00000000000000</gpxtpx:course></gpxtpx:TrackPointExtension></extensions></trkpt>
      <trkpt lon="-154.80988719194576" lat="-74.33812031002269"><ele>521505.32008941657841</ele><time>2023-01-20T10:14:24.000Z</time><hdop>2.58605731483463</hdop><vdop>6.19769444920199</vdop><pdop>6.71558701241216</pdop><extensions><gpxtpx:TrackPointExtension><gpxtpx:speed>7672.51596132009945</gpxtpx:speed><gpxtpx:course>0.00000000000000</gpxtpx:course></gpxtpx:TrackPointExtension></extensions></trkpt>
      <trkpt lon="-154.82118385206752" lat="-74.33255782103643"><ele>521517.31063228938729</ele><time>2023-01-20T10:14:24.100Z</time><hdop>2.58630940234386</hdop><vdop>6.19729997905773</vdop><pdop>6.71532004859643</pdop><extensions><gpxtpx:TrackPointExtension><gpxtpx:speed>7673.78505224198398</gpxtpx:speed><gpxtpx:course>0.00000000000000</gpxtpx:course></gpxtpx:TrackPointExtension></extensions></trkpt>
      <trkpt lon="-154.83241148870241" lat="-74.32695475016709"><ele>521510.55590172950178</ele><time>2023-01-20T10:14:24.200Z</time><hdop>2.58656713950851</hdop><vdop>6.19691014265963</vdop><pdop>6.71505955918360</pdop><extensions><gpxtpx:TrackPointExtension><gpxtpx:speed>7672.76723113650405</gpxtpx:speed><gpxtpx:course>0.00000000000000</gpxtpx:course></gpxtpx:TrackPointExtension></extensions></trkpt>
      <trkpt lon="-154.84366240385339" lat="-74.32139245432867"><ele>521518.01117475889623</ele><time>2023-01-20T10:14:24.300Z</time><hdop>2.58681996811433</hdop><vdop>6.19651682912812</vdop><pdop>6.71479399245450</pdop><extensions><gpxtpx:TrackPointExtension><gpxtpx:speed>7673.31319039015852</gpxtpx:speed><gpxtpx:course>0.00000000000000</gpxtpx:course></gpxtpx:TrackPointExtension></extensions></trkpt>
      <trkpt lon="-154.85492689427178" lat="-74.31582733585203"><ele>521526.51179457176477</ele><time>2023-01-20T10:14:24.400Z</time><hdop>2.58707297287949</hdop><vdop>6.19612323488896</vdop><pdop>6.71452825661895</pdop><extensions><gpxtpx:TrackPointExtension><gpxtpx:speed>7673.33351233934263</gpxtpx:speed><gpxtpx:course>0.00000000000000</gpxtpx:course></gpxtpx:TrackPointExtension></extensions></trkpt>
      <trkpt lon="-154.86613122327137" lat="-74.31023297396261"><ele>521523.60555236600339</ele><time>2023-01-20T10:14:24.500Z</time><hdop>2.58732993966563</hdop><vdop>6.19573242564698</vdop><pdop>6.71426663954476</pdop><extensions><gpxtpx:TrackPointExtension><gpxtpx:speed>7674.01845937469170</gpxtpx:speed><gpxtpx:course>0.00000000000000</gpxtpx:course></gpxtpx:TrackPointExtension></extensions></trkpt>
      <trkpt lon="-154.87730876685870" lat="-74.30462454936939"><ele>521516.11001676227897</ele><time>2023-01-20T10:14:24.600Z</time><hdop>2.58758881319514</hdop><vdop>6.19534275414531</vdop><pdop>6.71400682957006</pdop><extensions><gpxtpx:TrackPointExtension><gpxtpx:speed>7673.38805462063738</gpxtpx:speed><gpxtpx:course>0.00000000000000</gpxtpx:course></gpxtpx:TrackPointExtension></extensions></trkpt>
      <trkpt lon="-154.88843993484329" lat="-74.29902005713451"><ele>521503.50083190854639</ele><time>2023-01-20T10:14:24.700Z</time><hdop>2.58784822278715</hdop><vdop>6.19495452753982</vdop><pdop>6.71374858201204</pdop><extensions><gpxtpx:TrackPointExtension><gpxtpx:speed>7674.06248048412363</gpxtpx:speed><gpxtpx:course>0.00000000000000</gpxtpx:course></gpxtpx:TrackPointExtension></extensions></trkpt>
      <trkpt lon="-154.89969433794150" lat="-74.29345316653361"><ele>521515.05131888296455</ele><time>2023-01-20T10:14:24.800Z</time><hdop>2.58810120120227</hdop><vdop>6.19455988449304</vdop><pdop>6.71348195724358</pdop><extensions><gpxtpx:TrackPointExtension><gpxtpx:speed>7673.37356289243326</gpxtpx:speed><gpxtpx:course>0.00000000000000</gpxtpx:course></gpxtpx:TrackPointExtension></extensions></trkpt>
      <trkpt lon="-154.91085914092412" lat="-74.28784799768762"><ele>521507.67068126425147</ele><time>2023-01-20T10:14:24.900Z</time><hdop>2.58835998554677</hdop><vdop>6.19417012241773</vdop><pdop>6.71322209674551</pdop><extensions><gpxtpx:TrackPointExtension><gpxtpx:speed>7672.73477341678790</gpxtpx:speed><gpxtpx:course>0.00000000000000</gpxtpx:course></gpxtpx:TrackPointExtension></extensions></trkpt>
      <trkpt lon="-154.92205252143719" lat="-74.28229096797989"><ele>521517.19845323171467</ele><time>2023-01-20T10:14:25.000Z</time><hdop>2.58861292298395</hdop><vdop>6.19377621886996</vdop><pdop>6.71295618297026</pdop><extensions><gpxtpx:TrackPointExtension><gpxtpx:speed>7673.37632274536281</gpxtpx:speed><gpxtpx:course>0.00000000000000</gpxtpx:course></gpxtpx:TrackPointExtension></extensions></trkpt>
      <trkpt lon="-154.93322099535314" lat="-74.27668132965189"><ele>521508.97829460818321</ele><time>2023-01-20T10:14:25.100Z</time><hdop>2.58887210340767</hdop><vdop>6.19338647678327</vdop><pdop>6.71269653854577</pdop><extensions><gpxtpx:TrackPointExtension><gpxtpx:speed>7673.10980902008487</gpxtpx:speed><gpxtpx:course>0.00000000000000</gpxtpx:course></gpxtpx:TrackPointExtension></extensions></trkpt>
      <trkpt lon="-154.94439935195319" lat="-74.27108590635561"><ele>521507.60940204001963</ele><time>2023-01-20T10:14:25.200Z</time><hdop>2.58912932728183</hdop><vdop>6.19299497167311</vdop><pdop>6.71243453543938</pdop><extensions><gpxtpx:TrackPointExtension><gpxtpx:speed>7673.62160924154341</gpxtpx:speed><gpxtpx:course>0.00000000000000</gpxtpx:course></gpxtpx:TrackPointExtension></extensions></trkpt>
      <trkpt lon="-154.95560206355847" lat="-74.26552221024227"><ele>521519.84130602143705</ele><time>2023-01-20T10:14:25.300Z</time><hdop>2.58938267938392</hdop><vdop>6.19260018670274</vdop><pdop>6.71216803519133</pdop><extensions><gpxtpx:TrackPointExtension><gpxtpx:speed>7673.56709951411267</gpxtpx:speed><gpxtpx:course>0.00000000000000</gpxtpx:course></gpxtpx:TrackPointExtension></extensions></trkpt>
      <trkpt lon="-154.96676793166174" lat="-74.25987922565641"><ele>521511.81855381187052</ele><time>2023-01-20T10:14:25.400Z</time><hdop>2.58964472112949</hdop><vdop>6.19220988780682</vdop><pdop>6.71190904857376</pdop><extensions><gpxtpx:TrackPointExtension><gpxtpx:speed>7673.99886230765969</gpxtpx:speed><gpxtpx:course>0.00000000000000</gpxtpx:course></gpxtpx:TrackPointExtension></extensions></trkpt>
      <trkpt lon="-154.97793764640628" lat="-74.25427075130318"><ele>521511.93403869867325</ele><time>2023-01-20T10:14:25.500Z</time><hdop>2.58990308951161</hdop><vdop>6.19181773853645</vdop><pdop>6.71164696034560</pdop><extensions><gpxtpx:TrackPointExtension><gpxtpx:speed>7673.41163044645782</gpxtpx:speed><gpxtpx:course>0.00000000000000</gpxtpx:course></gpxtpx:TrackPointExtension></extensions></trkpt>
      <trkpt lon="-154.98907904692598" lat="-74.24867910944018"><ele>521512.61184737179428</ele><time>2023-01-20T10:14:25.600Z</time><hdop>2.59016033689717</hdop><vdop>6.19142571223616</vdop><pdop>6.71138457555327</pdop><extensions><gpxtpx:TrackPointExtension><gpxtpx:speed>7673.38298006765217</gpxtpx:speed><gpxtpx:course>0.00000000000000</gpxtpx:course></gpxtpx:TrackPointExtension></extensions></trkpt>
      <trkpt lon="-155.00013395209115" lat="-74.24312106592208"><ele>521511.74761113803834</ele><time>2023-01-20T10:14:25.700Z</time><hdop>2.59041584306917</hdop><vdop>6.19103474883420</vdop><pdop>6.71112252170204</pdop><extensions><gpxtpx:TrackPointExtension><gpxtpx:speed>7673.12521282675789</gpxtpx:speed><gpxtpx:course>0.00000000000000</gpxtpx:course></gpxtpx:TrackPointExtension></extensions></trkpt>
      <trkpt lon="-155.01124051632414" lat="-74.23755398529860"><ele>521512.96930125448853</ele><time>2023-01-20T10:14:25.800Z</time><hdop>2.59067143211971</hdop><vdop>6.19064289022541</vdop><pdop>6.71085969630565</pdop><extensions><gpxtpx:TrackPointExtension><gpxtpx:speed>7673.67102560051535</gpxtpx:speed><gpxtpx:course>0.00000000000000</gpxtpx:course></gpxtpx:TrackPointExtension></extensions></trkpt>
      <trkpt lon="-155.02237340827745" lat="-74.23195836720284"><ele>521513.22752487286925</ele><time>2023-01-20T10:14:25.900Z</time><hdop>2.59092918287459</hdop><vdop>6.19025082802690</vdop><pdop>6.71059754005252</pdop><extensions><gpxtpx:TrackPointExtension><gpxtpx:speed>7673.40910616116525</gpxtpx:speed><gpxtpx:course>0.00000000000000</gpxtpx:course></gpxtpx:TrackPointExtension></extensions></trkpt>
      <trkpt lon="-155.03345132100546" lat="-74.22638377730395"><ele>521514.91233825217932</ele><time>2023-01-20T10:14:26.000Z</time><hdop>2.59118561144179</hdop><vdop>6.18985874616302</vdop><pdop>6.71033487766399</pdop><extensions><gpxtpx:TrackPointExtension><gpxtpx:speed>7672.92011054065460</gpxtpx:speed><gpxtpx:course>0.00000000000000</gpxtpx:course></gpxtpx:TrackPointExtension></extensions></trkpt>
      <trkpt lon="-155.04456789164038" lat="-74.22080626291608"><ele>521518.22837871126831</ele><time>2023-01-20T10:14:26.100Z</time><hdop>2.59144187476064</hdop><vdop>6.18946608263329</vdop><pdop>6.71007163734716</pdop><extensions><gpxtpx:TrackPointExtension><gpxtpx:speed>7673.22730508938457</gpxtpx:speed><gpxtpx:course>0.00000000000000</gpxtpx:course></gpxtpx:TrackPointExtension></extensions></trkpt>
      <trkpt lon="-155.05566982565392" lat="-74.21518205632293"><ele>521516.45037071127445</ele><time>2023-01-20T10:14:26.200Z</time><hdop>2.59170257423068</hdop><vdop>6.18907415854589</vdop><pdop>6.70981081501218</pdop><extensions><gpxtpx:TrackPointExtension><gpxtpx:speed>7673.81872475231921</gpxtpx:speed><gpxtpx:course>0.00000000000000</gpxtpx:course></gpxtpx:TrackPointExtension></extensions></trkpt>
      <trkpt lon="-155.06669310637795" lat="-74.20957144563174"><ele>521505.16634980496019</ele><time>2023-01-20T10:14:26.300Z</time><hdop>2.59196377990030</hdop><vdop>6.18868516005136</vdop><pdop>6.70955290958757</pdop><extensions><gpxtpx:TrackPointExtension><gpxtpx:speed>7673.54623611589886</gpxtpx:speed><gpxtpx:course>0.00000000000000</gpxtpx:course></gpxtpx:TrackPointExtension></extensions></trkpt>
      <trkpt lon="-155.07780246531252" lat="-74.20399684810265"><ele>521510.63608595170081</ele><time>2023-01-20T10:14:26.400Z</time><hdop>2.59221965468148</hdop><vdop>6.18829181112779</vdop><pdop>6.70928895470960</pdop><extensions><gpxtpx:TrackPointExtension><gpxtpx:speed>7673.79477006117941</gpxtpx:speed><gpxtpx:course>0.00000000000000</gpxtpx:course></gpxtpx:TrackPointExtension></extensions></trkpt>
      <trkpt lon="-155.08885454361365" lat="-74.19838783267765"><ele>521506.36987169459462</ele><time>2023-01-20T10:14:26.500Z</time><hdop>2.59247986088123</hdop><vdop>6.18790076210426</vdop><pdop>6.70902881725256</pdop><extensions><gpxtpx:TrackPointExtension><gpxtpx:speed>7673.18895754615187</gpxtpx:speed><gpxtpx:course>0.00000000000000</gpxtpx:course></gpxtpx:TrackPointExtension></extensions></trkpt>
      <trkpt lon="-155.09991620447792" lat="-74.19278296518692"><ele>521506.86062751244754</ele><time>2023-01-20T10:14:26.600Z</time><hdop>2.59273922929497</hdop><vdop>6.18750844300664</vdop><pdop>6.70876720742370</pdop><extensions><gpxtpx:TrackPointExtension><gpxtpx:speed>7673.01105245211966</gpxtpx:speed><gpxtpx:course>0.00000000000000</gpxtpx:course></gpxtpx:TrackPointExtension></extensions></trkpt>
      <trkpt lon="-155.11101539936521" lat="-74.18719113577419"><ele>521512.83397598564625</ele><time>2023-01-20T10:14:26.700Z</time><hdop>2.59299668574961</hdop><vdop>6.18711467042099</vdop><pdop>6.70850354082393</pdop><extensions><gpxtpx:TrackPointExtension><gpxtpx:speed>7672.97188208585339</gpxtpx:speed><gpxtpx:course>0.00000000000000</gpxtpx:course></gpxtpx:TrackPointExtension></extensions></trkpt>
    </trkseg>
  </trk>
</gpx>