     3.05           OBSERVATION DATA    M: MIXED            RINEX VERSION / TYPE
PosApp V10.02.00.WFS_02_TS2770Spirent             20260203 100018 UTC PGM / RUN BY / DATE 
                                                            MARKER NAME         
GEODETIC                                                    MARKER TYPE         
                    Spirent                                 OBSERVER / AGENCY   
rec_num             rec_type            rec_vers            REC # / TYPE / VERS 
3                   ant_type                                ANT # / TYPE        
     1.000                                                  INTERVAL            
  2026     2     3    10     0    0.0000000     GPS         TIME OF FIRST OBS   
  4840172.5644  -314045.0778  4128964.4868                  APPROX POSITION XYZ 
        0.0000        0.0000        0.0000                  ANTENNA: DELTA H/E/N
G   12 C1C L1C D1C S1C C1X L1X D1X S1X C1P L1P D1P S1P      SYS / # / OBS TYPES 
E   12 C1A L1A D1A S1A C1B L1B D1B S1B C1C L1C D1C S1C      SYS / # / OBS TYPES 
GNSS SIMULATOR OUTPUTS ALIGNED CARRIER PHASES.              COMMENT             
NO FURTHER PHASE SHIFTS APPLIED IN THE RINEX ENCODER.       COMMENT             
G L1C                                                       SYS / PHASE SHIFT   
G L1X  0.00000                                              SYS / PHASE SHIFT   
G L1P  0.00000                                              SYS / PHASE SHIFT   
E L1A  0.00000                                              SYS / PHASE SHIFT   
E L1B                                                       SYS / PHASE SHIFT   
E L1C  0.00000                                              SYS / PHASE SHIFT   
DBHZ                                                        SIGNAL STRENGTH UNIT
                                                            END OF HEADER       
> 2026 02 03 10 00  0.0000000  0 18       0.000000000000
G02  20299067.062 9 106672296.429 9      -357.878 9        56.055 9                                                                  20299067.062 8 106672296.429 8      -357.878 8        53.055 8
G09  25235115.241 9 132611366.622 9     -2817.936 9        54.164 9                                                                  25235115.241 8 132611366.622 8     -2817.936 8        51.164 8
G13  25245449.806 9 132665664.316 9      1256.566 9        54.160 9                                                                  25245449.806 8 132665664.316 8      1256.566 8        51.160 8
G29  24924667.069 9 130979961.805 9      3068.762 9        54.271 9                                                                  24924667.069 8 130979961.805 8      3068.762 8        51.271 8
G10  22410459.281 9 117767723.098 9      3267.393 9        55.195 9                                                                  22410459.281 8 117767723.098 8      3267.393 8        52.195 8
G12  20805242.409 9 109332264.148 9       218.879 9        55.841 9                                                                  20805242.409 8 109332264.148 8       218.879 8        52.841 8
G17  24657295.778 9 129574897.919 9     -2942.958 9        54.365 9                                                                  24657295.778 8 129574897.919 8     -2942.958 8        51.365 8
G24  24386636.421 9 128152590.682 9      3068.292 9        54.461 9                                                                  24386636.421 8 128152590.682 8      3068.292 8        51.461 8
G30  22616899.463 9 118852576.549 9      2360.526 9        55.115 9                                                                  22616899.463 8 118852576.549 8      2360.526 8        52.115 8
G05  21269421.967 9 111771542.165 9       717.251 9        55.649 9                                                                  21269421.967 8 111771542.165 8       717.251 8        52.649 8
G04  21919280.328 9 115186565.400 9     -2463.650 9        55.388 9                                                                  21919280.328 8 115186565.400 8     -2463.650 8        52.388 8
E04                                                                  23381971.204 9 122873054.901 9      -134.817 9        57.939 9  23381971.204 9 122873054.901 9      -134.817 9        57.939 9
E05                                                                  26109501.376 9 137206292.707 9     -2046.418 9        56.981 9  26109501.376 9 137206292.707 9     -2046.418 9        56.981 9
E11                                                                  26633392.590 9 139959359.372 9     -2391.887 9        56.808 9  26633392.590 9 139959359.372 9     -2391.887 9        56.808 9
E20                                                                  27845539.837 9 146329221.612 9     -1655.926 9        56.421 9  27845539.837 9 146329221.612 9     -1655.926 9        56.421 9
E09                                                                  25034781.960 9 131558617.266 9      2590.254 9        57.346 9  25034781.960 9 131558617.266 9      2590.254 9        57.346 9
E10                                                                  23770269.206 9 124913571.733 9        33.974 9        57.796 9  23770269.206 9 124913571.733 9        33.974 9        57.796 9
E03                                                                  25069480.330 9 131740966.065 9      1953.498 9        57.334 9  25069480.330 9 131740966.065 9      1953.498 9        57.334 9
> 2026 02 03 10 00  1.0000000  0 18       0.000000000000
G02  20299135.202 9 106672654.505 9      -358.275 9        56.055 9                                                                  20299135.202 8 106672654.505 8      -358.275 8        53.055 8
G09  25235651.493 9 132614184.636 9     -2817.999 9        54.164 9                                                                  25235651.493 8 132614184.636 8     -2817.999 8        51.164 8
G13  25245210.723 9 132664407.933 9      1256.167 9        54.160 9                                                                  25245210.723 8 132664407.933 8      1256.167 8        51.160 8
G29  24924083.090 9 130976892.977 9      3068.841 9        54.272 9                                                                  24924083.090 8 130976892.977 8      3068.841 8        51.272 8
G10  22409837.545 9 117764455.858 9      3267.091 9        55.195 9                                                                  22409837.545 8 117764455.858 8      3267.091 8        52.195 8
G12  20805200.821 9 109332045.599 9       218.216 9        55.841 9                                                                  20805200.821 8 109332045.599 8       218.216 8        52.841 8
G17  24657855.823 9 129577840.961 9     -2943.121 9        54.365 9                                                                  24657855.823 8 129577840.961 8     -2943.121 8        51.365 8
G24  24386052.555 9 128149522.448 9      3068.154 9        54.461 9                                                                  24386052.555 8 128149522.448 8      3068.154 8        51.461 8
G30  22616450.314 9 118850216.258 9      2360.052 9        55.116 9                                                                  22616450.314 8 118850216.258 8      2360.052 8        52.116 8
G05  21269285.540 9 111770825.239 9       716.598 9        55.649 9                                                                  21269285.540 8 111770825.239 8       716.598 8        52.649 8
G04  21919749.164 9 115189029.144 9     -2463.846 9        55.387 9                                                                  21919749.164 8 115189029.144 8     -2463.846 8        52.387 8
E04                                                                  23381996.882 9 122873189.840 9      -135.063 9        57.939 9  23381996.882 9 122873189.840 9      -135.063 9        57.939 9
E05                                                                  26109890.814 9 137208339.208 9     -2046.596 9        56.980 9  26109890.814 9 137208339.208 9     -2046.596 9        56.980 9
E11                                                                  26633847.777 9 139961751.385 9     -2392.148 9        56.808 9  26633847.777 9 139961751.385 9     -2392.148 9        56.808 9
E20                                                                  27845854.984 9 146330877.712 9     -1656.263 9        56.421 9  27845854.984 9 146330877.712 9     -1656.263 9        56.421 9
E09                                                                  25034289.076 9 131556027.148 9      2589.987 9        57.346 9  25034289.076 9 131556027.148 9      2589.987 9        57.346 9
E10                                                                  23770262.786 9 124913537.995 9        33.502 9        57.796 9  23770262.786 9 124913537.995 9        33.502 9        57.796 9
E03                                                                  25069108.599 9 131739012.608 9      1953.415 9        57.334 9  25069108.599 9 131739012.608 9      1953.415 9        57.334 9
> 2026 02 03 10 00  2.0000000  0 18       0.000000000000
G02  20299203.418 9 106673012.978 9      -358.673 9        56.054 9                                                                  20299203.418 8 106673012.978 8      -358.673 8        53.054 8
G09  25236187.737 9 132617002.607 9     -2817.955 9        54.164 9                                                                  25236187.737 8 132617002.607 8     -2817.955 8        51.164 8
G13  25244971.725 9 132663151.995 9      1255.721 9        54.161 9                                                                  25244971.725 8 132663151.995 8      1255.721 8        51.161 8
G29  24923499.106 9 130973824.120 9      3068.870 9        54.272 9                                                                  24923499.106 8 130973824.120 8      3068.870 8        51.272 8
G10  22409215.867 9 117761188.924 9      3266.784 9        55.196 9                                                                  22409215.867 8 117761188.924 8      3266.784 8        52.196 8
G12  20805159.359 9 109331827.714 9       217.554 9        55.841 9                                                                  20805159.359 8 109331827.714 8       217.554 8        52.841 8
G17  24658415.892 9 129580784.129 9     -2943.248 9        54.365 9                                                                  24658415.892 8 129580784.129 8     -2943.248 8        51.365 8
G24  24385468.719 9 128146454.375 9      3067.992 9        54.461 9                                                                  24385468.719 8 128146454.375 8      3067.992 8        51.461 8
G30  22616001.257 9 118847856.446 9      2359.573 9        55.116 9                                                                  22616001.257 8 118847856.446 8      2359.573 8        52.116 8
G05  21269149.238 9 111770108.967 9       715.945 9        55.649 9                                                                  21269149.238 8 111770108.967 8       715.945 8        52.649 8
G04  21920218.036 9 115191493.079 9     -2464.038 9        55.387 9                                                                  21920218.036 8 115191493.079 8     -2464.038 8        52.387 8
E04                                                                  23382022.607 9 122873325.025 9      -135.309 9        57.939 9  23382022.607 9 122873325.025 9      -135.309 9        57.939 9
E05                                                                  26110280.284 9 137210385.879 9     -2046.766 9        56.980 9  26110280.284 9 137210385.879 9     -2046.766 9        56.980 9
E11                                                                  26634303.011 9 139964143.649 9     -2392.399 9        56.808 9  26634303.011 9 139964143.649 9     -2392.399 9        56.808 9
E20                                                                  27846170.191 9 146332534.125 9     -1656.576 9        56.421 9  27846170.191 9 146332534.125 9     -1656.576 9        56.421 9
E09                                                                  25033796.244 9 131553437.303 9      2589.714 9        57.346 9  25033796.244 9 131553437.303 9      2589.714 9        57.346 9
E10                                                                  23770256.456 9 124913504.729 9        33.030 9        57.796 9  23770256.456 9 124913504.729 9        33.030 9        57.796 9
E03                                                                  25068736.884 9 131737059.238 9      1953.328 9        57.334 9  25068736.884 9 131737059.238 9      1953.328 9        57.334 9
> 2026 02 03 10 00  3.0000000  0 18       0.000000000000
G02  20299271.708 9 106673371.848 9      -359.070 9        56.054 9                                                                  20299271.708 8 106673371.848 8      -359.070 8        53.054 8
G09  25236723.972 9 132619820.533 9     -2817.911 9        54.163 9                                                                  25236723.972 8 132619820.533 8     -2817.911 8        51.163 8
G13  25244732.812 9 132661896.502 9      1255.275 9        54.161 9                                                                  25244732.812 8 132661896.502 8      1255.275 8        51.161 8
G29  24922915.116 9 130970755.235 9      3068.898 9        54.272 9                                                                  24922915.116 8 130970755.235 8      3068.898 8        51.272 8
G10  22408594.249 9 117757922.299 9      3266.476 9        55.196 9                                                                  22408594.249 8 117757922.299 8      3266.476 8        52.196 8
G12  20805118.023 9 109331610.490 9       216.891 9        55.841 9                                                                  20805118.023 8 109331610.490 8       216.891 8        52.841 8
G17  24658975.984 9 129583727.424 9     -2943.374 9        54.365 9                                                                  24658975.984 8 129583727.424 8     -2943.374 8        51.365 8
G24  24384884.915 9 128143386.464 9      3067.831 9        54.462 9                                                                  24384884.915 8 128143386.464 8      3067.831 8        51.462 8
G30  22615552.290 9 118845497.113 9      2359.094 9        55.116 9                                                                  22615552.290 8 118845497.113 8      2359.094 8        52.116 8
G05  21269013.061 9 111769393.349 9       715.291 9        55.649 9                                                                  21269013.061 8 111769393.349 8       715.291 8        52.649 8
G04  21920686.945 9 115193957.207 9     -2464.229 9        55.387 9                                                                  21920686.945 8 115193957.207 8     -2464.229 8        52.387 8
E04                                                                  23382048.379 9 122873460.456 9      -135.555 9        57.939 9  23382048.379 9 122873460.456 9      -135.555 9        57.939 9
E05                                                                  26110669.786 9 137212432.721 9     -2046.937 9        56.980 9  26110669.786 9 137212432.721 9     -2046.937 9        56.980 9
E11                                                                  26634758.293 9 139966536.164 9     -2392.649 9        56.807 9  26634758.293 9 139966536.164 9     -2392.649 9        56.807 9
E20                                                                  27846485.457 9 146334190.851 9     -1656.889 9        56.421 9  27846485.457 9 146334190.851 9     -1656.889 9        56.421 9
E09                                                                  25033303.464 9 131550847.730 9      2589.442 9        57.346 9  25033303.464 9 131550847.730 9      2589.442 9        57.346 9
E10                                                                  23770250.215 9 124913471.935 9        32.558 9        57.796 9  23770250.215 9 124913471.935 9        32.558 9        57.796 9
E03                                                                  25068365.186 9 131735105.953 9      1953.242 9        57.334 9  25068365.186 9 131735105.953 9      1953.242 9        57.334 9
> 2026 02 03 10 00  4.0000000  0 18       0.000000000000
G02  20299340.075 9 106673731.115 9      -359.467 9        56.054 9                                                                  20299340.075 8 106673731.115 8      -359.467 8        53.054 8
G09  25237260.199 9 132622638.415 9     -2817.866 9        54.163 9                                                                  25237260.199 8 132622638.415 8     -2817.866 8        51.163 8
G13  25244493.984 9 132660641.455 9      1254.830 9        54.161 9                                                                  25244493.984 8 132660641.455 8      1254.830 8        51.161 8
G29  24922331.121 9 130967686.322 9      3068.926 9        54.272 9                                                                  24922331.121 8 130967686.322 8      3068.926 8        51.272 8
G10  22407972.688 9 117754655.981 9      3266.168 9        55.196 9                                                                  22407972.688 8 117754655.981 8      3266.168 8        52.196 8
G12  20805076.813 9 109331393.929 9       216.229 9        55.841 9                                                                  20805076.813 8 109331393.929 8       216.229 8        52.841 8
G17  24659536.101 9 129586670.845 9     -2943.500 9        54.364 9                                                                  24659536.101 8 129586670.845 8     -2943.500 8        51.364 8
G24  24384301.141 9 128140318.714 9      3067.669 9        54.462 9                                                                  24384301.141 8 128140318.714 8      3067.669 8        51.462 8
G30  22615103.415 9 118843138.258 9      2358.615 9        55.116 9                                                                  22615103.415 8 118843138.258 8      2358.615 8        52.116 8
G05  21268877.008 9 111768678.384 9       714.638 9        55.649 9                                                                  21268877.008 8 111768678.384 8       714.638 8        52.649 8
G04  21921155.890 9 115196421.525 9     -2464.421 9        55.387 9                                                                  21921155.890 8 115196421.525 8     -2464.421 8        52.387 8
E04                                                                  23382074.198 9 122873596.133 9      -135.801 9        57.939 9  23382074.198 9 122873596.133 9      -135.801 9        57.939 9
E05                                                                  26111059.321 9 137214479.734 9     -2047.107 9        56.980 9  26111059.321 9 137214479.734 9     -2047.107 9        56.980 9
E11                                                                  26635213.622 9 139968928.929 9     -2392.900 9        56.807 9  26635213.622 9 139968928.929 9     -2392.900 9        56.807 9
E20                                                                  27846800.782 9 146335847.890 9     -1657.202 9        56.421 9  27846800.782 9 146335847.890 9     -1657.202 9        56.421 9
E09                                                                  25032810.735 9 131548258.430 9      2589.170 9        57.346 9  25032810.735 9 131548258.430 9      2589.170 9        57.346 9
E10                                                                  23770244.064 9 124913439.612 9        32.087 9        57.796 9  23770244.064 9 124913439.612 9        32.087 9        57.796 9
E03                                                                  25067993.504 9 131733152.755 9      1953.156 9        57.334 9  25067993.504 9 131733152.755 9      1953.156 9        57.334 9
> 2026 02 03 10 00  5.0000000  0 18       0.000000000000
G02  20299408.517 9 106674090.780 9      -359.864 9        56.054 9                                                                  20299408.517 8 106674090.780 8      -359.864 8        53.054 8
G09  25237796.417 9 132625456.252 9     -2817.822 9        54.163 9                                                                  25237796.417 8 132625456.252 8     -2817.822 8        51.163 8
G13  25244255.240 9 132659386.854 9      1254.384 9        54.161 9                                                                  25244255.240 8 132659386.854 8      1254.384 8        51.161 8
G29  24921747.120 9 130964617.381 9      3068.954 9        54.272 9                                                                  24921747.120 8 130964617.381 8      3068.954 8        51.272 8
G10  22407351.186 9 117751389.971 9      3265.860 9        55.196 9                                                                  22407351.186 8 117751389.971 8      3265.860 8        52.196 8
G12  20805035.729 9 109331178.031 9       215.566 9        55.841 9                                                                  20805035.729 8 109331178.031 8       215.566 8        52.841 8
G17  24660096.242 9 129589614.393 9     -2943.626 9        54.364 9                                                                  24660096.242 8 129589614.393 8     -2943.626 8        51.364 8
G24  24383717.398 9 128137251.127 9      3067.507 9        54.462 9                                                                  24383717.398 8 128137251.127 8      3067.507 8        51.462 8
G30  22614654.631 9 118840779.883 9      2358.135 9        55.116 9                                                                  22614654.631 8 118840779.883 8      2358.135 8        52.116 8
G05  21268741.079 9 111767964.072 9       713.984 9        55.649 9                                                                  21268741.079 8 111767964.072 8       713.984 8        52.649 8
G04  21921624.872 9 115198886.036 9     -2464.612 9        55.387 9                                                                  21921624.872 8 115198886.036 8     -2464.612 8        52.387 8
E04                                                                  23382100.063 9 122873732.056 9      -136.047 9        57.939 9  23382100.063 9 122873732.056 9      -136.047 9        57.939 9
E05                                                                  26111448.889 9 137216526.917 9     -2047.279 9        56.980 9  26111448.889 9 137216526.917 9     -2047.279 9        56.980 9
E11                                                                  26635668.999 9 139971321.945 9     -2393.150 9        56.807 9  26635668.999 9 139971321.945 9     -2393.150 9        56.807 9
E20                                                                  27847116.168 9 146337505.242 9     -1657.515 9        56.421 9  27847116.168 9 146337505.242 9     -1657.515 9        56.421 9
E09                                                                  25032318.058 9 131545669.401 9      2588.897 9        57.346 9  25032318.058 9 131545669.401 9      2588.897 9        57.346 9
E10                                                                  23770238.003 9 124913407.762 9        31.615 9        57.796 9  23770238.003 9 124913407.762 9        31.615 9        57.796 9
E03                                                                  25067621.839 9 131731199.643 9      1953.069 9        57.334 9  25067621.839 9 131731199.643 9      1953.069 9        57.334 9
> 2026 02 03 10 00  6.0000000  0 18       0.000000000000
G02  20299477.034 9 106674450.841 9      -360.261 9        56.054 9                                                                  20299477.034 8 106674450.841 8      -360.261 8        53.054 8
G09  25238332.627 9 132628274.045 9     -2817.777 9        54.163 9                                                                  25238332.627 8 132628274.045 8     -2817.777 8        51.163 8
G13  25244016.581 9 132658132.699 9      1253.938 9        54.161 9                                                                  25244016.581 8 132658132.699 8      1253.938 8        51.161 8
G29  24921163.114 9 130961548.412 9      3068.982 9        54.273 9                                                                  24921163.114 8 130961548.412 8      3068.982 8        51.273 8
G10  22406729.743 9 117748124.269 9      3265.552 9        55.196 9                                                                  22406729.743 8 117748124.269 8      3265.552 8        52.196 8
G12  20804994.771 9 109330962.795 9       214.904 9        55.841 9                                                                  20804994.771 8 109330962.795 8       214.904 8        52.841 8
G17  24660656.407 9 129592558.067 9     -2943.753 9        54.364 9                                                                  24660656.407 8 129592558.067 8     -2943.753 8        51.364 8
G24  24383133.685 9 128134183.701 9      3067.345 9        54.462 9                                                                  24383133.685 8 128134183.701 8      3067.345 8        51.462 8
G30  22614205.938 9 118838421.987 9      2357.656 9        55.116 9                                                                  22614205.938 8 118838421.987 8      2357.656 8        52.116 8
G05  21268605.274 9 111767250.414 9       713.330 9        55.649 9                                                                  21268605.274 8 111767250.414 8       713.330 8        52.649 8
G04  21922093.890 9 115201350.737 9     -2464.803 9        55.386 9                                                                  21922093.890 8 115201350.737 8     -2464.803 8        52.386 8
E04                                                                  23382125.975 9 122873868.225 9      -136.293 9        57.939 9  23382125.975 9 122873868.225 9      -136.293 9        57.939 9
E05                                                                  26111838.489 9 137218574.268 9     -2047.448 9        56.980 9  26111838.489 9 137218574.268 9     -2047.448 9        56.980 9
E11                                                                  26636124.424 9 139973715.212 9     -2393.401 9        56.807 9  26636124.424 9 139973715.212 9     -2393.401 9        56.807 9
E20                                                                  27847431.612 9 146339162.907 9     -1657.828 9        56.421 9  27847431.612 9 146339162.907 9     -1657.828 9        56.421 9
E09                                                                  25031825.433 9 131543080.646 9      2588.625 9        57.347 9  25031825.433 9 131543080.646 9      2588.625 9        57.347 9
E10                                                                  23770232.032 9 124913376.383 9        31.143 9        57.796 9  23770232.032 9 124913376.383 9        31.143 9        57.796 9
E03                                                                  25067250.190 9 131729246.618 9      1952.983 9        57.334 9  25067250.190 9 131729246.618 9      1952.983 9        57.334 9
> 2026 02 03 10 00  7.0000000  0 18       0.000000000000
G02  20299545.628 9 106674811.299 9      -360.658 9        56.054 9                                                                  20299545.628 8 106674811.299 8      -360.658 8        53.054 8
G09  25238868.829 9 132631091.794 9     -2817.733 9        54.163 9                                                                  25238868.829 8 132631091.794 8     -2817.733 8        51.163 8
G13  25243778.008 9 132656878.990 9      1253.492 9        54.161 9                                                                  25243778.008 8 132656878.990 8      1253.492 8        51.161 8
G29  24920579.103 9 130958479.415 9      3069.010 9        54.273 9                                                                  24920579.103 8 130958479.415 8      3069.010 8        51.273 8
G10  22406108.358 9 117744858.875 9      3265.244 9        55.197 9                                                                  22406108.358 8 117744858.875 8      3265.244 8        52.197 8
G12  20804953.939 9 109330748.221 9       214.241 9        55.841 9                                                                  20804953.939 8 109330748.221 8       214.241 8        52.841 8
G17  24661216.596 9 129595501.867 9     -2943.879 9        54.364 9                                                                  24661216.596 8 129595501.867 8     -2943.879 8        51.364 8
G24  24382550.004 9 128131116.437 9      3067.183 9        54.462 9                                                                  24382550.004 8 128131116.437 8      3067.183 8        51.462 8
G30  22613757.336 9 118836064.571 9      2357.177 9        55.117 9                                                                  22613757.336 8 118836064.571 8      2357.177 8        52.117 8
G05  21268469.594 9 111766537.410 9       712.677 9        55.649 9                                                                  21268469.594 8 111766537.410 8       712.677 8        52.649 8
G04  21922562.944 9 115203815.630 9     -2464.995 9        55.386 9                                                                  21922562.944 8 115203815.630 8     -2464.995 8        52.386 8
E04                                                                  23382151.934 9 122874004.639 9      -136.539 9        57.939 9  23382151.934 9 122874004.639 9      -136.539 9        57.939 9
E05                                                                  26112228.121 9 137220621.792 9     -2047.619 9        56.980 9  26112228.121 9 137220621.792 9     -2047.619 9        56.980 9
E11                                                                  26636579.897 9 139976108.729 9     -2393.652 9        56.807 9  26636579.897 9 139976108.729 9     -2393.652 9        56.807 9
E20                                                                  27847747.116 9 146340820.885 9     -1658.140 9        56.421 9  27847747.116 9 146340820.885 9     -1658.140 9        56.421 9
E09                                                                  25031332.860 9 131540492.162 9      2588.352 9        57.347 9  25031332.860 9 131540492.162 9      2588.352 9        57.347 9
E10                                                                  23770226.151 9 124913345.476 9        30.671 9        57.796 9  23770226.151 9 124913345.476 9        30.671 9        57.796 9
E03                                                                  25066878.558 9 131727293.679 9      1952.897 9        57.334 9  25066878.558 9 131727293.679 9      1952.897 9        57.334 9
> 2026 02 03 10 00  8.0000000  0 18       0.000000000000
G02  20299614.296 9 106675172.154 9      -361.055 9        56.054 9                                                                  20299614.296 8 106675172.154 8      -361.055 8        53.054 8
G09  25239405.022 9 132633909.498 9     -2817.688 9        54.162 9                                                                  25239405.022 8 132633909.498 8     -2817.688 8        51.162 8
G13  25243539.519 9 132655625.727 9      1253.046 9        54.161 9                                                                  25243539.519 8 132655625.727 8      1253.046 8        51.161 8
G29  24919995.087 9 130955410.389 9      3069.038 9        54.273 9                                                                  24919995.087 8 130955410.389 8      3069.038 8        51.273 8
G10  22405487.032 9 117741593.789 9      3264.936 9        55.197 9                                                                  22405487.032 8 117741593.789 8      3264.936 8        52.197 8
G12  20804913.233 9 109330534.310 9       213.579 9        55.841 9                                                                  20804913.233 8 109330534.310 8       213.579 8        52.841 8
G17  24661776.809 9 129598445.793 9     -2944.006 9        54.364 9                                                                  24661776.809 8 129598445.793 8     -2944.006 8        51.364 8
G24  24381966.353 9 128128049.334 9      3067.022 9        54.463 9                                                                  24381966.353 8 128128049.334 8      3067.022 8        51.463 8
G30  22613308.825 9 118833707.634 9      2356.697 9        55.117 9                                                                  22613308.825 8 118833707.634 8      2356.697 8        52.117 8
G05  21268334.038 9 111765825.059 9       712.023 9        55.649 9                                                                  21268334.038 8 111765825.059 8       712.023 8        52.649 8
G04  21923032.035 9 115206280.714 9     -2465.186 9        55.386 9                                                                  21923032.035 8 115206280.714 8     -2465.186 8        52.386 8
E04                                                                  23382177.940 9 122874141.300 9      -136.785 9        57.939 9  23382177.940 9 122874141.300 9      -136.785 9        57.939 9
E05                                                                  26112617.786 9 137222669.486 9     -2047.789 9        56.979 9  26112617.786 9 137222669.486 9     -2047.789 9        56.979 9
E11                                                                  26637035.417 9 139978502.496 9     -2393.902 9        56.807 9  26637035.417 9 139978502.496 9     -2393.902 9        56.807 9
E20                                                                  27848062.680 9 146342479.175 9     -1658.453 9        56.421 9  27848062.680 9 146342479.175 9     -1658.453 9        56.421 9
E09                                                                  25030840.339 9 131537903.952 9      2588.080 9        57.347 9  25030840.339 9 131537903.952 9      2588.080 9        57.347 9
E10                                                                  23770220.359 9 124913315.040 9        30.200 9        57.796 9  23770220.359 9 124913315.040 9        30.200 9        57.796 9
E03                                                                  25066506.942 9 131725340.827 9      1952.810 9        57.335 9  25066506.942 9 131725340.827 9      1952.810 9        57.335 9
> 2026 02 03 10 00  9.0000000  0 18       0.000000000000
G02  20299683.040 9 106675533.406 9      -361.451 9        56.054 9                                                                  20299683.040 8 106675533.406 8      -361.451 8        53.054 8
G09  25239941.206 9 132636727.157 9     -2817.643 9        54.162 9                                                                  25239941.206 8 132636727.157 8     -2817.643 8        51.162 8
G13  25243301.115 9 132654372.910 9      1252.600 9        54.161 9                                                                  25243301.115 8 132654372.910 8      1252.600 8        51.161 8
G29  24919411.065 9 130952341.336 9      3069.066 9        54.273 9                                                                  24919411.065 8 130952341.336 8      3069.066 8        51.273 8
G10  22404865.765 9 117738329.012 9      3264.628 9        55.197 9                                                                  22404865.765 8 117738329.012 8      3264.628 8        52.197 8
G12  20804872.654 9 109330321.062 9       212.916 9        55.841 9                                                                  20804872.654 8 109330321.062 8       212.916 8        52.841 8
G17  24662337.046 9 129601389.846 9     -2944.132 9        54.363 9                                                                  24662337.046 8 129601389.846 8     -2944.132 8        51.363 8
G24  24381382.733 9 128124982.394 9      3066.860 9        54.463 9                                                                  24381382.733 8 128124982.394 8      3066.860 8        51.463 8
G30  22612860.406 9 118831351.176 9      2356.218 9        55.117 9                                                                  22612860.406 8 118831351.176 8      2356.218 8        52.117 8
G05  21268198.607 9 111765113.362 9       711.369 9        55.649 9                                                                  21268198.607 8 111765113.362 8       711.369 8        52.649 8
G04  21923501.162 9 115208745.989 9     -2465.377 9        55.386 9                                                                  21923501.162 8 115208745.989 8     -2465.377 8        52.386 8
E04                                                                  23382203.993 9 122874278.207 9      -137.031 9        57.939 9  23382203.993 9 122874278.207 9      -137.031 9        57.939 9
E05                                                                  26113007.483 9 137224717.351 9     -2047.959 9        56.979 9  26113007.483 9 137224717.351 9     -2047.959 9        56.979 9
E11                                                                  26637490.985 9 139980896.514 9     -2394.152 9        56.807 9  26637490.985 9 139980896.514 9     -2394.152 9        56.807 9
E20                                                                  27848378.303 9 146344137.778 9     -1658.766 9        56.420 9  27848378.303 9 146344137.778 9     -1658.766 9        56.420 9
E09                                                                  25030347.870 9 131535316.014 9      2587.807 9        57.347 9  25030347.870 9 131535316.014 9      2587.807 9        57.347 9
E10                                                                  23770214.657 9 124913285.077 9        29.728 9        57.796 9  23770214.657 9 124913285.077 9        29.728 9        57.796 9
E03                                                                  25066135.343 9 131723388.061 9      1952.723 9        57.335 9  25066135.343 9 131723388.061 9      1952.723 9        57.335 9
> 2026 02 03 10 00 10.0000000  0 18       0.000000000000
G02  20299751.860 9 106675895.055 9      -361.848 9        56.054 9                                                                  20299751.860 8 106675895.055 8      -361.848 8        53.054 8
G09  25240477.382 9 132639544.771 9     -2817.598 9        54.162 9                                                                  25240477.382 8 132639544.771 8     -2817.598 8        51.162 8
G13  25243062.796 9 132653120.539 9      1252.153 9        54.161 9                                                                  25243062.796 8 132653120.539 8      1252.153 8        51.161 8
G29  24918827.038 9 130949272.254 9      3069.094 9        54.274 9                                                                  24918827.038 8 130949272.254 8      3069.094 8        51.274 8
G10  22404244.557 9 117735064.543 9      3264.319 9        55.197 9                                                                  22404244.557 8 117735064.543 8      3264.319 8        52.197 8
G12  20804832.200 9 109330108.476 9       212.254 9        55.841 9                                                                  20804832.200 8 109330108.476 8       212.254 8        52.841 8
G17  24662897.307 9 129604334.025 9     -2944.258 9        54.363 9                                                                  24662897.307 8 129604334.025 8     -2944.258 8        51.363 8
G24  24380799.144 9 128121915.616 9      3066.698 9        54.463 9                                                                  24380799.144 8 128121915.616 8      3066.698 8        51.463 8
G30  22612412.078 9 118828995.198 9      2355.738 9        55.117 9                                                                  22612412.078 8 118828995.198 8      2355.738 8        52.117 8
G05  21268063.300 9 111764402.319 9       710.715 9        55.649 9                                                                  21268063.300 8 111764402.319 8       710.715 8        52.649 8
G04  21923970.325 9 115211211.455 9     -2465.568 9        55.386 9                                                                  21923970.325 8 115211211.455 8     -2465.568 8        52.386 8
E04                                                                  23382230.092 9 122874415.360 9      -137.277 9        57.939 9  23382230.092 9 122874415.360 9      -137.277 9        57.939 9
E05                                                                  26113397.212 9 137226765.385 9     -2048.130 9        56.979 9  26113397.212 9 137226765.385 9     -2048.130 9        56.979 9
E11                                                                  26637946.600 9 139983290.781 9     -2394.402 9        56.806 9  26637946.600 9 139983290.781 9     -2394.402 9        56.806 9
E20                                                                  27848693.986 9 146345796.694 9     -1659.078 9        56.420 9  27848693.986 9 146345796.694 9     -1659.078 9        56.420 9
E09                                                                  25029855.453 9 131532728.348 9      2587.534 9        57.347 9  25029855.453 9 131532728.348 9      2587.534 9        57.347 9
E10                                                                  23770209.045 9 124913255.585 9        29.256 9        57.796 9  23770209.045 9 124913255.585 9        29.256 9        57.796 9
E03                                                                  25065763.760 9 131721435.382 9      1952.637 9        57.335 9  25065763.760 9 131721435.382 9      1952.637 9        57.335 9
> 2026 02 03 10 00 11.0000000  0 18       0.000000000000
G02  20299820.755 9 106676257.101 9      -362.245 9        56.054 9                                                                  20299820.755 8 106676257.101 8      -362.245 8        53.054 8
G09  25241013.549 9 132642362.341 9     -2817.553 9        54.162 9                                                                  25241013.549 8 132642362.341 8     -2817.553 8        51.162 8
G13  25242824.562 9 132651868.615 9      1251.707 9        54.161 9                                                                  25242824.562 8 132651868.615 8      1251.707 8        51.161 8
G29  24918243.005 9 130946203.145 9      3069.122 9        54.274 9                                                                  24918243.005 8 130946203.145 8      3069.122 8        51.274 8
G10  22403623.407 9 117731800.382 9      3264.011 9        55.198 9                                                                  22403623.407 8 117731800.382 8      3264.011 8        52.198 8
G12  20804791.873 9 109329896.553 9       211.591 9        55.841 9                                                                  20804791.873 8 109329896.553 8       211.591 8        52.841 8
G17  24663457.592 9 129607278.330 9     -2944.384 9        54.363 9                                                                  24663457.592 8 129607278.330 8     -2944.384 8        51.363 8
G24  24380215.585 9 128118848.999 9      3066.536 9        54.463 9                                                                  24380215.585 8 128118848.999 8      3066.536 8        51.463 8
G30  22611963.841 9 118826639.700 9      2355.258 9        55.117 9                                                                  22611963.841 8 118826639.700 8      2355.258 8        52.117 8
G05  21267928.117 9 111763691.930 9       710.062 9        55.650 9                                                                  21267928.117 8 111763691.930 8       710.062 8        52.650 8
G04  21924439.525 9 115213677.112 9     -2465.759 9        55.385 9                                                                  21924439.525 8 115213677.112 8     -2465.759 8        52.385 8
E04                                                                  23382256.239 9 122874552.759 9      -137.523 9        57.939 9  23382256.239 9 122874552.759 9      -137.523 9        57.939 9
E05                                                                  26113786.974 9 137228813.591 9     -2048.300 9        56.979 9  26113786.974 9 137228813.591 9     -2048.300 9        56.979 9
E11                                                                  26638402.263 9 139985685.300 9     -2394.653 9        56.806 9  26638402.263 9 139985685.300 9     -2394.653 9        56.806 9
E20                                                                  27849009.728 9 146347455.922 9     -1659.391 9        56.420 9  27849009.728 9 146347455.922 9     -1659.391 9        56.420 9
E09                                                                  25029363.087 9 131530140.955 9      2587.262 9        57.347 9  25029363.087 9 131530140.955 9      2587.262 9        57.347 9
E10                                                                  23770203.522 9 124913226.564 9        28.785 9        57.796 9  23770203.522 9 124913226.564 9        28.785 9        57.796 9
E03                                                                  25065392.193 9 131719482.789 9      1952.550 9        57.335 9  25065392.193 9 131719482.789 9      1952.550 9        57.335 9
> 2026 02 03 10 00 12.0000000  0 18       0.000000000000
G02  20299889.726 9 106676619.544 9      -362.642 9        56.054 9                                                                  20299889.726 8 106676619.544 8      -362.642 8        53.054 8
G09  25241549.708 9 132645179.865 9     -2817.508 9        54.162 9                                                                  25241549.708 8 132645179.865 8     -2817.508 8        51.162 8
G13  25242586.412 9 132650617.137 9      1251.261 9        54.161 9                                                                  25242586.412 8 132650617.137 8      1251.261 8        51.161 8
G29  24917658.967 9 130943134.008 9      3069.150 9        54.274 9                                                                  24917658.967 8 130943134.008 8      3069.150 8        51.274 8
G10  22403002.315 9 117728536.530 9      3263.702 9        55.198 9                                                                  22403002.315 8 117728536.530 8      3263.702 8        52.198 8
G12  20804751.671 9 109329685.292 9       210.928 9        55.841 9                                                                  20804751.671 8 109329685.292 8       210.928 8        52.841 8
G17  24664017.901 9 129610222.762 9     -2944.510 9        54.363 9                                                                  24664017.901 8 129610222.762 8     -2944.510 8        51.363 8
G24  24379632.058 9 128115782.545 9      3066.374 9        54.464 9                                                                  24379632.058 8 128115782.545 8      3066.374 8        51.464 8
G30  22611515.696 9 118824284.681 9      2354.779 9        55.117 9                                                                  22611515.696 8 118824284.681 8      2354.779 8        52.117 8
G05  21267793.059 9 111762982.194 9       709.408 9        55.650 9                                                                  21267793.059 8 111762982.194 8       709.408 8        52.650 8
G04  21924908.761 9 115216142.961 9     -2465.950 9        55.385 9                                                                  21924908.761 8 115216142.961 8     -2465.950 8        52.385 8
E04                                                                  23382282.432 9 122874690.405 9      -137.769 9        57.939 9  23382282.432 9 122874690.405 9      -137.769 9        57.939 9
E05                                                                  26114176.769 9 137230861.966 9     -2048.470 9        56.979 9  26114176.769 9 137230861.966 9     -2048.470 9        56.979 9
E11                                                                  26638857.974 9 139988080.068 9     -2394.903 9        56.806 9  26638857.974 9 139988080.068 9     -2394.903 9        56.806 9
E20                                                                  27849325.530 9 146349115.463 9     -1659.703 9        56.420 9  27849325.530 9 146349115.463 9     -1659.703 9        56.420 9
E09                                                                  25028870.774 9 131527553.836 9      2586.989 9        57.348 9  25028870.774 9 131527553.836 9      2586.989 9        57.348 9
E10                                                                  23770198.090 9 124913198.015 9        28.313 9        57.796 9  23770198.090 9 124913198.015 9        28.313 9        57.796 9
E03                                                                  25065020.643 9 131717530.283 9      1952.464 9        57.335 9  25065020.643 9 131717530.283 9      1952.464 9        57.335 9
> 2026 02 03 10 00 13.0000000  0 18       0.000000000000
G02  20299958.772 9 106676982.383 9      -363.039 9        56.054 9                                                                  20299958.772 8 106676982.383 8      -363.039 8        53.054 8
G09  25242085.858 9 132647997.344 9     -2817.463 9        54.162 9                                                                  25242085.858 8 132647997.344 8     -2817.463 8        51.162 8
G13  25242348.348 9 132649366.105 9      1250.814 9        54.161 9                                                                  25242348.348 8 132649366.105 8      1250.814 8        51.161 8
G29  24917074.924 9 130940064.843 9      3069.178 9        54.274 9                                                                  24917074.924 8 130940064.843 8      3069.178 8        51.274 8
G10  22402381.283 9 117725272.987 9      3263.393 9        55.198 9                                                                  22402381.283 8 117725272.987 8      3263.393 8        52.198 8
G12  20804711.596 9 109329474.695 9       210.266 9        55.841 9                                                                  20804711.596 8 109329474.695 8       210.266 8        52.841 8
G17  24664578.234 9 129613167.319 9     -2944.637 9        54.363 9                                                                  24664578.234 8 129613167.319 8     -2944.637 8        51.363 8
G24  24379048.561 9 128112716.252 9      3066.212 9        54.464 9                                                                  24379048.561 8 128112716.252 8      3066.212 8        51.464 8
G30  22611067.642 9 118821930.142 9      2354.299 9        55.118 9                                                                  22611067.642 8 118821930.142 8      2354.299 8        52.118 8
G05  21267658.126 9 111762273.112 9       708.754 9        55.650 9                                                                  21267658.126 8 111762273.112 8       708.754 8        52.650 8
G04  21925378.034 9 115218609.000 9     -2466.141 9        55.385 9                                                                  21925378.034 8 115218609.000 8     -2466.141 8        52.385 8
E04                                                                  23382308.672 9 122874828.296 9      -138.015 9        57.939 9  23382308.672 9 122874828.296 9      -138.015 9        57.939 9
E05                                                                  26114566.595 9 137232910.512 9     -2048.641 9        56.979 9  26114566.595 9 137232910.512 9     -2048.641 9        56.979 9
E11                                                                  26639313.732 9 139990475.086 9     -2395.153 9        56.806 9  26639313.732 9 139990475.086 9     -2395.153 9        56.806 9
E20                                                                  27849641.391 9 146350775.316 9     -1660.016 9        56.420 9  27849641.391 9 146350775.316 9     -1660.016 9        56.420 9
E09                                                                  25028378.512 9 131524966.989 9      2586.716 9        57.348 9  25028378.512 9 131524966.989 9      2586.716 9        57.348 9
E10                                                                  23770192.747 9 124913169.938 9        27.841 9        57.796 9  23770192.747 9 124913169.938 9        27.841 9        57.796 9
E03                                                                  25064649.110 9 131715577.863 9      1952.377 9        57.335 9  25064649.110 9 131715577.863 9      1952.377 9        57.335 9
> 2026 02 03 10 00 14.0000000  0 18       0.000000000000
G02  20300027.894 9 106677345.619 9      -363.435 9        56.054 9                                                                  20300027.894 8 106677345.619 8      -363.435 8        53.054 8
G09  25242622.000 9 132650814.778 9     -2817.418 9        54.161 9                                                                  25242622.000 8 132650814.778 8     -2817.418 8        51.161 8
G13  25242110.369 9 132648115.520 9      1250.368 9        54.162 9                                                                  25242110.369 8 132648115.520 8      1250.368 8        51.162 8
G29  24916490.876 9 130936995.650 9      3069.206 9        54.274 9                                                                  24916490.876 8 130936995.650 8      3069.206 8        51.274 8
G10  22401760.309 9 117722009.753 9      3263.085 9        55.198 9                                                                  22401760.309 8 117722009.753 8      3263.085 8        52.198 8
G12  20804671.647 9 109329264.759 9       209.603 9        55.841 9                                                                  20804671.647 8 109329264.759 8       209.603 8        52.841 8
G17  24665138.591 9 129616112.003 9     -2944.763 9        54.362 9                                                                  24665138.591 8 129616112.003 8     -2944.763 8        51.362 8
G24  24378465.095 9 128109650.122 9      3066.050 9        54.464 9                                                                  24378465.095 8 128109650.122 8      3066.050 8        51.464 8
G30  22610619.679 9 118819576.084 9      2353.819 9        55.118 9                                                                  22610619.679 8 118819576.084 8      2353.819 8        52.118 8
G05  21267523.316 9 111761564.685 9       708.100 9        55.650 9                                                                  21267523.316 8 111761564.685 8       708.100 8        52.650 8
G04  21925847.343 9 115221075.230 9     -2466.332 9        55.385 9                                                                  21925847.343 8 115221075.230 8     -2466.332 8        52.385 8
E04                                                                  23382334.959 9 122874966.434 9      -138.261 9        57.939 9  23382334.959 9 122874966.434 9      -138.261 9        57.939 9
E05                                                                  26114956.455 9 137234959.229 9     -2048.811 9        56.979 9  26114956.455 9 137234959.229 9     -2048.811 9        56.979 9
E11                                                                  26639769.538 9 139992870.355 9     -2395.403 9        56.806 9  26639769.538 9 139992870.355 9     -2395.403 9        56.806 9
E20                                                                  27849957.312 9 146352435.481 9     -1660.328 9        56.420 9  27849957.312 9 146352435.481 9     -1660.328 9        56.420 9
E09                                                                  25027886.302 9 131522380.414 9      2586.443 9        57.348 9  25027886.302 9 131522380.414 9      2586.443 9        57.348 9
E10                                                                  23770187.494 9 124913142.333 9        27.370 9        57.796 9  23770187.494 9 124913142.333 9        27.370 9        57.796 9
E03                                                                  25064277.593 9 131713625.530 9      1952.290 9        57.335 9  25064277.593 9 131713625.530 9      1952.290 9        57.335 9
> 2026 02 03 10 00 15.0000000  0 18       0.000000000000
G02  20300097.091 9 106677709.251 9      -363.832 9        56.054 9                                                                  20300097.091 8 106677709.251 8      -363.832 8        53.054 8
G09  25243158.133 9 132653632.166 9     -2817.372 9        54.161 9                                                                  25243158.133 8 132653632.166 8     -2817.372 8        51.161 8
G13  25241872.475 9 132646865.381 9      1249.921 9        54.162 9                                                                  25241872.475 8 132646865.381 8      1249.921 8        51.162 8
G29  24915906.822 9 130933926.429 9      3069.234 9        54.275 9                                                                  24915906.822 8 130933926.429 8      3069.234 8        51.275 8
G10  22401139.394 9 117718746.827 9      3262.776 9        55.199 9                                                                  22401139.394 8 117718746.827 8      3262.776 8        52.199 8
G12  20804631.824 9 109329055.487 9       208.940 9        55.841 9                                                                  20804631.824 8 109329055.487 8       208.940 8        52.841 8
G17  24665698.972 9 129619056.813 9     -2944.889 9        54.362 9                                                                  24665698.972 8 129619056.813 8     -2944.889 8        51.362 8
G24  24377881.660 9 128106584.153 9      3065.888 9        54.464 9                                                                  24377881.660 8 128106584.153 8      3065.888 8        51.464 8
G30  22610171.807 9 118817222.505 9      2353.339 9        55.118 9                                                                  22610171.807 8 118817222.505 8      2353.339 8        52.118 8
G05  21267388.631 9 111760856.911 9       707.446 9        55.650 9                                                                  21267388.631 8 111760856.911 8       707.446 8        52.650 8
G04  21926316.688 9 115223541.651 9     -2466.523 9        55.385 9                                                                  21926316.688 8 115223541.651 8     -2466.523 8        52.385 8
E04                                                                  23382361.292 9 122875104.817 9      -138.508 9        57.939 9  23382361.292 9 122875104.817 9      -138.508 9        57.939 9
E05                                                                  26115346.346 9 137237008.116 9     -2048.981 9        56.979 9  26115346.346 9 137237008.116 9     -2048.981 9        56.979 9
E11                                                                  26640225.392 9 139995265.874 9     -2395.653 9        56.806 9  26640225.392 9 139995265.874 9     -2395.653 9        56.806 9
E20                                                                  27850273.292 9 146354095.959 9     -1660.640 9        56.420 9  27850273.292 9 146354095.959 9     -1660.640 9        56.420 9
E09                                                                  25027394.144 9 131519794.113 9      2586.170 9        57.348 9  25027394.144 9 131519794.113 9      2586.170 9        57.348 9
E10                                                                  23770182.330 9 124913115.199 9        26.898 9        57.796 9  23770182.330 9 124913115.199 9        26.898 9        57.796 9
E03                                                                  25063906.092 9 131711673.284 9      1952.203 9        57.335 9  25063906.092 9 131711673.284 9      1952.203 9        57.335 9
> 2026 02 03 10 00 16.0000000  0 18       0.000000000000
G02  20300166.364 9 106678073.280 9      -364.228 9        56.054 9                                                                  20300166.364 8 106678073.280 8      -364.228 8        53.054 8
G09  25243694.257 9 132656449.509 9     -2817.327 9        54.161 9                                                                  25243694.257 8 132656449.509 8     -2817.327 8        51.161 8
G13  25241634.665 9 132645615.689 9      1249.474 9        54.162 9                                                                  25241634.665 8 132645615.689 8      1249.474 8        51.162 8
G29  24915322.763 9 130930857.180 9      3069.262 9        54.275 9                                                                  24915322.763 8 130930857.180 8      3069.262 8        51.275 8
G10  22400518.538 9 117715484.210 9      3262.467 9        55.199 9                                                                  22400518.538 8 117715484.210 8      3262.467 8        52.199 8
G12  20804592.127 9 109328846.877 9       208.278 9        55.841 9                                                                  20804592.127 8 109328846.877 8       208.278 8        52.841 8
G17  24666259.377 9 129622001.749 9     -2945.015 9        54.362 9                                                                  24666259.377 8 129622001.749 8     -2945.015 8        51.362 8
G24  24377298.256 9 128103518.347 9      3065.726 9        54.464 9                                                                  24377298.256 8 128103518.347 8      3065.726 8        51.464 8
G30  22609724.027 9 118814869.406 9      2352.858 9        55.118 9                                                                  22609724.027 8 118814869.406 8      2352.858 8        52.118 8
G05  21267254.071 9 111760149.791 9       706.792 9        55.650 9                                                                  21267254.071 8 111760149.791 8       706.792 8        52.650 8
G04  21926786.069 9 115226008.263 9     -2466.713 9        55.385 9                                                                  21926786.069 8 115226008.263 8     -2466.713 8        52.385 8
E04                                                                  23382387.673 9 122875243.447 9      -138.754 9        57.939 9  23382387.673 9 122875243.447 9      -138.754 9        57.939 9
E05                                                                  26115736.270 9 137239057.173 9     -2049.152 9        56.978 9  26115736.270 9 137239057.173 9     -2049.152 9        56.978 9
E11                                                                  26640681.293 9 139997661.642 9     -2395.902 9        56.806 9  26640681.293 9 139997661.642 9     -2395.902 9        56.806 9
E20                                                                  27850589.331 9 146355756.749 9     -1660.952 9        56.420 9  27850589.331 9 146355756.749 9     -1660.952 9        56.420 9
E09                                                                  25026902.039 9 131517208.085 9      2585.897 9        57.348 9  25026902.039 9 131517208.085 9      2585.897 9        57.348 9
E10                                                                  23770177.257 9 124913088.537 9        26.427 9        57.796 9  23770177.257 9 124913088.537 9        26.427 9        57.796 9
E03                                                                  25063534.609 9 131709721.125 9      1952.117 9        57.336 9  25063534.609 9 131709721.125 9      1952.117 9        57.336 9
> 2026 02 03 10 00 17.0000000  0 18       0.000000000000
G02  20300235.712 9 106678437.706 9      -364.625 9        56.054 9                                                                  20300235.712 8 106678437.706 8      -364.625 8        53.054 8
G09  25244230.373 9 132659266.806 9     -2817.281 9        54.161 9                                                                  25244230.373 8 132659266.806 8     -2817.281 8        51.161 8
G13  25241396.941 9 132644366.444 9      1249.028 9        54.162 9                                                                  25241396.941 8 132644366.444 8      1249.028 8        51.162 8
G29  24914738.699 9 130927787.903 9      3069.289 9        54.275 9                                                                  24914738.699 8 130927787.903 8      3069.289 8        51.275 8
G10  22399897.741 9 117712221.903 9      3262.157 9        55.199 9                                                                  22399897.741 8 117712221.903 8      3262.157 8        52.199 8
G12  20804552.556 9 109328638.930 9       207.615 9        55.841 9                                                                  20804552.556 8 109328638.930 8       207.615 8        52.841 8
G17  24666819.807 9 129624946.812 9     -2945.141 9        54.362 9                                                                  24666819.807 8 129624946.812 8     -2945.141 8        51.362 8
G24  24376714.882 9 128100452.702 9      3065.564 9        54.465 9                                                                  24376714.882 8 128100452.702 8      3065.564 8        51.465 8
G30  22609276.338 9 118812516.788 9      2352.378 9        55.118 9                                                                  22609276.338 8 118812516.788 8      2352.378 8        52.118 8
G05  21267119.635 9 111759443.325 9       706.138 9        55.650 9                                                                  21267119.635 8 111759443.325 8       706.138 8        52.650 8
G04  21927255.487 9 115228475.065 9     -2466.904 9        55.384 9                                                                  21927255.487 8 115228475.065 8     -2466.904 8        52.384 8
E04                                                                  23382414.100 9 122875382.324 9      -139.000 9        57.939 9  23382414.100 9 122875382.324 9      -139.000 9        57.939 9
E05                                                                  26116126.227 9 137241106.400 9     -2049.322 9        56.978 9  26116126.227 9 137241106.400 9     -2049.322 9        56.978 9
E11                                                                  26641137.241 9 140000057.660 9     -2396.152 9        56.805 9  26641137.241 9 140000057.660 9     -2396.152 9        56.805 9
E20                                                                  27850905.430 9 146357417.851 9     -1661.264 9        56.420 9  27850905.430 9 146357417.851 9     -1661.264 9        56.420 9
E09                                                                  25026409.985 9 131514622.330 9      2585.624 9        57.349 9  25026409.985 9 131514622.330 9      2585.624 9        57.349 9
E10                                                                  23770172.273 9 124913062.347 9        25.955 9        57.796 9  23770172.273 9 124913062.347 9        25.955 9        57.796 9
E03                                                                  25063163.141 9 131707769.053 9      1952.030 9        57.336 9  25063163.141 9 131707769.053 9      1952.030 9        57.336 9
> 2026 02 03 10 00 18.0000000  0 18       0.000000000000
G02  20300305.135 9 106678802.528 9      -365.021 9        56.054 9                                                                  20300305.135 8 106678802.528 8      -365.021 8        53.054 8
G09  25244766.480 9 132662084.058 9     -2817.235 9        54.161 9                                                                  25244766.480 8 132662084.058 8     -2817.235 8        51.161 8
G13  25241159.302 9 132643117.646 9      1248.581 9        54.162 9                                                                  25241159.302 8 132643117.646 8      1248.581 8        51.162 8
G29  24914154.629 9 130924718.599 9      3069.317 9        54.275 9                                                                  24914154.629 8 130924718.599 8      3069.317 8        51.275 8
G10  22399277.003 9 117708959.904 9      3261.848 9        55.199 9                                                                  22399277.003 8 117708959.904 8      3261.848 8        52.199 8
G12  20804513.111 9 109328431.646 9       206.952 9        55.841 9                                                                  20804513.111 8 109328431.646 8       206.952 8        52.841 8
G17  24667380.260 9 129627892.000 9     -2945.267 9        54.362 9                                                                  24667380.260 8 129627892.000 8     -2945.267 8        51.362 8
G24  24376131.540 9 128097387.220 9      3065.401 9        54.465 9                                                                  24376131.540 8 128097387.220 8      3065.401 8        51.465 8
G30  22608828.741 9 118810164.650 9      2351.898 9        55.118 9                                                                  22608828.741 8 118810164.650 8      2351.898 8        52.118 8
G05  21266985.324 9 111758737.513 9       705.484 9        55.650 9                                                                  21266985.324 8 111758737.513 8       705.484 8        52.650 8
G04  21927724.941 9 115230942.058 9     -2467.095 9        55.384 9                                                                  21927724.941 8 115230942.058 8     -2467.095 8        52.384 8
E04                                                                  23382440.575 9 122875521.446 9      -139.247 9        57.939 9  23382440.575 9 122875521.446 9      -139.247 9        57.939 9
E05                                                                  26116516.216 9 137243155.798 9     -2049.493 9        56.978 9  26116516.216 9 137243155.798 9     -2049.493 9        56.978 9
E11                                                                  26641593.237 9 140002453.928 9     -2396.402 9        56.805 9  26641593.237 9 140002453.928 9     -2396.402 9        56.805 9
E20                                                                  27851221.588 9 146359079.265 9     -1661.576 9        56.420 9  27851221.588 9 146359079.265 9     -1661.576 9        56.420 9
E09                                                                  25025917.983 9 131512036.847 9      2585.351 9        57.349 9  25025917.983 9 131512036.847 9      2585.351 9        57.349 9
E10                                                                  23770167.379 9 124913036.628 9        25.483 9        57.796 9  23770167.379 9 124913036.628 9        25.483 9        57.796 9
E03                                                                  25062791.690 9 131705817.067 9      1951.943 9        57.336 9  25062791.690 9 131705817.067 9      1951.943 9        57.336 9
> 2026 02 03 10 00 19.0000000  0 18       0.000000000000
G02  20300374.634 9 106679167.747 9      -365.418 9        56.054 9                                                                  20300374.634 8 106679167.747 8      -365.418 8        53.054 8
G09  25245302.578 9 132664901.264 9     -2817.189 9        54.160 9                                                                  25245302.578 8 132664901.264 8     -2817.189 8        51.160 8
G13  25240921.748 9 132641869.294 9      1248.134 9        54.162 9                                                                  25240921.748 8 132641869.294 8      1248.134 8        51.162 8
G29  24913570.554 9 130921649.267 9      3069.345 9        54.275 9                                                                  24913570.554 8 130921649.267 8      3069.345 8        51.275 8
G10  22398656.323 9 117705698.215 9      3261.539 9        55.200 9                                                                  22398656.323 8 117705698.215 8      3261.539 8        52.200 8
G12  20804473.792 9 109328225.024 9       206.289 9        55.841 9                                                                  20804473.792 8 109328225.024 8       206.289 8        52.841 8
G17  24667940.737 9 129630837.315 9     -2945.393 9        54.361 9                                                                  24667940.737 8 129630837.315 8     -2945.393 8        51.361 8
G24  24375548.228 9 128094321.900 9      3065.239 9        54.465 9                                                                  24375548.228 8 128094321.900 8      3065.239 8        51.465 8
G30  22608381.235 9 118807812.992 9      2351.417 9        55.119 9                                                                  22608381.235 8 118807812.992 8      2351.417 8        52.119 8
G05  21266851.137 9 111758032.355 9       704.830 9        55.650 9                                                                  21266851.137 8 111758032.355 8       704.830 8        52.650 8
G04  21928194.431 9 115233409.242 9     -2467.285 9        55.384 9                                                                  21928194.431 8 115233409.242 8     -2467.285 8        52.384 8
E04                                                                  23382467.096 9 122875660.815 9      -139.493 9        57.939 9  23382467.096 9 122875660.815 9      -139.493 9        57.939 9
E05                                                                  26116906.237 9 137245205.366 9     -2049.663 9        56.978 9  26116906.237 9 137245205.366 9     -2049.663 9        56.978 9
E11                                                                  26642049.281 9 140004850.445 9     -2396.652 9        56.805 9  26642049.281 9 140004850.445 9     -2396.652 9        56.805 9
E20                                                                  27851537.805 9 146360740.991 9     -1661.888 9        56.419 9  27851537.805 9 146360740.991 9     -1661.888 9        56.419 9
E09                                                                  25025426.033 9 131509451.638 9      2585.078 9        57.349 9  25025426.033 9 131509451.638 9      2585.078 9        57.349 9
E10                                                                  23770162.574 9 124913011.380 9        25.012 9        57.796 9  23770162.574 9 124913011.380 9        25.012 9        57.796 9
E03                                                                  25062420.256 9 131703865.168 9      1951.856 9        57.336 9  25062420.256 9 131703865.168 9      1951.856 9        57.336 9
> 2026 02 03 10 00 20.0000000  0 18       0.000000000000
G02  20300444.209 9 106679533.362 9      -365.814 9        56.054 9                                                                  20300444.209 8 106679533.362 8      -365.814 8        53.054 8
G09  25245838.667 9 132667718.423 9     -2817.143 9        54.160 9                                                                  25245838.667 8 132667718.423 8     -2817.143 8        51.160 8
G13  25240684.278 9 132640621.390 9      1247.687 9        54.162 9                                                                  25240684.278 8 132640621.390 8      1247.687 8        51.162 8
G29  24912986.474 9 130918579.907 9      3069.373 9        54.276 9                                                                  24912986.474 8 130918579.907 8      3069.373 8        51.276 8
G10  22398035.702 9 117702436.835 9      3261.229 9        55.200 9                                                                  22398035.702 8 117702436.835 8      3261.229 8        52.200 8
G12  20804434.600 9 109328019.065 9       205.627 9        55.841 9                                                                  20804434.600 8 109328019.065 8       205.627 8        52.841 8
G17  24668501.238 9 129633782.755 9     -2945.519 9        54.361 9                                                                  24668501.238 8 129633782.755 8     -2945.519 8        51.361 8
G24  24374964.947 9 128091256.743 9      3065.077 9        54.465 9                                                                  24374964.947 8 128091256.743 8      3065.077 8        51.465 8
G30  22607933.821 9 118805461.815 9      2350.937 9        55.119 9                                                                  22607933.821 8 118805461.815 8      2350.937 8        52.119 8
G05  21266717.074 9 111757327.851 9       704.176 9        55.650 9                                                                  21266717.074 8 111757327.851 8       704.176 8        52.650 8
G04  21928663.958 9 115235876.616 9     -2467.476 9        55.384 9                                                                  21928663.958 8 115235876.616 8     -2467.476 8        52.384 8
E04                                                                  23382493.664 9 122875800.431 9      -139.739 9        57.939 9  23382493.664 9 122875800.431 9      -139.739 9        57.939 9
E05                                                                  26117296.291 9 137247255.105 9     -2049.833 9        56.978 9  26117296.291 9 137247255.105 9     -2049.833 9        56.978 9
E11                                                                  26642505.372 9 140007247.213 9     -2396.901 9        56.805 9  26642505.372 9 140007247.213 9     -2396.901 9        56.805 9
E20                                                                  27851854.082 9 146362403.029 9     -1662.200 9        56.419 9  27851854.082 9 146362403.029 9     -1662.200 9        56.419 9
E09                                                                  25024934.135 9 131506866.702 9      2584.804 9        57.349 9  25024934.135 9 131506866.702 9      2584.804 9        57.349 9
E10                                                                  23770157.859 9 124912986.604 9        24.540 9        57.796 9  23770157.859 9 124912986.604 9        24.540 9        57.796 9
E03                                                                  25062048.838 9 131701913.356 9      1951.769 9        57.336 9  25062048.838 9 131701913.356 9      1951.769 9        57.336 9
> 2026 02 03 10 00 21.0000000  0 18       0.000000000000
G02  20300513.859 9 106679899.374 9      -366.211 9        56.054 9                                                                  20300513.859 8 106679899.374 8      -366.211 8        53.054 8
G09  25246374.748 9 132670535.537 9     -2817.097 9        54.160 9                                                                  25246374.748 8 132670535.537 8     -2817.097 8        51.160 8
G13  25240446.894 9 132639373.933 9      1247.240 9        54.162 9                                                                  25240446.894 8 132639373.933 8      1247.240 8        51.162 8
G29  24912402.389 9 130915510.520 9      3069.400 9        54.276 9                                                                  24912402.389 8 130915510.520 8      3069.400 8        51.276 8
G10  22397415.140 9 117699175.765 9      3260.920 9        55.200 9                                                                  22397415.140 8 117699175.765 8      3260.920 8        52.200 8
G12  20804395.533 9 109327813.769 9       204.964 9        55.841 9                                                                  20804395.533 8 109327813.769 8       204.964 8        52.841 8
G17  24669061.763 9 129636728.322 9     -2945.646 9        54.361 9                                                                  24669061.763 8 129636728.322 8     -2945.646 8        51.361 8
G24  24374381.697 9 128088191.747 9      3064.915 9        54.465 9                                                                  24374381.697 8 128088191.747 8      3064.915 8        51.465 8
G30  22607486.498 9 118803111.118 9      2350.456 9        55.119 9                                                                  22607486.498 8 118803111.118 8      2350.456 8        52.119 8
G05  21266583.136 9 111756624.001 9       703.522 9        55.650 9                                                                  21266583.136 8 111756624.001 8       703.522 8        52.650 8
G04  21929133.521 9 115238344.180 9     -2467.666 9        55.384 9                                                                  21929133.521 8 115238344.180 8     -2467.666 8        52.384 8
E04                                                                  23382520.279 9 122875940.292 9      -139.986 9        57.939 9  23382520.279 9 122875940.292 9      -139.986 9        57.939 9
E05                                                                  26117686.377 9 137249305.014 9     -2050.004 9        56.978 9  26117686.377 9 137249305.014 9     -2050.004 9        56.978 9
E11                                                                  26642961.511 9 140009644.230 9     -2397.151 9        56.805 9  26642961.511 9 140009644.230 9     -2397.151 9        56.805 9
E20                                                                  27852170.419 9 146364065.379 9     -1662.512 9        56.419 9  27852170.419 9 146364065.379 9     -1662.512 9        56.419 9
E09                                                                  25024442.289 9 131504282.040 9      2584.531 9        57.349 9  25024442.289 9 131504282.040 9      2584.531 9        57.349 9
E10                                                                  23770153.234 9 124912962.300 9        24.069 9        57.796 9  23770153.234 9 124912962.300 9        24.069 9        57.796 9
E03                                                                  25061677.436 9 131699961.631 9      1951.683 9        57.336 9  25061677.436 9 131699961.631 9      1951.683 9        57.336 9
> 2026 02 03 10 00 22.0000000  0 18       0.000000000000
G02  20300583.584 9 106680265.782 9      -366.607 9        56.054 9                                                                  20300583.584 8 106680265.782 8      -366.607 8        53.054 8
G09  25246910.820 9 132673352.605 9     -2817.051 9        54.160 9                                                                  25246910.820 8 132673352.605 8     -2817.051 8        51.160 8
G13  25240209.595 9 132638126.922 9      1246.792 9        54.162 9                                                                  25240209.595 8 132638126.922 8      1246.792 8        51.162 8
G29  24911818.298 9 130912441.104 9      3069.428 9        54.276 9                                                                  24911818.298 8 130912441.104 8      3069.428 8        51.276 8
G10  22396794.637 9 117695915.005 9      3260.610 9        55.200 9                                                                  22396794.637 8 117695915.005 8      3260.610 8        52.200 8
G12  20804356.593 9 109327609.136 9       204.301 9        55.841 9                                                                  20804356.593 8 109327609.136 8       204.301 8        52.841 8
G17  24669622.312 9 129639674.014 9     -2945.772 9        54.361 9                                                                  24669622.312 8 129639674.014 8     -2945.772 8        51.361 8
G24  24373798.478 9 128085126.914 9      3064.752 9        54.466 9                                                                  24373798.478 8 128085126.914 8      3064.752 8        51.466 8
G30  22607039.266 9 118800760.902 9      2349.976 9        55.119 9                                                                  22607039.266 8 118800760.902 8      2349.976 8        52.119 8
G05  21266449.322 9 111755920.805 9       702.868 9        55.650 9                                                                  21266449.322 8 111755920.805 8       702.868 8        52.650 8
G04  21929603.120 9 115240811.935 9     -2467.856 9        55.383 9                                                                  21929603.120 8 115240811.935 8     -2467.856 8        52.383 8
E04                                                                  23382546.941 9 122876080.400 9      -140.232 9        57.939 9  23382546.941 9 122876080.400 9      -140.232 9        57.939 9
E05                                                                  26118076.495 9 137251355.094 9     -2050.174 9        56.978 9  26118076.495 9 137251355.094 9     -2050.174 9        56.978 9
E11                                                                  26643417.697 9 140012041.496 9     -2397.400 9        56.805 9  26643417.697 9 140012041.496 9     -2397.400 9        56.805 9
E20                                                                  27852486.814 9 146365728.041 9     -1662.824 9        56.419 9  27852486.814 9 146365728.041 9     -1662.824 9        56.419 9
E09                                                                  25023950.495 9 131501697.650 9      2584.258 9        57.349 9  25023950.495 9 131501697.650 9      2584.258 9        57.349 9
E10                                                                  23770148.699 9 124912938.467 9        23.597 9        57.796 9  23770148.699 9 124912938.467 9        23.597 9        57.796 9
E03                                                                  25061306.052 9 131698009.993 9      1951.595 9        57.336 9  25061306.052 9 131698009.993 9      1951.595 9        57.336 9
> 2026 02 03 10 00 23.0000000  0 18       0.000000000000
G02  20300653.385 9 106680632.586 9      -367.003 9        56.054 9                                                                  20300653.385 8 106680632.586 8      -367.003 8        53.054 8
G09  25247446.883 9 132676169.626 9     -2817.005 9        54.160 9                                                                  25247446.883 8 132676169.626 8     -2817.005 8        51.160 8
G13  25239972.381 9 132636880.359 9      1246.345 9        54.162 9                                                                  25239972.381 8 132636880.359 8      1246.345 8        51.162 8
G29  24911234.202 9 130909371.661 9      3069.456 9        54.276 9                                                                  24911234.202 8 130909371.661 8      3069.456 8        51.276 8
G10  22396174.193 9 117692654.554 9      3260.300 9        55.201 9                                                                  22396174.193 8 117692654.554 8      3260.300 8        52.201 8
G12  20804317.779 9 109327405.165 9       203.638 9        55.841 9                                                                  20804317.779 8 109327405.165 8       203.638 8        52.841 8
G17  24670182.885 9 129642619.833 9     -2945.898 9        54.361 9                                                                  24670182.885 8 129642619.833 8     -2945.898 8        51.361 8
G24  24373215.290 9 128082062.242 9      3064.590 9        54.466 9                                                                  24373215.290 8 128082062.242 8      3064.590 8        51.466 8
G30  22606592.126 9 118798411.167 9      2349.495 9        55.119 9                                                                  22606592.126 8 118798411.167 8      2349.495 8        52.119 8
G05  21266315.633 9 111755218.264 9       702.213 9        55.650 9                                                                  21266315.633 8 111755218.264 8       702.213 8        52.650 8
G04  21930072.755 9 115243279.881 9     -2468.047 9        55.383 9                                                                  21930072.755 8 115243279.881 8     -2468.047 8        52.383 8
E04                                                                  23382573.649 9 122876220.755 9      -140.478 9        57.939 9  23382573.649 9 122876220.755 9      -140.478 9        57.939 9
E05                                                                  26118466.646 9 137253405.343 9     -2050.344 9        56.978 9  26118466.646 9 137253405.343 9     -2050.344 9        56.978 9
E11                                                                  26643873.930 9 140014439.012 9     -2397.650 9        56.805 9  26643873.930 9 140014439.012 9     -2397.650 9        56.805 9
E20                                                                  27852803.269 9 146367391.014 9     -1663.136 9        56.419 9  27852803.269 9 146367391.014 9     -1663.136 9        56.419 9
E09                                                                  25023458.753 9 131499113.535 9      2583.984 9        57.350 9  25023458.753 9 131499113.535 9      2583.984 9        57.350 9
E10                                                                  23770144.254 9 124912915.106 9        23.126 9        57.796 9  23770144.254 9 124912915.106 9        23.126 9        57.796 9
E03                                                                  25060934.683 9 131696058.442 9      1951.508 9        57.337 9  25060934.683 9 131696058.442 9      1951.508 9        57.337 9
> 2026 02 03 10 00 24.0000000  0 18       0.000000000000
G02  20300723.261 9 106680999.787 9      -367.400 9        56.054 9                                                                  20300723.261 8 106680999.787 8      -367.400 8        53.054 8
G09  25247982.937 9 132678986.602 9     -2816.959 9        54.160 9                                                                  25247982.937 8 132678986.602 8     -2816.959 8        51.160 8
G13  25239735.253 9 132635634.244 9      1245.898 9        54.162 9                                                                  25239735.253 8 132635634.244 8      1245.898 8        51.162 8
G29  24910650.101 9 130906302.191 9      3069.483 9        54.276 9                                                                  24910650.101 8 130906302.191 8      3069.483 8        51.276 8
G10  22395553.808 9 117689394.413 9      3259.991 9        55.201 9                                                                  22395553.808 8 117689394.413 8      3259.991 8        52.201 8
G12  20804279.091 9 109327201.858 9       202.975 9        55.841 9                                                                  20804279.091 8 109327201.858 8       202.975 8        52.841 8
G17  24670743.482 9 129645565.778 9     -2946.024 9        54.360 9                                                                  24670743.482 8 129645565.778 8     -2946.024 8        51.360 8
G24  24372632.133 9 128078997.734 9      3064.428 9        54.466 9                                                                  24372632.133 8 128078997.734 8      3064.428 8        51.466 8
G30  22606145.077 9 118796061.912 9      2349.014 9        55.120 9                                                                  22606145.077 8 118796061.912 8      2349.014 8        52.120 8
G05  21266182.069 9 111754516.377 9       701.559 9        55.650 9                                                                  21266182.069 8 111754516.377 8       701.559 8        52.650 8
G04  21930542.426 9 115245748.016 9     -2468.237 9        55.383 9                                                                  21930542.426 8 115245748.016 8     -2468.237 8        52.383 8
E04                                                                  23382600.405 9 122876361.356 9      -140.725 9        57.939 9  23382600.405 9 122876361.356 9      -140.725 9        57.939 9
E05                                                                  26118856.830 9 137255455.763 9     -2050.515 9        56.977 9  26118856.830 9 137255455.763 9     -2050.515 9        56.977 9
E11                                                                  26644330.211 9 140016836.777 9     -2397.899 9        56.804 9  26644330.211 9 140016836.777 9     -2397.899 9        56.804 9
E20                                                                  27853119.783 9 146369054.300 9     -1663.447 9        56.419 9  27853119.783 9 146369054.300 9     -1663.447 9        56.419 9
E09                                                                  25022967.063 9 131496529.692 9      2583.711 9        57.350 9  25022967.063 9 131496529.692 9      2583.711 9        57.350 9
E10                                                                  23770139.898 9 124912892.217 9        22.654 9        57.796 9  23770139.898 9 124912892.217 9        22.654 9        57.796 9
E03                                                                  25060563.332 9 131694106.978 9      1951.421 9        57.337 9  25060563.332 9 131694106.978 9      1951.421 9        57.337 9
> 2026 02 03 10 00 25.0000000  0 18       0.000000000000
G02  20300793.212 9 106681367.383 9      -367.796 9        56.054 9                                                                  20300793.212 8 106681367.383 8      -367.796 8        53.054 8
G09  25248518.983 9 132681803.530 9     -2816.912 9        54.159 9                                                                  25248518.983 8 132681803.530 8     -2816.912 8        51.159 8
G13  25239498.209 9 132634388.575 9      1245.450 9        54.162 9                                                                  25239498.209 8 132634388.575 8      1245.450 8        51.162 8
G29  24910065.994 9 130903232.693 9      3069.511 9        54.277 9                                                                  24910065.994 8 130903232.693 8      3069.511 8        51.277 8
G10  22394933.482 9 117686134.581 9      3259.681 9        55.201 9                                                                  22394933.482 8 117686134.581 8      3259.681 8        52.201 8
G12  20804240.529 9 109326999.213 9       202.312 9        55.841 9                                                                  20804240.529 8 109326999.213 8       202.312 8        52.841 8
G17  24671304.103 9 129648511.849 9     -2946.150 9        54.360 9                                                                  24671304.103 8 129648511.849 8     -2946.150 8        51.360 8
G24  24372049.006 9 128075933.387 9      3064.266 9        54.466 9                                                                  24372049.006 8 128075933.387 8      3064.266 8        51.466 8
G30  22605698.120 9 118793713.139 9      2348.533 9        55.120 9                                                                  22605698.120 8 118793713.139 8      2348.533 8        52.120 8
G05  21266048.628 9 111753815.144 9       700.905 9        55.650 9                                                                  21266048.628 8 111753815.144 8       700.905 8        52.650 8
G04  21931012.134 9 115248216.342 9     -2468.427 9        55.383 9                                                                  21931012.134 8 115248216.342 8     -2468.427 8        52.383 8
E04                                                                  23382627.207 9 122876502.203 9      -140.971 9        57.939 9  23382627.207 9 122876502.203 9      -140.971 9        57.939 9
E05                                                                  26119247.046 9 137257506.354 9     -2050.685 9        56.977 9  26119247.046 9 137257506.354 9     -2050.685 9        56.977 9
E11                                                                  26644786.539 9 140019234.791 9     -2398.149 9        56.804 9  26644786.539 9 140019234.791 9     -2398.149 9        56.804 9
E20                                                                  27853436.357 9 146370717.896 9     -1663.759 9        56.419 9  27853436.357 9 146370717.896 9     -1663.759 9        56.419 9
E09                                                                  25022475.425 9 131493946.123 9      2583.438 9        57.350 9  25022475.425 9 131493946.123 9      2583.438 9        57.350 9
E10                                                                  23770135.632 9 124912869.798 9        22.183 9        57.796 9  23770135.632 9 124912869.798 9        22.183 9        57.796 9
E03                                                                  25060191.997 9 131692155.600 9      1951.335 9        57.337 9  25060191.997 9 131692155.600 9      1951.335 9        57.337 9
> 2026 02 03 10 00 26.0000000  0 18       0.000000000000
G02  20300863.239 9 106681735.376 9      -368.192 9        56.054 9                                                                  20300863.239 8 106681735.376 8      -368.192 8        53.054 8
G09  25249055.019 9 132684620.412 9     -2816.865 9        54.159 9                                                                  25249055.019 8 132684620.412 8     -2816.865 8        51.159 8
G13  25239261.250 9 132633143.354 9      1245.003 9        54.163 9                                                                  25239261.250 8 132633143.354 8      1245.003 8        51.163 8
G29  24909481.883 9 130900163.167 9      3069.538 9        54.277 9                                                                  24909481.883 8 130900163.167 8      3069.538 8        51.277 8
G10  22394313.215 9 117682875.060 9      3259.371 9        55.201 9                                                                  22394313.215 8 117682875.060 8      3259.371 8        52.201 8
G12  20804202.094 9 109326797.231 9       201.649 9        55.841 9                                                                  20804202.094 8 109326797.231 8       201.649 8        52.841 8
G17  24671864.748 9 129651458.045 9     -2946.275 9        54.360 9                                                                  24671864.748 8 129651458.045 8     -2946.275 8        51.360 8
G24  24371465.911 9 128072869.203 9      3064.103 9        54.466 9                                                                  24371465.911 8 128072869.203 8      3064.103 8        51.466 8
G30  22605251.255 9 118791364.846 9      2348.052 9        55.120 9                                                                  22605251.255 8 118791364.846 8      2348.052 8        52.120 8
G05  21265915.313 9 111753114.565 9       700.251 9        55.650 9                                                                  21265915.313 8 111753114.565 8       700.251 8        52.650 8
G04  21931481.878 9 115250684.858 9     -2468.617 9        55.383 9                                                                  21931481.878 8 115250684.858 8     -2468.617 8        52.383 8
E04                                                                  23382654.057 9 122876643.297 9      -141.218 9        57.939 9  23382654.057 9 122876643.297 9      -141.218 9        57.939 9
E05                                                                  26119637.294 9 137259557.115 9     -2050.856 9        56.977 9  26119637.294 9 137259557.115 9     -2050.856 9        56.977 9
E11                                                                  26645242.915 9 140021633.055 9     -2398.398 9        56.804 9  26645242.915 9 140021633.055 9     -2398.398 9        56.804 9
E20                                                                  27853752.990 9 146372381.805 9     -1664.070 9        56.419 9  27853752.990 9 146372381.805 9     -1664.070 9        56.419 9
E09                                                                  25021983.839 9 131491362.827 9      2583.164 9        57.350 9  25021983.839 9 131491362.827 9      2583.164 9        57.350 9
E10                                                                  23770131.455 9 124912847.852 9        21.711 9        57.796 9  23770131.455 9 124912847.852 9        21.711 9        57.796 9
E03                                                                  25059820.678 9 131690204.310 9      1951.247 9        57.337 9  25059820.678 9 131690204.310 9      1951.247 9        57.337 9
> 2026 02 03 10 00 27.0000000  0 18       0.000000000000
G02  20300933.342 9 106682103.766 9      -368.588 9        56.054 9                                                                  20300933.342 8 106682103.766 8      -368.588 8        53.054 8
G09  25249591.047 9 132687437.248 9     -2816.819 9        54.159 9                                                                  25249591.047 8 132687437.248 8     -2816.819 8        51.159 8
G13  25239024.377 9 132631898.581 9      1244.555 9        54.163 9                                                                  25239024.377 8 132631898.581 8      1244.555 8        51.163 8
G29  24908897.766 9 130897093.614 9      3069.566 9        54.277 9                                                                  24908897.766 8 130897093.614 8      3069.566 8        51.277 8
G10  22393693.007 9 117679615.849 9      3259.060 9        55.202 9                                                                  22393693.007 8 117679615.849 8      3259.060 8        52.202 8
G12  20804163.784 9 109326595.913 9       200.987 9        55.841 9                                                                  20804163.784 8 109326595.913 8       200.987 8        52.841 8
G17  24672425.417 9 129654404.368 9     -2946.402 9        54.360 9                                                                  24672425.417 8 129654404.368 8     -2946.402 8        51.360 8
G24  24370882.846 9 128069805.182 9      3063.941 9        54.467 9                                                                  24370882.846 8 128069805.182 8      3063.941 8        51.467 8
G30  22604804.481 9 118789017.035 9      2347.571 9        55.120 9                                                                  22604804.481 8 118789017.035 8      2347.571 8        52.120 8
G05  21265782.122 9 111752414.641 9       699.596 9        55.650 9                                                                  21265782.122 8 111752414.641 8       699.596 8        52.650 8
G04  21931951.658 9 115253153.564 9     -2468.808 9        55.383 9                                                                  21931951.658 8 115253153.564 8     -2468.808 8        52.383 8
E04                                                                  23382680.953 9 122876784.638 9      -141.464 9        57.939 9  23382680.953 9 122876784.638 9      -141.464 9        57.939 9
E05                                                                  26120027.575 9 137261608.046 9     -2051.026 9        56.977 9  26120027.575 9 137261608.046 9     -2051.026 9        56.977 9
E11                                                                  26645699.339 9 140024031.568 9     -2398.647 9        56.804 9  26645699.339 9 140024031.568 9     -2398.647 9        56.804 9
E20                                                                  27854069.682 9 146374046.024 9     -1664.382 9        56.419 9  27854069.682 9 146374046.024 9     -1664.382 9        56.419 9
E09                                                                  25021492.306 9 131488779.805 9      2582.890 9        57.350 9  25021492.306 9 131488779.805 9      2582.890 9        57.350 9
E10                                                                  23770127.369 9 124912826.376 9        21.240 9        57.796 9  23770127.369 9 124912826.376 9        21.240 9        57.796 9
E03                                                                  25059449.376 9 131688253.107 9      1951.160 9        57.337 9  25059449.376 9 131688253.107 9      1951.160 9        57.337 9
> 2026 02 03 10 00 28.0000000  0 18       0.000000000000
G02  20301003.519 9 106682472.551 9      -368.984 9        56.054 9                                                                  20301003.519 8 106682472.551 8      -368.984 8        53.054 8
G09  25250127.066 9 132690254.037 9     -2816.772 9        54.159 9                                                                  25250127.066 8 132690254.037 8     -2816.772 8        51.159 8
G13  25238787.589 9 132630654.255 9      1244.108 9        54.163 9                                                                  25238787.589 8 132630654.255 8      1244.108 8        51.163 8
G29  24908313.644 9 130894024.033 9      3069.593 9        54.277 9                                                                  24908313.644 8 130894024.033 8      3069.593 8        51.277 8
G10  22393072.858 9 117676356.948 9      3258.750 9        55.202 9                                                                  22393072.858 8 117676356.948 8      3258.750 8        52.202 8
G12  20804125.601 9 109326395.257 9       200.324 9        55.841 9                                                                  20804125.601 8 109326395.257 8       200.324 8        52.841 8
G17  24672986.110 9 129657350.816 9     -2946.527 9        54.360 9                                                                  24672986.110 8 129657350.816 8     -2946.527 8        51.360 8
G24  24370299.813 9 128066741.322 9      3063.778 9        54.467 9                                                                  24370299.813 8 128066741.322 8      3063.778 8        51.467 8
G30  22604357.798 9 118786669.705 9      2347.090 9        55.120 9                                                                  22604357.798 8 118786669.705 8      2347.090 8        52.120 8
G05  21265649.055 9 111751715.371 9       698.942 9        55.650 9                                                                  21265649.055 8 111751715.371 8       698.942 8        52.650 8
G04  21932421.474 9 115255622.460 9     -2468.997 9        55.382 9                                                                  21932421.474 8 115255622.460 8     -2468.997 8        52.382 8
E04                                                                  23382707.896 9 122876926.225 9      -141.711 9        57.939 9  23382707.896 9 122876926.225 9      -141.711 9        57.939 9
E05                                                                  26120417.888 9 137263659.148 9     -2051.197 9        56.977 9  26120417.888 9 137263659.148 9     -2051.197 9        56.977 9
E11                                                                  26646155.809 9 140026430.330 9     -2398.896 9        56.804 9  26646155.809 9 140026430.330 9     -2398.896 9        56.804 9
E20                                                                  27854386.433 9 146375710.556 9     -1664.693 9        56.419 9  27854386.433 9 146375710.556 9     -1664.693 9        56.419 9
E09                                                                  25021000.824 9 131486197.057 9      2582.617 9        57.350 9  25021000.824 9 131486197.057 9      2582.617 9        57.350 9
E10                                                                  23770123.372 9 124912805.373 9        20.768 9        57.796 9  23770123.372 9 124912805.373 9        20.768 9        57.796 9
E03                                                                  25059078.091 9 131686301.991 9      1951.073 9        57.337 9  25059078.091 9 131686301.991 9      1951.073 9        57.337 9
> 2026 02 03 10 00 29.0000000  0 18       0.000000000000
G02  20301073.772 9 106682841.732 9      -369.380 9        56.054 9                                                                  20301073.772 8 106682841.732 8      -369.380 8        53.054 8
G09  25250663.076 9 132693070.779 9     -2816.725 9        54.159 9                                                                  25250663.076 8 132693070.779 8     -2816.725 8        51.159 8
G13  25238550.886 9 132629410.377 9      1243.660 9        54.163 9                                                                  25238550.886 8 132629410.377 8      1243.660 8        51.163 8
G29  24907729.516 9 130890954.425 9      3069.621 9        54.277 9                                                                  24907729.516 8 130890954.425 8      3069.621 8        51.277 8
G10  22392452.768 9 117673098.357 9      3258.440 9        55.202 9                                                                  22392452.768 8 117673098.357 8      3258.440 8        52.202 8
G12  20804087.543 9 109326195.264 9       199.661 9        55.841 9                                                                  20804087.543 8 109326195.264 8       199.661 8        52.841 8
G17  24673546.827 9 129660297.391 9     -2946.653 9        54.359 9                                                                  24673546.827 8 129660297.391 8     -2946.653 8        51.359 8
G24  24369716.810 9 128063677.626 9      3063.616 9        54.467 9                                                                  24369716.810 8 128063677.626 8      3063.616 8        51.467 8
G30  22603911.208 9 118784322.856 9      2346.608 9        55.120 9                                                                  22603911.208 8 118784322.856 8      2346.608 8        52.120 8
G05  21265516.113 9 111751016.755 9       698.288 9        55.651 9                                                                  21265516.113 8 111751016.755 8       698.288 8        52.651 8
G04  21932891.327 9 115258091.546 9     -2469.188 9        55.382 9                                                                  21932891.327 8 115258091.546 8     -2469.188 8        52.382 8
E04                                                                  23382734.886 9 122877068.058 9      -141.958 9        57.939 9  23382734.886 9 122877068.058 9      -141.958 9        57.939 9
E05                                                                  26120808.233 9 137265710.420 9     -2051.367 9        56.977 9  26120808.233 9 137265710.420 9     -2051.367 9        56.977 9
E11                                                                  26646612.327 9 140028829.341 9     -2399.145 9        56.804 9  26646612.327 9 140028829.341 9     -2399.145 9        56.804 9
E20                                                                  27854703.244 9 146377375.398 9     -1665.005 9        56.419 9  27854703.244 9 146377375.398 9     -1665.005 9        56.419 9
E09                                                                  25020509.394 9 131483614.582 9      2582.343 9        57.351 9  25020509.394 9 131483614.582 9      2582.343 9        57.351 9
E10                                                                  23770119.465 9 124912784.840 9        20.297 9        57.796 9  23770119.465 9 124912784.840 9        20.297 9        57.796 9
E03                                                                  25058706.822 9 131684350.963 9      1950.986 9        57.337 9  25058706.822 9 131684350.963 9      1950.986 9        57.337 9
> 2026 02 03 10 00 30.0000000  0 18       0.000000000000
G02  20301144.101 9 106683211.310 9      -369.776 9        56.054 9                                                                  20301144.101 8 106683211.310 8      -369.776 8        53.054 8
G09  25251199.077 9 132695887.474 9     -2816.678 9        54.158 9                                                                  25251199.077 8 132695887.474 8     -2816.678 8        51.158 8
G13  25238314.268 9 132628166.947 9      1243.212 9        54.163 9                                                                  25238314.268 8 132628166.947 8      1243.212 8        51.163 8
G29  24907145.383 9 130887884.790 9      3069.648 9        54.278 9                                                                  24907145.383 8 130887884.790 8      3069.648 8        51.278 8
G10  22391832.737 9 117669840.077 9      3258.129 9        55.202 9                                                                  22391832.737 8 117669840.077 8      3258.129 8        52.202 8
G12  20804049.612 9 109325995.934 9       198.998 9        55.841 9                                                                  20804049.612 8 109325995.934 8       198.998 8        52.841 8
G17  24674107.568 9 129663244.091 9     -2946.779 9        54.359 9                                                                  24674107.568 8 129663244.091 8     -2946.779 8        51.359 8
G24  24369133.838 9 128060614.091 9      3063.453 9        54.467 9                                                                  24369133.838 8 128060614.091 8      3063.453 8        51.467 8
G30  22603464.708 9 118781976.488 9      2346.127 9        55.121 9                                                                  22603464.708 8 118781976.488 8      2346.127 8        52.121 8
G05  21265383.295 9 111750318.794 9       697.633 9        55.651 9                                                                  21265383.295 8 111750318.794 8       697.633 8        52.651 8
G04  21933361.215 9 115260560.823 9     -2469.377 9        55.382 9                                                                  21933361.215 8 115260560.823 8     -2469.377 8        52.382 8
E04                                                                  23382761.924 9 122877210.139 9      -142.204 9        57.939 9  23382761.924 9 122877210.139 9      -142.204 9        57.939 9
E05                                                                  26121198.611 9 137267761.862 9     -2051.537 9        56.977 9  26121198.611 9 137267761.862 9     -2051.537 9        56.977 9
E11                                                                  26647068.893 9 140031228.601 9     -2399.394 9        56.803 9  26647068.893 9 140031228.601 9     -2399.394 9        56.803 9
E20                                                                  27855020.113 9 146379040.552 9     -1665.316 9        56.418 9  27855020.113 9 146379040.552 9     -1665.316 9        56.418 9
E09                                                                  25020018.017 9 131481032.381 9      2582.069 9        57.351 9  25020018.017 9 131481032.381 9      2582.069 9        57.351 9
E10                                                                  23770115.647 9 124912764.779 9        19.825 9        57.796 9  23770115.647 9 124912764.779 9        19.825 9        57.796 9
E03                                                                  25058335.570 9 131682400.021 9      1950.899 9        57.337 9  25058335.570 9 131682400.021 9      1950.899 9        57.337 9
> 2026 02 03 10 00 31.0000000  0 18       0.000000000000
G02  20301214.505 9 106683581.283 9      -370.172 9        56.054 9                                                                  20301214.505 8 106683581.283 8      -370.172 8        53.054 8
G09  25251735.069 9 132698704.122 9     -2816.631 9        54.158 9                                                                  25251735.069 8 132698704.122 8     -2816.631 8        51.158 8
G13  25238077.736 9 132626923.964 9      1242.764 9        54.163 9                                                                  25238077.736 8 132626923.964 8      1242.764 8        51.163 8
G29  24906561.246 9 130884815.126 9      3069.676 9        54.278 9                                                                  24906561.246 8 130884815.126 8      3069.676 8        51.278 8
G10  22391212.766 9 117666582.107 9      3257.819 9        55.203 9                                                                  22391212.766 8 117666582.107 8      3257.819 8        52.203 8
G12  20804011.807 9 109325797.267 9       198.335 9        55.841 9                                                                  20804011.807 8 109325797.267 8       198.335 8        52.841 8
G17  24674668.332 9 129666190.917 9     -2946.905 9        54.359 9                                                                  24674668.332 8 129666190.917 8     -2946.905 8        51.359 8
G24  24368550.897 9 128057550.719 9      3063.291 9        54.467 9                                                                  24368550.897 8 128057550.719 8      3063.291 8        51.467 8
G30  22603018.301 9 118779630.602 9      2345.645 9        55.121 9                                                                  22603018.301 8 118779630.602 8      2345.645 8        52.121 8
G05  21265250.602 9 111749621.487 9       696.979 9        55.651 9                                                                  21265250.602 8 111749621.487 8       696.979 8        52.651 8
G04  21933831.140 9 115263030.289 9     -2469.567 9        55.382 9                                                                  21933831.140 8 115263030.289 8     -2469.567 8        52.382 8
E04                                                                  23382789.008 9 122877352.465 9      -142.451 9        57.939 9  23382789.008 9 122877352.465 9      -142.451 9        57.939 9
E05                                                                  26121589.021 9 137269813.474 9     -2051.707 9        56.976 9  26121589.021 9 137269813.474 9     -2051.707 9        56.976 9
E11                                                                  26647525.506 9 140033628.110 9     -2399.643 9        56.803 9  26647525.506 9 140033628.110 9     -2399.643 9        56.803 9
E20                                                                  27855337.042 9 146380706.017 9     -1665.627 9        56.418 9  27855337.042 9 146380706.017 9     -1665.627 9        56.418 9
E09                                                                  25019526.691 9 131478450.454 9      2581.795 9        57.351 9  25019526.691 9 131478450.454 9      2581.795 9        57.351 9
E10                                                                  23770111.919 9 124912745.190 9        19.354 9        57.796 9  23770111.919 9 124912745.190 9        19.354 9        57.796 9
E03                                                                  25057964.334 9 131680449.167 9      1950.811 9        57.338 9  25057964.334 9 131680449.167 9      1950.811 9        57.338 9
> 2026 02 03 10 00 32.0000000  0 18       0.000000000000
G02  20301284.984 9 106683951.653 9      -370.568 9        56.054 9                                                                  20301284.984 8 106683951.653 8      -370.568 8        53.054 8
G09  25252271.052 9 132701520.722 9     -2816.584 9        54.158 9                                                                  25252271.052 8 132701520.722 8     -2816.584 8        51.158 8
G13  25237841.288 9 132625681.430 9      1242.316 9        54.163 9                                                                  25237841.288 8 132625681.430 8      1242.316 8        51.163 8
G29  24905977.103 9 130881745.436 9      3069.703 9        54.278 9                                                                  24905977.103 8 130881745.436 8      3069.703 8        51.278 8
G10  22390592.853 9 117663324.448 9      3257.508 9        55.203 9                                                                  22390592.853 8 117663324.448 8      3257.508 8        52.203 8
G12  20803974.129 9 109325599.263 9       197.672 9        55.841 9                                                                  20803974.129 8 109325599.263 8       197.672 8        52.841 8
G17  24675229.121 9 129669137.869 9     -2947.031 9        54.359 9                                                                  24675229.121 8 129669137.869 8     -2947.031 8        51.359 8
G24  24367967.987 9 128054487.510 9      3063.128 9        54.468 9                                                                  24367967.987 8 128054487.510 8      3063.128 8        51.468 8
G30  22602571.985 9 118777285.197 9      2345.164 9        55.121 9                                                                  22602571.985 8 118777285.197 8      2345.164 8        52.121 8
G05  21265118.034 9 111748924.835 9       696.324 9        55.651 9                                                                  21265118.034 8 111748924.835 8       696.324 8        52.651 8
G04  21934301.100 9 115265499.944 9     -2469.757 9        55.382 9                                                                  21934301.100 8 115265499.944 8     -2469.757 8        52.382 8
E04                                                                  23382816.139 9 122877495.039 9      -142.698 9        57.939 9  23382816.139 9 122877495.039 9      -142.698 9        57.939 9
E05                                                                  26121979.464 9 137271865.258 9     -2051.878 9        56.976 9  26121979.464 9 137271865.258 9     -2051.878 9        56.976 9
E11                                                                  26647982.166 9 140036027.868 9     -2399.892 9        56.803 9  26647982.166 9 140036027.868 9     -2399.892 9        56.803 9
E20                                                                  27855654.031 9 146382371.794 9     -1665.938 9        56.418 9  27855654.031 9 146382371.794 9     -1665.938 9        56.418 9
E09                                                                  25019035.418 9 131475868.800 9      2581.522 9        57.351 9  25019035.418 9 131475868.800 9      2581.522 9        57.351 9
E10                                                                  23770108.281 9 124912726.072 9        18.883 9        57.796 9  23770108.281 9 124912726.072 9        18.883 9        57.796 9
E03                                                                  25057593.115 9 131678498.400 9      1950.724 9        57.338 9  25057593.115 9 131678498.400 9      1950.724 9        57.338 9
> 2026 02 03 10 00 33.0000000  0 18       0.000000000000
G02  20301355.538 9 106684322.418 9      -370.964 9        56.054 9                                                                  20301355.538 8 106684322.418 8      -370.964 8        53.054 8
G09  25252807.026 9 132704337.276 9     -2816.536 9        54.158 9                                                                  25252807.026 8 132704337.276 8     -2816.536 8        51.158 8
G13  25237604.926 9 132624439.343 9      1241.868 9        54.163 9                                                                  25237604.926 8 132624439.343 8      1241.868 8        51.163 8
G29  24905392.954 9 130878675.718 9      3069.731 9        54.278 9                                                                  24905392.954 8 130878675.718 8      3069.731 8        51.278 8
G10  22389972.999 9 117660067.100 9      3257.197 9        55.203 9                                                                  22389972.999 8 117660067.100 8      3257.197 8        52.203 8
G12  20803936.576 9 109325401.921 9       197.009 9        55.841 9                                                                  20803936.576 8 109325401.921 8       197.009 8        52.841 8
G17  24675789.934 9 129672084.947 9     -2947.157 9        54.359 9                                                                  24675789.934 8 129672084.947 8     -2947.157 8        51.359 8
G24  24367385.108 9 128051424.463 9      3062.966 9        54.468 9                                                                  24367385.108 8 128051424.463 8      3062.966 8        51.468 8
G30  22602125.760 9 118774940.274 9      2344.682 9        55.121 9                                                                  22602125.760 8 118774940.274 8      2344.682 8        52.121 8
G05  21264985.590 9 111748228.837 9       695.670 9        55.651 9                                                                  21264985.590 8 111748228.837 8       695.670 8        52.651 8
G04  21934771.097 9 115267969.790 9     -2469.947 9        55.381 9                                                                  21934771.097 8 115267969.790 8     -2469.947 8        52.381 8
E04                                                                  23382843.316 9 122877637.859 9      -142.944 9        57.939 9  23382843.316 9 122877637.859 9      -142.944 9        57.939 9
E05                                                                  26122369.939 9 137273917.211 9     -2052.048 9        56.976 9  26122369.939 9 137273917.211 9     -2052.048 9        56.976 9
E11                                                                  26648438.873 9 140038427.875 9     -2400.140 9        56.803 9  26648438.873 9 140038427.875 9     -2400.140 9        56.803 9
E20                                                                  27855971.078 9 146384037.881 9     -1666.249 9        56.418 9  27855971.078 9 146384037.881 9     -1666.249 9        56.418 9
E09                                                                  25018544.197 9 131473287.421 9      2581.248 9        57.351 9  25018544.197 9 131473287.421 9      2581.248 9        57.351 9
E10                                                                  23770104.733 9 124912707.425 9        18.411 9        57.796 9  23770104.733 9 124912707.425 9        18.411 9        57.796 9
E03                                                                  25057221.912 9 131676547.721 9      1950.637 9        57.338 9  25057221.912 9 131676547.721 9      1950.637 9        57.338 9
> 2026 02 03 10 00 34.0000000  0 18       0.000000000000
G02  20301426.168 9 106684693.580 9      -371.360 9        56.054 9                                                                  20301426.168 8 106684693.580 8      -371.360 8        53.054 8
G09  25253342.991 9 132707153.782 9     -2816.489 9        54.158 9                                                                  25253342.991 8 132707153.782 8     -2816.489 8        51.158 8
G13  25237368.650 9 132623197.705 9      1241.420 9        54.163 9                                                                  25237368.650 8 132623197.705 8      1241.420 8        51.163 8
G29  24904808.801 9 130875605.973 9      3069.758 9        54.278 9                                                                  24904808.801 8 130875605.973 8      3069.758 8        51.278 8
G10  22389353.205 9 117656810.062 9      3256.887 9        55.203 9                                                                  22389353.205 8 117656810.062 8      3256.887 8        52.203 8
G12  20803899.150 9 109325205.243 9       196.346 9        55.841 9                                                                  20803899.150 8 109325205.243 8       196.346 8        52.841 8
G17  24676350.770 9 129675032.151 9     -2947.283 9        54.358 9                                                                  24676350.770 8 129675032.151 8     -2947.283 8        51.358 8
G24  24366802.260 9 128048361.579 9      3062.803 9        54.468 9                                                                  24366802.260 8 128048361.579 8      3062.803 8        51.468 8
G30  22601679.628 9 118772595.833 9      2344.200 9        55.121 9                                                                  22601679.628 8 118772595.833 8      2344.200 8        52.121 8
G05  21264853.271 9 111747533.494 9       695.015 9        55.651 9                                                                  21264853.271 8 111747533.494 8       695.015 8        52.651 8
G04  21935241.130 9 115270439.825 9     -2470.136 9        55.381 9                                                                  21935241.130 8 115270439.825 8     -2470.136 8        52.381 8
E04                                                                  23382870.541 9 122877780.926 9      -143.191 9        57.939 9  23382870.541 9 122877780.926 9      -143.191 9        57.939 9
E05                                                                  26122760.447 9 137275969.335 9     -2052.218 9        56.976 9  26122760.447 9 137275969.335 9     -2052.218 9        56.976 9
E11                                                                  26648895.628 9 140040828.130 9     -2400.389 9        56.803 9  26648895.628 9 140040828.130 9     -2400.389 9        56.803 9
E20                                                                  27856288.185 9 146385704.279 9     -1666.560 9        56.418 9  27856288.185 9 146385704.279 9     -1666.560 9        56.418 9
E09                                                                  25018053.028 9 131470706.315 9      2580.974 9        57.351 9  25018053.028 9 131470706.315 9      2580.974 9        57.351 9
E10                                                                  23770101.274 9 124912689.250 9        17.940 9        57.796 9  23770101.274 9 124912689.250 9        17.940 9        57.796 9
E03                                                                  25056850.727 9 131674597.128 9      1950.549 9        57.338 9  25056850.727 9 131674597.128 9      1950.549 9        57.338 9
> 2026 02 03 10 00 35.0000000  0 18       0.000000000000
G02  20301496.873 9 106685065.137 9      -371.756 9        56.053 9                                                                  20301496.873 8 106685065.137 8      -371.756 8        53.053 8
G09  25253878.947 9 132709970.240 9     -2816.441 9        54.157 9                                                                  25253878.947 8 132709970.240 8     -2816.441 8        51.157 8
G13  25237132.458 9 132621956.514 9      1240.972 9        54.163 9                                                                  25237132.458 8 132621956.514 8      1240.972 8        51.163 8
G29  24904224.642 9 130872536.200 9      3069.785 9        54.279 9                                                                  24904224.642 8 130872536.200 8      3069.785 8        51.279 8
G10  22388733.469 9 117653553.335 9      3256.576 9        55.203 9                                                                  22388733.469 8 117653553.335 8      3256.576 8        52.203 8
G12  20803861.849 9 109325009.229 9       195.683 9        55.841 9                                                                  20803861.849 8 109325009.229 8       195.683 8        52.841 8
G17  24676911.631 9 129677979.481 9     -2947.408 9        54.358 9                                                                  24676911.631 8 129677979.481 8     -2947.408 8        51.358 8
G24  24366219.443 9 128045298.858 9      3062.641 9        54.468 9                                                                  24366219.443 8 128045298.858 8      3062.641 8        51.468 8
G30  22601233.587 9 118770251.874 9      2343.719 9        55.121 9                                                                  22601233.587 8 118770251.874 8      2343.719 8        52.121 8
G05  21264721.076 9 111746838.806 9       694.360 9        55.651 9                                                                  21264721.076 8 111746838.806 8       694.360 8        52.651 8
G04  21935711.199 9 115272910.050 9     -2470.326 9        55.381 9                                                                  21935711.199 8 115272910.050 8     -2470.326 8        52.381 8
E04                                                                  23382897.813 9 122877924.240 9      -143.438 9        57.939 9  23382897.813 9 122877924.240 9      -143.438 9        57.939 9
E05                                                                  26123150.987 9 137278021.629 9     -2052.389 9        56.976 9  26123150.987 9 137278021.629 9     -2052.389 9        56.976 9
E11                                                                  26649352.430 9 140043228.635 9     -2400.638 9        56.803 9  26649352.430 9 140043228.635 9     -2400.638 9        56.803 9
E20                                                                  27856605.351 9 146387370.989 9     -1666.871 9        56.418 9  27856605.351 9 146387370.989 9     -1666.871 9        56.418 9
E09                                                                  25017561.911 9 131468125.484 9      2580.700 9        57.352 9  25017561.911 9 131468125.484 9      2580.700 9        57.352 9
E10                                                                  23770097.905 9 124912671.546 9        17.468 9        57.796 9  23770097.905 9 124912671.546 9        17.468 9        57.796 9
E03                                                                  25056479.557 9 131672646.623 9      1950.462 9        57.338 9  25056479.557 9 131672646.623 9      1950.462 9        57.338 9
> 2026 02 03 10 00 36.0000000  0 18       0.000000000000
G02  20301567.654 9 106685437.090 9      -372.152 9        56.053 9                                                                  20301567.654 8 106685437.090 8      -372.152 8        53.053 8
G09  25254414.894 9 132712786.651 9     -2816.394 9        54.157 9                                                                  25254414.894 8 132712786.651 8     -2816.394 8        51.157 8
G13  25236896.352 9 132620715.772 9      1240.524 9        54.163 9                                                                  25236896.352 8 132620715.772 8      1240.524 8        51.163 8
G29  24903640.478 9 130869466.400 9      3069.812 9        54.279 9                                                                  24903640.478 8 130869466.400 8      3069.812 8        51.279 8
G10  22388113.793 9 117650296.920 9      3256.265 9        55.204 9                                                                  22388113.793 8 117650296.920 8      3256.265 8        52.204 8
G12  20803824.675 9 109324813.877 9       195.019 9        55.841 9                                                                  20803824.675 8 109324813.877 8       195.019 8        52.841 8
G17  24677472.516 9 129680926.936 9     -2947.534 9        54.358 9                                                                  24677472.516 8 129680926.936 8     -2947.534 8        51.358 8
G24  24365636.656 9 128042236.299 9      3062.478 9        54.469 9                                                                  24365636.656 8 128042236.299 8      3062.478 8        51.469 8
G30  22600787.637 9 118767908.396 9      2343.237 9        55.122 9                                                                  22600787.637 8 118767908.396 8      2343.237 8        52.122 8
G05  21264589.006 9 111746144.772 9       693.706 9        55.651 9                                                                  21264589.006 8 111746144.772 8       693.706 8        52.651 8
G04  21936181.304 9 115275380.465 9     -2470.516 9        55.381 9                                                                  21936181.304 8 115275380.465 8     -2470.516 8        52.381 8
E04                                                                  23382925.132 9 122878067.800 9      -143.684 9        57.938 9  23382925.132 9 122878067.800 9      -143.684 9        57.938 9
E05                                                                  26123541.560 9 137280074.093 9     -2052.559 9        56.976 9  26123541.560 9 137280074.093 9     -2052.559 9        56.976 9
E11                                                                  26649809.280 9 140045629.388 9     -2400.886 9        56.803 9  26649809.280 9 140045629.388 9     -2400.886 9        56.803 9
E20                                                                  27856922.576 9 146389038.009 9     -1667.182 9        56.418 9  27856922.576 9 146389038.009 9     -1667.182 9        56.418 9
E09                                                                  25017070.846 9 131465544.926 9      2580.426 9        57.352 9  25017070.846 9 131465544.926 9      2580.426 9        57.352 9
E10                                                                  23770094.626 9 124912654.313 9        16.997 9        57.796 9  23770094.626 9 124912654.313 9        16.997 9        57.796 9
E03                                                                  25056108.405 9 131670696.206 9      1950.375 9        57.338 9  25056108.405 9 131670696.206 9      1950.375 9        57.338 9
> 2026 02 03 10 00 37.0000000  0 18       0.000000000000
G02  20301638.509 9 106685809.438 9      -372.548 9        56.053 9                                                                  20301638.509 8 106685809.438 8      -372.548 8        53.053 8
G09  25254950.831 9 132715603.015 9     -2816.346 9        54.157 9                                                                  25254950.831 8 132715603.015 8     -2816.346 8        51.157 8
G13  25236660.331 9 132619475.479 9      1240.075 9        54.163 9                                                                  25236660.331 8 132619475.479 8      1240.075 8        51.163 8
G29  24903056.309 9 130866396.573 9      3069.840 9        54.279 9                                                                  24903056.309 8 130866396.573 8      3069.840 8        51.279 8
G10  22387494.176 9 117647040.815 9      3255.953 9        55.204 9                                                                  22387494.176 8 117647040.815 8      3255.953 8        52.204 8
G12  20803787.627 9 109324619.188 9       194.356 9        55.841 9                                                                  20803787.627 8 109324619.188 8       194.356 8        52.841 8
G17  24678033.424 9 129683874.517 9     -2947.660 9        54.358 9                                                                  24678033.424 8 129683874.517 8     -2947.660 8        51.358 8
G24  24365053.901 9 128039173.903 9      3062.315 9        54.469 9                                                                  24365053.901 8 128039173.903 8      3062.315 8        51.469 8
G30  22600341.780 9 118765565.400 9      2342.755 9        55.122 9                                                                  22600341.780 8 118765565.400 8      2342.755 8        52.122 8
G05  21264457.060 9 111745451.393 9       693.051 9        55.651 9                                                                  21264457.060 8 111745451.393 8       693.051 8        52.651 8
G04  21936651.446 9 115277851.069 9     -2470.705 9        55.381 9                                                                  21936651.446 8 115277851.069 8     -2470.705 8        52.381 8
E04                                                                  23382952.498 9 122878211.607 9      -143.931 9        57.938 9  23382952.498 9 122878211.607 9      -143.931 9        57.938 9
E05                                                                  26123932.164 9 137282126.728 9     -2052.730 9        56.976 9  26123932.164 9 137282126.728 9     -2052.730 9        56.976 9
E11                                                                  26650266.177 9 140048030.389 9     -2401.135 9        56.802 9  26650266.177 9 140048030.389 9     -2401.135 9        56.802 9
E20                                                                  27857239.860 9 146390705.340 9     -1667.493 9        56.418 9  27857239.860 9 146390705.340 9     -1667.493 9        56.418 9
E09                                                                  25016579.833 9 131462964.643 9      2580.152 9        57.352 9  25016579.833 9 131462964.643 9      2580.152 9        57.352 9
E10                                                                  23770091.436 9 124912637.552 9        16.526 9        57.796 9  23770091.436 9 124912637.552 9        16.526 9        57.796 9
E03                                                                  25055737.269 9 131668745.876 9      1950.287 9        57.338 9  25055737.269 9 131668745.876 9      1950.287 9        57.338 9
> 2026 02 03 10 00 38.0000000  0 18       0.000000000000
G02  20301709.441 9 106686182.183 9      -372.943 9        56.053 9                                                                  20301709.441 8 106686182.183 8      -372.943 8        53.053 8
G09  25255486.760 9 132718419.330 9     -2816.298 9        54.157 9                                                                  25255486.760 8 132718419.330 8     -2816.298 8        51.157 8
G13  25236424.395 9 132618235.633 9      1239.627 9        54.164 9                                                                  25236424.395 8 132618235.633 8      1239.627 8        51.164 8
G29  24902472.135 9 130863326.719 9      3069.867 9        54.279 9                                                                  24902472.135 8 130863326.719 8      3069.867 8        51.279 8
G10  22386874.619 9 117643785.022 9      3255.642 9        55.204 9                                                                  22386874.619 8 117643785.022 8      3255.642 8        52.204 8
G12  20803750.706 9 109324425.162 9       193.693 9        55.841 9                                                                  20803750.706 8 109324425.162 8       193.693 8        52.841 8
G17  24678594.356 9 129686822.224 9     -2947.786 9        54.358 9                                                                  24678594.356 8 129686822.224 8     -2947.786 8        51.358 8
G24  24364471.177 9 128036111.669 9      3062.152 9        54.469 9                                                                  24364471.177 8 128036111.669 8      3062.152 8        51.469 8
G30  22599896.014 9 118763222.887 9      2342.272 9        55.122 9                                                                  22599896.014 8 118763222.887 8      2342.272 8        52.122 8
G05  21264325.239 9 111744758.668 9       692.396 9        55.651 9                                                                  21264325.239 8 111744758.668 8       692.396 8        52.651 8
G04  21937121.623 9 115280321.862 9     -2470.895 9        55.380 9                                                                  21937121.623 8 115280321.862 8     -2470.895 8        52.380 8
E04                                                                  23382979.910 9 122878355.661 9      -144.178 9        57.938 9  23382979.910 9 122878355.661 9      -144.178 9        57.938 9
E05                                                                  26124322.802 9 137284179.533 9     -2052.900 9        56.976 9  26124322.802 9 137284179.533 9     -2052.900 9        56.976 9
E11                                                                  26650723.121 9 140050431.639 9     -2401.383 9        56.802 9  26650723.121 9 140050431.639 9     -2401.383 9        56.802 9
E20                                                                  27857557.203 9 146392372.982 9     -1667.804 9        56.418 9  27857557.203 9 146392372.982 9     -1667.804 9        56.418 9
E09                                                                  25016088.873 9 131460384.633 9      2579.877 9        57.352 9  25016088.873 9 131460384.633 9      2579.877 9        57.352 9
E10                                                                  23770088.336 9 124912621.262 9        16.054 9        57.796 9  23770088.336 9 124912621.262 9        16.054 9        57.796 9
E03                                                                  25055366.150 9 131666795.633 9      1950.200 9        57.338 9  25055366.150 9 131666795.633 9      1950.200 9        57.338 9
> 2026 02 03 10 00 39.0000000  0 18       0.000000000000
G02  20301780.447 9 106686555.323 9      -373.339 9        56.053 9                                                                  20301780.447 8 106686555.323 8      -373.339 8        53.053 8
G09  25256022.680 9 132721235.598 9     -2816.250 9        54.157 9                                                                  25256022.680 8 132721235.598 8     -2816.250 8        51.157 8
G13  25236188.545 9 132616996.236 9      1239.178 9        54.164 9                                                                  25236188.545 8 132616996.236 8      1239.178 8        51.164 8
G29  24901887.955 9 130860256.837 9      3069.894 9        54.279 9                                                                  24901887.955 8 130860256.837 8      3069.894 8        51.279 8
G10  22386255.120 9 117640529.540 9      3255.331 9        55.204 9                                                                  22386255.120 8 117640529.540 8      3255.331 8        52.204 8
G12  20803713.910 9 109324231.800 9       193.030 9        55.841 9                                                                  20803713.910 8 109324231.800 8       193.030 8        52.841 8
G17  24679155.313 9 129689770.057 9     -2947.911 9        54.357 9                                                                  24679155.313 8 129689770.057 8     -2947.911 8        51.357 8
G24  24363888.484 9 128033049.598 9      3061.990 9        54.469 9                                                                  24363888.484 8 128033049.598 8      3061.990 8        51.469 8
G30  22599450.340 9 118760880.855 9      2341.790 9        55.122 9                                                                  22599450.340 8 118760880.855 8      2341.790 8        52.122 8
G05  21264193.543 9 111744066.598 9       691.742 9        55.651 9                                                                  21264193.543 8 111744066.598 8       691.742 8        52.651 8
G04  21937591.836 9 115282792.846 9     -2471.084 9        55.380 9                                                                  21937591.836 8 115282792.846 8     -2471.084 8        52.380 8
E04                                                                  23383007.370 9 122878499.962 9      -144.425 9        57.938 9  23383007.370 9 122878499.962 9      -144.425 9        57.938 9
E05                                                                  26124713.471 9 137286232.509 9     -2053.070 9        56.975 9  26124713.471 9 137286232.509 9     -2053.070 9        56.975 9
E11                                                                  26651180.112 9 140052833.137 9     -2401.632 9        56.802 9  26651180.112 9 140052833.137 9     -2401.632 9        56.802 9
E20                                                                  27857874.605 9 146394040.935 9     -1668.114 9        56.418 9  27857874.605 9 146394040.935 9     -1668.114 9        56.418 9
E09                                                                  25015597.965 9 131457804.898 9      2579.603 9        57.352 9  25015597.965 9 131457804.898 9      2579.603 9        57.352 9
E10                                                                  23770085.326 9 124912605.444 9        15.583 9        57.796 9  23770085.326 9 124912605.444 9        15.583 9        57.796 9
E03                                                                  25054995.047 9 131664845.478 9      1950.112 9        57.339 9  25054995.047 9 131664845.478 9      1950.112 9        57.339 9
> 2026 02 03 10 00 40.0000000  0 18       0.000000000000
G02  20301851.529 9 106686928.859 9      -373.735 9        56.053 9                                                                  20301851.529 8 106686928.859 8      -373.735 8        53.053 8
G09  25256558.590 9 132724051.817 9     -2816.202 9        54.157 9                                                                  25256558.590 8 132724051.817 8     -2816.202 8        51.157 8
G13  25235952.780 9 132615757.288 9      1238.730 9        54.164 9                                                                  25235952.780 8 132615757.288 8      1238.730 8        51.164 8
G29  24901303.771 9 130857186.928 9      3069.921 9        54.280 9                                                                  24901303.771 8 130857186.928 8      3069.921 8        51.280 8
G10  22385635.681 9 117637274.369 9      3255.019 9        55.205 9                                                                  22385635.681 8 117637274.369 8      3255.019 8        52.205 8
G12  20803677.241 9 109324039.100 9       192.367 9        55.841 9                                                                  20803677.241 8 109324039.100 8       192.367 8        52.841 8
G17  24679716.293 9 129692718.015 9     -2948.037 9        54.357 9                                                                  24679716.293 8 129692718.015 8     -2948.037 8        51.357 8
G24  24363305.821 9 128029987.690 9      3061.827 9        54.469 9                                                                  24363305.821 8 128029987.690 8      3061.827 8        51.469 8
G30  22599004.758 9 118758539.306 9      2341.308 9        55.122 9                                                                  22599004.758 8 118758539.306 8      2341.308 8        52.122 8
G05  21264061.971 9 111743375.183 9       691.087 9        55.651 9                                                                  21264061.971 8 111743375.183 8       691.087 8        52.651 8
G04  21938062.086 9 115285264.018 9     -2471.273 9        55.380 9                                                                  21938062.086 8 115285264.018 8     -2471.273 8        52.380 8
E04                                                                  23383034.877 9 122878644.510 9      -144.672 9        57.938 9  23383034.877 9 122878644.510 9      -144.672 9        57.938 9
E05                                                                  26125104.173 9 137288285.654 9     -2053.241 9        56.975 9  26125104.173 9 137288285.654 9     -2053.241 9        56.975 9
E11                                                                  26651637.151 9 140055234.884 9     -2401.880 9        56.802 9  26651637.151 9 140055234.884 9     -2401.880 9        56.802 9
E20                                                                  27858192.067 9 146395709.198 9     -1668.425 9        56.417 9  27858192.067 9 146395709.198 9     -1668.425 9        56.417 9
E09                                                                  25015107.108 9 131455225.437 9      2579.329 9        57.352 9  25015107.108 9 131455225.437 9      2579.329 9        57.352 9
E10                                                                  23770082.406 9 124912590.097 9        15.112 9        57.796 9  23770082.406 9 124912590.097 9        15.112 9        57.796 9
E03                                                                  25054623.961 9 131662895.411 9      1950.025 9        57.339 9  25054623.961 9 131662895.411 9      1950.025 9        57.339 9
> 2026 02 03 10 00 41.0000000  0 18       0.000000000000
G02  20301922.686 9 106687302.790 9      -374.130 9        56.053 9                                                                  20301922.686 8 106687302.790 8      -374.130 8        53.053 8
G09  25257094.492 9 132726867.989 9     -2816.154 9        54.156 9                                                                  25257094.492 8 132726867.989 8     -2816.154 8        51.156 8
G13  25235717.101 9 132614518.789 9      1238.281 9        54.164 9                                                                  25235717.101 8 132614518.789 8      1238.281 8        51.164 8
G29  24900719.581 9 130854116.992 9      3069.949 9        54.280 9                                                                  24900719.581 8 130854116.992 8      3069.949 8        51.280 8
G10  22385016.301 9 117634019.510 9      3254.708 9        55.205 9                                                                  22385016.301 8 117634019.510 8      3254.708 8        52.205 8
G12  20803640.698 9 109323847.064 9       191.704 9        55.841 9                                                                  20803640.698 8 109323847.064 8       191.704 8        52.841 8
G17  24680277.297 9 129695666.099 9     -2948.163 9        54.357 9                                                                  24680277.297 8 129695666.099 8     -2948.163 8        51.357 8
G24  24362723.190 9 128026925.945 9      3061.664 9        54.470 9                                                                  24362723.190 8 128026925.945 8      3061.664 8        51.470 8
G30  22598559.267 9 118756198.239 9      2340.826 9        55.122 9                                                                  22598559.267 8 118756198.239 8      2340.826 8        52.122 8
G05  21263930.524 9 111742684.423 9       690.432 9        55.651 9                                                                  21263930.524 8 111742684.423 8       690.432 8        52.651 8
G04  21938532.371 9 115287735.380 9     -2471.463 9        55.380 9                                                                  21938532.371 8 115287735.380 8     -2471.463 8        52.380 8
E04                                                                  23383062.430 9 122878789.304 9      -144.919 9        57.938 9  23383062.430 9 122878789.304 9      -144.919 9        57.938 9
E05                                                                  26125494.908 9 137290338.970 9     -2053.411 9        56.975 9  26125494.908 9 137290338.970 9     -2053.411 9        56.975 9
E11                                                                  26652094.237 9 140057636.878 9     -2402.128 9        56.802 9  26652094.237 9 140057636.878 9     -2402.128 9        56.802 9
E20                                                                  27858509.588 9 146397377.772 9     -1668.735 9        56.417 9  27858509.588 9 146397377.772 9     -1668.735 9        56.417 9
E09                                                                  25014616.305 9 131452646.251 9      2579.055 9        57.353 9  25014616.305 9 131452646.251 9      2579.055 9        57.353 9
E10                                                                  23770079.575 9 124912575.221 9        14.641 9        57.796 9  23770079.575 9 124912575.221 9        14.641 9        57.796 9
E03                                                                  25054252.892 9 131660945.431 9      1949.937 9        57.339 9  25054252.892 9 131660945.431 9      1949.937 9        57.339 9
> 2026 02 03 10 00 42.0000000  0 18       0.000000000000
G02  20301993.918 9 106687677.117 9      -374.526 9        56.053 9                                                                  20301993.918 8 106687677.117 8      -374.526 8        53.053 8
G09  25257630.384 9 132729684.112 9     -2816.106 9        54.156 9                                                                  25257630.384 8 132729684.112 8     -2816.106 8        51.156 8
G13  25235481.507 9 132613280.738 9      1237.832 9        54.164 9                                                                  25235481.507 8 132613280.738 8      1237.832 8        51.164 8
G29  24900135.386 9 130851047.029 9      3069.976 9        54.280 9                                                                  24900135.386 8 130851047.029 8      3069.976 8        51.280 8
G10  22384396.981 9 117630764.962 9      3254.396 9        55.205 9                                                                  22384396.981 8 117630764.962 8      3254.396 8        52.205 8
G12  20803604.281 9 109323655.691 9       191.041 9        55.841 9                                                                  20803604.281 8 109323655.691 8       191.041 8        52.841 8
G17  24680838.325 9 129698614.309 9     -2948.288 9        54.357 9                                                                  24680838.325 8 129698614.309 8     -2948.288 8        51.357 8
G24  24362140.589 9 128023864.363 9      3061.501 9        54.470 9                                                                  24362140.589 8 128023864.363 8      3061.501 8        51.470 8
G30  22598113.868 9 118753857.655 9      2340.343 9        55.123 9                                                                  22598113.868 8 118753857.655 8      2340.343 8        52.123 8
G05  21263799.201 9 111741994.317 9       689.777 9        55.651 9                                                                  21263799.201 8 111741994.317 8       689.777 8        52.651 8
G04  21939002.692 9 115290206.930 9     -2471.652 9        55.380 9                                                                  21939002.692 8 115290206.930 8     -2471.652 8        52.380 8
E04                                                                  23383090.031 9 122878934.346 9      -145.166 9        57.938 9  23383090.031 9 122878934.346 9      -145.166 9        57.938 9
E05                                                                  26125885.675 9 137292392.457 9     -2053.581 9        56.975 9  26125885.675 9 137292392.457 9     -2053.581 9        56.975 9
E11                                                                  26652551.370 9 140060039.122 9     -2402.377 9        56.802 9  26652551.370 9 140060039.122 9     -2402.377 9        56.802 9
E20                                                                  27858827.167 9 146399046.656 9     -1669.046 9        56.417 9  27858827.167 9 146399046.656 9     -1669.046 9        56.417 9
E09                                                                  25014125.553 9 131450067.338 9      2578.780 9        57.353 9  25014125.553 9 131450067.338 9      2578.780 9        57.353 9
E10                                                                  23770076.834 9 124912560.816 9        14.169 9        57.796 9  23770076.834 9 124912560.816 9        14.169 9        57.796 9
E03                                                                  25053881.839 9 131658995.538 9      1949.850 9        57.339 9  25053881.839 9 131658995.538 9      1949.850 9        57.339 9
> 2026 02 03 10 00 43.0000000  0 18       0.000000000000
G02  20302065.225 9 106688051.840 9      -374.921 9        56.053 9                                                                  20302065.225 8 106688051.840 8      -374.921 8        53.053 8
G09  25258166.267 9 132732500.187 9     -2816.057 9        54.156 9                                                                  25258166.267 8 132732500.187 8     -2816.057 8        51.156 8
G13  25235245.998 9 132612043.135 9      1237.383 9        54.164 9                                                                  25235245.998 8 132612043.135 8      1237.383 8        51.164 8
G29  24899551.186 9 130847977.039 9      3070.003 9        54.280 9                                                                  24899551.186 8 130847977.039 8      3070.003 8        51.280 8
G10  22383777.719 9 117627510.726 9      3254.084 9        55.205 9                                                                  22383777.719 8 117627510.726 8      3254.084 8        52.205 8
G12  20803567.990 9 109323464.981 9       190.377 9        55.841 9                                                                  20803567.990 8 109323464.981 8       190.377 8        52.841 8
G17  24681399.377 9 129701562.644 9     -2948.414 9        54.357 9                                                                  24681399.377 8 129701562.644 8     -2948.414 8        51.357 8
G24  24361558.020 9 128020802.943 9      3061.338 9        54.470 9                                                                  24361558.020 8 128020802.943 8      3061.338 8        51.470 8
G30  22597668.561 9 118751517.553 9      2339.861 9        55.123 9                                                                  22597668.561 8 118751517.553 8      2339.861 8        52.123 8
G05  21263668.003 9 111741304.866 9       689.122 9        55.651 9                                                                  21263668.003 8 111741304.866 8       689.122 8        52.651 8
G04  21939473.050 9 115292678.670 9     -2471.841 9        55.380 9                                                                  21939473.050 8 115292678.670 8     -2471.841 8        52.380 8
E04                                                                  23383117.678 9 122879079.634 9      -145.413 9        57.938 9  23383117.678 9 122879079.634 9      -145.413 9        57.938 9
E05                                                                  26126276.474 9 137294446.114 9     -2053.752 9        56.975 9  26126276.474 9 137294446.114 9     -2053.752 9        56.975 9
E11                                                                  26653008.550 9 140062441.613 9     -2402.625 9        56.802 9  26653008.550 9 140062441.613 9     -2402.625 9        56.802 9
E20                                                                  27859144.806 9 146400715.851 9     -1669.356 9        56.417 9  27859144.806 9 146400715.851 9     -1669.356 9        56.417 9
E09                                                                  25013634.853 9 131447488.700 9      2578.506 9        57.353 9  25013634.853 9 131447488.700 9      2578.506 9        57.353 9
E10                                                                  23770074.182 9 124912546.882 9        13.698 9        57.796 9  23770074.182 9 124912546.882 9        13.698 9        57.796 9
E03                                                                  25053510.804 9 131657045.733 9      1949.762 9        57.339 9  25053510.804 9 131657045.733 9      1949.762 9        57.339 9
> 2026 02 03 10 00 44.0000000  0 18       0.000000000000
G02  20302136.608 9 106688426.958 9      -375.317 9        56.053 9                                                                  20302136.608 8 106688426.958 8      -375.317 8        53.053 8
G09  25258702.141 9 132735316.213 9     -2816.009 9        54.156 9                                                                  25258702.141 8 132735316.213 8     -2816.009 8        51.156 8
G13  25235010.575 9 132610805.982 9      1236.935 9        54.164 9                                                                  25235010.575 8 132610805.982 8      1236.935 8        51.164 8
G29  24898966.980 9 130844907.021 9      3070.030 9        54.280 9                                                                  24898966.980 8 130844907.021 8      3070.030 8        51.280 8
G10  22383158.517 9 117624256.802 9      3253.772 9        55.206 9                                                                  22383158.517 8 117624256.802 8      3253.772 8        52.206 8
G12  20803531.825 9 109323274.934 9       189.714 9        55.841 9                                                                  20803531.825 8 109323274.934 8       189.714 8        52.841 8
G17  24681960.453 9 129704511.105 9     -2948.540 9        54.356 9                                                                  24681960.453 8 129704511.105 8     -2948.540 8        51.356 8
G24  24360975.481 9 128017741.687 9      3061.176 9        54.470 9                                                                  24360975.481 8 128017741.687 8      3061.176 8        51.470 8
G30  22597223.346 9 118749177.934 9      2339.378 9        55.123 9                                                                  22597223.346 8 118749177.934 8      2339.378 8        52.123 8
G05  21263536.930 9 111740616.071 9       688.467 9        55.651 9                                                                  21263536.930 8 111740616.071 8       688.467 8        52.651 8
G04  21939943.443 9 115295150.600 9     -2472.030 9        55.379 9                                                                  21939943.443 8 115295150.600 8     -2472.030 8        52.379 8
E04                                                                  23383145.373 9 122879225.169 9      -145.660 9        57.938 9  23383145.373 9 122879225.169 9      -145.660 9        57.938 9
E05                                                                  26126667.306 9 137296499.941 9     -2053.922 9        56.975 9  26126667.306 9 137296499.941 9     -2053.922 9        56.975 9
E11                                                                  26653465.778 9 140064844.352 9     -2402.873 9        56.801 9  26653465.778 9 140064844.352 9     -2402.873 9        56.801 9
E20                                                                  27859462.504 9 146402385.356 9     -1669.667 9        56.417 9  27859462.504 9 146402385.356 9     -1669.667 9        56.417 9
E09                                                                  25013144.206 9 131444910.337 9      2578.231 9        57.353 9  25013144.206 9 131444910.337 9      2578.231 9        57.353 9
E10                                                                  23770071.620 9 124912533.420 9        13.227 9        57.796 9  23770071.620 9 124912533.420 9        13.227 9        57.796 9
E03                                                                  25053139.784 9 131655096.016 9      1949.674 9        57.339 9  25053139.784 9 131655096.016 9      1949.674 9        57.339 9
> 2026 02 03 10 00 45.0000000  0 18       0.000000000000
G02  20302208.066 9 106688802.471 9      -375.712 9        56.053 9                                                                  20302208.066 8 106688802.471 8      -375.712 8        53.053 8
G09  25259238.005 9 132738132.191 9     -2815.960 9        54.156 9                                                                  25259238.005 8 132738132.191 8     -2815.960 8        51.156 8
G13  25234775.237 9 132609569.278 9      1236.486 9        54.164 9                                                                  25234775.237 8 132609569.278 8      1236.486 8        51.164 8
G29  24898382.770 9 130841836.977 9      3070.057 9        54.281 9                                                                  24898382.770 8 130841836.977 8      3070.057 8        51.281 8
G10  22382539.375 9 117621003.190 9      3253.461 9        55.206 9                                                                  22382539.375 8 117621003.190 8      3253.461 8        52.206 8
G12  20803495.787 9 109323085.551 9       189.051 9        55.841 9                                                                  20803495.787 8 109323085.551 8       189.051 8        52.841 8
G17  24682521.553 9 129707459.692 9     -2948.665 9        54.356 9                                                                  24682521.553 8 129707459.692 8     -2948.665 8        51.356 8
G24  24360392.974 9 128014680.593 9      3061.013 9        54.470 9                                                                  24360392.974 8 128014680.593 8      3061.013 8        51.470 8
G30  22596778.223 9 118746838.797 9      2338.895 9        55.123 9                                                                  22596778.223 8 118746838.797 8      2338.895 8        52.123 8
G05  21263405.981 9 111739927.930 9       687.813 9        55.651 9                                                                  21263405.981 8 111739927.930 8       687.813 8        52.651 8
G04  21940413.872 9 115297622.718 9     -2472.219 9        55.379 9                                                                  21940413.872 8 115297622.718 8     -2472.219 8        52.379 8
E04                                                                  23383173.115 9 122879370.952 9      -145.907 9        57.938 9  23383173.115 9 122879370.952 9      -145.907 9        57.938 9
E05                                                                  26127058.170 9 137298553.938 9     -2054.092 9        56.975 9  26127058.170 9 137298553.938 9     -2054.092 9        56.975 9
E11                                                                  26653923.052 9 140067247.340 9     -2403.121 9        56.801 9  26653923.052 9 140067247.340 9     -2403.121 9        56.801 9
E20                                                                  27859780.261 9 146404055.171 9     -1669.977 9        56.417 9  27859780.261 9 146404055.171 9     -1669.977 9        56.417 9
E09                                                                  25012653.611 9 131442332.248 9      2577.957 9        57.353 9  25012653.611 9 131442332.248 9      2577.957 9        57.353 9
E10                                                                  23770069.148 9 124912520.429 9        12.756 9        57.796 9  23770069.148 9 124912520.429 9        12.756 9        57.796 9
E03                                                                  25052768.782 9 131653146.387 9      1949.586 9        57.339 9  25052768.782 9 131653146.387 9      1949.586 9        57.339 9
> 2026 02 03 10 00 46.0000000  0 18       0.000000000000
G02  20302279.599 9 106689178.380 9      -376.108 9        56.053 9                                                                  20302279.599 8 106689178.380 8      -376.108 8        53.053 8
G09  25259773.860 9 132740948.120 9     -2815.912 9        54.155 9                                                                  25259773.860 8 132740948.120 8     -2815.912 8        51.155 8
G13  25234539.985 9 132608333.022 9      1236.037 9        54.164 9                                                                  25234539.985 8 132608333.022 8      1236.037 8        51.164 8
G29  24897798.554 9 130838766.905 9      3070.084 9        54.281 9                                                                  24897798.554 8 130838766.905 8      3070.084 8        51.281 8
G10  22381920.291 9 117617749.890 9      3253.148 9        55.206 9                                                                  22381920.291 8 117617749.890 8      3253.148 8        52.206 8
G12  20803459.875 9 109322896.831 9       188.388 9        55.841 9                                                                  20803459.875 8 109322896.831 8       188.388 8        52.841 8
G17  24683082.676 9 129710408.404 9     -2948.791 9        54.356 9                                                                  24683082.676 8 129710408.404 8     -2948.791 8        51.356 8
G24  24359810.498 9 128011619.662 9      3060.850 9        54.471 9                                                                  24359810.498 8 128011619.662 8      3060.850 8        51.471 8
G30  22596333.192 9 118744500.143 9      2338.412 9        55.123 9                                                                  22596333.192 8 118744500.143 8      2338.412 8        52.123 8
G05  21263275.157 9 111739240.444 9       687.158 9        55.651 9                                                                  21263275.157 8 111739240.444 8       687.158 8        52.651 8
G04  21940884.338 9 115300095.025 9     -2472.408 9        55.379 9                                                                  21940884.338 8 115300095.025 8     -2472.408 8        52.379 8
E04                                                                  23383200.903 9 122879516.981 9      -146.154 9        57.938 9  23383200.903 9 122879516.981 9      -146.154 9        57.938 9
E05                                                                  26127449.067 9 137300608.107 9     -2054.263 9        56.975 9  26127449.067 9 137300608.107 9     -2054.263 9        56.975 9
E11                                                                  26654380.374 9 140069650.576 9     -2403.369 9        56.801 9  26654380.374 9 140069650.576 9     -2403.369 9        56.801 9
E20                                                                  27860098.077 9 146405725.297 9     -1670.287 9        56.417 9  27860098.077 9 146405725.297 9     -1670.287 9        56.417 9
E09                                                                  25012163.068 9 131439754.434 9      2577.682 9        57.353 9  25012163.068 9 131439754.434 9      2577.682 9        57.353 9
E10                                                                  23770066.766 9 124912507.910 9        12.284 9        57.796 9  23770066.766 9 124912507.910 9        12.284 9        57.796 9
E03                                                                  25052397.796 9 131651196.845 9      1949.499 9        57.339 9  25052397.796 9 131651196.845 9      1949.499 9        57.339 9
> 2026 02 03 10 00 47.0000000  0 18       0.000000000000
G02  20302351.208 9 106689554.685 9      -376.503 9        56.053 9                                                                  20302351.208 8 106689554.685 8      -376.503 8        53.053 8
G09  25260309.706 9 132743764.001 9     -2815.863 9        54.155 9                                                                  25260309.706 8 132743764.001 8     -2815.863 8        51.155 8
G13  25234304.818 9 132607097.216 9      1235.587 9        54.164 9                                                                  25234304.818 8 132607097.216 8      1235.587 8        51.164 8
G29  24897214.334 9 130835696.807 9      3070.111 9        54.281 9                                                                  24897214.334 8 130835696.807 8      3070.111 8        51.281 8
G10  22381301.268 9 117614496.902 9      3252.836 9        55.206 9                                                                  22381301.268 8 117614496.902 8      3252.836 8        52.206 8
G12  20803424.089 9 109322708.774 9       187.724 9        55.841 9                                                                  20803424.089 8 109322708.774 8       187.724 8        52.841 8
G17  24683643.824 9 129713357.242 9     -2948.917 9        54.356 9                                                                  24683643.824 8 129713357.242 8     -2948.917 8        51.356 8
G24  24359228.052 9 128008558.894 9      3060.687 9        54.471 9                                                                  24359228.052 8 128008558.894 8      3060.687 8        51.471 8
G30  22595888.252 9 118742161.972 9      2337.930 9        55.123 9                                                                  22595888.252 8 118742161.972 8      2337.930 8        52.123 8
G05  21263144.457 9 111738553.613 9       686.503 9        55.652 9                                                                  21263144.457 8 111738553.613 8       686.503 8        52.652 8
G04  21941354.839 9 115302567.522 9     -2472.597 9        55.379 9                                                                  21941354.839 8 115302567.522 8     -2472.597 8        52.379 8
E04                                                                  23383228.739 9 122879663.258 9      -146.401 9        57.938 9  23383228.739 9 122879663.258 9      -146.401 9        57.938 9
E05                                                                  26127839.996 9 137302662.445 9     -2054.433 9        56.974 9  26127839.996 9 137302662.445 9     -2054.433 9        56.974 9
E11                                                                  26654837.743 9 140072054.059 9     -2403.617 9        56.801 9  26654837.743 9 140072054.059 9     -2403.617 9        56.801 9
E20                                                                  27860415.952 9 146407395.732 9     -1670.597 9        56.417 9  27860415.952 9 146407395.732 9     -1670.597 9        56.417 9
E09                                                                  25011672.578 9 131437176.894 9      2577.407 9        57.354 9  25011672.578 9 131437176.894 9      2577.407 9        57.354 9
E10                                                                  23770064.473 9 124912495.861 9        11.813 9        57.796 9  23770064.473 9 124912495.861 9        11.813 9        57.796 9
E03                                                                  25052026.827 9 131649247.391 9      1949.411 9        57.340 9  25052026.827 9 131649247.391 9      1949.411 9        57.340 9
> 2026 02 03 10 00 48.0000000  0 18       0.000000000000
G02  20302422.892 9 106689931.384 9      -376.898 9        56.053 9                                                                  20302422.892 8 106689931.384 8      -376.898 8        53.053 8
G09  25260845.543 9 132746579.833 9     -2815.814 9        54.155 9                                                                  25260845.543 8 132746579.833 8     -2815.814 8        51.155 8
G13  25234069.736 9 132605861.859 9      1235.138 9        54.164 9                                                                  25234069.736 8 132605861.859 8      1235.138 8        51.164 8
G29  24896630.108 9 130832626.681 9      3070.138 9        54.281 9                                                                  24896630.108 8 130832626.681 8      3070.138 8        51.281 8
G10  22380682.303 9 117611244.226 9      3252.524 9        55.207 9                                                                  22380682.303 8 117611244.226 8      3252.524 8        52.207 8
G12  20803388.430 9 109322521.380 9       187.061 9        55.841 9                                                                  20803388.430 8 109322521.380 8       187.061 8        52.841 8
G17  24684204.996 9 129716306.205 9     -2949.042 9        54.356 9                                                                  24684204.996 8 129716306.205 8     -2949.042 8        51.356 8
G24  24358645.638 9 128005498.289 9      3060.524 9        54.471 9                                                                  24358645.638 8 128005498.289 8      3060.524 8        51.471 8
G30  22595443.405 9 118739824.284 9      2337.446 9        55.124 9                                                                  22595443.405 8 118739824.284 8      2337.446 8        52.124 8
G05  21263013.882 9 111737867.437 9       685.847 9        55.652 9                                                                  21263013.882 8 111737867.437 8       685.847 8        52.652 8
G04  21941825.376 9 115305040.207 9     -2472.786 9        55.379 9                                                                  21941825.376 8 115305040.207 8     -2472.786 8        52.379 8
E04                                                                  23383256.621 9 122879809.781 9      -146.648 9        57.938 9  23383256.621 9 122879809.781 9      -146.648 9        57.938 9
E05                                                                  26128230.957 9 137304716.953 9     -2054.603 9        56.974 9  26128230.957 9 137304716.953 9     -2054.603 9        56.974 9
E11                                                                  26655295.160 9 140074457.790 9     -2403.864 9        56.801 9  26655295.160 9 140074457.790 9     -2403.864 9        56.801 9
E20                                                                  27860733.886 9 146409066.478 9     -1670.907 9        56.417 9  27860733.886 9 146409066.478 9     -1670.907 9        56.417 9
E09                                                                  25011182.140 9 131434599.629 9      2577.133 9        57.354 9  25011182.140 9 131434599.629 9      2577.133 9        57.354 9
E10                                                                  23770062.270 9 124912484.284 9        11.342 9        57.796 9  23770062.270 9 124912484.284 9        11.342 9        57.796 9
E03                                                                  25051655.874 9 131647298.025 9      1949.323 9        57.340 9  25051655.874 9 131647298.025 9      1949.323 9        57.340 9
> 2026 02 03 10 00 49.0000000  0 18       0.000000000000
G02  20302494.651 9 106690308.479 9      -377.294 9        56.053 9                                                                  20302494.651 8 106690308.479 8      -377.294 8        53.053 8
G09  25261381.370 9 132749395.615 9     -2815.765 9        54.155 9                                                                  25261381.370 8 132749395.615 8     -2815.765 8        51.155 8
G13  25233834.740 9 132604626.951 9      1234.689 9        54.164 9                                                                  25233834.740 8 132604626.951 8      1234.689 8        51.164 8
G29  24896045.877 9 130829556.529 9      3070.165 9        54.281 9                                                                  24896045.877 8 130829556.529 8      3070.165 8        51.281 8
G10  22380063.398 9 117607991.863 9      3252.212 9        55.207 9                                                                  22380063.398 8 117607991.863 8      3252.212 8        52.207 8
G12  20803352.896 9 109322334.650 9       186.398 9        55.841 9                                                                  20803352.896 8 109322334.650 8       186.398 8        52.841 8
G17  24684766.191 9 129719255.294 9     -2949.168 9        54.355 9                                                                  24684766.191 8 129719255.294 8     -2949.168 8        51.355 8
G24  24358063.254 9 128002437.847 9      3060.361 9        54.471 9                                                                  24358063.254 8 128002437.847 8      3060.361 8        51.471 8
G30  22594998.649 9 118737487.079 9      2336.963 9        55.124 9                                                                  22594998.649 8 118737487.079 8      2336.963 8        52.124 8
G05  21262883.432 9 111737181.917 9       685.192 9        55.652 9                                                                  21262883.432 8 111737181.917 8       685.192 8        52.652 8
G04  21942295.949 9 115307513.081 9     -2472.975 9        55.378 9                                                                  21942295.949 8 115307513.081 8     -2472.975 8        52.378 8
E04                                                                  23383284.551 9 122879956.552 9      -146.895 9        57.938 9  23383284.551 9 122879956.552 9      -146.895 9        57.938 9
E05                                                                  26128621.951 9 137306771.632 9     -2054.774 9        56.974 9  26128621.951 9 137306771.632 9     -2054.774 9        56.974 9
E11                                                                  26655752.623 9 140076861.769 9     -2404.112 9        56.801 9  26655752.623 9 140076861.769 9     -2404.112 9        56.801 9
E20                                                                  27861051.879 9 146410737.534 9     -1671.217 9        56.417 9  27861051.879 9 146410737.534 9     -1671.217 9        56.417 9
E09                                                                  25010691.754 9 131432022.639 9      2576.858 9        57.354 9  25010691.754 9 131432022.639 9      2576.858 9        57.354 9
E10                                                                  23770060.157 9 124912473.178 9        10.871 9        57.796 9  23770060.157 9 124912473.178 9        10.871 9        57.796 9
E03                                                                  25051284.938 9 131645348.747 9      1949.235 9        57.340 9  25051284.938 9 131645348.747 9      1949.235 9        57.340 9
> 2026 02 03 10 00 50.0000000  0 18       0.000000000000
G02  20302566.485 9 106690685.969 9      -377.689 9        56.053 9                                                                  20302566.485 8 106690685.969 8      -377.689 8        53.053 8
G09  25261917.188 9 132752211.349 9     -2815.716 9        54.155 9                                                                  25261917.188 8 132752211.349 8     -2815.716 8        51.155 8
G13  25233599.830 9 132603392.493 9      1234.239 9        54.164 9                                                                  25233599.830 8 132603392.493 8      1234.239 8        51.164 8
G29  24895461.641 9 130826486.349 9      3070.192 9        54.282 9                                                                  24895461.641 8 130826486.349 8      3070.192 8        51.282 8
G10  22379444.553 9 117604739.812 9      3251.899 9        55.207 9                                                                  22379444.553 8 117604739.812 8      3251.899 8        52.207 8
G12  20803317.489 9 109322148.583 9       185.734 9        55.841 9                                                                  20803317.489 8 109322148.583 8       185.734 8        52.841 8
G17  24685327.410 9 129722204.509 9     -2949.293 9        54.355 9                                                                  24685327.410 8 129722204.509 8     -2949.293 8        51.355 8
G24  24357480.902 9 127999377.568 9      3060.198 9        54.471 9                                                                  24357480.902 8 127999377.568 8      3060.198 8        51.471 8
G30  22594553.985 9 118735150.357 9      2336.480 9        55.124 9                                                                  22594553.985 8 118735150.357 8      2336.480 8        52.124 8
G05  21262753.106 9 111736497.051 9       684.537 9        55.652 9                                                                  21262753.106 8 111736497.051 8       684.537 8        52.652 8
G04  21942766.558 9 115309986.143 9     -2473.163 9        55.378 9                                                                  21942766.558 8 115309986.143 8     -2473.163 8        52.378 8
E04                                                                  23383312.528 9 122880103.570 9      -147.142 9        57.938 9  23383312.528 9 122880103.570 9      -147.142 9        57.938 9
E05                                                                  26129012.977 9 137308826.481 9     -2054.944 9        56.974 9  26129012.977 9 137308826.481 9     -2054.944 9        56.974 9
E11                                                                  26656210.134 9 140079265.996 9     -2404.360 9        56.801 9  26656210.134 9 140079265.996 9     -2404.360 9        56.801 9
E20                                                                  27861369.931 9 146412408.900 9     -1671.527 9        56.416 9  27861369.931 9 146412408.900 9     -1671.527 9        56.416 9
E09                                                                  25010201.420 9 131429445.923 9      2576.583 9        57.354 9  25010201.420 9 131429445.923 9      2576.583 9        57.354 9
E10                                                                  23770058.133 9 124912462.543 9        10.400 9        57.796 9  23770058.133 9 124912462.543 9        10.400 9        57.796 9
E03                                                                  25050914.019 9 131643399.556 9      1949.147 9        57.340 9  25050914.019 9 131643399.556 9      1949.147 9        57.340 9
> 2026 02 03 10 00 51.0000000  0 18       0.000000000000
G02  20302638.394 9 106691063.855 9      -378.084 9        56.053 9                                                                  20302638.394 8 106691063.855 8      -378.084 8        53.053 8
G09  25262452.997 9 132755027.034 9     -2815.667 9        54.155 9                                                                  25262452.997 8 132755027.034 8     -2815.667 8        51.155 8
G13  25233365.005 9 132602158.484 9      1233.790 9        54.165 9                                                                  25233365.005 8 132602158.484 8      1233.790 8        51.165 8
G29  24894877.399 9 130823416.143 9      3070.219 9        54.282 9                                                                  24894877.399 8 130823416.143 8      3070.219 8        51.282 8
G10  22378825.767 9 117601488.073 9      3251.587 9        55.207 9                                                                  22378825.767 8 117601488.073 8      3251.587 8        52.207 8
G12  20803282.208 9 109321963.180 9       185.071 9        55.841 9                                                                  20803282.208 8 109321963.180 8       185.071 8        52.841 8
G17  24685888.653 9 129725153.849 9     -2949.419 9        54.355 9                                                                  24685888.653 8 129725153.849 8     -2949.419 8        51.355 8
G24  24356898.581 9 127996317.452 9      3060.035 9        54.472 9                                                                  24356898.581 8 127996317.452 8      3060.035 8        51.472 8
G30  22594109.413 9 118732814.118 9      2335.997 9        55.124 9                                                                  22594109.413 8 118732814.118 8      2335.997 8        52.124 8
G05  21262622.906 9 111735812.840 9       683.882 9        55.652 9                                                                  21262622.906 8 111735812.840 8       683.882 8        52.652 8
G04  21943237.203 9 115312459.395 9     -2473.352 9        55.378 9                                                                  21943237.203 8 115312459.395 8     -2473.352 8        52.378 8
E04                                                                  23383340.551 9 122880250.834 9      -147.389 9        57.938 9  23383340.551 9 122880250.834 9      -147.389 9        57.938 9
E05                                                                  26129404.036 9 137310881.500 9     -2055.114 9        56.974 9  26129404.036 9 137310881.500 9     -2055.114 9        56.974 9
E11                                                                  26656667.691 9 140081670.470 9     -2404.607 9        56.800 9  26656667.691 9 140081670.470 9     -2404.607 9        56.800 9
E20                                                                  27861688.041 9 146414080.576 9     -1671.837 9        56.416 9  27861688.041 9 146414080.576 9     -1671.837 9        56.416 9
E09                                                                  25009711.139 9 131426869.483 9      2576.308 9        57.354 9  25009711.139 9 131426869.483 9      2576.308 9        57.354 9
E10                                                                  23770056.199 9 124912452.379 9         9.928 9        57.796 9  23770056.199 9 124912452.379 9         9.928 9        57.796 9
E03                                                                  25050543.117 9 131641450.454 9      1949.059 9        57.340 9  25050543.117 9 131641450.454 9      1949.059 9        57.340 9
> 2026 02 03 10 00 52.0000000  0 18       0.000000000000
G02  20302710.379 9 106691442.135 9      -378.479 9        56.053 9                                                                  20302710.379 8 106691442.135 8      -378.479 8        53.053 8
G09  25262988.796 9 132757842.669 9     -2815.617 9        54.154 9                                                                  25262988.796 8 132757842.669 8     -2815.617 8        51.154 8
G13  25233130.265 9 132600924.924 9      1233.340 9        54.165 9                                                                  25233130.265 8 132600924.924 8      1233.340 8        51.165 8
G29  24894293.153 9 130820345.910 9      3070.246 9        54.282 9                                                                  24894293.153 8 130820345.910 8      3070.246 8        51.282 8
G10  22378207.040 9 117598236.647 9      3251.274 9        55.208 9                                                                  22378207.040 8 117598236.647 8      3251.274 8        52.208 8
G12  20803247.053 9 109321778.439 9       184.408 9        55.841 9                                                                  20803247.053 8 109321778.439 8       184.408 8        52.841 8
G17  24686449.920 9 129728103.314 9     -2949.544 9        54.355 9                                                                  24686449.920 8 129728103.314 8     -2949.544 8        51.355 8
G24  24356316.290 9 127993257.500 9      3059.871 9        54.472 9                                                                  24356316.290 8 127993257.500 8      3059.871 8        51.472 8
G30  22593664.934 9 118730478.363 9      2335.514 9        55.124 9                                                                  22593664.934 8 118730478.363 8      2335.514 8        52.124 8
G05  21262492.829 9 111735129.285 9       683.227 9        55.652 9                                                                  21262492.829 8 111735129.285 8       683.227 8        52.652 8
G04  21943707.884 9 115314932.835 9     -2473.541 9        55.378 9                                                                  21943707.884 8 115314932.835 8     -2473.541 8        52.378 8
E04                                                                  23383368.622 9 122880398.346 9      -147.636 9        57.938 9  23383368.622 9 122880398.346 9      -147.636 9        57.938 9
E05                                                                  26129795.127 9 137312936.690 9     -2055.285 9        56.974 9  26129795.127 9 137312936.690 9     -2055.285 9        56.974 9
E11                                                                  26657125.296 9 140084075.192 9     -2404.855 9        56.800 9  26657125.296 9 140084075.192 9     -2404.855 9        56.800 9
E20                                                                  27862006.211 9 146415752.562 9     -1672.147 9        56.416 9  27862006.211 9 146415752.562 9     -1672.147 9        56.416 9
E09                                                                  25009220.910 9 131424293.317 9      2576.033 9        57.354 9  25009220.910 9 131424293.317 9      2576.033 9        57.354 9
E10                                                                  23770054.354 9 124912442.686 9         9.457 9        57.796 9  23770054.354 9 124912442.686 9         9.457 9        57.796 9
E03                                                                  25050172.232 9 131639501.439 9      1948.971 9        57.340 9  25050172.232 9 131639501.439 9      1948.971 9        57.340 9
> 2026 02 03 10 00 53.0000000  0 18       0.000000000000
G02  20302782.439 9 106691820.811 9      -378.874 9        56.053 9                                                                  20302782.439 8 106691820.811 8      -378.874 8        53.053 8
G09  25263524.586 9 132760658.255 9     -2815.568 9        54.154 9                                                                  25263524.586 8 132760658.255 8     -2815.568 8        51.154 8
G13  25232895.612 9 132599691.814 9      1232.891 9        54.165 9                                                                  25232895.612 8 132599691.814 8      1232.891 8        51.165 8
G29  24893708.901 9 130817275.649 9      3070.272 9        54.282 9                                                                  24893708.901 8 130817275.649 8      3070.272 8        51.282 8
G10  22377588.373 9 117594985.534 9      3250.961 9        55.208 9                                                                  22377588.373 8 117594985.534 8      3250.961 8        52.208 8
G12  20803212.025 9 109321594.362 9       183.744 9        55.841 9                                                                  20803212.025 8 109321594.362 8       183.744 8        52.841 8
G17  24687011.211 9 129731052.906 9     -2949.670 9        54.355 9                                                                  24687011.211 8 129731052.906 8     -2949.670 8        51.355 8
G24  24355734.031 9 127990197.710 9      3059.708 9        54.472 9                                                                  24355734.031 8 127990197.710 8      3059.708 8        51.472 8
G30  22593220.546 9 118728143.091 9      2335.030 9        55.124 9                                                                  22593220.546 8 118728143.091 8      2335.030 8        52.124 8
G05  21262362.878 9 111734446.385 9       682.572 9        55.652 9                                                                  21262362.878 8 111734446.385 8       682.572 8        52.652 8
G04  21944178.601 9 115317406.464 9     -2473.729 9        55.378 9                                                                  21944178.601 8 115317406.464 8     -2473.729 8        52.378 8
E04                                                                  23383396.740 9 122880546.106 9      -147.884 9        57.938 9  23383396.740 9 122880546.106 9      -147.884 9        57.938 9
E05                                                                  26130186.250 9 137314992.051 9     -2055.455 9        56.974 9  26130186.250 9 137314992.051 9     -2055.455 9        56.974 9
E11                                                                  26657582.948 9 140086480.162 9     -2405.103 9        56.800 9  26657582.948 9 140086480.162 9     -2405.103 9        56.800 9
E20                                                                  27862324.440 9 146417424.857 9     -1672.457 9        56.416 9  27862324.440 9 146417424.857 9     -1672.457 9        56.416 9
E09                                                                  25008730.733 9 131421717.426 9      2575.759 9        57.355 9  25008730.733 9 131421717.426 9      2575.759 9        57.355 9
E10                                                                  23770052.599 9 124912433.465 9         8.986 9        57.796 9  23770052.599 9 124912433.465 9         8.986 9        57.796 9
E03                                                                  25049801.363 9 131637552.513 9      1948.884 9        57.340 9  25049801.363 9 131637552.513 9      1948.884 9        57.340 9
> 2026 02 03 10 00 54.0000000  0 18       0.000000000000
G02  20302854.574 9 106692199.882 9      -379.269 9        56.053 9                                                                  20302854.574 8 106692199.882 8      -379.269 8        53.053 8
G09  25264060.367 9 132763473.791 9     -2815.518 9        54.154 9                                                                  25264060.367 8 132763473.791 8     -2815.518 8        51.154 8
G13  25232661.043 9 132598459.154 9      1232.441 9        54.165 9                                                                  25232661.043 8 132598459.154 8      1232.441 8        51.165 8
G29  24893124.645 9 130814205.363 9      3070.299 9        54.282 9                                                                  24893124.645 8 130814205.363 8      3070.299 8        51.282 8
G10  22376969.765 9 117591734.734 9      3250.648 9        55.208 9                                                                  22376969.765 8 117591734.734 8      3250.648 8        52.208 8
G12  20803177.122 9 109321410.949 9       183.081 9        55.841 9                                                                  20803177.122 8 109321410.949 8       183.081 8        52.841 8
G17  24687572.526 9 129734002.622 9     -2949.795 9        54.354 9                                                                  24687572.526 8 129734002.622 8     -2949.795 8        51.354 8
G24  24355151.803 9 127987138.084 9      3059.545 9        54.472 9                                                                  24355151.803 8 127987138.084 8      3059.545 8        51.472 8
G30  22592776.250 9 118725808.302 9      2334.547 9        55.125 9                                                                  22592776.250 8 118725808.302 8      2334.547 8        52.125 8
G05  21262233.051 9 111733764.140 9       681.917 9        55.652 9                                                                  21262233.051 8 111733764.140 8       681.917 8        52.652 8
G04  21944649.354 9 115319880.281 9     -2473.918 9        55.377 9                                                                  21944649.354 8 115319880.281 8     -2473.918 8        52.377 8
E04                                                                  23383424.905 9 122880694.112 9      -148.131 9        57.938 9  23383424.905 9 122880694.112 9      -148.131 9        57.938 9
E05                                                                  26130577.406 9 137317047.581 9     -2055.625 9        56.973 9  26130577.406 9 137317047.581 9     -2055.625 9        56.973 9
E11                                                                  26658040.647 9 140088885.379 9     -2405.350 9        56.800 9  26658040.647 9 140088885.379 9     -2405.350 9        56.800 9
E20                                                                  27862642.728 9 146419097.462 9     -1672.766 9        56.416 9  27862642.728 9 146419097.462 9     -1672.766 9        56.416 9
E09                                                                  25008240.608 9 131419141.810 9      2575.483 9        57.355 9  25008240.608 9 131419141.810 9      2575.483 9        57.355 9
E10                                                                  23770050.934 9 124912424.714 9         8.515 9        57.796 9  23770050.934 9 124912424.714 9         8.515 9        57.796 9
E03                                                                  25049430.511 9 131635603.674 9      1948.795 9        57.341 9  25049430.511 9 131635603.674 9      1948.795 9        57.341 9
> 2026 02 03 10 00 55.0000000  0 18       0.000000000000
G02  20302926.784 9 106692579.348 9      -379.664 9        56.053 9                                                                  20302926.784 8 106692579.348 8      -379.664 8        53.053 8
G09  25264596.138 9 132766289.278 9     -2815.469 9        54.154 9                                                                  25264596.138 8 132766289.278 8     -2815.469 8        51.154 8
G13  25232426.561 9 132597226.943 9      1231.991 9        54.165 9                                                                  25232426.561 8 132597226.943 8      1231.991 8        51.165 8
G29  24892540.383 9 130811135.049 9      3070.326 9        54.283 9                                                                  24892540.383 8 130811135.049 8      3070.326 8        51.283 8
G10  22376351.217 9 117588484.246 9      3250.335 9        55.208 9                                                                  22376351.217 8 117588484.246 8      3250.335 8        52.208 8
G12  20803142.346 9 109321228.199 9       182.417 9        55.841 9                                                                  20803142.346 8 109321228.199 8       182.417 8        52.841 8
G17  24688133.865 9 129736952.464 9     -2949.921 9        54.354 9                                                                  24688133.865 8 129736952.464 8     -2949.921 8        51.354 8
G24  24354569.606 9 127984078.621 9      3059.382 9        54.472 9                                                                  24354569.606 8 127984078.621 8      3059.382 8        51.472 8
G30  22592332.046 9 118723473.997 9      2334.063 9        55.125 9                                                                  22592332.046 8 118723473.997 8      2334.063 8        52.125 8
G05  21262103.349 9 111733082.550 9       681.261 9        55.652 9                                                                  21262103.349 8 111733082.550 8       681.261 8        52.652 8
G04  21945120.142 9 115322354.287 9     -2474.106 9        55.377 9                                                                  21945120.142 8 115322354.287 8     -2474.106 8        52.377 8
E04                                                                  23383453.117 9 122880842.366 9      -148.378 9        57.938 9  23383453.117 9 122880842.366 9      -148.378 9        57.938 9
E05                                                                  26130968.595 9 137319103.282 9     -2055.796 9        56.973 9  26130968.595 9 137319103.282 9     -2055.796 9        56.973 9
E11                                                                  26658498.393 9 140091290.843 9     -2405.597 9        56.800 9  26658498.393 9 140091290.843 9     -2405.597 9        56.800 9
E20                                                                  27862961.075 9 146420770.377 9     -1673.076 9        56.416 9  27862961.075 9 146420770.377 9     -1673.076 9        56.416 9
E09                                                                  25007750.536 9 131416566.469 9      2575.208 9        57.355 9  25007750.536 9 131416566.469 9      2575.208 9        57.355 9
E10                                                                  23770049.359 9 124912416.435 9         8.044 9        57.796 9  23770049.359 9 124912416.435 9         8.044 9        57.796 9
E03                                                                  25049059.675 9 131633654.923 9      1948.707 9        57.341 9  25049059.675 9 131633654.923 9      1948.707 9        57.341 9
> 2026 02 03 10 00 56.0000000  0 18       0.000000000000
G02  20302999.069 9 106692959.209 9      -380.059 9        56.053 9                                                                  20302999.069 8 106692959.209 8      -380.059 8        53.053 8
G09  25265131.900 9 132769104.715 9     -2815.419 9        54.154 9                                                                  25265131.900 8 132769104.715 8     -2815.419 8        51.154 8
G13  25232192.163 9 132595995.182 9      1231.542 9        54.165 9                                                                  25232192.163 8 132595995.182 8      1231.542 8        51.165 8
G29  24891956.116 9 130808064.708 9      3070.353 9        54.283 9                                                                  24891956.116 8 130808064.708 8      3070.353 8        51.283 8
G10  22375732.729 9 117585234.072 9      3250.022 9        55.209 9                                                                  22375732.729 8 117585234.072 8      3250.022 8        52.209 8
G12  20803107.697 9 109321046.112 9       181.754 9        55.841 9                                                                  20803107.697 8 109321046.112 8       181.754 8        52.841 8
G17  24688695.227 9 129739902.431 9     -2950.046 9        54.354 9                                                                  24688695.227 8 129739902.431 8     -2950.046 8        51.354 8
G24  24353987.440 9 127981019.321 9      3059.219 9        54.473 9                                                                  24353987.440 8 127981019.321 8      3059.219 8        51.473 8
G30  22591887.934 9 118721140.176 9      2333.579 9        55.125 9                                                                  22591887.934 8 118721140.176 8      2333.579 8        52.125 8
G05  21261973.771 9 111732401.615 9       680.606 9        55.652 9                                                                  21261973.771 8 111732401.615 8       680.606 8        52.652 8
G04  21945590.967 9 115324828.481 9     -2474.295 9        55.377 9                                                                  21945590.967 8 115324828.481 8     -2474.295 8        52.377 8
E04                                                                  23383481.376 9 122880990.867 9      -148.625 9        57.938 9  23383481.376 9 122880990.867 9      -148.625 9        57.938 9
E05                                                                  26131359.815 9 137321159.153 9     -2055.966 9        56.973 9  26131359.815 9 137321159.153 9     -2055.966 9        56.973 9
E11                                                                  26658956.186 9 140093696.555 9     -2405.845 9        56.800 9  26658956.186 9 140093696.555 9     -2405.845 9        56.800 9
E20                                                                  27863279.480 9 146422443.602 9     -1673.386 9        56.416 9  27863279.480 9 146422443.602 9     -1673.386 9        56.416 9
E09                                                                  25007260.517 9 131413991.403 9      2574.933 9        57.355 9  25007260.517 9 131413991.403 9      2574.933 9        57.355 9
E10                                                                  23770047.873 9 124912408.627 9         7.573 9        57.796 9  23770047.873 9 124912408.627 9         7.573 9        57.796 9
E03                                                                  25048688.857 9 131631706.261 9      1948.619 9        57.341 9  25048688.857 9 131631706.261 9      1948.619 9        57.341 9
> 2026 02 03 10 00 57.0000000  0 18       0.000000000000
G02  20303071.429 9 106693339.464 9      -380.454 9        56.053 9                                                                  20303071.429 8 106693339.464 8      -380.454 8        53.053 8
G09  25265667.652 9 132771920.103 9     -2815.369 9        54.153 9                                                                  25265667.652 8 132771920.103 8     -2815.369 8        51.153 8
G13  25231957.852 9 132594763.871 9      1231.092 9        54.165 9                                                                  25231957.852 8 132594763.871 8      1231.092 8        51.165 8
G29  24891371.845 9 130804994.341 9      3070.380 9        54.283 9                                                                  24891371.845 8 130804994.341 8      3070.380 8        51.283 8
G10  22375114.300 9 117581984.210 9      3249.709 9        55.209 9                                                                  22375114.300 8 117581984.210 8      3249.709 8        52.209 8
G12  20803073.173 9 109320864.689 9       181.091 9        55.842 9                                                                  20803073.173 8 109320864.689 8       181.091 8        52.842 8
G17  24689256.614 9 129742852.524 9     -2950.172 9        54.354 9                                                                  24689256.614 8 129742852.524 8     -2950.172 8        51.354 8
G24  24353405.305 9 127977960.184 9      3059.056 9        54.473 9                                                                  24353405.305 8 127977960.184 8      3059.056 8        51.473 8
G30  22591443.915 9 118718806.838 9      2333.096 9        55.125 9                                                                  22591443.915 8 118718806.838 8      2333.096 8        52.125 8
G05  21261844.319 9 111731721.336 9       679.951 9        55.652 9                                                                  21261844.319 8 111731721.336 8       679.951 8        52.652 8
G04  21946061.827 9 115327302.864 9     -2474.483 9        55.377 9                                                                  21946061.827 8 115327302.864 8     -2474.483 8        52.377 8
E04                                                                  23383509.682 9 122881139.615 9      -148.873 9        57.938 9  23383509.682 9 122881139.615 9      -148.873 9        57.938 9
E05                                                                  26131751.068 9 137323215.194 9     -2056.136 9        56.973 9  26131751.068 9 137323215.194 9     -2056.136 9        56.973 9
E11                                                                  26659414.027 9 140096102.514 9     -2406.092 9        56.799 9  26659414.027 9 140096102.514 9     -2406.092 9        56.799 9
E20                                                                  27863597.945 9 146424117.136 9     -1673.695 9        56.416 9  27863597.945 9 146424117.136 9     -1673.695 9        56.416 9
E09                                                                  25006770.549 9 131411416.613 9      2574.658 9        57.355 9  25006770.549 9 131411416.613 9      2574.658 9        57.355 9
E10                                                                  23770046.476 9 124912401.289 9         7.102 9        57.796 9  23770046.476 9 124912401.289 9         7.102 9        57.796 9
E03                                                                  25048318.055 9 131629757.686 9      1948.531 9        57.341 9  25048318.055 9 131629757.686 9      1948.531 9        57.341 9
> 2026 02 03 10 00 58.0000000  0 18       0.000000000000
G02  20303143.865 9 106693720.115 9      -380.849 9        56.053 9                                                                  20303143.865 8 106693720.115 8      -380.849 8        53.053 8
G09  25266203.394 9 132774735.440 9     -2815.319 9        54.153 9                                                                  25266203.394 8 132774735.440 8     -2815.319 8        51.153 8
G13  25231723.626 9 132593533.010 9      1230.642 9        54.165 9                                                                  25231723.626 8 132593533.010 8      1230.642 8        51.165 8
G29  24890787.568 9 130801923.947 9      3070.406 9        54.283 9                                                                  24890787.568 8 130801923.947 8      3070.406 8        51.283 8
G10  22374495.931 9 117578734.662 9      3249.396 9        55.209 9                                                                  22374495.931 8 117578734.662 8      3249.396 8        52.209 8
G12  20803038.776 9 109320683.929 9       180.427 9        55.842 9                                                                  20803038.776 8 109320683.929 8       180.427 8        52.842 8
G17  24689818.024 9 129745802.742 9     -2950.297 9        54.354 9                                                                  24689818.024 8 129745802.742 8     -2950.297 8        51.354 8
G24  24352823.201 9 127974901.210 9      3058.892 9        54.473 9                                                                  24352823.201 8 127974901.210 8      3058.892 8        51.473 8
G30  22590999.987 9 118716473.985 9      2332.612 9        55.125 9                                                                  22590999.987 8 118716473.985 8      2332.612 8        52.125 8
G05  21261714.991 9 111731041.712 9       679.295 9        55.652 9                                                                  21261714.991 8 111731041.712 8       679.295 8        52.652 8
G04  21946532.723 9 115329777.434 9     -2474.671 9        55.377 9                                                                  21946532.723 8 115329777.434 8     -2474.671 8        52.377 8
E04                                                                  23383538.035 9 122881288.611 9      -149.120 9        57.938 9  23383538.035 9 122881288.611 9      -149.120 9        57.938 9
E05                                                                  26132142.354 9 137325271.406 9     -2056.306 9        56.973 9  26132142.354 9 137325271.406 9     -2056.306 9        56.973 9
E11                                                                  26659871.914 9 140098508.720 9     -2406.339 9        56.799 9  26659871.914 9 140098508.720 9     -2406.339 9        56.799 9
E20                                                                  27863916.468 9 146425790.979 9     -1674.005 9        56.416 9  27863916.468 9 146425790.979 9     -1674.005 9        56.416 9
E09                                                                  25006280.634 9 131408842.097 9      2574.383 9        57.355 9  25006280.634 9 131408842.097 9      2574.383 9        57.355 9
E10                                                                  23770045.170 9 124912394.423 9         6.631 9        57.796 9  23770045.170 9 124912394.423 9         6.631 9        57.796 9
E03                                                                  25047947.270 9 131627809.200 9      1948.443 9        57.341 9  25047947.270 9 131627809.200 9      1948.443 9        57.341 9
> 2026 02 03 10 00 59.0000000  0 18       0.000000000000
G02  20303216.376 9 106694101.161 9      -381.244 9        56.053 9                                                                  20303216.376 8 106694101.161 8      -381.244 8        53.053 8
G09  25266739.128 9 132777550.728 9     -2815.269 9        54.153 9                                                                  25266739.128 8 132777550.728 8     -2815.269 8        51.153 8
G13  25231489.486 9 132592302.599 9      1230.192 9        54.165 9                                                                  25231489.486 8 132592302.599 8      1230.192 8        51.165 8
G29  24890203.286 9 130798853.526 9      3070.433 9        54.283 9                                                                  24890203.286 8 130798853.526 8      3070.433 8        51.283 8
G10  22373877.621 9 117575485.428 9      3249.082 9        55.209 9                                                                  22373877.621 8 117575485.428 8      3249.082 8        52.209 8
G12  20803004.505 9 109320503.833 9       179.764 9        55.842 9                                                                  20803004.505 8 109320503.833 8       179.764 8        52.842 8
G17  24690379.458 9 129748753.086 9     -2950.422 9        54.354 9                                                                  24690379.458 8 129748753.086 8     -2950.422 8        51.354 8
G24  24352241.128 9 127971842.400 9      3058.729 9        54.473 9                                                                  24352241.128 8 127971842.400 8      3058.729 8        51.473 8
G30  22590556.151 9 118714141.615 9      2332.128 9        55.126 9                                                                  22590556.151 8 118714141.615 8      2332.128 8        52.126 8
G05  21261585.787 9 111730362.744 9       678.640 9        55.652 9                                                                  21261585.787 8 111730362.744 8       678.640 8        52.652 8
G04  21947003.655 9 115332252.194 9     -2474.860 9        55.377 9                                                                  21947003.655 8 115332252.194 8     -2474.860 8        52.377 8
E04                                                                  23383566.435 9 122881437.854 9      -149.367 9        57.938 9  23383566.435 9 122881437.854 9      -149.367 9        57.938 9
E05                                                                  26132533.672 9 137327327.788 9     -2056.477 9        56.973 9  26132533.672 9 137327327.788 9     -2056.477 9        56.973 9
E11                                                                  26660329.848 9 140100915.173 9     -2406.586 9        56.799 9  26660329.848 9 140100915.173 9     -2406.586 9        56.799 9
E20                                                                  27864235.050 9 146427465.132 9     -1674.314 9        56.416 9  27864235.050 9 146427465.132 9     -1674.314 9        56.416 9
E09                                                                  25005790.772 9 131406267.857 9      2574.108 9        57.356 9  25005790.772 9 131406267.857 9      2574.108 9        57.356 9
E10                                                                  23770043.953 9 124912388.028 9         6.160 9        57.796 9  23770043.953 9 124912388.028 9         6.160 9        57.796 9
E03                                                                  25047576.502 9 131625860.802 9      1948.355 9        57.341 9  25047576.502 9 131625860.802 9      1948.355 9        57.341 9
> 2026 02 03 10 01  0.0000000  0 18       0.000000000000
G02  20303288.962 9 106694482.601 9      -381.639 9        56.053 9                                                                  20303288.962 8 106694482.601 8      -381.639 8        53.053 8
G09  25267274.851 9 132780365.965 9     -2815.219 9        54.153 9                                                                  25267274.851 8 132780365.965 8     -2815.219 8        51.153 8
G13  25231255.431 9 132591072.638 9      1229.741 9        54.165 9                                                                  25231255.431 8 132591072.638 8      1229.741 8        51.165 8
G29  24889618.998 9 130795783.079 9      3070.460 9        54.284 9                                                                  24889618.998 8 130795783.079 8      3070.460 8        51.284 8
G10  22373259.371 9 117572236.506 9      3248.769 9        55.209 9                                                                  22373259.371 8 117572236.506 8      3248.769 8        52.209 8
G12  20802970.360 9 109320324.400 9       179.100 9        55.842 9                                                                  20802970.360 8 109320324.400 8       179.100 8        52.842 8
G17  24690940.916 9 129751703.555 9     -2950.548 9        54.353 9                                                                  24690940.916 8 129751703.555 8     -2950.548 8        51.353 8
G24  24351659.086 9 127968783.753 9      3058.565 9        54.473 9                                                                  24351659.086 8 127968783.753 8      3058.565 8        51.473 8
G30  22590112.408 9 118711809.729 9      2331.644 9        55.126 9                                                                  22590112.408 8 118711809.729 8      2331.644 8        52.126 8
G05  21261456.709 9 111729684.431 9       677.984 9        55.652 9                                                                  21261456.709 8 111729684.431 8       677.984 8        52.652 8
G04  21947474.622 9 115334727.141 9     -2475.048 9        55.376 9                                                                  21947474.622 8 115334727.141 8     -2475.048 8        52.376 8
E04                                                                  23383594.882 9 122881587.344 9      -149.615 9        57.938 9  23383594.882 9 122881587.344 9      -149.615 9        57.938 9
E05                                                                  26132925.022 9 137329384.340 9     -2056.647 9        56.973 9  26132925.022 9 137329384.340 9     -2056.647 9        56.973 9
E11                                                                  26660787.829 9 140103321.874 9     -2406.833 9        56.799 9  26660787.829 9 140103321.874 9     -2406.833 9        56.799 9
E20                                                                  27864553.691 9 146429139.594 9     -1674.623 9        56.415 9  27864553.691 9 146429139.594 9     -1674.623 9        56.415 9
E09                                                                  25005300.961 9 131403693.892 9      2573.832 9        57.356 9  25005300.961 9 131403693.892 9      2573.832 9        57.356 9
E10                                                                  23770042.825 9 124912382.104 9         5.689 9        57.796 9  23770042.825 9 124912382.104 9         5.689 9        57.796 9
E03                                                                  25047205.750 9 131623912.492 9      1948.267 9        57.341 9  25047205.750 9 131623912.492 9      1948.267 9        57.341 9
> 2026 02 03 10 01  1.0000000  0 18       0.000000000000
G02  20303361.623 9 106694864.437 9      -382.034 9        56.053 9                                                                  20303361.623 8 106694864.437 8      -382.034 8        53.053 8
G09  25267810.565 9 132783181.152 9     -2815.169 9        54.153 9                                                                  25267810.565 8 132783181.152 8     -2815.169 8        51.153 8
G13  25231021.462 9 132589843.128 9      1229.291 9        54.165 9                                                                  25231021.462 8 132589843.128 8      1229.291 8        51.165 8
G29  24889034.706 9 130792712.605 9      3070.486 9        54.284 9                                                                  24889034.706 8 130792712.605 8      3070.486 8        51.284 8
G10  22372641.181 9 117568987.898 9      3248.455 9        55.210 9                                                                  22372641.181 8 117568987.898 8      3248.455 8        52.210 8
G12  20802936.342 9 109320145.631 9       178.437 9        55.842 9                                                                  20802936.342 8 109320145.631 8       178.437 8        52.842 8
G17  24691502.398 9 129754654.149 9     -2950.673 9        54.353 9                                                                  24691502.398 8 129754654.149 8     -2950.673 8        51.353 8
G24  24351077.075 9 127965725.270 9      3058.402 9        54.474 9                                                                  24351077.075 8 127965725.270 8      3058.402 8        51.474 8
G30  22589668.757 9 118709478.327 9      2331.160 9        55.126 9                                                                  22589668.757 8 118709478.327 8      2331.160 8        52.126 8
G05  21261327.755 9 111729006.774 9       677.329 9        55.652 9                                                                  21261327.755 8 111729006.774 8       677.329 8        52.652 8
G04  21947945.626 9 115337202.277 9     -2475.236 9        55.376 9                                                                  21947945.626 8 115337202.277 8     -2475.236 8        52.376 8
E04                                                                  23383623.376 9 122881737.082 9      -149.862 9        57.938 9  23383623.376 9 122881737.082 9      -149.862 9        57.938 9
E05                                                                  26133316.405 9 137331441.063 9     -2056.817 9        56.973 9  26133316.405 9 137331441.063 9     -2056.817 9        56.973 9
E11                                                                  26661245.858 9 140105728.821 9     -2407.080 9        56.799 9  26661245.858 9 140105728.821 9     -2407.080 9        56.799 9
E20                                                                  27864872.391 9 146430814.365 9     -1674.932 9        56.415 9  27864872.391 9 146430814.365 9     -1674.932 9        56.415 9
E09                                                                  25004811.204 9 131401120.203 9      2573.557 9        57.356 9  25004811.204 9 131401120.203 9      2573.557 9        57.356 9
E10                                                                  23770041.788 9 124912376.651 9         5.218 9        57.796 9  23770041.788 9 124912376.651 9         5.218 9        57.796 9
E03                                                                  25046835.016 9 131621964.270 9      1948.178 9        57.341 9  25046835.016 9 131621964.270 9      1948.178 9        57.341 9
> 2026 02 03 10 01  2.0000000  0 18       0.000000000000
G02  20303434.359 9 106695246.667 9      -382.428 9        56.053 9                                                                  20303434.359 8 106695246.667 8      -382.428 8        53.053 8
G09  25268346.270 9 132785996.289 9     -2815.118 9        54.153 9                                                                  25268346.270 8 132785996.289 8     -2815.118 8        51.153 8
G13  25230787.579 9 132588614.067 9      1228.841 9        54.165 9                                                                  25230787.579 8 132588614.067 8      1228.841 8        51.165 8
G29  24888450.409 9 130789642.105 9      3070.513 9        54.284 9                                                                  24888450.409 8 130789642.105 8      3070.513 8        51.284 8
G10  22372023.050 9 117565739.604 9      3248.142 9        55.210 9                                                                  22372023.050 8 117565739.604 8      3248.142 8        52.210 8
G12  20802902.449 9 109319967.526 9       177.773 9        55.842 9                                                                  20802902.449 8 109319967.526 8       177.773 8        52.842 8
G17  24692063.904 9 129757604.869 9     -2950.798 9        54.353 9                                                                  24692063.904 8 129757604.869 8     -2950.798 8        51.353 8
G24  24350495.095 9 127962666.950 9      3058.239 9        54.474 9                                                                  24350495.095 8 127962666.950 8      3058.239 8        51.474 8
G30  22589225.197 9 118707147.409 9      2330.675 9        55.126 9                                                                  22589225.197 8 118707147.409 8      2330.675 8        52.126 8
G05  21261198.926 9 111728329.772 9       676.673 9        55.652 9                                                                  21261198.926 8 111728329.772 8       676.673 8        52.652 8
G04  21948416.665 9 115339677.600 9     -2475.424 9        55.376 9                                                                  21948416.665 8 115339677.600 8     -2475.424 8        52.376 8
E04                                                                  23383651.918 9 122881887.067 9      -150.110 9        57.938 9  23383651.918 9 122881887.067 9      -150.110 9        57.938 9
E05                                                                  26133707.820 9 137333497.956 9     -2056.988 9        56.972 9  26133707.820 9 137333497.956 9     -2056.988 9        56.972 9
E11                                                                  26661703.933 9 140108136.015 9     -2407.327 9        56.799 9  26661703.933 9 140108136.015 9     -2407.327 9        56.799 9
E20                                                                  27865191.150 9 146432489.446 9     -1675.242 9        56.415 9  27865191.150 9 146432489.446 9     -1675.242 9        56.415 9
E09                                                                  25004321.498 9 131398546.789 9      2573.281 9        57.356 9  25004321.498 9 131398546.789 9      2573.281 9        57.356 9
E10                                                                  23770040.840 9 124912371.669 9         4.747 9        57.796 9  23770040.840 9 124912371.669 9         4.747 9        57.796 9
E03                                                                  25046464.298 9 131620016.137 9      1948.090 9        57.342 9  25046464.298 9 131620016.137 9      1948.090 9        57.342 9
> 2026 02 03 10 01  3.0000000  0 18       0.000000000000
G02  20303507.170 9 106695629.292 9      -382.823 9        56.053 9                                                                  20303507.170 8 106695629.292 8      -382.823 8        53.053 8
G09  25268881.965 9 132788811.375 9     -2815.068 9        54.152 9                                                                  25268881.965 8 132788811.375 8     -2815.068 8        51.152 8
G13  25230553.782 9 132587385.457 9      1228.390 9        54.166 9                                                                  25230553.782 8 132587385.457 8      1228.390 8        51.166 8
G29  24887866.107 9 130786571.577 9      3070.539 9        54.284 9                                                                  24887866.107 8 130786571.577 8      3070.539 8        51.284 8
G10  22371404.979 9 117562491.624 9      3247.828 9        55.210 9                                                                  22371404.979 8 117562491.624 8      3247.828 8        52.210 8
G12  20802868.683 9 109319790.083 9       177.109 9        55.842 9                                                                  20802868.683 8 109319790.083 8       177.109 8        52.842 8
G17  24692625.433 9 129760555.714 9     -2950.924 9        54.353 9                                                                  24692625.433 8 129760555.714 8     -2950.924 8        51.353 8
G24  24349913.147 9 127959608.793 9      3058.075 9        54.474 9                                                                  24349913.147 8 127959608.793 8      3058.075 8        51.474 8
G30  22588781.730 9 118704816.976 9      2330.191 9        55.126 9                                                                  22588781.730 8 118704816.976 8      2330.191 8        52.126 8
G05  21261070.221 9 111727653.425 9       676.018 9        55.652 9                                                                  21261070.221 8 111727653.425 8       676.018 8        52.652 8
G04  21948887.740 9 115342153.112 9     -2475.612 9        55.376 9                                                                  21948887.740 8 115342153.112 8     -2475.612 8        52.376 8
E04                                                                  23383680.506 9 122882037.300 9      -150.357 9        57.938 9  23383680.506 9 122882037.300 9      -150.357 9        57.938 9
E05                                                                  26134099.268 9 137335555.019 9     -2057.158 9        56.972 9  26134099.268 9 137335555.019 9     -2057.158 9        56.972 9
E11                                                                  26662162.055 9 140110543.457 9     -2407.574 9        56.799 9  26662162.055 9 140110543.457 9     -2407.574 9        56.799 9
E20                                                                  27865509.968 9 146434164.835 9     -1675.551 9        56.415 9  27865509.968 9 146434164.835 9     -1675.551 9        56.415 9
E09                                                                  25003831.845 9 131395973.650 9      2573.006 9        57.356 9  25003831.845 9 131395973.650 9      2573.006 9        57.356 9
E10                                                                  23770039.981 9 124912367.158 9         4.276 9        57.796 9  23770039.981 9 124912367.158 9         4.276 9        57.796 9
E03                                                                  25046093.597 9 131618068.091 9      1948.002 9        57.342 9  25046093.597 9 131618068.091 9      1948.002 9        57.342 9
> 2026 02 03 10 01  4.0000000  0 18       0.000000000000
G02  20303580.057 9 106696012.311 9      -383.218 9        56.053 9                                                                  20303580.057 8 106696012.311 8      -383.218 8        53.053 8
G09  25269417.650 9 132791626.411 9     -2815.017 9        54.152 9                                                                  25269417.650 8 132791626.411 8     -2815.017 8        51.152 8
G13  25230320.070 9 132586157.298 9      1227.940 9        54.166 9                                                                  25230320.070 8 132586157.298 8      1227.940 8        51.166 8
G29  24887281.799 9 130783501.024 9      3070.566 9        54.285 9                                                                  24887281.799 8 130783501.024 8      3070.566 8        51.285 8
G10  22370786.968 9 117559243.957 9      3247.514 9        55.210 9                                                                  22370786.968 8 117559243.957 8      3247.514 8        52.210 8
G12  20802835.044 9 109319613.305 9       176.446 9        55.842 9                                                                  20802835.044 8 109319613.305 8       176.446 8        52.842 8
G17  24693186.987 9 129763506.684 9     -2951.049 9        54.353 9                                                                  24693186.987 8 129763506.684 8     -2951.049 8        51.353 8
G24  24349331.230 9 127956550.799 9      3057.912 9        54.474 9                                                                  24349331.230 8 127956550.799 8      3057.912 8        51.474 8
G30  22588338.356 9 118702487.027 9      2329.707 9        55.126 9                                                                  22588338.356 8 118702487.027 8      2329.707 8        52.126 8
G05  21260941.642 9 111726977.734 9       675.362 9        55.652 9                                                                  21260941.642 8 111726977.734 8       675.362 8        52.652 8
G04  21949358.851 9 115344628.811 9     -2475.800 9        55.376 9                                                                  21949358.851 8 115344628.811 8     -2475.800 8        52.376 8
E04                                                                  23383709.142 9 122882187.780 9      -150.605 9        57.938 9  23383709.142 9 122882187.780 9      -150.605 9        57.938 9
E05                                                                  26134490.748 9 137337612.253 9     -2057.328 9        56.972 9  26134490.748 9 137337612.253 9     -2057.328 9        56.972 9
E11                                                                  26662620.225 9 140112951.145 9     -2407.821 9        56.798 9  26662620.225 9 140112951.145 9     -2407.821 9        56.798 9
E20                                                                  27865828.844 9 146435840.534 9     -1675.860 9        56.415 9  27865828.844 9 146435840.534 9     -1675.860 9        56.415 9
E09                                                                  25003342.244 9 131393400.787 9      2572.730 9        57.357 9  25003342.244 9 131393400.787 9      2572.730 9        57.357 9
E10                                                                  23770039.212 9 124912363.118 9         3.805 9        57.796 9  23770039.212 9 124912363.118 9         3.805 9        57.796 9
E03                                                                  25045722.912 9 131616120.135 9      1947.913 9        57.342 9  25045722.912 9 131616120.135 9      1947.913 9        57.342 9
> 2026 02 03 10 01  5.0000000  0 18       0.000000000000
G02  20303653.018 9 106696395.726 9      -383.613 9        56.053 9                                                                  20303653.018 8 106696395.726 8      -383.613 8        53.053 8
G09  25269953.325 9 132794441.397 9     -2814.967 9        54.152 9                                                                  25269953.325 8 132794441.397 8     -2814.967 8        51.152 8
G13  25230086.444 9 132584929.588 9      1227.489 9        54.166 9                                                                  25230086.444 8 132584929.588 8      1227.489 8        51.166 8
G29  24886697.487 9 130780430.443 9      3070.593 9        54.285 9                                                                  24886697.487 8 130780430.443 8      3070.593 8        51.285 8
G10  22370169.017 9 117555996.604 9      3247.200 9        55.211 9                                                                  22370169.017 8 117555996.604 8      3247.200 8        52.211 8
G12  20802801.530 9 109319437.190 9       175.782 9        55.842 9                                                                  20802801.530 8 109319437.190 8       175.782 8        52.842 8
G17  24693748.564 9 129766457.779 9     -2951.174 9        54.352 9                                                                  24693748.564 8 129766457.779 8     -2951.174 8        51.352 8
G24  24348749.343 9 127953492.970 9      3057.748 9        54.475 9                                                                  24348749.343 8 127953492.970 8      3057.748 8        51.475 8
G30  22587895.073 9 118700157.562 9      2329.222 9        55.127 9                                                                  22587895.073 8 118700157.562 8      2329.222 8        52.127 8
G05  21260813.187 9 111726302.699 9       674.707 9        55.652 9                                                                  21260813.187 8 111726302.699 8       674.707 8        52.652 8
G04  21949829.998 9 115347104.699 9     -2475.988 9        55.375 9                                                                  21949829.998 8 115347104.699 8     -2475.988 8        52.375 8
E04                                                                  23383737.824 9 122882338.508 9      -150.852 9        57.938 9  23383737.824 9 122882338.508 9      -150.852 9        57.938 9
E05                                                                  26134882.260 9 137339669.656 9     -2057.499 9        56.972 9  26134882.260 9 137339669.656 9     -2057.499 9        56.972 9
E11                                                                  26663078.441 9 140115359.079 9     -2408.068 9        56.798 9  26663078.441 9 140115359.079 9     -2408.068 9        56.798 9
E20                                                                  27866147.780 9 146437516.542 9     -1676.169 9        56.415 9  27866147.780 9 146437516.542 9     -1676.169 9        56.415 9
E09                                                                  25002852.696 9 131390828.199 9      2572.455 9        57.357 9  25002852.696 9 131390828.199 9      2572.455 9        57.357 9
E10                                                                  23770038.533 9 124912359.549 9         3.334 9        57.796 9  23770038.533 9 124912359.549 9         3.334 9        57.796 9
E03                                                                  25045352.245 9 131614172.266 9      1947.825 9        57.342 9  25045352.245 9 131614172.266 9      1947.825 9        57.342 9
> 2026 02 03 10 01  6.0000000  0 18       0.000000000000
G02  20303726.055 9 106696779.535 9      -384.007 9        56.053 9                                                                  20303726.055 8 106696779.535 8      -384.007 8        53.053 8
G09  25270488.991 9 132797256.331 9     -2814.916 9        54.152 9                                                                  25270488.991 8 132797256.331 8     -2814.916 8        51.152 8
G13  25229852.903 9 132583702.330 9      1227.039 9        54.166 9                                                                  25229852.903 8 132583702.330 8      1227.039 8        51.166 8
G29  24886113.169 9 130777359.836 9      3070.619 9        54.285 9                                                                  24886113.169 8 130777359.836 8      3070.619 8        51.285 8
G10  22369551.125 9 117552749.566 9      3246.886 9        55.211 9                                                                  22369551.125 8 117552749.566 8      3246.886 8        52.211 8
G12  20802768.143 9 109319261.739 9       175.119 9        55.842 9                                                                  20802768.143 8 109319261.739 8       175.119 8        52.842 8
G17  24694310.165 9 129769409.000 9     -2951.299 9        54.352 9                                                                  24694310.165 8 129769409.000 8     -2951.299 8        51.352 8
G24  24348167.488 9 127950435.303 9      3057.585 9        54.475 9                                                                  24348167.488 8 127950435.303 8      3057.585 8        51.475 8
G30  22587451.882 9 118697828.582 9      2328.738 9        55.127 9                                                                  22587451.882 8 118697828.582 8      2328.738 8        52.127 8
G05  21260684.857 9 111725628.319 9       674.051 9        55.653 9                                                                  21260684.857 8 111725628.319 8       674.051 8        52.653 8
G04  21950301.180 9 115349580.774 9     -2476.176 9        55.375 9                                                                  21950301.180 8 115349580.774 8     -2476.176 8        52.375 8
E04                                                                  23383766.554 9 122882489.483 9      -151.100 9        57.938 9  23383766.554 9 122882489.483 9      -151.100 9        57.938 9
E05                                                                  26135273.805 9 137341727.230 9     -2057.669 9        56.972 9  26135273.805 9 137341727.230 9     -2057.669 9        56.972 9
E11                                                                  26663536.704 9 140117767.261 9     -2408.314 9        56.798 9  26663536.704 9 140117767.261 9     -2408.314 9        56.798 9
E20                                                                  27866466.774 9 146439192.858 9     -1676.478 9        56.415 9  27866466.774 9 146439192.858 9     -1676.478 9        56.415 9
E09                                                                  25002363.201 9 131388255.887 9      2572.179 9        57.357 9  25002363.201 9 131388255.887 9      2572.179 9        57.357 9
E10                                                                  23770037.944 9 124912356.451 9         2.863 9        57.796 9  23770037.944 9 124912356.451 9         2.863 9        57.796 9
E03                                                                  25044981.594 9 131612224.486 9      1947.737 9        57.342 9  25044981.594 9 131612224.486 9      1947.737 9        57.342 9
> 2026 02 03 10 01  7.0000000  0 18       0.000000000000
G02  20303799.166 9 106697163.738 9      -384.402 9        56.053 9                                                                  20303799.166 8 106697163.738 8      -384.402 8        53.053 8
G09  25271024.648 9 132800071.215 9     -2814.865 9        54.152 9                                                                  25271024.648 8 132800071.215 8     -2814.865 8        51.152 8
G13  25229619.449 9 132582475.522 9      1226.588 9        54.166 9                                                                  25229619.449 8 132582475.522 8      1226.588 8        51.166 8
G29  24885528.847 9 130774289.203 9      3070.645 9        54.285 9                                                                  24885528.847 8 130774289.203 8      3070.645 8        51.285 8
G10  22368933.293 9 117549502.841 9      3246.572 9        55.211 9                                                                  22368933.293 8 117549502.841 8      3246.572 8        52.211 8
G12  20802734.882 9 109319086.951 9       174.455 9        55.842 9                                                                  20802734.882 8 109319086.951 8       174.455 8        52.842 8
G17  24694871.790 9 129772360.346 9     -2951.425 9        54.352 9                                                                  24694871.790 8 129772360.346 8     -2951.425 8        51.352 8
G24  24347585.664 9 127947377.800 9      3057.421 9        54.475 9                                                                  24347585.664 8 127947377.800 8      3057.421 8        51.475 8
G30  22587008.784 9 118695500.086 9      2328.253 9        55.127 9                                                                  22587008.784 8 118695500.086 8      2328.253 8        52.127 8
G05  21260556.651 9 111724954.595 9       673.395 9        55.653 9                                                                  21260556.651 8 111724954.595 8       673.395 8        52.653 8
G04  21950772.398 9 115352057.037 9     -2476.363 9        55.375 9                                                                  21950772.398 8 115352057.037 8     -2476.363 8        52.375 8
E04                                                                  23383795.331 9 122882640.706 9      -151.347 9        57.938 9  23383795.331 9 122882640.706 9      -151.347 9        57.938 9
E05                                                                  26135665.382 9 137343784.975 9     -2057.839 9        56.972 9  26135665.382 9 137343784.975 9     -2057.839 9        56.972 9
E11                                                                  26663995.014 9 140120175.689 9     -2408.561 9        56.798 9  26663995.014 9 140120175.689 9     -2408.561 9        56.798 9
E20                                                                  27866785.826 9 146440869.484 9     -1676.786 9        56.415 9  27866785.826 9 146440869.484 9     -1676.786 9        56.415 9
E09                                                                  25001873.757 9 131385683.851 9      2571.904 9        57.357 9  25001873.757 9 131385683.851 9      2571.904 9        57.357 9
E10                                                                  23770037.444 9 124912353.824 9         2.392 9        57.796 9  23770037.444 9 124912353.824 9         2.392 9        57.796 9
E03                                                                  25044610.960 9 131610276.794 9      1947.648 9        57.342 9  25044610.960 9 131610276.794 9      1947.648 9        57.342 9
> 2026 02 03 10 01  8.0000000  0 18       0.000000000000
G02  20303872.353 9 106697548.336 9      -384.796 9        56.052 9                                                                  20303872.353 8 106697548.336 8      -384.796 8        53.052 8
G09  25271560.294 9 132802886.048 9     -2814.814 9        54.151 9                                                                  25271560.294 8 132802886.048 8     -2814.814 8        51.151 8
G13  25229386.080 9 132581249.165 9      1226.137 9        54.166 9                                                                  25229386.080 8 132581249.165 8      1226.137 8        51.166 8
G29  24884944.519 9 130771218.543 9      3070.672 9        54.285 9                                                                  24884944.519 8 130771218.543 8      3070.672 8        51.285 8
G10  22368315.521 9 117546256.431 9      3246.258 9        55.211 9                                                                  22368315.521 8 117546256.431 8      3246.258 8        52.211 8
G12  20802701.748 9 109318912.827 9       173.791 9        55.842 9                                                                  20802701.748 8 109318912.827 8       173.791 8        52.842 8
G17  24695433.439 9 129775311.817 9     -2951.550 9        54.352 9                                                                  24695433.439 8 129775311.817 8     -2951.550 8        51.352 8
G24  24347003.871 9 127944320.461 9      3057.258 9        54.475 9                                                                  24347003.871 8 127944320.461 8      3057.258 8        51.475 8
G30  22586565.778 9 118693172.076 9      2327.768 9        55.127 9                                                                  22586565.778 8 118693172.076 8      2327.768 8        52.127 8
G05  21260428.571 9 111724281.526 9       672.740 9        55.653 9                                                                  21260428.571 8 111724281.526 8       672.740 8        52.653 8
G04  21951243.652 9 115354533.488 9     -2476.551 9        55.375 9                                                                  21951243.652 8 115354533.488 8     -2476.551 8        52.375 8
E04                                                                  23383824.155 9 122882792.176 9      -151.595 9        57.938 9  23383824.155 9 122882792.176 9      -151.595 9        57.938 9
E05                                                                  26136056.992 9 137345842.890 9     -2058.009 9        56.972 9  26136056.992 9 137345842.890 9     -2058.009 9        56.972 9
E11                                                                  26664453.371 9 140122584.364 9     -2408.807 9        56.798 9  26664453.371 9 140122584.364 9     -2408.807 9        56.798 9
E20                                                                  27867104.938 9 146442546.418 9     -1677.095 9        56.415 9  27867104.938 9 146442546.418 9     -1677.095 9        56.415 9
E09                                                                  25001384.367 9 131383112.090 9      2571.628 9        57.357 9  25001384.367 9 131383112.090 9      2571.628 9        57.357 9
E10                                                                  23770037.033 9 124912351.668 9         1.921 9        57.796 9  23770037.033 9 124912351.668 9         1.921 9        57.796 9
E03                                                                  25044240.343 9 131608329.191 9      1947.560 9        57.342 9  25044240.343 9 131608329.191 9      1947.560 9        57.342 9
> 2026 02 03 10 01  9.0000000  0 18       0.000000000000
G02  20303945.615 9 106697933.328 9      -385.191 9        56.052 9                                                                  20303945.615 8 106697933.328 8      -385.191 8        53.052 8
G09  25272095.931 9 132805700.830 9     -2814.763 9        54.151 9                                                                  25272095.931 8 132805700.830 8     -2814.763 8        51.151 8
G13  25229152.797 9 132580023.259 9      1225.687 9        54.166 9                                                                  25229152.797 8 132580023.259 8      1225.687 8        51.166 8
G29  24884360.187 9 130768147.857 9      3070.698 9        54.286 9                                                                  24884360.187 8 130768147.857 8      3070.698 8        51.286 8
G10  22367697.809 9 117543010.335 9      3245.943 9        55.212 9                                                                  22367697.809 8 117543010.335 8      3245.943 8        52.212 8
G12  20802668.739 9 109318739.366 9       173.128 9        55.842 9                                                                  20802668.739 8 109318739.366 8       173.128 8        52.842 8
G17  24695995.111 9 129778263.413 9     -2951.675 9        54.352 9                                                                  24695995.111 8 129778263.413 8     -2951.675 8        51.352 8
G24  24346422.109 9 127941263.285 9      3057.094 9        54.475 9                                                                  24346422.109 8 127941263.285 8      3057.094 8        51.475 8
G30  22586122.864 9 118690844.550 9      2327.283 9        55.127 9                                                                  22586122.864 8 118690844.550 8      2327.283 8        52.127 8
G05  21260300.615 9 111723609.113 9       672.084 9        55.653 9                                                                  21260300.615 8 111723609.113 8       672.084 8        52.653 8
G04  21951714.942 9 115357010.127 9     -2476.739 9        55.375 9                                                                  21951714.942 8 115357010.127 8     -2476.739 8        52.375 8
E04                                                                  23383853.026 9 122882943.894 9      -151.843 9        57.938 9  23383853.026 9 122882943.894 9      -151.843 9        57.938 9
E05                                                                  26136448.634 9 137347900.974 9     -2058.180 9        56.972 9  26136448.634 9 137347900.974 9     -2058.180 9        56.972 9
E11                                                                  26664911.775 9 140124993.285 9     -2409.054 9        56.798 9  26664911.775 9 140124993.285 9     -2409.054 9        56.798 9
E20                                                                  27867424.108 9 146444223.661 9     -1677.404 9        56.415 9  27867424.108 9 146444223.661 9     -1677.404 9        56.415 9
E09                                                                  25000895.028 9 131380540.606 9      2571.352 9        57.357 9  25000895.028 9 131380540.606 9      2571.352 9        57.357 9
E10                                                                  23770036.713 9 124912349.982 9         1.450 9        57.796 9  23770036.713 9 124912349.982 9         1.450 9        57.796 9
E03                                                                  25043869.743 9 131606381.676 9      1947.471 9        57.342 9  25043869.743 9 131606381.676 9      1947.471 9        57.342 9
> 2026 02 03 10 01 10.0000000  0 18       0.000000000000
G02  20304018.952 9 106698318.715 9      -385.585 9        56.052 9                                                                  20304018.952 8 106698318.715 8      -385.585 8        53.052 8
G09  25272631.558 9 132808515.560 9     -2814.712 9        54.151 9                                                                  25272631.558 8 132808515.560 8     -2814.712 8        51.151 8
G13  25228919.600 9 132578797.803 9      1225.236 9        54.166 9                                                                  25228919.600 8 132578797.803 8      1225.236 8        51.166 8
G29  24883775.849 9 130765077.145 9      3070.725 9        54.286 9                                                                  24883775.849 8 130765077.145 8      3070.725 8        51.286 8
G10  22367080.156 9 117539764.553 9      3245.629 9        55.212 9                                                                  22367080.156 8 117539764.553 8      3245.629 8        52.212 8
G12  20802635.857 9 109318566.570 9       172.464 9        55.842 9                                                                  20802635.857 8 109318566.570 8       172.464 8        52.842 8
G17  24696556.807 9 129781215.135 9     -2951.800 9        54.351 9                                                                  24696556.807 8 129781215.135 8     -2951.800 8        51.351 8
G24  24345840.378 9 127938206.273 9      3056.931 9        54.476 9                                                                  24345840.378 8 127938206.273 8      3056.931 8        51.476 8
G30  22585680.043 9 118688517.509 9      2326.799 9        55.127 9                                                                  22585680.043 8 118688517.509 8      2326.799 8        52.127 8
G05  21260172.784 9 111722937.356 9       671.428 9        55.653 9                                                                  21260172.784 8 111722937.356 8       671.428 8        52.653 8
G04  21952186.267 9 115359486.953 9     -2476.926 9        55.374 9                                                                  21952186.267 8 115359486.953 8     -2476.926 8        52.374 8
E04                                                                  23383881.944 9 122883095.860 9      -152.090 9        57.938 9  23383881.944 9 122883095.860 9      -152.090 9        57.938 9
E05                                                                  26136840.308 9 137349959.230 9     -2058.350 9        56.971 9  26136840.308 9 137349959.230 9     -2058.350 9        56.971 9
E11                                                                  26665370.226 9 140127402.453 9     -2409.300 9        56.798 9  26665370.226 9 140127402.453 9     -2409.300 9        56.798 9
E20                                                                  27867743.337 9 146445901.213 9     -1677.712 9        56.414 9  27867743.337 9 146445901.213 9     -1677.712 9        56.414 9
E09                                                                  25000405.742 9 131377969.396 9      2571.076 9        57.358 9  25000405.742 9 131377969.396 9      2571.076 9        57.358 9
E10                                                                  23770036.482 9 124912348.768 9         0.979 9        57.796 9  23770036.482 9 124912348.768 9         0.979 9        57.796 9
E03                                                                  25043499.160 9 131604434.250 9      1947.383 9        57.343 9  25043499.160 9 131604434.250 9      1947.383 9        57.343 9
> 2026 02 03 10 01 11.0000000  0 18       0.000000000000
G02  20304092.364 9 106698704.497 9      -385.980 9        56.052 9                                                                  20304092.364 8 106698704.497 8      -385.980 8        53.052 8
G09  25273167.176 9 132811330.240 9     -2814.660 9        54.151 9                                                                  25273167.176 8 132811330.240 8     -2814.660 8        51.151 8
G13  25228686.488 9 132577572.799 9      1224.785 9        54.166 9                                                                  25228686.488 8 132577572.799 8      1224.785 8        51.166 8
G29  24883191.507 9 130762006.406 9      3070.751 9        54.286 9                                                                  24883191.507 8 130762006.406 8      3070.751 8        51.286 8
G10  22366462.564 9 117536519.086 9      3245.314 9        55.212 9                                                                  22366462.564 8 117536519.086 8      3245.314 8        52.212 8
G12  20802603.102 9 109318394.437 9       171.800 9        55.842 9                                                                  20802603.102 8 109318394.437 8       171.800 8        52.842 8
G17  24697118.528 9 129784166.982 9     -2951.925 9        54.351 9                                                                  24697118.528 8 129784166.982 8     -2951.925 8        51.351 8
G24  24345258.679 9 127935149.425 9      3056.767 9        54.476 9                                                                  24345258.679 8 127935149.425 8      3056.767 8        51.476 8
G30  22585237.313 9 118686190.952 9      2326.314 9        55.128 9                                                                  22585237.313 8 118686190.952 8      2326.314 8        52.128 8
G05  21260045.078 9 111722266.255 9       670.772 9        55.653 9                                                                  21260045.078 8 111722266.255 8       670.772 8        52.653 8
G04  21952657.628 9 115361963.967 9     -2477.114 9        55.374 9                                                                  21952657.628 8 115361963.967 8     -2477.114 8        52.374 8
E04                                                                  23383910.910 9 122883248.073 9      -152.338 9        57.938 9  23383910.910 9 122883248.073 9      -152.338 9        57.938 9
E05                                                                  26137232.015 9 137352017.656 9     -2058.520 9        56.971 9  26137232.015 9 137352017.656 9     -2058.520 9        56.971 9
E11                                                                  26665828.723 9 140129811.867 9     -2409.547 9        56.797 9  26665828.723 9 140129811.867 9     -2409.547 9        56.797 9
E20                                                                  27868062.625 9 146447579.073 9     -1678.021 9        56.414 9  27868062.625 9 146447579.073 9     -1678.021 9        56.414 9
E09                                                                  24999916.509 9 131375398.463 9      2570.800 9        57.358 9  24999916.509 9 131375398.463 9      2570.800 9        57.358 9
E10                                                                  23770036.340 9 124912348.024 9         0.508 9        57.796 9  23770036.340 9 124912348.024 9         0.508 9        57.796 9
E03                                                                  25043128.594 9 131602486.912 9      1947.294 9        57.343 9  25043128.594 9 131602486.912 9      1947.294 9        57.343 9
> 2026 02 03 10 01 12.0000000  0 18       0.000000000000
G02  20304165.851 9 106699090.672 9      -386.374 9        56.052 9                                                                  20304165.851 8 106699090.672 8      -386.374 8        53.052 8
G09  25273702.784 9 132814144.868 9     -2814.609 9        54.151 9                                                                  25273702.784 8 132814144.868 8     -2814.609 8        51.151 8
G13  25228453.463 9 132576348.245 9      1224.333 9        54.166 9                                                                  25228453.463 8 132576348.245 8      1224.333 8        51.166 8
G29  24882607.159 9 130758935.640 9      3070.777 9        54.286 9                                                                  24882607.159 8 130758935.640 8      3070.777 8        51.286 8
G10  22365845.031 9 117533273.934 9      3244.999 9        55.212 9                                                                  22365845.031 8 117533273.934 8      3244.999 8        52.212 8
G12  20802570.472 9 109318222.967 9       171.137 9        55.842 9                                                                  20802570.472 8 109318222.967 8       171.137 8        52.842 8
G17  24697680.272 9 129787118.953 9     -2952.050 9        54.351 9                                                                  24697680.272 8 129787118.953 8     -2952.050 8        51.351 8
G24  24344677.010 9 127932092.740 9      3056.603 9        54.476 9                                                                  24344677.010 8 127932092.740 8      3056.603 8        51.476 8
G30  22584794.676 9 118683864.881 9      2325.829 9        55.128 9                                                                  22584794.676 8 118683864.881 8      2325.829 8        52.128 8
G05  21259917.496 9 111721595.810 9       670.117 9        55.653 9                                                                  21259917.496 8 111721595.810 8       670.117 8        52.653 8
G04  21953129.024 9 115364441.168 9     -2477.301 9        55.374 9                                                                  21953129.024 8 115364441.168 8     -2477.301 8        52.374 8
E04                                                                  23383939.922 9 122883400.534 9      -152.586 9        57.938 9  23383939.922 9 122883400.534 9      -152.586 9        57.938 9
E05                                                                  26137623.754 9 137354076.251 9     -2058.691 9        56.971 9  26137623.754 9 137354076.251 9     -2058.691 9        56.971 9
E11                                                                  26666287.268 9 140132221.527 9     -2409.793 9        56.797 9  26666287.268 9 140132221.527 9     -2409.793 9        56.797 9
E20                                                                  27868381.972 9 146449257.242 9     -1678.329 9        56.414 9  27868381.972 9 146449257.242 9     -1678.329 9        56.414 9
E09                                                                  24999427.328 9 131372827.806 9      2570.524 9        57.358 9  24999427.328 9 131372827.806 9      2570.524 9        57.358 9
E10                                                                  23770036.288 9 124912347.752 9         0.037 9        57.796 9  23770036.288 9 124912347.752 9         0.037 9        57.796 9
E03                                                                  25042758.044 9 131600539.663 9      1947.206 9        57.343 9  25042758.044 9 131600539.663 9      1947.206 9        57.343 9
> 2026 02 03 10 01 13.0000000  0 18       0.000000000000
G02  20304239.413 9 106699477.242 9      -386.768 9        56.052 9                                                                  20304239.413 8 106699477.242 8      -386.768 8        53.052 8
G09  25274238.381 9 132816959.444 9     -2814.557 9        54.151 9                                                                  25274238.381 8 132816959.444 8     -2814.557 8        51.151 8
G13  25228220.523 9 132575124.143 9      1223.882 9        54.166 9                                                                  25228220.523 8 132575124.143 8      1223.882 8        51.166 8
G29  24882022.806 9 130755864.849 9      3070.804 9        54.286 9                                                                  24882022.806 8 130755864.849 8      3070.804 8        51.286 8
G10  22365227.558 9 117530029.096 9      3244.685 9        55.213 9                                                                  22365227.558 8 117530029.096 8      3244.685 8        52.213 8
G12  20802537.969 9 109318052.162 9       170.473 9        55.842 9                                                                  20802537.969 8 109318052.162 8       170.473 8        52.842 8
G17  24698242.039 9 129790071.050 9     -2952.175 9        54.351 9                                                                  24698242.039 8 129790071.050 8     -2952.175 8        51.351 8
G24  24344095.373 9 127929036.219 9      3056.440 9        54.476 9                                                                  24344095.373 8 127929036.219 8      3056.440 8        51.476 8
G30  22584352.132 9 118681539.295 9      2325.343 9        55.128 9                                                                  22584352.132 8 118681539.295 8      2325.343 8        52.128 8
G05  21259790.039 9 111720926.020 9       669.461 9        55.653 9                                                                  21259790.039 8 111720926.020 8       669.461 8        52.653 8
G04  21953600.457 9 115366918.557 9     -2477.489 9        55.374 9                                                                  21953600.457 8 115366918.557 8     -2477.489 8        52.374 8
E04                                                                  23383968.982 9 122883553.243 9      -152.833 9        57.938 9  23383968.982 9 122883553.243 9      -152.833 9        57.938 9
E05                                                                  26138015.526 9 137356135.017 9     -2058.861 9        56.971 9  26138015.526 9 137356135.017 9     -2058.861 9        56.971 9
E11                                                                  26666745.859 9 140134631.434 9     -2410.039 9        56.797 9  26666745.859 9 140134631.434 9     -2410.039 9        56.797 9
E20                                                                  27868701.377 9 146450935.719 9     -1678.638 9        56.414 9  27868701.377 9 146450935.719 9     -1678.638 9        56.414 9
E09                                                                  24998938.200 9 131370257.425 9      2570.248 9        57.358 9  24998938.200 9 131370257.425 9      2570.248 9        57.358 9
E10                                                                  23770036.326 9 124912347.950 9        -0.433 9        57.796 9  23770036.326 9 124912347.950 9        -0.433 9        57.796 9
E03                                                                  25042387.511 9 131598592.503 9      1947.117 9        57.343 9  25042387.511 9 131598592.503 9      1947.117 9        57.343 9
> 2026 02 03 10 01 14.0000000  0 18       0.000000000000
G02  20304313.050 9 106699864.207 9      -387.162 9        56.052 9                                                                  20304313.050 8 106699864.207 8      -387.162 8        53.052 8
G09  25274773.969 9 132819773.969 9     -2814.506 9        54.150 9                                                                  25274773.969 8 132819773.969 8     -2814.506 8        51.150 8
G13  25227987.669 9 132573900.492 9      1223.431 9        54.166 9                                                                  25227987.669 8 132573900.492 8      1223.431 8        51.166 8
G29  24881438.449 9 130752794.031 9      3070.830 9        54.287 9                                                                  24881438.449 8 130752794.031 8      3070.830 8        51.287 8
G10  22364610.145 9 117526784.574 9      3244.370 9        55.213 9                                                                  22364610.145 8 117526784.574 8      3244.370 8        52.213 8
G12  20802505.593 9 109317882.020 9       169.809 9        55.842 9                                                                  20802505.593 8 109317882.020 8       169.809 8        52.842 8
G17  24698803.831 9 129793023.272 9     -2952.301 9        54.351 9                                                                  24698803.831 8 129793023.272 8     -2952.301 8        51.351 8
G24  24343513.767 9 127925979.861 9      3056.276 9        54.476 9                                                                  24343513.767 8 127925979.861 8      3056.276 8        51.476 8
G30  22583909.680 9 118679214.195 9      2324.858 9        55.128 9                                                                  22583909.680 8 118679214.195 8      2324.858 8        52.128 8
G05  21259662.708 9 111720256.887 9       668.805 9        55.653 9                                                                  21259662.708 8 111720256.887 8       668.805 8        52.653 8
G04  21954071.925 9 115369396.133 9     -2477.676 9        55.374 9                                                                  21954071.925 8 115369396.133 8     -2477.676 8        52.374 8
E04                                                                  23383998.089 9 122883706.200 9      -153.081 9        57.938 9  23383998.089 9 122883706.200 9      -153.081 9        57.938 9
E05                                                                  26138407.330 9 137358193.954 9     -2059.031 9        56.971 9  26138407.330 9 137358193.954 9     -2059.031 9        56.971 9
E11                                                                  26667204.498 9 140137041.587 9     -2410.285 9        56.797 9  26667204.498 9 140137041.587 9     -2410.285 9        56.797 9
E20                                                                  27869020.841 9 146452614.505 9     -1678.946 9        56.414 9  27869020.841 9 146452614.505 9     -1678.946 9        56.414 9
E09                                                                  24998449.124 9 131367687.320 9      2569.972 9        57.358 9  24998449.124 9 131367687.320 9      2569.972 9        57.358 9
E10                                                                  23770036.453 9 124912348.619 9        -0.904 9        57.796 9  23770036.453 9 124912348.619 9        -0.904 9        57.796 9
E03                                                                  25042016.995 9 131596645.431 9      1947.028 9        57.343 9  25042016.995 9 131596645.431 9      1947.028 9        57.343 9
> 2026 02 03 10 01 15.0000000  0 18       0.000000000000
G02  20304386.762 9 106700251.565 9      -387.557 9        56.052 9                                                                  20304386.762 8 106700251.565 8      -387.557 8        53.052 8
G09  25275309.548 9 132822588.442 9     -2814.454 9        54.150 9                                                                  25275309.548 8 132822588.442 8     -2814.454 8        51.150 8
G13  25227754.901 9 132572677.292 9      1222.980 9        54.166 9                                                                  25227754.901 8 132572677.292 8      1222.980 8        51.166 8
G29  24880854.086 9 130749723.187 9      3070.856 9        54.287 9                                                                  24880854.086 8 130749723.187 8      3070.856 8        51.287 8
G10  22363992.792 9 117523540.366 9      3244.055 9        55.213 9                                                                  22363992.792 8 117523540.366 8      3244.055 8        52.213 8
G12  20802473.342 9 109317712.542 9       169.145 9        55.842 9                                                                  20802473.342 8 109317712.542 8       169.145 8        52.842 8
G17  24699365.646 9 129795975.619 9     -2952.426 9        54.350 9                                                                  24699365.646 8 129795975.619 8     -2952.426 8        51.350 8
G24  24342932.192 9 127922923.668 9      3056.112 9        54.477 9                                                                  24342932.192 8 127922923.668 8      3056.112 8        51.477 8
G30  22583467.320 9 118676889.579 9      2324.373 9        55.128 9                                                                  22583467.320 8 118676889.579 8      2324.373 8        52.128 8
G05  21259535.501 9 111719588.409 9       668.149 9        55.653 9                                                                  21259535.501 8 111719588.409 8       668.149 8        52.653 8
G04  21954543.428 9 115371873.896 9     -2477.863 9        55.374 9                                                                  21954543.428 8 115371873.896 8     -2477.863 8        52.374 8
E04                                                                  23384027.243 9 122883859.404 9      -153.329 9        57.938 9  23384027.243 9 122883859.404 9      -153.329 9        57.938 9
E05                                                                  26138799.166 9 137360253.061 9     -2059.202 9        56.971 9  26138799.166 9 137360253.061 9     -2059.202 9        56.971 9
E11                                                                  26667663.183 9 140139451.986 9     -2410.531 9        56.797 9  26667663.183 9 140139451.986 9     -2410.531 9        56.797 9
E20                                                                  27869340.363 9 146454293.599 9     -1679.255 9        56.414 9  27869340.363 9 146454293.599 9     -1679.255 9        56.414 9
E09                                                                  24997960.101 9 131365117.491 9      2569.696 9        57.358 9  24997960.101 9 131365117.491 9      2569.696 9        57.358 9
E10                                                                  23770036.670 9 124912349.759 9        -1.375 9        57.796 9  23770036.670 9 124912349.759 9        -1.375 9        57.796 9
E03                                                                  25041646.496 9 131594698.448 9      1946.940 9        57.343 9  25041646.496 9 131594698.448 9      1946.940 9        57.343 9
> 2026 02 03 10 01 16.0000000  0 18       0.000000000000
G02  20304460.549 9 106700639.318 9      -387.951 9        56.052 9                                                                  20304460.549 8 106700639.318 8      -387.951 8        53.052 8
G09  25275845.116 9 132825402.864 9     -2814.402 9        54.150 9                                                                  25275845.116 8 132825402.864 8     -2814.402 8        51.150 8
G13  25227522.219 9 132571454.544 9      1222.528 9        54.167 9                                                                  25227522.219 8 132571454.544 8      1222.528 8        51.167 8
G29  24880269.718 9 130746652.316 9      3070.883 9        54.287 9                                                                  24880269.718 8 130746652.316 8      3070.883 8        51.287 8
G10  22363375.499 9 117520296.473 9      3243.740 9        55.213 9                                                                  22363375.499 8 117520296.473 8      3243.740 8        52.213 8
G12  20802441.218 9 109317543.727 9       168.482 9        55.842 9                                                                  20802441.218 8 109317543.727 8       168.482 8        52.842 8
G17  24699927.486 9 129798928.092 9     -2952.551 9        54.350 9                                                                  24699927.486 8 129798928.092 8     -2952.551 8        51.350 8
G24  24342350.648 9 127919867.638 9      3055.948 9        54.477 9                                                                  24342350.648 8 127919867.638 8      3055.948 8        51.477 8
G30  22583025.052 9 118674565.449 9      2323.887 9        55.128 9                                                                  22583025.052 8 118674565.449 8      2323.887 8        52.128 8
G05  21259408.418 9 111718920.587 9       667.493 9        55.653 9                                                                  21259408.418 8 111718920.587 8       667.493 8        52.653 8
G04  21955014.967 9 115374351.847 9     -2478.051 9        55.373 9                                                                  21955014.967 8 115374351.847 8     -2478.051 8        52.373 8
E04                                                                  23384056.444 9 122884012.856 9      -153.577 9        57.938 9  23384056.444 9 122884012.856 9      -153.577 9        57.938 9
E05                                                                  26139191.035 9 137362312.338 9     -2059.372 9        56.971 9  26139191.035 9 137362312.338 9     -2059.372 9        56.971 9
E11                                                                  26668121.915 9 140141862.631 9     -2410.777 9        56.797 9  26668121.915 9 140141862.631 9     -2410.777 9        56.797 9
E20                                                                  27869659.945 9 146455973.001 9     -1679.563 9        56.414 9  27869659.945 9 146455973.001 9     -1679.563 9        56.414 9
E09                                                                  24997471.130 9 131362547.938 9      2569.420 9        57.359 9  24997471.130 9 131362547.938 9      2569.420 9        57.359 9
E10                                                                  23770036.976 9 124912351.370 9        -1.846 9        57.796 9  23770036.976 9 124912351.370 9        -1.846 9        57.796 9
E03                                                                  25041276.014 9 131592751.554 9      1946.851 9        57.343 9  25041276.014 9 131592751.554 9      1946.851 9        57.343 9
> 2026 02 03 10 01 17.0000000  0 18       0.000000000000
G02  20304534.411 9 106701027.465 9      -388.345 9        56.052 9                                                                  20304534.411 8 106701027.465 8      -388.345 8        53.052 8
G09  25276380.675 9 132828217.234 9     -2814.350 9        54.150 9                                                                  25276380.675 8 132828217.234 8     -2814.350 8        51.150 8
G13  25227289.623 9 132570232.246 9      1222.077 9        54.167 9                                                                  25227289.623 8 132570232.246 8      1222.077 8        51.167 8
G29  24879685.346 9 130743581.419 9      3070.909 9        54.287 9                                                                  24879685.346 8 130743581.419 8      3070.909 8        51.287 8
G10  22362758.266 9 117517052.895 9      3243.424 9        55.214 9                                                                  22362758.266 8 117517052.895 8      3243.424 8        52.214 8
G12  20802409.220 9 109317375.577 9       167.818 9        55.842 9                                                                  20802409.220 8 109317375.577 8       167.818 8        52.842 8
G17  24700489.349 9 129801880.689 9     -2952.676 9        54.350 9                                                                  24700489.349 8 129801880.689 8     -2952.676 8        51.350 8
G24  24341769.135 9 127916811.772 9      3055.784 9        54.477 9                                                                  24341769.135 8 127916811.772 8      3055.784 8        51.477 8
G30  22582582.877 9 118672241.805 9      2323.402 9        55.129 9                                                                  22582582.877 8 118672241.805 8      2323.402 8        52.129 8
G05  21259281.461 9 111718253.421 9       666.837 9        55.653 9                                                                  21259281.461 8 111718253.421 8       666.837 8        52.653 8
G04  21955486.542 9 115376829.985 9     -2478.238 9        55.373 9                                                                  21955486.542 8 115376829.985 8     -2478.238 8        52.373 8
E04                                                                  23384085.692 9 122884166.556 9      -153.825 9        57.938 9  23384085.692 9 122884166.556 9      -153.825 9        57.938 9
E05                                                                  26139582.936 9 137364371.785 9     -2059.542 9        56.971 9  26139582.936 9 137364371.785 9     -2059.542 9        56.971 9
E11                                                                  26668580.694 9 140144273.522 9     -2411.024 9        56.796 9  26668580.694 9 140144273.522 9     -2411.024 9        56.796 9
E20                                                                  27869979.584 9 146457652.712 9     -1679.871 9        56.414 9  27869979.584 9 146457652.712 9     -1679.871 9        56.414 9
E09                                                                  24996982.212 9 131359978.661 9      2569.144 9        57.359 9  24996982.212 9 131359978.661 9      2569.144 9        57.359 9
E10                                                                  23770037.373 9 124912353.451 9        -2.317 9        57.796 9  23770037.373 9 124912353.451 9        -2.317 9        57.796 9
E03                                                                  25040905.549 9 131590804.748 9      1946.762 9        57.343 9  25040905.549 9 131590804.748 9      1946.762 9        57.343 9
> 2026 02 03 10 01 18.0000000  0 18       0.000000000000
G02  20304608.348 9 106701416.007 9      -388.739 9        56.052 9                                                                  20304608.348 8 106701416.007 8      -388.739 8        53.052 8
G09  25276916.223 9 132831031.551 9     -2814.298 9        54.150 9                                                                  25276916.223 8 132831031.551 8     -2814.298 8        51.150 8
G13  25227057.112 9 132569010.401 9      1221.625 9        54.167 9                                                                  25227057.112 8 132569010.401 8      1221.625 8        51.167 8
G29  24879100.968 9 130740510.496 9      3070.935 9        54.287 9                                                                  24879100.968 8 130740510.496 8      3070.935 8        51.287 8
G10  22362141.093 9 117513809.633 9      3243.109 9        55.214 9                                                                  22362141.093 8 117513809.633 8      3243.109 8        52.214 8
G12  20802377.349 9 109317208.090 9       167.154 9        55.842 9                                                                  20802377.349 8 109317208.090 8       167.154 8        52.842 8
G17  24701051.235 9 129804833.411 9     -2952.801 9        54.350 9                                                                  24701051.235 8 129804833.411 8     -2952.801 8        51.350 8
G24  24341187.654 9 127913756.070 9      3055.621 9        54.477 9                                                                  24341187.654 8 127913756.070 8      3055.621 8        51.477 8
G30  22582140.794 9 118669918.646 9      2322.916 9        55.129 9                                                                  22582140.794 8 118669918.646 8      2322.916 8        52.129 8
G05  21259154.629 9 111717586.911 9       666.181 9        55.653 9                                                                  21259154.629 8 111717586.911 8       666.181 8        52.653 8
G04  21955958.153 9 115379308.310 9     -2478.425 9        55.373 9                                                                  21955958.153 8 115379308.310 8     -2478.425 8        52.373 8
E04                                                                  23384114.987 9 122884320.503 9      -154.072 9        57.938 9  23384114.987 9 122884320.503 9      -154.072 9        57.938 9
E05                                                                  26139974.870 9 137366431.403 9     -2059.712 9        56.970 9  26139974.870 9 137366431.403 9     -2059.712 9        56.970 9
E11                                                                  26669039.519 9 140146684.659 9     -2411.269 9        56.796 9  26669039.519 9 140146684.659 9     -2411.269 9        56.796 9
E20                                                                  27870299.283 9 146459332.730 9     -1680.179 9        56.414 9  27870299.283 9 146459332.730 9     -1680.179 9        56.414 9
E09                                                                  24996493.347 9 131357409.661 9      2568.867 9        57.359 9  24996493.347 9 131357409.661 9      2568.867 9        57.359 9
E10                                                                  23770037.858 9 124912356.003 9        -2.788 9        57.796 9  23770037.858 9 124912356.003 9        -2.788 9        57.796 9
E03                                                                  25040535.101 9 131588858.031 9      1946.673 9        57.344 9  25040535.101 9 131588858.031 9      1946.673 9        57.344 9
> 2026 02 03 10 01 19.0000000  0 18       0.000000000000
G02  20304682.360 9 106701804.942 9      -389.133 9        56.052 9                                                                  20304682.360 8 106701804.942 8      -389.133 8        53.052 8
G09  25277451.762 9 132833845.817 9     -2814.246 9        54.149 9                                                                  25277451.762 8 132833845.817 8     -2814.246 8        51.149 8
G13  25226824.688 9 132567789.007 9      1221.174 9        54.167 9                                                                  25226824.688 8 132567789.007 8      1221.174 8        51.167 8
G29  24878516.586 9 130737439.548 9      3070.961 9        54.288 9                                                                  24878516.586 8 130737439.548 8      3070.961 8        51.288 8
G10  22361523.980 9 117510566.686 9      3242.794 9        55.214 9                                                                  22361523.980 8 117510566.686 8      3242.794 8        52.214 8
G12  20802345.603 9 109317041.267 9       166.490 9        55.842 9                                                                  20802345.603 8 109317041.267 8       166.490 8        52.842 8
G17  24701613.146 9 129807786.259 9     -2952.926 9        54.350 9                                                                  24701613.146 8 129807786.259 8     -2952.926 8        51.350 8
G24  24340606.204 9 127910700.531 9      3055.457 9        54.477 9                                                                  24340606.204 8 127910700.531 8      3055.457 8        51.477 8
G30  22581698.804 9 118667595.972 9      2322.430 9        55.129 9                                                                  22581698.804 8 118667595.972 8      2322.430 8        52.129 8
G05  21259027.921 9 111716921.058 9       665.525 9        55.653 9                                                                  21259027.921 8 111716921.058 8       665.525 8        52.653 8
G04  21956429.799 9 115381786.822 9     -2478.612 9        55.373 9                                                                  21956429.799 8 115381786.822 8     -2478.612 8        52.373 8
E04                                                                  23384144.330 9 122884474.699 9      -154.320 9        57.938 9  23384144.330 9 122884474.699 9      -154.320 9        57.938 9
E05                                                                  26140366.836 9 137368491.190 9     -2059.883 9        56.970 9  26140366.836 9 137368491.190 9     -2059.883 9        56.970 9
E11                                                                  26669498.391 9 140149096.042 9     -2411.515 9        56.796 9  26669498.391 9 140149096.042 9     -2411.515 9        56.796 9
E20                                                                  27870619.040 9 146461013.057 9     -1680.487 9        56.414 9  27870619.040 9 146461013.057 9     -1680.487 9        56.414 9
E09                                                                  24996004.534 9 131354840.936 9      2568.591 9        57.359 9  24996004.534 9 131354840.936 9      2568.591 9        57.359 9
E10                                                                  23770038.433 9 124912359.026 9        -3.258 9        57.796 9  23770038.433 9 124912359.026 9        -3.258 9        57.796 9
E03                                                                  25040164.669 9 131586911.403 9      1946.584 9        57.344 9  25040164.669 9 131586911.403 9      1946.584 9        57.344 9
> 2026 02 03 10 01 20.0000000  0 18       0.000000000000
G02  20304756.447 9 106702194.271 9      -389.527 9        56.052 9                                                                  20304756.447 8 106702194.271 8      -389.527 8        53.052 8
G09  25277987.291 9 132836660.030 9     -2814.194 9        54.149 9                                                                  25277987.291 8 132836660.030 8     -2814.194 8        51.149 8
G13  25226592.350 9 132566568.065 9      1220.722 9        54.167 9                                                                  25226592.350 8 132566568.065 8      1220.722 8        51.167 8
G29  24877932.198 9 130734368.572 9      3070.987 9        54.288 9                                                                  24877932.198 8 130734368.572 8      3070.987 8        51.288 8
G10  22360906.926 9 117507324.054 9      3242.478 9        55.214 9                                                                  22360906.926 8 117507324.054 8      3242.478 8        52.214 8
G12  20802313.985 9 109316875.108 9       165.826 9        55.842 9                                                                  20802313.985 8 109316875.108 8       165.826 8        52.842 8
G17  24702175.080 9 129810739.231 9     -2953.051 9        54.349 9                                                                  24702175.080 8 129810739.231 8     -2953.051 8        51.349 8
G24  24340024.784 9 127907645.157 9      3055.293 9        54.478 9                                                                  24340024.784 8 127907645.157 8      3055.293 8        51.478 8
G30  22581256.906 9 118665273.785 9      2321.945 9        55.129 9                                                                  22581256.906 8 118665273.785 8      2321.945 8        52.129 8
G05  21258901.338 9 111716255.860 9       664.869 9        55.653 9                                                                  21258901.338 8 111716255.860 8       664.869 8        52.653 8
G04  21956901.480 9 115384265.521 9     -2478.799 9        55.373 9                                                                  21956901.480 8 115384265.521 8     -2478.799 8        52.373 8
E04                                                                  23384173.720 9 122884629.142 9      -154.568 9        57.938 9  23384173.720 9 122884629.142 9      -154.568 9        57.938 9
E05                                                                  26140758.835 9 137370551.148 9     -2060.053 9        56.970 9  26140758.835 9 137370551.148 9     -2060.053 9        56.970 9
E11                                                                  26669957.311 9 140151507.670 9     -2411.761 9        56.796 9  26669957.311 9 140151507.670 9     -2411.761 9        56.796 9
E20                                                                  27870938.856 9 146462693.692 9     -1680.795 9        56.413 9  27870938.856 9 146462693.692 9     -1680.795 9        56.413 9
E09                                                                  24995515.773 9 131352272.489 9      2568.315 9        57.359 9  24995515.773 9 131352272.489 9      2568.315 9        57.359 9
E10                                                                  23770039.098 9 124912362.520 9        -3.729 9        57.796 9  23770039.098 9 124912362.520 9        -3.729 9        57.796 9
E03                                                                  25039794.255 9 131584964.864 9      1946.495 9        57.344 9  25039794.255 9 131584964.864 9      1946.495 9        57.344 9
> 2026 02 03 10 01 21.0000000  0 18       0.000000000000
G02  20304830.610 9 106702583.994 9      -389.921 9        56.052 9                                                                  20304830.610 8 106702583.994 8      -389.921 8        53.052 8
G09  25278522.809 9 132839474.191 9     -2814.142 9        54.149 9                                                                  25278522.809 8 132839474.191 8     -2814.142 8        51.149 8
G13  25226360.097 9 132565347.574 9      1220.270 9        54.167 9                                                                  25226360.097 8 132565347.574 8      1220.270 8        51.167 8
G29  24877347.806 9 130731297.571 9      3071.013 9        54.288 9                                                                  24877347.806 8 130731297.571 8      3071.013 8        51.288 8
G10  22360289.933 9 117504081.738 9      3242.163 9        55.215 9                                                                  22360289.933 8 117504081.738 8      3242.163 8        52.215 8
G12  20802282.492 9 109316709.613 9       165.162 9        55.842 9                                                                  20802282.492 8 109316709.613 8       165.162 8        52.842 8
G17  24702737.039 9 129813692.328 9     -2953.176 9        54.349 9                                                                  24702737.039 8 129813692.328 8     -2953.176 8        51.349 8
G24  24339443.397 9 127904589.946 9      3055.129 9        54.478 9                                                                  24339443.397 8 127904589.946 8      3055.129 8        51.478 8
G30  22580815.100 9 118662952.083 9      2321.459 9        55.129 9                                                                  22580815.100 8 118662952.083 8      2321.459 8        52.129 8
G05  21258774.880 9 111715591.318 9       664.213 9        55.653 9                                                                  21258774.880 8 111715591.318 8       664.213 8        52.653 8
G04  21957373.198 9 115386744.408 9     -2478.986 9        55.372 9                                                                  21957373.198 8 115386744.408 8     -2478.986 8        52.372 8
E04                                                                  23384203.156 9 122884783.834 9      -154.816 9        57.938 9  23384203.156 9 122884783.834 9      -154.816 9        57.938 9
E05                                                                  26141150.865 9 137372611.277 9     -2060.223 9        56.970 9  26141150.865 9 137372611.277 9     -2060.223 9        56.970 9
E11                                                                  26670416.276 9 140153919.545 9     -2412.007 9        56.796 9  26670416.276 9 140153919.545 9     -2412.007 9        56.796 9
E20                                                                  27871258.730 9 146464374.634 9     -1681.103 9        56.413 9  27871258.730 9 146464374.634 9     -1681.103 9        56.413 9
E09                                                                  24995027.066 9 131349704.317 9      2568.038 9        57.359 9  24995027.066 9 131349704.317 9      2568.038 9        57.359 9
E10                                                                  23770039.853 9 124912366.485 9        -4.200 9        57.796 9  23770039.853 9 124912366.485 9        -4.200 9        57.796 9
E03                                                                  25039423.857 9 131583018.414 9      1946.407 9        57.344 9  25039423.857 9 131583018.414 9      1946.407 9        57.344 9
> 2026 02 03 10 01 22.0000000  0 18       0.000000000000
G02  20304904.847 9 106702974.112 9      -390.315 9        56.052 9                                                                  20304904.847 8 106702974.112 8      -390.315 8        53.052 8
G09  25279058.318 9 132842288.300 9     -2814.089 9        54.149 9                                                                  25279058.318 8 132842288.300 8     -2814.089 8        51.149 8
G13  25226127.931 9 132564127.536 9      1219.818 9        54.167 9                                                                  25226127.931 8 132564127.536 8      1219.818 8        51.167 8
G29  24876763.408 9 130728226.544 9      3071.039 9        54.288 9                                                                  24876763.408 8 130728226.544 8      3071.039 8        51.288 8
G10  22359673.000 9 117500839.737 9      3241.847 9        55.215 9                                                                  22359673.000 8 117500839.737 8      3241.847 8        52.215 8
G12  20802251.126 9 109316544.781 9       164.498 9        55.842 9                                                                  20802251.126 8 109316544.781 8       164.498 8        52.842 8
G17  24703299.020 9 129816645.550 9     -2953.301 9        54.349 9                                                                  24703299.020 8 129816645.550 8     -2953.301 8        51.349 8
G24  24338862.040 9 127901534.899 9      3054.965 9        54.478 9                                                                  24338862.040 8 127901534.899 8      3054.965 8        51.478 8
G30  22580373.387 9 118660630.867 9      2320.973 9        55.129 9                                                                  22580373.387 8 118660630.867 8      2320.973 8        52.129 8
G05  21258648.547 9 111714927.433 9       663.557 9        55.653 9                                                                  21258648.547 8 111714927.433 8       663.557 8        52.653 8
G04  21957844.950 9 115389223.481 9     -2479.173 9        55.372 9                                                                  21957844.950 8 115389223.481 8     -2479.173 8        52.372 8
E04                                                                  23384232.641 9 122884938.773 9      -155.064 9        57.938 9  23384232.641 9 122884938.773 9      -155.064 9        57.938 9
E05                                                                  26141542.929 9 137374671.576 9     -2060.393 9        56.970 9  26141542.929 9 137374671.576 9     -2060.393 9        56.970 9
E11                                                                  26670875.289 9 140156331.665 9     -2412.252 9        56.796 9  26670875.289 9 140156331.665 9     -2412.252 9        56.796 9
E20                                                                  27871578.663 9 146466055.885 9     -1681.411 9        56.413 9  27871578.663 9 146466055.885 9     -1681.411 9        56.413 9
E09                                                                  24994538.410 9 131347136.422 9      2567.762 9        57.360 9  24994538.410 9 131347136.422 9      2567.762 9        57.360 9
E10                                                                  23770040.697 9 124912370.920 9        -4.671 9        57.796 9  23770040.697 9 124912370.920 9        -4.671 9        57.796 9
E03                                                                  25039053.477 9 131581072.052 9      1946.318 9        57.344 9  25039053.477 9 131581072.052 9      1946.318 9        57.344 9
> 2026 02 03 10 01 23.0000000  0 18       0.000000000000
G02  20304979.159 9 106703364.623 9      -390.709 9        56.052 9                                                                  20304979.159 8 106703364.623 8      -390.709 8        53.052 8
G09  25279593.817 9 132845102.356 9     -2814.037 9        54.149 9                                                                  25279593.817 8 132845102.356 8     -2814.037 8        51.149 8
G13  25225895.850 9 132562907.949 9      1219.366 9        54.167 9                                                                  25225895.850 8 132562907.949 8      1219.366 8        51.167 8
G29  24876179.006 9 130725155.490 9      3071.065 9        54.288 9                                                                  24876179.006 8 130725155.490 8      3071.065 8        51.288 8
G10  22359056.128 9 117497598.053 9      3241.531 9        55.215 9                                                                  22359056.128 8 117497598.053 8      3241.531 8        52.215 8
G12  20802219.886 9 109316380.614 9       163.835 9        55.842 9                                                                  20802219.886 8 109316380.614 8       163.835 8        52.842 8
G17  24703861.026 9 129819598.898 9     -2953.426 9        54.349 9                                                                  24703861.026 8 129819598.898 8     -2953.426 8        51.349 8
G24  24338280.714 9 127898480.017 9      3054.801 9        54.478 9                                                                  24338280.714 8 127898480.017 8      3054.801 8        51.478 8
G30  22579931.767 9 118658310.138 9      2320.487 9        55.130 9                                                                  22579931.767 8 118658310.138 8      2320.487 8        52.130 8
G05  21258522.339 9 111714264.203 9       662.900 9        55.653 9                                                                  21258522.339 8 111714264.203 8       662.900 8        52.653 8
G04  21958316.739 9 115391702.741 9     -2479.360 9        55.372 9                                                                  21958316.739 8 115391702.741 8     -2479.360 8        52.372 8
E04                                                                  23384262.172 9 122885093.960 9      -155.312 9        57.938 9  23384262.172 9 122885093.960 9      -155.312 9        57.938 9
E05                                                                  26141935.024 9 137376732.044 9     -2060.564 9        56.970 9  26141935.024 9 137376732.044 9     -2060.564 9        56.970 9
E11                                                                  26671334.348 9 140158744.030 9     -2412.498 9        56.796 9  26671334.348 9 140158744.030 9     -2412.498 9        56.796 9
E20                                                                  27871898.654 9 146467737.443 9     -1681.719 9        56.413 9  27871898.654 9 146467737.443 9     -1681.719 9        56.413 9
E09                                                                  24994049.808 9 131344568.804 9      2567.485 9        57.360 9  24994049.808 9 131344568.804 9      2567.485 9        57.360 9
E10                                                                  23770041.630 9 124912375.826 9        -5.141 9        57.796 9  23770041.630 9 124912375.826 9        -5.141 9        57.796 9
E03                                                                  25038683.113 9 131579125.780 9      1946.229 9        57.344 9  25038683.113 9 131579125.780 9      1946.229 9        57.344 9
> 2026 02 03 10 01 24.0000000  0 18       0.000000000000
G02  20305053.546 9 106703755.528 9      -391.103 9        56.052 9                                                                  20305053.546 8 106703755.528 8      -391.103 8        53.052 8
G09  25280129.306 9 132847916.360 9     -2813.984 9        54.148 9                                                                  25280129.306 8 132847916.360 8     -2813.984 8        51.148 8
G13  25225663.856 9 132561688.814 9      1218.914 9        54.167 9                                                                  25225663.856 8 132561688.814 8      1218.914 8        51.167 8
G29  24875594.598 9 130722084.411 9      3071.091 9        54.289 9                                                                  24875594.598 8 130722084.411 8      3071.091 8        51.289 8
G10  22358439.315 9 117494356.684 9      3241.215 9        55.215 9                                                                  22358439.315 8 117494356.684 8      3241.215 8        52.215 8
G12  20802188.773 9 109316217.111 9       163.171 9        55.842 9                                                                  20802188.773 8 109316217.111 8       163.171 8        52.842 8
G17  24704423.056 9 129822552.370 9     -2953.551 9        54.349 9                                                                  24704423.056 8 129822552.370 8     -2953.551 8        51.349 8
G24  24337699.420 9 127895425.298 9      3054.637 9        54.478 9                                                                  24337699.420 8 127895425.298 8      3054.637 8        51.478 8
G30  22579490.239 9 118655989.894 9      2320.001 9        55.130 9                                                                  22579490.239 8 118655989.894 8      2320.001 8        52.130 8
G05  21258396.255 9 111713601.630 9       662.244 9        55.653 9                                                                  21258396.255 8 111713601.630 8       662.244 8        52.653 8
G04  21958788.563 9 115394182.188 9     -2479.547 9        55.372 9                                                                  21958788.563 8 115394182.188 8     -2479.547 8        52.372 8
E04                                                                  23384291.750 9 122885249.396 9      -155.560 9        57.938 9  23384291.750 9 122885249.396 9      -155.560 9        57.938 9
E05                                                                  26142327.152 9 137378792.684 9     -2060.734 9        56.970 9  26142327.152 9 137378792.684 9     -2060.734 9        56.970 9
E11                                                                  26671793.455 9 140161156.642 9     -2412.743 9        56.795 9  26671793.455 9 140161156.642 9     -2412.743 9        56.795 9
E20                                                                  27872218.705 9 146469419.309 9     -1682.026 9        56.413 9  27872218.705 9 146469419.309 9     -1682.026 9        56.413 9
E09                                                                  24993561.258 9 131342001.461 9      2567.209 9        57.360 9  24993561.258 9 131342001.461 9      2567.209 9        57.360 9
E10                                                                  23770042.653 9 124912381.203 9        -5.612 9        57.796 9  23770042.653 9 124912381.203 9        -5.612 9        57.796 9
E03                                                                  25038312.766 9 131577179.596 9      1946.140 9        57.344 9  25038312.766 9 131577179.596 9      1946.140 9        57.344 9
> 2026 02 03 10 01 25.0000000  0 18       0.000000000000
G02  20305128.008 9 106704146.827 9      -391.497 9        56.052 9                                                                  20305128.008 8 106704146.827 8      -391.497 8        53.052 8
G09  25280664.785 9 132850730.311 9     -2813.931 9        54.148 9                                                                  25280664.785 8 132850730.311 8     -2813.931 8        51.148 8
G13  25225431.947 9 132560470.131 9      1218.462 9        54.167 9                                                                  25225431.947 8 132560470.131 8      1218.462 8        51.167 8
G29  24875010.186 9 130719013.305 9      3071.117 9        54.289 9                                                                  24875010.186 8 130719013.305 8      3071.117 8        51.289 8
G10  22357822.562 9 117491115.631 9      3240.899 9        55.215 9                                                                  22357822.562 8 117491115.631 8      3240.899 8        52.215 8
G12  20802157.785 9 109316054.271 9       162.507 9        55.842 9                                                                  20802157.785 8 109316054.271 8       162.507 8        52.842 8
G17  24704985.109 9 129825505.967 9     -2953.675 9        54.348 9                                                                  24704985.109 8 129825505.967 8     -2953.675 8        51.348 8
G24  24337118.157 9 127892370.744 9      3054.473 9        54.479 9                                                                  24337118.157 8 127892370.744 8      3054.473 8        51.479 8
G30  22579048.803 9 118653670.136 9      2319.514 9        55.130 9                                                                  22579048.803 8 118653670.136 8      2319.514 8        52.130 8
G05  21258270.297 9 111712939.713 9       661.588 9        55.653 9                                                                  21258270.297 8 111712939.713 8       661.588 8        52.653 8
G04  21959260.422 9 115396661.821 9     -2479.733 9        55.372 9                                                                  21959260.422 8 115396661.821 8     -2479.733 8        52.372 8
E04                                                                  23384321.376 9 122885405.079 9      -155.808 9        57.938 9  23384321.376 9 122885405.079 9      -155.808 9        57.938 9
E05                                                                  26142719.313 9 137380853.493 9     -2060.904 9        56.969 9  26142719.313 9 137380853.493 9     -2060.904 9        56.969 9
E11                                                                  26672252.607 9 140163569.498 9     -2412.989 9        56.795 9  26672252.607 9 140163569.498 9     -2412.989 9        56.795 9
E20                                                                  27872538.813 9 146471101.483 9     -1682.334 9        56.413 9  27872538.813 9 146471101.483 9     -1682.334 9        56.413 9
E09                                                                  24993072.761 9 131339434.396 9      2566.932 9        57.360 9  24993072.761 9 131339434.396 9      2566.932 9        57.360 9
E10                                                                  23770043.766 9 124912387.050 9        -6.083 9        57.796 9  23770043.766 9 124912387.050 9        -6.083 9        57.796 9
E03                                                                  25037942.436 9 131575233.502 9      1946.051 9        57.344 9  25037942.436 9 131575233.502 9      1946.051 9        57.344 9
> 2026 02 03 10 01 26.0000000  0 18       0.000000000000
G02  20305202.544 9 106704538.520 9      -391.891 9        56.052 9                                                                  20305202.544 8 106704538.520 8      -391.891 8        53.052 8
G09  25281200.253 9 132853544.209 9     -2813.878 9        54.148 9                                                                  25281200.253 8 132853544.209 8     -2813.878 8        51.148 8
G13  25225200.125 9 132559251.901 9      1218.010 9        54.167 9                                                                  25225200.125 8 132559251.901 8      1218.010 8        51.167 8
G29  24874425.769 9 130715942.174 9      3071.143 9        54.289 9                                                                  24874425.769 8 130715942.174 8      3071.143 8        51.289 8
G10  22357205.870 9 117487874.894 9      3240.583 9        55.216 9                                                                  22357205.870 8 117487874.894 8      3240.583 8        52.216 8
G12  20802126.924 9 109315892.095 9       161.843 9        55.842 9                                                                  20802126.924 8 109315892.095 8       161.843 8        52.842 8
G17  24705547.186 9 129828459.689 9     -2953.800 9        54.348 9                                                                  24705547.186 8 129828459.689 8     -2953.800 8        51.348 8
G24  24336536.925 9 127889316.353 9      3054.309 9        54.479 9                                                                  24336536.925 8 127889316.353 8      3054.309 8        51.479 8
G30  22578607.460 9 118651350.865 9      2319.028 9        55.130 9                                                                  22578607.460 8 118651350.865 8      2319.028 8        52.130 8
G05  21258144.463 9 111712278.453 9       660.932 9        55.654 9                                                                  21258144.463 8 111712278.453 8       660.932 8        52.654 8
G04  21959732.317 9 115399141.641 9     -2479.920 9        55.372 9                                                                  21959732.317 8 115399141.641 8     -2479.920 8        52.372 8
E04                                                                  23384351.049 9 122885561.010 9      -156.056 9        57.938 9  23384351.049 9 122885561.010 9      -156.056 9        57.938 9
E05                                                                  26143111.506 9 137382914.473 9     -2061.075 9        56.969 9  26143111.506 9 137382914.473 9     -2061.075 9        56.969 9
E11                                                                  26672711.807 9 140165982.600 9     -2413.234 9        56.795 9  26672711.807 9 140165982.600 9     -2413.234 9        56.795 9
E20                                                                  27872858.980 9 146472783.964 9     -1682.642 9        56.413 9  27872858.980 9 146472783.964 9     -1682.642 9        56.413 9
E09                                                                  24992584.316 9 131336867.608 9      2566.655 9        57.360 9  24992584.316 9 131336867.608 9      2566.655 9        57.360 9
E10                                                                  23770044.968 9 124912393.368 9        -6.553 9        57.796 9  23770044.968 9 124912393.368 9        -6.553 9        57.796 9
E03                                                                  25037572.123 9 131573287.497 9      1945.962 9        57.345 9  25037572.123 9 131573287.497 9      1945.962 9        57.345 9
> 2026 02 03 10 01 27.0000000  0 18       0.000000000000
G02  20305277.156 9 106704930.607 9      -392.284 9        56.052 9                                                                  20305277.156 8 106704930.607 8      -392.284 8        53.052 8
G09  25281735.712 9 132856358.054 9     -2813.825 9        54.148 9                                                                  25281735.712 8 132856358.054 8     -2813.825 8        51.148 8
G13  25224968.389 9 132558034.122 9      1217.558 9        54.167 9                                                                  25224968.389 8 132558034.122 8      1217.558 8        51.167 8
G29  24873841.346 9 130712871.017 9      3071.169 9        54.289 9                                                                  24873841.346 8 130712871.017 8      3071.169 8        51.289 8
G10  22356589.237 9 117484634.473 9      3240.267 9        55.216 9                                                                  22356589.237 8 117484634.473 8      3240.267 8        52.216 8
G12  20802096.190 9 109315730.584 9       161.179 9        55.842 9                                                                  20802096.190 8 109315730.584 8       161.179 8        52.842 8
G17  24706109.287 9 129831413.535 9     -2953.925 9        54.348 9                                                                  24706109.287 8 129831413.535 8     -2953.925 8        51.348 8
G24  24335955.724 9 127886262.127 9      3054.145 9        54.479 9                                                                  24335955.724 8 127886262.127 8      3054.145 8        51.479 8
G30  22578166.210 9 118649032.080 9      2318.542 9        55.130 9                                                                  22578166.210 8 118649032.080 8      2318.542 8        52.130 8
G05  21258018.754 9 111711617.849 9       660.275 9        55.654 9                                                                  21258018.754 8 111711617.849 8       660.275 8        52.654 8
G04  21960204.248 9 115401621.648 9     -2480.107 9        55.371 9                                                                  21960204.248 8 115401621.648 8     -2480.107 8        52.371 8
E04                                                                  23384380.769 9 122885717.190 9      -156.304 9        57.938 9  23384380.769 9 122885717.190 9      -156.304 9        57.938 9
E05                                                                  26143503.731 9 137384975.623 9     -2061.245 9        56.969 9  26143503.731 9 137384975.623 9     -2061.245 9        56.969 9
E11                                                                  26673171.053 9 140168395.948 9     -2413.479 9        56.795 9  26673171.053 9 140168395.948 9     -2413.479 9        56.795 9
E20                                                                  27873179.206 9 146474466.753 9     -1682.949 9        56.413 9  27873179.206 9 146474466.753 9     -1682.949 9        56.413 9
E09                                                                  24992095.924 9 131334301.096 9      2566.379 9        57.360 9  24992095.924 9 131334301.096 9      2566.379 9        57.360 9
E10                                                                  23770046.260 9 124912400.157 9        -7.024 9        57.796 9  23770046.260 9 124912400.157 9        -7.024 9        57.796 9
E03                                                                  25037201.827 9 131571341.581 9      1945.872 9        57.345 9  25037201.827 9 131571341.581 9      1945.872 9        57.345 9
> 2026 02 03 10 01 28.0000000  0 18       0.000000000000
G02  20305351.843 9 106705323.087 9      -392.678 9        56.052 9                                                                  20305351.843 8 106705323.087 8      -392.678 8        53.052 8
G09  25282271.161 9 132859171.846 9     -2813.772 9        54.148 9                                                                  25282271.161 8 132859171.846 8     -2813.772 8        51.148 8
G13  25224736.738 9 132556816.796 9      1217.106 9        54.168 9                                                                  25224736.738 8 132556816.796 8      1217.106 8        51.168 8
G29  24873256.919 9 130709799.833 9      3071.195 9        54.289 9                                                                  24873256.919 8 130709799.833 8      3071.195 8        51.289 8
G10  22355972.665 9 117481394.369 9      3239.951 9        55.216 9                                                                  22355972.665 8 117481394.369 8      3239.951 8        52.216 8
G12  20802065.582 9 109315569.736 9       160.515 9        55.842 9                                                                  20802065.582 8 109315569.736 8       160.515 8        52.842 8
G17  24706671.411 9 129834367.507 9     -2954.050 9        54.348 9                                                                  24706671.411 8 129834367.507 8     -2954.050 8        51.348 8
G24  24335374.555 9 127883208.064 9      3053.981 9        54.479 9                                                                  24335374.555 8 127883208.064 8      3053.981 8        51.479 8
G30  22577725.052 9 118646713.782 9      2318.055 9        55.130 9                                                                  22577725.052 8 118646713.782 8      2318.055 8        52.130 8
G05  21257893.170 9 111710957.901 9       659.619 9        55.654 9                                                                  21257893.170 8 111710957.901 8       659.619 8        52.654 8
G04  21960676.214 9 115404101.842 9     -2480.293 9        55.371 9                                                                  21960676.214 8 115404101.842 8     -2480.293 8        52.371 8
E04                                                                  23384410.536 9 122885873.617 9      -156.552 9        57.938 9  23384410.536 9 122885873.617 9      -156.552 9        57.938 9
E05                                                                  26143895.989 9 137387036.943 9     -2061.415 9        56.969 9  26143895.989 9 137387036.943 9     -2061.415 9        56.969 9
E11                                                                  26673630.346 9 140170809.541 9     -2413.725 9        56.795 9  26673630.346 9 140170809.541 9     -2413.725 9        56.795 9
E20                                                                  27873499.490 9 146476149.849 9     -1683.256 9        56.413 9  27873499.490 9 146476149.849 9     -1683.256 9        56.413 9
E09                                                                  24991607.585 9 131331734.860 9      2566.102 9        57.361 9  24991607.585 9 131331734.860 9      2566.102 9        57.361 9
E10                                                                  23770047.641 9 124912407.417 9        -7.495 9        57.796 9  23770047.641 9 124912407.417 9        -7.495 9        57.796 9
E03                                                                  25036831.548 9 131569395.753 9      1945.783 9        57.345 9  25036831.548 9 131569395.753 9      1945.783 9        57.345 9
> 2026 02 03 10 01 29.0000000  0 18       0.000000000000
G02  20305426.605 9 106705715.961 9      -393.072 9        56.052 9                                                                  20305426.605 8 106705715.961 8      -393.072 8        53.052 8
G09  25282806.599 9 132861985.585 9     -2813.719 9        54.148 9                                                                  25282806.599 8 132861985.585 8     -2813.719 8        51.148 8
G13  25224505.174 9 132555599.922 9      1216.653 9        54.168 9                                                                  25224505.174 8 132555599.922 8      1216.653 8        51.168 8
G29  24872672.487 9 130706728.624 9      3071.221 9        54.290 9                                                                  24872672.487 8 130706728.624 8      3071.221 8        51.290 8
G10  22355356.153 9 117478154.580 9      3239.634 9        55.216 9                                                                  22355356.153 8 117478154.580 8      3239.634 8        52.216 8
G12  20802035.100 9 109315409.552 9       159.851 9        55.842 9                                                                  20802035.100 8 109315409.552 8       159.851 8        52.842 8
G17  24707233.560 9 129837321.603 9     -2954.175 9        54.348 9                                                                  24707233.560 8 129837321.603 8     -2954.175 8        51.348 8
G24  24334793.417 9 127880154.166 9      3053.816 9        54.480 9                                                                  24334793.417 8 127880154.166 8      3053.816 8        51.480 8
G30  22577283.987 9 118644395.970 9      2317.568 9        55.131 9                                                                  22577283.987 8 118644395.970 8      2317.568 8        52.131 8
G05  21257767.711 9 111710298.609 9       658.963 9        55.654 9                                                                  21257767.711 8 111710298.609 8       658.963 8        52.654 8
G04  21961148.215 9 115406582.222 9     -2480.480 9        55.371 9                                                                  21961148.215 8 115406582.222 8     -2480.480 8        52.371 8
E04                                                                  23384440.351 9 122886030.293 9      -156.800 9        57.938 9  23384440.351 9 122886030.293 9      -156.800 9        57.938 9
E05                                                                  26144288.279 9 137389098.434 9     -2061.585 9        56.969 9  26144288.279 9 137389098.434 9     -2061.585 9        56.969 9
E11                                                                  26674089.685 9 140173223.378 9     -2413.970 9        56.795 9  26674089.685 9 140173223.378 9     -2413.970 9        56.795 9
E20                                                                  27873819.833 9 146477833.253 9     -1683.564 9        56.413 9  27873819.833 9 146477833.253 9     -1683.564 9        56.413 9
E09                                                                  24991119.298 9 131329168.902 9      2565.825 9        57.361 9  24991119.298 9 131329168.902 9      2565.825 9        57.361 9
E10                                                                  23770049.112 9 124912415.147 9        -7.965 9        57.796 9  23770049.112 9 124912415.147 9        -7.965 9        57.796 9
E03                                                                  25036461.286 9 131567450.015 9      1945.694 9        57.345 9  25036461.286 9 131567450.015 9      1945.694 9        57.345 9
> 2026 02 03 10 01 30.0000000  0 18       0.000000000000
G02  20305501.441 9 106706109.229 9      -393.466 9        56.052 9                                                                  20305501.441 8 106706109.229 8      -393.466 8        53.052 8
G09  25283342.028 9 132864799.271 9     -2813.666 9        54.147 9                                                                  25283342.028 8 132864799.271 8     -2813.666 8        51.147 8
G13  25224273.696 9 132554383.501 9      1216.201 9        54.168 9                                                                  25224273.696 8 132554383.501 8      1216.201 8        51.168 8
G29  24872088.050 9 130703657.389 9      3071.247 9        54.290 9                                                                  24872088.050 8 130703657.389 8      3071.247 8        51.290 8
G10  22354739.701 9 117474915.109 9      3239.318 9        55.217 9                                                                  22354739.701 8 117474915.109 8      3239.318 8        52.217 8
G12  20802004.745 9 109315250.033 9       159.187 9        55.842 9                                                                  20802004.745 8 109315250.033 8       159.187 8        52.842 8
G17  24707795.732 9 129840275.825 9     -2954.300 9        54.347 9                                                                  24707795.732 8 129840275.825 8     -2954.300 8        51.347 8
G24  24334212.310 9 127877100.432 9      3053.652 9        54.480 9                                                                  24334212.310 8 127877100.432 8      3053.652 8        51.480 8
G30  22576843.014 9 118642078.645 9      2317.082 9        55.131 9                                                                  22576843.014 8 118642078.645 8      2317.082 8        52.131 8
G05  21257642.377 9 111709639.974 9       658.306 9        55.654 9                                                                  21257642.377 8 111709639.974 8       658.306 8        52.654 8
G04  21961620.252 9 115409062.788 9     -2480.666 9        55.371 9                                                                  21961620.252 8 115409062.788 8     -2480.666 8        52.371 8
E04                                                                  23384470.213 9 122886187.217 9      -157.049 9        57.938 9  23384470.213 9 122886187.217 9      -157.049 9        57.938 9
E05                                                                  26144680.601 9 137391160.094 9     -2061.756 9        56.969 9  26144680.601 9 137391160.094 9     -2061.756 9        56.969 9
E11                                                                  26674549.072 9 140175637.461 9     -2414.215 9        56.795 9  26674549.072 9 140175637.461 9     -2414.215 9        56.795 9
E20                                                                  27874140.234 9 146479516.964 9     -1683.871 9        56.412 9  27874140.234 9 146479516.964 9     -1683.871 9        56.412 9
E09                                                                  24990631.064 9 131326603.221 9      2565.548 9        57.361 9  24990631.064 9 131326603.221 9      2565.548 9        57.361 9
E10                                                                  23770050.673 9 124912423.347 9        -8.436 9        57.796 9  23770050.673 9 124912423.347 9        -8.436 9        57.796 9
E03                                                                  25036091.041 9 131565504.367 9      1945.605 9        57.345 9  25036091.041 9 131565504.367 9      1945.605 9        57.345 9
> 2026 02 03 10 01 31.0000000  0 18       0.000000000000
G02  20305576.353 9 106706502.890 9      -393.859 9        56.052 9                                                                  20305576.353 8 106706502.890 8      -393.859 8        53.052 8
G09  25283877.446 9 132867612.903 9     -2813.612 9        54.147 9                                                                  25283877.446 8 132867612.903 8     -2813.612 8        51.147 8
G13  25224042.304 9 132553167.532 9      1215.748 9        54.168 9                                                                  25224042.304 8 132553167.532 8      1215.748 8        51.168 8
G29  24871503.608 9 130700586.128 9      3071.273 9        54.290 9                                                                  24871503.608 8 130700586.128 8      3071.273 8        51.290 8
G10  22354123.310 9 117471675.954 9      3239.001 9        55.217 9                                                                  22354123.310 8 117471675.954 8      3239.001 8        52.217 8
G12  20801974.516 9 109315091.177 9       158.523 9        55.842 9                                                                  20801974.516 8 109315091.177 8       158.523 8        52.842 8
G17  24708357.927 9 129843230.171 9     -2954.425 9        54.347 9                                                                  24708357.927 8 129843230.171 8     -2954.425 8        51.347 8
G24  24333631.234 9 127874046.862 9      3053.488 9        54.480 9                                                                  24333631.234 8 127874046.862 8      3053.488 8        51.480 8
G30  22576402.134 9 118639761.806 9      2316.595 9        55.131 9                                                                  22576402.134 8 118639761.806 8      2316.595 8        52.131 8
G05  21257517.168 9 111708981.995 9       657.650 9        55.654 9                                                                  21257517.168 8 111708981.995 8       657.650 8        52.654 8
G04  21962092.325 9 115411543.541 9     -2480.852 9        55.371 9                                                                  21962092.325 8 115411543.541 8     -2480.852 8        52.371 8
E04                                                                  23384500.122 9 122886344.389 9      -157.297 9        57.938 9  23384500.122 9 122886344.389 9      -157.297 9        57.938 9
E05                                                                  26145072.956 9 137393221.926 9     -2061.926 9        56.969 9  26145072.956 9 137393221.926 9     -2061.926 9        56.969 9
E11                                                                  26675008.505 9 140178051.790 9     -2414.460 9        56.794 9  26675008.505 9 140178051.790 9     -2414.460 9        56.794 9
E20                                                                  27874460.694 9 146481200.982 9     -1684.178 9        56.412 9  27874460.694 9 146481200.982 9     -1684.178 9        56.412 9
E09                                                                  24990142.883 9 131324037.816 9      2565.271 9        57.361 9  24990142.883 9 131324037.816 9      2565.271 9        57.361 9
E10                                                                  23770052.323 9 124912432.018 9        -8.906 9        57.796 9  23770052.323 9 124912432.018 9        -8.906 9        57.796 9
E03                                                                  25035720.813 9 131563558.807 9      1945.516 9        57.345 9  25035720.813 9 131563558.807 9      1945.516 9        57.345 9
> 2026 02 03 10 01 32.0000000  0 18       0.000000000000
G02  20305651.339 9 106706896.945 9      -394.253 9        56.052 9                                                                  20305651.339 8 106706896.945 8      -394.253 8        53.052 8
G09  25284412.854 9 132870426.482 9     -2813.559 9        54.147 9                                                                  25284412.854 8 132870426.482 8     -2813.559 8        51.147 8
G13  25223810.998 9 132551952.016 9      1215.295 9        54.168 9                                                                  25223810.998 8 132551952.016 8      1215.295 8        51.168 8
G29  24870919.161 9 130697514.841 9      3071.299 9        54.290 9                                                                  24870919.161 8 130697514.841 8      3071.299 8        51.290 8
G10  22353506.979 9 117468437.115 9      3238.685 9        55.217 9                                                                  22353506.979 8 117468437.115 8      3238.685 8        52.217 8
G12  20801944.413 9 109314932.986 9       157.859 9        55.842 9                                                                  20801944.413 8 109314932.986 8       157.859 8        52.842 8
G17  24708920.147 9 129846184.642 9     -2954.549 9        54.347 9                                                                  24708920.147 8 129846184.642 8     -2954.549 8        51.347 8
G24  24333050.190 9 127870993.456 9      3053.324 9        54.480 9                                                                  24333050.190 8 127870993.456 8      3053.324 8        51.480 8
G30  22575961.347 9 118637445.455 9      2316.108 9        55.131 9                                                                  22575961.347 8 118637445.455 8      2316.108 8        52.131 8
G05  21257392.084 9 111708324.672 9       656.993 9        55.654 9                                                                  21257392.084 8 111708324.672 8       656.993 8        52.654 8
G04  21962564.433 9 115414024.480 9     -2481.039 9        55.370 9                                                                  21962564.433 8 115414024.480 8     -2481.039 8        52.370 8
E04                                                                  23384530.078 9 122886501.809 9      -157.545 9        57.938 9  23384530.078 9 122886501.809 9      -157.545 9        57.938 9
E05                                                                  26145465.343 9 137395283.927 9     -2062.096 9        56.969 9  26145465.343 9 137395283.927 9     -2062.096 9        56.969 9
E11                                                                  26675467.984 9 140180466.363 9     -2414.705 9        56.794 9  26675467.984 9 140180466.363 9     -2414.705 9        56.794 9
E20                                                                  27874781.212 9 146482885.308 9     -1684.486 9        56.412 9  27874781.212 9 146482885.308 9     -1684.486 9        56.412 9
E09                                                                  24989654.754 9 131321472.688 9      2564.994 9        57.361 9  24989654.754 9 131321472.688 9      2564.994 9        57.361 9
E10                                                                  23770054.063 9 124912441.160 9        -9.377 9        57.796 9  23770054.063 9 124912441.160 9        -9.377 9        57.796 9
E03                                                                  25035350.602 9 131561613.337 9      1945.426 9        57.345 9  25035350.602 9 131561613.337 9      1945.426 9        57.345 9
> 2026 02 03 10 01 33.0000000  0 18       0.000000000000
G02  20305726.400 9 106707291.394 9      -394.646 9        56.052 9                                                                  20305726.400 8 106707291.394 8      -394.646 8        53.052 8
G09  25284948.252 9 132873240.008 9     -2813.505 9        54.147 9                                                                  25284948.252 8 132873240.008 8     -2813.505 8        51.147 8
G13  25223579.779 9 132550736.953 9      1214.843 9        54.168 9                                                                  25223579.779 8 132550736.953 8      1214.843 8        51.168 8
G29  24870334.710 9 130694443.529 9      3071.324 9        54.290 9                                                                  24870334.710 8 130694443.529 8      3071.324 8        51.290 8
G10  22352890.708 9 117465198.593 9      3238.368 9        55.217 9                                                                  22352890.708 8 117465198.593 8      3238.368 8        52.217 8
G12  20801914.437 9 109314775.458 9       157.195 9        55.842 9                                                                  20801914.437 8 109314775.458 8       157.195 8        52.842 8
G17  24709482.390 9 129849139.237 9     -2954.674 9        54.347 9                                                                  24709482.390 8 129849139.237 8     -2954.674 8        51.347 8
G24  24332469.177 9 127867940.215 9      3053.160 9        54.480 9                                                                  24332469.177 8 127867940.215 8      3053.160 8        51.480 8
G30  22575520.652 9 118635129.590 9      2315.621 9        55.131 9                                                                  22575520.652 8 118635129.590 8      2315.621 8        52.131 8
G05  21257267.125 9 111707668.007 9       656.337 9        55.654 9                                                                  21257267.125 8 111707668.007 8       656.337 8        52.654 8
G04  21963036.576 9 115416505.606 9     -2481.225 9        55.370 9                                                                  21963036.576 8 115416505.606 8     -2481.225 8        52.370 8
E04                                                                  23384560.081 9 122886659.478 9      -157.793 9        57.938 9  23384560.081 9 122886659.478 9      -157.793 9        57.938 9
E05                                                                  26145857.763 9 137397346.098 9     -2062.266 9        56.968 9  26145857.763 9 137397346.098 9     -2062.266 9        56.968 9
E11                                                                  26675927.510 9 140182881.181 9     -2414.950 9        56.794 9  26675927.510 9 140182881.181 9     -2414.950 9        56.794 9
E20                                                                  27875101.788 9 146484569.940 9     -1684.793 9        56.412 9  27875101.788 9 146484569.940 9     -1684.793 9        56.412 9
E09                                                                  24989166.679 9 131318907.838 9      2564.717 9        57.361 9  24989166.679 9 131318907.838 9      2564.717 9        57.361 9
E10                                                                  23770055.892 9 124912450.773 9        -9.848 9        57.796 9  23770055.892 9 124912450.773 9        -9.848 9        57.796 9
E03                                                                  25034980.408 9 131559667.956 9      1945.337 9        57.346 9  25034980.408 9 131559667.956 9      1945.337 9        57.346 9
> 2026 02 03 10 01 34.0000000  0 18       0.000000000000
G02  20305801.536 9 106707686.236 9      -395.040 9        56.052 9                                                                  20305801.536 8 106707686.236 8      -395.040 8        53.052 8
G09  25285483.639 9 132876053.480 9     -2813.452 9        54.147 9                                                                  25285483.639 8 132876053.480 8     -2813.452 8        51.147 8
G13  25223348.645 9 132549522.342 9      1214.390 9        54.168 9                                                                  25223348.645 8 132549522.342 8      1214.390 8        51.168 8
G29  24869750.253 9 130691372.190 9      3071.350 9        54.291 9                                                                  24869750.253 8 130691372.190 8      3071.350 8        51.291 8
G10  22352274.497 9 117461960.388 9      3238.051 9        55.218 9                                                                  22352274.497 8 117461960.388 8      3238.051 8        52.218 8
G12  20801884.587 9 109314618.595 9       156.530 9        55.842 9                                                                  20801884.587 8 109314618.595 8       156.530 8        52.842 8
G17  24710044.657 9 129852093.958 9     -2954.799 9        54.347 9                                                                  24710044.657 8 129852093.958 8     -2954.799 8        51.347 8
G24  24331888.195 9 127864887.138 9      3052.995 9        54.481 9                                                                  24331888.195 8 127864887.138 8      3052.995 8        51.481 8
G30  22575080.050 9 118632814.212 9      2315.134 9        55.131 9                                                                  22575080.050 8 118632814.212 8      2315.134 8        52.131 8
G05  21257142.290 9 111707011.997 9       655.680 9        55.654 9                                                                  21257142.290 8 111707011.997 8       655.680 8        52.654 8
G04  21963508.755 9 115418986.918 9     -2481.411 9        55.370 9                                                                  21963508.755 8 115418986.918 8     -2481.411 8        52.370 8
E04                                                                  23384590.132 9 122886817.394 9      -158.042 9        57.938 9  23384590.132 9 122886817.394 9      -158.042 9        57.938 9
E05                                                                  26146250.215 9 137399408.440 9     -2062.437 9        56.968 9  26146250.215 9 137399408.440 9     -2062.437 9        56.968 9
E11                                                                  26676387.083 9 140185296.244 9     -2415.195 9        56.794 9  26676387.083 9 140185296.244 9     -2415.195 9        56.794 9
E20                                                                  27875422.423 9 146486254.880 9     -1685.100 9        56.412 9  27875422.423 9 146486254.880 9     -1685.100 9        56.412 9
E09                                                                  24988678.655 9 131316343.265 9      2564.440 9        57.362 9  24988678.655 9 131316343.265 9      2564.440 9        57.362 9
E10                                                                  23770057.810 9 124912460.856 9       -10.318 9        57.796 9  23770057.810 9 124912460.856 9       -10.318 9        57.796 9
E03                                                                  25034610.231 9 131557722.664 9      1945.248 9        57.346 9  25034610.231 9 131557722.664 9      1945.248 9        57.346 9
> 2026 02 03 10 01 35.0000000  0 18       0.000000000000
G02  20305876.747 9 106708081.471 9      -395.433 9        56.052 9                                                                  20305876.747 8 106708081.471 8      -395.433 8        53.052 8
G09  25286019.017 9 132878866.898 9     -2813.398 9        54.146 9                                                                  25286019.017 8 132878866.898 8     -2813.398 8        51.146 8
G13  25223117.598 9 132548308.184 9      1213.937 9        54.168 9                                                                  25223117.598 8 132548308.184 8      1213.937 8        51.168 8
G29  24869165.791 9 130688300.827 9      3071.376 9        54.291 9                                                                  24869165.791 8 130688300.827 8      3071.376 8        51.291 8
G10  22351658.346 9 117458722.500 9      3237.734 9        55.218 9                                                                  22351658.346 8 117458722.500 8      3237.734 8        52.218 8
G12  20801854.863 9 109314462.395 9       155.866 9        55.842 9                                                                  20801854.863 8 109314462.395 8       155.866 8        52.842 8
G17  24710606.948 9 129855048.803 9     -2954.923 9        54.346 9                                                                  24710606.948 8 129855048.803 8     -2954.923 8        51.346 8
G24  24331307.244 9 127861834.225 9      3052.831 9        54.481 9                                                                  24331307.244 8 127861834.225 8      3052.831 8        51.481 8
G30  22574639.541 9 118630499.321 9      2314.647 9        55.132 9                                                                  22574639.541 8 118630499.321 8      2314.647 8        52.132 8
G05  21257017.581 9 111706356.644 9       655.024 9        55.654 9                                                                  21257017.581 8 111706356.644 8       655.024 8        52.654 8
G04  21963980.969 9 115421468.416 9     -2481.597 9        55.370 9                                                                  21963980.969 8 115421468.416 8     -2481.597 8        52.370 8
E04                                                                  23384620.230 9 122886975.559 9      -158.290 9        57.938 9  23384620.230 9 122886975.559 9      -158.290 9        57.938 9
E05                                                                  26146642.699 9 137401470.952 9     -2062.607 9        56.968 9  26146642.699 9 137401470.952 9     -2062.607 9        56.968 9
E11                                                                  26676846.702 9 140187711.552 9     -2415.440 9        56.794 9  26676846.702 9 140187711.552 9     -2415.440 9        56.794 9
E20                                                                  27875743.117 9 146487940.127 9     -1685.407 9        56.412 9  27875743.117 9 146487940.127 9     -1685.407 9        56.412 9
E09                                                                  24988190.685 9 131313778.968 9      2564.163 9        57.362 9  24988190.685 9 131313778.968 9      2564.163 9        57.362 9
E10                                                                  23770059.819 9 124912471.409 9       -10.789 9        57.796 9  23770059.819 9 124912471.409 9       -10.789 9        57.796 9
E03                                                                  25034240.071 9 131555777.462 9      1945.159 9        57.346 9  25034240.071 9 131555777.462 9      1945.159 9        57.346 9
> 2026 02 03 10 01 36.0000000  0 18       0.000000000000
G02  20305952.033 9 106708477.100 9      -395.827 9        56.052 9                                                                  20305952.033 8 106708477.100 8      -395.827 8        53.052 8
G09  25286554.384 9 132881680.262 9     -2813.344 9        54.146 9                                                                  25286554.384 8 132881680.262 8     -2813.344 8        51.146 8
G13  25222886.636 9 132547094.479 9      1213.484 9        54.168 9                                                                  25222886.636 8 132547094.479 8      1213.484 8        51.168 8
G29  24868581.325 9 130685229.437 9      3071.402 9        54.291 9                                                                  24868581.325 8 130685229.437 8      3071.402 8        51.291 8
G10  22351042.256 9 117455484.929 9      3237.417 9        55.218 9                                                                  22351042.256 8 117455484.929 8      3237.417 8        52.218 8
G12  20801825.266 9 109314306.860 9       155.202 9        55.842 9                                                                  20801825.266 8 109314306.860 8       155.202 8        52.842 8
G17  24711169.263 9 129858003.773 9     -2955.048 9        54.346 9                                                                  24711169.263 8 129858003.773 8     -2955.048 8        51.346 8
G24  24330726.325 9 127858781.476 9      3052.667 9        54.481 9                                                                  24330726.325 8 127858781.476 8      3052.667 8        51.481 8
G30  22574199.124 9 118628184.917 9      2314.160 9        55.132 9                                                                  22574199.124 8 118628184.917 8      2314.160 8        52.132 8
G05  21256892.997 9 111705701.948 9       654.367 9        55.654 9                                                                  21256892.997 8 111705701.948 8       654.367 8        52.654 8
G04  21964453.219 9 115423950.100 9     -2481.784 9        55.370 9                                                                  21964453.219 8 115423950.100 8     -2481.784 8        52.370 8
E04                                                                  23384650.375 9 122887133.973 9      -158.538 9        57.938 9  23384650.375 9 122887133.973 9      -158.538 9        57.938 9
E05                                                                  26147035.216 9 137403533.634 9     -2062.777 9        56.968 9  26147035.216 9 137403533.634 9     -2062.777 9        56.968 9
E11                                                                  26677306.368 9 140190127.105 9     -2415.684 9        56.794 9  26677306.368 9 140190127.105 9     -2415.684 9        56.794 9
E20                                                                  27876063.868 9 146489625.681 9     -1685.714 9        56.412 9  27876063.868 9 146489625.681 9     -1685.714 9        56.412 9
E09                                                                  24987702.767 9 131311214.949 9      2563.886 9        57.362 9  24987702.767 9 131311214.949 9      2563.886 9        57.362 9
E10                                                                  23770061.917 9 124912482.433 9       -11.259 9        57.796 9  23770061.917 9 124912482.433 9       -11.259 9        57.796 9
E03                                                                  25033869.928 9 131553832.349 9      1945.069 9        57.346 9  25033869.928 9 131553832.349 9      1945.069 9        57.346 9
> 2026 02 03 10 01 37.0000000  0 18       0.000000000000
G02  20306027.394 9 106708873.122 9      -396.220 9        56.052 9                                                                  20306027.394 8 106708873.122 8      -396.220 8        53.052 8
G09  25287089.741 9 132884493.572 9     -2813.290 9        54.146 9                                                                  25287089.741 8 132884493.572 8     -2813.290 8        51.146 8
G13  25222655.761 9 132545881.227 9      1213.031 9        54.168 9                                                                  25222655.761 8 132545881.227 8      1213.031 8        51.168 8
G29  24867996.854 9 130682158.021 9      3071.427 9        54.291 9                                                                  24867996.854 8 130682158.021 8      3071.427 8        51.291 8
G10  22350426.227 9 117452247.676 9      3237.099 9        55.218 9                                                                  22350426.227 8 117452247.676 8      3237.099 8        52.218 8
G12  20801795.795 9 109314151.989 9       154.538 9        55.842 9                                                                  20801795.795 8 109314151.989 8       154.538 8        52.842 8
G17  24711731.601 9 129860958.867 9     -2955.173 9        54.346 9                                                                  24711731.601 8 129860958.867 8     -2955.173 8        51.346 8
G24  24330145.437 9 127855728.892 9      3052.502 9        54.481 9                                                                  24330145.437 8 127855728.892 8      3052.502 8        51.481 8
G30  22573758.800 9 118625871.001 9      2313.673 9        55.132 9                                                                  22573758.800 8 118625871.001 8      2313.673 8        52.132 8
G05  21256768.537 9 111705047.909 9       653.710 9        55.654 9                                                                  21256768.537 8 111705047.909 8       653.710 8        52.654 8
G04  21964925.504 9 115426431.970 9     -2481.970 9        55.369 9                                                                  21964925.504 8 115426431.970 8     -2481.970 8        52.369 8
E04                                                                  23384680.567 9 122887292.634 9      -158.787 9        57.938 9  23384680.567 9 122887292.634 9      -158.787 9        57.938 9
E05                                                                  26147427.765 9 137405596.487 9     -2062.947 9        56.968 9  26147427.765 9 137405596.487 9     -2062.947 9        56.968 9
E11                                                                  26677766.080 9 140192542.902 9     -2415.929 9        56.793 9  26677766.080 9 140192542.902 9     -2415.929 9        56.793 9
E20                                                                  27876384.679 9 146491311.541 9     -1686.020 9        56.412 9  27876384.679 9 146491311.541 9     -1686.020 9        56.412 9
E09                                                                  24987214.903 9 131308651.207 9      2563.608 9        57.362 9  24987214.903 9 131308651.207 9      2563.608 9        57.362 9
E10                                                                  23770064.104 9 124912493.928 9       -11.730 9        57.796 9  23770064.104 9 124912493.928 9       -11.730 9        57.796 9
E03                                                                  25033499.802 9 131551887.325 9      1944.980 9        57.346 9  25033499.802 9 131551887.325 9      1944.980 9        57.346 9
> 2026 02 03 10 01 38.0000000  0 18       0.000000000000
G02  20306102.829 9 106709269.538 9      -396.613 9        56.052 9                                                                  20306102.829 8 106709269.538 8      -396.613 8        53.052 8
G09  25287625.087 9 132887306.828 9     -2813.236 9        54.146 9                                                                  25287625.087 8 132887306.828 8     -2813.236 8        51.146 8
G13  25222424.973 9 132544668.428 9      1212.578 9        54.168 9                                                                  25222424.973 8 132544668.428 8      1212.578 8        51.168 8
G29  24867412.377 9 130679086.580 9      3071.453 9        54.291 9                                                                  24867412.377 8 130679086.580 8      3071.453 8        51.291 8
G10  22349810.257 9 117449010.739 9      3236.782 9        55.219 9                                                                  22349810.257 8 117449010.739 8      3236.782 8        52.219 8
G12  20801766.451 9 109313997.782 9       153.874 9        55.842 9                                                                  20801766.451 8 109313997.782 8       153.874 8        52.842 8
G17  24712293.963 9 129863914.086 9     -2955.298 9        54.346 9                                                                  24712293.963 8 129863914.086 8     -2955.298 8        51.346 8
G24  24329564.580 9 127852676.472 9      3052.338 9        54.481 9                                                                  24329564.580 8 127852676.472 8      3052.338 8        51.481 8
G30  22573318.569 9 118623557.572 9      2313.185 9        55.132 9                                                                  22573318.569 8 118623557.572 8      2313.185 8        52.132 8
G05  21256644.202 9 111704394.526 9       653.054 9        55.654 9                                                                  21256644.202 8 111704394.526 8       653.054 8        52.654 8
G04  21965397.824 9 115428914.026 9     -2482.156 9        55.369 9                                                                  21965397.824 8 115428914.026 8     -2482.156 8        52.369 8
E04                                                                  23384710.807 9 122887451.544 9      -159.035 9        57.938 9  23384710.807 9 122887451.544 9      -159.035 9        57.938 9
E05                                                                  26147820.347 9 137407659.510 9     -2063.118 9        56.968 9  26147820.347 9 137407659.510 9     -2063.118 9        56.968 9
E11                                                                  26678225.839 9 140194958.945 9     -2416.174 9        56.793 9  26678225.839 9 140194958.945 9     -2416.174 9        56.793 9
E20                                                                  27876705.547 9 146492997.709 9     -1686.327 9        56.412 9  27876705.547 9 146492997.709 9     -1686.327 9        56.412 9
E09                                                                  24986727.090 9 131306087.742 9      2563.331 9        57.362 9  24986727.090 9 131306087.742 9      2563.331 9        57.362 9
E10                                                                  23770066.381 9 124912505.893 9       -12.200 9        57.796 9  23770066.381 9 124912505.893 9       -12.200 9        57.796 9
E03                                                                  25033129.692 9 131549942.391 9      1944.890 9        57.346 9  25033129.692 9 131549942.391 9      1944.890 9        57.346 9
> 2026 02 03 10 01 39.0000000  0 18       0.000000000000
G02  20306178.340 9 106709666.346 9      -397.006 9        56.051 9                                                                  20306178.340 8 106709666.346 8      -397.006 8        53.051 8
G09  25288160.424 9 132890120.030 9     -2813.182 9        54.146 9                                                                  25288160.424 8 132890120.030 8     -2813.182 8        51.146 8
G13  25222194.270 9 132543456.082 9      1212.125 9        54.168 9                                                                  25222194.270 8 132543456.082 8      1212.125 8        51.168 8
G29  24866827.896 9 130676015.114 9      3071.478 9        54.292 9                                                                  24866827.896 8 130676015.114 8      3071.478 8        51.292 8
G10  22349194.348 9 117445774.120 9      3236.465 9        55.219 9                                                                  22349194.348 8 117445774.120 8      3236.465 8        52.219 8
G12  20801737.232 9 109313844.239 9       153.210 9        55.842 9                                                                  20801737.232 8 109313844.239 8       153.210 8        52.842 8
G17  24712856.348 9 129866869.430 9     -2955.422 9        54.346 9                                                                  24712856.348 8 129866869.430 8     -2955.422 8        51.346 8
G24  24328983.754 9 127849624.217 9      3052.173 9        54.482 9                                                                  24328983.754 8 127849624.217 8      3052.173 8        51.482 8
G30  22572878.430 9 118621244.630 9      2312.698 9        55.132 9                                                                  22572878.430 8 118621244.630 8      2312.698 8        52.132 8
G05  21256519.993 9 111703741.799 9       652.397 9        55.654 9                                                                  21256519.993 8 111703741.799 8       652.397 8        52.654 8
G04  21965870.180 9 115431396.268 9     -2482.341 9        55.369 9                                                                  21965870.180 8 115431396.268 8     -2482.341 8        52.369 8
E04                                                                  23384741.094 9 122887610.703 9      -159.283 9        57.938 9  23384741.094 9 122887610.703 9      -159.283 9        57.938 9
E05                                                                  26148212.961 9 137409722.702 9     -2063.288 9        56.968 9  26148212.961 9 137409722.702 9     -2063.288 9        56.968 9
E11                                                                  26678685.645 9 140197375.231 9     -2416.418 9        56.793 9  26678685.645 9 140197375.231 9     -2416.418 9        56.793 9
E20                                                                  27877026.474 9 146494684.183 9     -1686.634 9        56.412 9  27877026.474 9 146494684.183 9     -1686.634 9        56.412 9
E09                                                                  24986239.331 9 131303524.555 9      2563.054 9        57.362 9  24986239.331 9 131303524.555 9      2563.054 9        57.362 9
E10                                                                  23770068.747 9 124912518.329 9       -12.671 9        57.796 9  23770068.747 9 124912518.329 9       -12.671 9        57.796 9
E03                                                                  25032759.600 9 131547997.547 9      1944.801 9        57.346 9  25032759.600 9 131547997.547 9      1944.801 9        57.346 9
> 2026 02 03 10 01 40.0000000  0 18       0.000000000000
G02  20306253.925 9 106710063.549 9      -397.400 9        56.051 9                                                                  20306253.925 8 106710063.549 8      -397.400 8        53.051 8
G09  25288695.750 9 132892933.178 9     -2813.127 9        54.146 9                                                                  25288695.750 8 132892933.178 8     -2813.127 8        51.146 8
G13  25221963.654 9 132542244.189 9      1211.672 9        54.168 9                                                                  25221963.654 8 132542244.189 8      1211.672 8        51.168 8
G29  24866243.410 9 130672943.621 9      3071.504 9        54.292 9                                                                  24866243.410 8 130672943.621 8      3071.504 8        51.292 8
G10  22348578.500 9 117442537.818 9      3236.147 9        55.219 9                                                                  22348578.500 8 117442537.818 8      3236.147 8        52.219 8
G12  20801708.141 9 109313691.361 9       152.546 9        55.842 9                                                                  20801708.141 8 109313691.361 8       152.546 8        52.842 8
G17  24713418.758 9 129869824.898 9     -2955.547 9        54.345 9                                                                  24713418.758 8 129869824.898 8     -2955.547 8        51.345 8
G24  24328402.960 9 127846572.126 9      3052.009 9        54.482 9                                                                  24328402.960 8 127846572.126 8      3052.009 8        51.482 8
G30  22572438.384 9 118618932.176 9      2312.210 9        55.132 9                                                                  22572438.384 8 118618932.176 8      2312.210 8        52.132 8
G05  21256395.908 9 111703089.730 9       651.740 9        55.654 9                                                                  21256395.908 8 111703089.730 8       651.740 8        52.654 8
G04  21966342.571 9 115433878.696 9     -2482.527 9        55.369 9                                                                  21966342.571 8 115433878.696 8     -2482.527 8        52.369 8
E04                                                                  23384771.428 9 122887770.109 9      -159.532 9        57.938 9  23384771.428 9 122887770.109 9      -159.532 9        57.938 9
E05                                                                  26148605.608 9 137411786.065 9     -2063.458 9        56.968 9  26148605.608 9 137411786.065 9     -2063.458 9        56.968 9
E11                                                                  26679145.497 9 140199791.762 9     -2416.663 9        56.793 9  26679145.497 9 140199791.762 9     -2416.663 9        56.793 9
E20                                                                  27877347.459 9 146496370.964 9     -1686.941 9        56.411 9  27877347.459 9 146496370.964 9     -1686.941 9        56.411 9
E09                                                                  24985751.625 9 131300961.645 9      2562.776 9        57.363 9  24985751.625 9 131300961.645 9      2562.776 9        57.363 9
E10                                                                  23770071.203 9 124912531.235 9       -13.141 9        57.796 9  23770071.203 9 124912531.235 9       -13.141 9        57.796 9
E03                                                                  25032389.525 9 131546052.792 9      1944.711 9        57.346 9  25032389.525 9 131546052.792 9      1944.711 9        57.346 9
> 2026 02 03 10 01 41.0000000  0 18       0.000000000000
G02  20306329.585 9 106710461.144 9      -397.793 9        56.051 9                                                                  20306329.585 8 106710461.144 8      -397.793 8        53.051 8
G09  25289231.065 9 132895746.271 9     -2813.073 9        54.145 9                                                                  25289231.065 8 132895746.271 8     -2813.073 8        51.145 8
G13  25221733.124 9 132541032.750 9      1211.218 9        54.169 9                                                                  25221733.124 8 132541032.750 8      1211.218 8        51.169 8
G29  24865658.919 9 130669872.104 9      3071.530 9        54.292 9                                                                  24865658.919 8 130669872.104 8      3071.530 8        51.292 8
G10  22347962.712 9 117439301.834 9      3235.830 9        55.219 9                                                                  22347962.712 8 117439301.834 8      3235.830 8        52.219 8
G12  20801679.176 9 109313539.146 9       151.881 9        55.842 9                                                                  20801679.176 8 109313539.146 8       151.881 8        52.842 8
G17  24713981.191 9 129872780.491 9     -2955.671 9        54.345 9                                                                  24713981.191 8 129872780.491 8     -2955.671 8        51.345 8
G24  24327822.197 9 127843520.200 9      3051.844 9        54.482 9                                                                  24327822.197 8 127843520.200 8      3051.844 8        51.482 8
G30  22571998.431 9 118616620.210 9      2311.723 9        55.133 9                                                                  22571998.431 8 118616620.210 8      2311.723 8        52.133 8
G05  21256271.949 9 111702438.317 9       651.084 9        55.654 9                                                                  21256271.949 8 111702438.317 8       651.084 8        52.654 8
G04  21966814.998 9 115436361.310 9     -2482.713 9        55.369 9                                                                  21966814.998 8 115436361.310 8     -2482.713 8        52.369 8
E04                                                                  23384801.810 9 122887929.765 9      -159.780 9        57.938 9  23384801.810 9 122887929.765 9      -159.780 9        57.938 9
E05                                                                  26148998.286 9 137413849.599 9     -2063.628 9        56.967 9  26148998.286 9 137413849.599 9     -2063.628 9        56.967 9
E11                                                                  26679605.395 9 140202208.538 9     -2416.907 9        56.793 9  26679605.395 9 140202208.538 9     -2416.907 9        56.793 9
E20                                                                  27877668.503 9 146498058.051 9     -1687.247 9        56.411 9  27877668.503 9 146498058.051 9     -1687.247 9        56.411 9
E09                                                                  24985263.971 9 131298399.013 9      2562.499 9        57.363 9  24985263.971 9 131298399.013 9      2562.499 9        57.363 9
E10                                                                  23770073.748 9 124912544.611 9       -13.612 9        57.796 9  23770073.748 9 124912544.611 9       -13.612 9        57.796 9
E03                                                                  25032019.468 9 131544108.126 9      1944.622 9        57.347 9  25032019.468 9 131544108.126 9      1944.622 9        57.347 9
> 2026 02 03 10 01 42.0000000  0 18       0.000000000000
G02  20306405.320 9 106710859.132 9      -398.186 9        56.051 9                                                                  20306405.320 8 106710859.132 8      -398.186 8        53.051 8
G09  25289766.370 9 132898559.310 9     -2813.018 9        54.145 9                                                                  25289766.370 8 132898559.310 8     -2813.018 8        51.145 8
G13  25221502.680 9 132539821.764 9      1210.765 9        54.169 9                                                                  25221502.680 8 132539821.764 8      1210.765 8        51.169 8
G29  24865074.424 9 130666800.560 9      3071.555 9        54.292 9                                                                  24865074.424 8 130666800.560 8      3071.555 8        51.292 8
G10  22347346.984 9 117436066.167 9      3235.512 9        55.220 9                                                                  22347346.984 8 117436066.167 8      3235.512 8        52.220 8
G12  20801650.337 9 109313387.596 9       151.217 9        55.842 9                                                                  20801650.337 8 109313387.596 8       151.217 8        52.842 8
G17  24714543.648 9 129875736.209 9     -2955.796 9        54.345 9                                                                  24714543.648 8 129875736.209 8     -2955.796 8        51.345 8
G24  24327241.465 9 127840468.438 9      3051.680 9        54.482 9                                                                  24327241.465 8 127840468.438 8      3051.680 8        51.482 8
G30  22571558.571 9 118614308.731 9      2311.235 9        55.133 9                                                                  22571558.571 8 118614308.731 8      2311.235 8        52.133 8
G05  21256148.114 9 111701787.561 9       650.427 9        55.654 9                                                                  21256148.114 8 111701787.561 8       650.427 8        52.654 8
G04  21967287.460 9 115438844.110 9     -2482.899 9        55.369 9                                                                  21967287.460 8 115438844.110 8     -2482.899 8        52.369 8
E04                                                                  23384832.239 9 122888089.668 9      -160.029 9        57.938 9  23384832.239 9 122888089.668 9      -160.029 9        57.938 9
E05                                                                  26149390.998 9 137415913.303 9     -2063.799 9        56.967 9  26149390.998 9 137415913.303 9     -2063.799 9        56.967 9
E11                                                                  26680065.340 9 140204625.558 9     -2417.152 9        56.793 9  26680065.340 9 140204625.558 9     -2417.152 9        56.793 9
E20                                                                  27877989.605 9 146499745.445 9     -1687.554 9        56.411 9  27877989.605 9 146499745.445 9     -1687.554 9        56.411 9
E09                                                                  24984776.370 9 131295836.658 9      2562.221 9        57.363 9  24984776.370 9 131295836.658 9      2562.221 9        57.363 9
E10                                                                  23770076.383 9 124912558.458 9       -14.082 9        57.796 9  23770076.383 9 124912558.458 9       -14.082 9        57.796 9
E03                                                                  25031649.427 9 131542163.550 9      1944.532 9        57.347 9  25031649.427 9 131542163.550 9      1944.532 9        57.347 9
> 2026 02 03 10 01 43.0000000  0 18       0.000000000000
G02  20306481.130 9 106711257.514 9      -398.579 9        56.051 9                                                                  20306481.130 8 106711257.514 8      -398.579 8        53.051 8
G09  25290301.665 9 132901372.294 9     -2812.964 9        54.145 9                                                                  25290301.665 8 132901372.294 8     -2812.964 8        51.145 8
G13  25221272.322 9 132538611.231 9      1210.311 9        54.169 9                                                                  25221272.322 8 132538611.231 8      1210.311 8        51.169 8
G29  24864489.923 9 130663728.991 9      3071.581 9        54.292 9                                                                  24864489.923 8 130663728.991 8      3071.581 8        51.292 8
G10  22346731.317 9 117432830.819 9      3235.194 9        55.220 9                                                                  22346731.317 8 117432830.819 8      3235.194 8        52.220 8
G12  20801621.624 9 109313236.710 9       150.553 9        55.842 9                                                                  20801621.624 8 109313236.710 8       150.553 8        52.842 8
G17  24715106.128 9 129878692.051 9     -2955.921 9        54.345 9                                                                  24715106.128 8 129878692.051 8     -2955.921 8        51.345 8
G24  24326660.765 9 127837416.841 9      3051.515 9        54.482 9                                                                  24326660.765 8 127837416.841 8      3051.515 8        51.482 8
G30  22571118.804 9 118611997.739 9      2310.747 9        55.133 9                                                                  22571118.804 8 118611997.739 8      2310.747 8        52.133 8
G05  21256024.404 9 111701137.462 9       649.770 9        55.654 9                                                                  21256024.404 8 111701137.462 8       649.770 8        52.654 8
G04  21967759.957 9 115441327.095 9     -2483.085 9        55.368 9                                                                  21967759.957 8 115441327.095 8     -2483.085 8        52.368 8
E04                                                                  23384862.715 9 122888249.821 9      -160.277 9        57.938 9  23384862.715 9 122888249.821 9      -160.277 9        57.938 9
E05                                                                  26149783.741 9 137417977.176 9     -2063.969 9        56.967 9  26149783.741 9 137417977.176 9     -2063.969 9        56.967 9
E11                                                                  26680525.332 9 140207042.822 9     -2417.396 9        56.793 9  26680525.332 9 140207042.822 9     -2417.396 9        56.793 9
E20                                                                  27878310.765 9 146501433.146 9     -1687.860 9        56.411 9  27878310.765 9 146501433.146 9     -1687.860 9        56.411 9
E09                                                                  24984288.822 9 131293274.580 9      2561.944 9        57.363 9  24984288.822 9 131293274.580 9      2561.944 9        57.363 9
E10                                                                  23770079.108 9 124912572.776 9       -14.553 9        57.796 9  23770079.108 9 124912572.776 9       -14.553 9        57.796 9
E03                                                                  25031279.403 9 131540219.064 9      1944.442 9        57.347 9  25031279.403 9 131540219.064 9      1944.442 9        57.347 9
> 2026 02 03 10 01 44.0000000  0 18       0.000000000000
G02  20306557.014 9 106711656.289 9      -398.972 9        56.051 9                                                                  20306557.014 8 106711656.289 8      -398.972 8        53.051 8
G09  25290836.950 9 132904185.224 9     -2812.909 9        54.145 9                                                                  25290836.950 8 132904185.224 8     -2812.909 8        51.145 8
G13  25221042.051 9 132537401.152 9      1209.858 9        54.169 9                                                                  25221042.051 8 132537401.152 8      1209.858 8        51.169 8
G29  24863905.418 9 130660657.397 9      3071.606 9        54.293 9                                                                  24863905.418 8 130660657.397 8      3071.606 8        51.293 8
G10  22346115.710 9 117429595.788 9      3234.876 9        55.220 9                                                                  22346115.710 8 117429595.788 8      3234.876 8        52.220 8
G12  20801593.038 9 109313086.488 9       149.889 9        55.842 9                                                                  20801593.038 8 109313086.488 8       149.889 8        52.842 8
G17  24715668.632 9 129881648.018 9     -2956.045 9        54.345 9                                                                  24715668.632 8 129881648.018 8     -2956.045 8        51.345 8
G24  24326080.096 9 127834365.408 9      3051.351 9        54.483 9                                                                  24326080.096 8 127834365.408 8      3051.351 8        51.483 8
G30  22570679.130 9 118609687.236 9      2310.259 9        55.133 9                                                                  22570679.130 8 118609687.236 8      2310.259 8        52.133 8
G05  21255900.819 9 111700488.019 9       649.113 9        55.654 9                                                                  21255900.819 8 111700488.019 8       649.113 8        52.654 8
G04  21968232.490 9 115443810.266 9     -2483.270 9        55.368 9                                                                  21968232.490 8 115443810.266 8     -2483.270 8        52.368 8
E04                                                                  23384893.238 9 122888410.221 9      -160.526 9        57.938 9  23384893.238 9 122888410.221 9      -160.526 9        57.938 9
E05                                                                  26150176.517 9 137420041.220 9     -2064.139 9        56.967 9  26150176.517 9 137420041.220 9     -2064.139 9        56.967 9
E11                                                                  26680985.370 9 140209460.331 9     -2417.640 9        56.792 9  26680985.370 9 140209460.331 9     -2417.640 9        56.792 9
E20                                                                  27878631.984 9 146503121.152 9     -1688.167 9        56.411 9  27878631.984 9 146503121.152 9     -1688.167 9        56.411 9
E09                                                                  24983801.327 9 131290712.781 9      2561.666 9        57.363 9  24983801.327 9 131290712.781 9      2561.666 9        57.363 9
E10                                                                  23770081.922 9 124912587.564 9       -15.023 9        57.796 9  23770081.922 9 124912587.564 9       -15.023 9        57.796 9
E03                                                                  25030909.396 9 131538274.667 9      1944.353 9        57.347 9  25030909.396 9 131538274.667 9      1944.353 9        57.347 9
> 2026 02 03 10 01 45.0000000  0 18       0.000000000000
G02  20306632.973 9 106712055.457 9      -399.365 9        56.051 9                                                                  20306632.973 8 106712055.457 8      -399.365 8        53.051 8
G09  25291372.224 9 132906998.099 9     -2812.854 9        54.145 9                                                                  25291372.224 8 132906998.099 8     -2812.854 8        51.145 8
G13  25220811.866 9 132536191.527 9      1209.404 9        54.169 9                                                                  25220811.866 8 132536191.527 8      1209.404 8        51.169 8
G29  24863320.908 9 130657585.777 9      3071.632 9        54.293 9                                                                  24863320.908 8 130657585.777 8      3071.632 8        51.293 8
G10  22345500.164 9 117426361.075 9      3234.558 9        55.220 9                                                                  22345500.164 8 117426361.075 8      3234.558 8        52.220 8
G12  20801564.578 9 109312936.931 9       149.224 9        55.842 9                                                                  20801564.578 8 109312936.931 8       149.224 8        52.842 8
G17  24716231.160 9 129884604.109 9     -2956.170 9        54.344 9                                                                  24716231.160 8 129884604.109 8     -2956.170 8        51.344 8
G24  24325499.458 9 127831314.140 9      3051.186 9        54.483 9                                                                  24325499.458 8 127831314.140 8      3051.186 8        51.483 8
G30  22570239.548 9 118607377.221 9      2309.771 9        55.133 9                                                                  22570239.548 8 118607377.221 8      2309.771 8        52.133 8
G05  21255777.360 9 111699839.234 9       648.456 9        55.655 9                                                                  21255777.360 8 111699839.234 8       648.456 8        52.655 8
G04  21968705.058 9 115446293.622 9     -2483.456 9        55.368 9                                                                  21968705.058 8 115446293.622 8     -2483.456 8        52.368 8
E04                                                                  23384923.809 9 122888570.871 9      -160.774 9        57.938 9  23384923.809 9 122888570.871 9      -160.774 9        57.938 9
E05                                                                  26150569.326 9 137422105.435 9     -2064.309 9        56.967 9  26150569.326 9 137422105.435 9     -2064.309 9        56.967 9
E11                                                                  26681445.455 9 140211878.084 9     -2417.884 9        56.792 9  26681445.455 9 140211878.084 9     -2417.884 9        56.792 9
E20                                                                  27878953.261 9 146504809.466 9     -1688.473 9        56.411 9  27878953.261 9 146504809.466 9     -1688.473 9        56.411 9
E09                                                                  24983313.884 9 131288151.258 9      2561.388 9        57.363 9  24983313.884 9 131288151.258 9      2561.388 9        57.363 9
E10                                                                  23770084.825 9 124912602.822 9       -15.493 9        57.796 9  23770084.825 9 124912602.822 9       -15.493 9        57.796 9
E03                                                                  25030539.406 9 131536330.360 9      1944.263 9        57.347 9  25030539.406 9 131536330.360 9      1944.263 9        57.347 9
> 2026 02 03 10 01 46.0000000  0 18       0.000000000000
G02  20306709.008 9 106712455.017 9      -399.758 9        56.051 9                                                                  20306709.008 8 106712455.017 8      -399.758 8        53.051 8
G09  25291907.487 9 132909810.919 9     -2812.799 9        54.144 9                                                                  25291907.487 8 132909810.919 8     -2812.799 8        51.144 8
G13  25220581.768 9 132534982.355 9      1208.950 9        54.169 9                                                                  25220581.768 8 132534982.355 8      1208.950 8        51.169 8
G29  24862736.392 9 130654514.131 9      3071.657 9        54.293 9                                                                  24862736.392 8 130654514.131 8      3071.657 8        51.293 8
G10  22344884.678 9 117423126.680 9      3234.240 9        55.220 9                                                                  22344884.678 8 117423126.680 8      3234.240 8        52.220 8
G12  20801536.245 9 109312788.038 9       148.560 9        55.842 9                                                                  20801536.245 8 109312788.038 8       148.560 8        52.842 8
G17  24716793.712 9 129887560.325 9     -2956.294 9        54.344 9                                                                  24716793.712 8 129887560.325 8     -2956.294 8        51.344 8
G24  24324918.852 9 127828263.036 9      3051.022 9        54.483 9                                                                  24324918.852 8 127828263.036 8      3051.022 8        51.483 8
G30  22569800.059 9 118605067.693 9      2309.283 9        55.134 9                                                                  22569800.059 8 118605067.693 8      2309.283 8        52.134 8
G05  21255654.025 9 111699191.105 9       647.799 9        55.655 9                                                                  21255654.025 8 111699191.105 8       647.799 8        52.655 8
G04  21969177.661 9 115448777.164 9     -2483.641 9        55.368 9                                                                  21969177.661 8 115448777.164 8     -2483.641 8        52.368 8
E04                                                                  23384954.427 9 122888731.768 9      -161.023 9        57.938 9  23384954.427 9 122888731.768 9      -161.023 9        57.938 9
E05                                                                  26150962.166 9 137424169.820 9     -2064.479 9        56.967 9  26150962.166 9 137424169.820 9     -2064.479 9        56.967 9
E11                                                                  26681905.586 9 140214296.081 9     -2418.128 9        56.792 9  26681905.586 9 140214296.081 9     -2418.128 9        56.792 9
E20                                                                  27879274.596 9 146506498.085 9     -1688.779 9        56.411 9  27879274.596 9 146506498.085 9     -1688.779 9        56.411 9
E09                                                                  24982826.494 9 131285590.014 9      2561.111 9        57.364 9  24982826.494 9 131285590.014 9      2561.111 9        57.364 9
E10                                                                  23770087.819 9 124912618.551 9       -15.964 9        57.796 9  23770087.819 9 124912618.551 9       -15.964 9        57.796 9
E03                                                                  25030169.434 9 131534386.143 9      1944.173 9        57.347 9  25030169.434 9 131534386.143 9      1944.173 9        57.347 9
> 2026 02 03 10 01 47.0000000  0 18       0.000000000000
G02  20306785.116 9 106712854.971 9      -400.151 9        56.051 9                                                                  20306785.116 8 106712854.971 8      -400.151 8        53.051 8
G09  25292442.740 9 132912623.684 9     -2812.744 9        54.144 9                                                                  25292442.740 8 132912623.684 8     -2812.744 8        51.144 8
G13  25220351.756 9 132533773.637 9      1208.497 9        54.169 9                                                                  25220351.756 8 132533773.637 8      1208.497 8        51.169 8
G29  24862151.873 9 130651442.461 9      3071.682 9        54.293 9                                                                  24862151.873 8 130651442.461 8      3071.682 8        51.293 8
G10  22344269.253 9 117419892.603 9      3233.922 9        55.221 9                                                                  22344269.253 8 117419892.603 8      3233.922 8        52.221 8
G12  20801508.038 9 109312639.809 9       147.896 9        55.842 9                                                                  20801508.038 8 109312639.809 8       147.896 8        52.842 8
G17  24717356.287 9 129890516.665 9     -2956.419 9        54.344 9                                                                  24717356.287 8 129890516.665 8     -2956.419 8        51.344 8
G24  24324338.277 9 127825212.097 9      3050.857 9        54.483 9                                                                  24324338.277 8 127825212.097 8      3050.857 8        51.483 8
G30  22569360.663 9 118602758.654 9      2308.795 9        55.134 9                                                                  22569360.663 8 118602758.654 8      2308.795 8        52.134 8
G05  21255530.815 9 111698543.633 9       647.142 9        55.655 9                                                                  21255530.815 8 111698543.633 8       647.142 8        52.655 8
G04  21969650.299 9 115451260.892 9     -2483.827 9        55.368 9                                                                  21969650.299 8 115451260.892 8     -2483.827 8        52.368 8
E04                                                                  23384985.092 9 122888892.915 9      -161.271 9        57.938 9  23384985.092 9 122888892.915 9      -161.271 9        57.938 9
E05                                                                  26151355.040 9 137426234.374 9     -2064.650 9        56.967 9  26151355.040 9 137426234.374 9     -2064.650 9        56.967 9
E11                                                                  26682365.763 9 140216714.322 9     -2418.372 9        56.792 9  26682365.763 9 140216714.322 9     -2418.372 9        56.792 9
E20                                                                  27879595.990 9 146508187.011 9     -1689.085 9        56.411 9  27879595.990 9 146508187.011 9     -1689.085 9        56.411 9
E09                                                                  24982339.158 9 131283029.047 9      2560.833 9        57.364 9  24982339.158 9 131283029.047 9      2560.833 9        57.364 9
E10                                                                  23770090.901 9 124912634.750 9       -16.434 9        57.796 9  23770090.901 9 124912634.750 9       -16.434 9        57.796 9
E03                                                                  25029799.478 9 131532442.016 9      1944.083 9        57.347 9  25029799.478 9 131532442.016 9      1944.083 9        57.347 9
> 2026 02 03 10 01 48.0000000  0 18       0.000000000000
G02  20306861.300 9 106713255.318 9      -400.544 9        56.051 9                                                                  20306861.300 8 106713255.318 8      -400.544 8        53.051 8
G09  25292977.983 9 132915436.393 9     -2812.689 9        54.144 9                                                                  25292977.983 8 132915436.393 8     -2812.689 8        51.144 8
G13  25220121.830 9 132532565.373 9      1208.043 9        54.169 9                                                                  25220121.830 8 132532565.373 8      1208.043 8        51.169 8
G29  24861567.348 9 130648370.765 9      3071.708 9        54.293 9                                                                  24861567.348 8 130648370.765 8      3071.708 8        51.293 8
G10  22343653.889 9 117416658.844 9      3233.604 9        55.221 9                                                                  22343653.889 8 117416658.844 8      3233.604 8        52.221 8
G12  20801479.958 9 109312492.244 9       147.232 9        55.842 9                                                                  20801479.958 8 109312492.244 8       147.232 8        52.842 8
G17  24717918.886 9 129893473.130 9     -2956.543 9        54.344 9                                                                  24717918.886 8 129893473.130 8     -2956.543 8        51.344 8
G24  24323757.733 9 127822161.323 9      3050.692 9        54.483 9                                                                  24323757.733 8 127822161.323 8      3050.692 8        51.483 8
G30  22568921.360 9 118600450.103 9      2308.307 9        55.134 9                                                                  22568921.360 8 118600450.103 8      2308.307 8        52.134 8
G05  21255407.731 9 111697896.819 9       646.485 9        55.655 9                                                                  21255407.731 8 111697896.819 8       646.485 8        52.655 8
G04  21970122.973 9 115453744.805 9     -2484.012 9        55.367 9                                                                  21970122.973 8 115453744.805 8     -2484.012 8        52.367 8
E04                                                                  23385015.805 9 122889054.310 9      -161.520 9        57.938 9  23385015.805 9 122889054.310 9      -161.520 9        57.938 9
E05                                                                  26151747.945 9 137428299.099 9     -2064.820 9        56.966 9  26151747.945 9 137428299.099 9     -2064.820 9        56.966 9
E11                                                                  26682825.987 9 140219132.807 9     -2418.616 9        56.792 9  26682825.987 9 140219132.807 9     -2418.616 9        56.792 9
E20                                                                  27879917.441 9 146509876.243 9     -1689.391 9        56.411 9  27879917.441 9 146509876.243 9     -1689.391 9        56.411 9
E09                                                                  24981851.874 9 131280468.359 9      2560.555 9        57.364 9  24981851.874 9 131280468.359 9      2560.555 9        57.364 9
E10                                                                  23770094.073 9 124912651.419 9       -16.904 9        57.796 9  23770094.073 9 124912651.419 9       -16.904 9        57.796 9
E03                                                                  25029429.540 9 131530497.978 9      1943.994 9        57.347 9  25029429.540 9 131530497.978 9      1943.994 9        57.347 9
> 2026 02 03 10 01 49.0000000  0 18       0.000000000000
G02  20306937.558 9 106713656.058 9      -400.937 9        56.051 9                                                                  20306937.558 8 106713656.058 8      -400.937 8        53.051 8
G09  25293513.215 9 132918249.048 9     -2812.634 9        54.144 9                                                                  25293513.215 8 132918249.048 8     -2812.634 8        51.144 8
G13  25219891.990 9 132531357.563 9      1207.589 9        54.169 9                                                                  25219891.990 8 132531357.563 8      1207.589 8        51.169 8
G29  24860982.818 9 130645299.043 9      3071.733 9        54.294 9                                                                  24860982.818 8 130645299.043 8      3071.733 8        51.294 8
G10  22343038.585 9 117413425.404 9      3233.285 9        55.221 9                                                                  22343038.585 8 117413425.404 8      3233.285 8        52.221 8
G12  20801452.004 9 109312345.344 9       146.567 9        55.842 9                                                                  20801452.004 8 109312345.344 8       146.567 8        52.842 8
G17  24718481.509 9 129896429.720 9     -2956.668 9        54.344 9                                                                  24718481.509 8 129896429.720 8     -2956.668 8        51.344 8
G24  24323177.221 9 127819110.713 9      3050.528 9        54.484 9                                                                  24323177.221 8 127819110.713 8      3050.528 8        51.484 8
G30  22568482.150 9 118598142.040 9      2307.818 9        55.134 9                                                                  22568482.150 8 118598142.040 8      2307.818 8        52.134 8
G05  21255284.771 9 111697250.661 9       645.828 9        55.655 9                                                                  21255284.771 8 111697250.661 8       645.828 8        52.655 8
G04  21970595.682 9 115456228.903 9     -2484.197 9        55.367 9                                                                  21970595.682 8 115456228.903 8     -2484.197 8        52.367 8
E04                                                                  23385046.565 9 122889215.954 9      -161.769 9        57.938 9  23385046.565 9 122889215.954 9      -161.769 9        57.938 9
E05                                                                  26152140.883 9 137430363.995 9     -2064.990 9        56.966 9  26152140.883 9 137430363.995 9     -2064.990 9        56.966 9
E11                                                                  26683286.257 9 140221551.536 9     -2418.861 9        56.792 9  26683286.257 9 140221551.536 9     -2418.861 9        56.792 9
E20                                                                  27880238.951 9 146511565.781 9     -1689.697 9        56.411 9  27880238.951 9 146511565.781 9     -1689.697 9        56.411 9
E09                                                                  24981364.643 9 131277907.947 9      2560.277 9        57.364 9  24981364.643 9 131277907.947 9      2560.277 9        57.364 9
E10                                                                  23770097.335 9 124912668.559 9       -17.375 9        57.796 9  23770097.335 9 124912668.559 9       -17.375 9        57.796 9
E03                                                                  25029059.618 9 131528554.030 9      1943.904 9        57.348 9  25029059.618 9 131528554.030 9      1943.904 9        57.348 9
> 2026 02 03 10 01 50.0000000  0 18       0.000000000000
G02  20307013.892 9 106714057.190 9      -401.330 9        56.051 9                                                                  20307013.892 8 106714057.190 8      -401.330 8        53.051 8
G09  25294048.437 9 132921061.647 9     -2812.578 9        54.144 9                                                                  25294048.437 8 132921061.647 8     -2812.578 8        51.144 8
G13  25219662.237 9 132530150.207 9      1207.135 9        54.169 9                                                                  25219662.237 8 132530150.207 8      1207.135 8        51.169 8
G29  24860398.284 9 130642227.296 9      3071.758 9        54.294 9                                                                  24860398.284 8 130642227.296 8      3071.758 8        51.294 8
G10  22342423.341 9 117410192.283 9      3232.967 9        55.221 9                                                                  22342423.341 8 117410192.283 8      3232.967 8        52.221 8
G12  20801424.176 9 109312199.108 9       145.903 9        55.842 9                                                                  20801424.176 8 109312199.108 8       145.903 8        52.842 8
G17  24719044.155 9 129899386.433 9     -2956.792 9        54.343 9                                                                  24719044.155 8 129899386.433 8     -2956.792 8        51.343 8
G24  24322596.740 9 127816060.268 9      3050.363 9        54.484 9                                                                  24322596.740 8 127816060.268 8      3050.363 8        51.484 8
G30  22568043.033 9 118595834.466 9      2307.330 9        55.134 9                                                                  22568043.033 8 118595834.466 8      2307.330 8        52.134 8
G05  21255161.936 9 111696605.160 9       645.171 9        55.655 9                                                                  21255161.936 8 111696605.160 8       645.171 8        52.655 8
G04  21971068.427 9 115458713.187 9     -2484.383 9        55.367 9                                                                  21971068.427 8 115458713.187 8     -2484.383 8        52.367 8
E04                                                                  23385077.372 9 122889377.846 9      -162.017 9        57.938 9  23385077.372 9 122889377.846 9      -162.017 9        57.938 9
E05                                                                  26152533.853 9 137432429.060 9     -2065.160 9        56.966 9  26152533.853 9 137432429.060 9     -2065.160 9        56.966 9
E11                                                                  26683746.574 9 140223970.509 9     -2419.104 9        56.792 9  26683746.574 9 140223970.509 9     -2419.104 9        56.792 9
E20                                                                  27880560.520 9 146513255.625 9     -1690.003 9        56.410 9  27880560.520 9 146513255.625 9     -1690.003 9        56.410 9
E09                                                                  24980877.465 9 131275347.814 9      2559.999 9        57.364 9  24980877.465 9 131275347.814 9      2559.999 9        57.364 9
E10                                                                  23770100.686 9 124912686.169 9       -17.845 9        57.796 9  23770100.686 9 124912686.169 9       -17.845 9        57.796 9
E03                                                                  25028689.714 9 131526610.172 9      1943.814 9        57.348 9  25028689.714 9 131526610.172 9      1943.814 9        57.348 9
> 2026 02 03 10 01 51.0000000  0 18       0.000000000000
G02  20307090.300 9 106714458.716 9      -401.723 9        56.051 9                                                                  20307090.300 8 106714458.716 8      -401.723 8        53.051 8
G09  25294583.648 9 132923874.191 9     -2812.523 9        54.144 9                                                                  25294583.648 8 132923874.191 8     -2812.523 8        51.144 8
G13  25219432.571 9 132528943.305 9      1206.681 9        54.169 9                                                                  25219432.571 8 132528943.305 8      1206.681 8        51.169 8
G29  24859813.745 9 130639155.524 9      3071.784 9        54.294 9                                                                  24859813.745 8 130639155.524 8      3071.784 8        51.294 8
G10  22341808.158 9 117406959.480 9      3232.648 9        55.222 9                                                                  22341808.158 8 117406959.480 8      3232.648 8        52.222 8
G12  20801396.475 9 109312053.536 9       145.238 9        55.842 9                                                                  20801396.475 8 109312053.536 8       145.238 8        52.842 8
G17  24719606.825 9 129902343.272 9     -2956.916 9        54.343 9                                                                  24719606.825 8 129902343.272 8     -2956.916 8        51.343 8
G24  24322016.290 9 127813009.988 9      3050.198 9        54.484 9                                                                  24322016.290 8 127813009.988 8      3050.198 8        51.484 8
G30  22567604.009 9 118593527.380 9      2306.842 9        55.134 9                                                                  22567604.009 8 118593527.380 8      2306.842 8        52.134 8
G05  21255039.227 9 111695960.317 9       644.514 9        55.655 9                                                                  21255039.227 8 111695960.317 8       644.514 8        52.655 8
G04  21971541.206 9 115461197.656 9     -2484.568 9        55.367 9                                                                  21971541.206 8 115461197.656 8     -2484.568 8        52.367 8
E04                                                                  23385108.226 9 122889539.987 9      -162.266 9        57.938 9  23385108.226 9 122889539.987 9      -162.266 9        57.938 9
E05                                                                  26152926.856 9 137434494.295 9     -2065.330 9        56.966 9  26152926.856 9 137434494.295 9     -2065.330 9        56.966 9
E11                                                                  26684206.937 9 140226389.726 9     -2419.348 9        56.791 9  26684206.937 9 140226389.726 9     -2419.348 9        56.791 9
E20                                                                  27880882.146 9 146514945.775 9     -1690.309 9        56.410 9  27880882.146 9 146514945.775 9     -1690.309 9        56.410 9
E09                                                                  24980390.340 9 131272787.959 9      2559.721 9        57.364 9  24980390.340 9 131272787.959 9      2559.721 9        57.364 9
E10                                                                  23770104.126 9 124912704.249 9       -18.315 9        57.796 9  23770104.126 9 124912704.249 9       -18.315 9        57.796 9
E03                                                                  25028319.827 9 131524666.404 9      1943.724 9        57.348 9  25028319.827 9 131524666.404 9      1943.724 9        57.348 9
> 2026 02 03 10 01 52.0000000  0 18       0.000000000000
G02  20307166.782 9 106714860.634 9      -402.115 9        56.051 9                                                                  20307166.782 8 106714860.634 8      -402.115 8        53.051 8
G09  25295118.848 9 132926686.679 9     -2812.467 9        54.143 9                                                                  25295118.848 8 132926686.679 8     -2812.467 8        51.143 8
G13  25219202.990 9 132527736.857 9      1206.226 9        54.169 9                                                                  25219202.990 8 132527736.857 8      1206.226 8        51.169 8
G29  24859229.201 9 130636083.727 9      3071.809 9        54.294 9                                                                  24859229.201 8 130636083.727 8      3071.809 8        51.294 8
G10  22341193.036 9 117403726.995 9      3232.329 9        55.222 9                                                                  22341193.036 8 117403726.995 8      3232.329 8        52.222 8
G12  20801368.900 9 109311908.629 9       144.574 9        55.842 9                                                                  20801368.900 8 109311908.629 8       144.574 8        52.842 8
G17  24720169.519 9 129905300.234 9     -2957.041 9        54.343 9                                                                  24720169.519 8 129905300.234 8     -2957.041 8        51.343 8
G24  24321435.872 9 127809959.873 9      3050.033 9        54.484 9                                                                  24321435.872 8 127809959.873 8      3050.033 8        51.484 8
G30  22567165.078 9 118591220.783 9      2306.353 9        55.135 9                                                                  22567165.078 8 118591220.783 8      2306.353 8        52.135 8
G05  21254916.642 9 111695316.130 9       643.857 9        55.655 9                                                                  21254916.642 8 111695316.130 8       643.857 8        52.655 8
G04  21972014.021 9 115463682.310 9     -2484.753 9        55.367 9                                                                  21972014.021 8 115463682.310 8     -2484.753 8        52.367 8
E04                                                                  23385139.128 9 122889702.377 9      -162.515 9        57.938 9  23385139.128 9 122889702.377 9      -162.515 9        57.938 9
E05                                                                  26153319.891 9 137436559.702 9     -2065.501 9        56.966 9  26153319.891 9 137436559.702 9     -2065.501 9        56.966 9
E11                                                                  26684667.346 9 140228809.186 9     -2419.592 9        56.791 9  26684667.346 9 140228809.186 9     -2419.592 9        56.791 9
E20                                                                  27881203.831 9 146516636.231 9     -1690.615 9        56.410 9  27881203.831 9 146516636.231 9     -1690.615 9        56.410 9
E09                                                                  24979903.267 9 131270228.382 9      2559.443 9        57.365 9  24979903.267 9 131270228.382 9      2559.443 9        57.365 9
E10                                                                  23770107.656 9 124912722.800 9       -18.786 9        57.796 9  23770107.656 9 124912722.800 9       -18.786 9        57.796 9
E03                                                                  25027949.957 9 131522722.725 9      1943.634 9        57.348 9  25027949.957 9 131522722.725 9      1943.634 9        57.348 9
> 2026 02 03 10 01 53.0000000  0 18       0.000000000000
G02  20307243.340 9 106715262.944 9      -402.508 9        56.051 9                                                                  20307243.340 8 106715262.944 8      -402.508 8        53.051 8
G09  25295654.038 9 132929499.112 9     -2812.412 9        54.143 9                                                                  25295654.038 8 132929499.112 8     -2812.412 8        51.143 8
G13  25218973.497 9 132526530.863 9      1205.772 9        54.170 9                                                                  25218973.497 8 132526530.863 8      1205.772 8        51.170 8
G29  24858644.652 9 130633011.904 9      3071.834 9        54.295 9                                                                  24858644.652 8 130633011.904 8      3071.834 8        51.295 8
G10  22340577.975 9 117400494.829 9      3232.011 9        55.222 9                                                                  22340577.975 8 117400494.829 8      3232.011 8        52.222 8
G12  20801341.452 9 109311764.386 9       143.910 9        55.842 9                                                                  20801341.452 8 109311764.386 8       143.910 8        52.842 8
G17  24720732.236 9 129908257.321 9     -2957.165 9        54.343 9                                                                  24720732.236 8 129908257.321 8     -2957.165 8        51.343 8
G24  24320855.485 9 127806909.922 9      3049.868 9        54.484 9                                                                  24320855.485 8 127806909.922 8      3049.868 8        51.484 8
G30  22566726.239 9 118588914.674 9      2305.864 9        55.135 9                                                                  22566726.239 8 118588914.674 8      2305.864 8        52.135 8
G05  21254794.183 9 111694672.601 9       643.200 9        55.655 9                                                                  21254794.183 8 111694672.601 8       643.200 8        52.655 8
G04  21972486.871 9 115466167.150 9     -2484.938 9        55.366 9                                                                  21972486.871 8 115466167.150 8     -2484.938 8        52.366 8
E04                                                                  23385170.077 9 122889865.015 9      -162.764 9        57.938 9  23385170.077 9 122889865.015 9      -162.764 9        57.938 9
E05                                                                  26153712.959 9 137438625.278 9     -2065.671 9        56.966 9  26153712.959 9 137438625.278 9     -2065.671 9        56.966 9
E11                                                                  26685127.802 9 140231228.890 9     -2419.835 9        56.791 9  26685127.802 9 140231228.890 9     -2419.835 9        56.791 9
E20                                                                  27881525.573 9 146518326.992 9     -1690.921 9        56.410 9  27881525.573 9 146518326.992 9     -1690.921 9        56.410 9
E09                                                                  24979416.248 9 131267669.083 9      2559.165 9        57.365 9  24979416.248 9 131267669.083 9      2559.165 9        57.365 9
E10                                                                  23770111.276 9 124912741.821 9       -19.256 9        57.796 9  23770111.276 9 124912741.821 9       -19.256 9        57.796 9
E03                                                                  25027580.104 9 131520779.137 9      1943.544 9        57.348 9  25027580.104 9 131520779.137 9      1943.544 9        57.348 9
> 2026 02 03 10 01 54.0000000  0 18       0.000000000000
G02  20307319.972 9 106715665.648 9      -402.901 9        56.051 9                                                                  20307319.972 8 106715665.648 8      -402.901 8        53.051 8
G09  25296189.217 9 132932311.489 9     -2812.356 9        54.143 9                                                                  25296189.217 8 132932311.489 8     -2812.356 8        51.143 8
G13  25218744.089 9 132525325.323 9      1205.318 9        54.170 9                                                                  25218744.089 8 132525325.323 8      1205.318 8        51.170 8
G29  24858060.098 9 130629940.056 9      3071.859 9        54.295 9                                                                  24858060.098 8 130629940.056 8      3071.859 8        51.295 8
G10  22339962.974 9 117397262.982 9      3231.692 9        55.222 9                                                                  22339962.974 8 117397262.982 8      3231.692 8        52.222 8
G12  20801314.130 9 109311620.808 9       143.245 9        55.842 9                                                                  20801314.130 8 109311620.808 8       143.245 8        52.842 8
G17  24721294.978 9 129911214.533 9     -2957.290 9        54.343 9                                                                  24721294.978 8 129911214.533 8     -2957.290 8        51.343 8
G24  24320275.129 9 127803860.137 9      3049.704 9        54.485 9                                                                  24320275.129 8 127803860.137 8      3049.704 8        51.485 8
G30  22566287.494 9 118586609.054 9      2305.376 9        55.135 9                                                                  22566287.494 8 118586609.054 8      2305.376 8        52.135 8
G05  21254671.848 9 111694029.728 9       642.543 9        55.655 9                                                                  21254671.848 8 111694029.728 8       642.543 8        52.655 8
G04  21972959.757 9 115468652.174 9     -2485.123 9        55.366 9                                                                  21972959.757 8 115468652.174 8     -2485.123 8        52.366 8
E04                                                                  23385201.074 9 122890027.903 9      -163.012 9        57.938 9  23385201.074 9 122890027.903 9      -163.012 9        57.938 9
E05                                                                  26154106.059 9 137440691.024 9     -2065.841 9        56.966 9  26154106.059 9 137440691.024 9     -2065.841 9        56.966 9
E11                                                                  26685588.304 9 140233648.838 9     -2420.079 9        56.791 9  26685588.304 9 140233648.838 9     -2420.079 9        56.791 9
E20                                                                  27881847.375 9 146520018.060 9     -1691.227 9        56.410 9  27881847.375 9 146520018.060 9     -1691.227 9        56.410 9
E09                                                                  24978929.281 9 131265110.062 9      2558.887 9        57.365 9  24978929.281 9 131265110.062 9      2558.887 9        57.365 9
E10                                                                  23770114.985 9 124912761.313 9       -19.726 9        57.796 9  23770114.985 9 124912761.313 9       -19.726 9        57.796 9
E03                                                                  25027210.268 9 131518835.639 9      1943.454 9        57.348 9  25027210.268 9 131518835.639 9      1943.454 9        57.348 9
> 2026 02 03 10 01 55.0000000  0 18       0.000000000000
G02  20307396.679 9 106716068.744 9      -403.293 9        56.051 9                                                                  20307396.679 8 106716068.744 8      -403.293 8        53.051 8
G09  25296724.386 9 132935123.810 9     -2812.300 9        54.143 9                                                                  25296724.386 8 132935123.810 8     -2812.300 8        51.143 8
G13  25218514.768 9 132524120.238 9      1204.863 9        54.170 9                                                                  25218514.768 8 132524120.238 8      1204.863 8        51.170 8
G29  24857475.540 9 130626868.183 9      3071.885 9        54.295 9                                                                  24857475.540 8 130626868.183 8      3071.885 8        51.295 8
G10  22339348.034 9 117394031.455 9      3231.373 9        55.223 9                                                                  22339348.034 8 117394031.455 8      3231.373 8        52.223 8
G12  20801286.935 9 109311477.894 9       142.581 9        55.842 9                                                                  20801286.935 8 109311477.894 8       142.581 8        52.842 8
G17  24721857.742 9 129914171.868 9     -2957.414 9        54.342 9                                                                  24721857.742 8 129914171.868 8     -2957.414 8        51.342 8
G24  24319694.805 9 127800810.516 9      3049.539 9        54.485 9                                                                  24319694.805 8 127800810.516 8      3049.539 8        51.485 8
G30  22565848.842 9 118584303.923 9      2304.887 9        55.135 9                                                                  22565848.842 8 118584303.923 8      2304.887 8        52.135 8
G05  21254549.639 9 111693387.513 9       641.886 9        55.655 9                                                                  21254549.639 8 111693387.513 8       641.886 8        52.655 8
G04  21973432.677 9 115471137.383 9     -2485.308 9        55.366 9                                                                  21973432.677 8 115471137.383 8     -2485.308 8        52.366 8
E04                                                                  23385232.118 9 122890191.039 9      -163.261 9        57.938 9  23385232.118 9 122890191.039 9      -163.261 9        57.938 9
E05                                                                  26154499.191 9 137442756.940 9     -2066.011 9        56.966 9  26154499.191 9 137442756.940 9     -2066.011 9        56.966 9
E11                                                                  26686048.853 9 140236069.029 9     -2420.322 9        56.791 9  26686048.853 9 140236069.029 9     -2420.322 9        56.791 9
E20                                                                  27882169.234 9 146521709.433 9     -1691.532 9        56.410 9  27882169.234 9 146521709.433 9     -1691.532 9        56.410 9
E09                                                                  24978442.368 9 131262551.320 9      2558.609 9        57.365 9  24978442.368 9 131262551.320 9      2558.609 9        57.365 9
E10                                                                  23770118.784 9 124912781.274 9       -20.197 9        57.796 9  23770118.784 9 124912781.274 9       -20.197 9        57.796 9
E03                                                                  25026840.449 9 131516892.231 9      1943.364 9        57.348 9  25026840.449 9 131516892.231 9      1943.364 9        57.348 9
> 2026 02 03 10 01 56.0000000  0 18       0.000000000000
G02  20307473.460 9 106716472.233 9      -403.686 9        56.051 9                                                                  20307473.460 8 106716472.233 8      -403.686 8        53.051 8
G09  25297259.544 9 132937936.075 9     -2812.244 9        54.143 9                                                                  25297259.544 8 132937936.075 8     -2812.244 8        51.143 8
G13  25218285.534 9 132522915.607 9      1204.409 9        54.170 9                                                                  25218285.534 8 132522915.607 8      1204.409 8        51.170 8
G29  24856890.977 9 130623796.285 9      3071.910 9        54.295 9                                                                  24856890.977 8 130623796.285 8      3071.910 8        51.295 8
G10  22338733.155 9 117390800.246 9      3231.054 9        55.223 9                                                                  22338733.155 8 117390800.246 8      3231.054 8        52.223 8
G12  20801259.866 9 109311335.644 9       141.916 9        55.842 9                                                                  20801259.866 8 109311335.644 8       141.916 8        52.842 8
G17  24722420.531 9 129917129.328 9     -2957.538 9        54.342 9                                                                  24722420.531 8 129917129.328 8     -2957.538 8        51.342 8
G24  24319114.512 9 127797761.060 9      3049.374 9        54.485 9                                                                  24319114.512 8 127797761.060 8      3049.374 8        51.485 8
G30  22565410.283 9 118581999.280 9      2304.398 9        55.135 9                                                                  22565410.283 8 118581999.280 8      2304.398 8        52.135 8
G05  21254427.554 9 111692745.955 9       641.228 9        55.655 9                                                                  21254427.554 8 111692745.955 8       641.228 8        52.655 8
G04  21973905.633 9 115473622.778 9     -2485.493 9        55.366 9                                                                  21973905.633 8 115473622.778 8     -2485.493 8        52.366 8
E04                                                                  23385263.209 9 122890354.424 9      -163.510 9        57.938 9  23385263.209 9 122890354.424 9      -163.510 9        57.938 9
E05                                                                  26154892.356 9 137444823.027 9     -2066.182 9        56.965 9  26154892.356 9 137444823.027 9     -2066.182 9        56.965 9
E11                                                                  26686509.448 9 140238489.464 9     -2420.566 9        56.791 9  26686509.448 9 140238489.464 9     -2420.566 9        56.791 9
E20                                                                  27882491.151 9 146523401.112 9     -1691.838 9        56.410 9  27882491.151 9 146523401.112 9     -1691.838 9        56.410 9
E09                                                                  24977955.507 9 131259992.855 9      2558.331 9        57.365 9  24977955.507 9 131259992.855 9      2558.331 9        57.365 9
E10                                                                  23770122.672 9 124912801.706 9       -20.667 9        57.796 9  23770122.672 9 124912801.706 9       -20.667 9        57.796 9
E03                                                                  25026470.647 9 131514948.912 9      1943.274 9        57.348 9  25026470.647 9 131514948.912 9      1943.274 9        57.348 9
> 2026 02 03 10 01 57.0000000  0 18       0.000000000000
G02  20307550.316 9 106716876.114 9      -404.079 9        56.051 9                                                                  20307550.316 8 106716876.114 8      -404.079 8        53.051 8
G09  25297794.692 9 132940748.284 9     -2812.188 9        54.142 9                                                                  25297794.692 8 132940748.284 8     -2812.188 8        51.142 8
G13  25218056.386 9 132521711.431 9      1203.954 9        54.170 9                                                                  25218056.386 8 132521711.431 8      1203.954 8        51.170 8
G29  24856306.409 9 130620724.362 9      3071.935 9        54.295 9                                                                  24856306.409 8 130620724.362 8      3071.935 8        51.295 8
G10  22338118.336 9 117387569.356 9      3230.734 9        55.223 9                                                                  22338118.336 8 117387569.356 8      3230.734 8        52.223 8
G12  20801232.923 9 109311194.059 9       141.252 9        55.842 9                                                                  20801232.923 8 109311194.059 8       141.252 8        52.842 8
G17  24722983.343 9 129920086.913 9     -2957.663 9        54.342 9                                                                  24722983.343 8 129920086.913 8     -2957.663 8        51.342 8
G24  24318534.251 9 127794711.769 9      3049.209 9        54.485 9                                                                  24318534.251 8 127794711.769 8      3049.209 8        51.485 8
G30  22564971.817 9 118579695.127 9      2303.909 9        55.135 9                                                                  22564971.817 8 118579695.127 8      2303.909 8        52.135 8
G05  21254305.595 9 111692105.055 9       640.571 9        55.655 9                                                                  21254305.595 8 111692105.055 8       640.571 8        52.655 8
G04  21974378.624 9 115476108.357 9     -2485.678 9        55.366 9                                                                  21974378.624 8 115476108.357 8     -2485.678 8        52.366 8
E04                                                                  23385294.348 9 122890518.057 9      -163.759 9        57.938 9  23385294.348 9 122890518.057 9      -163.759 9        57.938 9
E05                                                                  26155285.553 9 137446889.284 9     -2066.352 9        56.965 9  26155285.553 9 137446889.284 9     -2066.352 9        56.965 9
E11                                                                  26686970.089 9 140240910.143 9     -2420.809 9        56.790 9  26686970.089 9 140240910.143 9     -2420.809 9        56.790 9
E20                                                                  27882813.127 9 146525093.096 9     -1692.144 9        56.410 9  27882813.127 9 146525093.096 9     -1692.144 9        56.410 9
E09                                                                  24977468.700 9 131257434.669 9      2558.052 9        57.366 9  24977468.700 9 131257434.669 9      2558.052 9        57.366 9
E10                                                                  23770126.649 9 124912822.608 9       -21.137 9        57.796 9  23770126.649 9 124912822.608 9       -21.137 9        57.796 9
E03                                                                  25026100.863 9 131513005.684 9      1943.184 9        57.349 9  25026100.863 9 131513005.684 9      1943.184 9        57.349 9
> 2026 02 03 10 01 58.0000000  0 18       0.000000000000
G02  20307627.247 9 106717280.388 9      -404.471 9        56.051 9                                                                  20307627.247 8 106717280.388 8      -404.471 8        53.051 8
G09  25298329.828 9 132943560.437 9     -2812.132 9        54.142 9                                                                  25298329.828 8 132943560.437 8     -2812.132 8        51.142 8
G13  25217827.325 9 132520507.710 9      1203.500 9        54.170 9                                                                  25217827.325 8 132520507.710 8      1203.500 8        51.170 8
G29  24855721.836 9 130617652.413 9      3071.960 9        54.296 9                                                                  24855721.836 8 130617652.413 8      3071.960 8        51.296 8
G10  22337503.578 9 117384338.786 9      3230.415 9        55.223 9                                                                  22337503.578 8 117384338.786 8      3230.415 8        52.223 8
G12  20801206.107 9 109311053.139 9       140.587 9        55.842 9                                                                  20801206.107 8 109311053.139 8       140.587 8        52.842 8
G17  24723546.178 9 129923044.622 9     -2957.787 9        54.342 9                                                                  24723546.178 8 129923044.622 8     -2957.787 8        51.342 8
G24  24317954.021 9 127791662.643 9      3049.044 9        54.486 9                                                                  24317954.021 8 127791662.643 8      3049.044 8        51.486 8
G30  22564533.444 9 118577391.463 9      2303.420 9        55.136 9                                                                  22564533.444 8 118577391.463 8      2303.420 8        52.136 8
G05  21254183.761 9 111691464.811 9       639.914 9        55.655 9                                                                  21254183.761 8 111691464.811 8       639.914 8        52.655 8
G04  21974851.650 9 115478594.121 9     -2485.863 9        55.366 9                                                                  21974851.650 8 115478594.121 8     -2485.863 8        52.366 8
E04                                                                  23385325.534 9 122890681.940 9      -164.008 9        57.938 9  23385325.534 9 122890681.940 9      -164.008 9        57.938 9
E05                                                                  26155678.782 9 137448955.711 9     -2066.522 9        56.965 9  26155678.782 9 137448955.711 9     -2066.522 9        56.965 9
E11                                                                  26687430.777 9 140243331.064 9     -2421.053 9        56.790 9  26687430.777 9 140243331.064 9     -2421.053 9        56.790 9
E20                                                                  27883135.160 9 146526785.386 9     -1692.449 9        56.410 9  27883135.160 9 146526785.386 9     -1692.449 9        56.410 9
E09                                                                  24976981.945 9 131254876.761 9      2557.774 9        57.366 9  24976981.945 9 131254876.761 9      2557.774 9        57.366 9
E10                                                                  23770130.716 9 124912843.980 9       -21.607 9        57.796 9  23770130.716 9 124912843.980 9       -21.607 9        57.796 9
E03                                                                  25025731.096 9 131511062.546 9      1943.094 9        57.349 9  25025731.096 9 131511062.546 9      1943.094 9        57.349 9
> 2026 02 03 10 01 59.0000000  0 18       0.000000000000
G02  20307704.253 9 106717685.055 9      -404.864 9        56.051 9                                                                  20307704.253 8 106717685.055 8      -404.864 8        53.051 8
G09  25298864.954 9 132946372.534 9     -2812.075 9        54.142 9                                                                  25298864.954 8 132946372.534 8     -2812.075 8        51.142 8
G13  25217598.350 9 132519304.443 9      1203.045 9        54.170 9                                                                  25217598.350 8 132519304.443 8      1203.045 8        51.170 8
G29  24855137.258 9 130614580.440 9      3071.985 9        54.296 9                                                                  24855137.258 8 130614580.440 8      3071.985 8        51.296 8
G10  22336888.881 9 117381108.534 9      3230.096 9        55.224 9                                                                  22336888.881 8 117381108.534 8      3230.096 8        52.224 8
G12  20801179.417 9 109310912.883 9       139.923 9        55.842 9                                                                  20801179.417 8 109310912.883 8       139.923 8        52.842 8
G17  24724109.038 9 129926002.455 9     -2957.911 9        54.342 9                                                                  24724109.038 8 129926002.455 8     -2957.911 8        51.342 8
G24  24317373.822 9 127788613.682 9      3048.879 9        54.486 9                                                                  24317373.822 8 127788613.682 8      3048.879 8        51.486 8
G30  22564095.164 9 118575088.287 9      2302.930 9        55.136 9                                                                  22564095.164 8 118575088.287 8      2302.930 8        52.136 8
G05  21254062.052 9 111690825.225 9       639.257 9        55.655 9                                                                  21254062.052 8 111690825.225 8       639.257 8        52.655 8
G04  21975324.711 9 115481080.070 9     -2486.048 9        55.365 9                                                                  21975324.711 8 115481080.070 8     -2486.048 8        52.365 8
E04                                                                  23385356.767 9 122890846.072 9      -164.257 9        57.938 9  23385356.767 9 122890846.072 9      -164.257 9        57.938 9
E05                                                                  26156072.044 9 137451022.308 9     -2066.692 9        56.965 9  26156072.044 9 137451022.308 9     -2066.692 9        56.965 9
E11                                                                  26687891.511 9 140245752.229 9     -2421.296 9        56.790 9  26687891.511 9 140245752.229 9     -2421.296 9        56.790 9
E20                                                                  27883457.252 9 146528477.981 9     -1692.754 9        56.410 9  27883457.252 9 146528477.981 9     -1692.754 9        56.410 9
E09                                                                  24976495.243 9 131252319.131 9      2557.495 9        57.366 9  24976495.243 9 131252319.131 9      2557.495 9        57.366 9
E10                                                                  23770134.873 9 124912865.823 9       -22.078 9        57.796 9  23770134.873 9 124912865.823 9       -22.078 9        57.796 9
E03                                                                  25025361.346 9 131509119.498 9      1943.004 9        57.349 9  25025361.346 9 131509119.498 9      1943.004 9        57.349 9
> 2026 02 03 10 02  0.0000000  0 18       0.000000000000
G02  20307781.333 9 106718090.114 9      -405.256 9        56.051 9                                                                  20307781.333 8 106718090.114 8      -405.256 8        53.051 8
G09  25299400.069 9 132949184.574 9     -2812.019 9        54.142 9                                                                  25299400.069 8 132949184.574 8     -2812.019 8        51.142 8
G13  25217369.461 9 132518101.630 9      1202.590 9        54.170 9                                                                  25217369.461 8 132518101.630 8      1202.590 8        51.170 8
G29  24854552.676 9 130611508.441 9      3072.010 9        54.296 9                                                                  24854552.676 8 130611508.441 8      3072.010 8        51.296 8
G10  22336274.245 9 117377878.603 9      3229.776 9        55.224 9                                                                  22336274.245 8 117377878.603 8      3229.776 8        52.224 8
G12  20801152.854 9 109310773.291 9       139.258 9        55.842 9                                                                  20801152.854 8 109310773.291 8       139.258 8        52.842 8
G17  24724671.921 9 129928960.412 9     -2958.036 9        54.341 9                                                                  24724671.921 8 129928960.412 8     -2958.036 8        51.341 8
G24  24316793.655 9 127785564.886 9      3048.714 9        54.486 9                                                                  24316793.655 8 127785564.886 8      3048.714 8        51.486 8
G30  22563656.977 9 118572785.602 9      2302.441 9        55.136 9                                                                  22563656.977 8 118572785.602 8      2302.441 8        52.136 8
G05  21253940.468 9 111690186.296 9       638.599 9        55.655 9                                                                  21253940.468 8 111690186.296 8       638.599 8        52.655 8
G04  21975797.807 9 115483566.204 9     -2486.232 9        55.365 9                                                                  21975797.807 8 115483566.204 8     -2486.232 8        52.365 8
E04                                                                  23385388.048 9 122891010.452 9      -164.506 9        57.938 9  23385388.048 9 122891010.452 9      -164.506 9        57.938 9
E05                                                                  26156465.338 9 137453089.076 9     -2066.862 9        56.965 9  26156465.338 9 137453089.076 9     -2066.862 9        56.965 9
E11                                                                  26688352.291 9 140248173.637 9     -2421.539 9        56.790 9  26688352.291 9 140248173.637 9     -2421.539 9        56.790 9
E20                                                                  27883779.402 9 146530170.882 9     -1693.060 9        56.409 9  27883779.402 9 146530170.882 9     -1693.060 9        56.409 9
E09                                                                  24976008.594 9 131249761.780 9      2557.217 9        57.366 9  24976008.594 9 131249761.780 9      2557.217 9        57.366 9
E10                                                                  23770139.119 9 124912888.136 9       -22.548 9        57.796 9  23770139.119 9 124912888.136 9       -22.548 9        57.796 9
E03                                                                  25024991.613 9 131507176.541 9      1942.913 9        57.349 9  25024991.613 9 131507176.541 9      1942.913 9        57.349 9
> 2026 02 03 10 02  1.0000000  0 18       0.000000000000
G02  20307858.488 9 106718495.565 9      -405.648 9        56.051 9                                                                  20307858.488 8 106718495.565 8      -405.648 8        53.051 8
G09  25299935.174 9 132951996.558 9     -2811.962 9        54.142 9                                                                  25299935.174 8 132951996.558 8     -2811.962 8        51.142 8
G13  25217140.660 9 132516899.273 9      1202.135 9        54.170 9                                                                  25217140.660 8 132516899.273 8      1202.135 8        51.170 8
G29  24853968.089 9 130608436.417 9      3072.035 9        54.296 9                                                                  24853968.089 8 130608436.417 8      3072.035 8        51.296 8
G10  22335659.669 9 117374648.991 9      3229.457 9        55.224 9                                                                  22335659.669 8 117374648.991 8      3229.457 8        52.224 8
G12  20801126.417 9 109310634.364 9       138.594 9        55.842 9                                                                  20801126.417 8 109310634.364 8       138.594 8        52.842 8
G17  24725234.827 9 129931918.493 9     -2958.160 9        54.341 9                                                                  24725234.827 8 129931918.493 8     -2958.160 8        51.341 8
G24  24316213.519 9 127782516.255 9      3048.549 9        54.486 9                                                                  24316213.519 8 127782516.255 8      3048.549 8        51.486 8
G30  22563218.883 9 118570483.405 9      2301.952 9        55.136 9                                                                  22563218.883 8 118570483.405 8      2301.952 8        52.136 8
G05  21253819.009 9 111689548.025 9       637.942 9        55.655 9                                                                  21253819.009 8 111689548.025 8       637.942 8        52.655 8
G04  21976270.939 9 115486052.523 9     -2486.417 9        55.365 9                                                                  21976270.939 8 115486052.523 8     -2486.417 8        52.365 8
E04                                                                  23385419.376 9 122891175.082 9      -164.755 9        57.938 9  23385419.376 9 122891175.082 9      -164.755 9        57.938 9
E05                                                                  26156858.665 9 137455156.013 9     -2067.032 9        56.965 9  26156858.665 9 137455156.013 9     -2067.032 9        56.965 9
E11                                                                  26688813.117 9 140250595.289 9     -2421.782 9        56.790 9  26688813.117 9 140250595.289 9     -2421.782 9        56.790 9
E20                                                                  27884101.610 9 146531864.087 9     -1693.365 9        56.409 9  27884101.610 9 146531864.087 9     -1693.365 9        56.409 9
E09                                                                  24975521.999 9 131247204.708 9      2556.938 9        57.366 9  24975521.999 9 131247204.708 9      2556.938 9        57.366 9
E10                                                                  23770143.454 9 124912910.918 9       -23.018 9        57.796 9  23770143.454 9 124912910.918 9       -23.018 9        57.796 9
E03                                                                  25024621.897 9 131505233.673 9      1942.823 9        57.349 9  25024621.897 9 131505233.673 9      1942.823 9        57.349 9
> 2026 02 03 10 02  2.0000000  0 18       0.000000000000
G02  20307935.718 9 106718901.409 9      -406.041 9        56.051 9                                                                  20307935.718 8 106718901.409 8      -406.041 8        53.051 8
G09  25300470.268 9 132954808.486 9     -2811.906 9        54.141 9                                                                  25300470.268 8 132954808.486 8     -2811.906 8        51.141 8
G13  25216911.944 9 132515697.371 9      1201.680 9        54.170 9                                                                  25216911.944 8 132515697.371 8      1201.680 8        51.170 8
G29  24853383.497 9 130605364.369 9      3072.060 9        54.296 9                                                                  24853383.497 8 130605364.369 8      3072.060 8        51.296 8
G10  22335045.154 9 117371419.699 9      3229.137 9        55.224 9                                                                  22335045.154 8 117371419.699 8      3229.137 8        52.224 8
G12  20801100.107 9 109310496.101 9       137.929 9        55.842 9                                                                  20801100.107 8 109310496.101 8       137.929 8        52.842 8
G17  24725797.758 9 129934876.699 9     -2958.284 9        54.341 9                                                                  24725797.758 8 129934876.699 8     -2958.284 8        51.341 8
G24  24315633.414 9 127779467.789 9      3048.384 9        54.486 9                                                                  24315633.414 8 127779467.789 8      3048.384 8        51.486 8
G30  22562780.882 9 118568181.698 9      2301.462 9        55.136 9                                                                  22562780.882 8 118568181.698 8      2301.462 8        52.136 8
G05  21253697.675 9 111688910.411 9       637.284 9        55.655 9                                                                  21253697.675 8 111688910.411 8       637.284 8        52.655 8
G04  21976744.106 9 115488539.025 9     -2486.602 9        55.365 9                                                                  21976744.106 8 115488539.025 8     -2486.602 8        52.365 8
E04                                                                  23385450.751 9 122891339.960 9      -165.004 9        57.938 9  23385450.751 9 122891339.960 9      -165.004 9        57.938 9
E05                                                                  26157252.024 9 137457223.121 9     -2067.203 9        56.965 9  26157252.024 9 137457223.121 9     -2067.203 9        56.965 9
E11                                                                  26689273.990 9 140253017.183 9     -2422.025 9        56.790 9  26689273.990 9 140253017.183 9     -2422.025 9        56.790 9
E20                                                                  27884423.876 9 146533557.598 9     -1693.670 9        56.409 9  27884423.876 9 146533557.598 9     -1693.670 9        56.409 9
E09                                                                  24975035.456 9 131244647.914 9      2556.660 9        57.366 9  24975035.456 9 131244647.914 9      2556.660 9        57.366 9
E10                                                                  23770147.879 9 124912934.171 9       -23.488 9        57.796 9  23770147.879 9 124912934.171 9       -23.488 9        57.796 9
E03                                                                  25024252.198 9 131503290.896 9      1942.733 9        57.349 9  25024252.198 9 131503290.896 9      1942.733 9        57.349 9
> 2026 02 03 10 02  3.0000000  0 18       0.000000000000
G02  20308013.022 9 106719307.645 9      -406.433 9        56.051 9                                                                  20308013.022 8 106719307.645 8      -406.433 8        53.051 8
G09  25301005.351 9 132957620.356 9     -2811.849 9        54.141 9                                                                  25301005.351 8 132957620.356 8     -2811.849 8        51.141 8
G13  25216683.316 9 132514495.923 9      1201.225 9        54.170 9                                                                  25216683.316 8 132514495.923 8      1201.225 8        51.170 8
G29  24852798.900 9 130602292.295 9      3072.085 9        54.297 9                                                                  24852798.900 8 130602292.295 8      3072.085 8        51.297 8
G10  22334430.700 9 117368190.726 9      3228.817 9        55.225 9                                                                  22334430.700 8 117368190.726 8      3228.817 8        52.225 8
G12  20801073.923 9 109310358.503 9       137.265 9        55.842 9                                                                  20801073.923 8 109310358.503 8       137.265 8        52.842 8
G17  24726360.712 9 129937835.029 9     -2958.408 9        54.341 9                                                                  24726360.712 8 129937835.029 8     -2958.408 8        51.341 8
G24  24315053.341 9 127776419.488 9      3048.219 9        54.487 9                                                                  24315053.341 8 127776419.488 8      3048.219 8        51.487 8
G30  22562342.975 9 118565880.480 9      2300.973 9        55.136 9                                                                  22562342.975 8 118565880.480 8      2300.973 8        52.136 8
G05  21253576.466 9 111688273.454 9       636.627 9        55.655 9                                                                  21253576.466 8 111688273.454 8       636.627 8        52.655 8
G04  21977217.308 9 115491025.713 9     -2486.786 9        55.365 9                                                                  21977217.308 8 115491025.713 8     -2486.786 8        52.365 8
E04                                                                  23385482.174 9 122891505.087 9      -165.253 9        57.938 9  23385482.174 9 122891505.087 9      -165.253 9        57.938 9
E05                                                                  26157645.416 9 137459290.399 9     -2067.373 9        56.964 9  26157645.416 9 137459290.399 9     -2067.373 9        56.964 9
E11                                                                  26689734.909 9 140255439.321 9     -2422.269 9        56.790 9  26689734.909 9 140255439.321 9     -2422.269 9        56.790 9
E20                                                                  27884746.200 9 146535251.415 9     -1693.975 9        56.409 9  27884746.200 9 146535251.415 9     -1693.975 9        56.409 9
E09                                                                  24974548.966 9 131242091.398 9      2556.381 9        57.367 9  24974548.966 9 131242091.398 9      2556.381 9        57.367 9
E10                                                                  23770152.393 9 124912957.895 9       -23.958 9        57.796 9  23770152.393 9 124912957.895 9       -23.958 9        57.796 9
E03                                                                  25023882.517 9 131501348.209 9      1942.643 9        57.349 9  25023882.517 9 131501348.209 9      1942.643 9        57.349 9
> 2026 02 03 10 02  4.0000000  0 18       0.000000000000
G02  20308090.401 9 106719714.273 9      -406.825 9        56.051 9                                                                  20308090.401 8 106719714.273 8      -406.825 8        53.051 8
G09  25301540.423 9 132960432.170 9     -2811.792 9        54.141 9                                                                  25301540.423 8 132960432.170 8     -2811.792 8        51.141 8
G13  25216454.774 9 132513294.931 9      1200.770 9        54.170 9                                                                  25216454.774 8 132513294.931 8      1200.770 8        51.170 8
G29  24852214.299 9 130599220.197 9      3072.110 9        54.297 9                                                                  24852214.299 8 130599220.197 8      3072.110 8        51.297 8
G10  22333816.308 9 117364962.073 9      3228.497 9        55.225 9                                                                  22333816.308 8 117364962.073 8      3228.497 8        52.225 8
G12  20801047.865 9 109310221.570 9       136.600 9        55.842 9                                                                  20801047.865 8 109310221.570 8       136.600 8        52.842 8
G17  24726923.689 9 129940793.483 9     -2958.532 9        54.341 9                                                                  24726923.689 8 129940793.483 8     -2958.532 8        51.341 8
G24  24314473.300 9 127773371.352 9      3048.053 9        54.487 9                                                                  24314473.300 8 127773371.352 8      3048.053 8        51.487 8
G30  22561905.161 9 118563579.752 9      2300.483 9        55.137 9                                                                  22561905.161 8 118563579.752 8      2300.483 8        52.137 8
G05  21253455.383 9 111687637.155 9       635.969 9        55.655 9                                                                  21253455.383 8 111687637.155 8       635.969 8        52.655 8
G04  21977690.544 9 115493512.585 9     -2486.971 9        55.364 9                                                                  21977690.544 8 115493512.585 8     -2486.971 8        52.364 8
E04                                                                  23385513.644 9 122891670.464 9      -165.502 9        57.938 9  23385513.644 9 122891670.464 9      -165.502 9        57.938 9
E05                                                                  26158038.839 9 137461357.848 9     -2067.543 9        56.964 9  26158038.839 9 137461357.848 9     -2067.543 9        56.964 9
E11                                                                  26690195.874 9 140257861.701 9     -2422.511 9        56.789 9  26690195.874 9 140257861.701 9     -2422.511 9        56.789 9
E20                                                                  27885068.582 9 146536945.536 9     -1694.280 9        56.409 9  27885068.582 9 146536945.536 9     -1694.280 9        56.409 9
E09                                                                  24974062.530 9 131239535.162 9      2556.102 9        57.367 9  24974062.530 9 131239535.162 9      2556.102 9        57.367 9
E10                                                                  23770156.997 9 124912982.088 9       -24.428 9        57.796 9  23770156.997 9 124912982.088 9       -24.428 9        57.796 9
E03                                                                  25023512.853 9 131499405.613 9      1942.552 9        57.350 9  25023512.853 9 131499405.613 9      1942.552 9        57.350 9
> 2026 02 03 10 02  5.0000000  0 18       0.000000000000
G02  20308167.855 9 106720121.293 9      -407.218 9        56.051 9                                                                  20308167.855 8 106720121.293 8      -407.218 8        53.051 8
G09  25302075.484 9 132963243.927 9     -2811.735 9        54.141 9                                                                  25302075.484 8 132963243.927 8     -2811.735 8        51.141 8
G13  25216226.318 9 132512094.394 9      1200.315 9        54.170 9                                                                  25216226.318 8 132512094.394 8      1200.315 8        51.170 8
G29  24851629.693 9 130596148.073 9      3072.135 9        54.297 9                                                                  24851629.693 8 130596148.073 8      3072.135 8        51.297 8
G10  22333201.975 9 117361733.740 9      3228.177 9        55.225 9                                                                  22333201.975 8 117361733.740 8      3228.177 8        52.225 8
G12  20801021.934 9 109310085.301 9       135.936 9        55.842 9                                                                  20801021.934 8 109310085.301 8       135.936 8        52.842 8
G17  24727486.690 9 129943752.062 9     -2958.657 9        54.340 9                                                                  24727486.690 8 129943752.062 8     -2958.657 8        51.340 8
G24  24313893.290 9 127770323.381 9      3047.888 9        54.487 9                                                                  24313893.290 8 127770323.381 8      3047.888 8        51.487 8
G30  22561467.439 9 118561279.514 9      2299.993 9        55.137 9                                                                  22561467.439 8 118561279.514 8      2299.993 8        52.137 8
G05  21253334.424 9 111687001.514 9       635.312 9        55.656 9                                                                  21253334.424 8 111687001.514 8       635.312 8        52.656 8
G04  21978163.816 9 115495999.642 9     -2487.155 9        55.364 9                                                                  21978163.816 8 115495999.642 8     -2487.155 8        52.364 8
E04                                                                  23385545.162 9 122891836.089 9      -165.751 9        57.938 9  23385545.162 9 122891836.089 9      -165.751 9        57.938 9
E05                                                                  26158432.295 9 137463425.466 9     -2067.713 9        56.964 9  26158432.295 9 137463425.466 9     -2067.713 9        56.964 9
E11                                                                  26690656.885 9 140260284.325 9     -2422.754 9        56.789 9  26690656.885 9 140260284.325 9     -2422.754 9        56.789 9
E20                                                                  27885391.022 9 146538639.962 9     -1694.585 9        56.409 9  27885391.022 9 146538639.962 9     -1694.585 9        56.409 9
E09                                                                  24973576.146 9 131236979.204 9      2555.824 9        57.367 9  24973576.146 9 131236979.204 9      2555.824 9        57.367 9
E10                                                                  23770161.690 9 124913006.751 9       -24.898 9        57.796 9  23770161.690 9 124913006.751 9       -24.898 9        57.796 9
E03                                                                  25023143.206 9 131497463.106 9      1942.462 9        57.350 9  25023143.206 9 131497463.106 9      1942.462 9        57.350 9
> 2026 02 03 10 02  6.0000000  0 18       0.000000000000
G02  20308245.383 9 106720528.706 9      -407.610 9        56.051 9                                                                  20308245.383 8 106720528.706 8      -407.610 8        53.051 8
G09  25302610.535 9 132966055.627 9     -2811.678 9        54.141 9                                                                  25302610.535 8 132966055.627 8     -2811.678 8        51.141 8
G13  25215997.949 9 132510894.312 9      1199.860 9        54.171 9                                                                  25215997.949 8 132510894.312 8      1199.860 8        51.171 8
G29  24851045.082 9 130593075.925 9      3072.160 9        54.297 9                                                                  24851045.082 8 130593075.925 8      3072.160 8        51.297 8
G10  22332587.704 9 117358505.728 9      3227.857 9        55.225 9                                                                  22332587.704 8 117358505.728 8      3227.857 8        52.225 8
G12  20800996.130 9 109309949.697 9       135.271 9        55.842 9                                                                  20800996.130 8 109309949.697 8       135.271 8        52.842 8
G17  24728049.715 9 129946710.764 9     -2958.781 9        54.340 9                                                                  24728049.715 8 129946710.764 8     -2958.781 8        51.340 8
G24  24313313.311 9 127767275.576 9      3047.723 9        54.487 9                                                                  24313313.311 8 127767275.576 8      3047.723 8        51.487 8
G30  22561029.812 9 118558979.765 9      2299.504 9        55.137 9                                                                  22561029.812 8 118558979.765 8      2299.504 8        52.137 8
G05  21253213.591 9 111686366.530 9       634.654 9        55.656 9                                                                  21253213.591 8 111686366.530 8       634.654 8        52.656 8
G04  21978637.124 9 115498486.883 9     -2487.340 9        55.364 9                                                                  21978637.124 8 115498486.883 8     -2487.340 8        52.364 8
E04                                                                  23385576.727 9 122892001.964 9      -166.000 9        57.938 9  23385576.727 9 122892001.964 9      -166.000 9        57.938 9
E05                                                                  26158825.784 9 137465493.255 9     -2067.884 9        56.964 9  26158825.784 9 137465493.255 9     -2067.884 9        56.964 9
E11                                                                  26691117.943 9 140262707.191 9     -2422.997 9        56.789 9  26691117.943 9 140262707.191 9     -2422.997 9        56.789 9
E20                                                                  27885713.521 9 146540334.694 9     -1694.890 9        56.409 9  27885713.521 9 146540334.694 9     -1694.890 9        56.409 9
E09                                                                  24973089.815 9 131234423.524 9      2555.545 9        57.367 9  24973089.815 9 131234423.524 9      2555.545 9        57.367 9
E10                                                                  23770166.473 9 124913031.885 9       -25.369 9        57.796 9  23770166.473 9 124913031.885 9       -25.369 9        57.796 9
E03                                                                  25022773.576 9 131495520.690 9      1942.372 9        57.350 9  25022773.576 9 131495520.690 9      1942.372 9        57.350 9
> 2026 02 03 10 02  7.0000000  0 18       0.000000000000
G02  20308322.986 9 106720936.511 9      -408.002 9        56.051 9                                                                  20308322.986 8 106720936.511 8      -408.002 8        53.051 8
G09  25303145.574 9 132968867.270 9     -2811.621 9        54.141 9                                                                  25303145.574 8 132968867.270 8     -2811.621 8        51.141 8
G13  25215769.667 9 132509694.685 9      1199.405 9        54.171 9                                                                  25215769.667 8 132509694.685 8      1199.405 8        51.171 8
G29  24850460.467 9 130590003.751 9      3072.185 9        54.297 9                                                                  24850460.467 8 130590003.751 8      3072.185 8        51.297 8
G10  22331973.494 9 117355278.035 9      3227.537 9        55.226 9                                                                  22331973.494 8 117355278.035 8      3227.537 8        52.226 8
G12  20800970.452 9 109309814.757 9       134.606 9        55.842 9                                                                  20800970.452 8 109309814.757 8       134.606 8        52.842 8
G17  24728612.764 9 129949669.591 9     -2958.905 9        54.340 9                                                                  24728612.764 8 129949669.591 8     -2958.905 8        51.340 8
G24  24312733.363 9 127764227.936 9      3047.558 9        54.487 9                                                                  24312733.363 8 127764227.936 8      3047.558 8        51.487 8
G30  22560592.277 9 118556680.506 9      2299.014 9        55.137 9                                                                  22560592.277 8 118556680.506 8      2299.014 8        52.137 8
G05  21253092.883 9 111685732.203 9       633.997 9        55.656 9                                                                  21253092.883 8 111685732.203 8       633.997 8        52.656 8
G04  21979110.466 9 115500974.308 9     -2487.524 9        55.364 9                                                                  21979110.466 8 115500974.308 8     -2487.524 8        52.364 8
E04                                                                  23385608.339 9 122892168.088 9      -166.249 9        57.937 9  23385608.339 9 122892168.088 9      -166.249 9        57.937 9
E05                                                                  26159219.305 9 137467561.213 9     -2068.054 9        56.964 9  26159219.305 9 137467561.213 9     -2068.054 9        56.964 9
E11                                                                  26691579.047 9 140265130.300 9     -2423.240 9        56.789 9  26691579.047 9 140265130.300 9     -2423.240 9        56.789 9
E20                                                                  27886036.077 9 146542029.730 9     -1695.195 9        56.409 9  27886036.077 9 146542029.730 9     -1695.195 9        56.409 9
E09                                                                  24972603.538 9 131231868.124 9      2555.266 9        57.367 9  24972603.538 9 131231868.124 9      2555.266 9        57.367 9
E10                                                                  23770171.345 9 124913057.489 9       -25.839 9        57.796 9  23770171.345 9 124913057.489 9       -25.839 9        57.796 9
E03                                                                  25022403.963 9 131493578.365 9      1942.281 9        57.350 9  25022403.963 9 131493578.365 9      1942.281 9        57.350 9
> 2026 02 03 10 02  8.0000000  0 18       0.000000000000
G02  20308400.664 9 106721344.708 9      -408.394 9        56.051 9                                                                  20308400.664 8 106721344.708 8      -408.394 8        53.051 8
G09  25303680.603 9 132971678.856 9     -2811.564 9        54.140 9                                                                  25303680.603 8 132971678.856 8     -2811.564 8        51.140 8
G13  25215541.472 9 132508495.514 9      1198.949 9        54.171 9                                                                  25215541.472 8 132508495.514 8      1198.949 8        51.171 8
G29  24849875.846 9 130586931.553 9      3072.209 9        54.298 9                                                                  24849875.846 8 130586931.553 8      3072.209 8        51.298 8
G10  22331359.345 9 117352050.663 9      3227.216 9        55.226 9                                                                  22331359.345 8 117352050.663 8      3227.216 8        52.226 8
G12  20800944.900 9 109309680.482 9       133.942 9        55.842 9                                                                  20800944.900 8 109309680.482 8       133.942 8        52.842 8
G17  24729175.836 9 129952628.541 9     -2959.029 9        54.340 9                                                                  24729175.836 8 129952628.541 8     -2959.029 8        51.340 8
G24  24312153.448 9 127761180.461 9      3047.393 9        54.488 9                                                                  24312153.448 8 127761180.461 8      3047.393 8        51.488 8
G30  22560154.835 9 118554381.738 9      2298.524 9        55.137 9                                                                  22560154.835 8 118554381.738 8      2298.524 8        52.137 8
G05  21252972.300 9 111685098.534 9       633.339 9        55.656 9                                                                  21252972.300 8 111685098.534 8       633.339 8        52.656 8
G04  21979583.843 9 115503461.917 9     -2487.708 9        55.364 9                                                                  21979583.843 8 115503461.917 8     -2487.708 8        52.364 8
E04                                                                  23385639.999 9 122892334.461 9      -166.498 9        57.937 9  23385639.999 9 122892334.461 9      -166.498 9        57.937 9
E05                                                                  26159612.858 9 137469629.342 9     -2068.224 9        56.964 9  26159612.858 9 137469629.342 9     -2068.224 9        56.964 9
E11                                                                  26692040.196 9 140267553.652 9     -2423.483 9        56.789 9  26692040.196 9 140267553.652 9     -2423.483 9        56.789 9
E20                                                                  27886358.691 9 146543725.071 9     -1695.500 9        56.409 9  27886358.691 9 146543725.071 9     -1695.500 9        56.409 9
E09                                                                  24972117.313 9 131229313.002 9      2554.987 9        57.367 9  24972117.313 9 131229313.002 9      2554.987 9        57.367 9
E10                                                                  23770176.307 9 124913083.562 9       -26.309 9        57.796 9  23770176.307 9 124913083.562 9       -26.309 9        57.796 9
E03                                                                  25022034.368 9 131491636.130 9      1942.190 9        57.350 9  25022034.368 9 131491636.130 9      1942.190 9        57.350 9
> 2026 02 03 10 02  9.0000000  0 18       0.000000000000
G02  20308478.416 9 106721753.298 9      -408.786 9        56.051 9                                                                  20308478.416 8 106721753.298 8      -408.786 8        53.051 8
G09  25304215.621 9 132974490.385 9     -2811.507 9        54.140 9                                                                  25304215.621 8 132974490.385 8     -2811.507 8        51.140 8
G13  25215313.363 9 132507296.798 9      1198.494 9        54.171 9                                                                  25215313.363 8 132507296.798 8      1198.494 8        51.171 8
G29  24849291.221 9 130583859.330 9      3072.234 9        54.298 9                                                                  24849291.221 8 130583859.330 8      3072.234 8        51.298 8
G10  22330745.256 9 117348823.611 9      3226.896 9        55.226 9                                                                  22330745.256 8 117348823.611 8      3226.896 8        52.226 8
G12  20800919.475 9 109309546.871 9       133.277 9        55.842 9                                                                  20800919.475 8 109309546.871 8       133.277 8        52.842 8
G17  24729738.931 9 129955587.616 9     -2959.153 9        54.340 9                                                                  24729738.931 8 129955587.616 8     -2959.153 8        51.340 8
G24  24311573.563 9 127758133.151 9      3047.228 9        54.488 9                                                                  24311573.563 8 127758133.151 8      3047.228 8        51.488 8
G30  22559717.487 9 118552083.459 9      2298.034 9        55.137 9                                                                  22559717.487 8 118552083.459 8      2298.034 8        52.137 8
G05  21252851.842 9 111684465.523 9       632.682 9        55.656 9                                                                  21252851.842 8 111684465.523 8       632.682 8        52.656 8
G04  21980057.255 9 115505949.711 9     -2487.892 9        55.363 9                                                                  21980057.255 8 115505949.711 8     -2487.892 8        52.363 8
E04                                                                  23385671.706 9 122892501.082 9      -166.747 9        57.937 9  23385671.706 9 122892501.082 9      -166.747 9        57.937 9
E05                                                                  26160006.444 9 137471697.641 9     -2068.394 9        56.964 9  26160006.444 9 137471697.641 9     -2068.394 9        56.964 9
E11                                                                  26692501.393 9 140269977.246 9     -2423.725 9        56.789 9  26692501.393 9 140269977.246 9     -2423.725 9        56.789 9
E20                                                                  27886681.363 9 146545420.717 9     -1695.805 9        56.409 9  27886681.363 9 146545420.717 9     -1695.805 9        56.409 9
E09                                                                  24971631.142 9 131226758.159 9      2554.708 9        57.368 9  24971631.142 9 131226758.159 9      2554.708 9        57.368 9
E10                                                                  23770181.358 9 124913110.106 9       -26.779 9        57.796 9  23770181.358 9 124913110.106 9       -26.779 9        57.796 9
E03                                                                  25021664.789 9 131489693.986 9      1942.100 9        57.350 9  25021664.789 9 131489693.986 9      1942.100 9        57.350 9
> 2026 02 03 10 02 10.0000000  0 18       0.000000000000
G02  20308556.242 9 106722162.279 9      -409.178 9        56.050 9                                                                  20308556.242 8 106722162.279 8      -409.178 8        53.050 8
G09  25304750.628 9 132977301.856 9     -2811.449 9        54.140 9                                                                  25304750.628 8 132977301.856 8     -2811.449 8        51.140 8
G13  25215085.341 9 132506098.537 9      1198.038 9        54.171 9                                                                  25215085.341 8 132506098.537 8      1198.038 8        51.171 8
G29  24848706.592 9 130580787.083 9      3072.259 9        54.298 9                                                                  24848706.592 8 130580787.083 8      3072.259 8        51.298 8
G10  22330131.229 9 117345596.879 9      3226.575 9        55.226 9                                                                  22330131.229 8 117345596.879 8      3226.575 8        52.226 8
G12  20800894.177 9 109309413.925 9       132.613 9        55.842 9                                                                  20800894.177 8 109309413.925 8       132.613 8        52.842 8
G17  24730302.051 9 129958546.815 9     -2959.277 9        54.339 9                                                                  24730302.051 8 129958546.815 8     -2959.277 8        51.339 8
G24  24310993.710 9 127755086.006 9      3047.062 9        54.488 9                                                                  24310993.710 8 127755086.006 8      3047.062 8        51.488 8
G30  22559280.232 9 118549785.670 9      2297.543 9        55.138 9                                                                  22559280.232 8 118549785.670 8      2297.543 8        52.138 8
G05  21252731.509 9 111683833.169 9       632.024 9        55.656 9                                                                  21252731.509 8 111683833.169 8       632.024 8        52.656 8
G04  21980530.703 9 115508437.689 9     -2488.076 9        55.363 9                                                                  21980530.703 8 115508437.689 8     -2488.076 8        52.363 8
E04                                                                  23385703.461 9 122892667.954 9      -166.997 9        57.937 9  23385703.461 9 122892667.954 9      -166.997 9        57.937 9
E05                                                                  26160400.062 9 137473766.111 9     -2068.564 9        56.964 9  26160400.062 9 137473766.111 9     -2068.564 9        56.964 9
E11                                                                  26692962.635 9 140272401.084 9     -2423.968 9        56.789 9  26692962.635 9 140272401.084 9     -2423.968 9        56.789 9
E20                                                                  27887004.094 9 146547116.667 9     -1696.109 9        56.408 9  27887004.094 9 146547116.667 9     -1696.109 9        56.408 9
E09                                                                  24971145.024 9 131224203.595 9      2554.429 9        57.368 9  24971145.024 9 131224203.595 9      2554.429 9        57.368 9
E10                                                                  23770186.498 9 124913137.120 9       -27.249 9        57.796 9  23770186.498 9 124913137.120 9       -27.249 9        57.796 9
E03                                                                  25021295.228 9 131487751.932 9      1942.010 9        57.350 9  25021295.228 9 131487751.932 9      1942.010 9        57.350 9
> 2026 02 03 10 02 11.0000000  0 18       0.000000000000
G02  20308634.144 9 106722571.652 9      -409.570 9        56.050 9                                                                  20308634.144 8 106722571.652 8      -409.570 8        53.050 8
G09  25305285.624 9 132980113.269 9     -2811.392 9        54.140 9                                                                  25305285.624 8 132980113.269 8     -2811.392 8        51.140 8
G13  25214857.405 9 132504900.732 9      1197.582 9        54.171 9                                                                  25214857.405 8 132504900.732 8      1197.582 8        51.171 8
G29  24848121.957 9 130577714.810 9      3072.284 9        54.298 9                                                                  24848121.957 8 130577714.810 8      3072.284 8        51.298 8
G10  22329517.263 9 117342370.468 9      3226.255 9        55.226 9                                                                  22329517.263 8 117342370.468 8      3226.255 8        52.226 8
G12  20800869.005 9 109309281.644 9       131.948 9        55.842 9                                                                  20800869.005 8 109309281.644 8       131.948 8        52.842 8
G17  24730865.194 9 129961506.138 9     -2959.401 9        54.339 9                                                                  24730865.194 8 129961506.138 8     -2959.401 8        51.339 8
G24  24310413.889 9 127752039.027 9      3046.897 9        54.488 9                                                                  24310413.889 8 127752039.027 8      3046.897 8        51.488 8
G30  22558843.070 9 118547488.372 9      2297.053 9        55.138 9                                                                  22558843.070 8 118547488.372 8      2297.053 8        52.138 8
G05  21252611.301 9 111683201.473 9       631.366 9        55.656 9                                                                  21252611.301 8 111683201.473 8       631.366 8        52.656 8
G04  21981004.185 9 115510925.851 9     -2488.261 9        55.363 9                                                                  21981004.185 8 115510925.851 8     -2488.261 8        52.363 8
E04                                                                  23385735.263 9 122892835.074 9      -167.246 9        57.937 9  23385735.263 9 122892835.074 9      -167.246 9        57.937 9
E05                                                                  26160793.713 9 137475834.750 9     -2068.734 9        56.963 9  26160793.713 9 137475834.750 9     -2068.734 9        56.963 9
E11                                                                  26693423.923 9 140274825.163 9     -2424.210 9        56.788 9  26693423.923 9 140274825.163 9     -2424.210 9        56.788 9
E20                                                                  27887326.882 9 146548812.922 9     -1696.414 9        56.408 9  27887326.882 9 146548812.922 9     -1696.414 9        56.408 9
E09                                                                  24970658.958 9 131221649.310 9      2554.150 9        57.368 9  24970658.958 9 131221649.310 9      2554.150 9        57.368 9
E10                                                                  23770191.728 9 124913164.604 9       -27.719 9        57.796 9  23770191.728 9 124913164.604 9       -27.719 9        57.796 9
E03                                                                  25020925.685 9 131485809.968 9      1941.919 9        57.350 9  25020925.685 9 131485809.968 9      1941.919 9        57.350 9
> 2026 02 03 10 02 12.0000000  0 18       0.000000000000
G02  20308712.120 9 106722981.417 9      -409.962 9        56.050 9                                                                  20308712.120 8 106722981.417 8      -409.962 8        53.050 8
G09  25305820.609 9 132982924.625 9     -2811.334 9        54.140 9                                                                  25305820.609 8 132982924.625 8     -2811.334 8        51.140 8
G13  25214629.557 9 132503703.383 9      1197.127 9        54.171 9                                                                  25214629.557 8 132503703.383 8      1197.127 8        51.171 8
G29  24847537.318 9 130574642.513 9      3072.308 9        54.298 9                                                                  24847537.318 8 130574642.513 8      3072.308 8        51.298 8
G10  22328903.357 9 117339144.378 9      3225.934 9        55.227 9                                                                  22328903.357 8 117339144.378 8      3225.934 8        52.227 8
G12  20800843.959 9 109309150.028 9       131.283 9        55.842 9                                                                  20800843.959 8 109309150.028 8       131.283 8        52.842 8
G17  24731428.360 9 129964465.585 9     -2959.525 9        54.339 9                                                                  24731428.360 8 129964465.585 8     -2959.525 8        51.339 8
G24  24309834.099 9 127748992.213 9      3046.731 9        54.488 9                                                                  24309834.099 8 127748992.213 8      3046.731 8        51.488 8
G30  22558406.002 9 118545191.564 9      2296.563 9        55.138 9                                                                  22558406.002 8 118545191.564 8      2296.563 8        52.138 8
G05  21252491.219 9 111682570.435 9       630.709 9        55.656 9                                                                  21252491.219 8 111682570.435 8       630.709 8        52.656 8
G04  21981477.702 9 115513414.197 9     -2488.445 9        55.363 9                                                                  21981477.702 8 115513414.197 8     -2488.445 8        52.363 8
E04                                                                  23385767.113 9 122893002.444 9      -167.495 9        57.937 9  23385767.113 9 122893002.444 9      -167.495 9        57.937 9
E05                                                                  26161187.395 9 137477903.560 9     -2068.904 9        56.963 9  26161187.395 9 137477903.560 9     -2068.904 9        56.963 9
E11                                                                  26693885.258 9 140277249.485 9     -2424.453 9        56.788 9  26693885.258 9 140277249.485 9     -2424.453 9        56.788 9
E20                                                                  27887649.728 9 146550509.482 9     -1696.718 9        56.408 9  27887649.728 9 146550509.482 9     -1696.718 9        56.408 9
E09                                                                  24970172.946 9 131219095.305 9      2553.871 9        57.368 9  24970172.946 9 131219095.305 9      2553.871 9        57.368 9
E10                                                                  23770197.048 9 124913192.558 9       -28.189 9        57.796 9  23770197.048 9 124913192.558 9       -28.189 9        57.796 9
E03                                                                  25020556.158 9 131483868.096 9      1941.828 9        57.351 9  25020556.158 9 131483868.096 9      1941.828 9        57.351 9
> 2026 02 03 10 02 13.0000000  0 18       0.000000000000
G02  20308790.170 9 106723391.574 9      -410.354 9        56.050 9                                                                  20308790.170 8 106723391.574 8      -410.354 8        53.050 8
G09  25306355.583 9 132985735.923 9     -2811.276 9        54.139 9                                                                  25306355.583 8 132985735.923 8     -2811.276 8        51.139 8
G13  25214401.795 9 132502506.490 9      1196.671 9        54.171 9                                                                  25214401.795 8 132502506.490 8      1196.671 8        51.171 8
G29  24846952.674 9 130571570.191 9      3072.333 9        54.299 9                                                                  24846952.674 8 130571570.191 8      3072.333 8        51.299 8
G10  22328289.513 9 117335918.609 9      3225.613 9        55.227 9                                                                  22328289.513 8 117335918.609 8      3225.613 8        52.227 8
G12  20800819.040 9 109309019.076 9       130.618 9        55.842 9                                                                  20800819.040 8 109309019.076 8       130.618 8        52.842 8
G17  24731991.550 9 129967425.156 9     -2959.649 9        54.339 9                                                                  24731991.550 8 129967425.156 8     -2959.649 8        51.339 8
G24  24309254.340 9 127745945.565 9      3046.566 9        54.489 9                                                                  24309254.340 8 127745945.565 8      3046.566 8        51.489 8
G30  22557969.027 9 118542895.246 9      2296.073 9        55.138 9                                                                  22557969.027 8 118542895.246 8      2296.073 8        52.138 8
G05  21252371.261 9 111681940.055 9       630.051 9        55.656 9                                                                  21252371.261 8 111681940.055 8       630.051 8        52.656 8
G04  21981951.255 9 115515902.728 9     -2488.629 9        55.363 9                                                                  21981951.255 8 115515902.728 8     -2488.629 8        52.363 8
E04                                                                  23385799.010 9 122893170.063 9      -167.744 9        57.937 9  23385799.010 9 122893170.063 9      -167.744 9        57.937 9
E05                                                                  26161581.111 9 137479972.540 9     -2069.075 9        56.963 9  26161581.111 9 137479972.540 9     -2069.075 9        56.963 9
E11                                                                  26694346.639 9 140279674.050 9     -2424.695 9        56.788 9  26694346.639 9 140279674.050 9     -2424.695 9        56.788 9
E20                                                                  27887972.632 9 146552206.346 9     -1697.023 9        56.408 9  27887972.632 9 146552206.346 9     -1697.023 9        56.408 9
E09                                                                  24969686.987 9 131216541.578 9      2553.592 9        57.368 9  24969686.987 9 131216541.578 9      2553.592 9        57.368 9
E10                                                                  23770202.457 9 124913220.982 9       -28.659 9        57.796 9  23770202.457 9 124913220.982 9       -28.659 9        57.796 9
E03                                                                  25020186.649 9 131481926.313 9      1941.738 9        57.351 9  25020186.649 9 131481926.313 9      1941.738 9        57.351 9
> 2026 02 03 10 02 14.0000000  0 18       0.000000000000
G02  20308868.295 9 106723802.123 9      -410.746 9        56.050 9                                                                  20308868.295 8 106723802.123 8      -410.746 8        53.050 8
G09  25306890.546 9 132988547.164 9     -2811.218 9        54.139 9                                                                  25306890.546 8 132988547.164 8     -2811.218 8        51.139 8
G13  25214174.119 9 132501310.052 9      1196.215 9        54.171 9                                                                  25214174.119 8 132501310.052 8      1196.215 8        51.171 8
G29  24846368.026 9 130568497.845 9      3072.358 9        54.299 9                                                                  24846368.026 8 130568497.845 8      3072.358 8        51.299 8
G10  22327675.730 9 117332693.160 9      3225.292 9        55.227 9                                                                  22327675.730 8 117332693.160 8      3225.292 8        52.227 8
G12  20800794.247 9 109308888.789 9       129.954 9        55.842 9                                                                  20800794.247 8 109308888.789 8       129.954 8        52.842 8
G17  24732554.764 9 129970384.851 9     -2959.773 9        54.339 9                                                                  24732554.764 8 129970384.851 8     -2959.773 8        51.339 8
G24  24308674.613 9 127742899.082 9      3046.401 9        54.489 9                                                                  24308674.613 8 127742899.082 8      3046.401 8        51.489 8
G30  22557532.145 9 118540599.418 9      2295.582 9        55.138 9                                                                  22557532.145 8 118540599.418 8      2295.582 8        52.138 8
G05  21252251.429 9 111681310.332 9       629.393 9        55.656 9                                                                  21252251.429 8 111681310.332 8       629.393 8        52.656 8
G04  21982424.842 9 115518391.441 9     -2488.812 9        55.363 9                                                                  21982424.842 8 115518391.441 8     -2488.812 8        52.363 8
E04                                                                  23385830.954 9 122893337.931 9      -167.994 9        57.937 9  23385830.954 9 122893337.931 9      -167.994 9        57.937 9
E05                                                                  26161974.858 9 137482041.690 9     -2069.245 9        56.963 9  26161974.858 9 137482041.690 9     -2069.245 9        56.963 9
E11                                                                  26694808.066 9 140282098.857 9     -2424.937 9        56.788 9  26694808.066 9 140282098.857 9     -2424.937 9        56.788 9
E20                                                                  27888295.594 9 146553903.515 9     -1697.327 9        56.408 9  27888295.594 9 146553903.515 9     -1697.327 9        56.408 9
E09                                                                  24969201.081 9 131213988.131 9      2553.313 9        57.368 9  24969201.081 9 131213988.131 9      2553.313 9        57.368 9
E10                                                                  23770207.955 9 124913249.875 9       -29.129 9        57.796 9  23770207.955 9 124913249.875 9       -29.129 9        57.796 9
E03                                                                  25019817.157 9 131479984.622 9      1941.647 9        57.351 9  25019817.157 9 131479984.622 9      1941.647 9        57.351 9
> 2026 02 03 10 02 15.0000000  0 18       0.000000000000
G02  20308946.495 9 106724213.064 9      -411.138 9        56.050 9                                                                  20308946.495 8 106724213.064 8      -411.138 8        53.050 8
G09  25307425.498 9 132991358.347 9     -2811.160 9        54.139 9                                                                  25307425.498 8 132991358.347 8     -2811.160 8        51.139 8
G13  25213946.531 9 132500114.071 9      1195.759 9        54.171 9                                                                  25213946.531 8 132500114.071 8      1195.759 8        51.171 8
G29  24845783.372 9 130565425.473 9      3072.383 9        54.299 9                                                                  24845783.372 8 130565425.473 8      3072.383 8        51.299 8
G10  22327062.007 9 117329468.032 9      3224.971 9        55.227 9                                                                  22327062.007 8 117329468.032 8      3224.971 8        52.227 8
G12  20800769.581 9 109308759.167 9       129.289 9        55.842 9                                                                  20800769.581 8 109308759.167 8       129.289 8        52.842 8
G17  24733118.001 9 129973344.671 9     -2959.897 9        54.338 9                                                                  24733118.001 8 129973344.671 8     -2959.897 8        51.338 8
G24  24308094.917 9 127739852.764 9      3046.235 9        54.489 9                                                                  24308094.917 8 127739852.764 8      3046.235 8        51.489 8
G30  22557095.357 9 118538304.082 9      2295.091 9        55.138 9                                                                  22557095.357 8 118538304.082 8      2295.091 8        52.138 8
G05  21252131.722 9 111680681.267 9       628.735 9        55.656 9                                                                  21252131.722 8 111680681.267 8       628.735 8        52.656 8
G04  21982898.465 9 115520880.339 9     -2488.996 9        55.362 9                                                                  21982898.465 8 115520880.339 8     -2488.996 8        52.362 8
E04                                                                  23385862.946 9 122893506.048 9      -168.243 9        57.937 9  23385862.946 9 122893506.048 9      -168.243 9        57.937 9
E05                                                                  26162368.638 9 137484111.010 9     -2069.415 9        56.963 9  26162368.638 9 137484111.010 9     -2069.415 9        56.963 9
E11                                                                  26695269.539 9 140284523.906 9     -2425.180 9        56.788 9  26695269.539 9 140284523.906 9     -2425.180 9        56.788 9
E20                                                                  27888618.614 9 146555600.988 9     -1697.632 9        56.408 9  27888618.614 9 146555600.988 9     -1697.632 9        56.408 9
E09                                                                  24968715.229 9 131211434.962 9      2553.034 9        57.369 9  24968715.229 9 131211434.962 9      2553.034 9        57.369 9
E10                                                                  23770213.543 9 124913279.239 9       -29.599 9        57.796 9  23770213.543 9 124913279.239 9       -29.599 9        57.796 9
E03                                                                  25019447.682 9 131478043.021 9      1941.556 9        57.351 9  25019447.682 9 131478043.021 9      1941.556 9        57.351 9
> 2026 02 03 10 02 16.0000000  0 18       0.000000000000
G02  20309024.769 9 106724624.397 9      -411.530 9        56.050 9                                                                  20309024.769 8 106724624.397 8      -411.530 8        53.050 8
G09  25307960.439 9 132994169.471 9     -2811.102 9        54.139 9                                                                  25307960.439 8 132994169.471 8     -2811.102 8        51.139 8
G13  25213719.029 9 132498918.545 9      1195.303 9        54.171 9                                                                  25213719.029 8 132498918.545 8      1195.303 8        51.171 8
G29  24845198.715 9 130562353.078 9      3072.407 9        54.299 9                                                                  24845198.715 8 130562353.078 8      3072.407 8        51.299 8
G10  22326448.346 9 117326243.226 9      3224.650 9        55.228 9                                                                  22326448.346 8 117326243.226 8      3224.650 8        52.228 8
G12  20800745.042 9 109308630.209 9       128.624 9        55.842 9                                                                  20800745.042 8 109308630.209 8       128.624 8        52.842 8
G17  24733681.262 9 129976304.614 9     -2960.021 9        54.338 9                                                                  24733681.262 8 129976304.614 8     -2960.021 8        51.338 8
G24  24307515.253 9 127736806.612 9      3046.070 9        54.489 9                                                                  24307515.253 8 127736806.612 8      3046.070 8        51.489 8
G30  22556658.662 9 118536009.235 9      2294.601 9        55.139 9                                                                  22556658.662 8 118536009.235 8      2294.601 8        52.139 8
G05  21252012.140 9 111680052.860 9       628.077 9        55.656 9                                                                  21252012.140 8 111680052.860 8       628.077 8        52.656 8
G04  21983372.122 9 115523369.421 9     -2489.180 9        55.362 9                                                                  21983372.122 8 115523369.421 8     -2489.180 8        52.362 8
E04                                                                  23385894.985 9 122893674.415 9      -168.492 9        57.937 9  23385894.985 9 122893674.415 9      -168.492 9        57.937 9
E05                                                                  26162762.451 9 137486180.500 9     -2069.585 9        56.963 9  26162762.451 9 137486180.500 9     -2069.585 9        56.963 9
E11                                                                  26695731.058 9 140286949.197 9     -2425.422 9        56.788 9  26695731.058 9 140286949.197 9     -2425.422 9        56.788 9
E20                                                                  27888941.692 9 146557298.765 9     -1697.936 9        56.408 9  27888941.692 9 146557298.765 9     -1697.936 9        56.408 9
E09                                                                  24968229.429 9 131208882.073 9      2552.754 9        57.369 9  24968229.429 9 131208882.073 9      2552.754 9        57.369 9
E10                                                                  23770219.220 9 124913309.073 9       -30.069 9        57.796 9  23770219.220 9 124913309.073 9       -30.069 9        57.796 9
E03                                                                  25019078.225 9 131476101.511 9      1941.466 9        57.351 9  25019078.225 9 131476101.511 9      1941.466 9        57.351 9
> 2026 02 03 10 02 17.0000000  0 18       0.000000000000
G02  20309103.118 9 106725036.122 9      -411.921 9        56.050 9                                                                  20309103.118 8 106725036.122 8      -411.921 8        53.050 8
G09  25308495.369 9 132996980.538 9     -2811.044 9        54.139 9                                                                  25308495.369 8 132996980.538 8     -2811.044 8        51.139 8
G13  25213491.614 9 132497723.476 9      1194.847 9        54.171 9                                                                  25213491.614 8 132497723.476 8      1194.847 8        51.171 8
G29  24844614.052 9 130559280.657 9      3072.432 9        54.299 9                                                                  24844614.052 8 130559280.657 8      3072.432 8        51.299 8
G10  22325834.746 9 117323018.741 9      3224.329 9        55.228 9                                                                  22325834.746 8 117323018.741 8      3224.329 8        52.228 8
G12  20800720.628 9 109308501.917 9       127.959 9        55.842 9                                                                  20800720.628 8 109308501.917 8       127.959 8        52.842 8
G17  24734244.547 9 129979264.681 9     -2960.145 9        54.338 9                                                                  24734244.547 8 129979264.681 8     -2960.145 8        51.338 8
G24  24306935.620 9 127733760.625 9      3045.904 9        54.489 9                                                                  24306935.620 8 127733760.625 8      3045.904 8        51.489 8
G30  22556222.060 9 118533714.880 9      2294.110 9        55.139 9                                                                  22556222.060 8 118533714.880 8      2294.110 8        52.139 8
G05  21251892.684 9 111679425.111 9       627.419 9        55.656 9                                                                  21251892.684 8 111679425.111 8       627.419 8        52.656 8
G04  21983845.814 9 115525858.687 9     -2489.364 9        55.362 9                                                                  21983845.814 8 115525858.687 8     -2489.364 8        52.362 8
E04                                                                  23385927.072 9 122893843.031 9      -168.742 9        57.937 9  23385927.072 9 122893843.031 9      -168.742 9        57.937 9
E05                                                                  26163156.296 9 137488250.161 9     -2069.756 9        56.963 9  26163156.296 9 137488250.161 9     -2069.756 9        56.963 9
E11                                                                  26696192.623 9 140289374.731 9     -2425.664 9        56.787 9  26696192.623 9 140289374.731 9     -2425.664 9        56.787 9
E20                                                                  27889264.828 9 146558996.846 9     -1698.240 9        56.408 9  27889264.828 9 146558996.846 9     -1698.240 9        56.408 9
E09                                                                  24967743.683 9 131206329.464 9      2552.475 9        57.369 9  24967743.683 9 131206329.464 9      2552.475 9        57.369 9
E10                                                                  23770224.987 9 124913339.377 9       -30.539 9        57.796 9  23770224.987 9 124913339.377 9       -30.539 9        57.796 9
E03                                                                  25018708.784 9 131474160.091 9      1941.375 9        57.351 9  25018708.784 9 131474160.091 9      1941.375 9        57.351 9
> 2026 02 03 10 02 18.0000000  0 18       0.000000000000
G02  20309181.541 9 106725448.238 9      -412.313 9        56.050 9                                                                  20309181.541 8 106725448.238 8      -412.313 8        53.050 8
G09  25309030.288 9 132999791.546 9     -2810.986 9        54.139 9                                                                  25309030.288 8 132999791.546 8     -2810.986 8        51.139 8
G13  25213264.286 9 132496528.862 9      1194.391 9        54.171 9                                                                  25213264.286 8 132496528.862 8      1194.391 8        51.171 8
G29  24844029.385 9 130556208.212 9      3072.456 9        54.300 9                                                                  24844029.385 8 130556208.212 8      3072.456 8        51.300 8
G10  22325221.208 9 117319794.576 9      3224.008 9        55.228 9                                                                  22325221.208 8 117319794.576 8      3224.008 8        52.228 8
G12  20800696.342 9 109308374.289 9       127.295 9        55.842 9                                                                  20800696.342 8 109308374.289 8       127.295 8        52.842 8
G17  24734807.855 9 129982224.872 9     -2960.269 9        54.338 9                                                                  24734807.855 8 129982224.872 8     -2960.269 8        51.338 8
G24  24306356.019 9 127730714.804 9      3045.739 9        54.490 9                                                                  24306356.019 8 127730714.804 8      3045.739 8        51.490 8
G30  22555785.552 9 118531421.015 9      2293.619 9        55.139 9                                                                  22555785.552 8 118531421.015 8      2293.619 8        52.139 8
G05  21251773.352 9 111678798.019 9       626.762 9        55.656 9                                                                  21251773.352 8 111678798.019 8       626.762 8        52.656 8
G04  21984319.542 9 115528348.136 9     -2489.547 9        55.362 9                                                                  21984319.542 8 115528348.136 8     -2489.547 8        52.362 8
E04                                                                  23385959.206 9 122894011.897 9      -168.991 9        57.937 9  23385959.206 9 122894011.897 9      -168.991 9        57.937 9
E05                                                                  26163550.173 9 137490319.991 9     -2069.925 9        56.963 9  26163550.173 9 137490319.991 9     -2069.925 9        56.963 9
E11                                                                  26696654.234 9 140291800.506 9     -2425.906 9        56.787 9  26696654.234 9 140291800.506 9     -2425.906 9        56.787 9
E20                                                                  27889588.021 9 146560695.232 9     -1698.544 9        56.408 9  27889588.021 9 146560695.232 9     -1698.544 9        56.408 9
E09                                                                  24967257.989 9 131203777.133 9      2552.196 9        57.369 9  24967257.989 9 131203777.133 9      2552.196 9        57.369 9
E10                                                                  23770230.843 9 124913370.151 9       -31.009 9        57.796 9  23770230.843 9 124913370.151 9       -31.009 9        57.796 9
E03                                                                  25018339.361 9 131472218.763 9      1941.284 9        57.351 9  25018339.361 9 131472218.763 9      1941.284 9        57.351 9
> 2026 02 03 10 02 19.0000000  0 18       0.000000000000
G02  20309260.039 9 106725860.746 9      -412.705 9        56.050 9                                                                  20309260.039 8 106725860.746 8      -412.705 8        53.050 8
G09  25309565.195 9 133002602.496 9     -2810.927 9        54.138 9                                                                  25309565.195 8 133002602.496 8     -2810.927 8        51.138 8
G13  25213037.044 9 132495334.705 9      1193.935 9        54.172 9                                                                  25213037.044 8 132495334.705 8      1193.935 8        51.172 8
G29  24843444.713 9 130553135.743 9      3072.481 9        54.300 9                                                                  24843444.713 8 130553135.743 8      3072.481 8        51.300 8
G10  22324607.730 9 117316570.734 9      3223.686 9        55.228 9                                                                  22324607.730 8 117316570.734 8      3223.686 8        52.228 8
G12  20800672.182 9 109308247.325 9       126.630 9        55.843 9                                                                  20800672.182 8 109308247.325 8       126.630 8        52.843 8
G17  24735371.186 9 129985185.186 9     -2960.393 9        54.338 9                                                                  24735371.186 8 129985185.186 8     -2960.393 8        51.338 8
G24  24305776.450 9 127727669.148 9      3045.573 9        54.490 9                                                                  24305776.450 8 127727669.148 8      3045.573 8        51.490 8
G30  22555349.137 9 118529127.642 9      2293.128 9        55.139 9                                                                  22555349.137 8 118529127.642 8      2293.128 8        52.139 8
G05  21251654.146 9 111678171.586 9       626.104 9        55.656 9                                                                  21251654.146 8 111678171.586 8       626.104 8        52.656 8
G04  21984793.304 9 115530837.769 9     -2489.731 9        55.362 9                                                                  21984793.304 8 115530837.769 8     -2489.731 8        52.362 8
E04                                                                  23385991.388 9 122894181.012 9      -169.240 9        57.937 9  23385991.388 9 122894181.012 9      -169.240 9        57.937 9
E05                                                                  26163944.082 9 137492389.992 9     -2070.096 9        56.962 9  26163944.082 9 137492389.992 9     -2070.096 9        56.962 9
E11                                                                  26697115.891 9 140294226.523 9     -2426.148 9        56.787 9  26697115.891 9 140294226.523 9     -2426.148 9        56.787 9
E20                                                                  27889911.273 9 146562393.922 9     -1698.848 9        56.408 9  27889911.273 9 146562393.922 9     -1698.848 9        56.408 9
E09                                                                  24966772.349 9 131201225.083 9      2551.916 9        57.369 9  24966772.349 9 131201225.083 9      2551.916 9        57.369 9
E10                                                                  23770236.788 9 124913401.394 9       -31.478 9        57.796 9  23770236.788 9 124913401.394 9       -31.478 9        57.796 9
E03                                                                  25017969.956 9 131470277.525 9      1941.193 9        57.351 9  25017969.956 9 131470277.525 9      1941.193 9        57.351 9
> 2026 02 03 10 02 20.0000000  0 18       0.000000000000
G02  20309338.611 9 106726273.645 9      -413.096 9        56.050 9                                                                  20309338.611 8 106726273.645 8      -413.096 8        53.050 8
G09  25310100.092 9 133005413.387 9     -2810.869 9        54.138 9                                                                  25310100.092 8 133005413.387 8     -2810.869 8        51.138 8
G13  25212809.890 9 132494141.004 9      1193.478 9        54.172 9                                                                  25212809.890 8 132494141.004 8      1193.478 8        51.172 8
G29  24842860.036 9 130550063.249 9      3072.505 9        54.300 9                                                                  24842860.036 8 130550063.249 8      3072.505 8        51.300 8
G10  22323994.314 9 117313347.212 9      3223.365 9        55.229 9                                                                  22323994.314 8 117313347.212 8      3223.365 8        52.229 8
G12  20800648.148 9 109308121.027 9       125.965 9        55.843 9                                                                  20800648.148 8 109308121.027 8       125.965 8        52.843 8
G17  24735934.542 9 129988145.625 9     -2960.517 9        54.337 9                                                                  24735934.542 8 129988145.625 8     -2960.517 8        51.337 8
G24  24305196.911 9 127724623.658 9      3045.408 9        54.490 9                                                                  24305196.911 8 127724623.658 8      3045.408 8        51.490 8
G30  22554912.816 9 118526834.759 9      2292.637 9        55.139 9                                                                  22554912.816 8 118526834.759 8      2292.637 8        52.139 8
G05  21251535.065 9 111677545.810 9       625.446 9        55.656 9                                                                  21251535.065 8 111677545.810 8       625.446 8        52.656 8
G04  21985267.101 9 115533327.585 9     -2489.915 9        55.361 9                                                                  21985267.101 8 115533327.585 8     -2489.915 8        52.361 8
E04                                                                  23386023.617 9 122894350.376 9      -169.490 9        57.937 9  23386023.617 9 122894350.376 9      -169.490 9        57.937 9
E05                                                                  26164338.024 9 137494460.163 9     -2070.266 9        56.962 9  26164338.024 9 137494460.163 9     -2070.266 9        56.962 9
E11                                                                  26697577.595 9 140296652.783 9     -2426.390 9        56.787 9  26697577.595 9 140296652.783 9     -2426.390 9        56.787 9
E20                                                                  27890234.582 9 146564092.915 9     -1699.152 9        56.407 9  27890234.582 9 146564092.915 9     -1699.152 9        56.407 9
E09                                                                  24966286.762 9 131198673.311 9      2551.637 9        57.369 9  24966286.762 9 131198673.311 9      2551.637 9        57.369 9
E10                                                                  23770242.823 9 124913433.108 9       -31.948 9        57.796 9  23770242.823 9 124913433.108 9       -31.948 9        57.796 9
E03                                                                  25017600.567 9 131468336.378 9      1941.102 9        57.352 9  25017600.567 9 131468336.378 9      1941.102 9        57.352 9
> 2026 02 03 10 02 21.0000000  0 18       0.000000000000
G02  20309417.258 9 106726686.937 9      -413.488 9        56.050 9                                                                  20309417.258 8 106726686.937 8      -413.488 8        53.050 8
G09  25310634.977 9 133008224.220 9     -2810.810 9        54.138 9                                                                  25310634.977 8 133008224.220 8     -2810.810 8        51.138 8
G13  25212582.822 9 132492947.759 9      1193.022 9        54.172 9                                                                  25212582.822 8 132492947.759 8      1193.022 8        51.172 8
G29  24842275.355 9 130546990.730 9      3072.530 9        54.300 9                                                                  24842275.355 8 130546990.730 8      3072.530 8        51.300 8
G10  22323380.958 9 117310124.013 9      3223.043 9        55.229 9                                                                  22323380.958 8 117310124.013 8      3223.043 8        52.229 8
G12  20800624.241 9 109307995.393 9       125.300 9        55.843 9                                                                  20800624.241 8 109307995.393 8       125.300 8        52.843 8
G17  24736497.920 9 129991106.188 9     -2960.641 9        54.337 9                                                                  24736497.920 8 129991106.188 8     -2960.641 8        51.337 8
G24  24304617.405 9 127721578.334 9      3045.242 9        54.490 9                                                                  24304617.405 8 127721578.334 8      3045.242 8        51.490 8
G30  22554476.588 9 118524542.367 9      2292.146 9        55.139 9                                                                  22554476.588 8 118524542.367 8      2292.146 8        52.139 8
G05  21251416.109 9 111676920.693 9       624.788 9        55.656 9                                                                  21251416.109 8 111676920.693 8       624.788 8        52.656 8
G04  21985740.933 9 115535817.585 9     -2490.098 9        55.361 9                                                                  21985740.933 8 115535817.585 8     -2490.098 8        52.361 8
E04                                                                  23386055.893 9 122894519.990 9      -169.739 9        57.937 9  23386055.893 9 122894519.990 9      -169.739 9        57.937 9
E05                                                                  26164731.998 9 137496530.504 9     -2070.436 9        56.962 9  26164731.998 9 137496530.504 9     -2070.436 9        56.962 9
E11                                                                  26698039.344 9 140299079.285 9     -2426.632 9        56.787 9  26698039.344 9 140299079.285 9     -2426.632 9        56.787 9
E20                                                                  27890557.950 9 146565792.213 9     -1699.456 9        56.407 9  27890557.950 9 146565792.213 9     -1699.456 9        56.407 9
E09                                                                  24965801.228 9 131196121.819 9      2551.357 9        57.370 9  24965801.228 9 131196121.819 9      2551.357 9        57.370 9
E10                                                                  23770248.947 9 124913465.291 9       -32.418 9        57.796 9  23770248.947 9 124913465.291 9       -32.418 9        57.796 9
E03                                                                  25017231.196 9 131466395.322 9      1941.011 9        57.352 9  25017231.196 9 131466395.322 9      1941.011 9        57.352 9
> 2026 02 03 10 02 22.0000000  0 18       0.000000000000
G02  20309495.980 9 106727100.619 9      -413.880 9        56.050 9                                                                  20309495.980 8 106727100.619 8      -413.880 8        53.050 8
G09  25311169.852 9 133011034.994 9     -2810.752 9        54.138 9                                                                  25311169.852 8 133011034.994 8     -2810.752 8        51.138 8
G13  25212355.841 9 132491754.971 9      1192.565 9        54.172 9                                                                  25212355.841 8 132491754.971 8      1192.565 8        51.172 8
G29  24841690.669 9 130543918.187 9      3072.554 9        54.300 9                                                                  24841690.669 8 130543918.187 8      3072.554 8        51.300 8
G10  22322767.664 9 117306901.135 9      3222.721 9        55.229 9                                                                  22322767.664 8 117306901.135 8      3222.721 8        52.229 8
G12  20800600.460 9 109307870.425 9       124.635 9        55.843 9                                                                  20800600.460 8 109307870.425 8       124.635 8        52.843 8
G17  24737061.323 9 129994066.874 9     -2960.765 9        54.337 9                                                                  24737061.323 8 129994066.874 8     -2960.765 8        51.337 8
G24  24304037.930 9 127718533.175 9      3045.076 9        54.490 9                                                                  24304037.930 8 127718533.175 8      3045.076 8        51.490 8
G30  22554040.453 9 118522250.467 9      2291.655 9        55.140 9                                                                  22554040.453 8 118522250.467 8      2291.655 8        52.140 8
G05  21251297.279 9 111676296.233 9       624.130 9        55.656 9                                                                  21251297.279 8 111676296.233 8       624.130 8        52.656 8
G04  21986214.800 9 115538307.769 9     -2490.282 9        55.361 9                                                                  21986214.800 8 115538307.769 8     -2490.282 8        52.361 8
E04                                                                  23386088.217 9 122894689.854 9      -169.989 9        57.937 9  23386088.217 9 122894689.854 9      -169.989 9        57.937 9
E05                                                                  26165126.005 9 137498601.015 9     -2070.606 9        56.962 9  26165126.005 9 137498601.015 9     -2070.606 9        56.962 9
E11                                                                  26698501.139 9 140301506.028 9     -2426.874 9        56.787 9  26698501.139 9 140301506.028 9     -2426.874 9        56.787 9
E20                                                                  27890881.375 9 146567491.815 9     -1699.760 9        56.407 9  27890881.375 9 146567491.815 9     -1699.760 9        56.407 9
E09                                                                  24965315.748 9 131193570.607 9      2551.077 9        57.370 9  24965315.748 9 131193570.607 9      2551.077 9        57.370 9
E10                                                                  23770255.161 9 124913497.944 9       -32.888 9        57.796 9  23770255.161 9 124913497.944 9       -32.888 9        57.796 9
E03                                                                  25016861.842 9 131464454.357 9      1940.920 9        57.352 9  25016861.842 9 131464454.357 9      1940.920 9        57.352 9
> 2026 02 03 10 02 23.0000000  0 18       0.000000000000
G02  20309574.776 9 106727514.694 9      -414.271 9        56.050 9                                                                  20309574.776 8 106727514.694 8      -414.271 8        53.050 8
G09  25311704.715 9 133013845.710 9     -2810.693 9        54.138 9                                                                  25311704.715 8 133013845.710 8     -2810.693 8        51.138 8
G13  25212128.947 9 132490562.639 9      1192.109 9        54.172 9                                                                  25212128.947 8 132490562.639 8      1192.109 8        51.172 8
G29  24841105.978 9 130540845.619 9      3072.579 9        54.301 9                                                                  24841105.978 8 130540845.619 8      3072.579 8        51.301 8
G10  22322154.431 9 117303678.578 9      3222.400 9        55.229 9                                                                  22322154.431 8 117303678.578 8      3222.400 8        52.229 8
G12  20800576.806 9 109307746.121 9       123.971 9        55.843 9                                                                  20800576.806 8 109307746.121 8       123.971 8        52.843 8
G17  24737624.749 9 129997027.685 9     -2960.889 9        54.337 9                                                                  24737624.749 8 129997027.685 8     -2960.889 8        51.337 8
G24  24303458.486 9 127715488.181 9      3044.911 9        54.491 9                                                                  24303458.486 8 127715488.181 8      3044.911 8        51.491 8
G30  22553604.412 9 118519959.057 9      2291.164 9        55.140 9                                                                  22553604.412 8 118519959.057 8      2291.164 8        52.140 8
G05  21251178.573 9 111675672.432 9       623.472 9        55.656 9                                                                  21251178.573 8 111675672.432 8       623.472 8        52.656 8
G04  21986688.702 9 115540798.136 9     -2490.465 9        55.361 9                                                                  21986688.702 8 115540798.136 8     -2490.465 8        52.361 8
E04                                                                  23386120.589 9 122894859.966 9      -170.238 9        57.937 9  23386120.589 9 122894859.966 9      -170.238 9        57.937 9
E05                                                                  26165520.044 9 137500671.697 9     -2070.776 9        56.962 9  26165520.044 9 137500671.697 9     -2070.776 9        56.962 9
E11                                                                  26698962.981 9 140303933.013 9     -2427.115 9        56.787 9  26698962.981 9 140303933.013 9     -2427.115 9        56.787 9
E20                                                                  27891204.857 9 146569191.720 9     -1700.064 9        56.407 9  27891204.857 9 146569191.720 9     -1700.064 9        56.407 9
E09                                                                  24964830.321 9 131191019.674 9      2550.798 9        57.370 9  24964830.321 9 131191019.674 9      2550.798 9        57.370 9
E10                                                                  23770261.464 9 124913531.067 9       -33.358 9        57.796 9  23770261.464 9 124913531.067 9       -33.358 9        57.796 9
E03                                                                  25016492.506 9 131462513.483 9      1940.829 9        57.352 9  25016492.506 9 131462513.483 9      1940.829 9        57.352 9
> 2026 02 03 10 02 24.0000000  0 18       0.000000000000
G02  20309653.646 9 106727929.159 9      -414.663 9        56.050 9                                                                  20309653.646 8 106727929.159 8      -414.663 8        53.050 8
G09  25312239.567 9 133016656.366 9     -2810.634 9        54.137 9                                                                  25312239.567 8 133016656.366 8     -2810.634 8        51.137 8
G13  25211902.140 9 132489370.764 9      1191.652 9        54.172 9                                                                  25211902.140 8 132489370.764 8      1191.652 8        51.172 8
G29  24840521.283 9 130537773.028 9      3072.603 9        54.301 9                                                                  24840521.283 8 130537773.028 8      3072.603 8        51.301 8
G10  22321541.260 9 117300456.344 9      3222.078 9        55.230 9                                                                  22321541.260 8 117300456.344 8      3222.078 8        52.230 8
G12  20800553.279 9 109307622.482 9       123.306 9        55.843 9                                                                  20800553.279 8 109307622.482 8       123.306 8        52.843 8
G17  24738188.198 9 129999988.619 9     -2961.012 9        54.337 9                                                                  24738188.198 8 129999988.619 8     -2961.012 8        51.337 8
G24  24302879.074 9 127712443.354 9      3044.745 9        54.491 9                                                                  24302879.074 8 127712443.354 8      3044.745 8        51.491 8
G30  22553168.465 9 118517668.139 9      2290.672 9        55.140 9                                                                  22553168.465 8 118517668.139 8      2290.672 8        52.140 8
G05  21251059.993 9 111675049.289 9       622.813 9        55.656 9                                                                  21251059.993 8 111675049.289 8       622.813 8        52.656 8
G04  21987162.639 9 115543288.686 9     -2490.648 9        55.361 9                                                                  21987162.639 8 115543288.686 8     -2490.648 8        52.361 8
E04                                                                  23386153.008 9 122895030.329 9      -170.488 9        57.937 9  23386153.008 9 122895030.329 9      -170.488 9        57.937 9
E05                                                                  26165914.116 9 137502742.548 9     -2070.947 9        56.962 9  26165914.116 9 137502742.548 9     -2070.947 9        56.962 9
E11                                                                  26699424.868 9 140306360.240 9     -2427.357 9        56.786 9  26699424.868 9 140306360.240 9     -2427.357 9        56.786 9
E20                                                                  27891528.398 9 146570891.929 9     -1700.368 9        56.407 9  27891528.398 9 146570891.929 9     -1700.368 9        56.407 9
E09                                                                  24964344.946 9 131188469.021 9      2550.518 9        57.370 9  24964344.946 9 131188469.021 9      2550.518 9        57.370 9
E10                                                                  23770267.856 9 124913564.660 9       -33.828 9        57.796 9  23770267.856 9 124913564.660 9       -33.828 9        57.796 9
E03                                                                  25016123.187 9 131460572.700 9      1940.739 9        57.352 9  25016123.187 9 131460572.700 9      1940.739 9        57.352 9
> 2026 02 03 10 02 25.0000000  0 18       0.000000000000
G02  20309732.591 9 106728344.017 9      -415.054 9        56.050 9                                                                  20309732.591 8 106728344.017 8      -415.054 8        53.050 8
G09  25312774.408 9 133019466.964 9     -2810.575 9        54.137 9                                                                  25312774.408 8 133019466.964 8     -2810.575 8        51.137 8
G13  25211675.420 9 132488179.346 9      1191.195 9        54.172 9                                                                  25211675.420 8 132488179.346 8      1191.195 8        51.172 8
G29  24839936.583 9 130534700.411 9      3072.627 9        54.301 9                                                                  24839936.583 8 130534700.411 8      3072.627 8        51.301 8
G10  22320928.149 9 117297234.431 9      3221.756 9        55.230 9                                                                  22320928.149 8 117297234.431 8      3221.756 8        52.230 8
G12  20800529.878 9 109307499.508 9       122.641 9        55.843 9                                                                  20800529.878 8 109307499.508 8       122.641 8        52.843 8
G17  24738751.671 9 130002949.677 9     -2961.136 9        54.337 9                                                                  24738751.671 8 130002949.677 8     -2961.136 8        51.337 8
G24  24302299.693 9 127709398.692 9      3044.579 9        54.491 9                                                                  24302299.693 8 127709398.692 8      3044.579 8        51.491 8
G30  22552732.611 9 118515377.713 9      2290.181 9        55.140 9                                                                  22552732.611 8 118515377.713 8      2290.181 8        52.140 8
G05  21250941.538 9 111674426.803 9       622.155 9        55.656 9                                                                  21250941.538 8 111674426.803 8       622.155 8        52.656 8
G04  21987636.611 9 115545779.420 9     -2490.832 9        55.360 9                                                                  21987636.611 8 115545779.420 8     -2490.832 8        52.360 8
E04                                                                  23386185.475 9 122895200.941 9      -170.738 9        57.937 9  23386185.475 9 122895200.941 9      -170.738 9        57.937 9
E05                                                                  26166308.219 9 137504813.570 9     -2071.117 9        56.962 9  26166308.219 9 137504813.570 9     -2071.117 9        56.962 9
E11                                                                  26699886.801 9 140308787.708 9     -2427.599 9        56.786 9  26699886.801 9 140308787.708 9     -2427.599 9        56.786 9
E20                                                                  27891851.997 9 146572592.442 9     -1700.671 9        56.407 9  27891851.997 9 146572592.442 9     -1700.671 9        56.407 9
E09                                                                  24963859.626 9 131185918.648 9      2550.238 9        57.370 9  24963859.626 9 131185918.648 9      2550.238 9        57.370 9
E10                                                                  23770274.338 9 124913598.723 9       -34.298 9        57.796 9  23770274.338 9 124913598.723 9       -34.298 9        57.796 9
E03                                                                  25015753.885 9 131458632.008 9      1940.647 9        57.352 9  25015753.885 9 131458632.008 9      1940.647 9        57.352 9
> 2026 02 03 10 02 26.0000000  0 18       0.000000000000
G02  20309811.610 9 106728759.265 9      -415.445 9        56.050 9                                                                  20309811.610 8 106728759.265 8      -415.445 8        53.050 8
G09  25313309.237 9 133022277.503 9     -2810.516 9        54.137 9                                                                  25313309.237 8 133022277.503 8     -2810.516 8        51.137 8
G13  25211448.787 9 132486988.384 9      1190.739 9        54.172 9                                                                  25211448.787 8 132486988.384 8      1190.739 8        51.172 8
G29  24839351.879 9 130531627.771 9      3072.652 9        54.301 9                                                                  24839351.879 8 130531627.771 8      3072.652 8        51.301 8
G10  22320315.100 9 117294012.841 9      3221.434 9        55.230 9                                                                  22320315.100 8 117294012.841 8      3221.434 8        52.230 8
G12  20800506.603 9 109307377.198 9       121.976 9        55.843 9                                                                  20800506.603 8 109307377.198 8       121.976 8        52.843 8
G17  24739315.168 9 130005910.859 9     -2961.260 9        54.336 9                                                                  24739315.168 8 130005910.859 8     -2961.260 8        51.336 8
G24  24301720.344 9 127706354.196 9      3044.414 9        54.491 9                                                                  24301720.344 8 127706354.196 8      3044.414 8        51.491 8
G30  22552296.850 9 118513087.778 9      2289.689 9        55.140 9                                                                  22552296.850 8 118513087.778 8      2289.689 8        52.140 8
G05  21250823.208 9 111673804.976 9       621.497 9        55.657 9                                                                  21250823.208 8 111673804.976 8       621.497 8        52.657 8
G04  21988110.618 9 115548270.336 9     -2491.015 9        55.360 9                                                                  21988110.618 8 115548270.336 8     -2491.015 8        52.360 8
E04                                                                  23386217.989 9 122895371.803 9      -170.987 9        57.937 9  23386217.989 9 122895371.803 9      -170.987 9        57.937 9
E05                                                                  26166702.356 9 137506884.762 9     -2071.287 9        56.961 9  26166702.356 9 137506884.762 9     -2071.287 9        56.961 9
E11                                                                  26700348.781 9 140311215.418 9     -2427.840 9        56.786 9  26700348.781 9 140311215.418 9     -2427.840 9        56.786 9
E20                                                                  27892175.653 9 146574293.259 9     -1700.975 9        56.407 9  27892175.653 9 146574293.259 9     -1700.975 9        56.407 9
E09                                                                  24963374.358 9 131183368.555 9      2549.958 9        57.370 9  24963374.358 9 131183368.555 9      2549.958 9        57.370 9
E10                                                                  23770280.910 9 124913633.256 9       -34.767 9        57.796 9  23770280.910 9 124913633.256 9       -34.767 9        57.796 9
E03                                                                  25015384.600 9 131456691.407 9      1940.556 9        57.352 9  25015384.600 9 131456691.407 9      1940.556 9        57.352 9
> 2026 02 03 10 02 27.0000000  0 18       0.000000000000
G02  20309890.704 9 106729174.905 9      -415.837 9        56.050 9                                                                  20309890.704 8 106729174.905 8      -415.837 8        53.050 8
G09  25313844.055 9 133025087.982 9     -2810.457 9        54.137 9                                                                  25313844.055 8 133025087.982 8     -2810.457 8        51.137 8
G13  25211222.241 9 132485797.880 9      1190.282 9        54.172 9                                                                  25211222.241 8 132485797.880 8      1190.282 8        51.172 8
G29  24838767.170 9 130528555.106 9      3072.676 9        54.301 9                                                                  24838767.170 8 130528555.106 8      3072.676 8        51.301 8
G10  22319702.113 9 117290791.573 9      3221.111 9        55.230 9                                                                  22319702.113 8 117290791.573 8      3221.111 8        52.230 8
G12  20800483.455 9 109307255.554 9       121.311 9        55.843 9                                                                  20800483.455 8 109307255.554 8       121.311 8        52.843 8
G17  24739878.688 9 130008872.164 9     -2961.384 9        54.336 9                                                                  24739878.688 8 130008872.164 8     -2961.384 8        51.336 8
G24  24301141.027 9 127703309.865 9      3044.248 9        54.492 9                                                                  24301141.027 8 127703309.865 8      3044.248 8        51.492 8
G30  22551861.183 9 118510798.334 9      2289.198 9        55.140 9                                                                  22551861.183 8 118510798.334 8      2289.198 8        52.140 8
G05  21250705.004 9 111673183.807 9       620.839 9        55.657 9                                                                  21250705.004 8 111673183.807 8       620.839 8        52.657 8
G04  21988584.659 9 115550761.436 9     -2491.198 9        55.360 9                                                                  21988584.659 8 115550761.436 8     -2491.198 8        52.360 8
E04                                                                  23386250.550 9 122895542.914 9      -171.237 9        57.937 9  23386250.550 9 122895542.914 9      -171.237 9        57.937 9
E05                                                                  26167096.524 9 137508956.124 9     -2071.457 9        56.961 9  26167096.524 9 137508956.124 9     -2071.457 9        56.961 9
E11                                                                  26700810.806 9 140313643.370 9     -2428.082 9        56.786 9  26700810.806 9 140313643.370 9     -2428.082 9        56.786 9
E20                                                                  27892499.367 9 146575994.379 9     -1701.278 9        56.407 9  27892499.367 9 146575994.379 9     -1701.278 9        56.407 9
E09                                                                  24962889.144 9 131180818.741 9      2549.679 9        57.371 9  24962889.144 9 131180818.741 9      2549.679 9        57.371 9
E10                                                                  23770287.570 9 124913668.258 9       -35.237 9        57.796 9  23770287.570 9 124913668.258 9       -35.237 9        57.796 9
E03                                                                  25015015.333 9 131454750.897 9      1940.465 9        57.352 9  25015015.333 9 131454750.897 9      1940.465 9        57.352 9
> 2026 02 03 10 02 28.0000000  0 18       0.000000000000
G02  20309969.873 9 106729590.937 9      -416.228 9        56.050 9                                                                  20309969.873 8 106729590.937 8      -416.228 8        53.050 8
G09  25314378.862 9 133027898.403 9     -2810.397 9        54.137 9                                                                  25314378.862 8 133027898.403 8     -2810.397 8        51.137 8
G13  25210995.781 9 132484607.832 9      1189.825 9        54.172 9                                                                  25210995.781 8 132484607.832 8      1189.825 8        51.172 8
G29  24838182.456 9 130525482.417 9      3072.700 9        54.302 9                                                                  24838182.456 8 130525482.417 8      3072.700 8        51.302 8
G10  22319089.186 9 117287570.627 9      3220.789 9        55.231 9                                                                  22319089.186 8 117287570.627 8      3220.789 8        52.231 8
G12  20800460.434 9 109307134.575 9       120.646 9        55.843 9                                                                  20800460.434 8 109307134.575 8       120.646 8        52.843 8
G17  24740442.232 9 130011833.594 9     -2961.507 9        54.336 9                                                                  24740442.232 8 130011833.594 8     -2961.507 8        51.336 8
G24  24300561.741 9 127700265.701 9      3044.082 9        54.492 9                                                                  24300561.741 8 127700265.701 8      3044.082 8        51.492 8
G30  22551425.610 9 118508509.382 9      2288.706 9        55.141 9                                                                  22551425.610 8 118508509.382 8      2288.706 8        52.141 8
G05  21250586.925 9 111672563.297 9       620.181 9        55.657 9                                                                  21250586.925 8 111672563.297 8       620.181 8        52.657 8
G04  21989058.735 9 115553252.719 9     -2491.381 9        55.360 9                                                                  21989058.735 8 115553252.719 8     -2491.381 8        52.360 8
E04                                                                  23386283.159 9 122895714.275 9      -171.486 9        57.937 9  23386283.159 9 122895714.275 9      -171.486 9        57.937 9
E05                                                                  26167490.725 9 137511027.656 9     -2071.627 9        56.961 9  26167490.725 9 137511027.656 9     -2071.627 9        56.961 9
E11                                                                  26701272.877 9 140316071.563 9     -2428.323 9        56.786 9  26701272.877 9 140316071.563 9     -2428.323 9        56.786 9
E20                                                                  27892823.139 9 146577695.803 9     -1701.582 9        56.407 9  27892823.139 9 146577695.803 9     -1701.582 9        56.407 9
E09                                                                  24962403.982 9 131178269.207 9      2549.399 9        57.371 9  24962403.982 9 131178269.207 9      2549.399 9        57.371 9
E10                                                                  23770294.320 9 124913703.730 9       -35.707 9        57.796 9  23770294.320 9 124913703.730 9       -35.707 9        57.796 9
E03                                                                  25014646.083 9 131452810.478 9      1940.374 9        57.353 9  25014646.083 9 131452810.478 9      1940.374 9        57.353 9
> 2026 02 03 10 02 29.0000000  0 18       0.000000000000
G02  20310049.115 9 106730007.359 9      -416.619 9        56.050 9                                                                  20310049.115 8 106730007.359 8      -416.619 8        53.050 8
G09  25314913.658 9 133030708.764 9     -2810.338 9        54.137 9                                                                  25314913.658 8 133030708.764 8     -2810.338 8        51.137 8
G13  25210769.409 9 132483418.241 9      1189.368 9        54.172 9                                                                  25210769.409 8 132483418.241 8      1189.368 8        51.172 8
G29  24837597.738 9 130522409.703 9      3072.725 9        54.302 9                                                                  24837597.738 8 130522409.703 8      3072.725 8        51.302 8
G10  22318476.321 9 117284350.003 9      3220.467 9        55.231 9                                                                  22318476.321 8 117284350.003 8      3220.467 8        52.231 8
G12  20800437.539 9 109307014.260 9       119.981 9        55.843 9                                                                  20800437.539 8 109307014.260 8       119.981 8        52.843 8
G17  24741005.799 9 130014795.147 9     -2961.631 9        54.336 9                                                                  24741005.799 8 130014795.147 8     -2961.631 8        51.336 8
G24  24299982.486 9 127697221.702 9      3043.916 9        54.492 9                                                                  24299982.486 8 127697221.702 8      3043.916 8        51.492 8
G30  22550990.130 9 118506220.922 9      2288.214 9        55.141 9                                                                  22550990.130 8 118506220.922 8      2288.214 8        52.141 8
G05  21250468.971 9 111671943.444 9       619.523 9        55.657 9                                                                  21250468.971 8 111671943.444 8       619.523 8        52.657 8
G04  21989532.847 9 115555744.186 9     -2491.564 9        55.360 9                                                                  21989532.847 8 115555744.186 8     -2491.564 8        52.360 8
E04                                                                  23386315.816 9 122895885.885 9      -171.736 9        57.937 9  23386315.816 9 122895885.885 9      -171.736 9        57.937 9
E05                                                                  26167884.958 9 137513099.358 9     -2071.797 9        56.961 9  26167884.958 9 137513099.358 9     -2071.797 9        56.961 9
E11                                                                  26701734.994 9 140318499.997 9     -2428.564 9        56.786 9  26701734.994 9 140318499.997 9     -2428.564 9        56.786 9
E20                                                                  27893146.968 9 146579397.530 9     -1701.885 9        56.407 9  27893146.968 9 146579397.530 9     -1701.885 9        56.407 9
E09                                                                  24961918.875 9 131175719.954 9      2549.119 9        57.371 9  24961918.875 9 131175719.954 9      2549.119 9        57.371 9
E10                                                                  23770301.160 9 124913739.672 9       -36.177 9        57.796 9  23770301.160 9 124913739.672 9       -36.177 9        57.796 9
E03                                                                  25014276.851 9 131450870.150 9      1940.283 9        57.353 9  25014276.851 9 131450870.150 9      1940.283 9        57.353 9
> 2026 02 03 10 02 30.0000000  0 17       0.000000000000
G02  20310128.433 9 106730424.173 9      -417.011 9        56.050 9                                                                  20310128.433 8 106730424.173 8      -417.011 8        53.050 8
G13  25210543.123 9 132482229.107 9      1188.911 9        54.172 9                                                                  25210543.123 8 132482229.107 8      1188.911 8        51.172 8
G29  24837013.015 9 130519336.966 9      3072.749 9        54.302 9                                                                  24837013.015 8 130519336.966 8      3072.749 8        51.302 8
G10  22317863.517 9 117281129.702 9      3220.144 9        55.231 9                                                                  22317863.517 8 117281129.702 8      3220.144 8        52.231 8
G12  20800414.770 9 109306894.611 9       119.316 9        55.843 9                                                                  20800414.770 8 109306894.611 8       119.316 8        52.843 8
G17  24741569.390 9 130017756.823 9     -2961.755 9        54.336 9                                                                  24741569.390 8 130017756.823 8     -2961.755 8        51.336 8
G24  24299403.264 9 127694177.869 9      3043.750 9        54.492 9                                                                  24299403.264 8 127694177.869 8      3043.750 8        51.492 8
G30  22550554.744 9 118503932.954 9      2287.722 9        55.141 9                                                                  22550554.744 8 118503932.954 8      2287.722 8        52.141 8
G05  21250351.142 9 111671324.250 9       618.864 9        55.657 9                                                                  21250351.142 8 111671324.250 8       618.864 8        52.657 8
G04  21990006.993 9 115558235.835 9     -2491.747 9        55.360 9                                                                  21990006.993 8 115558235.835 8     -2491.747 8        52.360 8
E04                                                                  23386348.520 9 122896057.746 9      -171.986 9        57.937 9  23386348.520 9 122896057.746 9      -171.986 9        57.937 9
E05                                                                  26168279.224 9 137515171.230 9     -2071.967 9        56.961 9  26168279.224 9 137515171.230 9     -2071.967 9        56.961 9
E11                                                                  26702197.157 9 140320928.672 9     -2428.806 9        56.786 9  26702197.157 9 140320928.672 9     -2428.806 9        56.786 9
E20                                                                  27893470.855 9 146581099.560 9     -1702.189 9        56.406 9  27893470.855 9 146581099.560 9     -1702.189 9        56.406 9
E09                                                                  24961433.820 9 131173170.980 9      2548.839 9        57.371 9  24961433.820 9 131173170.980 9      2548.839 9        57.371 9
E10                                                                  23770308.089 9 124913776.084 9       -36.646 9        57.796 9  23770308.089 9 124913776.084 9       -36.646 9        57.796 9
E03                                                                  25013907.636 9 131448929.914 9      1940.192 9        57.353 9  25013907.636 9 131448929.914 9      1940.192 9        57.353 9
> 2026 02 03 10 02 31.0000000  0 17       0.000000000000
G02  20310207.824 9 106730841.378 9      -417.402 9        56.050 9                                                                  20310207.824 8 106730841.378 8      -417.402 8        53.050 8
G13  25210316.925 9 132481040.430 9      1188.454 9        54.172 9                                                                  25210316.925 8 132481040.430 8      1188.454 8        51.172 8
G29  24836428.287 9 130516264.204 9      3072.773 9        54.302 9                                                                  24836428.287 8 130516264.204 8      3072.773 8        51.302 8
G10  22317250.775 9 117277909.724 9      3219.822 9        55.231 9                                                                  22317250.775 8 117277909.724 8      3219.822 8        52.231 8
G12  20800392.129 9 109306775.626 9       118.651 9        55.843 9                                                                  20800392.129 8 109306775.626 8       118.651 8        52.843 8
G17  24742133.004 9 130020718.624 9     -2961.879 9        54.335 9                                                                  24742133.004 8 130020718.624 8     -2961.879 8        51.335 8
G24  24298824.072 9 127691134.202 9      3043.585 9        54.492 9                                                                  24298824.072 8 127691134.202 8      3043.585 8        51.492 8
G30  22550119.451 9 118501645.478 9      2287.230 9        55.141 9                                                                  22550119.451 8 118501645.478 8      2287.230 8        52.141 8
G05  21250233.439 9 111670705.714 9       618.206 9        55.657 9                                                                  21250233.439 8 111670705.714 8       618.206 8        52.657 8
G04  21990481.173 9 115560727.667 9     -2491.930 9        55.359 9                                                                  21990481.173 8 115560727.667 8     -2491.930 8        52.359 8
E04                                                                  23386381.271 9 122896229.856 9      -172.236 9        57.937 9  23386381.271 9 122896229.856 9      -172.236 9        57.937 9
E05                                                                  26168673.522 9 137517243.273 9     -2072.138 9        56.961 9  26168673.522 9 137517243.273 9     -2072.138 9        56.961 9
E11                                                                  26702659.366 9 140323357.590 9     -2429.047 9        56.785 9  26702659.366 9 140323357.590 9     -2429.047 9        56.785 9
E20                                                                  27893794.800 9 146582801.894 9     -1702.492 9        56.406 9  27893794.800 9 146582801.894 9     -1702.492 9        56.406 9
E09                                                                  24960948.819 9 131170622.286 9      2548.559 9        57.371 9  24960948.819 9 131170622.286 9      2548.559 9        57.371 9
E10                                                                  23770315.107 9 124913812.965 9       -37.116 9        57.796 9  23770315.107 9 124913812.965 9       -37.116 9        57.796 9
E03                                                                  25013538.438 9 131446989.768 9      1940.101 9        57.353 9  25013538.438 9 131446989.768 9      1940.101 9        57.353 9
> 2026 02 03 10 02 32.0000000  0 17       0.000000000000
G02  20310287.290 9 106731258.975 9      -417.793 9        56.050 9                                                                  20310287.290 8 106731258.975 8      -417.793 8        53.050 8
G13  25210090.813 9 132479852.210 9      1187.996 9        54.173 9                                                                  25210090.813 8 132479852.210 8      1187.996 8        51.173 8
G29  24835843.555 9 130513191.418 9      3072.797 9        54.302 9                                                                  24835843.555 8 130513191.418 8      3072.797 8        51.302 8
G10  22316638.094 9 117274690.068 9      3219.499 9        55.231 9                                                                  22316638.094 8 117274690.068 8      3219.499 8        52.231 8
G12  20800369.613 9 109306657.307 9       117.986 9        55.843 9                                                                  20800369.613 8 109306657.307 8       117.986 8        52.843 8
G17  24742696.642 9 130023680.548 9     -2962.002 9        54.335 9                                                                  24742696.642 8 130023680.548 8     -2962.002 8        51.335 8
G24  24298244.913 9 127688090.700 9      3043.419 9        54.493 9                                                                  24298244.913 8 127688090.700 8      3043.419 8        51.493 8
G30  22549684.253 9 118499358.494 9      2286.738 9        55.141 9                                                                  22549684.253 8 118499358.494 8      2286.738 8        52.141 8
G05  21250115.861 9 111670087.836 9       617.548 9        55.657 9                                                                  21250115.861 8 111670087.836 8       617.548 8        52.657 8
G04  21990955.389 9 115563219.682 9     -2492.113 9        55.359 9                                                                  21990955.389 8 115563219.682 8     -2492.113 8        52.359 8
E04                                                                  23386414.070 9 122896402.215 9      -172.485 9        57.937 9  23386414.070 9 122896402.215 9      -172.485 9        57.937 9
E05                                                                  26169067.853 9 137519315.486 9     -2072.307 9        56.961 9  26169067.853 9 137519315.486 9     -2072.307 9        56.961 9
E11                                                                  26703121.621 9 140325786.748 9     -2429.288 9        56.785 9  26703121.621 9 140325786.748 9     -2429.288 9        56.785 9
E20                                                                  27894118.803 9 146584504.530 9     -1702.795 9        56.406 9  27894118.803 9 146584504.530 9     -1702.795 9        56.406 9
E09                                                                  24960463.871 9 131168073.872 9      2548.279 9        57.371 9  24960463.871 9 131168073.872 9      2548.279 9        57.371 9
E10                                                                  23770322.215 9 124913850.316 9       -37.586 9        57.796 9  23770322.215 9 124913850.316 9       -37.586 9        57.796 9
E03                                                                  25013169.258 9 131445049.714 9      1940.009 9        57.353 9  25013169.258 9 131445049.714 9      1940.009 9        57.353 9
> 2026 02 03 10 02 33.0000000  0 17       0.000000000000
G02  20310366.831 9 106731676.962 9      -418.184 9        56.050 9                                                                  20310366.831 8 106731676.962 8      -418.184 8        53.050 8
G13  25209864.789 9 132478664.448 9      1187.539 9        54.173 9                                                                  25209864.789 8 132478664.448 8      1187.539 8        51.173 8
G29  24835258.818 9 130510118.607 9      3072.821 9        54.303 9                                                                  24835258.818 8 130510118.607 8      3072.821 8        51.303 8
G10  22316025.475 9 117271470.735 9      3219.176 9        55.232 9                                                                  22316025.475 8 117271470.735 8      3219.176 8        52.232 8
G12  20800347.225 9 109306539.652 9       117.321 9        55.843 9                                                                  20800347.225 8 109306539.652 8       117.321 8        52.843 8
G17  24743260.304 9 130026642.596 9     -2962.126 9        54.335 9                                                                  24743260.304 8 130026642.596 8     -2962.126 8        51.335 8
G24  24297665.784 9 127685047.365 9      3043.253 9        54.493 9                                                                  24297665.784 8 127685047.365 8      3043.253 8        51.493 8
G30  22549249.147 9 118497072.002 9      2286.246 9        55.141 9                                                                  22549249.147 8 118497072.002 8      2286.246 8        52.141 8
G05  21249998.408 9 111669470.617 9       616.889 9        55.657 9                                                                  21249998.408 8 111669470.617 8       616.889 8        52.657 8
G04  21991429.639 9 115565711.880 9     -2492.296 9        55.359 9                                                                  21991429.639 8 115565711.880 8     -2492.296 8        52.359 8
E04                                                                  23386446.917 9 122896574.825 9      -172.735 9        57.937 9  23386446.917 9 122896574.825 9      -172.735 9        57.937 9
E05                                                                  26169462.215 9 137521387.868 9     -2072.478 9        56.961 9  26169462.215 9 137521387.868 9     -2072.478 9        56.961 9
E11                                                                  26703583.922 9 140328216.147 9     -2429.529 9        56.785 9  26703583.922 9 140328216.147 9     -2429.529 9        56.785 9
E20                                                                  27894442.863 9 146586207.471 9     -1703.098 9        56.406 9  27894442.863 9 146586207.471 9     -1703.098 9        56.406 9
E09                                                                  24959978.976 9 131165525.739 9      2547.998 9        57.372 9  24959978.976 9 131165525.739 9      2547.998 9        57.372 9
E10                                                                  23770329.412 9 124913888.137 9       -38.056 9        57.796 9  23770329.412 9 124913888.137 9       -38.056 9        57.796 9
E03                                                                  25012800.095 9 131443109.752 9      1939.918 9        57.353 9  25012800.095 9 131443109.752 9      1939.918 9        57.353 9
> 2026 02 03 10 02 34.0000000  0 17       0.000000000000
G02  20310446.446 9 106732095.341 9      -418.575 9        56.050 9                                                                  20310446.446 8 106732095.341 8      -418.575 8        53.050 8
G13  25209638.852 9 132477477.143 9      1187.082 9        54.173 9                                                                  25209638.852 8 132477477.143 8      1187.082 8        51.173 8
G29  24834674.077 9 130507045.773 9      3072.845 9        54.303 9                                                                  24834674.077 8 130507045.773 8      3072.845 8        51.303 8
G10  22315412.917 9 117268251.724 9      3218.853 9        55.232 9                                                                  22315412.917 8 117268251.724 8      3218.853 8        52.232 8
G12  20800324.962 9 109306422.663 9       116.656 9        55.843 9                                                                  20800324.962 8 109306422.663 8       116.656 8        52.843 8
G17  24743823.988 9 130029604.767 9     -2962.249 9        54.335 9                                                                  24743823.988 8 130029604.767 8     -2962.249 8        51.335 8
G24  24297086.688 9 127682004.196 9      3043.087 9        54.493 9                                                                  24297086.688 8 127682004.196 8      3043.087 8        51.493 8
G30  22548814.136 9 118494786.002 9      2285.754 9        55.142 9                                                                  22548814.136 8 118494786.002 8      2285.754 8        52.142 8
G05  21249881.080 9 111668854.056 9       616.231 9        55.657 9                                                                  21249881.080 8 111668854.056 8       616.231 8        52.657 8
G04  21991903.925 9 115568204.261 9     -2492.479 9        55.359 9                                                                  21991903.925 8 115568204.261 8     -2492.479 8        52.359 8
E04                                                                  23386479.811 9 122896747.684 9      -172.985 9        57.937 9  23386479.811 9 122896747.684 9      -172.985 9        57.937 9
E05                                                                  26169856.611 9 137523460.421 9     -2072.648 9        56.960 9  26169856.611 9 137523460.421 9     -2072.648 9        56.960 9
E11                                                                  26704046.269 9 140330645.787 9     -2429.770 9        56.785 9  26704046.269 9 140330645.787 9     -2429.770 9        56.785 9
E20                                                                  27894766.981 9 146587910.714 9     -1703.401 9        56.406 9  27894766.981 9 146587910.714 9     -1703.401 9        56.406 9
E09                                                                  24959494.135 9 131162977.885 9      2547.718 9        57.372 9  24959494.135 9 131162977.885 9      2547.718 9        57.372 9
E10                                                                  23770336.698 9 124913926.428 9       -38.525 9        57.796 9  23770336.698 9 124913926.428 9       -38.525 9        57.796 9
E03                                                                  25012430.949 9 131441169.880 9      1939.827 9        57.353 9  25012430.949 9 131441169.880 9      1939.827 9        57.353 9
> 2026 02 03 10 02 35.0000000  0 17       0.000000000000
G02  20310526.135 9 106732514.110 9      -418.966 9        56.050 9                                                                  20310526.135 8 106732514.110 8      -418.966 8        53.050 8
G13  25209413.001 9 132476290.296 9      1186.624 9        54.173 9                                                                  25209413.001 8 132476290.296 8      1186.624 8        51.173 8
G29  24834089.331 9 130503972.914 9      3072.870 9        54.303 9                                                                  24834089.331 8 130503972.914 8      3072.870 8        51.303 8
G10  22314800.420 9 117265033.037 9      3218.530 9        55.232 9                                                                  22314800.420 8 117265033.037 8      3218.530 8        52.232 8
G12  20800302.827 9 109306306.338 9       115.991 9        55.843 9                                                                  20800302.827 8 109306306.338 8       115.991 8        52.843 8
G17  24744387.697 9 130032567.062 9     -2962.373 9        54.335 9                                                                  24744387.697 8 130032567.062 8     -2962.373 8        51.335 8
G24  24296507.623 9 127678961.192 9      3042.921 9        54.493 9                                                                  24296507.623 8 127678961.192 8      3042.921 8        51.493 8
G30  22548379.218 9 118492500.494 9      2285.261 9        55.142 9                                                                  22548379.218 8 118492500.494 8      2285.261 8        52.142 8
G05  21249763.878 9 111668238.153 9       615.572 9        55.657 9                                                                  21249763.878 8 111668238.153 8       615.572 8        52.657 8
G04  21992378.244 9 115570696.825 9     -2492.661 9        55.359 9                                                                  21992378.244 8 115570696.825 8     -2492.661 8        52.359 8
E04                                                                  23386512.753 9 122896920.793 9      -173.235 9        57.937 9  23386512.753 9 122896920.793 9      -173.235 9        57.937 9
E05                                                                  26170251.038 9 137525533.144 9     -2072.818 9        56.960 9  26170251.038 9 137525533.144 9     -2072.818 9        56.960 9
E11                                                                  26704508.661 9 140333075.668 9     -2430.011 9        56.785 9  26704508.661 9 140333075.668 9     -2430.011 9        56.785 9
E20                                                                  27895091.157 9 146589614.260 9     -1703.704 9        56.406 9  27895091.157 9 146589614.260 9     -1703.704 9        56.406 9
E09                                                                  24959009.347 9 131160430.312 9      2547.438 9        57.372 9  24959009.347 9 131160430.312 9      2547.438 9        57.372 9
E10                                                                  23770344.074 9 124913965.188 9       -38.995 9        57.796 9  23770344.074 9 124913965.188 9       -38.995 9        57.796 9
E03                                                                  25012061.821 9 131439230.100 9      1939.735 9        57.353 9  25012061.821 9 131439230.100 9      1939.735 9        57.353 9
> 2026 02 03 10 02 36.0000000  0 17       0.000000000000
G02  20310605.899 9 106732933.271 9      -419.357 9        56.050 9                                                                  20310605.899 8 106732933.271 8      -419.357 8        53.050 8
G13  25209187.238 9 132475103.906 9      1186.167 9        54.173 9                                                                  25209187.238 8 132475103.906 8      1186.167 8        51.173 8
G29  24833504.580 9 130500900.032 9      3072.894 9        54.303 9                                                                  24833504.580 8 130500900.032 8      3072.894 8        51.303 8
G10  22314187.985 9 117261814.673 9      3218.207 9        55.232 9                                                                  22314187.985 8 117261814.673 8      3218.207 8        52.232 8
G12  20800280.818 9 109306190.679 9       115.326 9        55.843 9                                                                  20800280.818 8 109306190.679 8       115.326 8        52.843 8
G17  24744951.429 9 130035529.481 9     -2962.497 9        54.334 9                                                                  24744951.429 8 130035529.481 8     -2962.497 8        51.334 8
G24  24295928.590 9 127675918.355 9      3042.755 9        54.493 9                                                                  24295928.590 8 127675918.355 8      3042.755 8        51.493 8
G30  22547944.393 9 118490215.479 9      2284.769 9        55.142 9                                                                  22547944.393 8 118490215.479 8      2284.769 8        52.142 8
G05  21249646.801 9 111667622.909 9       614.914 9        55.657 9                                                                  21249646.801 8 111667622.909 8       614.914 8        52.657 8
G04  21992852.599 9 115573189.571 9     -2492.844 9        55.358 9                                                                  21992852.599 8 115573189.571 8     -2492.844 8        52.358 8
E04                                                                  23386545.742 9 122897094.152 9      -173.485 9        57.937 9  23386545.742 9 122897094.152 9      -173.485 9        57.937 9
E05                                                                  26170645.498 9 137527606.037 9     -2072.988 9        56.960 9  26170645.498 9 137527606.037 9     -2072.988 9        56.960 9
E11                                                                  26704971.100 9 140335505.791 9     -2430.252 9        56.785 9  26704971.100 9 140335505.791 9     -2430.252 9        56.785 9
E20                                                                  27895415.390 9 146591318.109 9     -1704.007 9        56.406 9  27895415.390 9 146591318.109 9     -1704.007 9        56.406 9
E09                                                                  24958524.612 9 131157883.020 9      2547.158 9        57.372 9  24958524.612 9 131157883.020 9      2547.158 9        57.372 9
E10                                                                  23770351.539 9 124914004.418 9       -39.465 9        57.796 9  23770351.539 9 124914004.418 9       -39.465 9        57.796 9
E03                                                                  25011692.710 9 131437290.412 9      1939.644 9        57.354 9  25011692.710 9 131437290.412 9      1939.644 9        57.354 9
> 2026 02 03 10 02 37.0000000  0 17       0.000000000000
G02  20310685.737 9 106733352.822 9      -419.748 9        56.050 9                                                                  20310685.737 8 106733352.822 8      -419.748 8        53.050 8
G13  25208961.562 9 132473917.973 9      1185.709 9        54.173 9                                                                  25208961.562 8 132473917.973 8      1185.709 8        51.173 8
G29  24832919.825 9 130497827.125 9      3072.918 9        54.304 9                                                                  24832919.825 8 130497827.125 8      3072.918 8        51.304 8
G10  22313575.611 9 117258596.632 9      3217.884 9        55.233 9                                                                  22313575.611 8 117258596.632 8      3217.884 8        52.233 8
G12  20800258.935 9 109306075.684 9       114.661 9        55.843 9                                                                  20800258.935 8 109306075.684 8       114.661 8        52.843 8
G17  24745515.185 9 130038492.023 9     -2962.620 9        54.334 9                                                                  24745515.185 8 130038492.023 8     -2962.620 8        51.334 8
G24  24295349.588 9 127672875.683 9      3042.589 9        54.494 9                                                                  24295349.588 8 127672875.683 8      3042.589 8        51.494 8
G30  22547509.663 9 118487930.956 9      2284.276 9        55.142 9                                                                  22547509.663 8 118487930.956 8      2284.276 8        52.142 8
G05  21249529.849 9 111667008.324 9       614.256 9        55.657 9                                                                  21249529.849 8 111667008.324 8       614.256 8        52.657 8
G04  21993326.989 9 115575682.499 9     -2493.027 9        55.358 9                                                                  21993326.989 8 115575682.499 8     -2493.027 8        52.358 8
E04                                                                  23386578.779 9 122897267.761 9      -173.735 9        57.937 9  23386578.779 9 122897267.761 9      -173.735 9        57.937 9
E05                                                                  26171039.990 9 137529679.100 9     -2073.158 9        56.960 9  26171039.990 9 137529679.100 9     -2073.158 9        56.960 9
E11                                                                  26705433.584 9 140337936.154 9     -2430.493 9        56.784 9  26705433.584 9 140337936.154 9     -2430.493 9        56.784 9
E20                                                                  27895739.681 9 146593022.261 9     -1704.310 9        56.406 9  27895739.681 9 146593022.261 9     -1704.310 9        56.406 9
E09                                                                  24958039.931 9 131155336.008 9      2546.877 9        57.372 9  24958039.931 9 131155336.008 9      2546.877 9        57.372 9
E10                                                                  23770359.094 9 124914044.117 9       -39.934 9        57.796 9  23770359.094 9 124914044.117 9       -39.934 9        57.796 9
E03                                                                  25011323.616 9 131435350.815 9      1939.552 9        57.354 9  25011323.616 9 131435350.815 9      1939.552 9        57.354 9
> 2026 02 03 10 02 38.0000000  0 17       0.000000000000
G02  20310765.650 9 106733772.765 9      -420.139 9        56.050 9                                                                  20310765.650 8 106733772.765 8      -420.139 8        53.050 8
G13  25208735.973 9 132472732.498 9      1185.251 9        54.173 9                                                                  25208735.973 8 132472732.498 8      1185.251 8        51.173 8
G29  24832335.066 9 130494754.195 9      3072.942 9        54.304 9                                                                  24832335.066 8 130494754.195 8      3072.942 8        51.304 8
G10  22312963.299 9 117255378.914 9      3217.560 9        55.233 9                                                                  22312963.299 8 117255378.914 8      3217.560 8        52.233 8
G12  20800237.179 9 109305961.355 9       113.996 9        55.843 9                                                                  20800237.179 8 109305961.355 8       113.996 8        52.843 8
G17  24746078.964 9 130041454.689 9     -2962.744 9        54.334 9                                                                  24746078.964 8 130041454.689 8     -2962.744 8        51.334 8
G24  24294770.618 9 127669833.178 9      3042.423 9        54.494 9                                                                  24294770.618 8 127669833.178 8      3042.423 8        51.494 8
G30  22547075.026 9 118485646.926 9      2283.784 9        55.142 9                                                                  22547075.026 8 118485646.926 8      2283.784 8        52.142 8
G05  21249413.023 9 111666394.397 9       613.597 9        55.657 9                                                                  21249413.023 8 111666394.397 8       613.597 8        52.657 8
G04  21993801.413 9 115578175.611 9     -2493.209 9        55.358 9                                                                  21993801.413 8 115578175.611 8     -2493.209 8        52.358 8
E04                                                                  23386611.863 9 122897441.620 9      -173.985 9        57.937 9  23386611.863 9 122897441.620 9      -173.985 9        57.937 9
E05                                                                  26171434.515 9 137531752.334 9     -2073.328 9        56.960 9  26171434.515 9 137531752.334 9     -2073.328 9        56.960 9
E11                                                                  26705896.114 9 140340366.758 9     -2430.734 9        56.784 9  26705896.114 9 140340366.758 9     -2430.734 9        56.784 9
E20                                                                  27896064.030 9 146594726.716 9     -1704.613 9        56.406 9  27896064.030 9 146594726.716 9     -1704.613 9        56.406 9
E09                                                                  24957555.303 9 131152789.275 9      2546.597 9        57.372 9  24957555.303 9 131152789.275 9      2546.597 9        57.372 9
E10                                                                  23770366.738 9 124914084.286 9       -40.404 9        57.796 9  23770366.738 9 124914084.286 9       -40.404 9        57.796 9
E03                                                                  25010954.540 9 131433411.309 9      1939.461 9        57.354 9  25010954.540 9 131433411.309 9      1939.461 9        57.354 9
> 2026 02 03 10 02 39.0000000  0 17       0.000000000000
G02  20310845.637 9 106734193.098 9      -420.530 9        56.049 9                                                                  20310845.637 8 106734193.098 8      -420.530 8        53.049 8
G13  25208510.470 9 132471547.481 9      1184.794 9        54.173 9                                                                  25208510.470 8 132471547.481 8      1184.794 8        51.173 8
G29  24831750.301 9 130491681.240 9      3072.966 9        54.304 9                                                                  24831750.301 8 130491681.240 8      3072.966 8        51.304 8
G10  22312351.048 9 117252161.520 9      3217.237 9        55.233 9                                                                  22312351.048 8 117252161.520 8      3217.237 8        52.233 8
G12  20800215.550 9 109305847.691 9       113.331 9        55.843 9                                                                  20800215.550 8 109305847.691 8       113.331 8        52.843 8
G17  24746642.766 9 130044417.479 9     -2962.868 9        54.334 9                                                                  24746642.766 8 130044417.479 8     -2962.868 8        51.334 8
G24  24294191.679 9 127666790.839 9      3042.257 9        54.494 9                                                                  24294191.679 8 127666790.839 8      3042.257 8        51.494 8
G30  22546640.483 9 118483363.388 9      2283.291 9        55.142 9                                                                  22546640.483 8 118483363.388 8      2283.291 8        52.142 8
G05  21249296.322 9 111665781.128 9       612.938 9        55.657 9                                                                  21249296.322 8 111665781.128 8       612.938 8        52.657 8
G04  21994275.872 9 115580668.905 9     -2493.392 9        55.358 9                                                                  21994275.872 8 115580668.905 8     -2493.392 8        52.358 8
E04                                                                  23386644.995 9 122897615.729 9      -174.234 9        57.937 9  23386644.995 9 122897615.729 9      -174.234 9        57.937 9
E05                                                                  26171829.072 9 137533825.737 9     -2073.498 9        56.960 9  26171829.072 9 137533825.737 9     -2073.498 9        56.960 9
E11                                                                  26706358.690 9 140342797.602 9     -2430.974 9        56.784 9  26706358.690 9 140342797.602 9     -2430.974 9        56.784 9
E20                                                                  27896388.436 9 146596431.474 9     -1704.916 9        56.406 9  27896388.436 9 146596431.474 9     -1704.916 9        56.406 9
E09                                                                  24957070.728 9 131150242.824 9      2546.316 9        57.373 9  24957070.728 9 131150242.824 9      2546.316 9        57.373 9
E10                                                                  23770374.471 9 124914124.925 9       -40.873 9        57.796 9  23770374.471 9 124914124.925 9       -40.873 9        57.796 9
E03                                                                  25010585.482 9 131431471.895 9      1939.369 9        57.354 9  25010585.482 9 131431471.895 9      1939.369 9        57.354 9
> 2026 02 03 10 02 40.0000000  0 17       0.000000000000
G02  20310925.698 9 106734613.822 9      -420.921 9        56.049 9                                                                  20310925.698 8 106734613.822 8      -420.921 8        53.049 8
G13  25208285.056 9 132470362.922 9      1184.336 9        54.173 9                                                                  25208285.056 8 132470362.922 8      1184.336 8        51.173 8
G29  24831165.533 9 130488608.261 9      3072.990 9        54.304 9                                                                  24831165.533 8 130488608.261 8      3072.990 8        51.304 8
G10  22311738.859 9 117248944.449 9      3216.913 9        55.233 9                                                                  22311738.859 8 117248944.449 8      3216.913 8        52.233 8
G12  20800194.047 9 109305734.692 9       112.666 9        55.843 9                                                                  20800194.047 8 109305734.692 8       112.666 8        52.843 8
G17  24747206.592 9 130047380.391 9     -2962.991 9        54.334 9                                                                  24747206.592 8 130047380.391 8     -2962.991 8        51.334 8
G24  24293612.772 9 127663748.666 9      3042.090 9        54.494 9                                                                  24293612.772 8 127663748.666 8      3042.090 8        51.494 8
G30  22546206.034 9 118481080.343 9      2282.798 9        55.143 9                                                                  22546206.034 8 118481080.343 8      2282.798 8        52.143 8
G05  21249179.746 9 111665168.518 9       612.280 9        55.657 9                                                                  21249179.746 8 111665168.518 8       612.280 8        52.657 8
G04  21994750.365 9 115583162.381 9     -2493.574 9        55.358 9                                                                  21994750.365 8 115583162.381 8     -2493.574 8        52.358 8
E04                                                                  23386678.175 9 122897790.087 9      -174.484 9        57.937 9  23386678.175 9 122897790.087 9      -174.484 9        57.937 9
E05                                                                  26172223.661 9 137535899.311 9     -2073.668 9        56.960 9  26172223.661 9 137535899.311 9     -2073.668 9        56.960 9
E11                                                                  26706821.311 9 140345228.687 9     -2431.215 9        56.784 9  26706821.311 9 140345228.687 9     -2431.215 9        56.784 9
E20                                                                  27896712.900 9 146598136.534 9     -1705.218 9        56.405 9  27896712.900 9 146598136.534 9     -1705.218 9        56.405 9
E09                                                                  24956586.207 9 131147696.653 9      2546.036 9        57.373 9  24956586.207 9 131147696.653 9      2546.036 9        57.373 9
E10                                                                  23770382.294 9 124914166.033 9       -41.343 9        57.796 9  23770382.294 9 124914166.033 9       -41.343 9        57.796 9
E03                                                                  25010216.440 9 131429532.572 9      1939.278 9        57.354 9  25010216.440 9 131429532.572 9      1939.278 9        57.354 9
> 2026 02 03 10 02 41.0000000  0 17       0.000000000000
G02  20311005.834 9 106735034.937 9      -421.311 9        56.049 9                                                                  20311005.834 8 106735034.937 8      -421.311 8        53.049 8
G13  25208059.728 9 132469178.821 9      1183.878 9        54.173 9                                                                  25208059.728 8 132469178.821 8      1183.878 8        51.173 8
G29  24830580.759 9 130485535.259 9      3073.014 9        54.304 9                                                                  24830580.759 8 130485535.259 8      3073.014 8        51.304 8
G10  22311126.732 9 117245727.702 9      3216.590 9        55.234 9                                                                  22311126.732 8 117245727.702 8      3216.590 8        52.234 8
G12  20800172.671 9 109305622.358 9       112.001 9        55.843 9                                                                  20800172.671 8 109305622.358 8       112.001 8        52.843 8
G17  24747770.442 9 130050343.428 9     -2963.115 9        54.333 9                                                                  24747770.442 8 130050343.428 8     -2963.115 8        51.333 8
G24  24293033.897 9 127660706.659 9      3041.924 9        54.494 9                                                                  24293033.897 8 127660706.659 8      3041.924 8        51.494 8
G30  22545771.678 9 118478797.791 9      2282.306 9        55.143 9                                                                  22545771.678 8 118478797.791 8      2282.306 8        52.143 8
G05  21249063.296 9 111664556.567 9       611.621 9        55.657 9                                                                  21249063.296 8 111664556.567 8       611.621 8        52.657 8
G04  21995224.894 9 115585656.040 9     -2493.756 9        55.357 9                                                                  21995224.894 8 115585656.040 8     -2493.756 8        52.357 8
E04                                                                  23386711.402 9 122897964.696 9      -174.734 9        57.937 9  23386711.402 9 122897964.696 9      -174.734 9        57.937 9
E05                                                                  26172618.283 9 137537973.055 9     -2073.839 9        56.960 9  26172618.283 9 137537973.055 9     -2073.839 9        56.960 9
E11                                                                  26707283.979 9 140347660.014 9     -2431.456 9        56.784 9  26707283.979 9 140347660.014 9     -2431.456 9        56.784 9
E20                                                                  27897037.421 9 146599841.897 9     -1705.521 9        56.405 9  27897037.421 9 146599841.897 9     -1705.521 9        56.405 9
E09                                                                  24956101.739 9 131145150.762 9      2545.755 9        57.373 9  24956101.739 9 131145150.762 9      2545.755 9        57.373 9
E10                                                                  23770390.206 9 124914207.611 9       -41.813 9        57.796 9  23770390.206 9 124914207.611 9       -41.813 9        57.796 9
E03                                                                  25009847.416 9 131427593.341 9      1939.186 9        57.354 9  25009847.416 9 131427593.341 9      1939.186 9        57.354 9
> 2026 02 03 10 02 42.0000000  0 17       0.000000000000
G02  20311086.044 9 106735456.443 9      -421.702 9        56.049 9                                                                  20311086.044 8 106735456.443 8      -421.702 8        53.049 8
G13  25207834.487 9 132467995.177 9      1183.420 9        54.173 9                                                                  25207834.487 8 132467995.177 8      1183.420 8        51.173 8
G29  24829995.981 9 130482462.232 9      3073.037 9        54.305 9                                                                  24829995.981 8 130482462.232 8      3073.037 8        51.305 8
G10  22310514.666 9 117242511.278 9      3216.266 9        55.234 9                                                                  22310514.666 8 117242511.278 8      3216.266 8        52.234 8
G12  20800151.421 9 109305510.689 9       111.335 9        55.843 9                                                                  20800151.421 8 109305510.689 8       111.335 8        52.843 8
G17  24748334.315 9 130053306.588 9     -2963.238 9        54.333 9                                                                  24748334.315 8 130053306.588 8     -2963.238 8        51.333 8
G24  24292455.053 9 127657664.818 9      3041.758 9        54.495 9                                                                  24292455.053 8 127657664.818 8      3041.758 8        51.495 8
G30  22545337.416 9 118476515.732 9      2281.813 9        55.143 9                                                                  22545337.416 8 118476515.732 8      2281.813 8        52.143 8
G05  21248946.971 9 111663945.274 9       610.963 9        55.657 9                                                                  21248946.971 8 111663945.274 8       610.963 8        52.657 8
G04  21995699.457 9 115588149.881 9     -2493.939 9        55.357 9                                                                  21995699.457 8 115588149.881 8     -2493.939 8        52.357 8
E04                                                                  23386744.676 9 122898139.555 9      -174.984 9        57.937 9  23386744.676 9 122898139.555 9      -174.984 9        57.937 9
E05                                                                  26173012.937 9 137540046.968 9     -2074.009 9        56.959 9  26173012.937 9 137540046.968 9     -2074.009 9        56.959 9
E11                                                                  26707746.692 9 140350091.580 9     -2431.696 9        56.784 9  26707746.692 9 140350091.580 9     -2431.696 9        56.784 9
E20                                                                  27897362.000 9 146601547.563 9     -1705.823 9        56.405 9  27897362.000 9 146601547.563 9     -1705.823 9        56.405 9
E09                                                                  24955617.325 9 131142605.153 9      2545.474 9        57.373 9  24955617.325 9 131142605.153 9      2545.474 9        57.373 9
E10                                                                  23770398.207 9 124914249.659 9       -42.282 9        57.796 9  23770398.207 9 124914249.659 9       -42.282 9        57.796 9
E03                                                                  25009478.410 9 131425654.201 9      1939.095 9        57.354 9  25009478.410 9 131425654.201 9      1939.095 9        57.354 9
> 2026 02 03 10 02 43.0000000  0 17       0.000000000000
G02  20311166.328 9 106735878.339 9      -422.093 9        56.049 9                                                                  20311166.328 8 106735878.339 8      -422.093 8        53.049 8
G13  25207609.334 9 132466811.992 9      1182.962 9        54.173 9                                                                  25207609.334 8 132466811.992 8      1182.962 8        51.173 8
G29  24829411.199 9 130479389.182 9      3073.061 9        54.305 9                                                                  24829411.199 8 130479389.182 8      3073.061 8        51.305 8
G10  22309902.662 9 117239295.178 9      3215.942 9        55.234 9                                                                  22309902.662 8 117239295.178 8      3215.942 8        52.234 8
G12  20800130.298 9 109305399.685 9       110.670 9        55.843 9                                                                  20800130.298 8 109305399.685 8       110.670 8        52.843 8
G17  24748898.211 9 130056269.871 9     -2963.361 9        54.333 9                                                                  24748898.211 8 130056269.871 8     -2963.361 8        51.333 8
G24  24291876.241 9 127654623.143 9      3041.592 9        54.495 9                                                                  24291876.241 8 127654623.143 8      3041.592 8        51.495 8
G30  22544903.248 9 118474234.166 9      2281.320 9        55.143 9                                                                  22544903.248 8 118474234.166 8      2281.320 8        52.143 8
G05  21248830.771 9 111663334.640 9       610.304 9        55.657 9                                                                  21248830.771 8 111663334.640 8       610.304 8        52.657 8
G04  21996174.055 9 115590643.904 9     -2494.121 9        55.357 9                                                                  21996174.055 8 115590643.904 8     -2494.121 8        52.357 8
E04                                                                  23386777.999 9 122898314.663 9      -175.234 9        57.937 9  23386777.999 9 122898314.663 9      -175.234 9        57.937 9
E05                                                                  26173407.624 9 137542121.052 9     -2074.179 9        56.959 9  26173407.624 9 137542121.052 9     -2074.179 9        56.959 9
E11                                                                  26708209.451 9 140352523.387 9     -2431.937 9        56.784 9  26708209.451 9 140352523.387 9     -2431.937 9        56.784 9
E20                                                                  27897686.637 9 146603253.531 9     -1706.126 9        56.405 9  27897686.637 9 146603253.531 9     -1706.126 9        56.405 9
E09                                                                  24955132.964 9 131140059.824 9      2545.194 9        57.373 9  24955132.964 9 131140059.824 9      2545.194 9        57.373 9
E10                                                                  23770406.298 9 124914292.176 9       -42.752 9        57.796 9  23770406.298 9 124914292.176 9       -42.752 9        57.796 9
E03                                                                  25009109.421 9 131423715.153 9      1939.003 9        57.355 9  25009109.421 9 131423715.153 9      1939.003 9        57.355 9
> 2026 02 03 10 02 44.0000000  0 17       0.000000000000
G02  20311246.687 9 106736300.627 9      -422.484 9        56.049 9                                                                  20311246.687 8 106736300.627 8      -422.484 8        53.049 8
G13  25207384.267 9 132465629.265 9      1182.504 9        54.174 9                                                                  25207384.267 8 132465629.265 8      1182.504 8        51.174 8
G29  24828826.412 9 130476316.108 9      3073.085 9        54.305 9                                                                  24828826.412 8 130476316.108 8      3073.085 8        51.305 8
G10  22309290.719 9 117236079.402 9      3215.618 9        55.234 9                                                                  22309290.719 8 117236079.402 8      3215.618 8        52.234 8
G12  20800109.301 9 109305289.346 9       110.005 9        55.843 9                                                                  20800109.301 8 109305289.346 8       110.005 8        52.843 8
G17  24749462.131 9 130059233.278 9     -2963.485 9        54.333 9                                                                  24749462.131 8 130059233.278 8     -2963.485 8        51.333 8
G24  24291297.460 9 127651581.635 9      3041.426 9        54.495 9                                                                  24291297.460 8 127651581.635 8      3041.426 8        51.495 8
G30  22544469.174 9 118471953.092 9      2280.827 9        55.143 9                                                                  22544469.174 8 118471953.092 8      2280.827 8        52.143 8
G05  21248714.697 9 111662724.664 9       609.645 9        55.657 9                                                                  21248714.697 8 111662724.664 8       609.645 8        52.657 8
G04  21996648.687 9 115593138.110 9     -2494.303 9        55.357 9                                                                  21996648.687 8 115593138.110 8     -2494.303 8        52.357 8
E04                                                                  23386811.368 9 122898490.022 9      -175.485 9        57.937 9  23386811.368 9 122898490.022 9      -175.485 9        57.937 9
E05                                                                  26173802.343 9 137544195.306 9     -2074.349 9        56.959 9  26173802.343 9 137544195.306 9     -2074.349 9        56.959 9
E11                                                                  26708672.256 9 140354955.434 9     -2432.177 9        56.783 9  26708672.256 9 140354955.434 9     -2432.177 9        56.783 9
E20                                                                  27898011.331 9 146604959.801 9     -1706.428 9        56.405 9  27898011.331 9 146604959.801 9     -1706.428 9        56.405 9
E09                                                                  24954648.656 9 131137514.775 9      2544.913 9        57.373 9  24954648.656 9 131137514.775 9      2544.913 9        57.373 9
E10                                                                  23770414.478 9 124914335.162 9       -43.221 9        57.796 9  23770414.478 9 124914335.162 9       -43.221 9        57.796 9
E03                                                                  25008740.450 9 131421776.197 9      1938.911 9        57.355 9  25008740.450 9 131421776.197 9      1938.911 9        57.355 9
> 2026 02 03 10 02 45.0000000  0 17       0.000000000000
G02  20311327.120 9 106736723.304 9      -422.874 9        56.049 9                                                                  20311327.120 8 106736723.304 8      -422.874 8        53.049 8
G13  25207159.288 9 132464446.996 9      1182.045 9        54.174 9                                                                  25207159.288 8 132464446.996 8      1182.045 8        51.174 8
G29  24828241.620 9 130473243.010 9      3073.109 9        54.305 9                                                                  24828241.620 8 130473243.010 8      3073.109 8        51.305 8
G10  22308678.838 9 117232863.950 9      3215.294 9        55.235 9                                                                  22308678.838 8 117232863.950 8      3215.294 8        52.235 8
G12  20800088.431 9 109305179.673 9       109.340 9        55.843 9                                                                  20800088.431 8 109305179.673 8       109.340 8        52.843 8
G17  24750026.075 9 130062196.808 9     -2963.608 9        54.333 9                                                                  24750026.075 8 130062196.808 8     -2963.608 8        51.333 8
G24  24290718.712 9 127648540.293 9      3041.259 9        54.495 9                                                                  24290718.712 8 127648540.293 8      3041.259 8        51.495 8
G30  22544035.194 9 118469672.512 9      2280.333 9        55.143 9                                                                  22544035.194 8 118469672.512 8      2280.333 8        52.143 8
G05  21248598.747 9 111662115.347 9       608.987 9        55.657 9                                                                  21248598.747 8 111662115.347 8       608.987 8        52.657 8
G04  21997123.354 9 115595632.497 9     -2494.485 9        55.357 9                                                                  21997123.354 8 115595632.497 8     -2494.485 8        52.357 8
E04                                                                  23386844.786 9 122898665.631 9      -175.735 9        57.937 9  23386844.786 9 122898665.631 9      -175.735 9        57.937 9
E05                                                                  26174197.094 9 137546269.730 9     -2074.519 9        56.959 9  26174197.094 9 137546269.730 9     -2074.519 9        56.959 9
E11                                                                  26709135.106 9 140357387.722 9     -2432.418 9        56.783 9  26709135.106 9 140357387.722 9     -2432.418 9        56.783 9
E20                                                                  27898336.082 9 146606666.374 9     -1706.731 9        56.405 9  27898336.082 9 146606666.374 9     -1706.731 9        56.405 9
E09                                                                  24954164.402 9 131134970.007 9      2544.632 9        57.374 9  24954164.402 9 131134970.007 9      2544.632 9        57.374 9
E10                                                                  23770422.747 9 124914378.619 9       -43.691 9        57.796 9  23770422.747 9 124914378.619 9       -43.691 9        57.796 9
E03                                                                  25008371.496 9 131419837.332 9      1938.820 9        57.355 9  25008371.496 9 131419837.332 9      1938.820 9        57.355 9
> 2026 02 03 10 02 46.0000000  0 17       0.000000000000
G02  20311407.628 9 106737146.373 9      -423.265 9        56.049 9                                                                  20311407.628 8 106737146.373 8      -423.265 8        53.049 8
G13  25206934.396 9 132463265.185 9      1181.587 9        54.174 9                                                                  25206934.396 8 132463265.185 8      1181.587 8        51.174 8
G29  24827656.824 9 130470169.888 9      3073.133 9        54.305 9                                                                  24827656.824 8 130470169.888 8      3073.133 8        51.305 8
G10  22308067.019 9 117229648.822 9      3214.970 9        55.235 9                                                                  22308067.019 8 117229648.822 8      3214.970 8        52.235 8
G12  20800067.688 9 109305070.665 9       108.675 9        55.843 9                                                                  20800067.688 8 109305070.665 8       108.675 8        52.843 8
G17  24750590.042 9 130065160.462 9     -2963.732 9        54.332 9                                                                  24750590.042 8 130065160.462 8     -2963.732 8        51.332 8
G24  24290139.994 9 127645499.117 9      3041.093 9        54.495 9                                                                  24290139.994 8 127645499.117 8      3041.093 8        51.495 8
G30  22543601.308 9 118467392.425 9      2279.840 9        55.144 9                                                                  22543601.308 8 118467392.425 8      2279.840 8        52.144 8
G05  21248482.924 9 111661506.689 9       608.328 9        55.657 9                                                                  21248482.924 8 111661506.689 8       608.328 8        52.657 8
G04  21997598.056 9 115598127.067 9     -2494.667 9        55.357 9                                                                  21997598.056 8 115598127.067 8     -2494.667 8        52.357 8
E04                                                                  23386878.251 9 122898841.490 9      -175.985 9        57.937 9  23386878.251 9 122898841.490 9      -175.985 9        57.937 9
E05                                                                  26174591.878 9 137548344.325 9     -2074.689 9        56.959 9  26174591.878 9 137548344.325 9     -2074.689 9        56.959 9
E11                                                                  26709598.002 9 140359820.250 9     -2432.658 9        56.783 9  26709598.002 9 140359820.250 9     -2432.658 9        56.783 9
E20                                                                  27898660.892 9 146608373.249 9     -1707.033 9        56.405 9  27898660.892 9 146608373.249 9     -1707.033 9        56.405 9
E09                                                                  24953680.201 9 131132425.521 9      2544.351 9        57.374 9  24953680.201 9 131132425.521 9      2544.351 9        57.374 9
E10                                                                  23770431.106 9 124914422.544 9       -44.160 9        57.796 9  23770431.106 9 124914422.544 9       -44.160 9        57.796 9
E03                                                                  25008002.559 9 131417898.560 9      1938.728 9        57.355 9  25008002.559 9 131417898.560 9      1938.728 9        57.355 9
> 2026 02 03 10 02 47.0000000  0 17       0.000000000000
G02  20311488.209 9 106737569.832 9      -423.655 9        56.049 9                                                                  20311488.209 8 106737569.832 8      -423.655 8        53.049 8
G13  25206709.592 9 132462083.833 9      1181.129 9        54.174 9                                                                  25206709.592 8 132462083.833 8      1181.129 8        51.174 8
G29  24827072.024 9 130467096.742 9      3073.156 9        54.306 9                                                                  24827072.024 8 130467096.742 8      3073.156 8        51.306 8
G10  22307455.261 9 117226434.018 9      3214.646 9        55.235 9                                                                  22307455.261 8 117226434.018 8      3214.646 8        52.235 8
G12  20800047.071 9 109304962.322 9       108.009 9        55.843 9                                                                  20800047.071 8 109304962.322 8       108.009 8        52.843 8
G17  24751154.032 9 130068124.239 9     -2963.855 9        54.332 9                                                                  24751154.032 8 130068124.239 8     -2963.855 8        51.332 8
G24  24289561.309 9 127642458.107 9      3040.927 9        54.496 9                                                                  24289561.309 8 127642458.107 8      3040.927 8        51.496 8
G30  22543167.515 9 118465112.832 9      2279.347 9        55.144 9                                                                  22543167.515 8 118465112.832 8      2279.347 8        52.144 8
G05  21248367.225 9 111660898.690 9       607.669 9        55.658 9                                                                  21248367.225 8 111660898.690 8       607.669 8        52.658 8
G04  21998072.792 9 115600621.819 9     -2494.849 9        55.356 9                                                                  21998072.792 8 115600621.819 8     -2494.849 8        52.356 8
E04                                                                  23386911.763 9 122899017.599 9      -176.235 9        57.937 9  23386911.763 9 122899017.599 9      -176.235 9        57.937 9
E05                                                                  26174986.694 9 137550419.089 9     -2074.859 9        56.959 9  26174986.694 9 137550419.089 9     -2074.859 9        56.959 9
E11                                                                  26710060.944 9 140362253.018 9     -2432.898 9        56.783 9  26710060.944 9 140362253.018 9     -2432.898 9        56.783 9
E20                                                                  27898985.758 9 146610080.426 9     -1707.335 9        56.405 9  27898985.758 9 146610080.426 9     -1707.335 9        56.405 9
E09                                                                  24953196.054 9 131129881.315 9      2544.070 9        57.374 9  24953196.054 9 131129881.315 9      2544.070 9        57.374 9
E10                                                                  23770439.554 9 124914466.939 9       -44.630 9        57.796 9  23770439.554 9 124914466.939 9       -44.630 9        57.796 9
E03                                                                  25007633.640 9 131415959.879 9      1938.636 9        57.355 9  25007633.640 9 131415959.879 9      1938.636 9        57.355 9
> 2026 02 03 10 02 48.0000000  0 17       0.000000000000
G02  20311568.865 9 106737993.681 9      -424.046 9        56.049 9                                                                  20311568.865 8 106737993.681 8      -424.046 8        53.049 8
G13  25206484.874 9 132460902.939 9      1180.670 9        54.174 9                                                                  25206484.874 8 132460902.939 8      1180.670 8        51.174 8
G29  24826487.219 9 130464023.573 9      3073.180 9        54.306 9                                                                  24826487.219 8 130464023.573 8      3073.180 8        51.306 8
G10  22306843.566 9 117223219.539 9      3214.322 9        55.235 9                                                                  22306843.566 8 117223219.539 8      3214.322 8        52.235 8
G12  20800026.581 9 109304854.644 9       107.344 9        55.843 9                                                                  20800026.581 8 109304854.644 8       107.344 8        52.843 8
G17  24751718.046 9 130071088.140 9     -2963.979 9        54.332 9                                                                  24751718.046 8 130071088.140 8     -2963.979 8        51.332 8
G24  24288982.655 9 127639417.264 9      3040.760 9        54.496 9                                                                  24288982.655 8 127639417.264 8      3040.760 8        51.496 8
G30  22542733.816 9 118462833.732 9      2278.853 9        55.144 9                                                                  22542733.816 8 118462833.732 8      2278.853 8        52.144 8
G05  21248251.652 9 111660291.350 9       607.010 9        55.658 9                                                                  21248251.652 8 111660291.350 8       607.010 8        52.658 8
G04  21998547.563 9 115603116.753 9     -2495.031 9        55.356 9                                                                  21998547.563 8 115603116.753 8     -2495.031 8        52.356 8
E04                                                                  23386945.324 9 122899193.958 9      -176.485 9        57.937 9  23386945.324 9 122899193.958 9      -176.485 9        57.937 9
E05                                                                  26175381.542 9 137552494.023 9     -2075.029 9        56.959 9  26175381.542 9 137552494.023 9     -2075.029 9        56.959 9
E11                                                                  26710523.932 9 140364686.027 9     -2433.138 9        56.783 9  26710523.932 9 140364686.027 9     -2433.138 9        56.783 9
E20                                                                  27899310.682 9 146611787.906 9     -1707.637 9        56.405 9  27899310.682 9 146611787.906 9     -1707.637 9        56.405 9
E09                                                                  24952711.960 9 131127337.389 9      2543.790 9        57.374 9  24952711.960 9 131127337.389 9      2543.790 9        57.374 9
E10                                                                  23770448.091 9 124914511.804 9       -45.099 9        57.796 9  23770448.091 9 124914511.804 9       -45.099 9        57.796 9
E03                                                                  25007264.738 9 131414021.289 9      1938.544 9        57.355 9  25007264.738 9 131414021.289 9      1938.544 9        57.355 9
> 2026 02 03 10 02 49.0000000  0 17       0.000000000000
G02  20311649.596 9 106738417.921 9      -424.436 9        56.049 9                                                                  20311649.596 8 106738417.921 8      -424.436 8        53.049 8
G13  25206260.244 9 132459722.503 9      1180.212 9        54.174 9                                                                  25206260.244 8 132459722.503 8      1180.212 8        51.174 8
G29  24825902.409 9 130460950.380 9      3073.204 9        54.306 9                                                                  24825902.409 8 130460950.380 8      3073.204 8        51.306 8
G10  22306231.931 9 117220005.384 9      3213.997 9        55.236 9                                                                  22306231.931 8 117220005.384 8      3213.997 8        52.236 8
G12  20800006.217 9 109304747.632 9       106.679 9        55.843 9                                                                  20800006.217 8 109304747.632 8       106.679 8        52.843 8
G17  24752282.084 9 130074052.164 9     -2964.102 9        54.332 9                                                                  24752282.084 8 130074052.164 8     -2964.102 8        51.332 8
G24  24288404.033 9 127636376.587 9      3040.594 9        54.496 9                                                                  24288404.033 8 127636376.587 8      3040.594 8        51.496 8
G30  22542300.212 9 118460555.125 9      2278.360 9        55.144 9                                                                  22542300.212 8 118460555.125 8      2278.360 8        52.144 8
G05  21248136.205 9 111659684.668 9       606.351 9        55.658 9                                                                  21248136.205 8 111659684.668 8       606.351 8        52.658 8
G04  21999022.369 9 115605611.869 9     -2495.213 9        55.356 9                                                                  21999022.369 8 115605611.869 8     -2495.213 8        52.356 8
E04                                                                  23386978.931 9 122899370.567 9      -176.735 9        57.937 9  23386978.931 9 122899370.567 9      -176.735 9        57.937 9
E05                                                                  26175776.423 9 137554569.128 9     -2075.199 9        56.958 9  26175776.423 9 137554569.128 9     -2075.199 9        56.958 9
E11                                                                  26710986.965 9 140367119.276 9     -2433.378 9        56.783 9  26710986.965 9 140367119.276 9     -2433.378 9        56.783 9
E20                                                                  27899635.664 9 146613495.688 9     -1707.939 9        56.405 9  27899635.664 9 146613495.688 9     -1707.939 9        56.405 9
E09                                                                  24952227.920 9 131124793.746 9      2543.508 9        57.374 9  24952227.920 9 131124793.746 9      2543.508 9        57.374 9
E10                                                                  23770456.718 9 124914557.138 9       -45.569 9        57.796 9  23770456.718 9 124914557.138 9       -45.569 9        57.796 9
E03                                                                  25006895.854 9 131412082.792 9      1938.452 9        57.355 9  25006895.854 9 131412082.792 9      1938.452 9        57.355 9
> 2026 02 03 10 02 50.0000000  0 17       0.000000000000
G02  20311730.401 9 106738842.552 9      -424.827 9        56.049 9                                                                  20311730.401 8 106738842.552 8      -424.827 8        53.049 8
G13  25206035.701 9 132458542.526 9      1179.753 9        54.174 9                                                                  25206035.701 8 132458542.526 8      1179.753 8        51.174 8
G29  24825317.595 9 130457877.163 9      3073.228 9        54.306 9                                                                  24825317.595 8 130457877.163 8      3073.228 8        51.306 8
G10  22305620.359 9 117216791.553 9      3213.673 9        55.236 9                                                                  22305620.359 8 117216791.553 8      3213.673 8        52.236 8
G12  20799985.980 9 109304641.284 9       106.014 9        55.843 9                                                                  20799985.980 8 109304641.284 8       106.014 8        52.843 8
G17  24752846.145 9 130077016.311 9     -2964.225 9        54.332 9                                                                  24752846.145 8 130077016.311 8     -2964.225 8        51.332 8
G24  24287825.442 9 127633336.077 9      3040.428 9        54.496 9                                                                  24287825.442 8 127633336.077 8      3040.428 8        51.496 8
G30  22541866.701 9 118458277.012 9      2277.866 9        55.144 9                                                                  22541866.701 8 118458277.012 8      2277.866 8        52.144 8
G05  21248020.883 9 111659078.645 9       605.693 9        55.658 9                                                                  21248020.883 8 111659078.645 8       605.693 8        52.658 8
G04  21999497.209 9 115608107.167 9     -2495.395 9        55.356 9                                                                  21999497.209 8 115608107.167 8     -2495.395 8        52.356 8
E04                                                                  23387012.587 9 122899547.427 9      -176.985 9        57.937 9  23387012.587 9 122899547.427 9      -176.985 9        57.937 9
E05                                                                  26176171.336 9 137556644.402 9     -2075.369 9        56.958 9  26176171.336 9 137556644.402 9     -2075.369 9        56.958 9
E11                                                                  26711450.044 9 140369552.764 9     -2433.618 9        56.783 9  26711450.044 9 140369552.764 9     -2433.618 9        56.783 9
E20                                                                  27899960.703 9 146615203.771 9     -1708.241 9        56.404 9  27899960.703 9 146615203.771 9     -1708.241 9        56.404 9
E09                                                                  24951743.933 9 131122250.383 9      2543.227 9        57.374 9  24951743.933 9 131122250.383 9      2543.227 9        57.374 9
E10                                                                  23770465.434 9 124914602.942 9       -46.038 9        57.796 9  23770465.434 9 124914602.942 9       -46.038 9        57.796 9
E03                                                                  25006526.987 9 131410144.386 9      1938.360 9        57.355 9  25006526.987 9 131410144.386 9      1938.360 9        57.355 9
> 2026 02 03 10 02 51.0000000  0 17       0.000000000000
G02  20311811.280 9 106739267.573 9      -425.217 9        56.049 9                                                                  20311811.280 8 106739267.573 8      -425.217 8        53.049 8
G13  25205811.246 9 132457363.008 9      1179.294 9        54.174 9                                                                  25205811.246 8 132457363.008 8      1179.294 8        51.174 8
G29  24824732.776 9 130454803.923 9      3073.251 9        54.306 9                                                                  24824732.776 8 130454803.923 8      3073.251 8        51.306 8
G10  22305008.848 9 117213578.047 9      3213.348 9        55.236 9                                                                  22305008.848 8 117213578.047 8      3213.348 8        52.236 8
G12  20799965.870 9 109304535.602 9       105.348 9        55.843 9                                                                  20799965.870 8 109304535.602 8       105.348 8        52.843 8
G17  24753410.229 9 130079980.581 9     -2964.348 9        54.331 9                                                                  24753410.229 8 130079980.581 8     -2964.348 8        51.331 8
G24  24287246.883 9 127630295.733 9      3040.261 9        54.496 9                                                                  24287246.883 8 127630295.733 8      3040.261 8        51.496 8
G30  22541433.284 9 118455999.393 9      2277.372 9        55.144 9                                                                  22541433.284 8 118455999.393 8      2277.372 8        52.144 8
G05  21247905.686 9 111658473.281 9       605.034 9        55.658 9                                                                  21247905.686 8 111658473.281 8       605.034 8        52.658 8
G04  21999972.084 9 115610602.646 9     -2495.577 9        55.356 9                                                                  21999972.084 8 115610602.646 8     -2495.577 8        52.356 8
E04                                                                  23387046.290 9 122899724.537 9      -177.236 9        57.937 9  23387046.290 9 122899724.537 9      -177.236 9        57.937 9
E05                                                                  26176566.281 9 137558719.847 9     -2075.539 9        56.958 9  26176566.281 9 137558719.847 9     -2075.539 9        56.958 9
E11                                                                  26711913.168 9 140371986.493 9     -2433.858 9        56.782 9  26711913.168 9 140371986.493 9     -2433.858 9        56.782 9
E20                                                                  27900285.800 9 146616912.157 9     -1708.543 9        56.404 9  27900285.800 9 146616912.157 9     -1708.543 9        56.404 9
E09                                                                  24951260.000 9 131119707.301 9      2542.946 9        57.375 9  24951260.000 9 131119707.301 9      2542.946 9        57.375 9
E10                                                                  23770474.240 9 124914649.214 9       -46.508 9        57.796 9  23770474.240 9 124914649.214 9       -46.508 9        57.796 9
E03                                                                  25006158.138 9 131408206.073 9      1938.268 9        57.356 9  25006158.138 9 131408206.073 9      1938.268 9        57.356 9
> 2026 02 03 10 02 52.0000000  0 17       0.000000000000
G02  20311892.233 9 106739692.984 9      -425.607 9        56.049 9                                                                  20311892.233 8 106739692.984 8      -425.607 8        53.049 8
G13  25205586.877 9 132456183.949 9      1178.836 9        54.174 9                                                                  25205586.877 8 132456183.949 8      1178.836 8        51.174 8
G29  24824147.953 9 130451730.659 9      3073.275 9        54.307 9                                                                  24824147.953 8 130451730.659 8      3073.275 8        51.307 8
G10  22304397.399 9 117210364.865 9      3213.023 9        55.236 9                                                                  22304397.399 8 117210364.865 8      3213.023 8        52.236 8
G12  20799945.886 9 109304430.586 9       104.683 9        55.843 9                                                                  20799945.886 8 109304430.586 8       104.683 8        52.843 8
G17  24753974.337 9 130082944.975 9     -2964.472 9        54.331 9                                                                  24753974.337 8 130082944.975 8     -2964.472 8        51.331 8
G24  24286668.356 9 127627255.555 9      3040.095 9        54.497 9                                                                  24286668.356 8 127627255.555 8      3040.095 8        51.497 8
G30  22540999.961 9 118453722.267 9      2276.879 9        55.145 9                                                                  22540999.961 8 118453722.267 8      2276.879 8        52.145 8
G05  21247790.614 9 111657868.576 9       604.375 9        55.658 9                                                                  21247790.614 8 111657868.576 8       604.375 8        52.658 8
G04  22000446.994 9 115613098.307 9     -2495.759 9        55.355 9                                                                  22000446.994 8 115613098.307 8     -2495.759 8        52.355 8
E04                                                                  23387080.040 9 122899901.897 9      -177.486 9        57.937 9  23387080.040 9 122899901.897 9      -177.486 9        57.937 9
E05                                                                  26176961.259 9 137560795.462 9     -2075.710 9        56.958 9  26176961.259 9 137560795.462 9     -2075.710 9        56.958 9
E11                                                                  26712376.339 9 140374420.461 9     -2434.098 9        56.782 9  26712376.339 9 140374420.461 9     -2434.098 9        56.782 9
E20                                                                  27900610.954 9 146618620.844 9     -1708.845 9        56.404 9  27900610.954 9 146618620.844 9     -1708.845 9        56.404 9
E09                                                                  24950776.120 9 131117164.500 9      2542.665 9        57.375 9  24950776.120 9 131117164.500 9      2542.665 9        57.375 9
E10                                                                  23770483.134 9 124914695.957 9       -46.977 9        57.796 9  23770483.134 9 124914695.957 9       -46.977 9        57.796 9
E03                                                                  25005789.306 9 131406267.851 9      1938.177 9        57.356 9  25005789.306 9 131406267.851 9      1938.177 9        57.356 9
> 2026 02 03 10 02 53.0000000  0 17       0.000000000000
G02  20311973.260 9 106740118.785 9      -425.998 9        56.049 9                                                                  20311973.260 8 106740118.785 8      -425.998 8        53.049 8
G13  25205362.596 9 132455005.348 9      1178.377 9        54.174 9                                                                  25205362.596 8 132455005.348 8      1178.377 8        51.174 8
G29  24823563.125 9 130448657.371 9      3073.298 9        54.307 9                                                                  24823563.125 8 130448657.371 8      3073.298 8        51.307 8
G10  22303786.012 9 117207152.009 9      3212.698 9        55.236 9                                                                  22303786.012 8 117207152.009 8      3212.698 8        52.236 8
G12  20799926.028 9 109304326.234 9       104.018 9        55.843 9                                                                  20799926.028 8 109304326.234 8       104.018 8        52.843 8
G17  24754538.468 9 130085909.492 9     -2964.595 9        54.331 9                                                                  24754538.468 8 130085909.492 8     -2964.595 8        51.331 8
G24  24286089.860 9 127624215.544 9      3039.928 9        54.497 9                                                                  24286089.860 8 127624215.544 8      3039.928 8        51.497 8
G30  22540566.732 9 118451445.636 9      2276.385 9        55.145 9                                                                  22540566.732 8 118451445.636 8      2276.385 8        52.145 8
G05  21247675.668 9 111657264.530 9       603.716 9        55.658 9                                                                  21247675.668 8 111657264.530 8       603.716 8        52.658 8
G04  22000921.938 9 115615594.150 9     -2495.940 9        55.355 9                                                                  22000921.938 8 115615594.150 8     -2495.940 8        52.355 8
E04                                                                  23387113.839 9 122900079.507 9      -177.736 9        57.937 9  23387113.839 9 122900079.507 9      -177.736 9        57.937 9
E05                                                                  26177356.269 9 137562871.246 9     -2075.880 9        56.958 9  26177356.269 9 137562871.246 9     -2075.880 9        56.958 9
E11                                                                  26712839.555 9 140376854.670 9     -2434.338 9        56.782 9  26712839.555 9 140376854.670 9     -2434.338 9        56.782 9
E20                                                                  27900936.165 9 146620329.834 9     -1709.147 9        56.404 9  27900936.165 9 146620329.834 9     -1709.147 9        56.404 9
E09                                                                  24950292.293 9 131114621.980 9      2542.384 9        57.375 9  24950292.293 9 131114621.980 9      2542.384 9        57.375 9
E10                                                                  23770492.119 9 124914743.169 9       -47.446 9        57.796 9  23770492.119 9 124914743.169 9       -47.446 9        57.796 9
E03                                                                  25005420.492 9 131404329.721 9      1938.085 9        57.356 9  25005420.492 9 131404329.721 9      1938.085 9        57.356 9
> 2026 02 03 10 02 54.0000000  0 17       0.000000000000
G02  20312054.362 9 106740544.977 9      -426.388 9        56.049 9                                                                  20312054.362 8 106740544.977 8      -426.388 8        53.049 8
G13  25205138.402 9 132453827.206 9      1177.918 9        54.174 9                                                                  25205138.402 8 132453827.206 8      1177.918 8        51.174 8
G29  24822978.293 9 130445584.060 9      3073.322 9        54.307 9                                                                  24822978.293 8 130445584.060 8      3073.322 8        51.307 8
G10  22303174.687 9 117203939.477 9      3212.374 9        55.237 9                                                                  22303174.687 8 117203939.477 8      3212.374 8        52.237 8
G12  20799906.298 9 109304222.548 9       103.353 9        55.843 9                                                                  20799906.298 8 109304222.548 8       103.353 8        52.843 8
G17  24755102.623 9 130088874.133 9     -2964.718 9        54.331 9                                                                  24755102.623 8 130088874.133 8     -2964.718 8        51.331 8
G24  24285511.397 9 127621175.699 9      3039.762 9        54.497 9                                                                  24285511.397 8 127621175.699 8      3039.762 8        51.497 8
G30  22540133.597 9 118449169.498 9      2275.891 9        55.145 9                                                                  22540133.597 8 118449169.498 8      2275.891 8        52.145 8
G05  21247560.848 9 111656661.143 9       603.057 9        55.658 9                                                                  21247560.848 8 111656661.143 8       603.057 8        52.658 8
G04  22001396.916 9 115618090.175 9     -2496.122 9        55.355 9                                                                  22001396.916 8 115618090.175 8     -2496.122 8        52.355 8
E04                                                                  23387147.685 9 122900257.368 9      -177.987 9        57.937 9  23387147.685 9 122900257.368 9      -177.987 9        57.937 9
E05                                                                  26177751.312 9 137564947.201 9     -2076.050 9        56.958 9  26177751.312 9 137564947.201 9     -2076.050 9        56.958 9
E11                                                                  26713302.816 9 140379289.118 9     -2434.577 9        56.782 9  26713302.816 9 140379289.118 9     -2434.577 9        56.782 9
E20                                                                  27901261.434 9 146622039.125 9     -1709.449 9        56.404 9  27901261.434 9 146622039.125 9     -1709.449 9        56.404 9
E09                                                                  24949808.520 9 131112079.742 9      2542.103 9        57.375 9  24949808.520 9 131112079.742 9      2542.103 9        57.375 9
E10                                                                  23770501.192 9 124914790.850 9       -47.916 9        57.796 9  23770501.192 9 124914790.850 9       -47.916 9        57.796 9
E03                                                                  25005051.695 9 131402391.683 9      1937.993 9        57.356 9  25005051.695 9 131402391.683 9      1937.993 9        57.356 9
> 2026 02 03 10 02 55.0000000  0 17       0.000000000000
G02  20312135.538 9 106740971.559 9      -426.778 9        56.049 9                                                                  20312135.538 8 106740971.559 8      -426.778 8        53.049 8
G13  25204914.296 9 132452649.523 9      1177.459 9        54.174 9                                                                  25204914.296 8 132452649.523 8      1177.459 8        51.174 8
G29  24822393.457 9 130442510.725 9      3073.345 9        54.307 9                                                                  24822393.457 8 130442510.725 8      3073.345 8        51.307 8
G10  22302563.424 9 117200727.270 9      3212.049 9        55.237 9                                                                  22302563.424 8 117200727.270 8      3212.049 8        52.237 8
G12  20799886.694 9 109304119.527 9       102.687 9        55.843 9                                                                  20799886.694 8 109304119.527 8       102.687 8        52.843 8
G17  24755666.802 9 130091838.896 9     -2964.842 9        54.331 9                                                                  24755666.802 8 130091838.896 8     -2964.842 8        51.331 8
G24  24284932.964 9 127618136.021 9      3039.595 9        54.497 9                                                                  24284932.964 8 127618136.021 8      3039.595 8        51.497 8
G30  22539700.556 9 118446893.854 9      2275.397 9        55.145 9                                                                  22539700.556 8 118446893.854 8      2275.397 8        52.145 8
G05  21247446.152 9 111656058.415 9       602.398 9        55.658 9                                                                  21247446.152 8 111656058.415 8       602.398 8        52.658 8
G04  22001871.929 9 115620586.381 9     -2496.303 9        55.355 9                                                                  22001871.929 8 115620586.381 8     -2496.303 8        52.355 8
E04                                                                  23387181.578 9 122900435.479 9      -178.237 9        57.937 9  23387181.578 9 122900435.479 9      -178.237 9        57.937 9
E05                                                                  26178146.387 9 137567023.326 9     -2076.220 9        56.958 9  26178146.387 9 137567023.326 9     -2076.220 9        56.958 9
E11                                                                  26713766.123 9 140381723.806 9     -2434.817 9        56.782 9  26713766.123 9 140381723.806 9     -2434.817 9        56.782 9
E20                                                                  27901586.761 9 146623748.718 9     -1709.750 9        56.404 9  27901586.761 9 146623748.718 9     -1709.750 9        56.404 9
E09                                                                  24949324.801 9 131109537.785 9      2541.822 9        57.375 9  24949324.801 9 131109537.785 9      2541.822 9        57.375 9
E10                                                                  23770510.355 9 124914839.000 9       -48.385 9        57.796 9  23770510.355 9 124914839.000 9       -48.385 9        57.796 9
E03                                                                  25004682.916 9 131400453.737 9      1937.901 9        57.356 9  25004682.916 9 131400453.737 9      1937.901 9        57.356 9
> 2026 02 03 10 02 56.0000000  0 17       0.000000000000
G02  20312216.788 9 106741398.532 9      -427.168 9        56.049 9                                                                  20312216.788 8 106741398.532 8      -427.168 8        53.049 8
G13  25204690.277 9 132451472.299 9      1177.000 9        54.174 9                                                                  25204690.277 8 132451472.299 8      1177.000 8        51.174 8
G29  24821808.616 9 130439437.367 9      3073.369 9        54.307 9                                                                  24821808.616 8 130439437.367 8      3073.369 8        51.307 8
G10  22301952.222 9 117197515.389 9      3211.723 9        55.237 9                                                                  22301952.222 8 117197515.389 8      3211.723 8        52.237 8
G12  20799867.216 9 109304017.172 9       102.022 9        55.843 9                                                                  20799867.216 8 109304017.172 8       102.022 8        52.843 8
G17  24756231.003 9 130094803.783 9     -2964.965 9        54.330 9                                                                  24756231.003 8 130094803.783 8     -2964.965 8        51.330 8
G24  24284354.564 9 127615096.509 9      3039.429 9        54.498 9                                                                  24284354.564 8 127615096.509 8      3039.429 8        51.498 8
G30  22539267.609 9 118444618.704 9      2274.903 9        55.145 9                                                                  22539267.609 8 118444618.704 8      2274.903 8        52.145 8
G05  21247331.583 9 111655456.346 9       601.739 9        55.658 9                                                                  21247331.583 8 111655456.346 8       601.739 8        52.658 8
G04  22002346.977 9 115623082.769 9     -2496.485 9        55.355 9                                                                  22002346.977 8 115623082.769 8     -2496.485 8        52.355 8
E04                                                                  23387215.519 9 122900613.841 9      -178.487 9        57.937 9  23387215.519 9 122900613.841 9      -178.487 9        57.937 9
E05                                                                  26178541.494 9 137569099.621 9     -2076.390 9        56.958 9  26178541.494 9 137569099.621 9     -2076.390 9        56.958 9
E11                                                                  26714229.476 9 140384158.733 9     -2435.057 9        56.782 9  26714229.476 9 140384158.733 9     -2435.057 9        56.782 9
E20                                                                  27901912.144 9 146625458.612 9     -1710.052 9        56.404 9  27901912.144 9 146625458.612 9     -1710.052 9        56.404 9
E09                                                                  24948841.135 9 131106996.109 9      2541.540 9        57.375 9  24948841.135 9 131106996.109 9      2541.540 9        57.375 9
E10                                                                  23770519.607 9 124914887.620 9       -48.854 9        57.796 9  23770519.607 9 124914887.620 9       -48.854 9        57.796 9
E03                                                                  25004314.154 9 131398515.884 9      1937.808 9        57.356 9  25004314.154 9 131398515.884 9      1937.808 9        57.356 9
> 2026 02 03 10 02 57.0000000  0 17       0.000000000000
G02  20312298.113 9 106741825.894 9      -427.558 9        56.049 9                                                                  20312298.113 8 106741825.894 8      -427.558 8        53.049 8
G13  25204466.345 9 132450295.534 9      1176.541 9        54.175 9                                                                  25204466.345 8 132450295.534 8      1176.541 8        51.175 8
G29  24821223.770 9 130436363.985 9      3073.392 9        54.308 9                                                                  24821223.770 8 130436363.985 8      3073.392 8        51.308 8
G10  22301341.083 9 117194303.832 9      3211.398 9        55.237 9                                                                  22301341.083 8 117194303.832 8      3211.398 8        52.237 8
G12  20799847.865 9 109303915.481 9       101.357 9        55.843 9                                                                  20799847.865 8 109303915.481 8       101.357 8        52.843 8
G17  24756795.228 9 130097768.794 9     -2965.088 9        54.330 9                                                                  24756795.228 8 130097768.794 8     -2965.088 8        51.330 8
G24  24283776.195 9 127612057.165 9      3039.262 9        54.498 9                                                                  24283776.195 8 127612057.165 8      3039.262 8        51.498 8
G30  22538834.756 9 118442344.049 9      2274.408 9        55.145 9                                                                  22538834.756 8 118442344.049 8      2274.408 8        52.145 8
G05  21247217.138 9 111654854.936 9       601.080 9        55.658 9                                                                  21247217.138 8 111654854.936 8       601.080 8        52.658 8
G04  22002822.059 9 115625579.338 9     -2496.666 9        55.354 9                                                                  22002822.059 8 115625579.338 8     -2496.666 8        52.354 8
E04                                                                  23387249.508 9 122900792.452 9      -178.738 9        57.937 9  23387249.508 9 122900792.452 9      -178.738 9        57.937 9
E05                                                                  26178936.634 9 137571176.086 9     -2076.560 9        56.957 9  26178936.634 9 137571176.086 9     -2076.560 9        56.957 9
E11                                                                  26714692.875 9 140386593.900 9     -2435.296 9        56.781 9  26714692.875 9 140386593.900 9     -2435.296 9        56.781 9
E20                                                                  27902237.585 9 146627168.808 9     -1710.353 9        56.404 9  27902237.585 9 146627168.808 9     -1710.353 9        56.404 9
E09                                                                  24948357.523 9 131104454.715 9      2541.259 9        57.376 9  24948357.523 9 131104454.715 9      2541.259 9        57.376 9
E10                                                                  23770528.948 9 124914936.709 9       -49.324 9        57.796 9  23770528.948 9 124914936.709 9       -49.324 9        57.796 9
E03                                                                  25003945.410 9 131396578.122 9      1937.716 9        57.356 9  25003945.410 9 131396578.122 9      1937.716 9        57.356 9
> 2026 02 03 10 02 58.0000000  0 17       0.000000000000
G02  20312379.512 9 106742253.646 9      -427.949 9        56.049 9                                                                  20312379.512 8 106742253.646 8      -427.949 8        53.049 8
G13  25204242.501 9 132449119.229 9      1176.081 9        54.175 9                                                                  25204242.501 8 132449119.229 8      1176.081 8        51.175 8
G29  24820638.920 9 130433290.580 9      3073.416 9        54.308 9                                                                  24820638.920 8 130433290.580 8      3073.416 8        51.308 8
G10  22300730.005 9 117191092.601 9      3211.073 9        55.238 9                                                                  22300730.005 8 117191092.601 8      3211.073 8        52.238 8
G12  20799828.641 9 109303814.457 9       100.691 9        55.843 9                                                                  20799828.641 8 109303814.457 8       100.691 8        52.843 8
G17  24757359.477 9 130100733.927 9     -2965.211 9        54.330 9                                                                  24757359.477 8 130100733.927 8     -2965.211 8        51.330 8
G24  24283197.858 9 127609017.986 9      3039.095 9        54.498 9                                                                  24283197.858 8 127609017.986 8      3039.095 8        51.498 8
G30  22538401.998 9 118440069.887 9      2273.914 9        55.146 9                                                                  22538401.998 8 118440069.887 8      2273.914 8        52.146 8
G05  21247102.819 9 111654254.185 9       600.420 9        55.658 9                                                                  21247102.819 8 111654254.185 8       600.420 8        52.658 8
G04  22003297.176 9 115628076.089 9     -2496.848 9        55.354 9                                                                  22003297.176 8 115628076.089 8     -2496.848 8        52.354 8
E04                                                                  23387283.545 9 122900971.315 9      -178.988 9        57.937 9  23387283.545 9 122900971.315 9      -178.988 9        57.937 9
E05                                                                  26179331.806 9 137573252.721 9     -2076.730 9        56.957 9  26179331.806 9 137573252.721 9     -2076.730 9        56.957 9
E11                                                                  26715156.319 9 140389029.306 9     -2435.536 9        56.781 9  26715156.319 9 140389029.306 9     -2435.536 9        56.781 9
E20                                                                  27902563.084 9 146628879.306 9     -1710.655 9        56.404 9  27902563.084 9 146628879.306 9     -1710.655 9        56.404 9
E09                                                                  24947873.964 9 131101913.602 9      2540.977 9        57.376 9  24947873.964 9 131101913.602 9      2540.977 9        57.376 9
E10                                                                  23770538.379 9 124914986.268 9       -49.793 9        57.796 9  23770538.379 9 124914986.268 9       -49.793 9        57.796 9
E03                                                                  25003576.684 9 131394640.453 9      1937.624 9        57.356 9  25003576.684 9 131394640.453 9      1937.624 9        57.356 9
> 2026 02 03 10 02 59.0000000  0 17       0.000000000000
G02  20312460.985 9 106742681.789 9      -428.339 9        56.049 9                                                                  20312460.985 8 106742681.789 8      -428.339 8        53.049 8
G13  25204018.744 9 132447943.382 9      1175.622 9        54.175 9                                                                  25204018.744 8 132447943.382 8      1175.622 8        51.175 8
G29  24820054.066 9 130430217.151 9      3073.439 9        54.308 9                                                                  24820054.066 8 130430217.151 8      3073.439 8        51.308 8
G10  22300118.989 9 117187881.695 9      3210.747 9        55.238 9                                                                  22300118.989 8 117187881.695 8      3210.747 8        52.238 8
G12  20799809.544 9 109303714.097 9       100.026 9        55.843 9                                                                  20799809.544 8 109303714.097 8       100.026 8        52.843 8
G17  24757923.749 9 130103699.183 9     -2965.334 9        54.330 9                                                                  24757923.749 8 130103699.183 8     -2965.334 8        51.330 8
G24  24282619.553 9 127605978.974 9      3038.929 9        54.498 9                                                                  24282619.553 8 127605978.974 8      3038.929 8        51.498 8
G30  22537969.333 9 118437796.221 9      2273.420 9        55.146 9                                                                  22537969.333 8 118437796.221 8      2273.420 8        52.146 8
G05  21246988.626 9 111653654.094 9       599.761 9        55.658 9                                                                  21246988.626 8 111653654.094 8       599.761 8        52.658 8
G04  22003772.327 9 115630573.021 9     -2497.029 9        55.354 9                                                                  22003772.327 8 115630573.021 8     -2497.029 8        52.354 8
E04                                                                  23387317.629 9 122901150.427 9      -179.239 9        57.937 9  23387317.629 9 122901150.427 9      -179.239 9        57.937 9
E05                                                                  26179727.010 9 137575329.527 9     -2076.900 9        56.957 9  26179727.010 9 137575329.527 9     -2076.900 9        56.957 9
E11                                                                  26715619.808 9 140391464.953 9     -2435.775 9        56.781 9  26715619.808 9 140391464.953 9     -2435.775 9        56.781 9
E20                                                                  27902888.640 9 146630590.104 9     -1710.956 9        56.403 9  27902888.640 9 146630590.104 9     -1710.956 9        56.403 9
E09                                                                  24947390.459 9 131099372.770 9      2540.696 9        57.376 9  24947390.459 9 131099372.770 9      2540.696 9        57.376 9
E10                                                                  23770547.899 9 124915036.296 9       -50.262 9        57.796 9  23770547.899 9 124915036.296 9       -50.262 9        57.796 9
E03                                                                  25003207.974 9 131392702.875 9      1937.532 9        57.357 9  25003207.974 9 131392702.875 9      1937.532 9        57.357 9
> 2026 02 03 10 03  0.0000000  0 17       0.000000000000
G02  20312542.532 9 106743110.322 9      -428.729 9        56.049 9                                                                  20312542.532 8 106743110.322 8      -428.729 8        53.049 8
G13  25203795.075 9 132446767.995 9      1175.163 9        54.175 9                                                                  25203795.075 8 132446767.995 8      1175.163 8        51.175 8
G29  24819469.207 9 130427143.699 9      3073.463 9        54.308 9                                                                  24819469.207 8 130427143.699 8      3073.463 8        51.308 8
G10  22299508.035 9 117184671.114 9      3210.422 9        55.238 9                                                                  22299508.035 8 117184671.114 8      3210.422 8        52.238 8
G12  20799790.573 9 109303614.403 9        99.360 9        55.843 9                                                                  20799790.573 8 109303614.403 8        99.360 8        52.843 8
G17  24758488.045 9 130106664.563 9     -2965.458 9        54.330 9                                                                  24758488.045 8 130106664.563 8     -2965.458 8        51.330 8
G24  24282041.279 9 127602940.129 9      3038.762 9        54.498 9                                                                  24282041.279 8 127602940.129 8      3038.762 8        51.498 8
G30  22537536.762 9 118435523.048 9      2272.925 9        55.146 9                                                                  22537536.762 8 118435523.048 8      2272.925 8        52.146 8
G05  21246874.557 9 111653054.661 9       599.102 9        55.658 9                                                                  21246874.557 8 111653054.661 8       599.102 8        52.658 8
G04  22004247.513 9 115633070.134 9     -2497.211 9        55.354 9                                                                  22004247.513 8 115633070.134 8     -2497.211 8        52.354 8
E04                                                                  23387351.761 9 122901329.791 9      -179.489 9        57.937 9  23387351.761 9 122901329.791 9      -179.489 9        57.937 9
E05                                                                  26180122.247 9 137577406.502 9     -2077.070 9        56.957 9  26180122.247 9 137577406.502 9     -2077.070 9        56.957 9
E11                                                                  26716083.343 9 140393900.838 9     -2436.015 9        56.781 9  26716083.343 9 140393900.838 9     -2436.015 9        56.781 9
E20                                                                  27903214.253 9 146632301.205 9     -1711.258 9        56.403 9  27903214.253 9 146632301.205 9     -1711.258 9        56.403 9
E09                                                                  24946907.008 9 131096832.220 9      2540.414 9        57.376 9  24946907.008 9 131096832.220 9      2540.414 9        57.376 9
E10                                                                  23770557.508 9 124915086.793 9       -50.732 9        57.796 9  23770557.508 9 124915086.793 9       -50.732 9        57.796 9
E03                                                                  25002839.283 9 131390765.390 9      1937.440 9        57.357 9  25002839.283 9 131390765.390 9      1937.440 9        57.357 9
> 2026 02 03 10 03  1.0000000  0 17       0.000000000000
G02  20312624.154 9 106743539.244 9      -429.119 9        56.049 9                                                                  20312624.154 8 106743539.244 8      -429.119 8        53.049 8
G13  25203571.492 9 132445593.067 9      1174.703 9        54.175 9                                                                  25203571.492 8 132445593.067 8      1174.703 8        51.175 8
G29  24818884.343 9 130424070.223 9      3073.486 9        54.308 9                                                                  24818884.343 8 130424070.223 8      3073.486 8        51.308 8
G10  22298897.143 9 117181460.860 9      3210.096 9        55.238 9                                                                  22298897.143 8 117181460.860 8      3210.096 8        52.238 8
G12  20799771.728 9 109303515.374 9        98.695 9        55.843 9                                                                  20799771.728 8 109303515.374 8        98.695 8        52.843 8
G17  24759052.363 9 130109630.066 9     -2965.581 9        54.329 9                                                                  24759052.363 8 130109630.066 8     -2965.581 8        51.329 8
G24  24281463.037 9 127599901.451 9      3038.595 9        54.499 9                                                                  24281463.037 8 127599901.451 8      3038.595 8        51.499 8
G30  22537104.286 9 118433250.370 9      2272.430 9        55.146 9                                                                  22537104.286 8 118433250.370 8      2272.430 8        52.146 8
G05  21246760.615 9 111652455.888 9       598.443 9        55.658 9                                                                  21246760.615 8 111652455.888 8       598.443 8        52.658 8
G04  22004722.733 9 115635567.429 9     -2497.392 9        55.354 9                                                                  22004722.733 8 115635567.429 8     -2497.392 8        52.354 8
E04                                                                  23387385.940 9 122901509.404 9      -179.740 9        57.937 9  23387385.940 9 122901509.404 9      -179.740 9        57.937 9
E05                                                                  26180517.516 9 137579483.647 9     -2077.240 9        56.957 9  26180517.516 9 137579483.647 9     -2077.240 9        56.957 9
E11                                                                  26716546.924 9 140396336.963 9     -2436.254 9        56.781 9  26716546.924 9 140396336.963 9     -2436.254 9        56.781 9
E20                                                                  27903539.923 9 146634012.606 9     -1711.559 9        56.403 9  27903539.923 9 146634012.606 9     -1711.559 9        56.403 9
E09                                                                  24946423.610 9 131094291.952 9      2540.132 9        57.376 9  24946423.610 9 131094291.952 9      2540.132 9        57.376 9
E10                                                                  23770567.207 9 124915137.759 9       -51.201 9        57.796 9  23770567.207 9 124915137.759 9       -51.201 9        57.796 9
E03                                                                  25002470.609 9 131388827.998 9      1937.347 9        57.357 9  25002470.609 9 131388827.998 9      1937.347 9        57.357 9
> 2026 02 03 10 03  2.0000000  0 17       0.000000000000
G02  20312705.849 9 106743968.557 9      -429.509 9        56.049 9                                                                  20312705.849 8 106743968.557 8      -429.509 8        53.049 8
G13  25203347.998 9 132444418.599 9      1174.244 9        54.175 9                                                                  25203347.998 8 132444418.599 8      1174.244 8        51.175 8
G29  24818299.476 9 130420996.724 9      3073.510 9        54.309 9                                                                  24818299.476 8 130420996.724 8      3073.510 8        51.309 8
G10  22298286.313 9 117178250.930 9      3209.771 9        55.239 9                                                                  22298286.313 8 117178250.930 8      3209.771 8        52.239 8
G12  20799753.011 9 109303417.011 9        98.030 9        55.843 9                                                                  20799753.011 8 109303417.011 8        98.030 8        52.843 8
G17  24759616.706 9 130112595.692 9     -2965.704 9        54.329 9                                                                  24759616.706 8 130112595.692 8     -2965.704 8        51.329 8
G24  24280884.827 9 127596862.939 9      3038.429 9        54.499 9                                                                  24280884.827 8 127596862.939 8      3038.429 8        51.499 8
G30  22536671.903 9 118430978.187 9      2271.936 9        55.146 9                                                                  22536671.903 8 118430978.187 8      2271.936 8        52.146 8
G05  21246646.797 9 111651857.773 9       597.784 9        55.658 9                                                                  21246646.797 8 111651857.773 8       597.784 8        52.658 8
G04  22005197.988 9 115638064.905 9     -2497.573 9        55.354 9                                                                  22005197.988 8 115638064.905 8     -2497.573 8        52.354 8
E04                                                                  23387420.167 9 122901689.268 9      -179.990 9        57.937 9  23387420.167 9 122901689.268 9      -179.990 9        57.937 9
E05                                                                  26180912.818 9 137581560.963 9     -2077.410 9        56.957 9  26180912.818 9 137581560.963 9     -2077.410 9        56.957 9
E11                                                                  26717010.550 9 140398773.327 9     -2436.493 9        56.781 9  26717010.550 9 140398773.327 9     -2436.493 9        56.781 9
E20                                                                  27903865.651 9 146635724.309 9     -1711.860 9        56.403 9  27903865.651 9 146635724.309 9     -1711.860 9        56.403 9
E09                                                                  24945940.265 9 131091751.965 9      2539.851 9        57.376 9  24945940.265 9 131091751.965 9      2539.851 9        57.376 9
E10                                                                  23770576.994 9 124915189.195 9       -51.670 9        57.796 9  23770576.994 9 124915189.195 9       -51.670 9        57.796 9
E03                                                                  25002101.952 9 131386890.697 9      1937.255 9        57.357 9  25002101.952 9 131386890.697 9      1937.255 9        57.357 9
> 2026 02 03 10 03  3.0000000  0 17       0.000000000000
G02  20312787.619 9 106744398.260 9      -429.898 9        56.049 9                                                                  20312787.619 8 106744398.260 8      -429.898 8        53.049 8
G13  25203124.591 9 132443244.591 9      1173.784 9        54.175 9                                                                  25203124.591 8 132443244.591 8      1173.784 8        51.175 8
G29  24817714.603 9 130417923.202 9      3073.533 9        54.309 9                                                                  24817714.603 8 130417923.202 8      3073.533 8        51.309 8
G10  22297675.545 9 117175041.327 9      3209.445 9        55.239 9                                                                  22297675.545 8 117175041.327 8      3209.445 8        52.239 8
G12  20799734.419 9 109303319.313 9        97.364 9        55.843 9                                                                  20799734.419 8 109303319.313 8        97.364 8        52.843 8
G17  24760181.072 9 130115561.441 9     -2965.827 9        54.329 9                                                                  24760181.072 8 130115561.441 8     -2965.827 8        51.329 8
G24  24280306.648 9 127593824.594 9      3038.262 9        54.499 9                                                                  24280306.648 8 127593824.594 8      3038.262 8        51.499 8
G30  22536239.615 9 118428706.498 9      2271.441 9        55.146 9                                                                  22536239.615 8 118428706.498 8      2271.441 8        52.146 8
G05  21246533.106 9 111651260.318 9       597.124 9        55.658 9                                                                  21246533.106 8 111651260.318 8       597.124 8        52.658 8
G04  22005673.277 9 115640562.561 9     -2497.754 9        55.353 9                                                                  22005673.277 8 115640562.561 8     -2497.754 8        52.353 8
E04                                                                  23387454.442 9 122901869.383 9      -180.241 9        57.937 9  23387454.442 9 122901869.383 9      -180.241 9        57.937 9
E05                                                                  26181308.151 9 137583638.448 9     -2077.580 9        56.957 9  26181308.151 9 137583638.448 9     -2077.580 9        56.957 9
E11                                                                  26717474.222 9 140401209.930 9     -2436.732 9        56.781 9  26717474.222 9 140401209.930 9     -2436.732 9        56.781 9
E20                                                                  27904191.436 9 146637436.313 9     -1712.161 9        56.403 9  27904191.436 9 146637436.313 9     -1712.161 9        56.403 9
E09                                                                  24945456.975 9 131089212.260 9      2539.569 9        57.377 9  24945456.975 9 131089212.260 9      2539.569 9        57.377 9
E10                                                                  23770586.872 9 124915241.100 9       -52.139 9        57.796 9  23770586.872 9 124915241.100 9       -52.139 9        57.796 9
E03                                                                  25001733.313 9 131384953.489 9      1937.163 9        57.357 9  25001733.313 9 131384953.489 9      1937.163 9        57.357 9
> 2026 02 03 10 03  4.0000000  0 17       0.000000000000
G02  20312869.463 9 106744828.352 9      -430.288 9        56.049 9                                                                  20312869.463 8 106744828.352 8      -430.288 8        53.049 8
G13  25202901.271 9 132442071.042 9      1173.324 9        54.175 9                                                                  25202901.271 8 132442071.042 8      1173.324 8        51.175 8
G29  24817129.727 9 130414849.657 9      3073.556 9        54.309 9                                                                  24817129.727 8 130414849.657 8      3073.556 8        51.309 8
G10  22297064.839 9 117171832.049 9      3209.119 9        55.239 9                                                                  22297064.839 8 117171832.049 8      3209.119 8        52.239 8
G12  20799715.955 9 109303222.281 9        96.699 9        55.843 9                                                                  20799715.955 8 109303222.281 8        96.699 8        52.843 8
G17  24760745.461 9 130118527.313 9     -2965.950 9        54.329 9                                                                  24760745.461 8 130118527.313 8     -2965.950 8        51.329 8
G24  24279728.502 9 127590786.416 9      3038.095 9        54.499 9                                                                  24279728.502 8 127590786.416 8      3038.095 8        51.499 8
G30  22535807.421 9 118426435.304 9      2270.946 9        55.147 9                                                                  22535807.421 8 118426435.304 8      2270.946 8        52.147 8
G05  21246419.539 9 111650663.523 9       596.465 9        55.658 9                                                                  21246419.539 8 111650663.523 8       596.465 8        52.658 8
G04  22006148.601 9 115643060.400 9     -2497.935 9        55.353 9                                                                  22006148.601 8 115643060.400 8     -2497.935 8        52.353 8
E04                                                                  23387488.764 9 122902049.748 9      -180.491 9        57.937 9  23387488.764 9 122902049.748 9      -180.491 9        57.937 9
E05                                                                  26181703.518 9 137585716.103 9     -2077.750 9        56.957 9  26181703.518 9 137585716.103 9     -2077.750 9        56.957 9
E11                                                                  26717937.939 9 140403646.773 9     -2436.971 9        56.780 9  26717937.939 9 140403646.773 9     -2436.971 9        56.780 9
E20                                                                  27904517.279 9 146639148.618 9     -1712.462 9        56.403 9  27904517.279 9 146639148.618 9     -1712.462 9        56.403 9
E09                                                                  24944973.738 9 131086672.837 9      2539.287 9        57.377 9  24944973.738 9 131086672.837 9      2539.287 9        57.377 9
E10                                                                  23770596.838 9 124915293.474 9       -52.609 9        57.796 9  23770596.838 9 124915293.474 9       -52.609 9        57.796 9
E03                                                                  25001364.692 9 131383016.373 9      1937.071 9        57.357 9  25001364.692 9 131383016.373 9      1937.071 9        57.357 9
> 2026 02 03 10 03  5.0000000  0 17       0.000000000000
G02  20312951.381 9 106745258.834 9      -430.678 9        56.049 9                                                                  20312951.381 8 106745258.834 8      -430.678 8        53.049 8
G13  25202678.039 9 132440897.952 9      1172.865 9        54.175 9                                                                  25202678.039 8 132440897.952 8      1172.865 8        51.175 8
G29  24816544.846 9 130411776.088 9      3073.579 9        54.309 9                                                                  24816544.846 8 130411776.088 8      3073.579 8        51.309 8
G10  22296454.195 9 117168623.098 9      3208.793 9        55.239 9                                                                  22296454.195 8 117168623.098 8      3208.793 8        52.239 8
G12  20799697.617 9 109303125.914 9        96.033 9        55.843 9                                                                  20799697.617 8 109303125.914 8        96.033 8        52.843 8
G17  24761309.873 9 130121493.308 9     -2966.073 9        54.329 9                                                                  24761309.873 8 130121493.308 8     -2966.073 8        51.329 8
G24  24279150.387 9 127587748.405 9      3037.928 9        54.499 9                                                                  24279150.387 8 127587748.405 8      3037.928 8        51.499 8
G30  22535375.321 9 118424164.606 9      2270.451 9        55.147 9                                                                  22535375.321 8 118424164.606 8      2270.451 8        52.147 8
G05  21246306.098 9 111650067.386 9       595.806 9        55.658 9                                                                  21246306.098 8 111650067.386 8       595.806 8        52.658 8
G04  22006623.959 9 115645558.418 9     -2498.116 9        55.353 9                                                                  22006623.959 8 115645558.418 8     -2498.116 8        52.353 8
E04                                                                  23387523.135 9 122902230.364 9      -180.742 9        57.937 9  23387523.135 9 122902230.364 9      -180.742 9        57.937 9
E05                                                                  26182098.916 9 137587793.929 9     -2077.920 9        56.956 9  26182098.916 9 137587793.929 9     -2077.920 9        56.956 9
E11                                                                  26718401.701 9 140406083.854 9     -2437.211 9        56.780 9  26718401.701 9 140406083.854 9     -2437.211 9        56.780 9
E20                                                                  27904843.179 9 146640861.224 9     -1712.763 9        56.403 9  27904843.179 9 146640861.224 9     -1712.763 9        56.403 9
E09                                                                  24944490.554 9 131084133.696 9      2539.005 9        57.377 9  24944490.554 9 131084133.696 9      2539.005 9        57.377 9
E10                                                                  23770606.894 9 124915346.318 9       -53.078 9        57.796 9  23770606.894 9 124915346.318 9       -53.078 9        57.796 9
E03                                                                  25000996.088 9 131381079.350 9      1936.978 9        57.357 9  25000996.088 9 131381079.350 9      1936.978 9        57.357 9
> 2026 02 03 10 03  6.0000000  0 17       0.000000000000
G02  20313033.374 9 106745689.706 9      -431.068 9        56.049 9                                                                  20313033.374 8 106745689.706 8      -431.068 8        53.049 8
G13  25202454.894 9 132439725.323 9      1172.405 9        54.175 9                                                                  25202454.894 8 132439725.323 8      1172.405 8        51.175 8
G29  24815959.960 9 130408702.496 9      3073.603 9        54.309 9                                                                  24815959.960 8 130408702.496 8      3073.603 8        51.309 8
G10  22295843.613 9 117165414.472 9      3208.467 9        55.240 9                                                                  22295843.613 8 117165414.472 8      3208.467 8        52.240 8
G12  20799679.406 9 109303030.213 9        95.368 9        55.843 9                                                                  20799679.406 8 109303030.213 8        95.368 8        52.843 8
G17  24761874.309 9 130124459.426 9     -2966.196 9        54.328 9                                                                  24761874.309 8 130124459.426 8     -2966.196 8        51.328 8
G24  24278572.303 9 127584710.560 9      3037.762 9        54.500 9                                                                  24278572.303 8 127584710.560 8      3037.762 8        51.500 8
G30  22534943.315 9 118421894.402 9      2269.956 9        55.147 9                                                                  22534943.315 8 118421894.402 8      2269.956 8        52.147 8
G05  21246192.783 9 111649471.909 9       595.147 9        55.658 9                                                                  21246192.783 8 111649471.909 8       595.147 8        52.658 8
G04  22007099.352 9 115648056.619 9     -2498.297 9        55.353 9                                                                  22007099.352 8 115648056.619 8     -2498.297 8        52.353 8
E04                                                                  23387557.553 9 122902411.231 9      -180.993 9        57.937 9  23387557.553 9 122902411.231 9      -180.993 9        57.937 9
E05                                                                  26182494.347 9 137589871.925 9     -2078.091 9        56.956 9  26182494.347 9 137589871.925 9     -2078.091 9        56.956 9
E11                                                                  26718865.510 9 140408521.175 9     -2437.450 9        56.780 9  26718865.510 9 140408521.175 9     -2437.450 9        56.780 9
E20                                                                  27905169.136 9 146642574.131 9     -1713.064 9        56.403 9  27905169.136 9 146642574.131 9     -1713.064 9        56.403 9
E09                                                                  24944007.424 9 131081594.836 9      2538.724 9        57.377 9  24944007.424 9 131081594.836 9      2538.724 9        57.377 9
E10                                                                  23770617.039 9 124915399.630 9       -53.547 9        57.796 9  23770617.039 9 124915399.630 9       -53.547 9        57.796 9
E03                                                                  25000627.502 9 131379142.418 9      1936.886 9        57.357 9  25000627.502 9 131379142.418 9      1936.886 9        57.357 9
> 2026 02 03 10 03  7.0000000  0 17       0.000000000000
G02  20313115.440 9 106746120.968 9      -431.458 9        56.049 9                                                                  20313115.440 8 106746120.968 8      -431.458 8        53.049 8
G13  25202231.837 9 132438553.153 9      1171.945 9        54.175 9                                                                  25202231.837 8 132438553.153 8      1171.945 8        51.175 8
G29  24815375.070 9 130405628.881 9      3073.626 9        54.310 9                                                                  24815375.070 8 130405628.881 8      3073.626 8        51.310 8
G10  22295233.093 9 117162206.173 9      3208.140 9        55.240 9                                                                  22295233.093 8 117162206.173 8      3208.140 8        52.240 8
G12  20799661.321 9 109302935.177 9        94.702 9        55.843 9                                                                  20799661.321 8 109302935.177 8        94.702 8        52.843 8
G17  24762438.769 9 130127425.668 9     -2966.319 9        54.328 9                                                                  24762438.769 8 130127425.668 8     -2966.319 8        51.328 8
G24  24277994.252 9 127581672.883 9      3037.595 9        54.500 9                                                                  24277994.252 8 127581672.883 8      3037.595 8        51.500 8
G30  22534511.404 9 118419624.693 9      2269.461 9        55.147 9                                                                  22534511.404 8 118419624.693 8      2269.461 8        52.147 8
G05  21246079.593 9 111648877.092 9       594.487 9        55.658 9                                                                  21246079.593 8 111648877.092 8       594.487 8        52.658 8
G04  22007574.779 9 115650554.999 9     -2498.478 9        55.353 9                                                                  22007574.779 8 115650554.999 8     -2498.478 8        52.353 8
E04                                                                  23387592.018 9 122902592.348 9      -181.243 9        57.937 9  23387592.018 9 122902592.348 9      -181.243 9        57.937 9
E05                                                                  26182889.810 9 137591950.090 9     -2078.261 9        56.956 9  26182889.810 9 137591950.090 9     -2078.261 9        56.956 9
E11                                                                  26719329.363 9 140410958.734 9     -2437.688 9        56.780 9  26719329.363 9 140410958.734 9     -2437.688 9        56.780 9
E20                                                                  27905495.150 9 146644287.339 9     -1713.365 9        56.403 9  27905495.150 9 146644287.339 9     -1713.365 9        56.403 9
E09                                                                  24943524.348 9 131079056.258 9      2538.442 9        57.377 9  24943524.348 9 131079056.258 9      2538.442 9        57.377 9
E10                                                                  23770627.273 9 124915453.412 9       -54.016 9        57.796 9  23770627.273 9 124915453.412 9       -54.016 9        57.796 9
E03                                                                  25000258.934 9 131377205.580 9      1936.793 9        57.358 9  25000258.934 9 131377205.580 9      1936.793 9        57.358 9
> 2026 02 03 10 03  8.0000000  0 17       0.000000000000
G02  20313197.581 9 106746552.620 9      -431.847 9        56.048 9                                                                  20313197.581 8 106746552.620 8      -431.847 8        53.048 8
G13  25202008.867 9 132437381.444 9      1171.485 9        54.175 9                                                                  25202008.867 8 132437381.444 8      1171.485 8        51.175 8
G29  24814790.176 9 130402555.242 9      3073.649 9        54.310 9                                                                  24814790.176 8 130402555.242 8      3073.649 8        51.310 8
G10  22294622.636 9 117158998.200 9      3207.814 9        55.240 9                                                                  22294622.636 8 117158998.200 8      3207.814 8        52.240 8
G12  20799643.363 9 109302840.806 9        94.037 9        55.843 9                                                                  20799643.363 8 109302840.806 8        94.037 8        52.843 8
G17  24763003.252 9 130130392.032 9     -2966.442 9        54.328 9                                                                  24763003.252 8 130130392.032 8     -2966.442 8        51.328 8
G24  24277416.232 9 127578635.372 9      3037.428 9        54.500 9                                                                  24277416.232 8 127578635.372 8      3037.428 8        51.500 8
G30  22534079.586 9 118417355.479 9      2268.966 9        55.147 9                                                                  22534079.586 8 118417355.479 8      2268.966 8        52.147 8
G05  21245966.528 9 111648282.933 9       593.828 9        55.659 9                                                                  21245966.528 8 111648282.933 8       593.828 8        52.659 8
G04  22008050.240 9 115653053.561 9     -2498.659 9        55.352 9                                                                  22008050.240 8 115653053.561 8     -2498.659 8        52.352 8
E04                                                                  23387626.531 9 122902773.715 9      -181.494 9        57.937 9  23387626.531 9 122902773.715 9      -181.494 9        57.937 9
E05                                                                  26183285.306 9 137594028.426 9     -2078.431 9        56.956 9  26183285.306 9 137594028.426 9     -2078.431 9        56.956 9
E11                                                                  26719793.262 9 140413396.532 9     -2437.927 9        56.780 9  26719793.262 9 140413396.532 9     -2437.927 9        56.780 9
E20                                                                  27905821.221 9 146646000.848 9     -1713.666 9        56.403 9  27905821.221 9 146646000.848 9     -1713.666 9        56.403 9
E09                                                                  24943041.325 9 131076517.963 9      2538.160 9        57.377 9  24943041.325 9 131076517.963 9      2538.160 9        57.377 9
E10                                                                  23770637.597 9 124915507.663 9       -54.485 9        57.796 9  23770637.597 9 124915507.663 9       -54.485 9        57.796 9
E03                                                                  24999890.383 9 131375268.833 9      1936.701 9        57.358 9  24999890.383 9 131375268.833 9      1936.701 9        57.358 9
> 2026 02 03 10 03  9.0000000  0 17       0.000000000000
G02  20313279.796 9 106746984.661 9      -432.237 9        56.048 9                                                                  20313279.796 8 106746984.661 8      -432.237 8        53.048 8
G13  25201785.985 9 132436210.194 9      1171.025 9        54.175 9                                                                  25201785.985 8 132436210.194 8      1171.025 8        51.175 8
G29  24814205.277 9 130399481.581 9      3073.672 9        54.310 9                                                                  24814205.277 8 130399481.581 8      3073.672 8        51.310 8
G10  22294012.240 9 117155790.553 9      3207.488 9        55.240 9                                                                  22294012.240 8 117155790.553 8      3207.488 8        52.240 8
G12  20799625.532 9 109302747.101 9        93.371 9        55.843 9                                                                  20799625.532 8 109302747.101 8        93.371 8        52.843 8
G17  24763567.758 9 130133358.519 9     -2966.565 9        54.328 9                                                                  24763567.758 8 130133358.519 8     -2966.565 8        51.328 8
G24  24276838.244 9 127575598.028 9      3037.261 9        54.500 9                                                                  24276838.244 8 127575598.028 8      3037.261 8        51.500 8
G30  22533647.863 9 118415086.760 9      2268.471 9        55.147 9                                                                  22533647.863 8 118415086.760 8      2268.471 8        52.147 8
G05  21245853.589 9 111647689.434 9       593.168 9        55.659 9                                                                  21245853.589 8 111647689.434 8       593.168 8        52.659 8
G04  22008525.736 9 115655552.304 9     -2498.839 9        55.352 9                                                                  22008525.736 8 115655552.304 8     -2498.839 8        52.352 8
E04                                                                  23387661.092 9 122902955.334 9      -181.745 9        57.937 9  23387661.092 9 122902955.334 9      -181.745 9        57.937 9
E05                                                                  26183680.834 9 137596106.932 9     -2078.601 9        56.956 9  26183680.834 9 137596106.932 9     -2078.601 9        56.956 9
E11                                                                  26720257.207 9 140415834.570 9     -2438.166 9        56.780 9  26720257.207 9 140415834.570 9     -2438.166 9        56.780 9
E20                                                                  27906147.350 9 146647714.658 9     -1713.966 9        56.402 9  27906147.350 9 146647714.658 9     -1713.966 9        56.402 9
E09                                                                  24942558.356 9 131073979.949 9      2537.878 9        57.378 9  24942558.356 9 131073979.949 9      2537.878 9        57.378 9
E10                                                                  23770648.010 9 124915562.383 9       -54.955 9        57.796 9  23770648.010 9 124915562.383 9       -54.955 9        57.796 9
E03                                                                  24999521.849 9 131373332.179 9      1936.608 9        57.358 9  24999521.849 9 131373332.179 9      1936.608 9        57.358 9
> 2026 02 03 10 03 10.0000000  0 17       0.000000000000
G02  20313362.085 9 106747417.092 9      -432.627 9        56.048 9                                                                  20313362.085 8 106747417.092 8      -432.627 8        53.048 8
G13  25201563.190 9 132435039.404 9      1170.565 9        54.176 9                                                                  25201563.190 8 132435039.404 8      1170.565 8        51.176 8
G29  24813620.374 9 130396407.896 9      3073.695 9        54.310 9                                                                  24813620.374 8 130396407.896 8      3073.695 8        51.310 8
G10  22293401.906 9 117152583.233 9      3207.161 9        55.241 9                                                                  22293401.906 8 117152583.233 8      3207.161 8        52.241 8
G12  20799607.828 9 109302654.062 9        92.706 9        55.843 9                                                                  20799607.828 8 109302654.062 8        92.706 8        52.843 8
G17  24764132.288 9 130136325.130 9     -2966.688 9        54.328 9                                                                  24764132.288 8 130136325.130 8     -2966.688 8        51.328 8
G24  24276260.288 9 127572560.851 9      3037.094 9        54.500 9                                                                  24276260.288 8 127572560.851 8      3037.094 8        51.500 8
G30  22533216.234 9 118412818.537 9      2267.976 9        55.148 9                                                                  22533216.234 8 118412818.537 8      2267.976 8        52.148 8
G05  21245740.776 9 111647096.595 9       592.509 9        55.659 9                                                                  21245740.776 8 111647096.595 8       592.509 8        52.659 8
G04  22009001.266 9 115658051.227 9     -2499.020 9        55.352 9                                                                  22009001.266 8 115658051.227 8     -2499.020 8        52.352 8
E04                                                                  23387695.701 9 122903137.203 9      -181.995 9        57.937 9  23387695.701 9 122903137.203 9      -181.995 9        57.937 9
E05                                                                  26184076.394 9 137598185.607 9     -2078.771 9        56.956 9  26184076.394 9 137598185.607 9     -2078.771 9        56.956 9
E11                                                                  26720721.197 9 140418272.846 9     -2438.405 9        56.780 9  26720721.197 9 140418272.846 9     -2438.405 9        56.780 9
E20                                                                  27906473.536 9 146649428.768 9     -1714.267 9        56.402 9  27906473.536 9 146649428.768 9     -1714.267 9        56.402 9
E09                                                                  24942075.441 9 131071442.217 9      2537.595 9        57.378 9  24942075.441 9 131071442.217 9      2537.595 9        57.378 9
E10                                                                  23770658.512 9 124915617.572 9       -55.424 9        57.796 9  23770658.512 9 124915617.572 9       -55.424 9        57.796 9
E03                                                                  24999153.334 9 131371395.618 9      1936.516 9        57.358 9  24999153.334 9 131371395.618 9      1936.516 9        57.358 9
> 2026 02 03 10 03 11.0000000  0 17       0.000000000000
G02  20313444.448 9 106747849.912 9      -433.016 9        56.048 9                                                                  20313444.448 8 106747849.912 8      -433.016 8        53.048 8
G13  25201340.483 9 132433869.075 9      1170.105 9        54.176 9                                                                  25201340.483 8 132433869.075 8      1170.105 8        51.176 8
G29  24813035.466 9 130393334.188 9      3073.718 9        54.310 9                                                                  24813035.466 8 130393334.188 8      3073.718 8        51.310 8
G10  22292791.635 9 117149376.240 9      3206.835 9        55.241 9                                                                  22292791.635 8 117149376.240 8      3206.835 8        52.241 8
G12  20799590.250 9 109302561.688 9        92.040 9        55.843 9                                                                  20799590.250 8 109302561.688 8        92.040 8        52.843 8
G17  24764696.841 9 130139291.863 9     -2966.811 9        54.327 9                                                                  24764696.841 8 130139291.863 8     -2966.811 8        51.327 8
G24  24275682.363 9 127569523.841 9      3036.927 9        54.501 9                                                                  24275682.363 8 127569523.841 8      3036.927 8        51.501 8
G30  22532784.700 9 118410550.809 9      2267.480 9        55.148 9                                                                  22532784.700 8 118410550.809 8      2267.480 8        52.148 8
G05  21245628.088 9 111646504.415 9       591.849 9        55.659 9                                                                  21245628.088 8 111646504.415 8       591.849 8        52.659 8
G04  22009476.831 9 115660550.331 9     -2499.201 9        55.352 9                                                                  22009476.831 8 115660550.331 8     -2499.201 8        52.352 8
E04                                                                  23387730.357 9 122903319.323 9      -182.246 9        57.937 9  23387730.357 9 122903319.323 9      -182.246 9        57.937 9
E05                                                                  26184471.987 9 137600264.453 9     -2078.941 9        56.956 9  26184471.987 9 137600264.453 9     -2078.941 9        56.956 9
E11                                                                  26721185.232 9 140420711.360 9     -2438.643 9        56.779 9  26721185.232 9 140420711.360 9     -2438.643 9        56.779 9
E20                                                                  27906799.779 9 146651143.179 9     -1714.568 9        56.402 9  27906799.779 9 146651143.179 9     -1714.568 9        56.402 9
E09                                                                  24941592.580 9 131068904.768 9      2537.313 9        57.378 9  24941592.580 9 131068904.768 9      2537.313 9        57.378 9
E10                                                                  23770669.103 9 124915673.231 9       -55.893 9        57.796 9  23770669.103 9 124915673.231 9       -55.893 9        57.796 9
E03                                                                  24998784.836 9 131369459.150 9      1936.423 9        57.358 9  24998784.836 9 131369459.150 9      1936.423 9        57.358 9
> 2026 02 03 10 03 12.0000000  0 17       0.000000000000
G02  20313526.886 9 106748283.122 9      -433.406 9        56.048 9                                                                  20313526.886 8 106748283.122 8      -433.406 8        53.048 8
G13  25201117.864 9 132432699.206 9      1169.644 9        54.176 9                                                                  25201117.864 8 132432699.206 8      1169.644 8        51.176 8
G29  24812450.554 9 130390260.457 9      3073.742 9        54.311 9                                                                  24812450.554 8 130390260.457 8      3073.742 8        51.311 8
G10  22292181.426 9 117146169.573 9      3206.508 9        55.241 9                                                                  22292181.426 8 117146169.573 8      3206.508 8        52.241 8
G12  20799572.798 9 109302469.980 9        91.375 9        55.843 9                                                                  20799572.798 8 109302469.980 8        91.375 8        52.843 8
G17  24765261.417 9 130142258.719 9     -2966.934 9        54.327 9                                                                  24765261.417 8 130142258.719 8     -2966.934 8        51.327 8
G24  24275104.471 9 127566486.998 9      3036.760 9        54.501 9                                                                  24275104.471 8 127566486.998 8      3036.760 8        51.501 8
G30  22532353.259 9 118408283.577 9      2266.985 9        55.148 9                                                                  22532353.259 8 118408283.577 8      2266.985 8        52.148 8
G05  21245515.525 9 111645912.894 9       591.190 9        55.659 9                                                                  21245515.525 8 111645912.894 8       591.190 8        52.659 8
G04  22009952.430 9 115663049.616 9     -2499.381 9        55.352 9                                                                  22009952.430 8 115663049.616 8     -2499.381 8        52.352 8
E04                                                                  23387765.062 9 122903501.694 9      -182.497 9        57.937 9  23387765.062 9 122903501.694 9      -182.497 9        57.937 9
E05                                                                  26184867.612 9 137602343.469 9     -2079.111 9        56.955 9  26184867.612 9 137602343.469 9     -2079.111 9        56.955 9
E11                                                                  26721649.313 9 140423150.113 9     -2438.882 9        56.779 9  26721649.313 9 140423150.113 9     -2438.882 9        56.779 9
E20                                                                  27907126.080 9 146652857.890 9     -1714.868 9        56.402 9  27907126.080 9 146652857.890 9     -1714.868 9        56.402 9
E09                                                                  24941109.772 9 131066367.601 9      2537.031 9        57.378 9  24941109.772 9 131066367.601 9      2537.031 9        57.378 9
E10                                                                  23770679.784 9 124915729.358 9       -56.362 9        57.796 9  23770679.784 9 124915729.358 9       -56.362 9        57.796 9
E03                                                                  24998416.355 9 131367522.774 9      1936.330 9        57.358 9  24998416.355 9 131367522.774 9      1936.330 9        57.358 9
> 2026 02 03 10 03 13.0000000  0 17       0.000000000000
G02  20313609.397 9 106748716.722 9      -433.795 9        56.048 9                                                                  20313609.397 8 106748716.722 8      -433.795 8        53.048 8
G13  25200895.332 9 132431529.797 9      1169.184 9        54.176 9                                                                  25200895.332 8 132431529.797 8      1169.184 8        51.176 8
G29  24811865.638 9 130387186.703 9      3073.764 9        54.311 9                                                                  24811865.638 8 130387186.703 8      3073.764 8        51.311 8
G10  22291571.279 9 117142963.233 9      3206.181 9        55.241 9                                                                  22291571.279 8 117142963.233 8      3206.181 8        52.241 8
G12  20799555.474 9 109302378.937 9        90.709 9        55.843 9                                                                  20799555.474 8 109302378.937 8        90.709 8        52.843 8
G17  24765826.017 9 130145225.698 9     -2967.057 9        54.327 9                                                                  24765826.017 8 130145225.698 8     -2967.057 8        51.327 8
G24  24274526.610 9 127563450.322 9      3036.593 9        54.501 9                                                                  24274526.610 8 127563450.322 8      3036.593 8        51.501 8
G30  22531921.913 9 118406016.840 9      2266.489 9        55.148 9                                                                  22531921.913 8 118406016.840 8      2266.489 8        52.148 8
G05  21245403.088 9 111645322.033 9       590.530 9        55.659 9                                                                  21245403.088 8 111645322.033 8       590.530 8        52.659 8
G04  22010428.063 9 115665549.081 9     -2499.562 9        55.351 9                                                                  22010428.063 8 115665549.081 8     -2499.562 8        52.351 8
E04                                                                  23387799.813 9 122903684.315 9      -182.748 9        57.937 9  23387799.813 9 122903684.315 9      -182.748 9        57.937 9
E05                                                                  26185263.270 9 137604422.655 9     -2079.281 9        56.955 9  26185263.270 9 137604422.655 9     -2079.281 9        56.955 9
E11                                                                  26722113.439 9 140425589.105 9     -2439.121 9        56.779 9  26722113.439 9 140425589.105 9     -2439.121 9        56.779 9
E20                                                                  27907452.437 9 146654572.902 9     -1715.169 9        56.402 9  27907452.437 9 146654572.902 9     -1715.169 9        56.402 9
E09                                                                  24940627.018 9 131063830.715 9      2536.749 9        57.378 9  24940627.018 9 131063830.715 9      2536.749 9        57.378 9
E10                                                                  23770690.554 9 124915785.955 9       -56.831 9        57.796 9  23770690.554 9 124915785.955 9       -56.831 9        57.796 9
E03                                                                  24998047.892 9 131365586.490 9      1936.238 9        57.358 9  24998047.892 9 131365586.490 9      1936.238 9        57.358 9
> 2026 02 03 10 03 14.0000000  0 17       0.000000000000
G02  20313691.983 9 106749150.711 9      -434.185 9        56.048 9                                                                  20313691.983 8 106749150.711 8      -434.185 8        53.048 8
G13  25200672.887 9 132430360.848 9      1168.724 9        54.176 9                                                                  25200672.887 8 132430360.848 8      1168.724 8        51.176 8
G29  24811280.717 9 130384112.926 9      3073.788 9        54.311 9                                                                  24811280.717 8 130384112.926 8      3073.788 8        51.311 8
G10  22290961.194 9 117139757.219 9      3205.854 9        55.241 9                                                                  22290961.194 8 117139757.219 8      3205.854 8        52.241 8
G12  20799538.275 9 109302288.560 9        90.043 9        55.843 9                                                                  20799538.275 8 109302288.560 8        90.043 8        52.843 8
G17  24766390.640 9 130148192.800 9     -2967.180 9        54.327 9                                                                  24766390.640 8 130148192.800 8     -2967.180 8        51.327 8
G24  24273948.781 9 127560413.813 9      3036.426 9        54.501 9                                                                  24273948.781 8 127560413.813 8      3036.426 8        51.501 8
G30  22531490.662 9 118403750.599 9      2265.993 9        55.148 9                                                                  22531490.662 8 118403750.599 8      2265.993 8        52.148 8
G05  21245290.777 9 111644731.832 9       589.871 9        55.659 9                                                                  21245290.777 8 111644731.832 8       589.871 8        52.659 8
G04  22010903.731 9 115668048.727 9     -2499.743 9        55.351 9                                                                  22010903.731 8 115668048.727 8     -2499.743 8        52.351 8
E04                                                                  23387834.613 9 122903867.188 9      -182.999 9        57.937 9  23387834.613 9 122903867.188 9      -182.999 9        57.937 9
E05                                                                  26185658.959 9 137606502.011 9     -2079.451 9        56.955 9  26185658.959 9 137606502.011 9     -2079.451 9        56.955 9
E11                                                                  26722577.611 9 140428028.336 9     -2439.359 9        56.779 9  26722577.611 9 140428028.336 9     -2439.359 9        56.779 9
E20                                                                  27907778.852 9 146656288.215 9     -1715.469 9        56.402 9  27907778.852 9 146656288.215 9     -1715.469 9        56.402 9
E09                                                                  24940144.317 9 131061294.113 9      2536.467 9        57.378 9  24940144.317 9 131061294.113 9      2536.467 9        57.378 9
E10                                                                  23770701.413 9 124915843.020 9       -57.300 9        57.796 9  23770701.413 9 124915843.020 9       -57.300 9        57.796 9
E03                                                                  24997679.447 9 131363650.300 9      1936.145 9        57.358 9  24997679.447 9 131363650.300 9      1936.145 9        57.358 9
> 2026 02 03 10 03 15.0000000  0 17       0.000000000000
G02  20313774.642 9 106749585.089 9      -434.574 9        56.048 9                                                                  20313774.642 8 106749585.089 8      -434.574 8        53.048 8
G13  25200450.531 9 132429192.360 9      1168.263 9        54.176 9                                                                  25200450.531 8 132429192.360 8      1168.263 8        51.176 8
G29  24810695.792 9 130381039.126 9      3073.810 9        54.311 9                                                                  24810695.792 8 130381039.126 8      3073.810 8        51.311 8
G10  22290351.171 9 117136551.533 9      3205.527 9        55.242 9                                                                  22290351.171 8 117136551.533 8      3205.527 8        52.242 8
G12  20799521.204 9 109302198.848 9        89.378 9        55.843 9                                                                  20799521.204 8 109302198.848 8        89.378 8        52.843 8
G17  24766955.287 9 130151160.025 9     -2967.303 9        54.327 9                                                                  24766955.287 8 130151160.025 8     -2967.303 8        51.327 8
G24  24273370.983 9 127557377.471 9      3036.259 9        54.501 9                                                                  24273370.983 8 127557377.471 8      3036.259 8        51.501 8
G30  22531059.504 9 118401484.853 9      2265.497 9        55.148 9                                                                  22531059.504 8 118401484.853 8      2265.497 8        52.148 8
G05  21245178.591 9 111644142.290 9       589.211 9        55.659 9                                                                  21245178.591 8 111644142.290 8       589.211 8        52.659 8
G04  22011379.433 9 115670548.553 9     -2499.923 9        55.351 9                                                                  22011379.433 8 115670548.553 8     -2499.923 8        52.351 8
E04                                                                  23387869.460 9 122904050.311 9      -183.249 9        57.937 9  23387869.460 9 122904050.311 9      -183.249 9        57.937 9
E05                                                                  26186054.681 9 137608581.537 9     -2079.621 9        56.955 9  26186054.681 9 137608581.537 9     -2079.621 9        56.955 9
E11                                                                  26723041.828 9 140430467.804 9     -2439.597 9        56.779 9  26723041.828 9 140430467.804 9     -2439.597 9        56.779 9
E20                                                                  27908105.324 9 146658003.827 9     -1715.769 9        56.402 9  27908105.324 9 146658003.827 9     -1715.769 9        56.402 9
E09                                                                  24939661.670 9 131058757.792 9      2536.184 9        57.379 9  24939661.670 9 131058757.792 9      2536.184 9        57.379 9
E10                                                                  23770712.361 9 124915900.555 9       -57.769 9        57.796 9  23770712.361 9 124915900.555 9       -57.769 9        57.796 9
E03                                                                  24997311.019 9 131361714.202 9      1936.052 9        57.359 9  24997311.019 9 131361714.202 9      1936.052 9        57.359 9
> 2026 02 03 10 03 16.0000000  0 17       0.000000000000
G02  20313857.376 9 106750019.857 9      -434.964 9        56.048 9                                                                  20313857.376 8 106750019.857 8      -434.964 8        53.048 8
G13  25200228.262 9 132428024.333 9      1167.803 9        54.176 9                                                                  25200228.262 8 132428024.333 8      1167.803 8        51.176 8
G29  24810110.863 9 130377965.303 9      3073.833 9        54.311 9                                                                  24810110.863 8 130377965.303 8      3073.833 8        51.311 8
G10  22289741.211 9 117133346.174 9      3205.200 9        55.242 9                                                                  22289741.211 8 117133346.174 8      3205.200 8        52.242 8
G12  20799504.259 9 109302109.802 9        88.712 9        55.843 9                                                                  20799504.259 8 109302109.802 8        88.712 8        52.843 8
G17  24767519.957 9 130154127.372 9     -2967.426 9        54.326 9                                                                  24767519.957 8 130154127.372 8     -2967.426 8        51.326 8
G24  24272793.218 9 127554341.297 9      3036.092 9        54.502 9                                                                  24272793.218 8 127554341.297 8      3036.092 8        51.502 8
G30  22530628.441 9 118399219.604 9      2265.002 9        55.149 9                                                                  22530628.441 8 118399219.604 8      2265.002 8        52.149 8
G05  21245066.530 9 111643553.408 9       588.552 9        55.659 9                                                                  21245066.530 8 111643553.408 8       588.552 8        52.659 8
G04  22011855.169 9 115673048.559 9     -2500.103 9        55.351 9                                                                  22011855.169 8 115673048.559 8     -2500.103 8        52.351 8
E04                                                                  23387904.355 9 122904233.685 9      -183.500 9        57.937 9  23387904.355 9 122904233.685 9      -183.500 9        57.937 9
E05                                                                  26186450.436 9 137610661.233 9     -2079.791 9        56.955 9  26186450.436 9 137610661.233 9     -2079.791 9        56.955 9
E11                                                                  26723506.090 9 140432907.512 9     -2439.836 9        56.779 9  26723506.090 9 140432907.512 9     -2439.836 9        56.779 9
E20                                                                  27908431.853 9 146659719.740 9     -1716.070 9        56.402 9  27908431.853 9 146659719.740 9     -1716.070 9        56.402 9
E09                                                                  24939179.077 9 131056221.754 9      2535.902 9        57.379 9  24939179.077 9 131056221.754 9      2535.902 9        57.379 9
E10                                                                  23770723.399 9 124915958.559 9       -58.238 9        57.796 9  23770723.399 9 124915958.559 9       -58.238 9        57.796 9
E03                                                                  24996942.609 9 131359778.196 9      1935.960 9        57.359 9  24996942.609 9 131359778.196 9      1935.960 9        57.359 9
> 2026 02 03 10 03 17.0000000  0 17       0.000000000000
G02  20313940.184 9 106750455.014 9      -435.353 9        56.048 9                                                                  20313940.184 8 106750455.014 8      -435.353 8        53.048 8
G13  25200006.080 9 132426856.766 9      1167.342 9        54.176 9                                                                  25200006.080 8 132426856.766 8      1167.342 8        51.176 8
G29  24809525.929 9 130374891.458 9      3073.856 9        54.312 9                                                                  24809525.929 8 130374891.458 8      3073.856 8        51.312 8
G10  22289131.313 9 117130141.142 9      3204.873 9        55.242 9                                                                  22289131.313 8 117130141.142 8      3204.873 8        52.242 8
G12  20799487.441 9 109302021.422 9        88.047 9        55.843 9                                                                  20799487.441 8 109302021.422 8        88.047 8        52.843 8
G17  24768084.650 9 130157094.843 9     -2967.548 9        54.326 9                                                                  24768084.650 8 130157094.843 8     -2967.548 8        51.326 8
G24  24272215.484 9 127551305.289 9      3035.924 9        54.502 9                                                                  24272215.484 8 127551305.289 8      3035.924 8        51.502 8
G30  22530197.473 9 118396954.850 9      2264.506 9        55.149 9                                                                  22530197.473 8 118396954.850 8      2264.506 8        52.149 8
G05  21244954.595 9 111642965.185 9       587.892 9        55.659 9                                                                  21244954.595 8 111642965.185 8       587.892 8        52.659 8
G04  22012330.940 9 115675548.746 9     -2500.284 9        55.351 9                                                                  22012330.940 8 115675548.746 8     -2500.284 8        52.351 8
E04                                                                  23387939.298 9 122904417.310 9      -183.751 9        57.937 9  23387939.298 9 122904417.310 9      -183.751 9        57.937 9
E05                                                                  26186846.223 9 137612741.099 9     -2079.961 9        56.955 9  26186846.223 9 137612741.099 9     -2079.961 9        56.955 9
E11                                                                  26723970.398 9 140435347.457 9     -2440.074 9        56.778 9  26723970.398 9 140435347.457 9     -2440.074 9        56.778 9
E20                                                                  27908758.439 9 146661435.954 9     -1716.370 9        56.402 9  27908758.439 9 146661435.954 9     -1716.370 9        56.402 9
E09                                                                  24938696.538 9 131053685.998 9      2535.619 9        57.379 9  24938696.538 9 131053685.998 9      2535.619 9        57.379 9
E10                                                                  23770734.526 9 124916017.031 9       -58.707 9        57.796 9  23770734.526 9 124916017.031 9       -58.707 9        57.796 9
E03                                                                  24996574.217 9 131357842.284 9      1935.867 9        57.359 9  24996574.217 9 131357842.284 9      1935.867 9        57.359 9
> 2026 02 03 10 03 18.0000000  0 17       0.000000000000
G02  20314023.066 9 106750890.560 9      -435.742 9        56.048 9                                                                  20314023.066 8 106750890.560 8      -435.742 8        53.048 8
G13  25199783.987 9 132425689.659 9      1166.881 9        54.176 9                                                                  25199783.987 8 132425689.659 8      1166.881 8        51.176 8
G29  24808940.991 9 130371817.589 9      3073.879 9        54.312 9                                                                  24808940.991 8 130371817.589 8      3073.879 8        51.312 8
G10  22288521.477 9 117126936.437 9      3204.545 9        55.242 9                                                                  22288521.477 8 117126936.437 8      3204.545 8        52.242 8
G12  20799470.750 9 109301933.707 9        87.381 9        55.843 9                                                                  20799470.750 8 109301933.707 8        87.381 8        52.843 8
G17  24768649.367 9 130160062.436 9     -2967.671 9        54.326 9                                                                  24768649.367 8 130160062.436 8     -2967.671 8        51.326 8
G24  24271637.782 9 127548269.448 9      3035.757 9        54.502 9                                                                  24271637.782 8 127548269.448 8      3035.757 8        51.502 8
G30  22529766.599 9 118394690.592 9      2264.010 9        55.149 9                                                                  22529766.599 8 118394690.592 8      2264.010 8        52.149 8
G05  21244842.786 9 111642377.623 9       587.232 9        55.659 9                                                                  21244842.786 8 111642377.623 8       587.232 8        52.659 8
G04  22012806.745 9 115678049.113 9     -2500.464 9        55.351 9                                                                  22012806.745 8 115678049.113 8     -2500.464 8        52.351 8
E04                                                                  23387974.289 9 122904601.186 9      -184.002 9        57.937 9  23387974.289 9 122904601.186 9      -184.002 9        57.937 9
E05                                                                  26187242.042 9 137614821.135 9     -2080.131 9        56.955 9  26187242.042 9 137614821.135 9     -2080.131 9        56.955 9
E11                                                                  26724434.751 9 140437787.641 9     -2440.312 9        56.778 9  26724434.751 9 140437787.641 9     -2440.312 9        56.778 9
E20                                                                  27909085.082 9 146663152.467 9     -1716.670 9        56.402 9  27909085.082 9 146663152.467 9     -1716.670 9        56.402 9
E09                                                                  24938214.053 9 131051150.525 9      2535.337 9        57.379 9  24938214.053 9 131051150.525 9      2535.337 9        57.379 9
E10                                                                  23770745.742 9 124916075.973 9       -59.176 9        57.796 9  23770745.742 9 124916075.973 9       -59.176 9        57.796 9
E03                                                                  24996205.842 9 131355906.465 9      1935.774 9        57.359 9  24996205.842 9 131355906.465 9      1935.774 9        57.359 9
> 2026 02 03 10 03 19.0000000  0 17       0.000000000000
G02  20314106.022 9 106751326.496 9      -436.131 9        56.048 9                                                                  20314106.022 8 106751326.496 8      -436.131 8        53.048 8
G13  25199561.981 9 132424523.014 9      1166.420 9        54.176 9                                                                  25199561.981 8 132424523.014 8      1166.420 8        51.176 8
G29  24808356.048 9 130368743.697 9      3073.902 9        54.312 9                                                                  24808356.048 8 130368743.697 8      3073.902 8        51.312 8
G10  22287911.704 9 117123732.059 9      3204.218 9        55.243 9                                                                  22287911.704 8 117123732.059 8      3204.218 8        52.243 8
G12  20799454.185 9 109301846.658 9        86.715 9        55.843 9                                                                  20799454.185 8 109301846.658 8        86.715 8        52.843 8
G17  24769214.107 9 130163030.152 9     -2967.794 9        54.326 9                                                                  24769214.107 8 130163030.152 8     -2967.794 8        51.326 8
G24  24271060.112 9 127545233.775 9      3035.590 9        54.502 9                                                                  24271060.112 8 127545233.775 8      3035.590 8        51.502 8
G30  22529335.819 9 118392426.831 9      2263.513 9        55.149 9                                                                  22529335.819 8 118392426.831 8      2263.513 8        52.149 8
G05  21244731.102 9 111641790.719 9       586.572 9        55.659 9                                                                  21244731.102 8 111641790.719 8       586.572 8        52.659 8
G04  22013282.584 9 115680549.661 9     -2500.644 9        55.350 9                                                                  22013282.584 8 115680549.661 8     -2500.644 8        52.350 8
E04                                                                  23388009.327 9 122904785.313 9      -184.253 9        57.937 9  23388009.327 9 122904785.313 9      -184.253 9        57.937 9
E05                                                                  26187637.893 9 137616901.341 9     -2080.301 9        56.955 9  26187637.893 9 137616901.341 9     -2080.301 9        56.955 9
E11                                                                  26724899.149 9 140440228.062 9     -2440.550 9        56.778 9  26724899.149 9 140440228.062 9     -2440.550 9        56.778 9
E20                                                                  27909411.782 9 146664869.280 9     -1716.970 9        56.401 9  27909411.782 9 146664869.280 9     -1716.970 9        56.401 9
E09                                                                  24937731.621 9 131048615.334 9      2535.054 9        57.379 9  24937731.621 9 131048615.334 9      2535.054 9        57.379 9
E10                                                                  23770757.048 9 124916135.384 9       -59.645 9        57.796 9  23770757.048 9 124916135.384 9       -59.645 9        57.796 9
E03                                                                  24995837.486 9 131353970.738 9      1935.681 9        57.359 9  24995837.486 9 131353970.738 9      1935.681 9        57.359 9
> 2026 02 03 10 03 20.0000000  0 17       0.000000000000
G02  20314189.052 9 106751762.821 9      -436.521 9        56.048 9                                                                  20314189.052 8 106751762.821 8      -436.521 8        53.048 8
G13  25199340.062 9 132423356.829 9      1165.959 9        54.176 9                                                                  25199340.062 8 132423356.829 8      1165.959 8        51.176 8
G29  24807771.101 9 130365669.782 9      3073.925 9        54.312 9                                                                  24807771.101 8 130365669.782 8      3073.925 8        51.312 8
G10  22287301.992 9 117120528.009 9      3203.890 9        55.243 9                                                                  22287301.992 8 117120528.009 8      3203.890 8        52.243 8
G12  20799437.747 9 109301760.275 9        86.050 9        55.843 9                                                                  20799437.747 8 109301760.275 8        86.050 8        52.843 8
G17  24769778.870 9 130165997.992 9     -2967.917 9        54.326 9                                                                  24769778.870 8 130165997.992 8     -2967.917 8        51.326 8
G24  24270482.474 9 127542198.269 9      3035.423 9        54.502 9                                                                  24270482.474 8 127542198.269 8      3035.423 8        51.502 8
G30  22528905.133 9 118390163.565 9      2263.017 9        55.149 9                                                                  22528905.133 8 118390163.565 8      2263.017 8        52.149 8
G05  21244619.544 9 111641204.476 9       585.913 9        55.659 9                                                                  21244619.544 8 111641204.476 8       585.913 8        52.659 8
G04  22013758.457 9 115683050.389 9     -2500.824 9        55.350 9                                                                  22013758.457 8 115683050.389 8     -2500.824 8        52.350 8
E04                                                                  23388044.413 9 122904969.691 9      -184.504 9        57.937 9  23388044.413 9 122904969.691 9      -184.504 9        57.937 9
E05                                                                  26188033.777 9 137618981.717 9     -2080.471 9        56.954 9  26188033.777 9 137618981.717 9     -2080.471 9        56.954 9
E11                                                                  26725363.593 9 140442668.723 9     -2440.789 9        56.778 9  26725363.593 9 140442668.723 9     -2440.789 9        56.778 9
E20                                                                  27909738.540 9 146666586.394 9     -1717.270 9        56.401 9  27909738.540 9 146666586.394 9     -1717.270 9        56.401 9
E09                                                                  24937249.243 9 131046080.426 9      2534.772 9        57.380 9  24937249.243 9 131046080.426 9      2534.772 9        57.380 9
E10                                                                  23770768.443 9 124916195.264 9       -60.114 9        57.796 9  23770768.443 9 124916195.264 9       -60.114 9        57.796 9
E03                                                                  24995469.146 9 131352035.104 9      1935.588 9        57.359 9  24995469.146 9 131352035.104 9      1935.588 9        57.359 9
> 2026 02 03 10 03 21.0000000  0 17       0.000000000000
G02  20314272.156 9 106752199.535 9      -436.910 9        56.048 9                                                                  20314272.156 8 106752199.535 8      -436.910 8        53.048 8
G13  25199118.232 9 132422191.106 9      1165.499 9        54.176 9                                                                  25199118.232 8 132422191.106 8      1165.499 8        51.176 8
G29  24807186.150 9 130362595.845 9      3073.948 9        54.313 9                                                                  24807186.150 8 130362595.845 8      3073.948 8        51.313 8
G10  22286692.344 9 117117324.287 9      3203.563 9        55.243 9                                                                  22286692.344 8 117117324.287 8      3203.563 8        52.243 8
G12  20799421.436 9 109301674.557 9        85.384 9        55.843 9                                                                  20799421.436 8 109301674.557 8        85.384 8        52.843 8
G17  24770343.657 9 130168965.953 9     -2968.039 9        54.325 9                                                                  24770343.657 8 130168965.953 8     -2968.039 8        51.325 8
G24  24269904.868 9 127539162.930 9      3035.256 9        54.503 9                                                                  24269904.868 8 127539162.930 8      3035.256 8        51.503 8
G30  22528474.542 9 118387900.796 9      2262.521 9        55.149 9                                                                  22528474.542 8 118387900.796 8      2262.521 8        52.149 8
G05  21244508.111 9 111640618.892 9       585.253 9        55.659 9                                                                  21244508.111 8 111640618.892 8       585.253 8        52.659 8
G04  22014234.365 9 115685551.296 9     -2501.004 9        55.350 9                                                                  22014234.365 8 115685551.296 8     -2501.004 8        52.350 8
E04                                                                  23388079.547 9 122905154.320 9      -184.755 9        57.937 9  23388079.547 9 122905154.320 9      -184.755 9        57.937 9
E05                                                                  26188429.694 9 137621062.263 9     -2080.641 9        56.954 9  26188429.694 9 137621062.263 9     -2080.641 9        56.954 9
E11                                                                  26725828.082 9 140445109.621 9     -2441.027 9        56.778 9  26725828.082 9 140445109.621 9     -2441.027 9        56.778 9
E20                                                                  27910065.354 9 146668303.807 9     -1717.570 9        56.401 9  27910065.354 9 146668303.807 9     -1717.570 9        56.401 9
E09                                                                  24936766.919 9 131043545.800 9      2534.489 9        57.380 9  24936766.919 9 131043545.800 9      2534.489 9        57.380 9
E10                                                                  23770779.927 9 124916255.612 9       -60.583 9        57.796 9  23770779.927 9 124916255.612 9       -60.583 9        57.796 9
E03                                                                  24995100.825 9 131350099.563 9      1935.495 9        57.359 9  24995100.825 9 131350099.563 9      1935.495 9        57.359 9
> 2026 02 03 10 03 22.0000000  0 17       0.000000000000
G02  20314355.334 9 106752636.639 9      -437.299 9        56.048 9                                                                  20314355.334 8 106752636.639 8      -437.299 8        53.048 8
G13  25198896.489 9 132421025.843 9      1165.038 9        54.176 9                                                                  25198896.489 8 132421025.843 8      1165.038 8        51.176 8
G29  24806601.194 9 130359521.885 9      3073.971 9        54.313 9                                                                  24806601.194 8 130359521.885 8      3073.971 8        51.313 8
G10  22286082.757 9 117114120.892 9      3203.235 9        55.243 9                                                                  22286082.757 8 117114120.892 8      3203.235 8        52.243 8
G12  20799405.251 9 109301589.505 9        84.718 9        55.843 9                                                                  20799405.251 8 109301589.505 8        84.718 8        52.843 8
G17  24770908.467 9 130171934.038 9     -2968.162 9        54.325 9                                                                  24770908.467 8 130171934.038 8     -2968.162 8        51.325 8
G24  24269327.293 9 127536127.759 9      3035.088 9        54.503 9                                                                  24269327.293 8 127536127.759 8      3035.088 8        51.503 8
G30  22528044.046 9 118385638.523 9      2262.025 9        55.150 9                                                                  22528044.046 8 118385638.523 8      2262.025 8        52.150 8
G05  21244396.804 9 111640033.968 9       584.593 9        55.659 9                                                                  21244396.804 8 111640033.968 8       584.593 8        52.659 8
G04  22014710.307 9 115688052.384 9     -2501.184 9        55.350 9                                                                  22014710.307 8 115688052.384 8     -2501.184 8        52.350 8
E04                                                                  23388114.729 9 122905339.199 9      -185.006 9        57.937 9  23388114.729 9 122905339.199 9      -185.006 9        57.937 9
E05                                                                  26188825.642 9 137623142.979 9     -2080.811 9        56.954 9  26188825.642 9 137623142.979 9     -2080.811 9        56.954 9
E11                                                                  26726292.616 9 140447550.756 9     -2441.265 9        56.778 9  26726292.616 9 140447550.756 9     -2441.265 9        56.778 9
E20                                                                  27910392.226 9 146670021.521 9     -1717.870 9        56.401 9  27910392.226 9 146670021.521 9     -1717.870 9        56.401 9
E09                                                                  24936284.648 9 131041011.458 9      2534.206 9        57.380 9  24936284.648 9 131041011.458 9      2534.206 9        57.380 9
E10                                                                  23770791.500 9 124916316.430 9       -61.052 9        57.796 9  23770791.500 9 124916316.430 9       -61.052 9        57.796 9
E03                                                                  24994732.521 9 131348164.115 9      1935.402 9        57.360 9  24994732.521 9 131348164.115 9      1935.402 9        57.360 9
> 2026 02 03 10 03 23.0000000  0 17       0.000000000000
G02  20314438.586 9 106753074.131 9      -437.688 9        56.048 9                                                                  20314438.586 8 106753074.131 8      -437.688 8        53.048 8
G13  25198674.834 9 132419861.041 9      1164.576 9        54.177 9                                                                  25198674.834 8 132419861.041 8      1164.576 8        51.177 8
G29  24806016.234 9 130356447.902 9      3073.993 9        54.313 9                                                                  24806016.234 8 130356447.902 8      3073.993 8        51.313 8
G10  22285473.233 9 117110917.825 9      3202.907 9        55.244 9                                                                  22285473.233 8 117110917.825 8      3202.907 8        52.244 8
G12  20799389.193 9 109301505.118 9        84.053 9        55.843 9                                                                  20799389.193 8 109301505.118 8        84.053 8        52.843 8
G17  24771473.301 9 130174902.245 9     -2968.285 9        54.325 9                                                                  24771473.301 8 130174902.245 8     -2968.285 8        51.325 8
G24  24268749.750 9 127533092.755 9      3034.921 9        54.503 9                                                                  24268749.750 8 127533092.755 8      3034.921 8        51.503 8
G30  22527613.644 9 118383376.747 9      2261.528 9        55.150 9                                                                  22527613.644 8 118383376.747 8      2261.528 8        52.150 8
G05  21244285.622 9 111639449.704 9       583.933 9        55.659 9                                                                  21244285.622 8 111639449.704 8       583.933 8        52.659 8
G04  22015186.284 9 115690553.652 9     -2501.364 9        55.350 9                                                                  22015186.284 8 115690553.652 8     -2501.364 8        52.350 8
E04                                                                  23388149.958 9 122905524.330 9      -185.257 9        57.937 9  23388149.958 9 122905524.330 9      -185.257 9        57.937 9
E05                                                                  26189221.623 9 137625223.865 9     -2080.981 9        56.954 9  26189221.623 9 137625223.865 9     -2080.981 9        56.954 9
E11                                                                  26726757.195 9 140449992.131 9     -2441.503 9        56.778 9  26726757.195 9 140449992.131 9     -2441.503 9        56.778 9
E20                                                                  27910719.155 9 146671739.534 9     -1718.170 9        56.401 9  27910719.155 9 146671739.534 9     -1718.170 9        56.401 9
E09                                                                  24935802.432 9 131038477.397 9      2533.924 9        57.380 9  24935802.432 9 131038477.397 9      2533.924 9        57.380 9
E10                                                                  23770803.162 9 124916377.717 9       -61.521 9        57.796 9  23770803.162 9 124916377.717 9       -61.521 9        57.796 9
E03                                                                  24994364.234 9 131346228.760 9      1935.309 9        57.360 9  24994364.234 9 131346228.760 9      1935.309 9        57.360 9
> 2026 02 03 10 03 24.0000000  0 17       0.000000000000
G02  20314521.913 9 106753512.013 9      -438.077 9        56.048 9                                                                  20314521.913 8 106753512.013 8      -438.077 8        53.048 8
G13  25198453.266 9 132418696.701 9      1164.115 9        54.177 9                                                                  25198453.266 8 132418696.701 8      1164.115 8        51.177 8
G29  24805431.270 9 130353373.896 9      3074.016 9        54.313 9                                                                  24805431.270 8 130353373.896 8      3074.016 8        51.313 8
G10  22284863.771 9 117107715.086 9      3202.579 9        55.244 9                                                                  22284863.771 8 117107715.086 8      3202.579 8        52.244 8
G12  20799373.262 9 109301421.398 9        83.387 9        55.843 9                                                                  20799373.262 8 109301421.398 8        83.387 8        52.843 8
G17  24772038.158 9 130177870.575 9     -2968.408 9        54.325 9                                                                  24772038.158 8 130177870.575 8     -2968.408 8        51.325 8
G24  24268172.239 9 127530057.918 9      3034.754 9        54.503 9                                                                  24268172.239 8 127530057.918 8      3034.754 8        51.503 8
G30  22527183.336 9 118381115.467 9      2261.032 9        55.150 9                                                                  22527183.336 8 118381115.467 8      2261.032 8        52.150 8
G05  21244174.566 9 111638866.100 9       583.273 9        55.659 9                                                                  21244174.566 8 111638866.100 8       583.273 8        52.659 8
G04  22015662.294 9 115693055.100 9     -2501.544 9        55.349 9                                                                  22015662.294 8 115693055.100 8     -2501.544 8        52.349 8
E04                                                                  23388185.235 9 122905709.712 9      -185.508 9        57.937 9  23388185.235 9 122905709.712 9      -185.508 9        57.937 9
E05                                                                  26189617.637 9 137627304.921 9     -2081.151 9        56.954 9  26189617.637 9 137627304.921 9     -2081.151 9        56.954 9
E11                                                                  26727221.820 9 140452433.742 9     -2441.740 9        56.777 9  26727221.820 9 140452433.742 9     -2441.740 9        56.777 9
E20                                                                  27911046.140 9 146673457.847 9     -1718.469 9        56.401 9  27911046.140 9 146673457.847 9     -1718.469 9        56.401 9
E09                                                                  24935320.269 9 131035943.620 9      2533.641 9        57.380 9  24935320.269 9 131035943.620 9      2533.641 9        57.380 9
E10                                                                  23770814.914 9 124916439.472 9       -61.990 9        57.796 9  23770814.914 9 124916439.472 9       -61.990 9        57.796 9
E03                                                                  24993995.966 9 131344293.498 9      1935.216 9        57.360 9  24993995.966 9 131344293.498 9      1935.216 9        57.360 9
> 2026 02 03 10 03 25.0000000  0 17       0.000000000000
G02  20314605.313 9 106753950.283 9      -438.466 9        56.048 9                                                                  20314605.313 8 106753950.283 8      -438.466 8        53.048 8
G13  25198231.787 9 132417532.821 9      1163.654 9        54.177 9                                                                  25198231.787 8 132417532.821 8      1163.654 8        51.177 8
G29  24804846.301 9 130350299.868 9      3074.039 9        54.313 9                                                                  24804846.301 8 130350299.868 8      3074.039 8        51.313 8
G10  22284254.372 9 117104512.675 9      3202.251 9        55.244 9                                                                  22284254.372 8 117104512.675 8      3202.251 8        52.244 8
G12  20799357.457 9 109301338.343 9        82.721 9        55.843 9                                                                  20799357.457 8 109301338.343 8        82.721 8        52.843 8
G17  24772603.038 9 130180839.027 9     -2968.530 9        54.325 9                                                                  24772603.038 8 130180839.027 8     -2968.530 8        51.325 8
G24  24267594.760 9 127527023.248 9      3034.586 9        54.504 9                                                                  24267594.760 8 127527023.248 8      3034.586 8        51.504 8
G30  22526753.123 9 118378854.684 9      2260.535 9        55.150 9                                                                  22526753.123 8 118378854.684 8      2260.535 8        52.150 8
G05  21244063.636 9 111638283.156 9       582.614 9        55.659 9                                                                  21244063.636 8 111638283.156 8       582.614 8        52.659 8
G04  22016138.339 9 115695556.727 9     -2501.724 9        55.349 9                                                                  22016138.339 8 115695556.727 8     -2501.724 8        52.349 8
E04                                                                  23388220.560 9 122905895.346 9      -185.759 9        57.937 9  23388220.560 9 122905895.346 9      -185.759 9        57.937 9
E05                                                                  26190013.682 9 137629386.147 9     -2081.321 9        56.954 9  26190013.682 9 137629386.147 9     -2081.321 9        56.954 9
E11                                                                  26727686.490 9 140454875.592 9     -2441.978 9        56.777 9  26727686.490 9 140454875.592 9     -2441.978 9        56.777 9
E20                                                                  27911373.183 9 146675176.460 9     -1718.769 9        56.401 9  27911373.183 9 146675176.460 9     -1718.769 9        56.401 9
E09                                                                  24934838.160 9 131033410.125 9      2533.358 9        57.380 9  24934838.160 9 131033410.125 9      2533.358 9        57.380 9
E10                                                                  23770826.755 9 124916501.697 9       -62.459 9        57.796 9  23770826.755 9 124916501.697 9       -62.459 9        57.796 9
E03                                                                  24993627.715 9 131342358.329 9      1935.123 9        57.360 9  24993627.715 9 131342358.329 9      1935.123 9        57.360 9
> 2026 02 03 10 03 26.0000000  0 17       0.000000000000
G02  20314688.787 9 106754388.943 9      -438.855 9        56.048 9                                                                  20314688.787 8 106754388.943 8      -438.855 8        53.048 8
G13  25198010.395 9 132416369.403 9      1163.193 9        54.177 9                                                                  25198010.395 8 132416369.403 8      1163.193 8        51.177 8
G29  24804261.328 9 130347225.817 9      3074.062 9        54.314 9                                                                  24804261.328 8 130347225.817 8      3074.062 8        51.314 8
G10  22283645.035 9 117101310.592 9      3201.923 9        55.244 9                                                                  22283645.035 8 117101310.592 8      3201.923 8        52.244 8
G12  20799341.779 9 109301255.954 9        82.055 9        55.843 9                                                                  20799341.779 8 109301255.954 8        82.055 8        52.843 8
G17  24773167.942 9 130183807.603 9     -2968.653 9        54.324 9                                                                  24773167.942 8 130183807.603 8     -2968.653 8        51.324 8
G24  24267017.313 9 127523988.746 9      3034.419 9        54.504 9                                                                  24267017.313 8 127523988.746 8      3034.419 8        51.504 8
G30  22526323.005 9 118376594.397 9      2260.038 9        55.150 9                                                                  22526323.005 8 118376594.397 8      2260.038 8        52.150 8
G05  21243952.831 9 111637700.871 9       581.954 9        55.659 9                                                                  21243952.831 8 111637700.871 8       581.954 8        52.659 8
G04  22016614.418 9 115698058.535 9     -2501.904 9        55.349 9                                                                  22016614.418 8 115698058.535 8     -2501.904 8        52.349 8
E04                                                                  23388255.933 9 122906081.230 9      -186.011 9        57.937 9  23388255.933 9 122906081.230 9      -186.011 9        57.937 9
E05                                                                  26190409.760 9 137631467.543 9     -2081.491 9        56.954 9  26190409.760 9 137631467.543 9     -2081.491 9        56.954 9
E11                                                                  26728151.205 9 140457317.679 9     -2442.216 9        56.777 9  26728151.205 9 140457317.679 9     -2442.216 9        56.777 9
E20                                                                  27911700.283 9 146676895.372 9     -1719.069 9        56.401 9  27911700.283 9 146676895.372 9     -1719.069 9        56.401 9
E09                                                                  24934356.105 9 131030876.914 9      2533.075 9        57.381 9  24934356.105 9 131030876.914 9      2533.075 9        57.381 9
E10                                                                  23770838.685 9 124916564.390 9       -62.928 9        57.796 9  23770838.685 9 124916564.390 9       -62.928 9        57.796 9
E03                                                                  24993259.482 9 131340423.253 9      1935.030 9        57.360 9  24993259.482 9 131340423.253 9      1935.030 9        57.360 9
> 2026 02 03 10 03 27.0000000  0 17       0.000000000000
G02  20314772.336 9 106754827.991 9      -439.244 9        56.048 9                                                                  20314772.336 8 106754827.991 8      -439.244 8        53.048 8
G13  25197789.091 9 132415206.447 9      1162.731 9        54.177 9                                                                  25197789.091 8 132415206.447 8      1162.731 8        51.177 8
G29  24803676.351 9 130344151.743 9      3074.084 9        54.314 9                                                                  24803676.351 8 130344151.743 8      3074.084 8        51.314 8
G10  22283035.760 9 117098108.837 9      3201.595 9        55.245 9                                                                  22283035.760 8 117098108.837 8      3201.595 8        52.245 8
G12  20799326.228 9 109301174.230 9        81.390 9        55.843 9                                                                  20799326.228 8 109301174.230 8        81.390 8        52.843 8
G17  24773732.869 9 130186776.301 9     -2968.776 9        54.324 9                                                                  24773732.869 8 130186776.301 8     -2968.776 8        51.324 8
G24  24266439.897 9 127520954.411 9      3034.251 9        54.504 9                                                                  24266439.897 8 127520954.411 8      3034.251 8        51.504 8
G30  22525892.981 9 118374334.607 9      2259.541 9        55.150 9                                                                  22525892.981 8 118374334.607 8      2259.541 8        52.150 8
G05  21243842.151 9 111637119.247 9       581.294 9        55.659 9                                                                  21243842.151 8 111637119.247 8       581.294 8        52.659 8
G04  22017090.531 9 115700560.522 9     -2502.084 9        55.349 9                                                                  22017090.531 8 115700560.522 8     -2502.084 8        52.349 8
E04                                                                  23388291.353 9 122906267.365 9      -186.262 9        57.937 9  23388291.353 9 122906267.365 9      -186.262 9        57.937 9
E05                                                                  26190805.871 9 137633549.109 9     -2081.661 9        56.953 9  26190805.871 9 137633549.109 9     -2081.661 9        56.953 9
E11                                                                  26728615.966 9 140459760.004 9     -2442.454 9        56.777 9  26728615.966 9 140459760.004 9     -2442.454 9        56.777 9
E20                                                                  27912027.440 9 146678614.584 9     -1719.368 9        56.401 9  27912027.440 9 146678614.584 9     -1719.368 9        56.401 9
E09                                                                  24933874.104 9 131028343.985 9      2532.792 9        57.381 9  24933874.104 9 131028343.985 9      2532.792 9        57.381 9
E10                                                                  23770850.704 9 124916627.552 9       -63.397 9        57.796 9  23770850.704 9 124916627.552 9       -63.397 9        57.796 9
E03                                                                  24992891.267 9 131338488.270 9      1934.937 9        57.360 9  24992891.267 9 131338488.270 9      1934.937 9        57.360 9
> 2026 02 03 10 03 28.0000000  0 17       0.000000000000
G02  20314855.958 9 106755267.428 9      -439.633 9        56.048 9                                                                  20314855.958 8 106755267.428 8      -439.633 8        53.048 8
G13  25197567.874 9 132414043.951 9      1162.270 9        54.177 9                                                                  25197567.874 8 132414043.951 8      1162.270 8        51.177 8
G29  24803091.370 9 130341077.646 9      3074.107 9        54.314 9                                                                  24803091.370 8 130341077.646 8      3074.107 8        51.314 8
G10  22282426.548 9 117094907.411 9      3201.267 9        55.245 9                                                                  22282426.548 8 117094907.411 8      3201.267 8        52.245 8
G12  20799310.803 9 109301093.173 9        80.724 9        55.843 9                                                                  20799310.803 8 109301093.173 8        80.724 8        52.843 8
G17  24774297.819 9 130189745.122 9     -2968.898 9        54.324 9                                                                  24774297.819 8 130189745.122 8     -2968.898 8        51.324 8
G24  24265862.514 9 127517920.243 9      3034.084 9        54.504 9                                                                  24265862.514 8 127517920.243 8      3034.084 8        51.504 8
G30  22525463.051 9 118372075.314 9      2259.044 9        55.151 9                                                                  22525463.051 8 118372075.314 8      2259.044 8        52.151 8
G05  21243731.597 9 111636538.282 9       580.634 9        55.659 9                                                                  21243731.597 8 111636538.282 8       580.634 8        52.659 8
G04  22017566.679 9 115703062.689 9     -2502.263 9        55.349 9                                                                  22017566.679 8 115703062.689 8     -2502.263 8        52.349 8
E04                                                                  23388326.822 9 122906453.752 9      -186.513 9        57.936 9  23388326.822 9 122906453.752 9      -186.513 9        57.936 9
E05                                                                  26191202.013 9 137635630.845 9     -2081.831 9        56.953 9  26191202.013 9 137635630.845 9     -2081.831 9        56.953 9
E11                                                                  26729080.772 9 140462202.567 9     -2442.691 9        56.777 9  26729080.772 9 140462202.567 9     -2442.691 9        56.777 9
E20                                                                  27912354.653 9 146680334.095 9     -1719.668 9        56.401 9  27912354.653 9 146680334.095 9     -1719.668 9        56.401 9
E09                                                                  24933392.156 9 131025811.339 9      2532.509 9        57.381 9  24933392.156 9 131025811.339 9      2532.509 9        57.381 9
E10                                                                  23770862.813 9 124916691.183 9       -63.865 9        57.796 9  23770862.813 9 124916691.183 9       -63.865 9        57.796 9
E03                                                                  24992523.069 9 131336553.380 9      1934.844 9        57.360 9  24992523.069 9 131336553.380 9      1934.844 9        57.360 9
> 2026 02 03 10 03 29.0000000  0 17       0.000000000000
G02  20314939.654 9 106755707.255 9      -440.022 9        56.048 9                                                                  20314939.654 8 106755707.255 8      -440.022 8        53.048 8
G13  25197346.746 9 132412881.918 9      1161.808 9        54.177 9                                                                  25197346.746 8 132412881.918 8      1161.808 8        51.177 8
G29  24802506.384 9 130338003.527 9      3074.129 9        54.314 9                                                                  24802506.384 8 130338003.527 8      3074.129 8        51.314 8
G10  22281817.399 9 117091706.312 9      3200.938 9        55.245 9                                                                  22281817.399 8 117091706.312 8      3200.938 8        52.245 8
G12  20799295.505 9 109301012.781 9        80.058 9        55.843 9                                                                  20799295.505 8 109301012.781 8        80.058 8        52.843 8
G17  24774862.793 9 130192714.065 9     -2969.021 9        54.324 9                                                                  24774862.793 8 130192714.065 8     -2969.021 8        51.324 8
G24  24265285.162 9 127514886.244 9      3033.917 9        54.504 9                                                                  24265285.162 8 127514886.244 8      3033.917 8        51.504 8
G30  22525033.216 9 118369816.518 9      2258.547 9        55.151 9                                                                  22525033.216 8 118369816.518 8      2258.547 8        52.151 8
G05  21243621.169 9 111635957.978 9       579.974 9        55.659 9                                                                  21243621.169 8 111635957.978 8       579.974 8        52.659 8
G04  22018042.860 9 115705565.035 9     -2502.443 9        55.348 9                                                                  22018042.860 8 115705565.035 8     -2502.443 8        52.348 8
E04                                                                  23388362.338 9 122906640.390 9      -186.764 9        57.936 9  23388362.338 9 122906640.390 9      -186.764 9        57.936 9
E05                                                                  26191598.188 9 137637712.751 9     -2082.001 9        56.953 9  26191598.188 9 137637712.751 9     -2082.001 9        56.953 9
E11                                                                  26729545.622 9 140464645.367 9     -2442.928 9        56.777 9  26729545.622 9 140464645.367 9     -2442.928 9        56.777 9
E20                                                                  27912681.924 9 146682053.906 9     -1719.967 9        56.400 9  27912681.924 9 146682053.906 9     -1719.967 9        56.400 9
E09                                                                  24932910.263 9 131023278.977 9      2532.226 9        57.381 9  24932910.263 9 131023278.977 9      2532.226 9        57.381 9
E10                                                                  23770875.011 9 124916755.283 9       -64.334 9        57.796 9  23770875.011 9 124916755.283 9       -64.334 9        57.796 9
E03                                                                  24992154.889 9 131334618.584 9      1934.751 9        57.360 9  24992154.889 9 131334618.584 9      1934.751 9        57.360 9
> 2026 02 03 10 03 30.0000000  0 17       0.000000000000
G02  20315023.425 9 106756147.470 9      -440.410 9        56.048 9                                                                  20315023.425 8 106756147.470 8      -440.410 8        53.048 8
G13  25197125.705 9 132411720.346 9      1161.347 9        54.177 9                                                                  25197125.705 8 132411720.346 8      1161.347 8        51.177 8
G29  24801921.394 9 130334929.386 9      3074.152 9        54.314 9                                                                  24801921.394 8 130334929.386 8      3074.152 8        51.314 8
G10  22281208.312 9 117088505.543 9      3200.610 9        55.245 9                                                                  22281208.312 8 117088505.543 8      3200.610 8        52.245 8
G12  20799280.334 9 109300933.055 9        79.392 9        55.843 9                                                                  20799280.334 8 109300933.055 8        79.392 8        52.843 8
G17  24775427.789 9 130195683.131 9     -2969.144 9        54.324 9                                                                  24775427.789 8 130195683.131 8     -2969.144 8        51.324 8
G24  24264707.842 9 127511852.411 9      3033.749 9        54.505 9                                                                  24264707.842 8 127511852.411 8      3033.749 8        51.505 8
G30  22524603.476 9 118367558.219 9      2258.050 9        55.151 9                                                                  22524603.476 8 118367558.219 8      2258.050 8        52.151 8
G05  21243510.867 9 111635378.333 9       579.314 9        55.660 9                                                                  21243510.867 8 111635378.333 8       579.314 8        52.660 8
G04  22018519.076 9 115708067.562 9     -2502.623 9        55.348 9                                                                  22018519.076 8 115708067.562 8     -2502.623 8        52.348 8
E04                                                                  23388397.902 9 122906827.279 9      -187.015 9        57.936 9  23388397.902 9 122906827.279 9      -187.015 9        57.936 9
E05                                                                  26191994.396 9 137639794.828 9     -2082.171 9        56.953 9  26191994.396 9 137639794.828 9     -2082.171 9        56.953 9
E11                                                                  26730010.519 9 140467088.405 9     -2443.166 9        56.776 9  26730010.519 9 140467088.405 9     -2443.166 9        56.776 9
E20                                                                  27913009.252 9 146683774.016 9     -1720.266 9        56.400 9  27913009.252 9 146683774.016 9     -1720.266 9        56.400 9
E09                                                                  24932428.423 9 131020746.897 9      2531.943 9        57.381 9  24932428.423 9 131020746.897 9      2531.943 9        57.381 9
E10                                                                  23770887.298 9 124916819.852 9       -64.803 9        57.796 9  23770887.298 9 124916819.852 9       -64.803 9        57.796 9
E03                                                                  24991786.727 9 131332683.881 9      1934.658 9        57.361 9  24991786.727 9 131332683.881 9      1934.658 9        57.361 9
> 2026 02 03 10 03 31.0000000  0 17       0.000000000000
G02  20315107.269 9 106756588.073 9      -440.799 9        56.048 9                                                                  20315107.269 8 106756588.073 8      -440.799 8        53.048 8
G13  25196904.753 9 132410559.235 9      1160.885 9        54.177 9                                                                  25196904.753 8 132410559.235 8      1160.885 8        51.177 8
G29  24801336.399 9 130331855.222 9      3074.174 9        54.315 9                                                                  24801336.399 8 130331855.222 8      3074.174 8        51.315 8
G10  22280599.287 9 117085305.102 9      3200.281 9        55.246 9                                                                  22280599.287 8 117085305.102 8      3200.281 8        52.246 8
G12  20799265.290 9 109300853.994 9        78.726 9        55.843 9                                                                  20799265.290 8 109300853.994 8        78.726 8        52.843 8
G17  24775992.810 9 130198652.319 9     -2969.266 9        54.323 9                                                                  24775992.810 8 130198652.319 8     -2969.266 8        51.323 8
G24  24264130.555 9 127508818.746 9      3033.581 9        54.505 9                                                                  24264130.555 8 127508818.746 8      3033.581 8        51.505 8
G30  22524173.830 9 118365300.417 9      2257.553 9        55.151 9                                                                  22524173.830 8 118365300.417 8      2257.553 8        52.151 8
G05  21243400.690 9 111634799.349 9       578.654 9        55.660 9                                                                  21243400.690 8 111634799.349 8       578.654 8        52.660 8
G04  22018995.326 9 115710570.267 9     -2502.802 9        55.348 9                                                                  22018995.326 8 115710570.267 8     -2502.802 8        52.348 8
E04                                                                  23388433.514 9 122907014.419 9      -187.267 9        57.936 9  23388433.514 9 122907014.419 9      -187.267 9        57.936 9
E05                                                                  26192390.635 9 137641877.074 9     -2082.341 9        56.953 9  26192390.635 9 137641877.074 9     -2082.341 9        56.953 9
E11                                                                  26730475.460 9 140469531.680 9     -2443.403 9        56.776 9  26730475.460 9 140469531.680 9     -2443.403 9        56.776 9
E20                                                                  27913336.637 9 146685494.425 9     -1720.566 9        56.400 9  27913336.637 9 146685494.425 9     -1720.566 9        56.400 9
E09                                                                  24931946.637 9 131018215.100 9      2531.660 9        57.381 9  24931946.637 9 131018215.100 9      2531.660 9        57.381 9
E10                                                                  23770899.674 9 124916884.889 9       -65.272 9        57.796 9  23770899.674 9 124916884.889 9       -65.272 9        57.796 9
E03                                                                  24991418.582 9 131330749.271 9      1934.564 9        57.361 9  24991418.582 9 131330749.271 9      1934.564 9        57.361 9
> 2026 02 03 10 03 32.0000000  0 17       0.000000000000
G02  20315191.187 9 106757029.066 9      -441.188 9        56.048 9                                                                  20315191.187 8 106757029.066 8      -441.188 8        53.048 8
G13  25196683.888 9 132409398.586 9      1160.423 9        54.177 9                                                                  25196683.888 8 132409398.586 8      1160.423 8        51.177 8
G29  24800751.401 9 130328781.035 9      3074.197 9        54.315 9                                                                  24800751.401 8 130328781.035 8      3074.197 8        51.315 8
G10  22279990.325 9 117082104.989 9      3199.952 9        55.246 9                                                                  22279990.325 8 117082104.989 8      3199.952 8        52.246 8
G12  20799250.372 9 109300775.600 9        78.061 9        55.843 9                                                                  20799250.372 8 109300775.600 8        78.061 8        52.843 8
G17  24776557.853 9 130201621.630 9     -2969.389 9        54.323 9                                                                  24776557.853 8 130201621.630 8     -2969.389 8        51.323 8
G24  24263553.299 9 127505785.249 9      3033.414 9        54.505 9                                                                  24263553.299 8 127505785.249 8      3033.414 8        51.505 8
G30  22523744.279 9 118363043.112 9      2257.056 9        55.151 9                                                                  22523744.279 8 118363043.112 8      2257.056 8        52.151 8
G05  21243290.638 9 111634221.024 9       577.994 9        55.660 9                                                                  21243290.638 8 111634221.024 8       577.994 8        52.660 8
G04  22019471.610 9 115713073.153 9     -2502.982 9        55.348 9                                                                  22019471.610 8 115713073.153 8     -2502.982 8        52.348 8
E04                                                                  23388469.173 9 122907201.811 9      -187.518 9        57.936 9  23388469.173 9 122907201.811 9      -187.518 9        57.936 9
E05                                                                  26192786.908 9 137643959.490 9     -2082.511 9        56.953 9  26192786.908 9 137643959.490 9     -2082.511 9        56.953 9
E11                                                                  26730940.446 9 140471975.192 9     -2443.641 9        56.776 9  26730940.446 9 140471975.192 9     -2443.641 9        56.776 9
E20                                                                  27913664.078 9 146687215.134 9     -1720.865 9        56.400 9  27913664.078 9 146687215.134 9     -1720.865 9        56.400 9
E09                                                                  24931464.905 9 131015683.587 9      2531.377 9        57.382 9  24931464.905 9 131015683.587 9      2531.377 9        57.382 9
E10                                                                  23770912.139 9 124916950.396 9       -65.741 9        57.796 9  23770912.139 9 124916950.396 9       -65.741 9        57.796 9
E03                                                                  24991050.456 9 131328814.754 9      1934.471 9        57.361 9  24991050.456 9 131328814.754 9      1934.471 9        57.361 9
> 2026 02 03 10 03 33.0000000  0 17       0.000000000000
G02  20315275.180 9 106757470.447 9      -441.577 9        56.048 9                                                                  20315275.180 8 106757470.447 8      -441.577 8        53.048 8
G13  25196463.111 9 132408238.400 9      1159.961 9        54.177 9                                                                  25196463.111 8 132408238.400 8      1159.961 8        51.177 8
G29  24800166.398 9 130325706.826 9      3074.219 9        54.315 9                                                                  24800166.398 8 130325706.826 8      3074.219 8        51.315 8
G10  22279381.426 9 117078905.205 9      3199.624 9        55.246 9                                                                  22279381.426 8 117078905.205 8      3199.624 8        52.246 8
G12  20799235.581 9 109300697.871 9        77.395 9        55.843 9                                                                  20799235.581 8 109300697.871 8        77.395 8        52.843 8
G17  24777122.920 9 130204591.063 9     -2969.511 9        54.323 9                                                                  24777122.920 8 130204591.063 8     -2969.511 8        51.323 8
G24  24262976.074 9 127502751.919 9      3033.246 9        54.505 9                                                                  24262976.074 8 127502751.919 8      3033.246 8        51.505 8
G30  22523314.823 9 118360786.305 9      2256.559 9        55.151 9                                                                  22523314.823 8 118360786.305 8      2256.559 8        52.151 8
G05  21243180.712 9 111633643.360 9       577.333 9        55.660 9                                                                  21243180.712 8 111633643.360 8       577.333 8        52.660 8
G04  22019947.928 9 115715576.217 9     -2503.161 9        55.348 9                                                                  22019947.928 8 115715576.217 8     -2503.161 8        52.348 8
E04                                                                  23388504.881 9 122907389.453 9      -187.769 9        57.936 9  23388504.881 9 122907389.453 9      -187.769 9        57.936 9
E05                                                                  26193183.212 9 137646042.076 9     -2082.681 9        56.953 9  26193183.212 9 137646042.076 9     -2082.681 9        56.953 9
E11                                                                  26731405.478 9 140474418.942 9     -2443.878 9        56.776 9  26731405.478 9 140474418.942 9     -2443.878 9        56.776 9
E20                                                                  27913991.577 9 146688936.142 9     -1721.164 9        56.400 9  27913991.577 9 146688936.142 9     -1721.164 9        56.400 9
E09                                                                  24930983.227 9 131013152.357 9      2531.093 9        57.382 9  24930983.227 9 131013152.357 9      2531.093 9        57.382 9
E10                                                                  23770924.694 9 124917016.371 9       -66.209 9        57.796 9  23770924.694 9 124917016.371 9       -66.209 9        57.796 9
E03                                                                  24990682.347 9 131326880.331 9      1934.377 9        57.361 9  24990682.347 9 131326880.331 9      1934.377 9        57.361 9
> 2026 02 03 10 03 34.0000000  0 17       0.000000000000
G02  20315359.246 9 106757912.217 9      -441.965 9        56.048 9                                                                  20315359.246 8 106757912.217 8      -441.965 8        53.048 8
G13  25196242.422 9 132407078.675 9      1159.499 9        54.177 9                                                                  25196242.422 8 132407078.675 8      1159.499 8        51.177 8
G29  24799581.390 9 130322632.594 9      3074.242 9        54.315 9                                                                  24799581.390 8 130322632.594 8      3074.242 8        51.315 8
G10  22278772.589 9 117075705.750 9      3199.295 9        55.246 9                                                                  22278772.589 8 117075705.750 8      3199.295 8        52.246 8
G12  20799220.916 9 109300620.808 9        76.729 9        55.843 9                                                                  20799220.916 8 109300620.808 8        76.729 8        52.843 8
G17  24777688.011 9 130207560.620 9     -2969.634 9        54.323 9                                                                  24777688.011 8 130207560.620 8     -2969.634 8        51.323 8
G24  24262398.882 9 127499718.757 9      3033.079 9        54.505 9                                                                  24262398.882 8 127499718.757 8      3033.079 8        51.505 8
G30  22522885.461 9 118358529.995 9      2256.061 9        55.152 9                                                                  22522885.461 8 118358529.995 8      2256.061 8        52.152 8
G05  21243070.912 9 111633066.356 9       576.673 9        55.660 9                                                                  21243070.912 8 111633066.356 8       576.673 8        52.660 8
G04  22020424.281 9 115718079.461 9     -2503.340 9        55.348 9                                                                  22020424.281 8 115718079.461 8     -2503.340 8        52.348 8
E04                                                                  23388540.636 9 122907577.348 9      -188.021 9        57.936 9  23388540.636 9 122907577.348 9      -188.021 9        57.936 9
E05                                                                  26193579.549 9 137648124.832 9     -2082.851 9        56.953 9  26193579.549 9 137648124.832 9     -2082.851 9        56.953 9
E11                                                                  26731870.555 9 140476862.929 9     -2444.115 9        56.776 9  26731870.555 9 140476862.929 9     -2444.115 9        56.776 9
E20                                                                  27914319.132 9 146690657.448 9     -1721.463 9        56.400 9  27914319.132 9 146690657.448 9     -1721.463 9        56.400 9
E09                                                                  24930501.603 9 131010621.410 9      2530.810 9        57.382 9  24930501.603 9 131010621.410 9      2530.810 9        57.382 9
E10                                                                  23770937.338 9 124917082.814 9       -66.678 9        57.796 9  23770937.338 9 124917082.814 9       -66.678 9        57.796 9
E03                                                                  24990314.256 9 131324946.001 9      1934.284 9        57.361 9  24990314.256 9 131324946.001 9      1934.284 9        57.361 9
> 2026 02 03 10 03 35.0000000  0 17       0.000000000000
G02  20315443.386 9 106758354.376 9      -442.354 9        56.048 9                                                                  20315443.386 8 106758354.376 8      -442.354 8        53.048 8
G13  25196021.820 9 132405919.412 9      1159.037 9        54.177 9                                                                  25196021.820 8 132405919.412 8      1159.037 8        51.177 8
G29  24798996.379 9 130319558.340 9      3074.264 9        54.315 9                                                                  24798996.379 8 130319558.340 8      3074.264 8        51.315 8
G10  22278163.815 9 117072506.624 9      3198.966 9        55.246 9                                                                  22278163.815 8 117072506.624 8      3198.966 8        52.246 8
G12  20799206.379 9 109300544.411 9        76.063 9        55.843 9                                                                  20799206.379 8 109300544.411 8        76.063 8        52.843 8
G17  24778253.124 9 130210530.298 9     -2969.756 9        54.323 9                                                                  24778253.124 8 130210530.298 8     -2969.756 8        51.323 8
G24  24261821.722 9 127496685.762 9      3032.911 9        54.506 9                                                                  24261821.722 8 127496685.762 8      3032.911 8        51.506 8
G30  22522456.194 9 118356274.182 9      2255.564 9        55.152 9                                                                  22522456.194 8 118356274.182 8      2255.564 8        52.152 8
G05  21242961.238 9 111632490.012 9       576.013 9        55.660 9                                                                  21242961.238 8 111632490.012 8       576.013 8        52.660 8
G04  22020900.667 9 115720582.885 9     -2503.520 9        55.347 9                                                                  22020900.667 8 115720582.885 8     -2503.520 8        52.347 8
E04                                                                  23388576.439 9 122907765.493 9      -188.272 9        57.936 9  23388576.439 9 122907765.493 9      -188.272 9        57.936 9
E05                                                                  26193975.918 9 137650207.758 9     -2083.021 9        56.952 9  26193975.918 9 137650207.758 9     -2083.021 9        56.952 9
E11                                                                  26732335.676 9 140479307.153 9     -2444.352 9        56.776 9  26732335.676 9 140479307.153 9     -2444.352 9        56.776 9
E20                                                                  27914646.744 9 146692379.054 9     -1721.762 9        56.400 9  27914646.744 9 146692379.054 9     -1721.762 9        56.400 9
E09                                                                  24930020.033 9 131008090.747 9      2530.527 9        57.382 9  24930020.033 9 131008090.747 9      2530.527 9        57.382 9
E10                                                                  23770950.071 9 124917149.727 9       -67.147 9        57.796 9  23770950.071 9 124917149.727 9       -67.147 9        57.796 9
E03                                                                  24989946.182 9 131323011.764 9      1934.191 9        57.361 9  24989946.182 9 131323011.764 9      1934.191 9        57.361 9
> 2026 02 03 10 03 36.0000000  0 17       0.000000000000
G02  20315527.600 9 106758796.923 9      -442.742 9        56.047 9                                                                  20315527.600 8 106758796.923 8      -442.742 8        53.047 8
G13  25195801.307 9 132404760.610 9      1158.575 9        54.177 9                                                                  25195801.307 8 132404760.610 8      1158.575 8        51.177 8
G29  24798411.363 9 130316484.064 9      3074.287 9        54.316 9                                                                  24798411.363 8 130316484.064 8      3074.287 8        51.316 8
G10  22277555.104 9 117069307.828 9      3198.636 9        55.247 9                                                                  22277555.104 8 117069307.828 8      3198.636 8        52.247 8
G12  20799191.968 9 109300468.680 9        75.397 9        55.843 9                                                                  20799191.968 8 109300468.680 8        75.397 8        52.843 8
G17  24778818.261 9 130213500.099 9     -2969.879 9        54.322 9                                                                  24778818.261 8 130213500.099 8     -2969.879 8        51.322 8
G24  24261244.593 9 127493652.935 9      3032.743 9        54.506 9                                                                  24261244.593 8 127493652.935 8      3032.743 8        51.506 8
G30  22522027.021 9 118354018.867 9      2255.066 9        55.152 9                                                                  22522027.021 8 118354018.867 8      2255.066 8        52.152 8
G05  21242851.689 9 111631914.328 9       575.353 9        55.660 9                                                                  21242851.689 8 111631914.328 8       575.353 8        52.660 8
G04  22021377.088 9 115723086.487 9     -2503.699 9        55.347 9                                                                  22021377.088 8 115723086.487 8     -2503.699 8        52.347 8
E04                                                                  23388612.290 9 122907953.890 9      -188.523 9        57.936 9  23388612.290 9 122907953.890 9      -188.523 9        57.936 9
E05                                                                  26194372.319 9 137652290.854 9     -2083.191 9        56.952 9  26194372.319 9 137652290.854 9     -2083.191 9        56.952 9
E11                                                                  26732800.843 9 140481751.614 9     -2444.589 9        56.776 9  26732800.843 9 140481751.614 9     -2444.589 9        56.776 9
E20                                                                  27914974.414 9 146694100.959 9     -1722.061 9        56.400 9  27914974.414 9 146694100.959 9     -1722.061 9        56.400 9
E09                                                                  24929538.517 9 131005560.367 9      2530.243 9        57.382 9  24929538.517 9 131005560.367 9      2530.243 9        57.382 9
E10                                                                  23770962.893 9 124917217.108 9       -67.616 9        57.796 9  23770962.893 9 124917217.108 9       -67.616 9        57.796 9
E03                                                                  24989578.127 9 131321077.621 9      1934.097 9        57.361 9  24989578.127 9 131321077.621 9      1934.097 9        57.361 9
> 2026 02 03 10 03 37.0000000  0 17       0.000000000000
G02  20315611.888 9 106759239.859 9      -443.131 9        56.047 9                                                                  20315611.888 8 106759239.859 8      -443.131 8        53.047 8
G13  25195580.882 9 132403602.272 9      1158.113 9        54.178 9                                                                  25195580.882 8 132403602.272 8      1158.113 8        51.178 8
G29  24797826.343 9 130313409.765 9      3074.309 9        54.316 9                                                                  24797826.343 8 130313409.765 8      3074.309 8        51.316 8
G10  22276946.455 9 117066109.360 9      3198.307 9        55.247 9                                                                  22276946.455 8 117066109.360 8      3198.307 8        52.247 8
G12  20799177.683 9 109300393.615 9        74.731 9        55.843 9                                                                  20799177.683 8 109300393.615 8        74.731 8        52.843 8
G17  24779383.421 9 130216470.023 9     -2970.001 9        54.322 9                                                                  24779383.421 8 130216470.023 8     -2970.001 8        51.322 8
G24  24260667.497 9 127490620.276 9      3032.576 9        54.506 9                                                                  24260667.497 8 127490620.276 8      3032.576 8        51.506 8
G30  22521597.943 9 118351764.049 9      2254.569 9        55.152 9                                                                  22521597.943 8 118351764.049 8      2254.569 8        52.152 8
G05  21242742.266 9 111631339.304 9       574.693 9        55.660 9                                                                  21242742.266 8 111631339.304 8       574.693 8        52.660 8
G04  22021853.543 9 115725590.269 9     -2503.878 9        55.347 9                                                                  22021853.543 8 115725590.269 8     -2503.878 8        52.347 8
E04                                                                  23388648.188 9 122908142.539 9      -188.775 9        57.936 9  23388648.188 9 122908142.539 9      -188.775 9        57.936 9
E05                                                                  26194768.753 9 137654374.120 9     -2083.361 9        56.952 9  26194768.753 9 137654374.120 9     -2083.361 9        56.952 9
E11                                                                  26733266.056 9 140484196.312 9     -2444.826 9        56.775 9  26733266.056 9 140484196.312 9     -2444.826 9        56.775 9
E20                                                                  27915302.140 9 146695823.163 9     -1722.360 9        56.400 9  27915302.140 9 146695823.163 9     -1722.360 9        56.400 9
E09                                                                  24929057.054 9 131003030.270 9      2529.960 9        57.382 9  24929057.054 9 131003030.270 9      2529.960 9        57.382 9
E10                                                                  23770975.804 9 124917284.958 9       -68.084 9        57.796 9  23770975.804 9 124917284.958 9       -68.084 9        57.796 9
E03                                                                  24989210.089 9 131319143.571 9      1934.004 9        57.361 9  24989210.089 9 131319143.571 9      1934.004 9        57.361 9
> 2026 02 03 10 03 38.0000000  0 17       0.000000000000
G02  20315696.250 9 106759683.183 9      -443.519 9        56.047 9                                                                  20315696.250 8 106759683.183 8      -443.519 8        53.047 8
G13  25195360.545 9 132402444.395 9      1157.651 9        54.178 9                                                                  25195360.545 8 132402444.395 8      1157.651 8        51.178 8
G29  24797241.319 9 130310335.443 9      3074.331 9        54.316 9                                                                  24797241.319 8 130310335.443 8      3074.331 8        51.316 8
G10  22276337.868 9 117062911.222 9      3197.978 9        55.247 9                                                                  22276337.868 8 117062911.222 8      3197.978 8        52.247 8
G12  20799163.526 9 109300319.216 9        74.065 9        55.843 9                                                                  20799163.526 8 109300319.216 8        74.065 8        52.843 8
G17  24779948.605 9 130219440.069 9     -2970.124 9        54.322 9                                                                  24779948.605 8 130219440.069 8     -2970.124 8        51.322 8
G24  24260090.432 9 127487587.784 9      3032.408 9        54.506 9                                                                  24260090.432 8 127487587.784 8      3032.408 8        51.506 8
G30  22521168.960 9 118349509.730 9      2254.071 9        55.152 9                                                                  22521168.960 8 118349509.730 8      2254.071 8        52.152 8
G05  21242632.968 9 111630764.941 9       574.032 9        55.660 9                                                                  21242632.968 8 111630764.941 8       574.032 8        52.660 8
G04  22022330.032 9 115728094.230 9     -2504.057 9        55.347 9                                                                  22022330.032 8 115728094.230 8     -2504.057 8        52.347 8
E04                                                                  23388684.135 9 122908331.439 9      -189.026 9        57.936 9  23388684.135 9 122908331.439 9      -189.026 9        57.936 9
E05                                                                  26195165.219 9 137656457.556 9     -2083.531 9        56.952 9  26195165.219 9 137656457.556 9     -2083.531 9        56.952 9
E11                                                                  26733731.313 9 140486641.247 9     -2445.063 9        56.775 9  26733731.313 9 140486641.247 9     -2445.063 9        56.775 9
E20                                                                  27915629.923 9 146697545.665 9     -1722.659 9        56.400 9  27915629.923 9 146697545.665 9     -1722.659 9        56.400 9
E09                                                                  24928575.646 9 131000500.457 9      2529.676 9        57.383 9  24928575.646 9 131000500.457 9      2529.676 9        57.383 9
E10                                                                  23770988.805 9 124917353.277 9       -68.553 9        57.796 9  23770988.805 9 124917353.277 9       -68.553 9        57.796 9
E03                                                                  24988842.069 9 131317209.615 9      1933.910 9        57.362 9  24988842.069 9 131317209.615 9      1933.910 9        57.362 9
> 2026 02 03 10 03 39.0000000  0 17       0.000000000000
G02  20315780.686 9 106760126.896 9      -443.908 9        56.047 9                                                                  20315780.686 8 106760126.896 8      -443.908 8        53.047 8
G13  25195140.295 9 132401286.980 9      1157.189 9        54.178 9                                                                  25195140.295 8 132401286.980 8      1157.189 8        51.178 8
G29  24796656.290 9 130307261.100 9      3074.354 9        54.316 9                                                                  24796656.290 8 130307261.100 8      3074.354 8        51.316 8
G10  22275729.345 9 117059713.413 9      3197.649 9        55.247 9                                                                  22275729.345 8 117059713.413 8      3197.649 8        52.247 8
G12  20799149.495 9 109300245.482 9        73.400 9        55.843 9                                                                  20799149.495 8 109300245.482 8        73.400 8        52.843 8
G17  24780513.811 9 130222410.237 9     -2970.246 9        54.322 9                                                                  24780513.811 8 130222410.237 8     -2970.246 8        51.322 8
G24  24259513.399 9 127484555.460 9      3032.240 9        54.506 9                                                                  24259513.399 8 127484555.460 8      3032.240 8        51.506 8
G30  22520740.072 9 118347255.908 9      2253.573 9        55.152 9                                                                  22520740.072 8 118347255.908 8      2253.573 8        52.152 8
G05  21242523.796 9 111630191.238 9       573.372 9        55.660 9                                                                  21242523.796 8 111630191.238 8       573.372 8        52.660 8
G04  22022806.555 9 115730598.370 9     -2504.236 9        55.347 9                                                                  22022806.555 8 115730598.370 8     -2504.236 8        52.347 8
E04                                                                  23388720.129 9 122908520.590 9      -189.278 9        57.936 9  23388720.129 9 122908520.590 9      -189.278 9        57.936 9
E05                                                                  26195561.718 9 137658541.161 9     -2083.701 9        56.952 9  26195561.718 9 137658541.161 9     -2083.701 9        56.952 9
E11                                                                  26734196.615 9 140489086.419 9     -2445.300 9        56.775 9  26734196.615 9 140489086.419 9     -2445.300 9        56.775 9
E20                                                                  27915957.763 9 146699268.467 9     -1722.957 9        56.399 9  27915957.763 9 146699268.467 9     -1722.957 9        56.399 9
E09                                                                  24928094.291 9 130997970.928 9      2529.393 9        57.383 9  24928094.291 9 130997970.928 9      2529.393 9        57.383 9
E10                                                                  23771001.895 9 124917422.064 9       -69.022 9        57.796 9  23771001.895 9 124917422.064 9       -69.022 9        57.796 9
E03                                                                  24988474.066 9 131315275.752 9      1933.817 9        57.362 9  24988474.066 9 131315275.752 9      1933.817 9        57.362 9
> 2026 02 03 10 03 40.0000000  0 17       0.000000000000
G02  20315865.196 9 106760570.997 9      -444.296 9        56.047 9                                                                  20315865.196 8 106760570.997 8      -444.296 8        53.047 8
G13  25194920.134 9 132400130.028 9      1156.726 9        54.178 9                                                                  25194920.134 8 132400130.028 8      1156.726 8        51.178 8
G29  24796071.257 9 130304186.734 9      3074.376 9        54.316 9                                                                  24796071.257 8 130304186.734 8      3074.376 8        51.316 8
G10  22275120.884 9 117056515.933 9      3197.319 9        55.248 9                                                                  22275120.884 8 117056515.933 8      3197.319 8        52.248 8
G12  20799135.591 9 109300172.415 9        72.734 9        55.843 9                                                                  20799135.591 8 109300172.415 8        72.734 8        52.843 8
G17  24781079.041 9 130225380.528 9     -2970.368 9        54.322 9                                                                  24781079.041 8 130225380.528 8     -2970.368 8        51.322 8
G24  24258936.399 9 127481523.304 9      3032.073 9        54.507 9                                                                  24258936.399 8 127481523.304 8      3032.073 8        51.507 8
G30  22520311.278 9 118345002.584 9      2253.075 9        55.153 9                                                                  22520311.278 8 118345002.584 8      2253.075 8        52.153 8
G05  21242414.750 9 111629618.195 9       572.712 9        55.660 9                                                                  21242414.750 8 111629618.195 8       572.712 8        52.660 8
G04  22023283.112 9 115733102.690 9     -2504.415 9        55.346 9                                                                  22023283.112 8 115733102.690 8     -2504.415 8        52.346 8
E04                                                                  23388756.172 9 122908709.993 9      -189.529 9        57.936 9  23388756.172 9 122908709.993 9      -189.529 9        57.936 9
E05                                                                  26195958.249 9 137660624.937 9     -2083.871 9        56.952 9  26195958.249 9 137660624.937 9     -2083.871 9        56.952 9
E11                                                                  26734661.962 9 140491531.828 9     -2445.537 9        56.775 9  26734661.962 9 140491531.828 9     -2445.537 9        56.775 9
E20                                                                  27916285.659 9 146700991.567 9     -1723.256 9        56.399 9  27916285.659 9 146700991.567 9     -1723.256 9        56.399 9
E09                                                                  24927612.991 9 130995441.682 9      2529.109 9        57.383 9  24927612.991 9 130995441.682 9      2529.109 9        57.383 9
E10                                                                  23771015.074 9 124917491.320 9       -69.490 9        57.796 9  23771015.074 9 124917491.320 9       -69.490 9        57.796 9
E03                                                                  24988106.082 9 131313341.983 9      1933.723 9        57.362 9  24988106.082 9 131313341.983 9      1933.723 9        57.362 9
> 2026 02 03 10 03 41.0000000  0 17       0.000000000000
G02  20315949.780 9 106761015.486 9      -444.685 9        56.047 9                                                                  20315949.780 8 106761015.486 8      -444.685 8        53.047 8
G13  25194700.060 9 132398973.539 9      1156.264 9        54.178 9                                                                  25194700.060 8 132398973.539 8      1156.264 8        51.178 8
G29  24795486.220 9 130301112.346 9      3074.398 9        54.317 9                                                                  24795486.220 8 130301112.346 8      3074.398 8        51.317 8
G10  22274512.486 9 117053318.783 9      3196.989 9        55.248 9                                                                  22274512.486 8 117053318.783 8      3196.989 8        52.248 8
G12  20799121.814 9 109300100.013 9        72.068 9        55.843 9                                                                  20799121.814 8 109300100.013 8        72.068 8        52.843 8
G17  24781644.295 9 130228350.941 9     -2970.491 9        54.321 9                                                                  24781644.295 8 130228350.941 8     -2970.491 8        51.321 8
G24  24258359.430 9 127478491.316 9      3031.905 9        54.507 9                                                                  24258359.430 8 127478491.316 8      3031.905 8        51.507 8
G30  22519882.579 9 118342749.758 9      2252.577 9        55.153 9                                                                  22519882.579 8 118342749.758 8      2252.577 8        52.153 8
G05  21242305.829 9 111629045.812 9       572.051 9        55.660 9                                                                  21242305.829 8 111629045.812 8       572.051 8        52.660 8
G04  22023759.703 9 115735607.188 9     -2504.594 9        55.346 9                                                                  22023759.703 8 115735607.188 8     -2504.594 8        52.346 8
E04                                                                  23388792.262 9 122908899.647 9      -189.781 9        57.936 9  23388792.262 9 122908899.647 9      -189.781 9        57.936 9
E05                                                                  26196354.812 9 137662708.883 9     -2084.041 9        56.952 9  26196354.812 9 137662708.883 9     -2084.041 9        56.952 9
E11                                                                  26735127.355 9 140493977.474 9     -2445.774 9        56.775 9  26735127.355 9 140493977.474 9     -2445.774 9        56.775 9
E20                                                                  27916613.613 9 146702714.965 9     -1723.554 9        56.399 9  27916613.613 9 146702714.965 9     -1723.554 9        56.399 9
E09                                                                  24927131.744 9 130992912.719 9      2528.825 9        57.383 9  24927131.744 9 130992912.719 9      2528.825 9        57.383 9
E10                                                                  23771028.342 9 124917561.045 9       -69.959 9        57.796 9  23771028.342 9 124917561.045 9       -69.959 9        57.796 9
E03                                                                  24987738.115 9 131311408.307 9      1933.630 9        57.362 9  24987738.115 9 131311408.307 9      1933.630 9        57.362 9
> 2026 02 03 10 03 42.0000000  0 17       0.000000000000
G02  20316034.437 9 106761460.364 9      -445.073 9        56.047 9                                                                  20316034.437 8 106761460.364 8      -445.073 8        53.047 8
G13  25194480.075 9 132397817.511 9      1155.801 9        54.178 9                                                                  25194480.075 8 132397817.511 8      1155.801 8        51.178 8
G29  24794901.179 9 130298037.936 9      3074.420 9        54.317 9                                                                  24794901.179 8 130298037.936 8      3074.420 8        51.317 8
G10  22273904.150 9 117050121.963 9      3196.660 9        55.248 9                                                                  22273904.150 8 117050121.963 8      3196.660 8        52.248 8
G12  20799108.163 9 109300028.278 9        71.402 9        55.843 9                                                                  20799108.163 8 109300028.278 8        71.402 8        52.843 8
G17  24782209.571 9 130231321.477 9     -2970.613 9        54.321 9                                                                  24782209.571 8 130231321.477 8     -2970.613 8        51.321 8
G24  24257782.493 9 127475459.495 9      3031.737 9        54.507 9                                                                  24257782.493 8 127475459.495 8      3031.737 8        51.507 8
G30  22519453.975 9 118340497.430 9      2252.079 9        55.153 9                                                                  22519453.975 8 118340497.430 8      2252.079 8        52.153 8
G05  21242197.034 9 111628474.090 9       571.391 9        55.660 9                                                                  21242197.034 8 111628474.090 8       571.391 8        52.660 8
G04  22024236.328 9 115738111.865 9     -2504.773 9        55.346 9                                                                  22024236.328 8 115738111.865 8     -2504.773 8        52.346 8
E04                                                                  23388828.400 9 122909089.553 9      -190.032 9        57.936 9  23388828.400 9 122909089.553 9      -190.032 9        57.936 9
E05                                                                  26196751.408 9 137664792.999 9     -2084.211 9        56.952 9  26196751.408 9 137664792.999 9     -2084.211 9        56.952 9
E11                                                                  26735592.792 9 140496423.356 9     -2446.010 9        56.775 9  26735592.792 9 140496423.356 9     -2446.010 9        56.775 9
E20                                                                  27916941.623 9 146704438.662 9     -1723.853 9        56.399 9  27916941.623 9 146704438.662 9     -1723.853 9        56.399 9
E09                                                                  24926650.552 9 130990384.041 9      2528.542 9        57.383 9  24926650.552 9 130990384.041 9      2528.542 9        57.383 9
E10                                                                  23771041.699 9 124917631.239 9       -70.428 9        57.796 9  23771041.699 9 124917631.239 9       -70.428 9        57.796 9
E03                                                                  24987370.167 9 131309474.725 9      1933.536 9        57.362 9  24987370.167 9 131309474.725 9      1933.536 9        57.362 9
> 2026 02 03 10 03 43.0000000  0 17       0.000000000000
G02  20316119.169 9 106761905.630 9      -445.461 9        56.047 9                                                                  20316119.169 8 106761905.630 8      -445.461 8        53.047 8
G13  25194260.177 9 132396661.947 9      1155.339 9        54.178 9                                                                  25194260.177 8 132396661.947 8      1155.339 8        51.178 8
G29  24794316.134 9 130294963.503 9      3074.443 9        54.317 9                                                                  24794316.134 8 130294963.503 8      3074.443 8        51.317 8
G10  22273295.877 9 117046925.472 9      3196.330 9        55.248 9                                                                  22273295.877 8 117046925.472 8      3196.330 8        52.248 8
G12  20799094.639 9 109299957.208 9        70.736 9        55.843 9                                                                  20799094.639 8 109299957.208 8        70.736 8        52.843 8
G17  24782774.871 9 130234292.135 9     -2970.736 9        54.321 9                                                                  24782774.871 8 130234292.135 8     -2970.736 8        51.321 8
G24  24257205.588 9 127472427.843 9      3031.569 9        54.507 9                                                                  24257205.588 8 127472427.843 8      3031.569 8        51.507 8
G30  22519025.466 9 118338245.600 9      2251.581 9        55.153 9                                                                  22519025.466 8 118338245.600 8      2251.581 8        52.153 8
G05  21242088.365 9 111627903.028 9       570.731 9        55.660 9                                                                  21242088.365 8 111627903.028 8       570.731 8        52.660 8
G04  22024712.987 9 115740616.721 9     -2504.952 9        55.346 9                                                                  22024712.987 8 115740616.721 8     -2504.952 8        52.346 8
E04                                                                  23388864.586 9 122909279.710 9      -190.284 9        57.936 9  23388864.586 9 122909279.710 9      -190.284 9        57.936 9
E05                                                                  26197148.035 9 137666877.284 9     -2084.381 9        56.951 9  26197148.035 9 137666877.284 9     -2084.381 9        56.951 9
E11                                                                  26736058.275 9 140498869.475 9     -2446.247 9        56.775 9  26736058.275 9 140498869.475 9     -2446.247 9        56.775 9
E20                                                                  27917269.690 9 146706162.658 9     -1724.151 9        56.399 9  27917269.690 9 146706162.658 9     -1724.151 9        56.399 9
E09                                                                  24926169.414 9 130987855.646 9      2528.258 9        57.383 9  24926169.414 9 130987855.646 9      2528.258 9        57.383 9
E10                                                                  23771055.146 9 124917701.900 9       -70.896 9        57.796 9  23771055.146 9 124917701.900 9       -70.896 9        57.796 9
E03                                                                  24987002.236 9 131307541.237 9      1933.442 9        57.362 9  24987002.236 9 131307541.237 9      1933.442 9        57.362 9
> 2026 02 03 10 03 44.0000000  0 17       0.000000000000
G02  20316203.974 9 106762351.284 9      -445.849 9        56.047 9                                                                  20316203.974 8 106762351.284 8      -445.849 8        53.047 8
G13  25194040.368 9 132395506.845 9      1154.876 9        54.178 9                                                                  25194040.368 8 132395506.845 8      1154.876 8        51.178 8
G29  24793731.084 9 130291889.048 9      3074.465 9        54.317 9                                                                  24793731.084 8 130291889.048 8      3074.465 8        51.317 8
G10  22272687.668 9 117043729.312 9      3196.000 9        55.249 9                                                                  22272687.668 8 117043729.312 8      3196.000 8        52.249 8
G12  20799081.242 9 109299886.804 9        70.070 9        55.843 9                                                                  20799081.242 8 109299886.804 8        70.070 8        52.843 8
G17  24783340.194 9 130237262.915 9     -2970.858 9        54.321 9                                                                  24783340.194 8 130237262.915 8     -2970.858 8        51.321 8
G24  24256628.715 9 127469396.358 9      3031.401 9        54.507 9                                                                  24256628.715 8 127469396.358 8      3031.401 8        51.507 8
G30  22518597.052 9 118335994.268 9      2251.082 9        55.153 9                                                                  22518597.052 8 118335994.268 8      2251.082 8        52.153 8
G05  21241979.821 9 111627332.627 9       570.070 9        55.660 9                                                                  21241979.821 8 111627332.627 8       570.070 8        52.660 8
G04  22025189.680 9 115743121.755 9     -2505.131 9        55.346 9                                                                  22025189.680 8 115743121.755 8     -2505.131 8        52.346 8
E04                                                                  23388900.820 9 122909470.119 9      -190.536 9        57.936 9  23388900.820 9 122909470.119 9      -190.536 9        57.936 9
E05                                                                  26197544.696 9 137668961.740 9     -2084.551 9        56.951 9  26197544.696 9 137668961.740 9     -2084.551 9        56.951 9
E11                                                                  26736523.802 9 140501315.831 9     -2446.484 9        56.774 9  26736523.802 9 140501315.831 9     -2446.484 9        56.774 9
E20                                                                  27917597.814 9 146707886.952 9     -1724.450 9        56.399 9  27917597.814 9 146707886.952 9     -1724.450 9        56.399 9
E09                                                                  24925688.329 9 130985327.535 9      2527.974 9        57.384 9  24925688.329 9 130985327.535 9      2527.974 9        57.384 9
E10                                                                  23771068.682 9 124917773.031 9       -71.365 9        57.795 9  23771068.682 9 124917773.031 9       -71.365 9        57.795 9
E03                                                                  24986634.322 9 131305607.842 9      1933.349 9        57.362 9  24986634.322 9 131305607.842 9      1933.349 9        57.362 9
> 2026 02 03 10 03 45.0000000  0 17       0.000000000000
G02  20316288.853 9 106762797.327 9      -446.238 9        56.047 9                                                                  20316288.853 8 106762797.327 8      -446.238 8        53.047 8
G13  25193820.647 9 132394352.206 9      1154.413 9        54.178 9                                                                  25193820.647 8 132394352.206 8      1154.413 8        51.178 8
G29  24793146.030 9 130288814.571 9      3074.487 9        54.317 9                                                                  24793146.030 8 130288814.571 8      3074.487 8        51.317 8
G10  22272079.520 9 117040533.481 9      3195.670 9        55.249 9                                                                  22272079.520 8 117040533.481 8      3195.670 8        52.249 8
G12  20799067.971 9 109299817.066 9        69.404 9        55.843 9                                                                  20799067.971 8 109299817.066 8        69.404 8        52.843 8
G17  24783905.541 9 130240233.818 9     -2970.980 9        54.321 9                                                                  24783905.541 8 130240233.818 8     -2970.980 8        51.321 8
G24  24256051.874 9 127466365.041 9      3031.233 9        54.508 9                                                                  24256051.874 8 127466365.041 8      3031.233 8        51.508 8
G30  22518168.732 9 118333743.435 9      2250.584 9        55.153 9                                                                  22518168.732 8 118333743.435 8      2250.584 8        52.153 8
G05  21241871.403 9 111626762.886 9       569.410 9        55.660 9                                                                  21241871.403 8 111626762.886 8       569.410 8        52.660 8
G04  22025666.407 9 115745626.969 9     -2505.309 9        55.345 9                                                                  22025666.407 8 115745626.969 8     -2505.309 8        52.345 8
E04                                                                  23388937.101 9 122909660.780 9      -190.787 9        57.936 9  23388937.101 9 122909660.780 9      -190.787 9        57.936 9
E05                                                                  26197941.388 9 137671046.366 9     -2084.721 9        56.951 9  26197941.388 9 137671046.366 9     -2084.721 9        56.951 9
E11                                                                  26736989.375 9 140503762.423 9     -2446.720 9        56.774 9  26736989.375 9 140503762.423 9     -2446.720 9        56.774 9
E20                                                                  27917925.995 9 146709611.544 9     -1724.748 9        56.399 9  27917925.995 9 146709611.544 9     -1724.748 9        56.399 9
E09                                                                  24925207.299 9 130982799.708 9      2527.690 9        57.384 9  24925207.299 9 130982799.708 9      2527.690 9        57.384 9
E10                                                                  23771082.306 9 124917844.630 9       -71.833 9        57.795 9  23771082.306 9 124917844.630 9       -71.833 9        57.795 9
E03                                                                  24986266.427 9 131303674.542 9      1933.255 9        57.362 9  24986266.427 9 131303674.542 9      1933.255 9        57.362 9
> 2026 02 03 10 03 46.0000000  0 17       0.000000000000
G02  20316373.806 9 106763243.758 9      -446.626 9        56.047 9                                                                  20316373.806 8 106763243.758 8      -446.626 8        53.047 8
G13  25193601.013 9 132393198.029 9      1153.950 9        54.178 9                                                                  25193601.013 8 132393198.029 8      1153.950 8        51.178 8
G29  24792560.972 9 130285740.072 9      3074.509 9        54.318 9                                                                  24792560.972 8 130285740.072 8      3074.509 8        51.318 8
G10  22271471.436 9 117037337.980 9      3195.340 9        55.249 9                                                                  22271471.436 8 117037337.980 8      3195.340 8        52.249 8
G12  20799054.827 9 109299747.995 9        68.738 9        55.843 9                                                                  20799054.827 8 109299747.995 8        68.738 8        52.843 8
G17  24784470.911 9 130243204.842 9     -2971.102 9        54.320 9                                                                  24784470.911 8 130243204.842 8     -2971.102 8        51.320 8
G24  24255475.065 9 127463333.892 9      3031.065 9        54.508 9                                                                  24255475.065 8 127463333.892 8      3031.065 8        51.508 8
G30  22517740.507 9 118331493.100 9      2250.086 9        55.154 9                                                                  22517740.507 8 118331493.100 8      2250.086 8        52.154 8
G05  21241763.111 9 111626193.806 9       568.749 9        55.660 9                                                                  21241763.111 8 111626193.806 8       568.749 8        52.660 8
G04  22026143.168 9 115748132.361 9     -2505.488 9        55.345 9                                                                  22026143.168 8 115748132.361 8     -2505.488 8        52.345 8
E04                                                                  23388973.431 9 122909851.692 9      -191.039 9        57.936 9  23388973.431 9 122909851.692 9      -191.039 9        57.936 9
E05                                                                  26198338.113 9 137673131.161 9     -2084.890 9        56.951 9  26198338.113 9 137673131.161 9     -2084.890 9        56.951 9
E11                                                                  26737454.992 9 140506209.251 9     -2446.956 9        56.774 9  26737454.992 9 140506209.251 9     -2446.956 9        56.774 9
E20                                                                  27918254.232 9 146711336.435 9     -1725.046 9        56.399 9  27918254.232 9 146711336.435 9     -1725.046 9        56.399 9
E09                                                                  24924726.322 9 130980272.165 9      2527.406 9        57.384 9  24924726.322 9 130980272.165 9      2527.406 9        57.384 9
E10                                                                  23771096.020 9 124917916.698 9       -72.302 9        57.795 9  23771096.020 9 124917916.698 9       -72.302 9        57.795 9
E03                                                                  24985898.550 9 131301741.335 9      1933.161 9        57.363 9  24985898.550 9 131301741.335 9      1933.161 9        57.363 9
> 2026 02 03 10 03 47.0000000  0 17       0.000000000000
G02  20316458.833 9 106763690.577 9      -447.014 9        56.047 9                                                                  20316458.833 8 106763690.577 8      -447.014 8        53.047 8
G13  25193381.468 9 132392044.315 9      1153.487 9        54.178 9                                                                  25193381.468 8 132392044.315 8      1153.487 8        51.178 8
G29  24791975.910 9 130282665.551 9      3074.531 9        54.318 9                                                                  24791975.910 8 130282665.551 8      3074.531 8        51.318 8
G10  22270863.415 9 117034142.810 9      3195.010 9        55.249 9                                                                  22270863.415 8 117034142.810 8      3195.010 8        52.249 8
G12  20799041.810 9 109299679.589 9        68.072 9        55.843 9                                                                  20799041.810 8 109299679.589 8        68.072 8        52.843 8
G17  24785036.304 9 130246175.990 9     -2971.225 9        54.320 9                                                                  24785036.304 8 130246175.990 8     -2971.225 8        51.320 8
G24  24254898.287 9 127460302.911 9      3030.897 9        54.508 9                                                                  24254898.287 8 127460302.911 8      3030.897 8        51.508 8
G30  22517312.377 9 118329243.264 9      2249.587 9        55.154 9                                                                  22517312.377 8 118329243.264 8      2249.587 8        52.154 8
G05  21241654.944 9 111625625.386 9       568.089 9        55.660 9                                                                  21241654.944 8 111625625.386 8       568.089 8        52.660 8
G04  22026619.964 9 115750637.932 9     -2505.667 9        55.345 9                                                                  22026619.964 8 115750637.932 8     -2505.667 8        52.345 8
E04                                                                  23389009.808 9 122910042.856 9      -191.291 9        57.936 9  23389009.808 9 122910042.856 9      -191.291 9        57.936 9
E05                                                                  26198734.870 9 137675216.127 9     -2085.060 9        56.951 9  26198734.870 9 137675216.127 9     -2085.060 9        56.951 9
E11                                                                  26737920.654 9 140508656.316 9     -2447.193 9        56.774 9  26737920.654 9 140508656.316 9     -2447.193 9        56.774 9
E20                                                                  27918582.526 9 146713061.624 9     -1725.345 9        56.399 9  27918582.526 9 146713061.624 9     -1725.345 9        56.399 9
E09                                                                  24924245.400 9 130977744.906 9      2527.122 9        57.384 9  24924245.400 9 130977744.906 9      2527.122 9        57.384 9
E10                                                                  23771109.824 9 124917989.234 9       -72.770 9        57.795 9  23771109.824 9 124917989.234 9       -72.770 9        57.795 9
E03                                                                  24985530.690 9 131299808.221 9      1933.067 9        57.363 9  24985530.690 9 131299808.221 9      1933.067 9        57.363 9
> 2026 02 03 10 03 48.0000000  0 17       0.000000000000
G02  20316543.934 9 106764137.784 9      -447.402 9        56.047 9                                                                  20316543.934 8 106764137.784 8      -447.402 8        53.047 8
G13  25193162.011 9 132390891.065 9      1153.024 9        54.178 9                                                                  25193162.011 8 132390891.065 8      1153.024 8        51.178 8
G29  24791390.843 9 130279591.008 9      3074.553 9        54.318 9                                                                  24791390.843 8 130279591.008 8      3074.553 8        51.318 8
G10  22270255.456 9 117030947.970 9      3194.679 9        55.250 9                                                                  22270255.456 8 117030947.970 8      3194.679 8        52.250 8
G12  20799028.920 9 109299611.849 9        67.406 9        55.843 9                                                                  20799028.920 8 109299611.849 8        67.406 8        52.843 8
G17  24785601.720 9 130249147.259 9     -2971.347 9        54.320 9                                                                  24785601.720 8 130249147.259 8     -2971.347 8        51.320 8
G24  24254321.542 9 127457272.098 9      3030.729 9        54.508 9                                                                  24254321.542 8 127457272.098 8      3030.729 8        51.508 8
G30  22516884.342 9 118326993.926 9      2249.088 9        55.154 9                                                                  22516884.342 8 118326993.926 8      2249.088 8        52.154 8
G05  21241546.903 9 111625057.627 9       567.428 9        55.660 9                                                                  21241546.903 8 111625057.627 8       567.428 8        52.660 8
G04  22027096.793 9 115753143.681 9     -2505.845 9        55.345 9                                                                  22027096.793 8 115753143.681 8     -2505.845 8        52.345 8
E04                                                                  23389046.233 9 122910234.272 9      -191.542 9        57.936 9  23389046.233 9 122910234.272 9      -191.542 9        57.936 9
E05                                                                  26199131.660 9 137677301.262 9     -2085.231 9        56.951 9  26199131.660 9 137677301.262 9     -2085.231 9        56.951 9
E11                                                                  26738386.362 9 140511103.618 9     -2447.429 9        56.774 9  26738386.362 9 140511103.618 9     -2447.429 9        56.774 9
E20                                                                  27918910.877 9 146714787.111 9     -1725.643 9        56.399 9  27918910.877 9 146714787.111 9     -1725.643 9        56.399 9
E09                                                                  24923764.531 9 130975217.930 9      2526.838 9        57.384 9  24923764.531 9 130975217.930 9      2526.838 9        57.384 9
E10                                                                  23771123.716 9 124918062.239 9       -73.239 9        57.795 9  23771123.716 9 124918062.239 9       -73.239 9        57.795 9
E03                                                                  24985162.848 9 131297875.202 9      1932.973 9        57.363 9  24985162.848 9 131297875.202 9      1932.973 9        57.363 9
> 2026 02 03 10 03 49.0000000  0 17       0.000000000000
G02  20316629.109 9 106764585.379 9      -447.790 9        56.047 9                                                                  20316629.109 8 106764585.379 8      -447.790 8        53.047 8
G13  25192942.642 9 132389738.277 9      1152.561 9        54.178 9                                                                  25192942.642 8 132389738.277 8      1152.561 8        51.178 8
G29  24790805.772 9 130276516.443 9      3074.575 9        54.318 9                                                                  24790805.772 8 130276516.443 8      3074.575 8        51.318 8
G10  22269647.560 9 117027753.460 9      3194.349 9        55.250 9                                                                  22269647.560 8 117027753.460 8      3194.349 8        52.250 8
G12  20799016.157 9 109299544.776 9        66.740 9        55.843 9                                                                  20799016.157 8 109299544.776 8        66.740 8        52.843 8
G17  24786167.160 9 130252118.651 9     -2971.469 9        54.320 9                                                                  24786167.160 8 130252118.651 8     -2971.469 8        51.320 8
G24  24253744.829 9 127454241.453 9      3030.561 9        54.508 9                                                                  24253744.829 8 127454241.453 8      3030.561 8        51.508 8
G30  22516456.402 9 118324745.087 9      2248.590 9        55.154 9                                                                  22516456.402 8 118324745.087 8      2248.590 8        52.154 8
G05  21241438.988 9 111624490.528 9       566.768 9        55.660 9                                                                  21241438.988 8 111624490.528 8       566.768 8        52.660 8
G04  22027573.656 9 115755649.609 9     -2506.024 9        55.345 9                                                                  22027573.656 8 115755649.609 8     -2506.024 8        52.345 8
E04                                                                  23389082.707 9 122910425.939 9      -191.794 9        57.936 9  23389082.707 9 122910425.939 9      -191.794 9        57.936 9
E05                                                                  26199528.482 9 137679386.568 9     -2085.400 9        56.951 9  26199528.482 9 137679386.568 9     -2085.400 9        56.951 9
E11                                                                  26738852.114 9 140513551.155 9     -2447.665 9        56.774 9  26738852.114 9 140513551.155 9     -2447.665 9        56.774 9
E20                                                                  27919239.285 9 146716512.896 9     -1725.941 9        56.398 9  27919239.285 9 146716512.896 9     -1725.941 9        56.398 9
E09                                                                  24923283.717 9 130972691.239 9      2526.554 9        57.384 9  24923283.717 9 130972691.239 9      2526.554 9        57.384 9
E10                                                                  23771137.697 9 124918135.712 9       -73.708 9        57.795 9  23771137.697 9 124918135.712 9       -73.708 9        57.795 9
E03                                                                  24984795.024 9 131295942.276 9      1932.879 9        57.363 9  24984795.024 9 131295942.276 9      1932.879 9        57.363 9
> 2026 02 03 10 03 50.0000000  0 17       0.000000000000
G02  20316714.358 9 106765033.362 9      -448.178 9        56.047 9                                                                  20316714.358 8 106765033.362 8      -448.178 8        53.047 8
G13  25192723.361 9 132388585.952 9      1152.098 9        54.179 9                                                                  25192723.361 8 132388585.952 8      1152.098 8        51.179 8
G29  24790220.697 9 130273441.855 9      3074.597 9        54.318 9                                                                  24790220.697 8 130273441.855 8      3074.597 8        51.318 8
G10  22269039.727 9 117024559.280 9      3194.018 9        55.250 9                                                                  22269039.727 8 117024559.280 8      3194.018 8        52.250 8
G12  20799003.520 9 109299478.368 9        66.074 9        55.843 9                                                                  20799003.520 8 109299478.368 8        66.074 8        52.843 8
G17  24786732.622 9 130255090.165 9     -2971.591 9        54.320 9                                                                  24786732.622 8 130255090.165 8     -2971.591 8        51.320 8
G24  24253168.148 9 127451210.976 9      3030.393 9        54.509 9                                                                  24253168.148 8 127451210.976 8      3030.393 8        51.509 8
G30  22516028.557 9 118322496.746 9      2248.091 9        55.154 9                                                                  22516028.557 8 118322496.746 8      2248.091 8        52.154 8
G05  21241331.198 9 111623924.089 9       566.107 9        55.660 9                                                                  21241331.198 8 111623924.089 8       566.107 8        52.660 8
G04  22028050.553 9 115758155.716 9     -2506.202 9        55.345 9                                                                  22028050.553 8 115758155.716 8     -2506.202 8        52.345 8
E04                                                                  23389119.228 9 122910617.858 9      -192.046 9        57.936 9  23389119.228 9 122910617.858 9      -192.046 9        57.936 9
E05                                                                  26199925.336 9 137681472.043 9     -2085.570 9        56.950 9  26199925.336 9 137681472.043 9     -2085.570 9        56.950 9
E11                                                                  26739317.912 9 140515998.929 9     -2447.901 9        56.773 9  26739317.912 9 140515998.929 9     -2447.901 9        56.773 9
E20                                                                  27919567.749 9 146718238.979 9     -1726.239 9        56.398 9  27919567.749 9 146718238.979 9     -1726.239 9        56.398 9
E09                                                                  24922802.957 9 130970164.832 9      2526.270 9        57.385 9  24922802.957 9 130970164.832 9      2526.270 9        57.385 9
E10                                                                  23771151.768 9 124918209.654 9       -74.176 9        57.795 9  23771151.768 9 124918209.654 9       -74.176 9        57.795 9
E03                                                                  24984427.218 9 131294009.444 9      1932.786 9        57.363 9  24984427.218 9 131294009.444 9      1932.786 9        57.363 9
> 2026 02 03 10 03 51.0000000  0 17       0.000000000000
G02  20316799.680 9 106765481.733 9      -448.566 9        56.047 9                                                                  20316799.680 8 106765481.733 8      -448.566 8        53.047 8
G13  25192504.169 9 132387434.091 9      1151.635 9        54.179 9                                                                  25192504.169 8 132387434.091 8      1151.635 8        51.179 8
G29  24789635.618 9 130270367.246 9      3074.619 9        54.319 9                                                                  24789635.618 8 130270367.246 8      3074.619 8        51.319 8
G10  22268431.957 9 117021365.431 9      3193.688 9        55.250 9                                                                  22268431.957 8 117021365.431 8      3193.688 8        52.250 8
G12  20798991.010 9 109299412.626 9        65.408 9        55.843 9                                                                  20798991.010 8 109299412.626 8        65.408 8        52.843 8
G17  24787298.108 9 130258061.801 9     -2971.714 9        54.319 9                                                                  24787298.108 8 130258061.801 8     -2971.714 8        51.319 8
G24  24252591.498 9 127448180.666 9      3030.225 9        54.509 9                                                                  24252591.498 8 127448180.666 8      3030.225 8        51.509 8
G30  22515600.806 9 118320248.905 9      2247.592 9        55.154 9                                                                  22515600.806 8 118320248.905 8      2247.592 8        52.154 8
G05  21241223.534 9 111623358.312 9       565.446 9        55.660 9                                                                  21241223.534 8 111623358.312 8       565.446 8        52.660 8
G04  22028527.484 9 115760662.001 9     -2506.381 9        55.344 9                                                                  22028527.484 8 115760662.001 8     -2506.381 8        52.344 8
E04                                                                  23389155.797 9 122910810.029 9      -192.298 9        57.936 9  23389155.797 9 122910810.029 9      -192.298 9        57.936 9
E05                                                                  26200322.223 9 137683557.688 9     -2085.740 9        56.950 9  26200322.223 9 137683557.688 9     -2085.740 9        56.950 9
E11                                                                  26739783.754 9 140518446.939 9     -2448.138 9        56.773 9  26739783.754 9 140518446.939 9     -2448.138 9        56.773 9
E20                                                                  27919896.270 9 146719965.360 9     -1726.537 9        56.398 9  27919896.270 9 146719965.360 9     -1726.537 9        56.398 9
E09                                                                  24922322.251 9 130967638.709 9      2525.986 9        57.385 9  24922322.251 9 130967638.709 9      2525.986 9        57.385 9
E10                                                                  23771165.928 9 124918284.064 9       -74.645 9        57.795 9  23771165.928 9 124918284.064 9       -74.645 9        57.795 9
E03                                                                  24984059.430 9 131292076.706 9      1932.692 9        57.363 9  24984059.430 9 131292076.706 9      1932.692 9        57.363 9
> 2026 02 03 10 03 52.0000000  0 17       0.000000000000
G02  20316885.076 9 106765930.492 9      -448.954 9        56.047 9                                                                  20316885.076 8 106765930.492 8      -448.954 8        53.047 8
G13  25192285.064 9 132386282.693 9      1151.172 9        54.179 9                                                                  25192285.064 8 132386282.693 8      1151.172 8        51.179 8
G29  24789050.535 9 130267292.615 9      3074.641 9        54.319 9                                                                  24789050.535 8 130267292.615 8      3074.641 8        51.319 8
G10  22267824.250 9 117018171.913 9      3193.357 9        55.250 9                                                                  22267824.250 8 117018171.913 8      3193.357 8        52.250 8
G12  20798978.627 9 109299347.551 9        64.742 9        55.843 9                                                                  20798978.627 8 109299347.551 8        64.742 8        52.843 8
G17  24787863.618 9 130261033.559 9     -2971.836 9        54.319 9                                                                  24787863.618 8 130261033.559 8     -2971.836 8        51.319 8
G24  24252014.881 9 127445150.526 9      3030.057 9        54.509 9                                                                  24252014.881 8 127445150.526 8      3030.057 8        51.509 8
G30  22515173.151 9 118318001.562 9      2247.093 9        55.155 9                                                                  22515173.151 8 118318001.562 8      2247.093 8        52.155 8
G05  21241115.996 9 111622793.195 9       564.786 9        55.661 9                                                                  21241115.996 8 111622793.195 8       564.786 8        52.661 8
G04  22029004.449 9 115763168.464 9     -2506.559 9        55.344 9                                                                  22029004.449 8 115763168.464 8     -2506.559 8        52.344 8
E04                                                                  23389192.414 9 122911002.451 9      -192.549 9        57.936 9  23389192.414 9 122911002.451 9      -192.549 9        57.936 9
E05                                                                  26200719.142 9 137685643.504 9     -2085.910 9        56.950 9  26200719.142 9 137685643.504 9     -2085.910 9        56.950 9
E11                                                                  26740249.641 9 140520895.184 9     -2448.374 9        56.773 9  26740249.641 9 140520895.184 9     -2448.374 9        56.773 9
E20                                                                  27920224.848 9 146721692.039 9     -1726.834 9        56.398 9  27920224.848 9 146721692.039 9     -1726.834 9        56.398 9
E09                                                                  24921841.598 9 130965112.870 9      2525.701 9        57.385 9  24921841.598 9 130965112.870 9      2525.701 9        57.385 9
E10                                                                  23771180.177 9 124918358.943 9       -75.113 9        57.795 9  23771180.177 9 124918358.943 9       -75.113 9        57.795 9
E03                                                                  24983691.660 9 131290144.063 9      1932.598 9        57.363 9  24983691.660 9 131290144.063 9      1932.598 9        57.363 9
> 2026 02 03 10 03 53.0000000  0 17       0.000000000000
G02  20316970.546 9 106766379.638 9      -449.342 9        56.047 9                                                                  20316970.546 8 106766379.638 8      -449.342 8        53.047 8
G13  25192066.048 9 132385131.758 9      1150.708 9        54.179 9                                                                  25192066.048 8 132385131.758 8      1150.708 8        51.179 8
G29  24788465.447 9 130264217.962 9      3074.663 9        54.319 9                                                                  24788465.447 8 130264217.962 8      3074.663 8        51.319 8
G10  22267216.606 9 117014978.726 9      3193.026 9        55.251 9                                                                  22267216.606 8 117014978.726 8      3193.026 8        52.251 8
G12  20798966.370 9 109299283.141 9        64.075 9        55.843 9                                                                  20798966.370 8 109299283.141 8        64.075 8        52.843 8
G17  24788429.150 9 130264005.440 9     -2971.958 9        54.319 9                                                                  24788429.150 8 130264005.440 8     -2971.958 8        51.319 8
G24  24251438.296 9 127442120.553 9      3029.889 9        54.509 9                                                                  24251438.296 8 127442120.553 8      3029.889 8        51.509 8
G30  22514745.590 9 118315754.718 9      2246.594 9        55.155 9                                                                  22514745.590 8 118315754.718 8      2246.594 8        52.155 8
G05  21241008.584 9 111622228.738 9       564.125 9        55.661 9                                                                  21241008.584 8 111622228.738 8       564.125 8        52.661 8
G04  22029481.448 9 115765675.106 9     -2506.737 9        55.344 9                                                                  22029481.448 8 115765675.106 8     -2506.737 8        52.344 8
E04                                                                  23389229.079 9 122911195.126 9      -192.801 9        57.936 9  23389229.079 9 122911195.126 9      -192.801 9        57.936 9
E05                                                                  26201116.093 9 137687729.489 9     -2086.080 9        56.950 9  26201116.093 9 137687729.489 9     -2086.080 9        56.950 9
E11                                                                  26740715.573 9 140523343.666 9     -2448.609 9        56.773 9  26740715.573 9 140523343.666 9     -2448.609 9        56.773 9
E20                                                                  27920553.482 9 146723419.016 9     -1727.132 9        56.398 9  27920553.482 9 146723419.016 9     -1727.132 9        56.398 9
E09                                                                  24921361.001 9 130962587.316 9      2525.417 9        57.385 9  24921361.001 9 130962587.316 9      2525.417 9        57.385 9
E10                                                                  23771194.515 9 124918434.290 9       -75.581 9        57.795 9  23771194.515 9 124918434.290 9       -75.581 9        57.795 9
E03                                                                  24983323.907 9 131288211.513 9      1932.504 9        57.363 9  24983323.907 9 131288211.513 9      1932.504 9        57.363 9
> 2026 02 03 10 03 54.0000000  0 17       0.000000000000
G02  20317056.090 9 106766829.173 9      -449.730 9        56.047 9                                                                  20317056.090 8 106766829.173 8      -449.730 8        53.047 8
G13  25191847.120 9 132383981.286 9      1150.245 9        54.179 9                                                                  25191847.120 8 132383981.286 8      1150.245 8        51.179 8
G29  24787880.356 9 130261143.287 9      3074.685 9        54.319 9                                                                  24787880.356 8 130261143.287 8      3074.685 8        51.319 8
G10  22266609.025 9 117011785.869 9      3192.695 9        55.251 9                                                                  22266609.025 8 117011785.869 8      3192.695 8        52.251 8
G12  20798954.240 9 109299219.398 9        63.409 9        55.843 9                                                                  20798954.240 8 109299219.398 8        63.409 8        52.843 8
G17  24788994.706 9 130266977.442 9     -2972.080 9        54.319 9                                                                  24788994.706 8 130266977.442 8     -2972.080 8        51.319 8
G24  24250861.742 9 127439090.748 9      3029.721 9        54.510 9                                                                  24250861.742 8 127439090.748 8      3029.721 8        51.510 8
G30  22514318.125 9 118313508.374 9      2246.095 9        55.155 9                                                                  22514318.125 8 118313508.374 8      2246.095 8        52.155 8
G05  21240901.297 9 111621664.943 9       563.464 9        55.661 9                                                                  21240901.297 8 111621664.943 8       563.464 8        52.661 8
G04  22029958.481 9 115768181.925 9     -2506.915 9        55.344 9                                                                  22029958.481 8 115768181.925 8     -2506.915 8        52.344 8
E04                                                                  23389265.791 9 122911388.052 9      -193.053 9        57.936 9  23389265.791 9 122911388.052 9      -193.053 9        57.936 9
E05                                                                  26201513.077 9 137689815.644 9     -2086.250 9        56.950 9  26201513.077 9 137689815.644 9     -2086.250 9        56.950 9
E11                                                                  26741181.550 9 140525792.384 9     -2448.845 9        56.773 9  26741181.550 9 140525792.384 9     -2448.845 9        56.773 9
E20                                                                  27920882.173 9 146725146.291 9     -1727.430 9        56.398 9  27920882.173 9 146725146.291 9     -1727.430 9        56.398 9
E09                                                                  24920880.457 9 130960062.046 9      2525.133 9        57.385 9  24920880.457 9 130960062.046 9      2525.133 9        57.385 9
E10                                                                  23771208.942 9 124918510.106 9       -76.050 9        57.795 9  23771208.942 9 124918510.106 9       -76.050 9        57.795 9
E03                                                                  24982956.173 9 131286279.057 9      1932.410 9        57.364 9  24982956.173 9 131286279.057 9      1932.410 9        57.364 9
> 2026 02 03 10 03 55.0000000  0 17       0.000000000000
G02  20317141.708 9 106767279.096 9      -450.117 9        56.047 9                                                                  20317141.708 8 106767279.096 8      -450.117 8        53.047 8
G13  25191628.280 9 132382831.278 9      1149.781 9        54.179 9                                                                  25191628.280 8 132382831.278 8      1149.781 8        51.179 8
G29  24787295.260 9 130258068.590 9      3074.707 9        54.319 9                                                                  24787295.260 8 130258068.590 8      3074.707 8        51.319 8
G10  22266001.507 9 117008593.344 9      3192.364 9        55.251 9                                                                  22266001.507 8 117008593.344 8      3192.364 8        52.251 8
G12  20798942.237 9 109299156.321 9        62.743 9        55.843 9                                                                  20798942.237 8 109299156.321 8        62.743 8        52.843 8
G17  24789560.285 9 130269949.567 9     -2972.202 9        54.319 9                                                                  24789560.285 8 130269949.567 8     -2972.202 8        51.319 8
G24  24250285.221 9 127436061.112 9      3029.553 9        54.510 9                                                                  24250285.221 8 127436061.112 8      3029.553 8        51.510 8
G30  22513890.754 9 118311262.528 9      2245.596 9        55.155 9                                                                  22513890.754 8 118311262.528 8      2245.596 8        52.155 8
G05  21240794.136 9 111621101.808 9       562.804 9        55.661 9                                                                  21240794.136 8 111621101.808 8       562.804 8        52.661 8
G04  22030435.548 9 115770688.923 9     -2507.094 9        55.344 9                                                                  22030435.548 8 115770688.923 8     -2507.094 8        52.344 8
E04                                                                  23389302.552 9 122911581.230 9      -193.305 9        57.936 9  23389302.552 9 122911581.230 9      -193.305 9        57.936 9
E05                                                                  26201910.093 9 137691901.969 9     -2086.420 9        56.950 9  26201910.093 9 137691901.969 9     -2086.420 9        56.950 9
E11                                                                  26741647.572 9 140528241.338 9     -2449.081 9        56.773 9  26741647.572 9 140528241.338 9     -2449.081 9        56.773 9
E20                                                                  27921210.921 9 146726873.863 9     -1727.728 9        56.398 9  27921210.921 9 146726873.863 9     -1727.728 9        56.398 9
E09                                                                  24920399.967 9 130957537.060 9      2524.849 9        57.385 9  24920399.967 9 130957537.060 9      2524.849 9        57.385 9
E10                                                                  23771223.458 9 124918586.390 9       -76.518 9        57.795 9  23771223.458 9 124918586.390 9       -76.518 9        57.795 9
E03                                                                  24982588.456 9 131284346.695 9      1932.316 9        57.364 9  24982588.456 9 131284346.695 9      1932.316 9        57.364 9
> 2026 02 03 10 03 56.0000000  0 17       0.000000000000
G02  20317227.399 9 106767729.406 9      -450.505 9        56.047 9                                                                  20317227.399 8 106767729.406 8      -450.505 8        53.047 8
G13  25191409.528 9 132381681.734 9      1149.318 9        54.179 9                                                                  25191409.528 8 132381681.734 8      1149.318 8        51.179 8
G29  24786710.160 9 130254993.871 9      3074.729 9        54.320 9                                                                  24786710.160 8 130254993.871 8      3074.729 8        51.320 8
G10  22265394.052 9 117005401.149 9      3192.033 9        55.251 9                                                                  22265394.052 8 117005401.149 8      3192.033 8        52.251 8
G12  20798930.361 9 109299093.910 9        62.077 9        55.843 9                                                                  20798930.361 8 109299093.910 8        62.077 8        52.843 8
G17  24790125.887 9 130272921.814 9     -2972.324 9        54.318 9                                                                  24790125.887 8 130272921.814 8     -2972.324 8        51.318 8
G24  24249708.732 9 127433031.643 9      3029.385 9        54.510 9                                                                  24249708.732 8 127433031.643 8      3029.385 8        51.510 8
G30  22513463.479 9 118309017.182 9      2245.096 9        55.155 9                                                                  22513463.479 8 118309017.182 8      2245.096 8        52.155 8
G05  21240687.101 9 111620539.334 9       562.143 9        55.661 9                                                                  21240687.101 8 111620539.334 8       562.143 8        52.661 8
G04  22030912.648 9 115773196.099 9     -2507.272 9        55.343 9                                                                  22030912.648 8 115773196.099 8     -2507.272 8        52.343 8
E04                                                                  23389339.361 9 122911774.660 9      -193.557 9        57.936 9  23389339.361 9 122911774.660 9      -193.557 9        57.936 9
E05                                                                  26202307.141 9 137693988.464 9     -2086.590 9        56.950 9  26202307.141 9 137693988.464 9     -2086.590 9        56.950 9
E11                                                                  26742113.639 9 140530690.527 9     -2449.317 9        56.773 9  26742113.639 9 140530690.527 9     -2449.317 9        56.773 9
E20                                                                  27921539.725 9 146728601.732 9     -1728.025 9        56.398 9  27921539.725 9 146728601.732 9     -1728.025 9        56.398 9
E09                                                                  24919919.531 9 130955012.359 9      2524.564 9        57.386 9  24919919.531 9 130955012.359 9      2524.564 9        57.386 9
E10                                                                  23771238.064 9 124918663.142 9       -76.987 9        57.795 9  23771238.064 9 124918663.142 9       -76.987 9        57.795 9
E03                                                                  24982220.757 9 131282414.428 9      1932.221 9        57.364 9  24982220.757 9 131282414.428 9      1932.221 9        57.364 9
> 2026 02 03 10 03 57.0000000  0 17       0.000000000000
G02  20317313.164 9 106768180.104 9      -450.893 9        56.047 9                                                                  20317313.164 8 106768180.104 8      -450.893 8        53.047 8
G13  25191190.864 9 132380532.653 9      1148.854 9        54.179 9                                                                  25191190.864 8 132380532.653 8      1148.854 8        51.179 8
G29  24786125.056 9 130251919.130 9      3074.751 9        54.320 9                                                                  24786125.056 8 130251919.130 8      3074.751 8        51.320 8
G10  22264786.659 9 117002209.286 9      3191.702 9        55.252 9                                                                  22264786.659 8 117002209.286 8      3191.702 8        52.252 8
G12  20798918.612 9 109299032.165 9        61.411 9        55.843 9                                                                  20798918.612 8 109299032.165 8        61.411 8        52.843 8
G17  24790691.513 9 130275894.183 9     -2972.447 9        54.318 9                                                                  24790691.513 8 130275894.183 8     -2972.447 8        51.318 8
G24  24249132.274 9 127430002.343 9      3029.216 9        54.510 9                                                                  24249132.274 8 127430002.343 8      3029.216 8        51.510 8
G30  22513036.298 9 118306772.335 9      2244.597 9        55.155 9                                                                  22513036.298 8 118306772.335 8      2244.597 8        52.155 8
G05  21240580.192 9 111619977.520 9       561.482 9        55.661 9                                                                  21240580.192 8 111619977.520 8       561.482 8        52.661 8
G04  22031389.783 9 115775703.454 9     -2507.450 9        55.343 9                                                                  22031389.783 8 115775703.454 8     -2507.450 8        52.343 8
E04                                                                  23389376.217 9 122911968.342 9      -193.809 9        57.936 9  23389376.217 9 122911968.342 9      -193.809 9        57.936 9
E05                                                                  26202704.222 9 137696075.128 9     -2086.760 9        56.950 9  26202704.222 9 137696075.128 9     -2086.760 9        56.950 9
E11                                                                  26742579.751 9 140533139.952 9     -2449.553 9        56.772 9  26742579.751 9 140533139.952 9     -2449.553 9        56.772 9
E20                                                                  27921868.586 9 146730329.900 9     -1728.323 9        56.398 9  27921868.586 9 146730329.900 9     -1728.323 9        56.398 9
E09                                                                  24919439.150 9 130952487.942 9      2524.279 9        57.386 9  24919439.150 9 130952487.942 9      2524.279 9        57.386 9
E10                                                                  23771252.759 9 124918740.363 9       -77.455 9        57.795 9  23771252.759 9 124918740.363 9       -77.455 9        57.795 9
E03                                                                  24981853.077 9 131280482.254 9      1932.127 9        57.364 9  24981853.077 9 131280482.254 9      1932.127 9        57.364 9
> 2026 02 03 10 03 58.0000000  0 17       0.000000000000
G02  20317399.003 9 106768631.190 9      -451.281 9        56.047 9                                                                  20317399.003 8 106768631.190 8      -451.281 8        53.047 8
G13  25190972.289 9 132379384.036 9      1148.391 9        54.179 9                                                                  25190972.289 8 132379384.036 8      1148.391 8        51.179 8
G29  24785539.948 9 130248844.368 9      3074.772 9        54.320 9                                                                  24785539.948 8 130248844.368 8      3074.772 8        51.320 8
G10  22264179.330 9 116999017.754 9      3191.371 9        55.252 9                                                                  22264179.330 8 116999017.754 8      3191.371 8        52.252 8
G12  20798906.989 9 109298971.086 9        60.745 9        55.843 9                                                                  20798906.989 8 109298971.086 8        60.745 8        52.843 8
G17  24791257.162 9 130278866.674 9     -2972.569 9        54.318 9                                                                  24791257.162 8 130278866.674 8     -2972.569 8        51.318 8
G24  24248555.849 9 127426973.211 9      3029.048 9        54.510 9                                                                  24248555.849 8 127426973.211 8      3029.048 8        51.510 8
G30  22512609.213 9 118304527.988 9      2244.098 9        55.156 9                                                                  22512609.213 8 118304527.988 8      2244.098 8        52.156 8
G05  21240473.408 9 111619416.368 9       560.821 9        55.661 9                                                                  21240473.408 8 111619416.368 8       560.821 8        52.661 8
G04  22031866.951 9 115778210.986 9     -2507.628 9        55.343 9                                                                  22031866.951 8 115778210.986 8     -2507.628 8        52.343 8
E04                                                                  23389413.122 9 122912162.276 9      -194.061 9        57.936 9  23389413.122 9 122912162.276 9      -194.061 9        57.936 9
E05                                                                  26203101.335 9 137698161.963 9     -2086.930 9        56.949 9  26203101.335 9 137698161.963 9     -2086.930 9        56.949 9
E11                                                                  26743045.907 9 140535589.614 9     -2449.789 9        56.772 9  26743045.907 9 140535589.614 9     -2449.789 9        56.772 9
E20                                                                  27922197.504 9 146732058.365 9     -1728.620 9        56.397 9  27922197.504 9 146732058.365 9     -1728.620 9        56.397 9
E09                                                                  24918958.822 9 130949963.809 9      2523.995 9        57.386 9  24918958.822 9 130949963.809 9      2523.995 9        57.386 9
E10                                                                  23771267.542 9 124918818.052 9       -77.923 9        57.795 9  23771267.542 9 124918818.052 9       -77.923 9        57.795 9
E03                                                                  24981485.414 9 131278550.175 9      1932.033 9        57.364 9  24981485.414 9 131278550.175 9      1932.033 9        57.364 9
> 2026 02 03 10 03 59.0000000  0 17       0.000000000000
G02  20317484.916 9 106769082.663 9      -451.668 9        56.047 9                                                                  20317484.916 8 106769082.663 8      -451.668 8        53.047 8
G13  25190753.802 9 132378235.882 9      1147.927 9        54.179 9                                                                  25190753.802 8 132378235.882 8      1147.927 8        51.179 8
G29  24784954.835 9 130245769.584 9      3074.794 9        54.320 9                                                                  24784954.835 8 130245769.584 8      3074.794 8        51.320 8
G10  22263572.064 9 116995826.553 9      3191.039 9        55.252 9                                                                  22263572.064 8 116995826.553 8      3191.039 8        52.252 8
G12  20798895.493 9 109298910.673 9        60.079 9        55.843 9                                                                  20798895.493 8 109298910.673 8        60.079 8        52.843 8
G17  24791822.834 9 130281839.287 9     -2972.691 9        54.318 9                                                                  24791822.834 8 130281839.287 8     -2972.691 8        51.318 8
G24  24247979.456 9 127423944.248 9      3028.880 9        54.511 9                                                                  24247979.456 8 127423944.248 8      3028.880 8        51.511 8
G30  22512182.223 9 118302284.140 9      2243.598 9        55.156 9                                                                  22512182.223 8 118302284.140 8      2243.598 8        52.156 8
G05  21240366.750 9 111618855.876 9       560.160 9        55.661 9                                                                  21240366.750 8 111618855.876 8       560.160 8        52.661 8
G04  22032344.154 9 115780718.696 9     -2507.806 9        55.343 9                                                                  22032344.154 8 115780718.696 8     -2507.806 8        52.343 8
E04                                                                  23389450.074 9 122912356.462 9      -194.313 9        57.936 9  23389450.074 9 122912356.462 9      -194.313 9        57.936 9
E05                                                                  26203498.480 9 137700248.968 9     -2087.100 9        56.949 9  26203498.480 9 137700248.968 9     -2087.100 9        56.949 9
E11                                                                  26743512.108 9 140538039.510 9     -2450.024 9        56.772 9  26743512.108 9 140538039.510 9     -2450.024 9        56.772 9
E20                                                                  27922526.478 9 146733787.127 9     -1728.918 9        56.397 9  27922526.478 9 146733787.127 9     -1728.918 9        56.397 9
E09                                                                  24918478.549 9 130947439.961 9      2523.710 9        57.386 9  24918478.549 9 130947439.961 9      2523.710 9        57.386 9
E10                                                                  23771282.415 9 124918896.210 9       -78.392 9        57.795 9  23771282.415 9 124918896.210 9       -78.392 9        57.795 9
E03                                                                  24981117.769 9 131276618.190 9      1931.939 9        57.364 9  24981117.769 9 131276618.190 9      1931.939 9        57.364 9
> 2026 02 03 10 04  0.0000000  0 17       0.000000000000
G02  20317570.902 9 106769534.524 9      -452.056 9        56.047 9                                                                  20317570.902 8 106769534.524 8      -452.056 8        53.047 8
G13  25190535.403 9 132377088.193 9      1147.463 9        54.179 9                                                                  25190535.403 8 132377088.193 8      1147.463 8        51.179 8
G29  24784369.719 9 130242694.778 9      3074.816 9        54.321 9                                                                  24784369.719 8 130242694.778 8      3074.816 8        51.321 8
G10  22262964.861 9 116992635.684 9      3190.708 9        55.252 9                                                                  22262964.861 8 116992635.684 8      3190.708 8        52.252 8
G12  20798884.124 9 109298850.927 9        59.412 9        55.843 9                                                                  20798884.124 8 109298850.927 8        59.412 8        52.843 8
G17  24792388.529 9 130284812.022 9     -2972.813 9        54.318 9                                                                  24792388.529 8 130284812.022 8     -2972.813 8        51.318 8
G24  24247403.095 9 127420915.453 9      3028.711 9        54.511 9                                                                  24247403.095 8 127420915.453 8      3028.711 8        51.511 8
G30  22511755.327 9 118300040.792 9      2243.098 9        55.156 9                                                                  22511755.327 8 118300040.792 8      2243.098 8        52.156 8
G05  21240260.218 9 111618296.045 9       559.500 9        55.661 9                                                                  21240260.218 8 111618296.045 8       559.500 8        52.661 8
G04  22032821.390 9 115783226.584 9     -2507.984 9        55.343 9                                                                  22032821.390 8 115783226.584 8     -2507.984 8        52.343 8
E04                                                                  23389487.075 9 122912550.900 9      -194.565 9        57.936 9  23389487.075 9 122912550.900 9      -194.565 9        57.936 9
E05                                                                  26203895.657 9 137702336.143 9     -2087.270 9        56.949 9  26203895.657 9 137702336.143 9     -2087.270 9        56.949 9
E11                                                                  26743978.354 9 140540489.642 9     -2450.260 9        56.772 9  26743978.354 9 140540489.642 9     -2450.260 9        56.772 9
E20                                                                  27922855.509 9 146735516.186 9     -1729.215 9        56.397 9  27922855.509 9 146735516.186 9     -1729.215 9        56.397 9
E09                                                                  24917998.330 9 130944916.398 9      2523.426 9        57.386 9  24917998.330 9 130944916.398 9      2523.426 9        57.386 9
E10                                                                  23771297.377 9 124918974.836 9       -78.860 9        57.795 9  23771297.377 9 124918974.836 9       -78.860 9        57.795 9
E03                                                                  24980750.142 9 131274686.299 9      1931.844 9        57.364 9  24980750.142 9 131274686.299 9      1931.844 9        57.364 9
> 2026 02 03 10 04  1.0000000  0 17       0.000000000000
G02  20317656.962 9 106769986.772 9      -452.443 9        56.047 9                                                                  20317656.962 8 106769986.772 8      -452.443 8        53.047 8
G13  25190317.092 9 132375940.967 9      1146.999 9        54.179 9                                                                  25190317.092 8 132375940.967 8      1146.999 8        51.179 8
G29  24783784.598 9 130239619.950 9      3074.838 9        54.321 9                                                                  24783784.598 8 130239619.950 8      3074.838 8        51.321 8
G10  22262357.721 9 116989445.146 9      3190.376 9        55.253 9                                                                  22262357.721 8 116989445.146 8      3190.376 8        52.253 8
G12  20798872.881 9 109298791.846 9        58.746 9        55.843 9                                                                  20798872.881 8 109298791.846 8        58.746 8        52.843 8
G17  24792954.247 9 130287784.879 9     -2972.935 9        54.317 9                                                                  24792954.247 8 130287784.879 8     -2972.935 8        51.317 8
G24  24246826.765 9 127417886.825 9      3028.543 9        54.511 9                                                                  24246826.765 8 127417886.825 8      3028.543 8        51.511 8
G30  22511328.527 9 118297797.943 9      2242.599 9        55.156 9                                                                  22511328.527 8 118297797.943 8      2242.599 8        52.156 8
G05  21240153.811 9 111617736.875 9       558.839 9        55.661 9                                                                  21240153.811 8 111617736.875 8       558.839 8        52.661 8
G04  22033298.660 9 115785734.650 9     -2508.161 9        55.342 9                                                                  22033298.660 8 115785734.650 8     -2508.161 8        52.342 8
E04                                                                  23389524.123 9 122912745.590 9      -194.817 9        57.936 9  23389524.123 9 122912745.590 9      -194.817 9        57.936 9
E05                                                                  26204292.867 9 137704423.487 9     -2087.439 9        56.949 9  26204292.867 9 137704423.487 9     -2087.439 9        56.949 9
E11                                                                  26744444.645 9 140542940.010 9     -2450.495 9        56.772 9  26744444.645 9 140542940.010 9     -2450.495 9        56.772 9
E20                                                                  27923184.596 9 146737245.543 9     -1729.512 9        56.397 9  27923184.596 9 146737245.543 9     -1729.512 9        56.397 9
E09                                                                  24917518.165 9 130942393.120 9      2523.141 9        57.386 9  24917518.165 9 130942393.120 9      2523.141 9        57.386 9
E10                                                                  23771312.428 9 124919053.930 9       -79.328 9        57.795 9  23771312.428 9 124919053.930 9       -79.328 9        57.795 9
E03                                                                  24980382.533 9 131272754.503 9      1931.750 9        57.364 9  24980382.533 9 131272754.503 9      1931.750 9        57.364 9
