     3.05           OBSERVATION DATA    M: MIXED            RINEX VERSION / TYPE
PosApp V10.02.00.WFS_02_TS2770Spirent             20260203 100018 UTC PGM / RUN BY / DATE 
                                                            MARKER NAME         
GEODETIC                                                    MARKER TYPE         
                    Spirent                                 OBSERVER / AGENCY   
rec_num             rec_type            rec_vers            REC # / TYPE / VERS 
4                   ant_type                                ANT # / TYPE        
     1.000                                                  INTERVAL            
  2026     2     3    10     0    0.0000000     GPS         TIME OF FIRST OBS   
  4840172.5027  -314045.0738  4128964.5590                  APPROX POSITION XYZ 
        0.0000        0.0000        0.0000                  ANTENNA: DELTA H/E/N
G   12 C1C L1C D1C S1C C1X L1X D1X S1X C1P L1P D1P S1P      SYS / # / OBS TYPES 
E   12 C1A L1A D1A S1A C1B L1B D1B S1B C1C L1C D1C S1C      SYS / # / OBS TYPES 
GNSS SIMULATOR OUTPUTS ALIGNED CARRIER PHASES.              COMMENT             
NO FURTHER PHASE SHIFTS APPLIED IN THE RINEX ENCODER.       COMMENT             
G L1C                                                       SYS / PHASE SHIFT   
G L1X  0.00000                                              SYS / PHASE SHIFT   
G L1P  0.00000                                              SYS / PHASE SHIFT   
E L1A  0.00000                                              SYS / PHASE SHIFT   
E L1B                                                       SYS / PHASE SHIFT   
E L1C  0.00000                                              SYS / PHASE SHIFT   
DBHZ                                                        SIGNAL STRENGTH UNIT
                                                            END OF HEADER       
> 2026 02 03 10 00  0.0000000  0 18       0.000000000000
G02  20299067.043 9 106672296.327 9      -357.878 9        56.055 9                                                                  20299067.043 8 106672296.327 8      -357.878 8        53.055 8
G09  25235115.304 9 132611366.950 9     -2817.936 9        54.164 9                                                                  25235115.304 8 132611366.950 8     -2817.936 8        51.164 8
G13  25245449.767 9 132665664.113 9      1256.566 9        54.160 9                                                                  25245449.767 8 132665664.113 8      1256.566 8        51.160 8
G29  24924667.029 9 130979961.593 9      3068.762 9        54.271 9                                                                  24924667.029 8 130979961.593 8      3068.762 8        51.271 8
G10  22410459.359 9 117767723.509 9      3267.393 9        55.195 9                                                                  22410459.359 8 117767723.509 8      3267.393 8        52.195 8
G12  20805242.409 9 109332264.148 9       218.879 9        55.841 9                                                                  20805242.409 8 109332264.148 8       218.879 8        52.841 8
G17  24657295.805 9 129574898.058 9     -2942.958 9        54.365 9                                                                  24657295.805 8 129574898.058 8     -2942.958 8        51.365 8
G24  24386636.461 9 128152590.891 9      3068.292 9        54.461 9                                                                  24386636.461 8 128152590.891 8      3068.292 8        51.461 8
G30  22616899.412 9 118852576.281 9      2360.526 9        55.115 9                                                                  22616899.412 8 118852576.281 8      2360.526 8        52.115 8
G05  21269421.952 9 111771542.090 9       717.251 9        55.649 9                                                                  21269421.952 8 111771542.090 8       717.251 8        52.649 8
G04  21919280.284 9 115186565.169 9     -2463.650 9        55.388 9                                                                  21919280.284 8 115186565.169 8     -2463.650 8        52.388 8
E04                                                                  23381971.193 9 122873054.840 9      -134.817 9        57.939 9  23381971.193 9 122873054.840 9      -134.817 9        57.939 9
E05                                                                  26109501.405 9 137206292.858 9     -2046.418 9        56.981 9  26109501.405 9 137206292.858 9     -2046.418 9        56.981 9
E11                                                                  26633392.525 9 139959359.028 9     -2391.887 9        56.808 9  26633392.525 9 139959359.028 9     -2391.887 9        56.808 9
E20                                                                  27845539.816 9 146329221.501 9     -1655.927 9        56.421 9  27845539.816 9 146329221.501 9     -1655.927 9        56.421 9
E09                                                                  25034782.032 9 131558617.643 9      2590.254 9        57.346 9  25034782.032 9 131558617.643 9      2590.254 9        57.346 9
E10                                                                  23770269.208 9 124913571.742 9        33.974 9        57.796 9  23770269.208 9 124913571.742 9        33.974 9        57.796 9
E03                                                                  25069480.284 9 131740965.827 9      1953.498 9        57.334 9  25069480.284 9 131740965.827 9      1953.498 9        57.334 9
> 2026 02 03 10 00  1.0000000  0 18       0.000000000000
G02  20299135.183 9 106672654.403 9      -358.275 9        56.055 9                                                                  20299135.183 8 106672654.403 8      -358.275 8        53.055 8
G09  25235651.556 9 132614184.965 9     -2817.999 9        54.164 9                                                                  25235651.556 8 132614184.965 8     -2817.999 8        51.164 8
G13  25245210.684 9 132664407.729 9      1256.167 9        54.160 9                                                                  25245210.684 8 132664407.729 8      1256.167 8        51.160 8
G29  24924083.050 9 130976892.765 9      3068.841 9        54.272 9                                                                  24924083.050 8 130976892.765 8      3068.841 8        51.272 8
G10  22409837.623 9 117764456.269 9      3267.091 9        55.195 9                                                                  22409837.623 8 117764456.269 8      3267.091 8        52.195 8
G12  20805200.821 9 109332045.600 9       218.216 9        55.841 9                                                                  20805200.821 8 109332045.600 8       218.216 8        52.841 8
G17  24657855.849 9 129577841.100 9     -2943.121 9        54.365 9                                                                  24657855.849 8 129577841.100 8     -2943.121 8        51.365 8
G24  24386052.595 9 128149522.657 9      3068.154 9        54.461 9                                                                  24386052.595 8 128149522.657 8      3068.154 8        51.461 8
G30  22616450.263 9 118850215.990 9      2360.052 9        55.116 9                                                                  22616450.263 8 118850215.990 8      2360.052 8        52.116 8
G05  21269285.526 9 111770825.164 9       716.598 9        55.649 9                                                                  21269285.526 8 111770825.164 8       716.598 8        52.649 8
G04  21919749.120 9 115189028.913 9     -2463.846 9        55.387 9                                                                  21919749.120 8 115189028.913 8     -2463.846 8        52.387 8
E04                                                                  23381996.871 9 122873189.779 9      -135.063 9        57.939 9  23381996.871 9 122873189.779 9      -135.063 9        57.939 9
E05                                                                  26109890.843 9 137208339.359 9     -2046.596 9        56.980 9  26109890.843 9 137208339.359 9     -2046.596 9        56.980 9
E11                                                                  26633847.711 9 139961751.041 9     -2392.148 9        56.808 9  26633847.711 9 139961751.041 9     -2392.148 9        56.808 9
E20                                                                  27845854.963 9 146330877.601 9     -1656.263 9        56.421 9  27845854.963 9 146330877.601 9     -1656.263 9        56.421 9
E09                                                                  25034289.148 9 131556027.526 9      2589.987 9        57.346 9  25034289.148 9 131556027.526 9      2589.987 9        57.346 9
E10                                                                  23770262.788 9 124913538.004 9        33.502 9        57.796 9  23770262.788 9 124913538.004 9        33.502 9        57.796 9
E03                                                                  25069108.553 9 131739012.370 9      1953.415 9        57.334 9  25069108.553 9 131739012.370 9      1953.415 9        57.334 9
> 2026 02 03 10 00  2.0000000  0 18       0.000000000000
G02  20299203.398 9 106673012.876 9      -358.673 9        56.054 9                                                                  20299203.398 8 106673012.876 8      -358.673 8        53.054 8
G09  25236187.799 9 132617002.935 9     -2817.955 9        54.164 9                                                                  25236187.799 8 132617002.935 8     -2817.955 8        51.164 8
G13  25244971.686 9 132663151.791 9      1255.721 9        54.161 9                                                                  25244971.686 8 132663151.791 8      1255.721 8        51.161 8
G29  24923499.065 9 130973823.908 9      3068.870 9        54.272 9                                                                  24923499.065 8 130973823.908 8      3068.870 8        51.272 8
G10  22409215.946 9 117761189.335 9      3266.784 9        55.196 9                                                                  22409215.946 8 117761189.335 8      3266.784 8        52.196 8
G12  20805159.359 9 109331827.714 9       217.554 9        55.841 9                                                                  20805159.359 8 109331827.714 8       217.554 8        52.841 8
G17  24658415.918 9 129580784.268 9     -2943.248 9        54.365 9                                                                  24658415.918 8 129580784.268 8     -2943.248 8        51.365 8
G24  24385468.759 9 128146454.584 9      3067.992 9        54.461 9                                                                  24385468.759 8 128146454.584 8      3067.992 8        51.461 8
G30  22616001.206 9 118847856.177 9      2359.573 9        55.116 9                                                                  22616001.206 8 118847856.177 8      2359.573 8        52.116 8
G05  21269149.224 9 111770108.892 9       715.945 9        55.649 9                                                                  21269149.224 8 111770108.892 8       715.945 8        52.649 8
G04  21920217.992 9 115191492.849 9     -2464.038 9        55.387 9                                                                  21920217.992 8 115191492.849 8     -2464.038 8        52.387 8
E04                                                                  23382022.596 9 122873324.964 9      -135.309 9        57.939 9  23382022.596 9 122873324.964 9      -135.309 9        57.939 9
E05                                                                  26110280.313 9 137210386.031 9     -2046.766 9        56.980 9  26110280.313 9 137210386.031 9     -2046.766 9        56.980 9
E11                                                                  26634302.945 9 139964143.305 9     -2392.398 9        56.808 9  26634302.945 9 139964143.305 9     -2392.398 9        56.808 9
E20                                                                  27846170.170 9 146332534.014 9     -1656.576 9        56.421 9  27846170.170 9 146332534.014 9     -1656.576 9        56.421 9
E09                                                                  25033796.316 9 131553437.681 9      2589.714 9        57.346 9  25033796.316 9 131553437.681 9      2589.714 9        57.346 9
E10                                                                  23770256.457 9 124913504.738 9        33.030 9        57.796 9  23770256.457 9 124913504.738 9        33.030 9        57.796 9
E03                                                                  25068736.839 9 131737059.000 9      1953.328 9        57.334 9  25068736.839 9 131737059.000 9      1953.328 9        57.334 9
> 2026 02 03 10 00  3.0000000  0 18       0.000000000000
G02  20299271.689 9 106673371.746 9      -359.070 9        56.054 9                                                                  20299271.689 8 106673371.746 8      -359.070 8        53.054 8
G09  25236724.035 9 132619820.861 9     -2817.911 9        54.163 9                                                                  25236724.035 8 132619820.861 8     -2817.911 8        51.163 8
G13  25244732.773 9 132661896.298 9      1255.275 9        54.161 9                                                                  25244732.773 8 132661896.298 8      1255.275 8        51.161 8
G29  24922915.076 9 130970755.023 9      3068.898 9        54.272 9                                                                  24922915.076 8 130970755.023 8      3068.898 8        51.272 8
G10  22408594.327 9 117757922.710 9      3266.476 9        55.196 9                                                                  22408594.327 8 117757922.710 8      3266.476 8        52.196 8
G12  20805118.023 9 109331610.491 9       216.891 9        55.841 9                                                                  20805118.023 8 109331610.491 8       216.891 8        52.841 8
G17  24658976.011 9 129583727.563 9     -2943.374 9        54.365 9                                                                  24658976.011 8 129583727.563 8     -2943.374 8        51.365 8
G24  24384884.955 9 128143386.673 9      3067.831 9        54.462 9                                                                  24384884.955 8 128143386.673 8      3067.831 8        51.462 8
G30  22615552.239 9 118845496.844 9      2359.094 9        55.116 9                                                                  22615552.239 8 118845496.844 8      2359.094 8        52.116 8
G05  21269013.047 9 111769393.274 9       715.291 9        55.649 9                                                                  21269013.047 8 111769393.274 8       715.291 8        52.649 8
G04  21920686.901 9 115193956.976 9     -2464.229 9        55.387 9                                                                  21920686.901 8 115193956.976 8     -2464.229 8        52.387 8
E04                                                                  23382048.368 9 122873460.395 9      -135.555 9        57.939 9  23382048.368 9 122873460.395 9      -135.555 9        57.939 9
E05                                                                  26110669.815 9 137212432.873 9     -2046.937 9        56.980 9  26110669.815 9 137212432.873 9     -2046.937 9        56.980 9
E11                                                                  26634758.227 9 139966535.820 9     -2392.649 9        56.807 9  26634758.227 9 139966535.820 9     -2392.649 9        56.807 9
E20                                                                  27846485.436 9 146334190.740 9     -1656.889 9        56.421 9  27846485.436 9 146334190.740 9     -1656.889 9        56.421 9
E09                                                                  25033303.535 9 131550848.108 9      2589.442 9        57.346 9  25033303.535 9 131550848.108 9      2589.442 9        57.346 9
E10                                                                  23770250.217 9 124913471.944 9        32.559 9        57.796 9  23770250.217 9 124913471.944 9        32.559 9        57.796 9
E03                                                                  25068365.141 9 131735105.715 9      1953.242 9        57.334 9  25068365.141 9 131735105.715 9      1953.242 9        57.334 9
> 2026 02 03 10 00  4.0000000  0 18       0.000000000000
G02  20299340.055 9 106673731.013 9      -359.467 9        56.054 9                                                                  20299340.055 8 106673731.013 8      -359.467 8        53.054 8
G09  25237260.261 9 132622638.743 9     -2817.866 9        54.163 9                                                                  25237260.261 8 132622638.743 8     -2817.866 8        51.163 8
G13  25244493.945 9 132660641.252 9      1254.830 9        54.161 9                                                                  25244493.945 8 132660641.252 8      1254.830 8        51.161 8
G29  24922331.080 9 130967686.110 9      3068.926 9        54.272 9                                                                  24922331.080 8 130967686.110 8      3068.926 8        51.272 8
G10  22407972.766 9 117754656.392 9      3266.168 9        55.196 9                                                                  22407972.766 8 117754656.392 8      3266.168 8        52.196 8
G12  20805076.813 9 109331393.930 9       216.229 9        55.841 9                                                                  20805076.813 8 109331393.930 8       216.229 8        52.841 8
G17  24659536.128 9 129586670.984 9     -2943.500 9        54.364 9                                                                  24659536.128 8 129586670.984 8     -2943.500 8        51.364 8
G24  24384301.181 9 128140318.923 9      3067.669 9        54.462 9                                                                  24384301.181 8 128140318.923 8      3067.669 8        51.462 8
G30  22615103.364 9 118843137.990 9      2358.615 9        55.116 9                                                                  22615103.364 8 118843137.990 8      2358.615 8        52.116 8
G05  21268876.993 9 111768678.309 9       714.637 9        55.649 9                                                                  21268876.993 8 111768678.309 8       714.637 8        52.649 8
G04  21921155.846 9 115196421.295 9     -2464.421 9        55.387 9                                                                  21921155.846 8 115196421.295 8     -2464.421 8        52.387 8
E04                                                                  23382074.186 9 122873596.072 9      -135.801 9        57.939 9  23382074.186 9 122873596.072 9      -135.801 9        57.939 9
E05                                                                  26111059.350 9 137214479.885 9     -2047.107 9        56.980 9  26111059.350 9 137214479.885 9     -2047.107 9        56.980 9
E11                                                                  26635213.557 9 139968928.585 9     -2392.900 9        56.807 9  26635213.557 9 139968928.585 9     -2392.900 9        56.807 9
E20                                                                  27846800.761 9 146335847.779 9     -1657.202 9        56.421 9  27846800.761 9 146335847.779 9     -1657.202 9        56.421 9
E09                                                                  25032810.807 9 131548258.807 9      2589.170 9        57.346 9  25032810.807 9 131548258.807 9      2589.170 9        57.346 9
E10                                                                  23770244.066 9 124913439.621 9        32.087 9        57.796 9  23770244.066 9 124913439.621 9        32.087 9        57.796 9
E03                                                                  25067993.459 9 131733152.517 9      1953.156 9        57.334 9  25067993.459 9 131733152.517 9      1953.156 9        57.334 9
> 2026 02 03 10 00  5.0000000  0 18       0.000000000000
G02  20299408.498 9 106674090.678 9      -359.864 9        56.054 9                                                                  20299408.498 8 106674090.678 8      -359.864 8        53.054 8
G09  25237796.480 9 132625456.581 9     -2817.822 9        54.163 9                                                                  25237796.480 8 132625456.581 8     -2817.822 8        51.163 8
G13  25244255.201 9 132659386.651 9      1254.384 9        54.161 9                                                                  25244255.201 8 132659386.651 8      1254.384 8        51.161 8
G29  24921747.080 9 130964617.169 9      3068.954 9        54.272 9                                                                  24921747.080 8 130964617.169 8      3068.954 8        51.272 8
G10  22407351.264 9 117751390.382 9      3265.860 9        55.196 9                                                                  22407351.264 8 117751390.382 8      3265.860 8        52.196 8
G12  20805035.729 9 109331178.031 9       215.566 9        55.841 9                                                                  20805035.729 8 109331178.031 8       215.566 8        52.841 8
G17  24660096.268 9 129589614.532 9     -2943.627 9        54.364 9                                                                  24660096.268 8 129589614.532 8     -2943.627 8        51.364 8
G24  24383717.437 9 128137251.336 9      3067.507 9        54.462 9                                                                  24383717.437 8 128137251.336 8      3067.507 8        51.462 8
G30  22614654.580 9 118840779.615 9      2358.135 9        55.116 9                                                                  22614654.580 8 118840779.615 8      2358.135 8        52.116 8
G05  21268741.064 9 111767963.997 9       713.984 9        55.649 9                                                                  21268741.064 8 111767963.997 8       713.984 8        52.649 8
G04  21921624.828 9 115198885.805 9     -2464.612 9        55.387 9                                                                  21921624.828 8 115198885.805 8     -2464.612 8        52.387 8
E04                                                                  23382100.052 9 122873731.995 9      -136.047 9        57.939 9  23382100.052 9 122873731.995 9      -136.047 9        57.939 9
E05                                                                  26111448.918 9 137216527.068 9     -2047.279 9        56.980 9  26111448.918 9 137216527.068 9     -2047.279 9        56.980 9
E11                                                                  26635668.934 9 139971321.601 9     -2393.150 9        56.807 9  26635668.934 9 139971321.601 9     -2393.150 9        56.807 9
E20                                                                  27847116.146 9 146337505.131 9     -1657.515 9        56.421 9  27847116.146 9 146337505.131 9     -1657.515 9        56.421 9
E09                                                                  25032318.130 9 131545669.779 9      2588.897 9        57.346 9  25032318.130 9 131545669.779 9      2588.897 9        57.346 9
E10                                                                  23770238.005 9 124913407.770 9        31.615 9        57.796 9  23770238.005 9 124913407.770 9        31.615 9        57.796 9
E03                                                                  25067621.794 9 131731199.405 9      1953.069 9        57.334 9  25067621.794 9 131731199.405 9      1953.069 9        57.334 9
> 2026 02 03 10 00  6.0000000  0 18       0.000000000000
G02  20299477.015 9 106674450.739 9      -360.261 9        56.054 9                                                                  20299477.015 8 106674450.739 8      -360.261 8        53.054 8
G09  25238332.690 9 132628274.374 9     -2817.778 9        54.163 9                                                                  25238332.690 8 132628274.374 8     -2817.778 8        51.163 8
G13  25244016.543 9 132658132.495 9      1253.938 9        54.161 9                                                                  25244016.543 8 132658132.495 8      1253.938 8        51.161 8
G29  24921163.074 9 130961548.200 9      3068.982 9        54.273 9                                                                  24921163.074 8 130961548.200 8      3068.982 8        51.273 8
G10  22406729.821 9 117748124.680 9      3265.552 9        55.196 9                                                                  22406729.821 8 117748124.680 8      3265.552 8        52.196 8
G12  20804994.771 9 109330962.795 9       214.904 9        55.841 9                                                                  20804994.771 8 109330962.795 8       214.904 8        52.841 8
G17  24660656.433 9 129592558.206 9     -2943.753 9        54.364 9                                                                  24660656.433 8 129592558.206 8     -2943.753 8        51.364 8
G24  24383133.725 9 128134183.910 9      3067.345 9        54.462 9                                                                  24383133.725 8 128134183.910 8      3067.345 8        51.462 8
G30  22614205.887 9 118838421.719 9      2357.656 9        55.116 9                                                                  22614205.887 8 118838421.719 8      2357.656 8        52.116 8
G05  21268605.260 9 111767250.339 9       713.330 9        55.649 9                                                                  21268605.260 8 111767250.339 8       713.330 8        52.649 8
G04  21922093.846 9 115201350.506 9     -2464.803 9        55.386 9                                                                  21922093.846 8 115201350.506 8     -2464.803 8        52.386 8
E04                                                                  23382125.964 9 122873868.164 9      -136.293 9        57.939 9  23382125.964 9 122873868.164 9      -136.293 9        57.939 9
E05                                                                  26111838.518 9 137218574.420 9     -2047.448 9        56.980 9  26111838.518 9 137218574.420 9     -2047.448 9        56.980 9
E11                                                                  26636124.359 9 139973714.867 9     -2393.401 9        56.807 9  26636124.359 9 139973714.867 9     -2393.401 9        56.807 9
E20                                                                  27847431.591 9 146339162.796 9     -1657.828 9        56.421 9  27847431.591 9 146339162.796 9     -1657.828 9        56.421 9
E09                                                                  25031825.505 9 131543081.023 9      2588.625 9        57.347 9  25031825.505 9 131543081.023 9      2588.625 9        57.347 9
E10                                                                  23770232.034 9 124913376.391 9        31.143 9        57.796 9  23770232.034 9 124913376.391 9        31.143 9        57.796 9
E03                                                                  25067250.145 9 131729246.380 9      1952.983 9        57.334 9  25067250.145 9 131729246.380 9      1952.983 9        57.334 9
> 2026 02 03 10 00  7.0000000  0 18       0.000000000000
G02  20299545.608 9 106674811.197 9      -360.658 9        56.054 9                                                                  20299545.608 8 106674811.197 8      -360.658 8        53.054 8
G09  25238868.891 9 132631092.122 9     -2817.733 9        54.163 9                                                                  25238868.891 8 132631092.122 8     -2817.733 8        51.163 8
G13  25243777.969 9 132656878.786 9      1253.492 9        54.161 9                                                                  25243777.969 8 132656878.786 8      1253.492 8        51.161 8
G29  24920579.063 9 130958479.202 9      3069.010 9        54.273 9                                                                  24920579.063 8 130958479.202 8      3069.010 8        51.273 8
G10  22406108.437 9 117744859.286 9      3265.244 9        55.197 9                                                                  22406108.437 8 117744859.286 8      3265.244 8        52.197 8
G12  20804953.939 9 109330748.222 9       214.241 9        55.841 9                                                                  20804953.939 8 109330748.222 8       214.241 8        52.841 8
G17  24661216.622 9 129595502.006 9     -2943.879 9        54.364 9                                                                  24661216.622 8 129595502.006 8     -2943.879 8        51.364 8
G24  24382550.043 9 128131116.646 9      3067.183 9        54.462 9                                                                  24382550.043 8 128131116.646 8      3067.183 8        51.462 8
G30  22613757.285 9 118836064.303 9      2357.177 9        55.117 9                                                                  22613757.285 8 118836064.303 8      2357.177 8        52.117 8
G05  21268469.580 9 111766537.335 9       712.677 9        55.649 9                                                                  21268469.580 8 111766537.335 8       712.677 8        52.649 8
G04  21922562.900 9 115203815.399 9     -2464.995 9        55.386 9                                                                  21922562.900 8 115203815.399 8     -2464.995 8        52.386 8
E04                                                                  23382151.923 9 122874004.579 9      -136.539 9        57.939 9  23382151.923 9 122874004.579 9      -136.539 9        57.939 9
E05                                                                  26112228.150 9 137220621.944 9     -2047.619 9        56.980 9  26112228.150 9 137220621.944 9     -2047.619 9        56.980 9
E11                                                                  26636579.831 9 139976108.385 9     -2393.652 9        56.807 9  26636579.831 9 139976108.385 9     -2393.652 9        56.807 9
E20                                                                  27847747.095 9 146340820.774 9     -1658.140 9        56.421 9  27847747.095 9 146340820.774 9     -1658.140 9        56.421 9
E09                                                                  25031332.932 9 131540492.540 9      2588.352 9        57.347 9  25031332.932 9 131540492.540 9      2588.352 9        57.347 9
E10                                                                  23770226.152 9 124913345.484 9        30.672 9        57.796 9  23770226.152 9 124913345.484 9        30.672 9        57.796 9
E03                                                                  25066878.513 9 131727293.441 9      1952.897 9        57.334 9  25066878.513 9 131727293.441 9      1952.897 9        57.334 9
> 2026 02 03 10 00  8.0000000  0 18       0.000000000000
G02  20299614.277 9 106675172.052 9      -361.055 9        56.054 9                                                                  20299614.277 8 106675172.052 8      -361.055 8        53.054 8
G09  25239405.084 9 132633909.826 9     -2817.688 9        54.162 9                                                                  25239405.084 8 132633909.826 8     -2817.688 8        51.162 8
G13  25243539.480 9 132655625.523 9      1253.046 9        54.161 9                                                                  25243539.480 8 132655625.523 8      1253.046 8        51.161 8
G29  24919995.046 9 130955410.177 9      3069.038 9        54.273 9                                                                  24919995.046 8 130955410.177 8      3069.038 8        51.273 8
G10  22405487.111 9 117741594.200 9      3264.936 9        55.197 9                                                                  22405487.111 8 117741594.200 8      3264.936 8        52.197 8
G12  20804913.233 9 109330534.311 9       213.579 9        55.841 9                                                                  20804913.233 8 109330534.311 8       213.579 8        52.841 8
G17  24661776.835 9 129598445.933 9     -2944.006 9        54.364 9                                                                  24661776.835 8 129598445.933 8     -2944.006 8        51.364 8
G24  24381966.392 9 128128049.543 9      3067.022 9        54.463 9                                                                  24381966.392 8 128128049.543 8      3067.022 8        51.463 8
G30  22613308.774 9 118833707.366 9      2356.697 9        55.117 9                                                                  22613308.774 8 118833707.366 8      2356.697 8        52.117 8
G05  21268334.024 9 111765824.985 9       712.023 9        55.649 9                                                                  21268334.024 8 111765824.985 8       712.023 8        52.649 8
G04  21923031.991 9 115206280.483 9     -2465.186 9        55.386 9                                                                  21923031.991 8 115206280.483 8     -2465.186 8        52.386 8
E04                                                                  23382177.929 9 122874141.240 9      -136.785 9        57.939 9  23382177.929 9 122874141.240 9      -136.785 9        57.939 9
E05                                                                  26112617.815 9 137222669.638 9     -2047.789 9        56.979 9  26112617.815 9 137222669.638 9     -2047.789 9        56.979 9
E11                                                                  26637035.352 9 139978502.152 9     -2393.902 9        56.807 9  26637035.352 9 139978502.152 9     -2393.902 9        56.807 9
E20                                                                  27848062.659 9 146342479.064 9     -1658.453 9        56.421 9  27848062.659 9 146342479.064 9     -1658.453 9        56.421 9
E09                                                                  25030840.411 9 131537904.329 9      2588.080 9        57.347 9  25030840.411 9 131537904.329 9      2588.080 9        57.347 9
E10                                                                  23770220.361 9 124913315.049 9        30.200 9        57.796 9  23770220.361 9 124913315.049 9        30.200 9        57.796 9
E03                                                                  25066506.897 9 131725340.589 9      1952.810 9        57.335 9  25066506.897 9 131725340.589 9      1952.810 9        57.335 9
> 2026 02 03 10 00  9.0000000  0 18       0.000000000000
G02  20299683.021 9 106675533.304 9      -361.451 9        56.054 9                                                                  20299683.021 8 106675533.304 8      -361.451 8        53.054 8
G09  25239941.269 9 132636727.485 9     -2817.643 9        54.162 9                                                                  25239941.269 8 132636727.485 8     -2817.643 8        51.162 8
G13  25243301.076 9 132654372.706 9      1252.600 9        54.161 9                                                                  25243301.076 8 132654372.706 8      1252.600 8        51.161 8
G29  24919411.025 9 130952341.124 9      3069.066 9        54.273 9                                                                  24919411.025 8 130952341.124 8      3069.066 8        51.273 8
G10  22404865.843 9 117738329.423 9      3264.628 9        55.197 9                                                                  22404865.843 8 117738329.423 8      3264.628 8        52.197 8
G12  20804872.654 9 109330321.063 9       212.916 9        55.841 9                                                                  20804872.654 8 109330321.063 8       212.916 8        52.841 8
G17  24662337.072 9 129601389.985 9     -2944.132 9        54.363 9                                                                  24662337.072 8 129601389.985 8     -2944.132 8        51.363 8
G24  24381382.772 9 128124982.603 9      3066.860 9        54.463 9                                                                  24381382.772 8 128124982.603 8      3066.860 8        51.463 8
G30  22612860.355 9 118831350.908 9      2356.218 9        55.117 9                                                                  22612860.355 8 118831350.908 8      2356.218 8        52.117 8
G05  21268198.593 9 111765113.288 9       711.369 9        55.649 9                                                                  21268198.593 8 111765113.288 8       711.369 8        52.649 8
G04  21923501.118 9 115208745.758 9     -2465.377 9        55.386 9                                                                  21923501.118 8 115208745.758 8     -2465.377 8        52.386 8
E04                                                                  23382203.981 9 122874278.147 9      -137.031 9        57.939 9  23382203.981 9 122874278.147 9      -137.031 9        57.939 9
E05                                                                  26113007.512 9 137224717.502 9     -2047.959 9        56.979 9  26113007.512 9 137224717.502 9     -2047.959 9        56.979 9
E11                                                                  26637490.919 9 139980896.169 9     -2394.152 9        56.807 9  26637490.919 9 139980896.169 9     -2394.152 9        56.807 9
E20                                                                  27848378.282 9 146344137.667 9     -1658.766 9        56.420 9  27848378.282 9 146344137.667 9     -1658.766 9        56.420 9
E09                                                                  25030347.942 9 131535316.391 9      2587.807 9        57.347 9  25030347.942 9 131535316.391 9      2587.807 9        57.347 9
E10                                                                  23770214.659 9 124913285.085 9        29.728 9        57.796 9  23770214.659 9 124913285.085 9        29.728 9        57.796 9
E03                                                                  25066135.298 9 131723387.823 9      1952.723 9        57.335 9  25066135.298 9 131723387.823 9      1952.723 9        57.335 9
> 2026 02 03 10 00 10.0000000  0 18       0.000000000000
G02  20299751.841 9 106675894.953 9      -361.848 9        56.054 9                                                                  20299751.841 8 106675894.953 8      -361.848 8        53.054 8
G09  25240477.445 9 132639545.100 9     -2817.598 9        54.162 9                                                                  25240477.445 8 132639545.100 8     -2817.598 8        51.162 8
G13  25243062.757 9 132653120.335 9      1252.153 9        54.161 9                                                                  25243062.757 8 132653120.335 8      1252.153 8        51.161 8
G29  24918826.997 9 130949272.042 9      3069.094 9        54.274 9                                                                  24918826.997 8 130949272.042 8      3069.094 8        51.274 8
G10  22404244.635 9 117735064.953 9      3264.319 9        55.197 9                                                                  22404244.635 8 117735064.953 8      3264.319 8        52.197 8
G12  20804832.200 9 109330108.477 9       212.253 9        55.841 9                                                                  20804832.200 8 109330108.477 8       212.253 8        52.841 8
G17  24662897.333 9 129604334.164 9     -2944.258 9        54.363 9                                                                  24662897.333 8 129604334.164 8     -2944.258 8        51.363 8
G24  24380799.183 9 128121915.824 9      3066.698 9        54.463 9                                                                  24380799.183 8 128121915.824 8      3066.698 8        51.463 8
G30  22612412.027 9 118828994.930 9      2355.738 9        55.117 9                                                                  22612412.027 8 118828994.930 8      2355.738 8        52.117 8
G05  21268063.286 9 111764402.245 9       710.715 9        55.649 9                                                                  21268063.286 8 111764402.245 8       710.715 8        52.649 8
G04  21923970.281 9 115211211.224 9     -2465.568 9        55.386 9                                                                  21923970.281 8 115211211.224 8     -2465.568 8        52.386 8
E04                                                                  23382230.081 9 122874415.300 9      -137.277 9        57.939 9  23382230.081 9 122874415.300 9      -137.277 9        57.939 9
E05                                                                  26113397.241 9 137226765.537 9     -2048.130 9        56.979 9  26113397.241 9 137226765.537 9     -2048.130 9        56.979 9
E11                                                                  26637946.535 9 139983290.437 9     -2394.402 9        56.806 9  26637946.535 9 139983290.437 9     -2394.402 9        56.806 9
E20                                                                  27848693.965 9 146345796.583 9     -1659.078 9        56.420 9  27848693.965 9 146345796.583 9     -1659.078 9        56.420 9
E09                                                                  25029855.524 9 131532728.726 9      2587.534 9        57.347 9  25029855.524 9 131532728.726 9      2587.534 9        57.347 9
E10                                                                  23770209.046 9 124913255.593 9        29.256 9        57.796 9  23770209.046 9 124913255.593 9        29.256 9        57.796 9
E03                                                                  25065763.715 9 131721435.144 9      1952.637 9        57.335 9  25065763.715 9 131721435.144 9      1952.637 9        57.335 9
> 2026 02 03 10 00 11.0000000  0 18       0.000000000000
G02  20299820.736 9 106676256.999 9      -362.245 9        56.054 9                                                                  20299820.736 8 106676256.999 8      -362.245 8        53.054 8
G09  25241013.612 9 132642362.669 9     -2817.553 9        54.162 9                                                                  25241013.612 8 132642362.669 8     -2817.553 8        51.162 8
G13  25242824.523 9 132651868.411 9      1251.707 9        54.161 9                                                                  25242824.523 8 132651868.411 8      1251.707 8        51.161 8
G29  24918242.965 9 130946202.933 9      3069.122 9        54.274 9                                                                  24918242.965 8 130946202.933 8      3069.122 8        51.274 8
G10  22403623.485 9 117731800.793 9      3264.011 9        55.198 9                                                                  22403623.485 8 117731800.793 8      3264.011 8        52.198 8
G12  20804791.873 9 109329896.554 9       211.591 9        55.841 9                                                                  20804791.873 8 109329896.554 8       211.591 8        52.841 8
G17  24663457.618 9 129607278.470 9     -2944.384 9        54.363 9                                                                  24663457.618 8 129607278.470 8     -2944.384 8        51.363 8
G24  24380215.625 9 128118849.208 9      3066.536 9        54.463 9                                                                  24380215.625 8 128118849.208 8      3066.536 8        51.463 8
G30  22611963.790 9 118826639.432 9      2355.258 9        55.117 9                                                                  22611963.790 8 118826639.432 8      2355.258 8        52.117 8
G05  21267928.103 9 111763691.855 9       710.062 9        55.650 9                                                                  21267928.103 8 111763691.855 8       710.062 8        52.650 8
G04  21924439.481 9 115213676.881 9     -2465.759 9        55.385 9                                                                  21924439.481 8 115213676.881 8     -2465.759 8        52.385 8
E04                                                                  23382256.227 9 122874552.699 9      -137.523 9        57.939 9  23382256.227 9 122874552.699 9      -137.523 9        57.939 9
E05                                                                  26113787.003 9 137228813.743 9     -2048.300 9        56.979 9  26113787.003 9 137228813.743 9     -2048.300 9        56.979 9
E11                                                                  26638402.198 9 139985684.956 9     -2394.653 9        56.806 9  26638402.198 9 139985684.956 9     -2394.653 9        56.806 9
E20                                                                  27849009.707 9 146347455.811 9     -1659.391 9        56.420 9  27849009.707 9 146347455.811 9     -1659.391 9        56.420 9
E09                                                                  25029363.159 9 131530141.333 9      2587.262 9        57.347 9  25029363.159 9 131530141.333 9      2587.262 9        57.347 9
E10                                                                  23770203.524 9 124913226.572 9        28.785 9        57.796 9  23770203.524 9 124913226.572 9        28.785 9        57.796 9
E03                                                                  25065392.148 9 131719482.551 9      1952.550 9        57.335 9  25065392.148 9 131719482.551 9      1952.550 9        57.335 9
> 2026 02 03 10 00 12.0000000  0 18       0.000000000000
G02  20299889.706 9 106676619.441 9      -362.642 9        56.054 9                                                                  20299889.706 8 106676619.441 8      -362.642 8        53.054 8
G09  25241549.771 9 132645180.193 9     -2817.508 9        54.162 9                                                                  25241549.771 8 132645180.193 8     -2817.508 8        51.162 8
G13  25242586.374 9 132650616.933 9      1251.261 9        54.161 9                                                                  25242586.374 8 132650616.933 8      1251.261 8        51.161 8
G29  24917658.927 9 130943133.795 9      3069.150 9        54.274 9                                                                  24917658.927 8 130943133.795 8      3069.150 8        51.274 8
G10  22403002.394 9 117728536.941 9      3263.702 9        55.198 9                                                                  22403002.394 8 117728536.941 8      3263.702 8        52.198 8
G12  20804751.671 9 109329685.294 9       210.928 9        55.841 9                                                                  20804751.671 8 109329685.294 8       210.928 8        52.841 8
G17  24664017.928 9 129610222.901 9     -2944.511 9        54.363 9                                                                  24664017.928 8 129610222.901 8     -2944.511 8        51.363 8
G24  24379632.097 9 128115782.753 9      3066.374 9        54.464 9                                                                  24379632.097 8 128115782.753 8      3066.374 8        51.464 8
G30  22611515.645 9 118824284.413 9      2354.779 9        55.117 9                                                                  22611515.645 8 118824284.413 8      2354.779 8        52.117 8
G05  21267793.045 9 111762982.120 9       709.408 9        55.650 9                                                                  21267793.045 8 111762982.120 8       709.408 8        52.650 8
G04  21924908.717 9 115216142.730 9     -2465.950 9        55.385 9                                                                  21924908.717 8 115216142.730 8     -2465.950 8        52.385 8
E04                                                                  23382282.420 9 122874690.344 9      -137.769 9        57.939 9  23382282.420 9 122874690.344 9      -137.769 9        57.939 9
E05                                                                  26114176.797 9 137230862.118 9     -2048.470 9        56.979 9  26114176.797 9 137230862.118 9     -2048.470 9        56.979 9
E11                                                                  26638857.909 9 139988079.724 9     -2394.903 9        56.806 9  26638857.909 9 139988079.724 9     -2394.903 9        56.806 9
E20                                                                  27849325.509 9 146349115.352 9     -1659.703 9        56.420 9  27849325.509 9 146349115.352 9     -1659.703 9        56.420 9
E09                                                                  25028870.845 9 131527554.213 9      2586.989 9        57.348 9  25028870.845 9 131527554.213 9      2586.989 9        57.348 9
E10                                                                  23770198.091 9 124913198.024 9        28.313 9        57.796 9  23770198.091 9 124913198.024 9        28.313 9        57.796 9
E03                                                                  25065020.598 9 131717530.045 9      1952.464 9        57.335 9  25065020.598 9 131717530.045 9      1952.464 9        57.335 9
> 2026 02 03 10 00 13.0000000  0 18       0.000000000000
G02  20299958.753 9 106676982.280 9      -363.038 9        56.054 9                                                                  20299958.753 8 106676982.280 8      -363.038 8        53.054 8
G09  25242085.921 9 132647997.672 9     -2817.463 9        54.162 9                                                                  25242085.921 8 132647997.672 8     -2817.463 8        51.162 8
G13  25242348.309 9 132649365.901 9      1250.814 9        54.161 9                                                                  25242348.309 8 132649365.901 8      1250.814 8        51.161 8
G29  24917074.884 9 130940064.630 9      3069.178 9        54.274 9                                                                  24917074.884 8 130940064.630 8      3069.178 8        51.274 8
G10  22402381.361 9 117725273.398 9      3263.393 9        55.198 9                                                                  22402381.361 8 117725273.398 8      3263.393 8        52.198 8
G12  20804711.596 9 109329474.696 9       210.266 9        55.841 9                                                                  20804711.596 8 109329474.696 8       210.266 8        52.841 8
G17  24664578.261 9 129613167.459 9     -2944.637 9        54.363 9                                                                  24664578.261 8 129613167.459 8     -2944.637 8        51.363 8
G24  24379048.601 9 128112716.461 9      3066.212 9        54.464 9                                                                  24379048.601 8 128112716.461 8      3066.212 8        51.464 8
G30  22611067.591 9 118821929.875 9      2354.299 9        55.118 9                                                                  22611067.591 8 118821929.875 8      2354.299 8        52.118 8
G05  21267658.111 9 111762273.038 9       708.754 9        55.650 9                                                                  21267658.111 8 111762273.038 8       708.754 8        52.650 8
G04  21925377.990 9 115218608.769 9     -2466.141 9        55.385 9                                                                  21925377.990 8 115218608.769 8     -2466.141 8        52.385 8
E04                                                                  23382308.660 9 122874828.236 9      -138.015 9        57.939 9  23382308.660 9 122874828.236 9      -138.015 9        57.939 9
E05                                                                  26114566.624 9 137232910.664 9     -2048.641 9        56.979 9  26114566.624 9 137232910.664 9     -2048.641 9        56.979 9
E11                                                                  26639313.667 9 139990474.742 9     -2395.153 9        56.806 9  26639313.667 9 139990474.742 9     -2395.153 9        56.806 9
E20                                                                  27849641.370 9 146350775.205 9     -1660.016 9        56.420 9  27849641.370 9 146350775.205 9     -1660.016 9        56.420 9
E09                                                                  25028378.584 9 131524967.366 9      2586.716 9        57.348 9  25028378.584 9 131524967.366 9      2586.716 9        57.348 9
E10                                                                  23770192.748 9 124913169.947 9        27.841 9        57.796 9  23770192.748 9 124913169.947 9        27.841 9        57.796 9
E03                                                                  25064649.065 9 131715577.625 9      1952.377 9        57.335 9  25064649.065 9 131715577.625 9      1952.377 9        57.335 9
> 2026 02 03 10 00 14.0000000  0 18       0.000000000000
G02  20300027.874 9 106677345.516 9      -363.435 9        56.054 9                                                                  20300027.874 8 106677345.516 8      -363.435 8        53.054 8
G09  25242622.062 9 132650815.106 9     -2817.418 9        54.161 9                                                                  25242622.062 8 132650815.106 8     -2817.418 8        51.161 8
G13  25242110.330 9 132648115.316 9      1250.368 9        54.162 9                                                                  25242110.330 8 132648115.316 8      1250.368 8        51.162 8
G29  24916490.835 9 130936995.437 9      3069.206 9        54.274 9                                                                  24916490.835 8 130936995.437 8      3069.206 8        51.274 8
G10  22401760.387 9 117722010.163 9      3263.085 9        55.198 9                                                                  22401760.387 8 117722010.163 8      3263.085 8        52.198 8
G12  20804671.647 9 109329264.761 9       209.603 9        55.841 9                                                                  20804671.647 8 109329264.761 8       209.603 8        52.841 8
G17  24665138.618 9 129616112.143 9     -2944.763 9        54.362 9                                                                  24665138.618 8 129616112.143 8     -2944.763 8        51.362 8
G24  24378465.135 9 128109650.330 9      3066.050 9        54.464 9                                                                  24378465.135 8 128109650.330 8      3066.050 8        51.464 8
G30  22610619.628 9 118819575.816 9      2353.819 9        55.118 9                                                                  22610619.628 8 118819575.816 8      2353.819 8        52.118 8
G05  21267523.302 9 111761564.610 9       708.100 9        55.650 9                                                                  21267523.302 8 111761564.610 8       708.100 8        52.650 8
G04  21925847.299 9 115221074.999 9     -2466.332 9        55.385 9                                                                  21925847.299 8 115221074.999 8     -2466.332 8        52.385 8
E04                                                                  23382334.947 9 122874966.373 9      -138.261 9        57.939 9  23382334.947 9 122874966.373 9      -138.261 9        57.939 9
E05                                                                  26114956.484 9 137234959.381 9     -2048.811 9        56.979 9  26114956.484 9 137234959.381 9     -2048.811 9        56.979 9
E11                                                                  26639769.473 9 139992870.011 9     -2395.403 9        56.806 9  26639769.473 9 139992870.011 9     -2395.403 9        56.806 9
E20                                                                  27849957.291 9 146352435.371 9     -1660.328 9        56.420 9  27849957.291 9 146352435.371 9     -1660.328 9        56.420 9
E09                                                                  25027886.374 9 131522380.791 9      2586.443 9        57.348 9  25027886.374 9 131522380.791 9      2586.443 9        57.348 9
E10                                                                  23770187.495 9 124913142.341 9        27.370 9        57.796 9  23770187.495 9 124913142.341 9        27.370 9        57.796 9
E03                                                                  25064277.548 9 131713625.292 9      1952.290 9        57.335 9  25064277.548 9 131713625.292 9      1952.290 9        57.335 9
> 2026 02 03 10 00 15.0000000  0 18       0.000000000000
G02  20300097.071 9 106677709.149 9      -363.832 9        56.054 9                                                                  20300097.071 8 106677709.149 8      -363.832 8        53.054 8
G09  25243158.195 9 132653632.495 9     -2817.372 9        54.161 9                                                                  25243158.195 8 132653632.495 8     -2817.372 8        51.161 8
G13  25241872.436 9 132646865.177 9      1249.921 9        54.162 9                                                                  25241872.436 8 132646865.177 8      1249.921 8        51.162 8
G29  24915906.782 9 130933926.216 9      3069.234 9        54.275 9                                                                  24915906.782 8 130933926.216 8      3069.234 8        51.275 8
G10  22401139.473 9 117718747.237 9      3262.776 9        55.199 9                                                                  22401139.473 8 117718747.237 8      3262.776 8        52.199 8
G12  20804631.824 9 109329055.488 9       208.940 9        55.841 9                                                                  20804631.824 8 109329055.488 8       208.940 8        52.841 8
G17  24665698.999 9 129619056.953 9     -2944.889 9        54.362 9                                                                  24665698.999 8 129619056.953 8     -2944.889 8        51.362 8
G24  24377881.700 9 128106584.362 9      3065.888 9        54.464 9                                                                  24377881.700 8 128106584.362 8      3065.888 8        51.464 8
G30  22610171.756 9 118817222.237 9      2353.339 9        55.118 9                                                                  22610171.756 8 118817222.237 8      2353.339 8        52.118 8
G05  21267388.617 9 111760856.837 9       707.446 9        55.650 9                                                                  21267388.617 8 111760856.837 8       707.446 8        52.650 8
G04  21926316.644 9 115223541.420 9     -2466.523 9        55.385 9                                                                  21926316.644 8 115223541.420 8     -2466.523 8        52.385 8
E04                                                                  23382361.281 9 122875104.757 9      -138.508 9        57.939 9  23382361.281 9 122875104.757 9      -138.508 9        57.939 9
E05                                                                  26115346.375 9 137237008.267 9     -2048.982 9        56.979 9  26115346.375 9 137237008.267 9     -2048.982 9        56.979 9
E11                                                                  26640225.326 9 139995265.529 9     -2395.653 9        56.806 9  26640225.326 9 139995265.529 9     -2395.653 9        56.806 9
E20                                                                  27850273.271 9 146354095.848 9     -1660.640 9        56.420 9  27850273.271 9 146354095.848 9     -1660.640 9        56.420 9
E09                                                                  25027394.216 9 131519794.490 9      2586.170 9        57.348 9  25027394.216 9 131519794.490 9      2586.170 9        57.348 9
E10                                                                  23770182.332 9 124913115.207 9        26.898 9        57.796 9  23770182.332 9 124913115.207 9        26.898 9        57.796 9
E03                                                                  25063906.047 9 131711673.046 9      1952.203 9        57.335 9  25063906.047 9 131711673.046 9      1952.203 9        57.335 9
> 2026 02 03 10 00 16.0000000  0 18       0.000000000000
G02  20300166.344 9 106678073.178 9      -364.228 9        56.054 9                                                                  20300166.344 8 106678073.178 8      -364.228 8        53.054 8
G09  25243694.320 9 132656449.838 9     -2817.327 9        54.161 9                                                                  25243694.320 8 132656449.838 8     -2817.327 8        51.161 8
G13  25241634.626 9 132645615.485 9      1249.474 9        54.162 9                                                                  25241634.626 8 132645615.485 8      1249.474 8        51.162 8
G29  24915322.723 9 130930856.967 9      3069.262 9        54.275 9                                                                  24915322.723 8 130930856.967 8      3069.262 8        51.275 8
G10  22400518.616 9 117715484.621 9      3262.467 9        55.199 9                                                                  22400518.616 8 117715484.621 8      3262.467 8        52.199 8
G12  20804592.127 9 109328846.878 9       208.277 9        55.841 9                                                                  20804592.127 8 109328846.878 8       208.277 8        52.841 8
G17  24666259.404 9 129622001.889 9     -2945.015 9        54.362 9                                                                  24666259.404 8 129622001.889 8     -2945.015 8        51.362 8
G24  24377298.295 9 128103518.555 9      3065.726 9        54.464 9                                                                  24377298.295 8 128103518.555 8      3065.726 8        51.464 8
G30  22609723.976 9 118814869.138 9      2352.858 9        55.118 9                                                                  22609723.976 8 118814869.138 8      2352.858 8        52.118 8
G05  21267254.057 9 111760149.717 9       706.792 9        55.650 9                                                                  21267254.057 8 111760149.717 8       706.792 8        52.650 8
G04  21926786.025 9 115226008.032 9     -2466.713 9        55.385 9                                                                  21926786.025 8 115226008.032 8     -2466.713 8        52.385 8
E04                                                                  23382387.661 9 122875243.387 9      -138.754 9        57.939 9  23382387.661 9 122875243.387 9      -138.754 9        57.939 9
E05                                                                  26115736.299 9 137239057.325 9     -2049.152 9        56.978 9  26115736.299 9 137239057.325 9     -2049.152 9        56.978 9
E11                                                                  26640681.227 9 139997661.297 9     -2395.902 9        56.806 9  26640681.227 9 139997661.297 9     -2395.902 9        56.806 9
E20                                                                  27850589.310 9 146355756.638 9     -1660.952 9        56.420 9  27850589.310 9 146355756.638 9     -1660.952 9        56.420 9
E09                                                                  25026902.110 9 131517208.462 9      2585.897 9        57.348 9  25026902.110 9 131517208.462 9      2585.897 9        57.348 9
E10                                                                  23770177.258 9 124913088.545 9        26.427 9        57.796 9  23770177.258 9 124913088.545 9        26.427 9        57.796 9
E03                                                                  25063534.563 9 131709720.887 9      1952.117 9        57.336 9  25063534.563 9 131709720.887 9      1952.117 9        57.336 9
> 2026 02 03 10 00 17.0000000  0 18       0.000000000000
G02  20300235.692 9 106678437.604 9      -364.625 9        56.054 9                                                                  20300235.692 8 106678437.604 8      -364.625 8        53.054 8
G09  25244230.435 9 132659267.135 9     -2817.281 9        54.161 9                                                                  25244230.435 8 132659267.135 8     -2817.281 8        51.161 8
G13  25241396.902 9 132644366.240 9      1249.028 9        54.162 9                                                                  25241396.902 8 132644366.240 8      1249.028 8        51.162 8
G29  24914738.658 9 130927787.691 9      3069.289 9        54.275 9                                                                  24914738.658 8 130927787.691 8      3069.289 8        51.275 8
G10  22399897.819 9 117712222.313 9      3262.157 9        55.199 9                                                                  22399897.819 8 117712222.313 8      3262.157 8        52.199 8
G12  20804552.556 9 109328638.931 9       207.615 9        55.841 9                                                                  20804552.556 8 109328638.931 8       207.615 8        52.841 8
G17  24666819.833 9 129624946.951 9     -2945.141 9        54.362 9                                                                  24666819.833 8 129624946.951 8     -2945.141 8        51.362 8
G24  24376714.922 9 128100452.911 9      3065.564 9        54.465 9                                                                  24376714.922 8 128100452.911 8      3065.564 8        51.465 8
G30  22609276.287 9 118812516.520 9      2352.378 9        55.118 9                                                                  22609276.287 8 118812516.520 8      2352.378 8        52.118 8
G05  21267119.621 9 111759443.251 9       706.138 9        55.650 9                                                                  21267119.621 8 111759443.251 8       706.138 8        52.650 8
G04  21927255.443 9 115228474.834 9     -2466.904 9        55.384 9                                                                  21927255.443 8 115228474.834 8     -2466.904 8        52.384 8
E04                                                                  23382414.089 9 122875382.264 9      -139.000 9        57.939 9  23382414.089 9 122875382.264 9      -139.000 9        57.939 9
E05                                                                  26116126.256 9 137241106.552 9     -2049.322 9        56.978 9  26116126.256 9 137241106.552 9     -2049.322 9        56.978 9
E11                                                                  26641137.176 9 140000057.315 9     -2396.152 9        56.805 9  26641137.176 9 140000057.315 9     -2396.152 9        56.805 9
E20                                                                  27850905.409 9 146357417.740 9     -1661.264 9        56.420 9  27850905.409 9 146357417.740 9     -1661.264 9        56.420 9
E09                                                                  25026410.056 9 131514622.707 9      2585.624 9        57.349 9  25026410.056 9 131514622.707 9      2585.624 9        57.349 9
E10                                                                  23770172.274 9 124913062.354 9        25.955 9        57.796 9  23770172.274 9 124913062.354 9        25.955 9        57.796 9
E03                                                                  25063163.096 9 131707768.815 9      1952.030 9        57.336 9  25063163.096 9 131707768.815 9      1952.030 9        57.336 9
> 2026 02 03 10 00 18.0000000  0 18       0.000000000000
G02  20300305.116 9 106678802.426 9      -365.021 9        56.054 9                                                                  20300305.116 8 106678802.426 8      -365.021 8        53.054 8
G09  25244766.542 9 132662084.387 9     -2817.235 9        54.161 9                                                                  25244766.542 8 132662084.387 8     -2817.235 8        51.161 8
G13  25241159.263 9 132643117.441 9      1248.581 9        54.162 9                                                                  25241159.263 8 132643117.441 8      1248.581 8        51.162 8
G29  24914154.589 9 130924718.386 9      3069.317 9        54.275 9                                                                  24914154.589 8 130924718.386 8      3069.317 8        51.275 8
G10  22399277.081 9 117708960.315 9      3261.848 9        55.199 9                                                                  22399277.081 8 117708960.315 8      3261.848 8        52.199 8
G12  20804513.111 9 109328431.647 9       206.952 9        55.841 9                                                                  20804513.111 8 109328431.647 8       206.952 8        52.841 8
G17  24667380.286 9 129627892.140 9     -2945.267 9        54.362 9                                                                  24667380.286 8 129627892.140 8     -2945.267 8        51.362 8
G24  24376131.579 9 128097387.429 9      3065.401 9        54.465 9                                                                  24376131.579 8 128097387.429 8      3065.401 8        51.465 8
G30  22608828.690 9 118810164.382 9      2351.898 9        55.118 9                                                                  22608828.690 8 118810164.382 8      2351.898 8        52.118 8
G05  21266985.309 9 111758737.439 9       705.484 9        55.650 9                                                                  21266985.309 8 111758737.439 8       705.484 8        52.650 8
G04  21927724.897 9 115230941.827 9     -2467.095 9        55.384 9                                                                  21927724.897 8 115230941.827 8     -2467.095 8        52.384 8
E04                                                                  23382440.563 9 122875521.386 9      -139.247 9        57.939 9  23382440.563 9 122875521.386 9      -139.247 9        57.939 9
E05                                                                  26116516.245 9 137243155.950 9     -2049.493 9        56.978 9  26116516.245 9 137243155.950 9     -2049.493 9        56.978 9
E11                                                                  26641593.172 9 140002453.584 9     -2396.402 9        56.805 9  26641593.172 9 140002453.584 9     -2396.402 9        56.805 9
E20                                                                  27851221.567 9 146359079.154 9     -1661.577 9        56.420 9  27851221.567 9 146359079.154 9     -1661.577 9        56.420 9
E09                                                                  25025918.054 9 131512037.224 9      2585.351 9        57.349 9  25025918.054 9 131512037.224 9      2585.351 9        57.349 9
E10                                                                  23770167.380 9 124913036.636 9        25.483 9        57.796 9  23770167.380 9 124913036.636 9        25.483 9        57.796 9
E03                                                                  25062791.645 9 131705816.829 9      1951.943 9        57.336 9  25062791.645 9 131705816.829 9      1951.943 9        57.336 9
> 2026 02 03 10 00 19.0000000  0 18       0.000000000000
G02  20300374.615 9 106679167.644 9      -365.418 9        56.054 9                                                                  20300374.615 8 106679167.644 8      -365.418 8        53.054 8
G09  25245302.640 9 132664901.592 9     -2817.190 9        54.160 9                                                                  25245302.640 8 132664901.592 8     -2817.190 8        51.160 8
G13  25240921.709 9 132641869.090 9      1248.134 9        54.162 9                                                                  25240921.709 8 132641869.090 8      1248.134 8        51.162 8
G29  24913570.514 9 130921649.054 9      3069.345 9        54.275 9                                                                  24913570.514 8 130921649.054 8      3069.345 8        51.275 8
G10  22398656.401 9 117705698.625 9      3261.539 9        55.200 9                                                                  22398656.401 8 117705698.625 8      3261.539 8        52.200 8
G12  20804473.793 9 109328225.026 9       206.289 9        55.841 9                                                                  20804473.793 8 109328225.026 8       206.289 8        52.841 8
G17  24667940.763 9 129630837.454 9     -2945.394 9        54.361 9                                                                  24667940.763 8 129630837.454 8     -2945.394 8        51.361 8
G24  24375548.268 9 128094322.108 9      3065.239 9        54.465 9                                                                  24375548.268 8 128094322.108 8      3065.239 8        51.465 8
G30  22608381.184 9 118807812.724 9      2351.417 9        55.119 9                                                                  22608381.184 8 118807812.724 8      2351.417 8        52.119 8
G05  21266851.122 9 111758032.281 9       704.830 9        55.650 9                                                                  21266851.122 8 111758032.281 8       704.830 8        52.650 8
G04  21928194.387 9 115233409.010 9     -2467.285 9        55.384 9                                                                  21928194.387 8 115233409.010 8     -2467.285 8        52.384 8
E04                                                                  23382467.084 9 122875660.755 9      -139.493 9        57.939 9  23382467.084 9 122875660.755 9      -139.493 9        57.939 9
E05                                                                  26116906.266 9 137245205.518 9     -2049.663 9        56.978 9  26116906.266 9 137245205.518 9     -2049.663 9        56.978 9
E11                                                                  26642049.215 9 140004850.101 9     -2396.652 9        56.805 9  26642049.215 9 140004850.101 9     -2396.652 9        56.805 9
E20                                                                  27851537.784 9 146360740.881 9     -1661.889 9        56.419 9  27851537.784 9 146360740.881 9     -1661.889 9        56.419 9
E09                                                                  25025426.105 9 131509452.015 9      2585.078 9        57.349 9  25025426.105 9 131509452.015 9      2585.078 9        57.349 9
E10                                                                  23770162.576 9 124913011.388 9        25.012 9        57.796 9  23770162.576 9 124913011.388 9        25.012 9        57.796 9
E03                                                                  25062420.210 9 131703864.930 9      1951.856 9        57.336 9  25062420.210 9 131703864.930 9      1951.856 9        57.336 9
> 2026 02 03 10 00 20.0000000  0 18       0.000000000000
G02  20300444.189 9 106679533.260 9      -365.814 9        56.054 9                                                                  20300444.189 8 106679533.260 8      -365.814 8        53.054 8
G09  25245838.730 9 132667718.752 9     -2817.144 9        54.160 9                                                                  25245838.730 8 132667718.752 8     -2817.144 8        51.160 8
G13  25240684.239 9 132640621.185 9      1247.687 9        54.162 9                                                                  25240684.239 8 132640621.185 8      1247.687 8        51.162 8
G29  24912986.434 9 130918579.694 9      3069.373 9        54.276 9                                                                  24912986.434 8 130918579.694 8      3069.373 8        51.276 8
G10  22398035.780 9 117702437.246 9      3261.229 9        55.200 9                                                                  22398035.780 8 117702437.246 8      3261.229 8        52.200 8
G12  20804434.600 9 109328019.067 9       205.626 9        55.841 9                                                                  20804434.600 8 109328019.067 8       205.626 8        52.841 8
G17  24668501.264 9 129633782.895 9     -2945.519 9        54.361 9                                                                  24668501.264 8 129633782.895 8     -2945.519 8        51.361 8
G24  24374964.987 9 128091256.951 9      3065.077 9        54.465 9                                                                  24374964.987 8 128091256.951 8      3065.077 8        51.465 8
G30  22607933.770 9 118805461.547 9      2350.937 9        55.119 9                                                                  22607933.770 8 118805461.547 8      2350.937 8        52.119 8
G05  21266717.060 9 111757327.777 9       704.176 9        55.650 9                                                                  21266717.060 8 111757327.777 8       704.176 8        52.650 8
G04  21928663.914 9 115235876.385 9     -2467.476 9        55.384 9                                                                  21928663.914 8 115235876.385 8     -2467.476 8        52.384 8
E04                                                                  23382493.652 9 122875800.371 9      -139.739 9        57.939 9  23382493.652 9 122875800.371 9      -139.739 9        57.939 9
E05                                                                  26117296.320 9 137247255.257 9     -2049.833 9        56.978 9  26117296.320 9 137247255.257 9     -2049.833 9        56.978 9
E11                                                                  26642505.306 9 140007246.868 9     -2396.901 9        56.805 9  26642505.306 9 140007246.868 9     -2396.901 9        56.805 9
E20                                                                  27851854.061 9 146362402.919 9     -1662.200 9        56.419 9  27851854.061 9 146362402.919 9     -1662.200 9        56.419 9
E09                                                                  25024934.207 9 131506867.079 9      2584.804 9        57.349 9  25024934.207 9 131506867.079 9      2584.804 9        57.349 9
E10                                                                  23770157.861 9 124912986.612 9        24.540 9        57.796 9  23770157.861 9 124912986.612 9        24.540 9        57.796 9
E03                                                                  25062048.792 9 131701913.118 9      1951.769 9        57.336 9  25062048.792 9 131701913.118 9      1951.769 9        57.336 9
> 2026 02 03 10 00 21.0000000  0 18       0.000000000000
G02  20300513.839 9 106679899.271 9      -366.211 9        56.054 9                                                                  20300513.839 8 106679899.271 8      -366.211 8        53.054 8
G09  25246374.810 9 132670535.866 9     -2817.097 9        54.160 9                                                                  25246374.810 8 132670535.866 8     -2817.097 8        51.160 8
G13  25240446.855 9 132639373.728 9      1247.240 9        54.162 9                                                                  25240446.855 8 132639373.728 8      1247.240 8        51.162 8
G29  24912402.348 9 130915510.307 9      3069.400 9        54.276 9                                                                  24912402.348 8 130915510.307 8      3069.400 8        51.276 8
G10  22397415.218 9 117699176.175 9      3260.920 9        55.200 9                                                                  22397415.218 8 117699176.175 8      3260.920 8        52.200 8
G12  20804395.534 9 109327813.771 9       204.964 9        55.841 9                                                                  20804395.534 8 109327813.771 8       204.964 8        52.841 8
G17  24669061.790 9 129636728.462 9     -2945.646 9        54.361 9                                                                  24669061.790 8 129636728.462 8     -2945.646 8        51.361 8
G24  24374381.737 9 128088191.955 9      3064.915 9        54.465 9                                                                  24374381.737 8 128088191.955 8      3064.915 8        51.465 8
G30  22607486.447 9 118803110.851 9      2350.456 9        55.119 9                                                                  22607486.447 8 118803110.851 8      2350.456 8        52.119 8
G05  21266583.122 9 111756623.927 9       703.522 9        55.650 9                                                                  21266583.122 8 111756623.927 8       703.522 8        52.650 8
G04  21929133.477 9 115238343.949 9     -2467.666 9        55.384 9                                                                  21929133.477 8 115238343.949 8     -2467.666 8        52.384 8
E04                                                                  23382520.267 9 122875940.232 9      -139.986 9        57.939 9  23382520.267 9 122875940.232 9      -139.986 9        57.939 9
E05                                                                  26117686.406 9 137249305.166 9     -2050.004 9        56.978 9  26117686.406 9 137249305.166 9     -2050.004 9        56.978 9
E11                                                                  26642961.445 9 140009643.885 9     -2397.151 9        56.805 9  26642961.445 9 140009643.885 9     -2397.151 9        56.805 9
E20                                                                  27852170.398 9 146364065.269 9     -1662.512 9        56.419 9  27852170.398 9 146364065.269 9     -1662.512 9        56.419 9
E09                                                                  25024442.361 9 131504282.416 9      2584.531 9        57.349 9  25024442.361 9 131504282.416 9      2584.531 9        57.349 9
E10                                                                  23770153.236 9 124912962.308 9        24.069 9        57.796 9  23770153.236 9 124912962.308 9        24.069 9        57.796 9
E03                                                                  25061677.391 9 131699961.393 9      1951.683 9        57.336 9  25061677.391 9 131699961.393 9      1951.683 9        57.336 9
> 2026 02 03 10 00 22.0000000  0 18       0.000000000000
G02  20300583.564 9 106680265.679 9      -366.607 9        56.054 9                                                                  20300583.564 8 106680265.679 8      -366.607 8        53.054 8
G09  25246910.882 9 132673352.934 9     -2817.051 9        54.160 9                                                                  25246910.882 8 132673352.934 8     -2817.051 8        51.160 8
G13  25240209.556 9 132638126.718 9      1246.792 9        54.162 9                                                                  25240209.556 8 132638126.718 8      1246.792 8        51.162 8
G29  24911818.258 9 130912440.892 9      3069.428 9        54.276 9                                                                  24911818.258 8 130912440.892 8      3069.428 8        51.276 8
G10  22396794.716 9 117695915.415 9      3260.610 9        55.200 9                                                                  22396794.716 8 117695915.415 8      3260.610 8        52.200 8
G12  20804356.594 9 109327609.138 9       204.301 9        55.841 9                                                                  20804356.594 8 109327609.138 8       204.301 8        52.841 8
G17  24669622.339 9 129639674.154 9     -2945.772 9        54.361 9                                                                  24669622.339 8 129639674.154 8     -2945.772 8        51.361 8
G24  24373798.518 9 128085127.122 9      3064.752 9        54.466 9                                                                  24373798.518 8 128085127.122 8      3064.752 8        51.466 8
G30  22607039.215 9 118800760.635 9      2349.976 9        55.119 9                                                                  22607039.215 8 118800760.635 8      2349.976 8        52.119 8
G05  21266449.308 9 111755920.732 9       702.868 9        55.650 9                                                                  21266449.308 8 111755920.732 8       702.868 8        52.650 8
G04  21929603.076 9 115240811.704 9     -2467.856 9        55.383 9                                                                  21929603.076 8 115240811.704 8     -2467.856 8        52.383 8
E04                                                                  23382546.929 9 122876080.341 9      -140.232 9        57.939 9  23382546.929 9 122876080.341 9      -140.232 9        57.939 9
E05                                                                  26118076.524 9 137251355.246 9     -2050.174 9        56.978 9  26118076.524 9 137251355.246 9     -2050.174 9        56.978 9
E11                                                                  26643417.631 9 140012041.151 9     -2397.400 9        56.805 9  26643417.631 9 140012041.151 9     -2397.400 9        56.805 9
E20                                                                  27852486.793 9 146365727.930 9     -1662.824 9        56.419 9  27852486.793 9 146365727.930 9     -1662.824 9        56.419 9
E09                                                                  25023950.567 9 131501698.027 9      2584.258 9        57.349 9  25023950.567 9 131501698.027 9      2584.258 9        57.349 9
E10                                                                  23770148.701 9 124912938.475 9        23.597 9        57.796 9  23770148.701 9 124912938.475 9        23.597 9        57.796 9
E03                                                                  25061306.006 9 131698009.755 9      1951.595 9        57.336 9  25061306.006 9 131698009.755 9      1951.595 9        57.336 9
> 2026 02 03 10 00 23.0000000  0 18       0.000000000000
G02  20300653.365 9 106680632.483 9      -367.003 9        56.054 9                                                                  20300653.365 8 106680632.483 8      -367.003 8        53.054 8
G09  25247446.945 9 132676169.955 9     -2817.005 9        54.160 9                                                                  25247446.945 8 132676169.955 8     -2817.005 8        51.160 8
G13  25239972.342 9 132636880.155 9      1246.345 9        54.162 9                                                                  25239972.342 8 132636880.155 8      1246.345 8        51.162 8
G29  24911234.162 9 130909371.449 9      3069.456 9        54.276 9                                                                  24911234.162 8 130909371.449 8      3069.456 8        51.276 8
G10  22396174.272 9 117692654.964 9      3260.301 9        55.201 9                                                                  22396174.272 8 117692654.964 8      3260.301 8        52.201 8
G12  20804317.779 9 109327405.167 9       203.638 9        55.841 9                                                                  20804317.779 8 109327405.167 8       203.638 8        52.841 8
G17  24670182.912 9 129642619.973 9     -2945.898 9        54.361 9                                                                  24670182.912 8 129642619.973 8     -2945.898 8        51.361 8
G24  24373215.330 9 128082062.451 9      3064.590 9        54.466 9                                                                  24373215.330 8 128082062.451 8      3064.590 8        51.466 8
G30  22606592.075 9 118798410.899 9      2349.495 9        55.119 9                                                                  22606592.075 8 118798410.899 8      2349.495 8        52.119 8
G05  21266315.619 9 111755218.190 9       702.213 9        55.650 9                                                                  21266315.619 8 111755218.190 8       702.213 8        52.650 8
G04  21930072.711 9 115243279.649 9     -2468.047 9        55.383 9                                                                  21930072.711 8 115243279.649 8     -2468.047 8        52.383 8
E04                                                                  23382573.638 9 122876220.695 9      -140.478 9        57.939 9  23382573.638 9 122876220.695 9      -140.478 9        57.939 9
E05                                                                  26118466.675 9 137253405.495 9     -2050.345 9        56.978 9  26118466.675 9 137253405.495 9     -2050.345 9        56.978 9
E11                                                                  26643873.864 9 140014438.667 9     -2397.650 9        56.805 9  26643873.864 9 140014438.667 9     -2397.650 9        56.805 9
E20                                                                  27852803.248 9 146367390.904 9     -1663.136 9        56.419 9  27852803.248 9 146367390.904 9     -1663.136 9        56.419 9
E09                                                                  25023458.825 9 131499113.911 9      2583.984 9        57.350 9  25023458.825 9 131499113.911 9      2583.984 9        57.350 9
E10                                                                  23770144.255 9 124912915.114 9        23.126 9        57.796 9  23770144.255 9 124912915.114 9        23.126 9        57.796 9
E03                                                                  25060934.638 9 131696058.204 9      1951.508 9        57.337 9  25060934.638 9 131696058.204 9      1951.508 9        57.337 9
> 2026 02 03 10 00 24.0000000  0 18       0.000000000000
G02  20300723.241 9 106680999.684 9      -367.400 9        56.054 9                                                                  20300723.241 8 106680999.684 8      -367.400 8        53.054 8
G09  25247983.000 9 132678986.931 9     -2816.959 9        54.160 9                                                                  25247983.000 8 132678986.931 8     -2816.959 8        51.160 8
G13  25239735.214 9 132635634.039 9      1245.898 9        54.162 9                                                                  25239735.214 8 132635634.039 8      1245.898 8        51.162 8
G29  24910650.060 9 130906301.978 9      3069.483 9        54.276 9                                                                  24910650.060 8 130906301.978 8      3069.483 8        51.276 8
G10  22395553.886 9 117689394.823 9      3259.991 9        55.201 9                                                                  22395553.886 8 117689394.823 8      3259.991 8        52.201 8
G12  20804279.092 9 109327201.860 9       202.975 9        55.841 9                                                                  20804279.092 8 109327201.860 8       202.975 8        52.841 8
G17  24670743.509 9 129645565.918 9     -2946.024 9        54.360 9                                                                  24670743.509 8 129645565.918 8     -2946.024 8        51.360 8
G24  24372632.173 9 128078997.942 9      3064.428 9        54.466 9                                                                  24372632.173 8 128078997.942 8      3064.428 8        51.466 8
G30  22606145.027 9 118796061.645 9      2349.014 9        55.120 9                                                                  22606145.027 8 118796061.645 8      2349.014 8        52.120 8
G05  21266182.055 9 111754516.303 9       701.559 9        55.650 9                                                                  21266182.055 8 111754516.303 8       701.559 8        52.650 8
G04  21930542.382 9 115245747.785 9     -2468.237 9        55.383 9                                                                  21930542.382 8 115245747.785 8     -2468.237 8        52.383 8
E04                                                                  23382600.393 9 122876361.296 9      -140.725 9        57.939 9  23382600.393 9 122876361.296 9      -140.725 9        57.939 9
E05                                                                  26118856.859 9 137255455.916 9     -2050.515 9        56.977 9  26118856.859 9 137255455.916 9     -2050.515 9        56.977 9
E11                                                                  26644330.145 9 140016836.432 9     -2397.899 9        56.804 9  26644330.145 9 140016836.432 9     -2397.899 9        56.804 9
E20                                                                  27853119.762 9 146369054.189 9     -1663.447 9        56.419 9  27853119.762 9 146369054.189 9     -1663.447 9        56.419 9
E09                                                                  25022967.135 9 131496530.069 9      2583.711 9        57.350 9  25022967.135 9 131496530.069 9      2583.711 9        57.350 9
E10                                                                  23770139.899 9 124912892.224 9        22.654 9        57.796 9  23770139.899 9 124912892.224 9        22.654 9        57.796 9
E03                                                                  25060563.286 9 131694106.740 9      1951.421 9        57.337 9  25060563.286 9 131694106.740 9      1951.421 9        57.337 9
> 2026 02 03 10 00 25.0000000  0 18       0.000000000000
G02  20300793.193 9 106681367.281 9      -367.796 9        56.054 9                                                                  20300793.193 8 106681367.281 8      -367.796 8        53.054 8
G09  25248519.045 9 132681803.859 9     -2816.912 9        54.159 9                                                                  25248519.045 8 132681803.859 8     -2816.912 8        51.159 8
G13  25239498.170 9 132634388.370 9      1245.450 9        54.162 9                                                                  25239498.170 8 132634388.370 8      1245.450 8        51.162 8
G29  24910065.954 9 130903232.480 9      3069.511 9        54.277 9                                                                  24910065.954 8 130903232.480 8      3069.511 8        51.277 8
G10  22394933.560 9 117686134.991 9      3259.681 9        55.201 9                                                                  22394933.560 8 117686134.991 8      3259.681 8        52.201 8
G12  20804240.530 9 109326999.215 9       202.312 9        55.841 9                                                                  20804240.530 8 109326999.215 8       202.312 8        52.841 8
G17  24671304.130 9 129648511.989 9     -2946.150 9        54.360 9                                                                  24671304.130 8 129648511.989 8     -2946.150 8        51.360 8
G24  24372049.046 9 128075933.595 9      3064.266 9        54.466 9                                                                  24372049.046 8 128075933.595 8      3064.266 8        51.466 8
G30  22605698.069 9 118793712.871 9      2348.533 9        55.120 9                                                                  22605698.069 8 118793712.871 8      2348.533 8        52.120 8
G05  21266048.614 9 111753815.070 9       700.905 9        55.650 9                                                                  21266048.614 8 111753815.070 8       700.905 8        52.650 8
G04  21931012.090 9 115248216.111 9     -2468.427 9        55.383 9                                                                  21931012.090 8 115248216.111 8     -2468.427 8        52.383 8
E04                                                                  23382627.196 9 122876502.144 9      -140.971 9        57.939 9  23382627.196 9 122876502.144 9      -140.971 9        57.939 9
E05                                                                  26119247.075 9 137257506.506 9     -2050.685 9        56.977 9  26119247.075 9 137257506.506 9     -2050.685 9        56.977 9
E11                                                                  26644786.474 9 140019234.447 9     -2398.149 9        56.804 9  26644786.474 9 140019234.447 9     -2398.149 9        56.804 9
E20                                                                  27853436.336 9 146370717.786 9     -1663.759 9        56.419 9  27853436.336 9 146370717.786 9     -1663.759 9        56.419 9
E09                                                                  25022475.497 9 131493946.499 9      2583.438 9        57.350 9  25022475.497 9 131493946.499 9      2583.438 9        57.350 9
E10                                                                  23770135.633 9 124912869.806 9        22.183 9        57.796 9  23770135.633 9 124912869.806 9        22.183 9        57.796 9
E03                                                                  25060191.951 9 131692155.362 9      1951.335 9        57.337 9  25060191.951 9 131692155.362 9      1951.335 9        57.337 9
> 2026 02 03 10 00 26.0000000  0 18       0.000000000000
G02  20300863.220 9 106681735.274 9      -368.192 9        56.054 9                                                                  20300863.220 8 106681735.274 8      -368.192 8        53.054 8
G09  25249055.082 9 132684620.742 9     -2816.866 9        54.159 9                                                                  25249055.082 8 132684620.742 8     -2816.866 8        51.159 8
G13  25239261.211 9 132633143.149 9      1245.003 9        54.163 9                                                                  25239261.211 8 132633143.149 8      1245.003 8        51.163 8
G29  24909481.842 9 130900162.955 9      3069.538 9        54.277 9                                                                  24909481.842 8 130900162.955 8      3069.538 8        51.277 8
G10  22394313.293 9 117682875.470 9      3259.371 9        55.201 9                                                                  22394313.293 8 117682875.470 8      3259.371 8        52.201 8
G12  20804202.094 9 109326797.234 9       201.649 9        55.841 9                                                                  20804202.094 8 109326797.234 8       201.649 8        52.841 8
G17  24671864.775 9 129651458.185 9     -2946.276 9        54.360 9                                                                  24671864.775 8 129651458.185 8     -2946.276 8        51.360 8
G24  24371465.951 9 128072869.411 9      3064.103 9        54.466 9                                                                  24371465.951 8 128072869.411 8      3064.103 8        51.466 8
G30  22605251.204 9 118791364.579 9      2348.052 9        55.120 9                                                                  22605251.204 8 118791364.579 8      2348.052 8        52.120 8
G05  21265915.299 9 111753114.492 9       700.251 9        55.650 9                                                                  21265915.299 8 111753114.492 8       700.251 8        52.650 8
G04  21931481.834 9 115250684.627 9     -2468.617 9        55.383 9                                                                  21931481.834 8 115250684.627 8     -2468.617 8        52.383 8
E04                                                                  23382654.045 9 122876643.237 9      -141.218 9        57.939 9  23382654.045 9 122876643.237 9      -141.218 9        57.939 9
E05                                                                  26119637.323 9 137259557.267 9     -2050.856 9        56.977 9  26119637.323 9 137259557.267 9     -2050.856 9        56.977 9
E11                                                                  26645242.850 9 140021632.710 9     -2398.398 9        56.804 9  26645242.850 9 140021632.710 9     -2398.398 9        56.804 9
E20                                                                  27853752.969 9 146372381.694 9     -1664.071 9        56.419 9  27853752.969 9 146372381.694 9     -1664.071 9        56.419 9
E09                                                                  25021983.911 9 131491363.204 9      2583.164 9        57.350 9  25021983.911 9 131491363.204 9      2583.164 9        57.350 9
E10                                                                  23770131.457 9 124912847.859 9        21.711 9        57.796 9  23770131.457 9 124912847.859 9        21.711 9        57.796 9
E03                                                                  25059820.633 9 131690204.072 9      1951.247 9        57.337 9  25059820.633 9 131690204.072 9      1951.247 9        57.337 9
> 2026 02 03 10 00 27.0000000  0 18       0.000000000000
G02  20300933.322 9 106682103.663 9      -368.588 9        56.054 9                                                                  20300933.322 8 106682103.663 8      -368.588 8        53.054 8
G09  25249591.109 9 132687437.577 9     -2816.819 9        54.159 9                                                                  25249591.109 8 132687437.577 8     -2816.819 8        51.159 8
G13  25239024.338 9 132631898.376 9      1244.555 9        54.163 9                                                                  25239024.338 8 132631898.376 8      1244.555 8        51.163 8
G29  24908897.725 9 130897093.401 9      3069.566 9        54.277 9                                                                  24908897.725 8 130897093.401 8      3069.566 8        51.277 8
G10  22393693.085 9 117679616.259 9      3259.061 9        55.202 9                                                                  22393693.085 8 117679616.259 8      3259.061 8        52.202 8
G12  20804163.784 9 109326595.915 9       200.986 9        55.841 9                                                                  20804163.784 8 109326595.915 8       200.986 8        52.841 8
G17  24672425.444 9 129654404.508 9     -2946.402 9        54.360 9                                                                  24672425.444 8 129654404.508 8     -2946.402 8        51.360 8
G24  24370882.886 9 128069805.390 9      3063.941 9        54.467 9                                                                  24370882.886 8 128069805.390 8      3063.941 8        51.467 8
G30  22604804.430 9 118789016.768 9      2347.571 9        55.120 9                                                                  22604804.430 8 118789016.768 8      2347.571 8        52.120 8
G05  21265782.108 9 111752414.567 9       699.596 9        55.650 9                                                                  21265782.108 8 111752414.567 8       699.596 8        52.650 8
G04  21931951.614 9 115253153.333 9     -2468.808 9        55.383 9                                                                  21931951.614 8 115253153.333 8     -2468.808 8        52.383 8
E04                                                                  23382680.942 9 122876784.578 9      -141.464 9        57.939 9  23382680.942 9 122876784.578 9      -141.464 9        57.939 9
E05                                                                  26120027.604 9 137261608.198 9     -2051.026 9        56.977 9  26120027.604 9 137261608.198 9     -2051.026 9        56.977 9
E11                                                                  26645699.273 9 140024031.223 9     -2398.647 9        56.804 9  26645699.273 9 140024031.223 9     -2398.647 9        56.804 9
E20                                                                  27854069.661 9 146374045.914 9     -1664.382 9        56.419 9  27854069.661 9 146374045.914 9     -1664.382 9        56.419 9
E09                                                                  25021492.377 9 131488780.182 9      2582.890 9        57.350 9  25021492.377 9 131488780.182 9      2582.890 9        57.350 9
E10                                                                  23770127.370 9 124912826.384 9        21.240 9        57.796 9  23770127.370 9 124912826.384 9        21.240 9        57.796 9
E03                                                                  25059449.331 9 131688252.869 9      1951.160 9        57.337 9  25059449.331 9 131688252.869 9      1951.160 9        57.337 9
> 2026 02 03 10 00 28.0000000  0 18       0.000000000000
G02  20301003.500 9 106682472.448 9      -368.984 9        56.054 9                                                                  20301003.500 8 106682472.448 8      -368.984 8        53.054 8
G09  25250127.128 9 132690254.366 9     -2816.772 9        54.159 9                                                                  25250127.128 8 132690254.366 8     -2816.772 8        51.159 8
G13  25238787.550 9 132630654.050 9      1244.108 9        54.163 9                                                                  25238787.550 8 132630654.050 8      1244.108 8        51.163 8
G29  24908313.603 9 130894023.821 9      3069.593 9        54.277 9                                                                  24908313.603 8 130894023.821 8      3069.593 8        51.277 8
G10  22393072.936 9 117676357.358 9      3258.750 9        55.202 9                                                                  22393072.936 8 117676357.358 8      3258.750 8        52.202 8
G12  20804125.601 9 109326395.259 9       200.323 9        55.841 9                                                                  20804125.601 8 109326395.259 8       200.323 8        52.841 8
G17  24672986.137 9 129657350.956 9     -2946.527 9        54.360 9                                                                  24672986.137 8 129657350.956 8     -2946.527 8        51.360 8
G24  24370299.852 9 128066741.530 9      3063.778 9        54.467 9                                                                  24370299.852 8 128066741.530 8      3063.778 8        51.467 8
G30  22604357.748 9 118786669.438 9      2347.089 9        55.120 9                                                                  22604357.748 8 118786669.438 8      2347.089 8        52.120 8
G05  21265649.041 9 111751715.298 9       698.942 9        55.650 9                                                                  21265649.041 8 111751715.298 8       698.942 8        52.650 8
G04  21932421.430 9 115255622.229 9     -2468.997 9        55.382 9                                                                  21932421.430 8 115255622.229 8     -2468.997 8        52.382 8
E04                                                                  23382707.885 9 122876926.165 9      -141.711 9        57.939 9  23382707.885 9 122876926.165 9      -141.711 9        57.939 9
E05                                                                  26120417.917 9 137263659.300 9     -2051.197 9        56.977 9  26120417.917 9 137263659.300 9     -2051.197 9        56.977 9
E11                                                                  26646155.744 9 140026429.986 9     -2398.896 9        56.804 9  26646155.744 9 140026429.986 9     -2398.896 9        56.804 9
E20                                                                  27854386.412 9 146375710.446 9     -1664.693 9        56.419 9  27854386.412 9 146375710.446 9     -1664.693 9        56.419 9
E09                                                                  25021000.896 9 131486197.433 9      2582.617 9        57.350 9  25021000.896 9 131486197.433 9      2582.617 9        57.350 9
E10                                                                  23770123.373 9 124912805.380 9        20.768 9        57.796 9  23770123.373 9 124912805.380 9        20.768 9        57.796 9
E03                                                                  25059078.045 9 131686301.753 9      1951.073 9        57.337 9  25059078.045 9 131686301.753 9      1951.073 9        57.337 9
> 2026 02 03 10 00 29.0000000  0 18       0.000000000000
G02  20301073.753 9 106682841.629 9      -369.380 9        56.054 9                                                                  20301073.753 8 106682841.629 8      -369.380 8        53.054 8
G09  25250663.138 9 132693071.108 9     -2816.725 9        54.159 9                                                                  25250663.138 8 132693071.108 8     -2816.725 8        51.159 8
G13  25238550.847 9 132629410.172 9      1243.660 9        54.163 9                                                                  25238550.847 8 132629410.172 8      1243.660 8        51.163 8
G29  24907729.476 9 130890954.212 9      3069.621 9        54.277 9                                                                  24907729.476 8 130890954.212 8      3069.621 8        51.277 8
G10  22392452.846 9 117673098.767 9      3258.440 9        55.202 9                                                                  22392452.846 8 117673098.767 8      3258.440 8        52.202 8
G12  20804087.544 9 109326195.266 9       199.661 9        55.841 9                                                                  20804087.544 8 109326195.266 8       199.661 8        52.841 8
G17  24673546.853 9 129660297.531 9     -2946.653 9        54.359 9                                                                  24673546.853 8 129660297.531 8     -2946.653 8        51.359 8
G24  24369716.849 9 128063677.833 9      3063.616 9        54.467 9                                                                  24369716.849 8 128063677.833 8      3063.616 8        51.467 8
G30  22603911.157 9 118784322.589 9      2346.608 9        55.120 9                                                                  22603911.157 8 118784322.589 8      2346.608 8        52.120 8
G05  21265516.099 9 111751016.682 9       698.288 9        55.651 9                                                                  21265516.099 8 111751016.682 8       698.288 8        52.651 8
G04  21932891.283 9 115258091.315 9     -2469.188 9        55.382 9                                                                  21932891.283 8 115258091.315 8     -2469.188 8        52.382 8
E04                                                                  23382734.875 9 122877067.999 9      -141.958 9        57.939 9  23382734.875 9 122877067.999 9      -141.958 9        57.939 9
E05                                                                  26120808.262 9 137265710.572 9     -2051.367 9        56.977 9  26120808.262 9 137265710.572 9     -2051.367 9        56.977 9
E11                                                                  26646612.262 9 140028828.997 9     -2399.145 9        56.804 9  26646612.262 9 140028828.997 9     -2399.145 9        56.804 9
E20                                                                  27854703.223 9 146377375.288 9     -1665.005 9        56.419 9  27854703.223 9 146377375.288 9     -1665.005 9        56.419 9
E09                                                                  25020509.466 9 131483614.959 9      2582.343 9        57.351 9  25020509.466 9 131483614.959 9      2582.343 9        57.351 9
E10                                                                  23770119.466 9 124912784.848 9        20.297 9        57.796 9  23770119.466 9 124912784.848 9        20.297 9        57.796 9
E03                                                                  25058706.776 9 131684350.725 9      1950.986 9        57.337 9  25058706.776 9 131684350.725 9      1950.986 9        57.337 9
> 2026 02 03 10 00 30.0000000  0 18       0.000000000000
G02  20301144.081 9 106683211.207 9      -369.776 9        56.054 9                                                                  20301144.081 8 106683211.207 8      -369.776 8        53.054 8
G09  25251199.139 9 132695887.803 9     -2816.678 9        54.158 9                                                                  25251199.139 8 132695887.803 8     -2816.678 8        51.158 8
G13  25238314.229 9 132628166.742 9      1243.212 9        54.163 9                                                                  25238314.229 8 132628166.742 8      1243.212 8        51.163 8
G29  24907145.343 9 130887884.577 9      3069.648 9        54.278 9                                                                  24907145.343 8 130887884.577 8      3069.648 8        51.278 8
G10  22391832.815 9 117669840.487 9      3258.129 9        55.202 9                                                                  22391832.815 8 117669840.487 8      3258.129 8        52.202 8
G12  20804049.613 9 109325995.936 9       198.998 9        55.841 9                                                                  20804049.613 8 109325995.936 8       198.998 8        52.841 8
G17  24674107.594 9 129663244.231 9     -2946.779 9        54.359 9                                                                  24674107.594 8 129663244.231 8     -2946.779 8        51.359 8
G24  24369133.878 9 128060614.299 9      3063.453 9        54.467 9                                                                  24369133.878 8 128060614.299 8      3063.453 8        51.467 8
G30  22603464.657 9 118781976.221 9      2346.127 9        55.121 9                                                                  22603464.657 8 118781976.221 8      2346.127 8        52.121 8
G05  21265383.282 9 111750318.721 9       697.633 9        55.651 9                                                                  21265383.282 8 111750318.721 8       697.633 8        52.651 8
G04  21933361.171 9 115260560.591 9     -2469.377 9        55.382 9                                                                  21933361.171 8 115260560.591 8     -2469.377 8        52.382 8
E04                                                                  23382761.912 9 122877210.079 9      -142.204 9        57.939 9  23382761.912 9 122877210.079 9      -142.204 9        57.939 9
E05                                                                  26121198.640 9 137267762.014 9     -2051.537 9        56.977 9  26121198.640 9 137267762.014 9     -2051.537 9        56.977 9
E11                                                                  26647068.827 9 140031228.257 9     -2399.394 9        56.803 9  26647068.827 9 140031228.257 9     -2399.394 9        56.803 9
E20                                                                  27855020.092 9 146379040.442 9     -1665.316 9        56.418 9  27855020.092 9 146379040.442 9     -1665.316 9        56.418 9
E09                                                                  25020018.088 9 131481032.758 9      2582.069 9        57.351 9  25020018.088 9 131481032.758 9      2582.069 9        57.351 9
E10                                                                  23770115.648 9 124912764.787 9        19.825 9        57.796 9  23770115.648 9 124912764.787 9        19.825 9        57.796 9
E03                                                                  25058335.524 9 131682399.783 9      1950.899 9        57.337 9  25058335.524 9 131682399.783 9      1950.899 9        57.337 9
> 2026 02 03 10 00 31.0000000  0 18       0.000000000000
G02  20301214.485 9 106683581.180 9      -370.172 9        56.054 9                                                                  20301214.485 8 106683581.180 8      -370.172 8        53.054 8
G09  25251735.131 9 132698704.451 9     -2816.631 9        54.158 9                                                                  25251735.131 8 132698704.451 8     -2816.631 8        51.158 8
G13  25238077.697 9 132626923.759 9      1242.764 9        54.163 9                                                                  25238077.697 8 132626923.759 8      1242.764 8        51.163 8
G29  24906561.205 9 130884814.913 9      3069.676 9        54.278 9                                                                  24906561.205 8 130884814.913 8      3069.676 8        51.278 8
G10  22391212.843 9 117666582.517 9      3257.819 9        55.203 9                                                                  22391212.843 8 117666582.517 8      3257.819 8        52.203 8
G12  20804011.808 9 109325797.269 9       198.335 9        55.841 9                                                                  20804011.808 8 109325797.269 8       198.335 8        52.841 8
G17  24674668.359 9 129666191.058 9     -2946.905 9        54.359 9                                                                  24674668.359 8 129666191.058 8     -2946.905 8        51.359 8
G24  24368550.937 9 128057550.927 9      3063.291 9        54.467 9                                                                  24368550.937 8 128057550.927 8      3063.291 8        51.467 8
G30  22603018.250 9 118779630.335 9      2345.645 9        55.121 9                                                                  22603018.250 8 118779630.335 8      2345.645 8        52.121 8
G05  21265250.589 9 111749621.414 9       696.979 9        55.651 9                                                                  21265250.589 8 111749621.414 8       696.979 8        52.651 8
G04  21933831.096 9 115263030.057 9     -2469.567 9        55.382 9                                                                  21933831.096 8 115263030.057 8     -2469.567 8        52.382 8
E04                                                                  23382788.996 9 122877352.406 9      -142.451 9        57.939 9  23382788.996 9 122877352.406 9      -142.451 9        57.939 9
E05                                                                  26121589.050 9 137269813.627 9     -2051.707 9        56.976 9  26121589.050 9 137269813.627 9     -2051.707 9        56.976 9
E11                                                                  26647525.440 9 140033627.766 9     -2399.643 9        56.803 9  26647525.440 9 140033627.766 9     -2399.643 9        56.803 9
E20                                                                  27855337.022 9 146380705.907 9     -1665.627 9        56.418 9  27855337.022 9 146380705.907 9     -1665.627 9        56.418 9
E09                                                                  25019526.763 9 131478450.830 9      2581.795 9        57.351 9  25019526.763 9 131478450.830 9      2581.795 9        57.351 9
E10                                                                  23770111.921 9 124912745.197 9        19.354 9        57.796 9  23770111.921 9 124912745.197 9        19.354 9        57.796 9
E03                                                                  25057964.289 9 131680448.929 9      1950.811 9        57.338 9  25057964.289 9 131680448.929 9      1950.811 9        57.338 9
> 2026 02 03 10 00 32.0000000  0 18       0.000000000000
G02  20301284.964 9 106683951.550 9      -370.568 9        56.054 9                                                                  20301284.964 8 106683951.550 8      -370.568 8        53.054 8
G09  25252271.114 9 132701521.051 9     -2816.584 9        54.158 9                                                                  25252271.114 8 132701521.051 8     -2816.584 8        51.158 8
G13  25237841.249 9 132625681.225 9      1242.316 9        54.163 9                                                                  25237841.249 8 132625681.225 8      1242.316 8        51.163 8
G29  24905977.062 9 130881745.223 9      3069.703 9        54.278 9                                                                  24905977.062 8 130881745.223 8      3069.703 8        51.278 8
G10  22390592.931 9 117663324.858 9      3257.508 9        55.203 9                                                                  22390592.931 8 117663324.858 8      3257.508 8        52.203 8
G12  20803974.129 9 109325599.265 9       197.672 9        55.841 9                                                                  20803974.129 8 109325599.265 8       197.672 8        52.841 8
G17  24675229.148 9 129669138.010 9     -2947.031 9        54.359 9                                                                  24675229.148 8 129669138.010 8     -2947.031 8        51.359 8
G24  24367968.027 9 128054487.718 9      3063.128 9        54.468 9                                                                  24367968.027 8 128054487.718 8      3063.128 8        51.468 8
G30  22602571.934 9 118777284.930 9      2345.164 9        55.121 9                                                                  22602571.934 8 118777284.930 8      2345.164 8        52.121 8
G05  21265118.020 9 111748924.762 9       696.324 9        55.651 9                                                                  21265118.020 8 111748924.762 8       696.324 8        52.651 8
G04  21934301.056 9 115265499.713 9     -2469.757 9        55.382 9                                                                  21934301.056 8 115265499.713 8     -2469.757 8        52.382 8
E04                                                                  23382816.127 9 122877494.979 9      -142.698 9        57.939 9  23382816.127 9 122877494.979 9      -142.698 9        57.939 9
E05                                                                  26121979.493 9 137271865.410 9     -2051.878 9        56.976 9  26121979.493 9 137271865.410 9     -2051.878 9        56.976 9
E11                                                                  26647982.100 9 140036027.524 9     -2399.892 9        56.803 9  26647982.100 9 140036027.524 9     -2399.892 9        56.803 9
E20                                                                  27855654.010 9 146382371.684 9     -1665.938 9        56.418 9  27855654.010 9 146382371.684 9     -1665.938 9        56.418 9
E09                                                                  25019035.490 9 131475869.177 9      2581.522 9        57.351 9  25019035.490 9 131475869.177 9      2581.522 9        57.351 9
E10                                                                  23770108.283 9 124912726.079 9        18.883 9        57.796 9  23770108.283 9 124912726.079 9        18.883 9        57.796 9
E03                                                                  25057593.070 9 131678498.162 9      1950.724 9        57.338 9  25057593.070 9 131678498.162 9      1950.724 9        57.338 9
> 2026 02 03 10 00 33.0000000  0 18       0.000000000000
G02  20301355.519 9 106684322.315 9      -370.964 9        56.054 9                                                                  20301355.519 8 106684322.315 8      -370.964 8        53.054 8
G09  25252807.088 9 132704337.605 9     -2816.536 9        54.158 9                                                                  25252807.088 8 132704337.605 8     -2816.536 8        51.158 8
G13  25237604.887 9 132624439.138 9      1241.868 9        54.163 9                                                                  25237604.887 8 132624439.138 8      1241.868 8        51.163 8
G29  24905392.914 9 130878675.505 9      3069.731 9        54.278 9                                                                  24905392.914 8 130878675.505 8      3069.731 8        51.278 8
G10  22389973.077 9 117660067.509 9      3257.198 9        55.203 9                                                                  22389973.077 8 117660067.509 8      3257.198 8        52.203 8
G12  20803936.576 9 109325401.924 9       197.009 9        55.841 9                                                                  20803936.576 8 109325401.924 8       197.009 8        52.841 8
G17  24675789.961 9 129672085.088 9     -2947.157 9        54.359 9                                                                  24675789.961 8 129672085.088 8     -2947.157 8        51.359 8
G24  24367385.148 9 128051424.671 9      3062.966 9        54.468 9                                                                  24367385.148 8 128051424.671 8      3062.966 8        51.468 8
G30  22602125.710 9 118774940.007 9      2344.682 9        55.121 9                                                                  22602125.710 8 118774940.007 8      2344.682 8        52.121 8
G05  21264985.576 9 111748228.764 9       695.670 9        55.651 9                                                                  21264985.576 8 111748228.764 8       695.670 8        52.651 8
G04  21934771.053 9 115267969.559 9     -2469.947 9        55.381 9                                                                  21934771.053 8 115267969.559 8     -2469.947 8        52.381 8
E04                                                                  23382843.305 9 122877637.800 9      -142.944 9        57.939 9  23382843.305 9 122877637.800 9      -142.944 9        57.939 9
E05                                                                  26122369.969 9 137273917.364 9     -2052.048 9        56.976 9  26122369.969 9 137273917.364 9     -2052.048 9        56.976 9
E11                                                                  26648438.808 9 140038427.530 9     -2400.140 9        56.803 9  26648438.808 9 140038427.530 9     -2400.140 9        56.803 9
E20                                                                  27855971.057 9 146384037.771 9     -1666.249 9        56.418 9  27855971.057 9 146384037.771 9     -1666.249 9        56.418 9
E09                                                                  25018544.268 9 131473287.797 9      2581.248 9        57.351 9  25018544.268 9 131473287.797 9      2581.248 9        57.351 9
E10                                                                  23770104.734 9 124912707.432 9        18.411 9        57.796 9  23770104.734 9 124912707.432 9        18.411 9        57.796 9
E03                                                                  25057221.867 9 131676547.483 9      1950.637 9        57.338 9  25057221.867 9 131676547.483 9      1950.637 9        57.338 9
> 2026 02 03 10 00 34.0000000  0 18       0.000000000000
G02  20301426.148 9 106684693.476 9      -371.360 9        56.054 9                                                                  20301426.148 8 106684693.476 8      -371.360 8        53.054 8
G09  25253343.053 9 132707154.111 9     -2816.489 9        54.158 9                                                                  25253343.053 8 132707154.111 8     -2816.489 8        51.158 8
G13  25237368.611 9 132623197.499 9      1241.420 9        54.163 9                                                                  25237368.611 8 132623197.499 8      1241.420 8        51.163 8
G29  24904808.760 9 130875605.760 9      3069.758 9        54.278 9                                                                  24904808.760 8 130875605.760 8      3069.758 8        51.278 8
G10  22389353.283 9 117656810.472 9      3256.887 9        55.203 9                                                                  22389353.283 8 117656810.472 8      3256.887 8        52.203 8
G12  20803899.150 9 109325205.246 9       196.345 9        55.841 9                                                                  20803899.150 8 109325205.246 8       196.345 8        52.841 8
G17  24676350.797 9 129675032.291 9     -2947.283 9        54.358 9                                                                  24676350.797 8 129675032.291 8     -2947.283 8        51.358 8
G24  24366802.299 9 128048361.787 9      3062.803 9        54.468 9                                                                  24366802.299 8 128048361.787 8      3062.803 8        51.468 8
G30  22601679.577 9 118772595.566 9      2344.200 9        55.121 9                                                                  22601679.577 8 118772595.566 8      2344.200 8        52.121 8
G05  21264853.257 9 111747533.421 9       695.015 9        55.651 9                                                                  21264853.257 8 111747533.421 8       695.015 8        52.651 8
G04  21935241.086 9 115270439.594 9     -2470.136 9        55.381 9                                                                  21935241.086 8 115270439.594 8     -2470.136 8        52.381 8
E04                                                                  23382870.530 9 122877780.866 9      -143.191 9        57.939 9  23382870.530 9 122877780.866 9      -143.191 9        57.939 9
E05                                                                  26122760.476 9 137275969.487 9     -2052.219 9        56.976 9  26122760.476 9 137275969.487 9     -2052.219 9        56.976 9
E11                                                                  26648895.563 9 140040827.786 9     -2400.389 9        56.803 9  26648895.563 9 140040827.786 9     -2400.389 9        56.803 9
E20                                                                  27856288.164 9 146385704.170 9     -1666.560 9        56.418 9  27856288.164 9 146385704.170 9     -1666.560 9        56.418 9
E09                                                                  25018053.099 9 131470706.692 9      2580.974 9        57.351 9  25018053.099 9 131470706.692 9      2580.974 9        57.351 9
E10                                                                  23770101.276 9 124912689.257 9        17.940 9        57.796 9  23770101.276 9 124912689.257 9        17.940 9        57.796 9
E03                                                                  25056850.681 9 131674596.890 9      1950.549 9        57.338 9  25056850.681 9 131674596.890 9      1950.549 9        57.338 9
> 2026 02 03 10 00 35.0000000  0 18       0.000000000000
G02  20301496.854 9 106685065.033 9      -371.756 9        56.053 9                                                                  20301496.854 8 106685065.033 8      -371.756 8        53.053 8
G09  25253879.009 9 132709970.570 9     -2816.441 9        54.157 9                                                                  25253879.009 8 132709970.570 8     -2816.441 8        51.157 8
G13  25237132.419 9 132621956.309 9      1240.972 9        54.163 9                                                                  25237132.419 8 132621956.309 8      1240.972 8        51.163 8
G29  24904224.601 9 130872535.987 9      3069.785 9        54.279 9                                                                  24904224.601 8 130872535.987 8      3069.785 8        51.279 8
G10  22388733.547 9 117653553.745 9      3256.576 9        55.203 9                                                                  22388733.547 8 117653553.745 8      3256.576 8        52.203 8
G12  20803861.850 9 109325009.231 9       195.682 9        55.841 9                                                                  20803861.850 8 109325009.231 8       195.682 8        52.841 8
G17  24676911.658 9 129677979.621 9     -2947.408 9        54.358 9                                                                  24676911.658 8 129677979.621 8     -2947.408 8        51.358 8
G24  24366219.482 9 128045299.065 9      3062.641 9        54.468 9                                                                  24366219.482 8 128045299.065 8      3062.641 8        51.468 8
G30  22601233.536 9 118770251.607 9      2343.718 9        55.121 9                                                                  22601233.536 8 118770251.607 8      2343.718 8        52.121 8
G05  21264721.062 9 111746838.733 9       694.360 9        55.651 9                                                                  21264721.062 8 111746838.733 8       694.360 8        52.651 8
G04  21935711.155 9 115272909.819 9     -2470.326 9        55.381 9                                                                  21935711.155 8 115272909.819 8     -2470.326 8        52.381 8
E04                                                                  23382897.802 9 122877924.180 9      -143.438 9        57.939 9  23382897.802 9 122877924.180 9      -143.438 9        57.939 9
E05                                                                  26123151.016 9 137278021.782 9     -2052.389 9        56.976 9  26123151.016 9 137278021.782 9     -2052.389 9        56.976 9
E11                                                                  26649352.365 9 140043228.290 9     -2400.638 9        56.803 9  26649352.365 9 140043228.290 9     -2400.638 9        56.803 9
E20                                                                  27856605.330 9 146387370.879 9     -1666.871 9        56.418 9  27856605.330 9 146387370.879 9     -1666.871 9        56.418 9
E09                                                                  25017561.982 9 131468125.860 9      2580.700 9        57.352 9  25017561.982 9 131468125.860 9      2580.700 9        57.352 9
E10                                                                  23770097.907 9 124912671.553 9        17.468 9        57.796 9  23770097.907 9 124912671.553 9        17.468 9        57.796 9
E03                                                                  25056479.512 9 131672646.385 9      1950.462 9        57.338 9  25056479.512 9 131672646.385 9      1950.462 9        57.338 9
> 2026 02 03 10 00 36.0000000  0 18       0.000000000000
G02  20301567.634 9 106685436.986 9      -372.152 9        56.053 9                                                                  20301567.634 8 106685436.986 8      -372.152 8        53.053 8
G09  25254414.956 9 132712786.981 9     -2816.394 9        54.157 9                                                                  25254414.956 8 132712786.981 8     -2816.394 8        51.157 8
G13  25236896.313 9 132620715.567 9      1240.524 9        54.163 9                                                                  25236896.313 8 132620715.567 8      1240.524 8        51.163 8
G29  24903640.438 9 130869466.187 9      3069.812 9        54.279 9                                                                  24903640.438 8 130869466.187 8      3069.812 8        51.279 8
G10  22388113.871 9 117650297.329 9      3256.265 9        55.204 9                                                                  22388113.871 8 117650297.329 8      3256.265 8        52.204 8
G12  20803824.676 9 109324813.879 9       195.019 9        55.841 9                                                                  20803824.676 8 109324813.879 8       195.019 8        52.841 8
G17  24677472.542 9 129680927.076 9     -2947.534 9        54.358 9                                                                  24677472.542 8 129680927.076 8     -2947.534 8        51.358 8
G24  24365636.696 9 128042236.507 9      3062.478 9        54.469 9                                                                  24365636.696 8 128042236.507 8      3062.478 8        51.469 8
G30  22600787.587 9 118767908.129 9      2343.236 9        55.122 9                                                                  22600787.587 8 118767908.129 8      2343.236 8        52.122 8
G05  21264588.992 9 111746144.699 9       693.706 9        55.651 9                                                                  21264588.992 8 111746144.699 8       693.706 8        52.651 8
G04  21936181.260 9 115275380.234 9     -2470.516 9        55.381 9                                                                  21936181.260 8 115275380.234 8     -2470.516 8        52.381 8
E04                                                                  23382925.121 9 122878067.741 9      -143.685 9        57.938 9  23382925.121 9 122878067.741 9      -143.685 9        57.938 9
E05                                                                  26123541.589 9 137280074.246 9     -2052.559 9        56.976 9  26123541.589 9 137280074.246 9     -2052.559 9        56.976 9
E11                                                                  26649809.214 9 140045629.043 9     -2400.886 9        56.803 9  26649809.214 9 140045629.043 9     -2400.886 9        56.803 9
E20                                                                  27856922.555 9 146389037.899 9     -1667.182 9        56.418 9  27856922.555 9 146389037.899 9     -1667.182 9        56.418 9
E09                                                                  25017070.918 9 131465545.302 9      2580.426 9        57.352 9  25017070.918 9 131465545.302 9      2580.426 9        57.352 9
E10                                                                  23770094.627 9 124912654.320 9        16.997 9        57.796 9  23770094.627 9 124912654.320 9        16.997 9        57.796 9
E03                                                                  25056108.360 9 131670695.968 9      1950.375 9        57.338 9  25056108.360 9 131670695.968 9      1950.375 9        57.338 9
> 2026 02 03 10 00 37.0000000  0 18       0.000000000000
G02  20301638.490 9 106685809.335 9      -372.548 9        56.053 9                                                                  20301638.490 8 106685809.335 8      -372.548 8        53.053 8
G09  25254950.894 9 132715603.344 9     -2816.346 9        54.157 9                                                                  25254950.894 8 132715603.344 8     -2816.346 8        51.157 8
G13  25236660.292 9 132619475.273 9      1240.075 9        54.163 9                                                                  25236660.292 8 132619475.273 8      1240.075 8        51.163 8
G29  24903056.268 9 130866396.360 9      3069.840 9        54.279 9                                                                  24903056.268 8 130866396.360 8      3069.840 8        51.279 8
G10  22387494.254 9 117647041.225 9      3255.953 9        55.204 9                                                                  22387494.254 8 117647041.225 8      3255.953 8        52.204 8
G12  20803787.628 9 109324619.191 9       194.356 9        55.841 9                                                                  20803787.628 8 109324619.191 8       194.356 8        52.841 8
G17  24678033.451 9 129683874.658 9     -2947.660 9        54.358 9                                                                  24678033.451 8 129683874.658 8     -2947.660 8        51.358 8
G24  24365053.941 9 128039174.110 9      3062.315 9        54.469 9                                                                  24365053.941 8 128039174.110 8      3062.315 8        51.469 8
G30  22600341.729 9 118765565.134 9      2342.755 9        55.122 9                                                                  22600341.729 8 118765565.134 8      2342.755 8        52.122 8
G05  21264457.046 9 111745451.320 9       693.051 9        55.651 9                                                                  21264457.046 8 111745451.320 8       693.051 8        52.651 8
G04  21936651.402 9 115277850.838 9     -2470.705 9        55.381 9                                                                  21936651.402 8 115277850.838 8     -2470.705 8        52.381 8
E04                                                                  23382952.486 9 122878211.548 9      -143.931 9        57.938 9  23382952.486 9 122878211.548 9      -143.931 9        57.938 9
E05                                                                  26123932.193 9 137282126.881 9     -2052.730 9        56.976 9  26123932.193 9 137282126.881 9     -2052.730 9        56.976 9
E11                                                                  26650266.111 9 140048030.044 9     -2401.135 9        56.802 9  26650266.111 9 140048030.044 9     -2401.135 9        56.802 9
E20                                                                  27857239.839 9 146390705.230 9     -1667.493 9        56.418 9  27857239.839 9 146390705.230 9     -1667.493 9        56.418 9
E09                                                                  25016579.905 9 131462965.019 9      2580.152 9        57.352 9  25016579.905 9 131462965.019 9      2580.152 9        57.352 9
E10                                                                  23770091.438 9 124912637.559 9        16.526 9        57.796 9  23770091.438 9 124912637.559 9        16.526 9        57.796 9
E03                                                                  25055737.224 9 131668745.638 9      1950.287 9        57.338 9  25055737.224 9 131668745.638 9      1950.287 9        57.338 9
> 2026 02 03 10 00 38.0000000  0 18       0.000000000000
G02  20301709.421 9 106686182.080 9      -372.943 9        56.053 9                                                                  20301709.421 8 106686182.080 8      -372.943 8        53.053 8
G09  25255486.823 9 132718419.659 9     -2816.298 9        54.157 9                                                                  25255486.823 8 132718419.659 8     -2816.298 8        51.157 8
G13  25236424.356 9 132618235.428 9      1239.627 9        54.164 9                                                                  25236424.356 8 132618235.428 8      1239.627 8        51.164 8
G29  24902472.094 9 130863326.506 9      3069.867 9        54.279 9                                                                  24902472.094 8 130863326.506 8      3069.867 8        51.279 8
G10  22386874.697 9 117643785.431 9      3255.642 9        55.204 9                                                                  22386874.697 8 117643785.431 8      3255.642 8        52.204 8
G12  20803750.706 9 109324425.165 9       193.693 9        55.841 9                                                                  20803750.706 8 109324425.165 8       193.693 8        52.841 8
G17  24678594.383 9 129686822.364 9     -2947.786 9        54.358 9                                                                  24678594.383 8 129686822.364 8     -2947.786 8        51.358 8
G24  24364471.216 9 128036111.877 9      3062.152 9        54.469 9                                                                  24364471.216 8 128036111.877 8      3062.152 8        51.469 8
G30  22599895.963 9 118763222.620 9      2342.272 9        55.122 9                                                                  22599895.963 8 118763222.620 8      2342.272 8        52.122 8
G05  21264325.225 9 111744758.595 9       692.396 9        55.651 9                                                                  21264325.225 8 111744758.595 8       692.396 8        52.651 8
G04  21937121.579 9 115280321.631 9     -2470.895 9        55.380 9                                                                  21937121.579 8 115280321.631 8     -2470.895 8        52.380 8
E04                                                                  23382979.899 9 122878355.602 9      -144.178 9        57.938 9  23382979.899 9 122878355.602 9      -144.178 9        57.938 9
E05                                                                  26124322.831 9 137284179.686 9     -2052.900 9        56.976 9  26124322.831 9 137284179.686 9     -2052.900 9        56.976 9
E11                                                                  26650723.055 9 140050431.294 9     -2401.383 9        56.802 9  26650723.055 9 140050431.294 9     -2401.383 9        56.802 9
E20                                                                  27857557.182 9 146392372.872 9     -1667.804 9        56.418 9  27857557.182 9 146392372.872 9     -1667.804 9        56.418 9
E09                                                                  25016088.944 9 131460385.010 9      2579.877 9        57.352 9  25016088.944 9 131460385.010 9      2579.877 9        57.352 9
E10                                                                  23770088.338 9 124912621.269 9        16.054 9        57.796 9  23770088.338 9 124912621.269 9        16.054 9        57.796 9
E03                                                                  25055366.105 9 131666795.395 9      1950.200 9        57.338 9  25055366.105 9 131666795.395 9      1950.200 9        57.338 9
> 2026 02 03 10 00 39.0000000  0 18       0.000000000000
G02  20301780.427 9 106686555.220 9      -373.339 9        56.053 9                                                                  20301780.427 8 106686555.220 8      -373.339 8        53.053 8
G09  25256022.742 9 132721235.927 9     -2816.250 9        54.157 9                                                                  25256022.742 8 132721235.927 8     -2816.250 8        51.157 8
G13  25236188.506 9 132616996.031 9      1239.178 9        54.164 9                                                                  25236188.506 8 132616996.031 8      1239.178 8        51.164 8
G29  24901887.915 9 130860256.624 9      3069.894 9        54.279 9                                                                  24901887.915 8 130860256.624 8      3069.894 8        51.279 8
G10  22386255.198 9 117640529.949 9      3255.331 9        55.204 9                                                                  22386255.198 8 117640529.949 8      3255.331 8        52.204 8
G12  20803713.911 9 109324231.803 9       193.030 9        55.841 9                                                                  20803713.911 8 109324231.803 8       193.030 8        52.841 8
G17  24679155.339 9 129689770.197 9     -2947.912 9        54.357 9                                                                  24679155.339 8 129689770.197 8     -2947.912 8        51.357 8
G24  24363888.523 9 128033049.806 9      3061.990 9        54.469 9                                                                  24363888.523 8 128033049.806 8      3061.990 8        51.469 8
G30  22599450.289 9 118760880.589 9      2341.790 9        55.122 9                                                                  22599450.289 8 118760880.589 8      2341.790 8        52.122 8
G05  21264193.529 9 111744066.526 9       691.742 9        55.651 9                                                                  21264193.529 8 111744066.526 8       691.742 8        52.651 8
G04  21937591.792 9 115282792.614 9     -2471.084 9        55.380 9                                                                  21937591.792 8 115282792.614 8     -2471.084 8        52.380 8
E04                                                                  23383007.359 9 122878499.903 9      -144.425 9        57.938 9  23383007.359 9 122878499.903 9      -144.425 9        57.938 9
E05                                                                  26124713.500 9 137286232.662 9     -2053.070 9        56.975 9  26124713.500 9 137286232.662 9     -2053.070 9        56.975 9
E11                                                                  26651180.047 9 140052832.792 9     -2401.632 9        56.802 9  26651180.047 9 140052832.792 9     -2401.632 9        56.802 9
E20                                                                  27857874.585 9 146394040.825 9     -1668.114 9        56.418 9  27857874.585 9 146394040.825 9     -1668.114 9        56.418 9
E09                                                                  25015598.036 9 131457805.274 9      2579.603 9        57.352 9  25015598.036 9 131457805.274 9      2579.603 9        57.352 9
E10                                                                  23770085.328 9 124912605.450 9        15.583 9        57.796 9  23770085.328 9 124912605.450 9        15.583 9        57.796 9
E03                                                                  25054995.002 9 131664845.240 9      1950.112 9        57.339 9  25054995.002 9 131664845.240 9      1950.112 9        57.339 9
> 2026 02 03 10 00 40.0000000  0 18       0.000000000000
G02  20301851.509 9 106686928.755 9      -373.735 9        56.053 9                                                                  20301851.509 8 106686928.755 8      -373.735 8        53.053 8
G09  25256558.653 9 132724052.147 9     -2816.202 9        54.157 9                                                                  25256558.653 8 132724052.147 8     -2816.202 8        51.157 8
G13  25235952.741 9 132615757.083 9      1238.730 9        54.164 9                                                                  25235952.741 8 132615757.083 8      1238.730 8        51.164 8
G29  24901303.730 9 130857186.715 9      3069.921 9        54.280 9                                                                  24901303.730 8 130857186.715 8      3069.921 8        51.280 8
G10  22385635.759 9 117637274.778 9      3255.019 9        55.205 9                                                                  22385635.759 8 117637274.778 8      3255.019 8        52.205 8
G12  20803677.241 9 109324039.103 9       192.367 9        55.841 9                                                                  20803677.241 8 109324039.103 8       192.367 8        52.841 8
G17  24679716.320 9 129692718.155 9     -2948.037 9        54.357 9                                                                  24679716.320 8 129692718.155 8     -2948.037 8        51.357 8
G24  24363305.861 9 128029987.898 9      3061.827 9        54.469 9                                                                  24363305.861 8 128029987.898 8      3061.827 8        51.469 8
G30  22599004.707 9 118758539.040 9      2341.308 9        55.122 9                                                                  22599004.707 8 118758539.040 8      2341.308 8        52.122 8
G05  21264061.957 9 111743375.111 9       691.087 9        55.651 9                                                                  21264061.957 8 111743375.111 8       691.087 8        52.651 8
G04  21938062.042 9 115285263.787 9     -2471.273 9        55.380 9                                                                  21938062.042 8 115285263.787 8     -2471.273 8        52.380 8
E04                                                                  23383034.865 9 122878644.450 9      -144.672 9        57.938 9  23383034.865 9 122878644.450 9      -144.672 9        57.938 9
E05                                                                  26125104.203 9 137288285.807 9     -2053.241 9        56.975 9  26125104.203 9 137288285.807 9     -2053.241 9        56.975 9
E11                                                                  26651637.085 9 140055234.539 9     -2401.880 9        56.802 9  26651637.085 9 140055234.539 9     -2401.880 9        56.802 9
E20                                                                  27858192.046 9 146395709.088 9     -1668.425 9        56.417 9  27858192.046 9 146395709.088 9     -1668.425 9        56.417 9
E09                                                                  25015107.180 9 131455225.813 9      2579.329 9        57.352 9  25015107.180 9 131455225.813 9      2579.329 9        57.352 9
E10                                                                  23770082.407 9 124912590.103 9        15.112 9        57.796 9  23770082.407 9 124912590.103 9        15.112 9        57.796 9
E03                                                                  25054623.916 9 131662895.173 9      1950.025 9        57.339 9  25054623.916 9 131662895.173 9      1950.025 9        57.339 9
> 2026 02 03 10 00 41.0000000  0 18       0.000000000000
G02  20301922.666 9 106687302.687 9      -374.130 9        56.053 9                                                                  20301922.666 8 106687302.687 8      -374.130 8        53.053 8
G09  25257094.554 9 132726868.318 9     -2816.154 9        54.156 9                                                                  25257094.554 8 132726868.318 8     -2816.154 8        51.156 8
G13  25235717.062 9 132614518.583 9      1238.281 9        54.164 9                                                                  25235717.062 8 132614518.583 8      1238.281 8        51.164 8
G29  24900719.540 9 130854116.779 9      3069.949 9        54.280 9                                                                  24900719.540 8 130854116.779 8      3069.949 8        51.280 8
G10  22385016.379 9 117634019.919 9      3254.708 9        55.205 9                                                                  22385016.379 8 117634019.919 8      3254.708 8        52.205 8
G12  20803640.698 9 109323847.067 9       191.704 9        55.841 9                                                                  20803640.698 8 109323847.067 8       191.704 8        52.841 8
G17  24680277.324 9 129695666.240 9     -2948.163 9        54.357 9                                                                  24680277.324 8 129695666.240 8     -2948.163 8        51.357 8
G24  24362723.229 9 128026926.153 9      3061.664 9        54.470 9                                                                  24362723.229 8 128026926.153 8      3061.664 8        51.470 8
G30  22598559.216 9 118756197.973 9      2340.826 9        55.122 9                                                                  22598559.216 8 118756197.973 8      2340.826 8        52.122 8
G05  21263930.510 9 111742684.350 9       690.432 9        55.651 9                                                                  21263930.510 8 111742684.350 8       690.432 8        52.651 8
G04  21938532.327 9 115287735.148 9     -2471.463 9        55.380 9                                                                  21938532.327 8 115287735.148 8     -2471.463 8        52.380 8
E04                                                                  23383062.419 9 122878789.245 9      -144.919 9        57.938 9  23383062.419 9 122878789.245 9      -144.919 9        57.938 9
E05                                                                  26125494.937 9 137290339.124 9     -2053.411 9        56.975 9  26125494.937 9 137290339.124 9     -2053.411 9        56.975 9
E11                                                                  26652094.171 9 140057636.534 9     -2402.128 9        56.802 9  26652094.171 9 140057636.534 9     -2402.128 9        56.802 9
E20                                                                  27858509.567 9 146397377.662 9     -1668.735 9        56.417 9  27858509.567 9 146397377.662 9     -1668.735 9        56.417 9
E09                                                                  25014616.376 9 131452646.627 9      2579.055 9        57.353 9  25014616.376 9 131452646.627 9      2579.055 9        57.353 9
E10                                                                  23770079.576 9 124912575.227 9        14.641 9        57.796 9  23770079.576 9 124912575.227 9        14.641 9        57.796 9
E03                                                                  25054252.847 9 131660945.193 9      1949.937 9        57.339 9  25054252.847 9 131660945.193 9      1949.937 9        57.339 9
> 2026 02 03 10 00 42.0000000  0 18       0.000000000000
G02  20301993.898 9 106687677.014 9      -374.526 9        56.053 9                                                                  20301993.898 8 106687677.014 8      -374.526 8        53.053 8
G09  25257630.447 9 132729684.441 9     -2816.106 9        54.156 9                                                                  25257630.447 8 132729684.441 8     -2816.106 8        51.156 8
G13  25235481.468 9 132613280.532 9      1237.832 9        54.164 9                                                                  25235481.468 8 132613280.532 8      1237.832 8        51.164 8
G29  24900135.345 9 130851046.816 9      3069.976 9        54.280 9                                                                  24900135.345 8 130851046.816 8      3069.976 8        51.280 8
G10  22384397.058 9 117630765.371 9      3254.396 9        55.205 9                                                                  22384397.058 8 117630765.371 8      3254.396 8        52.205 8
G12  20803604.281 9 109323655.694 9       191.040 9        55.841 9                                                                  20803604.281 8 109323655.694 8       191.040 8        52.841 8
G17  24680838.352 9 129698614.449 9     -2948.288 9        54.357 9                                                                  24680838.352 8 129698614.449 8     -2948.288 8        51.357 8
G24  24362140.629 9 128023864.570 9      3061.501 9        54.470 9                                                                  24362140.629 8 128023864.570 8      3061.501 8        51.470 8
G30  22598113.818 9 118753857.388 9      2340.343 9        55.123 9                                                                  22598113.818 8 118753857.388 8      2340.343 8        52.123 8
G05  21263799.187 9 111741994.245 9       689.777 9        55.651 9                                                                  21263799.187 8 111741994.245 8       689.777 8        52.651 8
G04  21939002.648 9 115290206.699 9     -2471.652 9        55.380 9                                                                  21939002.648 8 115290206.699 8     -2471.652 8        52.380 8
E04                                                                  23383090.020 9 122878934.286 9      -145.166 9        57.938 9  23383090.020 9 122878934.286 9      -145.166 9        57.938 9
E05                                                                  26125885.704 9 137292392.610 9     -2053.581 9        56.975 9  26125885.704 9 137292392.610 9     -2053.581 9        56.975 9
E11                                                                  26652551.304 9 140060038.777 9     -2402.377 9        56.802 9  26652551.304 9 140060038.777 9     -2402.377 9        56.802 9
E20                                                                  27858827.146 9 146399046.546 9     -1669.046 9        56.417 9  27858827.146 9 146399046.546 9     -1669.046 9        56.417 9
E09                                                                  25014125.624 9 131450067.714 9      2578.780 9        57.353 9  25014125.624 9 131450067.714 9      2578.780 9        57.353 9
E10                                                                  23770076.835 9 124912560.822 9        14.169 9        57.796 9  23770076.835 9 124912560.822 9        14.169 9        57.796 9
E03                                                                  25053881.794 9 131658995.300 9      1949.850 9        57.339 9  25053881.794 9 131658995.300 9      1949.850 9        57.339 9
> 2026 02 03 10 00 43.0000000  0 18       0.000000000000
G02  20302065.206 9 106688051.736 9      -374.921 9        56.053 9                                                                  20302065.206 8 106688051.736 8      -374.921 8        53.053 8
G09  25258166.329 9 132732500.516 9     -2816.057 9        54.156 9                                                                  25258166.329 8 132732500.516 8     -2816.057 8        51.156 8
G13  25235245.959 9 132612042.930 9      1237.383 9        54.164 9                                                                  25235245.959 8 132612042.930 8      1237.383 8        51.164 8
G29  24899551.145 9 130847976.825 9      3070.003 9        54.280 9                                                                  24899551.145 8 130847976.825 8      3070.003 8        51.280 8
G10  22383777.797 9 117627511.135 9      3254.084 9        55.205 9                                                                  22383777.797 8 117627511.135 8      3254.084 8        52.205 8
G12  20803567.991 9 109323464.984 9       190.377 9        55.841 9                                                                  20803567.991 8 109323464.984 8       190.377 8        52.841 8
G17  24681399.404 9 129701562.785 9     -2948.414 9        54.357 9                                                                  24681399.404 8 129701562.785 8     -2948.414 8        51.357 8
G24  24361558.059 9 128020803.150 9      3061.339 9        54.470 9                                                                  24361558.059 8 128020803.150 8      3061.339 8        51.470 8
G30  22597668.511 9 118751517.286 9      2339.861 9        55.123 9                                                                  22597668.511 8 118751517.286 8      2339.861 8        52.123 8
G05  21263667.989 9 111741304.794 9       689.122 9        55.651 9                                                                  21263667.989 8 111741304.794 8       689.122 8        52.651 8
G04  21939473.006 9 115292678.439 9     -2471.841 9        55.380 9                                                                  21939473.006 8 115292678.439 8     -2471.841 8        52.380 8
E04                                                                  23383117.667 9 122879079.575 9      -145.413 9        57.938 9  23383117.667 9 122879079.575 9      -145.413 9        57.938 9
E05                                                                  26126276.503 9 137294446.267 9     -2053.752 9        56.975 9  26126276.503 9 137294446.267 9     -2053.752 9        56.975 9
E11                                                                  26653008.484 9 140062441.268 9     -2402.625 9        56.802 9  26653008.484 9 140062441.268 9     -2402.625 9        56.802 9
E20                                                                  27859144.785 9 146400715.741 9     -1669.356 9        56.417 9  27859144.785 9 146400715.741 9     -1669.356 9        56.417 9
E09                                                                  25013634.925 9 131447489.076 9      2578.506 9        57.353 9  25013634.925 9 131447489.076 9      2578.506 9        57.353 9
E10                                                                  23770074.183 9 124912546.889 9        13.698 9        57.796 9  23770074.183 9 124912546.889 9        13.698 9        57.796 9
E03                                                                  25053510.758 9 131657045.495 9      1949.762 9        57.339 9  25053510.758 9 131657045.495 9      1949.762 9        57.339 9
> 2026 02 03 10 00 44.0000000  0 18       0.000000000000
G02  20302136.588 9 106688426.854 9      -375.317 9        56.053 9                                                                  20302136.588 8 106688426.854 8      -375.317 8        53.053 8
G09  25258702.203 9 132735316.543 9     -2816.009 9        54.156 9                                                                  25258702.203 8 132735316.543 8     -2816.009 8        51.156 8
G13  25235010.536 9 132610805.776 9      1236.935 9        54.164 9                                                                  25235010.536 8 132610805.776 8      1236.935 8        51.164 8
G29  24898966.940 9 130844906.808 9      3070.030 9        54.280 9                                                                  24898966.940 8 130844906.808 8      3070.030 8        51.280 8
G10  22383158.595 9 117624257.211 9      3253.773 9        55.206 9                                                                  22383158.595 8 117624257.211 8      3253.773 8        52.206 8
G12  20803531.826 9 109323274.938 9       189.714 9        55.841 9                                                                  20803531.826 8 109323274.938 8       189.714 8        52.841 8
G17  24681960.480 9 129704511.246 9     -2948.540 9        54.356 9                                                                  24681960.480 8 129704511.246 8     -2948.540 8        51.356 8
G24  24360975.521 9 128017741.894 9      3061.176 9        54.470 9                                                                  24360975.521 8 128017741.894 8      3061.176 8        51.470 8
G30  22597223.296 9 118749177.667 9      2339.378 9        55.123 9                                                                  22597223.296 8 118749177.667 8      2339.378 8        52.123 8
G05  21263536.916 9 111740615.999 9       688.467 9        55.651 9                                                                  21263536.916 8 111740615.999 8       688.467 8        52.651 8
G04  21939943.399 9 115295150.368 9     -2472.030 9        55.379 9                                                                  21939943.399 8 115295150.368 8     -2472.030 8        52.379 8
E04                                                                  23383145.362 9 122879225.110 9      -145.660 9        57.938 9  23383145.362 9 122879225.110 9      -145.660 9        57.938 9
E05                                                                  26126667.335 9 137296500.094 9     -2053.922 9        56.975 9  26126667.335 9 137296500.094 9     -2053.922 9        56.975 9
E11                                                                  26653465.712 9 140064844.007 9     -2402.873 9        56.801 9  26653465.712 9 140064844.007 9     -2402.873 9        56.801 9
E20                                                                  27859462.483 9 146402385.246 9     -1669.667 9        56.417 9  27859462.483 9 146402385.246 9     -1669.667 9        56.417 9
E09                                                                  25013144.278 9 131444910.713 9      2578.231 9        57.353 9  25013144.278 9 131444910.713 9      2578.231 9        57.353 9
E10                                                                  23770071.622 9 124912533.427 9        13.227 9        57.796 9  23770071.622 9 124912533.427 9        13.227 9        57.796 9
E03                                                                  25053139.739 9 131655095.778 9      1949.674 9        57.339 9  25053139.739 9 131655095.778 9      1949.674 9        57.339 9
> 2026 02 03 10 00 45.0000000  0 18       0.000000000000
G02  20302208.046 9 106688802.368 9      -375.712 9        56.053 9                                                                  20302208.046 8 106688802.368 8      -375.712 8        53.053 8
G09  25259238.068 9 132738132.521 9     -2815.960 9        54.156 9                                                                  25259238.068 8 132738132.521 8     -2815.960 8        51.156 8
G13  25234775.198 9 132609569.072 9      1236.486 9        54.164 9                                                                  25234775.198 8 132609569.072 8      1236.486 8        51.164 8
G29  24898382.729 9 130841836.763 9      3070.057 9        54.281 9                                                                  24898382.729 8 130841836.763 8      3070.057 8        51.281 8
G10  22382539.453 9 117621003.599 9      3253.461 9        55.206 9                                                                  22382539.453 8 117621003.599 8      3253.461 8        52.206 8
G12  20803495.788 9 109323085.554 9       189.051 9        55.841 9                                                                  20803495.788 8 109323085.554 8       189.051 8        52.841 8
G17  24682521.580 9 129707459.833 9     -2948.666 9        54.356 9                                                                  24682521.580 8 129707459.833 8     -2948.666 8        51.356 8
G24  24360393.013 9 128014680.800 9      3061.013 9        54.470 9                                                                  24360393.013 8 128014680.800 8      3061.013 8        51.470 8
G30  22596778.172 9 118746838.531 9      2338.895 9        55.123 9                                                                  22596778.172 8 118746838.531 8      2338.895 8        52.123 8
G05  21263405.967 9 111739927.858 9       687.812 9        55.651 9                                                                  21263405.967 8 111739927.858 8       687.812 8        52.651 8
G04  21940413.828 9 115297622.487 9     -2472.219 9        55.379 9                                                                  21940413.828 8 115297622.487 8     -2472.219 8        52.379 8
E04                                                                  23383173.103 9 122879370.893 9      -145.907 9        57.938 9  23383173.103 9 122879370.893 9      -145.907 9        57.938 9
E05                                                                  26127058.199 9 137298554.092 9     -2054.092 9        56.975 9  26127058.199 9 137298554.092 9     -2054.092 9        56.975 9
E11                                                                  26653922.987 9 140067246.995 9     -2403.121 9        56.801 9  26653922.987 9 140067246.995 9     -2403.121 9        56.801 9
E20                                                                  27859780.240 9 146404055.062 9     -1669.977 9        56.417 9  27859780.240 9 146404055.062 9     -1669.977 9        56.417 9
E09                                                                  25012653.683 9 131442332.624 9      2577.957 9        57.353 9  25012653.683 9 131442332.624 9      2577.957 9        57.353 9
E10                                                                  23770069.150 9 124912520.436 9        12.756 9        57.796 9  23770069.150 9 124912520.436 9        12.756 9        57.796 9
E03                                                                  25052768.736 9 131653146.149 9      1949.586 9        57.339 9  25052768.736 9 131653146.149 9      1949.586 9        57.339 9
> 2026 02 03 10 00 46.0000000  0 18       0.000000000000
G02  20302279.580 9 106689178.277 9      -376.108 9        56.053 9                                                                  20302279.580 8 106689178.277 8      -376.108 8        53.053 8
G09  25259773.923 9 132740948.450 9     -2815.912 9        54.155 9                                                                  25259773.923 8 132740948.450 8     -2815.912 8        51.155 8
G13  25234539.945 9 132608332.816 9      1236.037 9        54.164 9                                                                  25234539.945 8 132608332.816 8      1236.037 8        51.164 8
G29  24897798.514 9 130838766.692 9      3070.084 9        54.281 9                                                                  24897798.514 8 130838766.692 8      3070.084 8        51.281 8
G10  22381920.369 9 117617750.299 9      3253.148 9        55.206 9                                                                  22381920.369 8 117617750.299 8      3253.148 8        52.206 8
G12  20803459.876 9 109322896.834 9       188.388 9        55.841 9                                                                  20803459.876 8 109322896.834 8       188.388 8        52.841 8
G17  24683082.703 9 129710408.545 9     -2948.791 9        54.356 9                                                                  24683082.703 8 129710408.545 8     -2948.791 8        51.356 8
G24  24359810.537 9 128011619.869 9      3060.850 9        54.471 9                                                                  24359810.537 8 128011619.869 8      3060.850 8        51.471 8
G30  22596333.141 9 118744499.877 9      2338.412 9        55.123 9                                                                  22596333.141 8 118744499.877 8      2338.412 8        52.123 8
G05  21263275.143 9 111739240.372 9       687.157 9        55.651 9                                                                  21263275.143 8 111739240.372 8       687.157 8        52.651 8
G04  21940884.294 9 115300094.794 9     -2472.408 9        55.379 9                                                                  21940884.294 8 115300094.794 8     -2472.408 8        52.379 8
E04                                                                  23383200.892 9 122879516.922 9      -146.154 9        57.938 9  23383200.892 9 122879516.922 9      -146.154 9        57.938 9
E05                                                                  26127449.096 9 137300608.260 9     -2054.263 9        56.975 9  26127449.096 9 137300608.260 9     -2054.263 9        56.975 9
E11                                                                  26654380.309 9 140069650.230 9     -2403.369 9        56.801 9  26654380.309 9 140069650.230 9     -2403.369 9        56.801 9
E20                                                                  27860098.056 9 146405725.187 9     -1670.287 9        56.417 9  27860098.056 9 146405725.187 9     -1670.287 9        56.417 9
E09                                                                  25012163.140 9 131439754.810 9      2577.682 9        57.353 9  25012163.140 9 131439754.810 9      2577.682 9        57.353 9
E10                                                                  23770066.767 9 124912507.916 9        12.284 9        57.796 9  23770066.767 9 124912507.916 9        12.284 9        57.796 9
E03                                                                  25052397.751 9 131651196.607 9      1949.499 9        57.339 9  25052397.751 9 131651196.607 9      1949.499 9        57.339 9
> 2026 02 03 10 00 47.0000000  0 18       0.000000000000
G02  20302351.188 9 106689554.581 9      -376.503 9        56.053 9                                                                  20302351.188 8 106689554.581 8      -376.503 8        53.053 8
G09  25260309.769 9 132743764.331 9     -2815.863 9        54.155 9                                                                  25260309.769 8 132743764.331 8     -2815.863 8        51.155 8
G13  25234304.778 9 132607097.010 9      1235.587 9        54.164 9                                                                  25234304.778 8 132607097.010 8      1235.587 8        51.164 8
G29  24897214.293 9 130835696.593 9      3070.111 9        54.281 9                                                                  24897214.293 8 130835696.593 8      3070.111 8        51.281 8
G10  22381301.345 9 117614497.311 9      3252.836 9        55.206 9                                                                  22381301.345 8 117614497.311 8      3252.836 8        52.206 8
G12  20803424.090 9 109322708.778 9       187.724 9        55.841 9                                                                  20803424.090 8 109322708.778 8       187.724 8        52.841 8
G17  24683643.851 9 129713357.383 9     -2948.917 9        54.356 9                                                                  24683643.851 8 129713357.383 8     -2948.917 8        51.356 8
G24  24359228.092 9 128008559.101 9      3060.687 9        54.471 9                                                                  24359228.092 8 128008559.101 8      3060.687 8        51.471 8
G30  22595888.202 9 118742161.706 9      2337.929 9        55.123 9                                                                  22595888.202 8 118742161.706 8      2337.929 8        52.123 8
G05  21263144.443 9 111738553.541 9       686.502 9        55.652 9                                                                  21263144.443 8 111738553.541 8       686.502 8        52.652 8
G04  21941354.795 9 115302567.290 9     -2472.597 9        55.379 9                                                                  21941354.795 8 115302567.290 8     -2472.597 8        52.379 8
E04                                                                  23383228.728 9 122879663.199 9      -146.401 9        57.938 9  23383228.728 9 122879663.199 9      -146.401 9        57.938 9
E05                                                                  26127840.025 9 137302662.598 9     -2054.433 9        56.974 9  26127840.025 9 137302662.598 9     -2054.433 9        56.974 9
E11                                                                  26654837.678 9 140072053.714 9     -2403.617 9        56.801 9  26654837.678 9 140072053.714 9     -2403.617 9        56.801 9
E20                                                                  27860415.931 9 146407395.623 9     -1670.597 9        56.417 9  27860415.931 9 146407395.623 9     -1670.597 9        56.417 9
E09                                                                  25011672.649 9 131437177.270 9      2577.408 9        57.354 9  25011672.649 9 131437177.270 9      2577.408 9        57.354 9
E10                                                                  23770064.474 9 124912495.867 9        11.813 9        57.796 9  23770064.474 9 124912495.867 9        11.813 9        57.796 9
E03                                                                  25052026.781 9 131649247.153 9      1949.411 9        57.340 9  25052026.781 9 131649247.153 9      1949.411 9        57.340 9
> 2026 02 03 10 00 48.0000000  0 18       0.000000000000
G02  20302422.872 9 106689931.280 9      -376.898 9        56.053 9                                                                  20302422.872 8 106689931.280 8      -376.898 8        53.053 8
G09  25260845.606 9 132746580.162 9     -2815.814 9        54.155 9                                                                  25260845.606 8 132746580.162 8     -2815.814 8        51.155 8
G13  25234069.697 9 132605861.653 9      1235.138 9        54.164 9                                                                  25234069.697 8 132605861.653 8      1235.138 8        51.164 8
G29  24896630.067 9 130832626.468 9      3070.138 9        54.281 9                                                                  24896630.067 8 130832626.468 8      3070.138 8        51.281 8
G10  22380682.381 9 117611244.635 9      3252.524 9        55.207 9                                                                  22380682.381 8 117611244.635 8      3252.524 8        52.207 8
G12  20803388.430 9 109322521.384 9       187.061 9        55.841 9                                                                  20803388.430 8 109322521.384 8       187.061 8        52.841 8
G17  24684205.022 9 129716306.346 9     -2949.042 9        54.356 9                                                                  24684205.022 8 129716306.346 8     -2949.042 8        51.356 8
G24  24358645.677 9 128005498.496 9      3060.524 9        54.471 9                                                                  24358645.677 8 128005498.496 8      3060.524 8        51.471 8
G30  22595443.354 9 118739824.018 9      2337.446 9        55.124 9                                                                  22595443.354 8 118739824.018 8      2337.446 8        52.124 8
G05  21263013.869 9 111737867.365 9       685.847 9        55.652 9                                                                  21263013.869 8 111737867.365 8       685.847 8        52.652 8
G04  21941825.332 9 115305039.975 9     -2472.786 9        55.379 9                                                                  21941825.332 8 115305039.975 8     -2472.786 8        52.379 8
E04                                                                  23383256.610 9 122879809.722 9      -146.648 9        57.938 9  23383256.610 9 122879809.722 9      -146.648 9        57.938 9
E05                                                                  26128230.986 9 137304717.106 9     -2054.603 9        56.974 9  26128230.986 9 137304717.106 9     -2054.603 9        56.974 9
E11                                                                  26655295.094 9 140074457.445 9     -2403.864 9        56.801 9  26655295.094 9 140074457.445 9     -2403.864 9        56.801 9
E20                                                                  27860733.865 9 146409066.369 9     -1670.907 9        56.417 9  27860733.865 9 146409066.369 9     -1670.907 9        56.417 9
E09                                                                  25011182.211 9 131434600.005 9      2577.133 9        57.354 9  25011182.211 9 131434600.005 9      2577.133 9        57.354 9
E10                                                                  23770062.271 9 124912484.290 9        11.342 9        57.796 9  23770062.271 9 124912484.290 9        11.342 9        57.796 9
E03                                                                  25051655.829 9 131647297.787 9      1949.323 9        57.340 9  25051655.829 9 131647297.787 9      1949.323 9        57.340 9
> 2026 02 03 10 00 49.0000000  0 18       0.000000000000
G02  20302494.631 9 106690308.375 9      -377.293 9        56.053 9                                                                  20302494.631 8 106690308.375 8      -377.293 8        53.053 8
G09  25261381.433 9 132749395.945 9     -2815.765 9        54.155 9                                                                  25261381.433 8 132749395.945 8     -2815.765 8        51.155 8
G13  25233834.701 9 132604626.745 9      1234.689 9        54.164 9                                                                  25233834.701 8 132604626.745 8      1234.689 8        51.164 8
G29  24896045.836 9 130829556.315 9      3070.165 9        54.281 9                                                                  24896045.836 8 130829556.315 8      3070.165 8        51.281 8
G10  22380063.476 9 117607992.272 9      3252.212 9        55.207 9                                                                  22380063.476 8 117607992.272 8      3252.212 8        52.207 8
G12  20803352.897 9 109322334.654 9       186.398 9        55.841 9                                                                  20803352.897 8 109322334.654 8       186.398 8        52.841 8
G17  24684766.218 9 129719255.435 9     -2949.168 9        54.355 9                                                                  24684766.218 8 129719255.435 8     -2949.168 8        51.355 8
G24  24358063.294 9 128002438.054 9      3060.361 9        54.471 9                                                                  24358063.294 8 128002438.054 8      3060.361 8        51.471 8
G30  22594998.598 9 118737486.813 9      2336.963 9        55.124 9                                                                  22594998.598 8 118737486.813 8      2336.963 8        52.124 8
G05  21262883.418 9 111737181.845 9       685.192 9        55.652 9                                                                  21262883.418 8 111737181.845 8       685.192 8        52.652 8
G04  21942295.905 9 115307512.849 9     -2472.975 9        55.378 9                                                                  21942295.905 8 115307512.849 8     -2472.975 8        52.378 8
E04                                                                  23383284.540 9 122879956.493 9      -146.895 9        57.938 9  23383284.540 9 122879956.493 9      -146.895 9        57.938 9
E05                                                                  26128621.980 9 137306771.786 9     -2054.774 9        56.974 9  26128621.980 9 137306771.786 9     -2054.774 9        56.974 9
E11                                                                  26655752.557 9 140076861.424 9     -2404.112 9        56.801 9  26655752.557 9 140076861.424 9     -2404.112 9        56.801 9
E20                                                                  27861051.858 9 146410737.425 9     -1671.217 9        56.417 9  27861051.858 9 146410737.425 9     -1671.217 9        56.417 9
E09                                                                  25010691.825 9 131432023.015 9      2576.858 9        57.354 9  25010691.825 9 131432023.015 9      2576.858 9        57.354 9
E10                                                                  23770060.158 9 124912473.184 9        10.871 9        57.796 9  23770060.158 9 124912473.184 9        10.871 9        57.796 9
E03                                                                  25051284.893 9 131645348.509 9      1949.235 9        57.340 9  25051284.893 9 131645348.509 9      1949.235 9        57.340 9
> 2026 02 03 10 00 50.0000000  0 18       0.000000000000
G02  20302566.465 9 106690685.865 9      -377.689 9        56.053 9                                                                  20302566.465 8 106690685.865 8      -377.689 8        53.053 8
G09  25261917.251 9 132752211.679 9     -2815.716 9        54.155 9                                                                  25261917.251 8 132752211.679 8     -2815.716 8        51.155 8
G13  25233599.791 9 132603392.286 9      1234.240 9        54.164 9                                                                  25233599.791 8 132603392.286 8      1234.240 8        51.164 8
G29  24895461.600 9 130826486.136 9      3070.192 9        54.282 9                                                                  24895461.600 8 130826486.136 8      3070.192 8        51.282 8
G10  22379444.631 9 117604740.221 9      3251.899 9        55.207 9                                                                  22379444.631 8 117604740.221 8      3251.899 8        52.207 8
G12  20803317.490 9 109322148.587 9       185.734 9        55.841 9                                                                  20803317.490 8 109322148.587 8       185.734 8        52.841 8
G17  24685327.437 9 129722204.650 9     -2949.293 9        54.355 9                                                                  24685327.437 8 129722204.650 8     -2949.293 8        51.355 8
G24  24357480.941 9 127999377.775 9      3060.198 9        54.471 9                                                                  24357480.941 8 127999377.775 8      3060.198 8        51.471 8
G30  22594553.935 9 118735150.091 9      2336.480 9        55.124 9                                                                  22594553.935 8 118735150.091 8      2336.480 8        52.124 8
G05  21262753.093 9 111736496.979 9       684.537 9        55.652 9                                                                  21262753.093 8 111736496.979 8       684.537 8        52.652 8
G04  21942766.514 9 115309985.912 9     -2473.163 9        55.378 9                                                                  21942766.514 8 115309985.912 8     -2473.163 8        52.378 8
E04                                                                  23383312.517 9 122880103.511 9      -147.142 9        57.938 9  23383312.517 9 122880103.511 9      -147.142 9        57.938 9
E05                                                                  26129013.006 9 137308826.635 9     -2054.944 9        56.974 9  26129013.006 9 137308826.635 9     -2054.944 9        56.974 9
E11                                                                  26656210.068 9 140079265.651 9     -2404.360 9        56.801 9  26656210.068 9 140079265.651 9     -2404.360 9        56.801 9
E20                                                                  27861369.910 9 146412408.791 9     -1671.527 9        56.416 9  27861369.910 9 146412408.791 9     -1671.527 9        56.416 9
E09                                                                  25010201.491 9 131429446.299 9      2576.583 9        57.354 9  25010201.491 9 131429446.299 9      2576.583 9        57.354 9
E10                                                                  23770058.134 9 124912462.549 9        10.400 9        57.796 9  23770058.134 9 124912462.549 9        10.400 9        57.796 9
E03                                                                  25050913.974 9 131643399.318 9      1949.147 9        57.340 9  25050913.974 9 131643399.318 9      1949.147 9        57.340 9
> 2026 02 03 10 00 51.0000000  0 18       0.000000000000
G02  20302638.374 9 106691063.751 9      -378.084 9        56.053 9                                                                  20302638.374 8 106691063.751 8      -378.084 8        53.053 8
G09  25262453.060 9 132755027.364 9     -2815.667 9        54.155 9                                                                  25262453.060 8 132755027.364 8     -2815.667 8        51.155 8
G13  25233364.966 9 132602158.277 9      1233.790 9        54.165 9                                                                  25233364.966 8 132602158.277 8      1233.790 8        51.165 8
G29  24894877.359 9 130823415.929 9      3070.219 9        54.282 9                                                                  24894877.359 8 130823415.929 8      3070.219 8        51.282 8
G10  22378825.844 9 117601488.482 9      3251.587 9        55.207 9                                                                  22378825.844 8 117601488.482 8      3251.587 8        52.207 8
G12  20803282.209 9 109321963.183 9       185.071 9        55.841 9                                                                  20803282.209 8 109321963.183 8       185.071 8        52.841 8
G17  24685888.680 9 129725153.990 9     -2949.419 9        54.355 9                                                                  24685888.680 8 129725153.990 8     -2949.419 8        51.355 8
G24  24356898.620 9 127996317.659 9      3060.035 9        54.472 9                                                                  24356898.620 8 127996317.659 8      3060.035 8        51.472 8
G30  22594109.363 9 118732813.852 9      2335.997 9        55.124 9                                                                  22594109.363 8 118732813.852 8      2335.997 8        52.124 8
G05  21262622.892 9 111735812.769 9       683.882 9        55.652 9                                                                  21262622.892 8 111735812.769 8       683.882 8        52.652 8
G04  21943237.159 9 115312459.164 9     -2473.352 9        55.378 9                                                                  21943237.159 8 115312459.164 8     -2473.352 8        52.378 8
E04                                                                  23383340.540 9 122880250.776 9      -147.389 9        57.938 9  23383340.540 9 122880250.776 9      -147.389 9        57.938 9
E05                                                                  26129404.065 9 137310881.654 9     -2055.114 9        56.974 9  26129404.065 9 137310881.654 9     -2055.114 9        56.974 9
E11                                                                  26656667.626 9 140081670.125 9     -2404.607 9        56.800 9  26656667.626 9 140081670.125 9     -2404.607 9        56.800 9
E20                                                                  27861688.021 9 146414080.467 9     -1671.837 9        56.416 9  27861688.021 9 146414080.467 9     -1671.837 9        56.416 9
E09                                                                  25009711.210 9 131426869.858 9      2576.308 9        57.354 9  25009711.210 9 131426869.858 9      2576.308 9        57.354 9
E10                                                                  23770056.200 9 124912452.385 9         9.928 9        57.796 9  23770056.200 9 124912452.385 9         9.928 9        57.796 9
E03                                                                  25050543.072 9 131641450.216 9      1949.059 9        57.340 9  25050543.072 9 131641450.216 9      1949.059 9        57.340 9
> 2026 02 03 10 00 52.0000000  0 18       0.000000000000
G02  20302710.359 9 106691442.031 9      -378.479 9        56.053 9                                                                  20302710.359 8 106691442.031 8      -378.479 8        53.053 8
G09  25262988.859 9 132757842.999 9     -2815.617 9        54.154 9                                                                  25262988.859 8 132757842.999 8     -2815.617 8        51.154 8
G13  25233130.226 9 132600924.718 9      1233.341 9        54.165 9                                                                  25233130.226 8 132600924.718 8      1233.341 8        51.165 8
G29  24894293.112 9 130820345.696 9      3070.246 9        54.282 9                                                                  24894293.112 8 130820345.696 8      3070.246 8        51.282 8
G10  22378207.118 9 117598237.056 9      3251.274 9        55.208 9                                                                  22378207.118 8 117598237.056 8      3251.274 8        52.208 8
G12  20803247.054 9 109321778.443 9       184.408 9        55.841 9                                                                  20803247.054 8 109321778.443 8       184.408 8        52.841 8
G17  24686449.947 9 129728103.456 9     -2949.544 9        54.355 9                                                                  24686449.947 8 129728103.456 8     -2949.544 8        51.355 8
G24  24356316.330 9 127993257.707 9      3059.871 9        54.472 9                                                                  24356316.330 8 127993257.707 8      3059.871 8        51.472 8
G30  22593664.883 9 118730478.097 9      2335.514 9        55.124 9                                                                  22593664.883 8 118730478.097 8      2335.514 8        52.124 8
G05  21262492.816 9 111735129.213 9       683.227 9        55.652 9                                                                  21262492.816 8 111735129.213 8       683.227 8        52.652 8
G04  21943707.840 9 115314932.604 9     -2473.541 9        55.378 9                                                                  21943707.840 8 115314932.604 8     -2473.541 8        52.378 8
E04                                                                  23383368.611 9 122880398.288 9      -147.636 9        57.938 9  23383368.611 9 122880398.288 9      -147.636 9        57.938 9
E05                                                                  26129795.156 9 137312936.844 9     -2055.285 9        56.974 9  26129795.156 9 137312936.844 9     -2055.285 9        56.974 9
E11                                                                  26657125.230 9 140084074.847 9     -2404.855 9        56.800 9  26657125.230 9 140084074.847 9     -2404.855 9        56.800 9
E20                                                                  27862006.191 9 146415752.453 9     -1672.147 9        56.416 9  27862006.191 9 146415752.453 9     -1672.147 9        56.416 9
E09                                                                  25009220.981 9 131424293.693 9      2576.033 9        57.354 9  25009220.981 9 131424293.693 9      2576.033 9        57.354 9
E10                                                                  23770054.355 9 124912442.692 9         9.457 9        57.796 9  23770054.355 9 124912442.692 9         9.457 9        57.796 9
E03                                                                  25050172.186 9 131639501.201 9      1948.971 9        57.340 9  25050172.186 9 131639501.201 9      1948.971 9        57.340 9
> 2026 02 03 10 00 53.0000000  0 18       0.000000000000
G02  20302782.419 9 106691820.707 9      -378.874 9        56.053 9                                                                  20302782.419 8 106691820.707 8      -378.874 8        53.053 8
G09  25263524.649 9 132760658.585 9     -2815.568 9        54.154 9                                                                  25263524.649 8 132760658.585 8     -2815.568 8        51.154 8
G13  25232895.572 9 132599691.608 9      1232.891 9        54.165 9                                                                  25232895.572 8 132599691.608 8      1232.891 8        51.165 8
G29  24893708.861 9 130817275.436 9      3070.273 9        54.282 9                                                                  24893708.861 8 130817275.436 8      3070.273 8        51.282 8
G10  22377588.451 9 117594985.943 9      3250.961 9        55.208 9                                                                  22377588.451 8 117594985.943 8      3250.961 8        52.208 8
G12  20803212.025 9 109321594.366 9       183.744 9        55.841 9                                                                  20803212.025 8 109321594.366 8       183.744 8        52.841 8
G17  24687011.238 9 129731053.047 9     -2949.670 9        54.355 9                                                                  24687011.238 8 129731053.047 8     -2949.670 8        51.355 8
G24  24355734.070 9 127990197.917 9      3059.708 9        54.472 9                                                                  24355734.070 8 127990197.917 8      3059.708 8        51.472 8
G30  22593220.495 9 118728142.825 9      2335.030 9        55.124 9                                                                  22593220.495 8 118728142.825 8      2335.030 8        52.124 8
G05  21262362.864 9 111734446.313 9       682.572 9        55.652 9                                                                  21262362.864 8 111734446.313 8       682.572 8        52.652 8
G04  21944178.557 9 115317406.232 9     -2473.729 9        55.378 9                                                                  21944178.557 8 115317406.232 8     -2473.729 8        52.378 8
E04                                                                  23383396.729 9 122880546.047 9      -147.884 9        57.938 9  23383396.729 9 122880546.047 9      -147.884 9        57.938 9
E05                                                                  26130186.280 9 137314992.204 9     -2055.455 9        56.974 9  26130186.280 9 137314992.204 9     -2055.455 9        56.974 9
E11                                                                  26657582.882 9 140086479.816 9     -2405.103 9        56.800 9  26657582.882 9 140086479.816 9     -2405.103 9        56.800 9
E20                                                                  27862324.419 9 146417424.748 9     -1672.457 9        56.416 9  27862324.419 9 146417424.748 9     -1672.457 9        56.416 9
E09                                                                  25008730.804 9 131421717.801 9      2575.759 9        57.355 9  25008730.804 9 131421717.801 9      2575.759 9        57.355 9
E10                                                                  23770052.600 9 124912433.470 9         8.986 9        57.796 9  23770052.600 9 124912433.470 9         8.986 9        57.796 9
E03                                                                  25049801.318 9 131637552.275 9      1948.884 9        57.340 9  25049801.318 9 131637552.275 9      1948.884 9        57.340 9
> 2026 02 03 10 00 54.0000000  0 18       0.000000000000
G02  20302854.554 9 106692199.778 9      -379.269 9        56.053 9                                                                  20302854.554 8 106692199.778 8      -379.269 8        53.053 8
G09  25264060.430 9 132763474.121 9     -2815.518 9        54.154 9                                                                  25264060.430 8 132763474.121 8     -2815.518 8        51.154 8
G13  25232661.004 9 132598458.947 9      1232.441 9        54.165 9                                                                  25232661.004 8 132598458.947 8      1232.441 8        51.165 8
G29  24893124.604 9 130814205.149 9      3070.299 9        54.282 9                                                                  24893124.604 8 130814205.149 8      3070.299 8        51.282 8
G10  22376969.843 9 117591735.142 9      3250.648 9        55.208 9                                                                  22376969.843 8 117591735.142 8      3250.648 8        52.208 8
G12  20803177.123 9 109321410.953 9       183.081 9        55.841 9                                                                  20803177.123 8 109321410.953 8       183.081 8        52.841 8
G17  24687572.553 9 129734002.763 9     -2949.795 9        54.354 9                                                                  24687572.553 8 129734002.763 8     -2949.795 8        51.354 8
G24  24355151.842 9 127987138.291 9      3059.545 9        54.472 9                                                                  24355151.842 8 127987138.291 8      3059.545 8        51.472 8
G30  22592776.199 9 118725808.036 9      2334.547 9        55.125 9                                                                  22592776.199 8 118725808.036 8      2334.547 8        52.125 8
G05  21262233.037 9 111733764.068 9       681.916 9        55.652 9                                                                  21262233.037 8 111733764.068 8       681.916 8        52.652 8
G04  21944649.310 9 115319880.050 9     -2473.918 9        55.377 9                                                                  21944649.310 8 115319880.050 8     -2473.918 8        52.377 8
E04                                                                  23383424.894 9 122880694.054 9      -148.131 9        57.938 9  23383424.894 9 122880694.054 9      -148.131 9        57.938 9
E05                                                                  26130577.436 9 137317047.735 9     -2055.625 9        56.973 9  26130577.436 9 137317047.735 9     -2055.625 9        56.973 9
E11                                                                  26658040.581 9 140088885.033 9     -2405.350 9        56.800 9  26658040.581 9 140088885.033 9     -2405.350 9        56.800 9
E20                                                                  27862642.707 9 146419097.353 9     -1672.766 9        56.416 9  27862642.707 9 146419097.353 9     -1672.766 9        56.416 9
E09                                                                  25008240.680 9 131419142.186 9      2575.484 9        57.355 9  25008240.680 9 131419142.186 9      2575.484 9        57.355 9
E10                                                                  23770050.935 9 124912424.720 9         8.515 9        57.796 9  23770050.935 9 124912424.720 9         8.515 9        57.796 9
E03                                                                  25049430.465 9 131635603.436 9      1948.795 9        57.341 9  25049430.465 9 131635603.436 9      1948.795 9        57.341 9
> 2026 02 03 10 00 55.0000000  0 18       0.000000000000
G02  20302926.764 9 106692579.244 9      -379.664 9        56.053 9                                                                  20302926.764 8 106692579.244 8      -379.664 8        53.053 8
G09  25264596.201 9 132766289.608 9     -2815.469 9        54.154 9                                                                  25264596.201 8 132766289.608 8     -2815.469 8        51.154 8
G13  25232426.521 9 132597226.737 9      1231.991 9        54.165 9                                                                  25232426.521 8 132597226.737 8      1231.991 8        51.165 8
G29  24892540.343 9 130811134.835 9      3070.326 9        54.283 9                                                                  24892540.343 8 130811134.835 8      3070.326 8        51.283 8
G10  22376351.295 9 117588484.655 9      3250.335 9        55.208 9                                                                  22376351.295 8 117588484.655 8      3250.335 8        52.208 8
G12  20803142.347 9 109321228.203 9       182.417 9        55.841 9                                                                  20803142.347 8 109321228.203 8       182.417 8        52.841 8
G17  24688133.892 9 129736952.605 9     -2949.921 9        54.354 9                                                                  24688133.892 8 129736952.605 8     -2949.921 8        51.354 8
G24  24354569.645 9 127984078.827 9      3059.382 9        54.472 9                                                                  24354569.645 8 127984078.827 8      3059.382 8        51.472 8
G30  22592331.996 9 118723473.731 9      2334.063 9        55.125 9                                                                  22592331.996 8 118723473.731 8      2334.063 8        52.125 8
G05  21262103.335 9 111733082.478 9       681.261 9        55.652 9                                                                  21262103.335 8 111733082.478 8       681.261 8        52.652 8
G04  21945120.098 9 115322354.056 9     -2474.106 9        55.377 9                                                                  21945120.098 8 115322354.056 8     -2474.106 8        52.377 8
E04                                                                  23383453.106 9 122880842.307 9      -148.378 9        57.938 9  23383453.106 9 122880842.307 9      -148.378 9        57.938 9
E05                                                                  26130968.624 9 137319103.435 9     -2055.796 9        56.973 9  26130968.624 9 137319103.435 9     -2055.796 9        56.973 9
E11                                                                  26658498.327 9 140091290.498 9     -2405.597 9        56.800 9  26658498.327 9 140091290.498 9     -2405.597 9        56.800 9
E20                                                                  27862961.054 9 146420770.268 9     -1673.076 9        56.416 9  27862961.054 9 146420770.268 9     -1673.076 9        56.416 9
E09                                                                  25007750.608 9 131416566.845 9      2575.208 9        57.355 9  25007750.608 9 131416566.845 9      2575.208 9        57.355 9
E10                                                                  23770049.360 9 124912416.440 9         8.044 9        57.796 9  23770049.360 9 124912416.440 9         8.044 9        57.796 9
E03                                                                  25049059.630 9 131633654.686 9      1948.707 9        57.341 9  25049059.630 9 131633654.686 9      1948.707 9        57.341 9
> 2026 02 03 10 00 56.0000000  0 18       0.000000000000
G02  20302999.049 9 106692959.104 9      -380.059 9        56.053 9                                                                  20302999.049 8 106692959.104 8      -380.059 8        53.053 8
G09  25265131.962 9 132769105.045 9     -2815.419 9        54.154 9                                                                  25265131.962 8 132769105.045 8     -2815.419 8        51.154 8
G13  25232192.124 9 132595994.976 9      1231.542 9        54.165 9                                                                  25232192.124 8 132595994.976 8      1231.542 8        51.165 8
G29  24891956.076 9 130808064.495 9      3070.353 9        54.283 9                                                                  24891956.076 8 130808064.495 8      3070.353 8        51.283 8
G10  22375732.807 9 117585234.480 9      3250.022 9        55.209 9                                                                  22375732.807 8 117585234.480 8      3250.022 8        52.209 8
G12  20803107.697 9 109321046.116 9       181.754 9        55.841 9                                                                  20803107.697 8 109321046.116 8       181.754 8        52.841 8
G17  24688695.254 9 129739902.573 9     -2950.046 9        54.354 9                                                                  24688695.254 8 129739902.573 8     -2950.046 8        51.354 8
G24  24353987.479 9 127981019.527 9      3059.219 9        54.473 9                                                                  24353987.479 8 127981019.527 8      3059.219 8        51.473 8
G30  22591887.884 9 118721139.910 9      2333.579 9        55.125 9                                                                  22591887.884 8 118721139.910 8      2333.579 8        52.125 8
G05  21261973.758 9 111732401.544 9       680.606 9        55.652 9                                                                  21261973.758 8 111732401.544 8       680.606 8        52.652 8
G04  21945590.923 9 115324828.250 9     -2474.295 9        55.377 9                                                                  21945590.923 8 115324828.250 8     -2474.295 8        52.377 8
E04                                                                  23383481.365 9 122880990.809 9      -148.625 9        57.938 9  23383481.365 9 122880990.809 9      -148.625 9        57.938 9
E05                                                                  26131359.845 9 137321159.307 9     -2055.966 9        56.973 9  26131359.845 9 137321159.307 9     -2055.966 9        56.973 9
E11                                                                  26658956.121 9 140093696.209 9     -2405.845 9        56.800 9  26658956.121 9 140093696.209 9     -2405.845 9        56.800 9
E20                                                                  27863279.459 9 146422443.493 9     -1673.386 9        56.416 9  27863279.459 9 146422443.493 9     -1673.386 9        56.416 9
E09                                                                  25007260.588 9 131413991.779 9      2574.933 9        57.355 9  25007260.588 9 131413991.779 9      2574.933 9        57.355 9
E10                                                                  23770047.874 9 124912408.632 9         7.573 9        57.796 9  23770047.874 9 124912408.632 9         7.573 9        57.796 9
E03                                                                  25048688.812 9 131631706.023 9      1948.619 9        57.341 9  25048688.812 9 131631706.023 9      1948.619 9        57.341 9
> 2026 02 03 10 00 57.0000000  0 18       0.000000000000
G02  20303071.410 9 106693339.360 9      -380.454 9        56.053 9                                                                  20303071.410 8 106693339.360 8      -380.454 8        53.053 8
G09  25265667.715 9 132771920.433 9     -2815.369 9        54.153 9                                                                  25265667.715 8 132771920.433 8     -2815.369 8        51.153 8
G13  25231957.813 9 132594763.665 9      1231.092 9        54.165 9                                                                  25231957.813 8 132594763.665 8      1231.092 8        51.165 8
G29  24891371.804 9 130804994.127 9      3070.380 9        54.283 9                                                                  24891371.804 8 130804994.127 8      3070.380 8        51.283 8
G10  22375114.378 9 117581984.619 9      3249.709 9        55.209 9                                                                  22375114.378 8 117581984.619 8      3249.709 8        52.209 8
G12  20803073.174 9 109320864.693 9       181.090 9        55.842 9                                                                  20803073.174 8 109320864.693 8       181.090 8        52.842 8
G17  24689256.641 9 129742852.666 9     -2950.172 9        54.354 9                                                                  24689256.641 8 129742852.666 8     -2950.172 8        51.354 8
G24  24353405.344 9 127977960.390 9      3059.056 9        54.473 9                                                                  24353405.344 8 127977960.390 8      3059.056 8        51.473 8
G30  22591443.864 9 118718806.572 9      2333.096 9        55.125 9                                                                  22591443.864 8 118718806.572 8      2333.096 8        52.125 8
G05  21261844.305 9 111731721.265 9       679.951 9        55.652 9                                                                  21261844.305 8 111731721.265 8       679.951 8        52.652 8
G04  21946061.783 9 115327302.632 9     -2474.483 9        55.377 9                                                                  21946061.783 8 115327302.632 8     -2474.483 8        52.377 8
E04                                                                  23383509.671 9 122881139.557 9      -148.873 9        57.938 9  23383509.671 9 122881139.557 9      -148.873 9        57.938 9
E05                                                                  26131751.098 9 137323215.348 9     -2056.136 9        56.973 9  26131751.098 9 137323215.348 9     -2056.136 9        56.973 9
E11                                                                  26659413.961 9 140096102.168 9     -2406.092 9        56.799 9  26659413.961 9 140096102.168 9     -2406.092 9        56.799 9
E20                                                                  27863597.924 9 146424117.027 9     -1673.695 9        56.416 9  27863597.924 9 146424117.027 9     -1673.695 9        56.416 9
E09                                                                  25006770.621 9 131411416.988 9      2574.658 9        57.355 9  25006770.621 9 131411416.988 9      2574.658 9        57.355 9
E10                                                                  23770046.477 9 124912401.295 9         7.102 9        57.796 9  23770046.477 9 124912401.295 9         7.102 9        57.796 9
E03                                                                  25048318.010 9 131629757.448 9      1948.531 9        57.341 9  25048318.010 9 131629757.448 9      1948.531 9        57.341 9
> 2026 02 03 10 00 58.0000000  0 18       0.000000000000
G02  20303143.845 9 106693720.011 9      -380.849 9        56.053 9                                                                  20303143.845 8 106693720.011 8      -380.849 8        53.053 8
G09  25266203.457 9 132774735.770 9     -2815.319 9        54.153 9                                                                  25266203.457 8 132774735.770 8     -2815.319 8        51.153 8
G13  25231723.587 9 132593532.804 9      1230.642 9        54.165 9                                                                  25231723.587 8 132593532.804 8      1230.642 8        51.165 8
G29  24890787.527 9 130801923.733 9      3070.406 9        54.283 9                                                                  24890787.527 8 130801923.733 8      3070.406 8        51.283 8
G10  22374496.009 9 117578735.071 9      3249.396 9        55.209 9                                                                  22374496.009 8 117578735.071 8      3249.396 8        52.209 8
G12  20803038.777 9 109320683.934 9       180.427 9        55.842 9                                                                  20803038.777 8 109320683.934 8       180.427 8        52.842 8
G17  24689818.051 9 129745802.884 9     -2950.297 9        54.354 9                                                                  24689818.051 8 129745802.884 8     -2950.297 8        51.354 8
G24  24352823.240 9 127974901.417 9      3058.892 9        54.473 9                                                                  24352823.240 8 127974901.417 8      3058.892 8        51.473 8
G30  22590999.936 9 118716473.719 9      2332.612 9        55.125 9                                                                  22590999.936 8 118716473.719 8      2332.612 8        52.125 8
G05  21261714.977 9 111731041.641 9       679.295 9        55.652 9                                                                  21261714.977 8 111731041.641 8       679.295 8        52.652 8
G04  21946532.679 9 115329777.203 9     -2474.671 9        55.377 9                                                                  21946532.679 8 115329777.203 8     -2474.671 8        52.377 8
E04                                                                  23383538.024 9 122881288.553 9      -149.120 9        57.938 9  23383538.024 9 122881288.553 9      -149.120 9        57.938 9
E05                                                                  26132142.383 9 137325271.560 9     -2056.306 9        56.973 9  26132142.383 9 137325271.560 9     -2056.306 9        56.973 9
E11                                                                  26659871.848 9 140098508.374 9     -2406.339 9        56.799 9  26659871.848 9 140098508.374 9     -2406.339 9        56.799 9
E20                                                                  27863916.447 9 146425790.870 9     -1674.005 9        56.416 9  27863916.447 9 146425790.870 9     -1674.005 9        56.416 9
E09                                                                  25006280.706 9 131408842.473 9      2574.383 9        57.355 9  25006280.706 9 131408842.473 9      2574.383 9        57.355 9
E10                                                                  23770045.171 9 124912394.429 9         6.631 9        57.796 9  23770045.171 9 124912394.429 9         6.631 9        57.796 9
E03                                                                  25047947.225 9 131627808.962 9      1948.443 9        57.341 9  25047947.225 9 131627808.962 9      1948.443 9        57.341 9
> 2026 02 03 10 00 59.0000000  0 18       0.000000000000
G02  20303216.356 9 106694101.057 9      -381.244 9        56.053 9                                                                  20303216.356 8 106694101.057 8      -381.244 8        53.053 8
G09  25266739.190 9 132777551.058 9     -2815.269 9        54.153 9                                                                  25266739.190 8 132777551.058 8     -2815.269 8        51.153 8
G13  25231489.446 9 132592302.393 9      1230.192 9        54.165 9                                                                  25231489.446 8 132592302.393 8      1230.192 8        51.165 8
G29  24890203.245 9 130798853.313 9      3070.433 9        54.283 9                                                                  24890203.245 8 130798853.313 8      3070.433 8        51.283 8
G10  22373877.699 9 117575485.836 9      3249.083 9        55.209 9                                                                  22373877.699 8 117575485.836 8      3249.083 8        52.209 8
G12  20803004.506 9 109320503.838 9       179.764 9        55.842 9                                                                  20803004.506 8 109320503.838 8       179.764 8        52.842 8
G17  24690379.485 9 129748753.227 9     -2950.422 9        54.354 9                                                                  24690379.485 8 129748753.227 8     -2950.422 8        51.354 8
G24  24352241.167 9 127971842.607 9      3058.729 9        54.473 9                                                                  24352241.167 8 127971842.607 8      3058.729 8        51.473 8
G30  22590556.101 9 118714141.349 9      2332.128 9        55.126 9                                                                  22590556.101 8 118714141.349 8      2332.128 8        52.126 8
G05  21261585.774 9 111730362.673 9       678.640 9        55.652 9                                                                  21261585.774 8 111730362.673 8       678.640 8        52.652 8
G04  21947003.611 9 115332251.962 9     -2474.860 9        55.377 9                                                                  21947003.611 8 115332251.962 8     -2474.860 8        52.377 8
E04                                                                  23383566.424 9 122881437.796 9      -149.367 9        57.938 9  23383566.424 9 122881437.796 9      -149.367 9        57.938 9
E05                                                                  26132533.701 9 137327327.942 9     -2056.477 9        56.973 9  26132533.701 9 137327327.942 9     -2056.477 9        56.973 9
E11                                                                  26660329.782 9 140100914.828 9     -2406.586 9        56.799 9  26660329.782 9 140100914.828 9     -2406.586 9        56.799 9
E20                                                                  27864235.030 9 146427465.023 9     -1674.314 9        56.416 9  27864235.030 9 146427465.023 9     -1674.314 9        56.416 9
E09                                                                  25005790.843 9 131406268.233 9      2574.108 9        57.356 9  25005790.843 9 131406268.233 9      2574.108 9        57.356 9
E10                                                                  23770043.954 9 124912388.034 9         6.160 9        57.796 9  23770043.954 9 124912388.034 9         6.160 9        57.796 9
E03                                                                  25047576.457 9 131625860.564 9      1948.355 9        57.341 9  25047576.457 9 131625860.564 9      1948.355 9        57.341 9
> 2026 02 03 10 01  0.0000000  0 18       0.000000000000
G02  20303288.942 9 106694482.497 9      -381.639 9        56.053 9                                                                  20303288.942 8 106694482.497 8      -381.639 8        53.053 8
G09  25267274.914 9 132780366.295 9     -2815.219 9        54.153 9                                                                  25267274.914 8 132780366.295 8     -2815.219 8        51.153 8
G13  25231255.392 9 132591072.432 9      1229.741 9        54.165 9                                                                  25231255.392 8 132591072.432 8      1229.741 8        51.165 8
G29  24889618.958 9 130795782.865 9      3070.460 9        54.284 9                                                                  24889618.958 8 130795782.865 8      3070.460 8        51.284 8
G10  22373259.449 9 117572236.915 9      3248.769 9        55.209 9                                                                  22373259.449 8 117572236.915 8      3248.769 8        52.209 8
G12  20802970.361 9 109320324.405 9       179.100 9        55.842 9                                                                  20802970.361 8 109320324.405 8       179.100 8        52.842 8
G17  24690940.943 9 129751703.696 9     -2950.548 9        54.353 9                                                                  24690940.943 8 129751703.696 8     -2950.548 8        51.353 8
G24  24351659.125 9 127968783.960 9      3058.566 9        54.473 9                                                                  24351659.125 8 127968783.960 8      3058.566 8        51.473 8
G30  22590112.357 9 118711809.463 9      2331.644 9        55.126 9                                                                  22590112.357 8 118711809.463 8      2331.644 8        52.126 8
G05  21261456.695 9 111729684.360 9       677.984 9        55.652 9                                                                  21261456.695 8 111729684.360 8       677.984 8        52.652 8
G04  21947474.578 9 115334726.910 9     -2475.048 9        55.376 9                                                                  21947474.578 8 115334726.910 8     -2475.048 8        52.376 8
E04                                                                  23383594.871 9 122881587.286 9      -149.615 9        57.938 9  23383594.871 9 122881587.286 9      -149.615 9        57.938 9
E05                                                                  26132925.052 9 137329384.494 9     -2056.647 9        56.973 9  26132925.052 9 137329384.494 9     -2056.647 9        56.973 9
E11                                                                  26660787.764 9 140103321.528 9     -2406.833 9        56.799 9  26660787.764 9 140103321.528 9     -2406.833 9        56.799 9
E20                                                                  27864553.671 9 146429139.485 9     -1674.623 9        56.415 9  27864553.671 9 146429139.485 9     -1674.623 9        56.415 9
E09                                                                  25005301.033 9 131403694.268 9      2573.832 9        57.356 9  25005301.033 9 131403694.268 9      2573.832 9        57.356 9
E10                                                                  23770042.827 9 124912382.110 9         5.689 9        57.796 9  23770042.827 9 124912382.110 9         5.689 9        57.796 9
E03                                                                  25047205.705 9 131623912.254 9      1948.267 9        57.341 9  25047205.705 9 131623912.254 9      1948.267 9        57.341 9
> 2026 02 03 10 01  1.0000000  0 18       0.000000000000
G02  20303361.603 9 106694864.332 9      -382.034 9        56.053 9                                                                  20303361.603 8 106694864.332 8      -382.034 8        53.053 8
G09  25267810.628 9 132783181.482 9     -2815.169 9        54.153 9                                                                  25267810.628 8 132783181.482 8     -2815.169 8        51.153 8
G13  25231021.423 9 132589842.921 9      1229.291 9        54.165 9                                                                  25231021.423 8 132589842.921 8      1229.291 8        51.165 8
G29  24889034.666 9 130792712.391 9      3070.486 9        54.284 9                                                                  24889034.666 8 130792712.391 8      3070.486 8        51.284 8
G10  22372641.259 9 117568988.307 9      3248.455 9        55.210 9                                                                  22372641.259 8 117568988.307 8      3248.455 8        52.210 8
G12  20802936.342 9 109320145.636 9       178.436 9        55.842 9                                                                  20802936.342 8 109320145.636 8       178.436 8        52.842 8
G17  24691502.425 9 129754654.291 9     -2950.673 9        54.353 9                                                                  24691502.425 8 129754654.291 8     -2950.673 8        51.353 8
G24  24351077.114 9 127965725.476 9      3058.402 9        54.474 9                                                                  24351077.114 8 127965725.476 8      3058.402 8        51.474 8
G30  22589668.706 9 118709478.061 9      2331.160 9        55.126 9                                                                  22589668.706 8 118709478.061 8      2331.160 8        52.126 8
G05  21261327.741 9 111729006.702 9       677.329 9        55.652 9                                                                  21261327.741 8 111729006.702 8       677.329 8        52.652 8
G04  21947945.582 9 115337202.045 9     -2475.236 9        55.376 9                                                                  21947945.582 8 115337202.045 8     -2475.236 8        52.376 8
E04                                                                  23383623.365 9 122881737.024 9      -149.862 9        57.938 9  23383623.365 9 122881737.024 9      -149.862 9        57.938 9
E05                                                                  26133316.434 9 137331441.217 9     -2056.817 9        56.973 9  26133316.434 9 137331441.217 9     -2056.817 9        56.973 9
E11                                                                  26661245.792 9 140105728.476 9     -2407.080 9        56.799 9  26661245.792 9 140105728.476 9     -2407.080 9        56.799 9
E20                                                                  27864872.371 9 146430814.256 9     -1674.932 9        56.415 9  27864872.371 9 146430814.256 9     -1674.932 9        56.415 9
E09                                                                  25004811.275 9 131401120.578 9      2573.557 9        57.356 9  25004811.275 9 131401120.578 9      2573.557 9        57.356 9
E10                                                                  23770041.789 9 124912376.657 9         5.218 9        57.796 9  23770041.789 9 124912376.657 9         5.218 9        57.796 9
E03                                                                  25046834.970 9 131621964.032 9      1948.178 9        57.341 9  25046834.970 9 131621964.032 9      1948.178 9        57.341 9
> 2026 02 03 10 01  2.0000000  0 18       0.000000000000
G02  20303434.339 9 106695246.563 9      -382.428 9        56.053 9                                                                  20303434.339 8 106695246.563 8      -382.428 8        53.053 8
G09  25268346.333 9 132785996.619 9     -2815.118 9        54.153 9                                                                  25268346.333 8 132785996.619 8     -2815.118 8        51.153 8
G13  25230787.540 9 132588613.860 9      1228.841 9        54.165 9                                                                  25230787.540 8 132588613.860 8      1228.841 8        51.165 8
G29  24888450.368 9 130789641.891 9      3070.513 9        54.284 9                                                                  24888450.368 8 130789641.891 8      3070.513 8        51.284 8
G10  22372023.128 9 117565740.013 9      3248.142 9        55.210 9                                                                  22372023.128 8 117565740.013 8      3248.142 8        52.210 8
G12  20802902.450 9 109319967.530 9       177.773 9        55.842 9                                                                  20802902.450 8 109319967.530 8       177.773 8        52.842 8
G17  24692063.931 9 129757605.010 9     -2950.798 9        54.353 9                                                                  24692063.931 8 129757605.010 8     -2950.798 8        51.353 8
G24  24350495.135 9 127962667.156 9      3058.239 9        54.474 9                                                                  24350495.135 8 127962667.156 8      3058.239 8        51.474 8
G30  22589225.147 9 118707147.143 9      2330.675 9        55.126 9                                                                  22589225.147 8 118707147.143 8      2330.675 8        52.126 8
G05  21261198.912 9 111728329.701 9       676.673 9        55.652 9                                                                  21261198.912 8 111728329.701 8       676.673 8        52.652 8
G04  21948416.621 9 115339677.369 9     -2475.424 9        55.376 9                                                                  21948416.621 8 115339677.369 8     -2475.424 8        52.376 8
E04                                                                  23383651.907 9 122881887.009 9      -150.110 9        57.938 9  23383651.907 9 122881887.009 9      -150.110 9        57.938 9
E05                                                                  26133707.849 9 137333498.110 9     -2056.988 9        56.972 9  26133707.849 9 137333498.110 9     -2056.988 9        56.972 9
E11                                                                  26661703.867 9 140108135.670 9     -2407.327 9        56.799 9  26661703.867 9 140108135.670 9     -2407.327 9        56.799 9
E20                                                                  27865191.130 9 146432489.337 9     -1675.242 9        56.415 9  27865191.130 9 146432489.337 9     -1675.242 9        56.415 9
E09                                                                  25004321.569 9 131398547.164 9      2573.282 9        57.356 9  25004321.569 9 131398547.164 9      2573.282 9        57.356 9
E10                                                                  23770040.841 9 124912371.675 9         4.747 9        57.796 9  23770040.841 9 124912371.675 9         4.747 9        57.796 9
E03                                                                  25046464.252 9 131620015.899 9      1948.090 9        57.342 9  25046464.252 9 131620015.899 9      1948.090 9        57.342 9
> 2026 02 03 10 01  3.0000000  0 18       0.000000000000
G02  20303507.150 9 106695629.187 9      -382.823 9        56.053 9                                                                  20303507.150 8 106695629.187 8      -382.823 8        53.053 8
G09  25268882.027 9 132788811.706 9     -2815.068 9        54.152 9                                                                  25268882.027 8 132788811.706 8     -2815.068 8        51.152 8
G13  25230553.742 9 132587385.250 9      1228.391 9        54.166 9                                                                  25230553.742 8 132587385.250 8      1228.391 8        51.166 8
G29  24887866.066 9 130786571.363 9      3070.539 9        54.284 9                                                                  24887866.066 8 130786571.363 8      3070.539 8        51.284 8
G10  22371405.057 9 117562492.032 9      3247.828 9        55.210 9                                                                  22371405.057 8 117562492.032 8      3247.828 8        52.210 8
G12  20802868.684 9 109319790.088 9       177.109 9        55.842 9                                                                  20802868.684 8 109319790.088 8       177.109 8        52.842 8
G17  24692625.460 9 129760555.855 9     -2950.924 9        54.353 9                                                                  24692625.460 8 129760555.855 8     -2950.924 8        51.353 8
G24  24349913.186 9 127959608.999 9      3058.075 9        54.474 9                                                                  24349913.186 8 127959608.999 8      3058.075 8        51.474 8
G30  22588781.680 9 118704816.710 9      2330.191 9        55.126 9                                                                  22588781.680 8 118704816.710 8      2330.191 8        52.126 8
G05  21261070.208 9 111727653.354 9       676.018 9        55.652 9                                                                  21261070.208 8 111727653.354 8       676.018 8        52.652 8
G04  21948887.696 9 115342152.880 9     -2475.612 9        55.376 9                                                                  21948887.696 8 115342152.880 8     -2475.612 8        52.376 8
E04                                                                  23383680.495 9 122882037.242 9      -150.357 9        57.938 9  23383680.495 9 122882037.242 9      -150.357 9        57.938 9
E05                                                                  26134099.297 9 137335555.173 9     -2057.158 9        56.972 9  26134099.297 9 137335555.173 9     -2057.158 9        56.972 9
E11                                                                  26662161.990 9 140110543.111 9     -2407.574 9        56.799 9  26662161.990 9 140110543.111 9     -2407.574 9        56.799 9
E20                                                                  27865509.947 9 146434164.727 9     -1675.551 9        56.415 9  27865509.947 9 146434164.727 9     -1675.551 9        56.415 9
E09                                                                  25003831.916 9 131395974.025 9      2573.006 9        57.356 9  25003831.916 9 131395974.025 9      2573.006 9        57.356 9
E10                                                                  23770039.982 9 124912367.164 9         4.276 9        57.796 9  23770039.982 9 124912367.164 9         4.276 9        57.796 9
E03                                                                  25046093.551 9 131618067.853 9      1948.002 9        57.342 9  25046093.551 9 131618067.853 9      1948.002 9        57.342 9
> 2026 02 03 10 01  4.0000000  0 18       0.000000000000
G02  20303580.037 9 106696012.207 9      -383.218 9        56.053 9                                                                  20303580.037 8 106696012.207 8      -383.218 8        53.053 8
G09  25269417.713 9 132791626.742 9     -2815.017 9        54.152 9                                                                  25269417.713 8 132791626.742 8     -2815.017 8        51.152 8
G13  25230320.030 9 132586157.091 9      1227.940 9        54.166 9                                                                  25230320.030 8 132586157.091 8      1227.940 8        51.166 8
G29  24887281.759 9 130783500.810 9      3070.566 9        54.285 9                                                                  24887281.759 8 130783500.810 8      3070.566 8        51.285 8
G10  22370787.046 9 117559244.366 9      3247.514 9        55.210 9                                                                  22370787.046 8 117559244.366 8      3247.514 8        52.210 8
G12  20802835.045 9 109319613.310 9       176.446 9        55.842 9                                                                  20802835.045 8 109319613.310 8       176.446 8        52.842 8
G17  24693187.014 9 129763506.825 9     -2951.049 9        54.353 9                                                                  24693187.014 8 129763506.825 8     -2951.049 8        51.353 8
G24  24349331.269 9 127956551.006 9      3057.912 9        54.474 9                                                                  24349331.269 8 127956551.006 8      3057.912 8        51.474 8
G30  22588338.305 9 118702486.761 9      2329.707 9        55.126 9                                                                  22588338.305 8 118702486.761 8      2329.707 8        52.126 8
G05  21260941.628 9 111726977.663 9       675.362 9        55.652 9                                                                  21260941.628 8 111726977.663 8       675.362 8        52.652 8
G04  21949358.807 9 115344628.580 9     -2475.800 9        55.376 9                                                                  21949358.807 8 115344628.580 8     -2475.800 8        52.376 8
E04                                                                  23383709.131 9 122882187.722 9      -150.605 9        57.938 9  23383709.131 9 122882187.722 9      -150.605 9        57.938 9
E05                                                                  26134490.777 9 137337612.407 9     -2057.328 9        56.972 9  26134490.777 9 137337612.407 9     -2057.328 9        56.972 9
E11                                                                  26662620.159 9 140112950.799 9     -2407.821 9        56.798 9  26662620.159 9 140112950.799 9     -2407.821 9        56.798 9
E20                                                                  27865828.824 9 146435840.425 9     -1675.860 9        56.415 9  27865828.824 9 146435840.425 9     -1675.860 9        56.415 9
E09                                                                  25003342.316 9 131393401.162 9      2572.730 9        57.357 9  25003342.316 9 131393401.162 9      2572.730 9        57.357 9
E10                                                                  23770039.213 9 124912363.123 9         3.805 9        57.796 9  23770039.213 9 124912363.123 9         3.805 9        57.796 9
E03                                                                  25045722.867 9 131616119.897 9      1947.913 9        57.342 9  25045722.867 9 131616119.897 9      1947.913 9        57.342 9
> 2026 02 03 10 01  5.0000000  0 18       0.000000000000
G02  20303652.998 9 106696395.621 9      -383.612 9        56.053 9                                                                  20303652.998 8 106696395.621 8      -383.612 8        53.053 8
G09  25269953.388 9 132794441.727 9     -2814.967 9        54.152 9                                                                  25269953.388 8 132794441.727 8     -2814.967 8        51.152 8
G13  25230086.404 9 132584929.381 9      1227.490 9        54.166 9                                                                  25230086.404 8 132584929.381 8      1227.490 8        51.166 8
G29  24886697.446 9 130780430.229 9      3070.593 9        54.285 9                                                                  24886697.446 8 130780430.229 8      3070.593 8        51.285 8
G10  22370169.095 9 117555997.013 9      3247.200 9        55.211 9                                                                  22370169.095 8 117555997.013 8      3247.200 8        52.211 8
G12  20802801.531 9 109319437.195 9       175.782 9        55.842 9                                                                  20802801.531 8 109319437.195 8       175.782 8        52.842 8
G17  24693748.591 9 129766457.921 9     -2951.174 9        54.352 9                                                                  24693748.591 8 129766457.921 8     -2951.174 8        51.352 8
G24  24348749.382 9 127953493.176 9      3057.749 9        54.475 9                                                                  24348749.382 8 127953493.176 8      3057.749 8        51.475 8
G30  22587895.022 9 118700157.296 9      2329.222 9        55.127 9                                                                  22587895.022 8 118700157.296 8      2329.222 8        52.127 8
G05  21260813.173 9 111726302.628 9       674.707 9        55.652 9                                                                  21260813.173 8 111726302.628 8       674.707 8        52.652 8
G04  21949829.954 9 115347104.468 9     -2475.988 9        55.375 9                                                                  21949829.954 8 115347104.468 8     -2475.988 8        52.375 8
E04                                                                  23383737.813 9 122882338.450 9      -150.852 9        57.938 9  23383737.813 9 122882338.450 9      -150.852 9        57.938 9
E05                                                                  26134882.289 9 137339669.810 9     -2057.499 9        56.972 9  26134882.289 9 137339669.810 9     -2057.499 9        56.972 9
E11                                                                  26663078.375 9 140115358.734 9     -2408.067 9        56.798 9  26663078.375 9 140115358.734 9     -2408.067 9        56.798 9
E20                                                                  27866147.759 9 146437516.433 9     -1676.169 9        56.415 9  27866147.759 9 146437516.433 9     -1676.169 9        56.415 9
E09                                                                  25002852.768 9 131390828.574 9      2572.455 9        57.357 9  25002852.768 9 131390828.574 9      2572.455 9        57.357 9
E10                                                                  23770038.534 9 124912359.554 9         3.334 9        57.796 9  23770038.534 9 124912359.554 9         3.334 9        57.796 9
E03                                                                  25045352.200 9 131614172.028 9      1947.825 9        57.342 9  25045352.200 9 131614172.028 9      1947.825 9        57.342 9
> 2026 02 03 10 01  6.0000000  0 18       0.000000000000
G02  20303726.035 9 106696779.430 9      -384.007 9        56.053 9                                                                  20303726.035 8 106696779.430 8      -384.007 8        53.053 8
G09  25270489.054 9 132797256.662 9     -2814.916 9        54.152 9                                                                  25270489.054 8 132797256.662 8     -2814.916 8        51.152 8
G13  25229852.864 9 132583702.123 9      1227.039 9        54.166 9                                                                  25229852.864 8 132583702.123 8      1227.039 8        51.166 8
G29  24886113.129 9 130777359.622 9      3070.619 9        54.285 9                                                                  24886113.129 8 130777359.622 8      3070.619 8        51.285 8
G10  22369551.203 9 117552749.974 9      3246.886 9        55.211 9                                                                  22369551.203 8 117552749.974 8      3246.886 8        52.211 8
G12  20802768.144 9 109319261.743 9       175.119 9        55.842 9                                                                  20802768.144 8 109319261.743 8       175.119 8        52.842 8
G17  24694310.192 9 129769409.142 9     -2951.299 9        54.352 9                                                                  24694310.192 8 129769409.142 8     -2951.299 8        51.352 8
G24  24348167.527 9 127950435.509 9      3057.585 9        54.475 9                                                                  24348167.527 8 127950435.509 8      3057.585 8        51.475 8
G30  22587451.832 9 118697828.316 9      2328.738 9        55.127 9                                                                  22587451.832 8 118697828.316 8      2328.738 8        52.127 8
G05  21260684.843 9 111725628.248 9       674.051 9        55.653 9                                                                  21260684.843 8 111725628.248 8       674.051 8        52.653 8
G04  21950301.136 9 115349580.543 9     -2476.176 9        55.375 9                                                                  21950301.136 8 115349580.543 8     -2476.176 8        52.375 8
E04                                                                  23383766.543 9 122882489.425 9      -151.100 9        57.938 9  23383766.543 9 122882489.425 9      -151.100 9        57.938 9
E05                                                                  26135273.834 9 137341727.384 9     -2057.669 9        56.972 9  26135273.834 9 137341727.384 9     -2057.669 9        56.972 9
E11                                                                  26663536.638 9 140117766.915 9     -2408.314 9        56.798 9  26663536.638 9 140117766.915 9     -2408.314 9        56.798 9
E20                                                                  27866466.753 9 146439192.750 9     -1676.478 9        56.415 9  27866466.753 9 146439192.750 9     -1676.478 9        56.415 9
E09                                                                  25002363.272 9 131388256.262 9      2572.179 9        57.357 9  25002363.272 9 131388256.262 9      2572.179 9        57.357 9
E10                                                                  23770037.945 9 124912356.456 9         2.863 9        57.796 9  23770037.945 9 124912356.456 9         2.863 9        57.796 9
E03                                                                  25044981.549 9 131612224.248 9      1947.737 9        57.342 9  25044981.549 9 131612224.248 9      1947.737 9        57.342 9
> 2026 02 03 10 01  7.0000000  0 18       0.000000000000
G02  20303799.147 9 106697163.633 9      -384.402 9        56.053 9                                                                  20303799.147 8 106697163.633 8      -384.402 8        53.053 8
G09  25271024.711 9 132800071.546 9     -2814.865 9        54.152 9                                                                  25271024.711 8 132800071.546 8     -2814.865 8        51.152 8
G13  25229619.409 9 132582475.315 9      1226.588 9        54.166 9                                                                  25229619.409 8 132582475.315 8      1226.588 8        51.166 8
G29  24885528.806 9 130774288.989 9      3070.645 9        54.285 9                                                                  24885528.806 8 130774288.989 8      3070.645 8        51.285 8
G10  22368933.371 9 117549503.250 9      3246.572 9        55.211 9                                                                  22368933.371 8 117549503.250 8      3246.572 8        52.211 8
G12  20802734.883 9 109319086.956 9       174.455 9        55.842 9                                                                  20802734.883 8 109319086.956 8       174.455 8        52.842 8
G17  24694871.817 9 129772360.488 9     -2951.425 9        54.352 9                                                                  24694871.817 8 129772360.488 8     -2951.425 8        51.352 8
G24  24347585.703 9 127947378.007 9      3057.421 9        54.475 9                                                                  24347585.703 8 127947378.007 8      3057.421 8        51.475 8
G30  22587008.734 9 118695499.821 9      2328.253 9        55.127 9                                                                  22587008.734 8 118695499.821 8      2328.253 8        52.127 8
G05  21260556.638 9 111724954.524 9       673.395 9        55.653 9                                                                  21260556.638 8 111724954.524 8       673.395 8        52.653 8
G04  21950772.354 9 115352056.806 9     -2476.363 9        55.375 9                                                                  21950772.354 8 115352056.806 8     -2476.363 8        52.375 8
E04                                                                  23383795.320 9 122882640.648 9      -151.347 9        57.938 9  23383795.320 9 122882640.648 9      -151.347 9        57.938 9
E05                                                                  26135665.411 9 137343785.129 9     -2057.839 9        56.972 9  26135665.411 9 137343785.129 9     -2057.839 9        56.972 9
E11                                                                  26663994.948 9 140120175.344 9     -2408.561 9        56.798 9  26663994.948 9 140120175.344 9     -2408.561 9        56.798 9
E20                                                                  27866785.806 9 146440869.375 9     -1676.786 9        56.415 9  27866785.806 9 146440869.375 9     -1676.786 9        56.415 9
E09                                                                  25001873.829 9 131385684.226 9      2571.904 9        57.357 9  25001873.829 9 131385684.226 9      2571.904 9        57.357 9
E10                                                                  23770037.445 9 124912353.829 9         2.392 9        57.796 9  23770037.445 9 124912353.829 9         2.392 9        57.796 9
E03                                                                  25044610.915 9 131610276.556 9      1947.648 9        57.342 9  25044610.915 9 131610276.556 9      1947.648 9        57.342 9
> 2026 02 03 10 01  8.0000000  0 18       0.000000000000
G02  20303872.333 9 106697548.231 9      -384.796 9        56.052 9                                                                  20303872.333 8 106697548.231 8      -384.796 8        53.052 8
G09  25271560.357 9 132802886.378 9     -2814.814 9        54.151 9                                                                  25271560.357 8 132802886.378 8     -2814.814 8        51.151 8
G13  25229386.040 9 132581248.958 9      1226.137 9        54.166 9                                                                  25229386.040 8 132581248.958 8      1226.137 8        51.166 8
G29  24884944.479 9 130771218.329 9      3070.672 9        54.285 9                                                                  24884944.479 8 130771218.329 8      3070.672 8        51.285 8
G10  22368315.599 9 117546256.839 9      3246.258 9        55.211 9                                                                  22368315.599 8 117546256.839 8      3246.258 8        52.211 8
G12  20802701.749 9 109318912.832 9       173.791 9        55.842 9                                                                  20802701.749 8 109318912.832 8       173.791 8        52.842 8
G17  24695433.466 9 129775311.959 9     -2951.550 9        54.352 9                                                                  24695433.466 8 129775311.959 8     -2951.550 8        51.352 8
G24  24347003.910 9 127944320.667 9      3057.258 9        54.475 9                                                                  24347003.910 8 127944320.667 8      3057.258 8        51.475 8
G30  22586565.727 9 118693171.810 9      2327.768 9        55.127 9                                                                  22586565.727 8 118693171.810 8      2327.768 8        52.127 8
G05  21260428.557 9 111724281.456 9       672.740 9        55.653 9                                                                  21260428.557 8 111724281.456 8       672.740 8        52.653 8
G04  21951243.608 9 115354533.257 9     -2476.551 9        55.375 9                                                                  21951243.608 8 115354533.257 8     -2476.551 8        52.375 8
E04                                                                  23383824.144 9 122882792.118 9      -151.595 9        57.938 9  23383824.144 9 122882792.118 9      -151.595 9        57.938 9
E05                                                                  26136057.021 9 137345843.044 9     -2058.010 9        56.972 9  26136057.021 9 137345843.044 9     -2058.010 9        56.972 9
E11                                                                  26664453.305 9 140122584.019 9     -2408.807 9        56.798 9  26664453.305 9 140122584.019 9     -2408.807 9        56.798 9
E20                                                                  27867104.917 9 146442546.310 9     -1677.095 9        56.415 9  27867104.917 9 146442546.310 9     -1677.095 9        56.415 9
E09                                                                  25001384.438 9 131383112.465 9      2571.628 9        57.357 9  25001384.438 9 131383112.465 9      2571.628 9        57.357 9
E10                                                                  23770037.034 9 124912351.673 9         1.921 9        57.796 9  23770037.034 9 124912351.673 9         1.921 9        57.796 9
E03                                                                  25044240.298 9 131608328.953 9      1947.560 9        57.342 9  25044240.298 9 131608328.953 9      1947.560 9        57.342 9
> 2026 02 03 10 01  9.0000000  0 18       0.000000000000
G02  20303945.595 9 106697933.224 9      -385.191 9        56.052 9                                                                  20303945.595 8 106697933.224 8      -385.191 8        53.052 8
G09  25272095.994 9 132805701.160 9     -2814.763 9        54.151 9                                                                  25272095.994 8 132805701.160 8     -2814.763 8        51.151 8
G13  25229152.757 9 132580023.051 9      1225.687 9        54.166 9                                                                  25229152.757 8 132580023.051 8      1225.687 8        51.166 8
G29  24884360.146 9 130768147.643 9      3070.698 9        54.286 9                                                                  24884360.146 8 130768147.643 8      3070.698 8        51.286 8
G10  22367697.886 9 117543010.743 9      3245.943 9        55.212 9                                                                  22367697.886 8 117543010.743 8      3245.943 8        52.212 8
G12  20802668.740 9 109318739.371 9       173.128 9        55.842 9                                                                  20802668.740 8 109318739.371 8       173.128 8        52.842 8
G17  24695995.138 9 129778263.555 9     -2951.675 9        54.352 9                                                                  24695995.138 8 129778263.555 8     -2951.675 8        51.352 8
G24  24346422.148 9 127941263.492 9      3057.094 9        54.475 9                                                                  24346422.148 8 127941263.492 8      3057.094 8        51.475 8
G30  22586122.814 9 118690844.284 9      2327.283 9        55.127 9                                                                  22586122.814 8 118690844.284 8      2327.283 8        52.127 8
G05  21260300.601 9 111723609.043 9       672.084 9        55.653 9                                                                  21260300.601 8 111723609.043 8       672.084 8        52.653 8
G04  21951714.898 9 115357009.895 9     -2476.739 9        55.375 9                                                                  21951714.898 8 115357009.895 8     -2476.739 8        52.375 8
E04                                                                  23383853.015 9 122882943.836 9      -151.843 9        57.938 9  23383853.015 9 122882943.836 9      -151.843 9        57.938 9
E05                                                                  26136448.663 9 137347901.129 9     -2058.180 9        56.972 9  26136448.663 9 137347901.129 9     -2058.180 9        56.972 9
E11                                                                  26664911.709 9 140124992.940 9     -2409.054 9        56.798 9  26664911.709 9 140124992.940 9     -2409.054 9        56.798 9
E20                                                                  27867424.088 9 146444223.553 9     -1677.404 9        56.415 9  27867424.088 9 146444223.553 9     -1677.404 9        56.415 9
E09                                                                  25000895.100 9 131380540.981 9      2571.352 9        57.357 9  25000895.100 9 131380540.981 9      2571.352 9        57.357 9
E10                                                                  23770036.714 9 124912349.987 9         1.450 9        57.796 9  23770036.714 9 124912349.987 9         1.450 9        57.796 9
E03                                                                  25043869.698 9 131606381.438 9      1947.471 9        57.342 9  25043869.698 9 131606381.438 9      1947.471 9        57.342 9
> 2026 02 03 10 01 10.0000000  0 18       0.000000000000
G02  20304018.932 9 106698318.611 9      -385.585 9        56.052 9                                                                  20304018.932 8 106698318.611 8      -385.585 8        53.052 8
G09  25272631.621 9 132808515.891 9     -2814.712 9        54.151 9                                                                  25272631.621 8 132808515.891 8     -2814.712 8        51.151 8
G13  25228919.560 9 132578797.596 9      1225.236 9        54.166 9                                                                  25228919.560 8 132578797.596 8      1225.236 8        51.166 8
G29  24883775.808 9 130765076.930 9      3070.725 9        54.286 9                                                                  24883775.808 8 130765076.930 8      3070.725 8        51.286 8
G10  22367080.234 9 117539764.962 9      3245.629 9        55.212 9                                                                  22367080.234 8 117539764.962 8      3245.629 8        52.212 8
G12  20802635.858 9 109318566.575 9       172.464 9        55.842 9                                                                  20802635.858 8 109318566.575 8       172.464 8        52.842 8
G17  24696556.834 9 129781215.277 9     -2951.800 9        54.351 9                                                                  24696556.834 8 129781215.277 8     -2951.800 8        51.351 8
G24  24345840.417 9 127938206.479 9      3056.931 9        54.476 9                                                                  24345840.417 8 127938206.479 8      3056.931 8        51.476 8
G30  22585679.992 9 118688517.243 9      2326.799 9        55.127 9                                                                  22585679.992 8 118688517.243 8      2326.799 8        52.127 8
G05  21260172.770 9 111722937.286 9       671.428 9        55.653 9                                                                  21260172.770 8 111722937.286 8       671.428 8        52.653 8
G04  21952186.223 9 115359486.722 9     -2476.926 9        55.374 9                                                                  21952186.223 8 115359486.722 8     -2476.926 8        52.374 8
E04                                                                  23383881.933 9 122883095.802 9      -152.090 9        57.938 9  23383881.933 9 122883095.802 9      -152.090 9        57.938 9
E05                                                                  26136840.338 9 137349959.385 9     -2058.350 9        56.971 9  26136840.338 9 137349959.385 9     -2058.350 9        56.971 9
E11                                                                  26665370.160 9 140127402.108 9     -2409.300 9        56.798 9  26665370.160 9 140127402.108 9     -2409.300 9        56.798 9
E20                                                                  27867743.317 9 146445901.105 9     -1677.712 9        56.414 9  27867743.317 9 146445901.105 9     -1677.712 9        56.414 9
E09                                                                  25000405.814 9 131377969.771 9      2571.076 9        57.358 9  25000405.814 9 131377969.771 9      2571.076 9        57.358 9
E10                                                                  23770036.482 9 124912348.773 9         0.979 9        57.796 9  23770036.482 9 124912348.773 9         0.979 9        57.796 9
E03                                                                  25043499.115 9 131604434.012 9      1947.383 9        57.343 9  25043499.115 9 131604434.012 9      1947.383 9        57.343 9
> 2026 02 03 10 01 11.0000000  0 18       0.000000000000
G02  20304092.344 9 106698704.392 9      -385.979 9        56.052 9                                                                  20304092.344 8 106698704.392 8      -385.979 8        53.052 8
G09  25273167.239 9 132811330.570 9     -2814.660 9        54.151 9                                                                  25273167.239 8 132811330.570 8     -2814.660 8        51.151 8
G13  25228686.449 9 132577572.591 9      1224.785 9        54.166 9                                                                  25228686.449 8 132577572.591 8      1224.785 8        51.166 8
G29  24883191.466 9 130762006.192 9      3070.751 9        54.286 9                                                                  24883191.466 8 130762006.192 8      3070.751 8        51.286 8
G10  22366462.641 9 117536519.495 9      3245.314 9        55.212 9                                                                  22366462.641 8 117536519.495 8      3245.314 8        52.212 8
G12  20802603.103 9 109318394.442 9       171.800 9        55.842 9                                                                  20802603.103 8 109318394.442 8       171.800 8        52.842 8
G17  24697118.555 9 129784167.123 9     -2951.925 9        54.351 9                                                                  24697118.555 8 129784167.123 8     -2951.925 8        51.351 8
G24  24345258.718 9 127935149.631 9      3056.767 9        54.476 9                                                                  24345258.718 8 127935149.631 8      3056.767 8        51.476 8
G30  22585237.263 9 118686190.687 9      2326.313 9        55.128 9                                                                  22585237.263 8 118686190.687 8      2326.313 8        52.128 8
G05  21260045.064 9 111722266.185 9       670.772 9        55.653 9                                                                  21260045.064 8 111722266.185 8       670.772 8        52.653 8
G04  21952657.584 9 115361963.735 9     -2477.114 9        55.374 9                                                                  21952657.584 8 115361963.735 8     -2477.114 8        52.374 8
E04                                                                  23383910.899 9 122883248.016 9      -152.338 9        57.938 9  23383910.899 9 122883248.016 9      -152.338 9        57.938 9
E05                                                                  26137232.044 9 137352017.810 9     -2058.520 9        56.971 9  26137232.044 9 137352017.810 9     -2058.520 9        56.971 9
E11                                                                  26665828.658 9 140129811.522 9     -2409.547 9        56.797 9  26665828.658 9 140129811.522 9     -2409.547 9        56.797 9
E20                                                                  27868062.605 9 146447578.965 9     -1678.021 9        56.414 9  27868062.605 9 146447578.965 9     -1678.021 9        56.414 9
E09                                                                  24999916.581 9 131375398.838 9      2570.800 9        57.358 9  24999916.581 9 131375398.838 9      2570.800 9        57.358 9
E10                                                                  23770036.341 9 124912348.029 9         0.508 9        57.796 9  23770036.341 9 124912348.029 9         0.508 9        57.796 9
E03                                                                  25043128.548 9 131602486.674 9      1947.294 9        57.343 9  25043128.548 9 131602486.674 9      1947.294 9        57.343 9
> 2026 02 03 10 01 12.0000000  0 18       0.000000000000
G02  20304165.831 9 106699090.568 9      -386.374 9        56.052 9                                                                  20304165.831 8 106699090.568 8      -386.374 8        53.052 8
G09  25273702.846 9 132814145.198 9     -2814.609 9        54.151 9                                                                  25273702.846 8 132814145.198 8     -2814.609 8        51.151 8
G13  25228453.423 9 132576348.038 9      1224.334 9        54.166 9                                                                  25228453.423 8 132576348.038 8      1224.334 8        51.166 8
G29  24882607.118 9 130758935.426 9      3070.778 9        54.286 9                                                                  24882607.118 8 130758935.426 8      3070.778 8        51.286 8
G10  22365845.108 9 117533274.342 9      3244.999 9        55.212 9                                                                  22365845.108 8 117533274.342 8      3244.999 8        52.212 8
G12  20802570.473 9 109318222.972 9       171.137 9        55.842 9                                                                  20802570.473 8 109318222.972 8       171.137 8        52.842 8
G17  24697680.299 9 129787119.095 9     -2952.051 9        54.351 9                                                                  24697680.299 8 129787119.095 8     -2952.051 8        51.351 8
G24  24344677.049 9 127932092.946 9      3056.603 9        54.476 9                                                                  24344677.049 8 127932092.946 8      3056.603 8        51.476 8
G30  22584794.626 9 118683864.616 9      2325.828 9        55.128 9                                                                  22584794.626 8 118683864.616 8      2325.828 8        52.128 8
G05  21259917.483 9 111721595.740 9       670.117 9        55.653 9                                                                  21259917.483 8 111721595.740 8       670.117 8        52.653 8
G04  21953128.980 9 115364440.937 9     -2477.301 9        55.374 9                                                                  21953128.980 8 115364440.937 8     -2477.301 8        52.374 8
E04                                                                  23383939.911 9 122883400.477 9      -152.586 9        57.938 9  23383939.911 9 122883400.477 9      -152.586 9        57.938 9
E05                                                                  26137623.784 9 137354076.406 9     -2058.691 9        56.971 9  26137623.784 9 137354076.406 9     -2058.691 9        56.971 9
E11                                                                  26666287.202 9 140132221.182 9     -2409.793 9        56.797 9  26666287.202 9 140132221.182 9     -2409.793 9        56.797 9
E20                                                                  27868381.951 9 146449257.134 9     -1678.330 9        56.414 9  27868381.951 9 146449257.134 9     -1678.330 9        56.414 9
E09                                                                  24999427.400 9 131372828.181 9      2570.524 9        57.358 9  24999427.400 9 131372828.181 9      2570.524 9        57.358 9
E10                                                                  23770036.289 9 124912347.757 9         0.037 9        57.796 9  23770036.289 9 124912347.757 9         0.037 9        57.796 9
E03                                                                  25042757.999 9 131600539.425 9      1947.206 9        57.343 9  25042757.999 9 131600539.425 9      1947.206 9        57.343 9
> 2026 02 03 10 01 13.0000000  0 18       0.000000000000
G02  20304239.393 9 106699477.138 9      -386.768 9        56.052 9                                                                  20304239.393 8 106699477.138 8      -386.768 8        53.052 8
G09  25274238.444 9 132816959.775 9     -2814.558 9        54.151 9                                                                  25274238.444 8 132816959.775 8     -2814.558 8        51.151 8
G13  25228220.483 9 132575123.936 9      1223.882 9        54.166 9                                                                  25228220.483 8 132575123.936 8      1223.882 8        51.166 8
G29  24882022.766 9 130755864.635 9      3070.804 9        54.286 9                                                                  24882022.766 8 130755864.635 8      3070.804 8        51.286 8
G10  22365227.636 9 117530029.504 9      3244.685 9        55.213 9                                                                  22365227.636 8 117530029.504 8      3244.685 8        52.213 8
G12  20802537.970 9 109318052.167 9       170.473 9        55.842 9                                                                  20802537.970 8 109318052.167 8       170.473 8        52.842 8
G17  24698242.066 9 129790071.192 9     -2952.176 9        54.351 9                                                                  24698242.066 8 129790071.192 8     -2952.176 8        51.351 8
G24  24344095.412 9 127929036.425 9      3056.440 9        54.476 9                                                                  24344095.412 8 127929036.425 8      3056.440 8        51.476 8
G30  22584352.081 9 118681539.030 9      2325.343 9        55.128 9                                                                  22584352.081 8 118681539.030 8      2325.343 8        52.128 8
G05  21259790.026 9 111720925.950 9       669.461 9        55.653 9                                                                  21259790.026 8 111720925.950 8       669.461 8        52.653 8
G04  21953600.413 9 115366918.325 9     -2477.489 9        55.374 9                                                                  21953600.413 8 115366918.325 8     -2477.489 8        52.374 8
E04                                                                  23383968.971 9 122883553.185 9      -152.833 9        57.938 9  23383968.971 9 122883553.185 9      -152.833 9        57.938 9
E05                                                                  26138015.555 9 137356135.172 9     -2058.861 9        56.971 9  26138015.555 9 137356135.172 9     -2058.861 9        56.971 9
E11                                                                  26666745.794 9 140134631.088 9     -2410.039 9        56.797 9  26666745.794 9 140134631.088 9     -2410.039 9        56.797 9
E20                                                                  27868701.356 9 146450935.611 9     -1678.638 9        56.414 9  27868701.356 9 146450935.611 9     -1678.638 9        56.414 9
E09                                                                  24998938.271 9 131370257.800 9      2570.248 9        57.358 9  24998938.271 9 131370257.800 9      2570.248 9        57.358 9
E10                                                                  23770036.327 9 124912347.955 9        -0.433 9        57.796 9  23770036.327 9 124912347.955 9        -0.433 9        57.796 9
E03                                                                  25042387.466 9 131598592.265 9      1947.117 9        57.343 9  25042387.466 9 131598592.265 9      1947.117 9        57.343 9
> 2026 02 03 10 01 14.0000000  0 18       0.000000000000
G02  20304313.030 9 106699864.102 9      -387.162 9        56.052 9                                                                  20304313.030 8 106699864.102 8      -387.162 8        53.052 8
G09  25274774.032 9 132819774.300 9     -2814.506 9        54.150 9                                                                  25274774.032 8 132819774.300 8     -2814.506 8        51.150 8
G13  25227987.629 9 132573900.284 9      1223.431 9        54.166 9                                                                  25227987.629 8 132573900.284 8      1223.431 8        51.166 8
G29  24881438.408 9 130752793.816 9      3070.830 9        54.287 9                                                                  24881438.408 8 130752793.816 8      3070.830 8        51.287 8
G10  22364610.223 9 117526784.982 9      3244.370 9        55.213 9                                                                  22364610.223 8 117526784.982 8      3244.370 8        52.213 8
G12  20802505.594 9 109317882.025 9       169.809 9        55.842 9                                                                  20802505.594 8 109317882.025 8       169.809 8        52.842 8
G17  24698803.858 9 129793023.415 9     -2952.301 9        54.351 9                                                                  24698803.858 8 129793023.415 8     -2952.301 8        51.351 8
G24  24343513.806 9 127925980.067 9      3056.276 9        54.476 9                                                                  24343513.806 8 127925980.067 8      3056.276 8        51.476 8
G30  22583909.629 9 118679213.929 9      2324.858 9        55.128 9                                                                  22583909.629 8 118679213.929 8      2324.858 8        52.128 8
G05  21259662.694 9 111720256.816 9       668.805 9        55.653 9                                                                  21259662.694 8 111720256.816 8       668.805 8        52.653 8
G04  21954071.881 9 115369395.901 9     -2477.676 9        55.374 9                                                                  21954071.881 8 115369395.901 8     -2477.676 8        52.374 8
E04                                                                  23383998.078 9 122883706.142 9      -153.081 9        57.938 9  23383998.078 9 122883706.142 9      -153.081 9        57.938 9
E05                                                                  26138407.359 9 137358194.109 9     -2059.031 9        56.971 9  26138407.359 9 137358194.109 9     -2059.031 9        56.971 9
E11                                                                  26667204.432 9 140137041.241 9     -2410.285 9        56.797 9  26667204.432 9 140137041.241 9     -2410.285 9        56.797 9
E20                                                                  27869020.820 9 146452614.397 9     -1678.946 9        56.414 9  27869020.820 9 146452614.397 9     -1678.946 9        56.414 9
E09                                                                  24998449.196 9 131367687.695 9      2569.972 9        57.358 9  24998449.196 9 131367687.695 9      2569.972 9        57.358 9
E10                                                                  23770036.454 9 124912348.624 9        -0.904 9        57.796 9  23770036.454 9 124912348.624 9        -0.904 9        57.796 9
E03                                                                  25042016.950 9 131596645.193 9      1947.028 9        57.343 9  25042016.950 9 131596645.193 9      1947.028 9        57.343 9
> 2026 02 03 10 01 15.0000000  0 18       0.000000000000
G02  20304386.742 9 106700251.461 9      -387.557 9        56.052 9                                                                  20304386.742 8 106700251.461 8      -387.557 8        53.052 8
G09  25275309.611 9 132822588.773 9     -2814.454 9        54.150 9                                                                  25275309.611 8 132822588.773 8     -2814.454 8        51.150 8
G13  25227754.861 9 132572677.085 9      1222.980 9        54.166 9                                                                  25227754.861 8 132572677.085 8      1222.980 8        51.166 8
G29  24880854.045 9 130749722.972 9      3070.856 9        54.287 9                                                                  24880854.045 8 130749722.972 8      3070.856 8        51.287 8
G10  22363992.870 9 117523540.774 9      3244.055 9        55.213 9                                                                  22363992.870 8 117523540.774 8      3244.055 8        52.213 8
G12  20802473.343 9 109317712.547 9       169.145 9        55.842 9                                                                  20802473.343 8 109317712.547 8       169.145 8        52.842 8
G17  24699365.673 9 129795975.762 9     -2952.426 9        54.350 9                                                                  24699365.673 8 129795975.762 8     -2952.426 8        51.350 8
G24  24342932.231 9 127922923.874 9      3056.112 9        54.477 9                                                                  24342932.231 8 127922923.874 8      3056.112 8        51.477 8
G30  22583467.269 9 118676889.314 9      2324.373 9        55.128 9                                                                  22583467.269 8 118676889.314 8      2324.373 8        52.128 8
G05  21259535.487 9 111719588.339 9       668.149 9        55.653 9                                                                  21259535.487 8 111719588.339 8       668.149 8        52.653 8
G04  21954543.384 9 115371873.665 9     -2477.863 9        55.374 9                                                                  21954543.384 8 115371873.665 8     -2477.863 8        52.374 8
E04                                                                  23384027.232 9 122883859.346 9      -153.329 9        57.938 9  23384027.232 9 122883859.346 9      -153.329 9        57.938 9
E05                                                                  26138799.196 9 137360253.215 9     -2059.202 9        56.971 9  26138799.196 9 137360253.215 9     -2059.202 9        56.971 9
E11                                                                  26667663.117 9 140139451.640 9     -2410.531 9        56.797 9  26667663.117 9 140139451.640 9     -2410.531 9        56.797 9
E20                                                                  27869340.343 9 146454293.491 9     -1679.255 9        56.414 9  27869340.343 9 146454293.491 9     -1679.255 9        56.414 9
E09                                                                  24997960.172 9 131365117.865 9      2569.696 9        57.358 9  24997960.172 9 131365117.865 9      2569.696 9        57.358 9
E10                                                                  23770036.671 9 124912349.763 9        -1.375 9        57.796 9  23770036.671 9 124912349.763 9        -1.375 9        57.796 9
E03                                                                  25041646.451 9 131594698.210 9      1946.940 9        57.343 9  25041646.451 9 131594698.210 9      1946.940 9        57.343 9
> 2026 02 03 10 01 16.0000000  0 18       0.000000000000
G02  20304460.529 9 106700639.213 9      -387.951 9        56.052 9                                                                  20304460.529 8 106700639.213 8      -387.951 8        53.052 8
G09  25275845.179 9 132825403.195 9     -2814.402 9        54.150 9                                                                  25275845.179 8 132825403.195 8     -2814.402 8        51.150 8
G13  25227522.179 9 132571454.336 9      1222.528 9        54.167 9                                                                  25227522.179 8 132571454.336 8      1222.528 8        51.167 8
G29  24880269.678 9 130746652.102 9      3070.883 9        54.287 9                                                                  24880269.678 8 130746652.102 8      3070.883 8        51.287 8
G10  22363375.577 9 117520296.881 9      3243.740 9        55.213 9                                                                  22363375.577 8 117520296.881 8      3243.740 8        52.213 8
G12  20802441.219 9 109317543.733 9       168.481 9        55.842 9                                                                  20802441.219 8 109317543.733 8       168.481 8        52.842 8
G17  24699927.513 9 129798928.234 9     -2952.551 9        54.350 9                                                                  24699927.513 8 129798928.234 8     -2952.551 8        51.350 8
G24  24342350.687 9 127919867.844 9      3055.948 9        54.477 9                                                                  24342350.687 8 127919867.844 8      3055.948 8        51.477 8
G30  22583025.002 9 118674565.184 9      2323.887 9        55.128 9                                                                  22583025.002 8 118674565.184 8      2323.887 8        52.128 8
G05  21259408.405 9 111718920.517 9       667.493 9        55.653 9                                                                  21259408.405 8 111718920.517 8       667.493 8        52.653 8
G04  21955014.923 9 115374351.616 9     -2478.051 9        55.373 9                                                                  21955014.923 8 115374351.616 8     -2478.051 8        52.373 8
E04                                                                  23384056.433 9 122884012.798 9      -153.577 9        57.938 9  23384056.433 9 122884012.798 9      -153.577 9        57.938 9
E05                                                                  26139191.065 9 137362312.492 9     -2059.372 9        56.971 9  26139191.065 9 137362312.492 9     -2059.372 9        56.971 9
E11                                                                  26668121.849 9 140141862.285 9     -2410.777 9        56.797 9  26668121.849 9 140141862.285 9     -2410.777 9        56.797 9
E20                                                                  27869659.924 9 146455972.893 9     -1679.563 9        56.414 9  27869659.924 9 146455972.893 9     -1679.563 9        56.414 9
E09                                                                  24997471.202 9 131362548.313 9      2569.420 9        57.359 9  24997471.202 9 131362548.313 9      2569.420 9        57.359 9
E10                                                                  23770036.977 9 124912351.374 9        -1.846 9        57.796 9  23770036.977 9 124912351.374 9        -1.846 9        57.796 9
E03                                                                  25041275.969 9 131592751.316 9      1946.851 9        57.343 9  25041275.969 9 131592751.316 9      1946.851 9        57.343 9
> 2026 02 03 10 01 17.0000000  0 18       0.000000000000
G02  20304534.391 9 106701027.360 9      -388.345 9        56.052 9                                                                  20304534.391 8 106701027.360 8      -388.345 8        53.052 8
G09  25276380.737 9 132828217.564 9     -2814.350 9        54.150 9                                                                  25276380.737 8 132828217.564 8     -2814.350 8        51.150 8
G13  25227289.583 9 132570232.039 9      1222.077 9        54.167 9                                                                  25227289.583 8 132570232.039 8      1222.077 8        51.167 8
G29  24879685.305 9 130743581.205 9      3070.909 9        54.287 9                                                                  24879685.305 8 130743581.205 8      3070.909 8        51.287 8
G10  22362758.343 9 117517053.303 9      3243.424 9        55.214 9                                                                  22362758.343 8 117517053.303 8      3243.424 8        52.214 8
G12  20802409.221 9 109317375.582 9       167.818 9        55.842 9                                                                  20802409.221 8 109317375.582 8       167.818 8        52.842 8
G17  24700489.376 9 129801880.831 9     -2952.676 9        54.350 9                                                                  24700489.376 8 129801880.831 8     -2952.676 8        51.350 8
G24  24341769.175 9 127916811.978 9      3055.784 9        54.477 9                                                                  24341769.175 8 127916811.978 8      3055.784 8        51.477 8
G30  22582582.826 9 118672241.540 9      2323.402 9        55.129 9                                                                  22582582.826 8 118672241.540 8      2323.402 8        52.129 8
G05  21259281.448 9 111718253.351 9       666.837 9        55.653 9                                                                  21259281.448 8 111718253.351 8       666.837 8        52.653 8
G04  21955486.498 9 115376829.753 9     -2478.238 9        55.373 9                                                                  21955486.498 8 115376829.753 8     -2478.238 8        52.373 8
E04                                                                  23384085.681 9 122884166.498 9      -153.825 9        57.938 9  23384085.681 9 122884166.498 9      -153.825 9        57.938 9
E05                                                                  26139582.966 9 137364371.940 9     -2059.542 9        56.971 9  26139582.966 9 137364371.940 9     -2059.542 9        56.971 9
E11                                                                  26668580.628 9 140144273.176 9     -2411.023 9        56.796 9  26668580.628 9 140144273.176 9     -2411.023 9        56.796 9
E20                                                                  27869979.564 9 146457652.604 9     -1679.871 9        56.414 9  27869979.564 9 146457652.604 9     -1679.871 9        56.414 9
E09                                                                  24996982.284 9 131359979.036 9      2569.144 9        57.359 9  24996982.284 9 131359979.036 9      2569.144 9        57.359 9
E10                                                                  23770037.373 9 124912353.456 9        -2.317 9        57.796 9  23770037.373 9 124912353.456 9        -2.317 9        57.796 9
E03                                                                  25040905.504 9 131590804.510 9      1946.762 9        57.343 9  25040905.504 9 131590804.510 9      1946.762 9        57.343 9
> 2026 02 03 10 01 18.0000000  0 18       0.000000000000
G02  20304608.328 9 106701415.902 9      -388.739 9        56.052 9                                                                  20304608.328 8 106701415.902 8      -388.739 8        53.052 8
G09  25276916.286 9 132831031.882 9     -2814.298 9        54.150 9                                                                  25276916.286 8 132831031.882 8     -2814.298 8        51.150 8
G13  25227057.073 9 132569010.193 9      1221.625 9        54.167 9                                                                  25227057.073 8 132569010.193 8      1221.625 8        51.167 8
G29  24879100.927 9 130740510.282 9      3070.935 9        54.287 9                                                                  24879100.927 8 130740510.282 8      3070.935 8        51.287 8
G10  22362141.170 9 117513810.041 9      3243.109 9        55.214 9                                                                  22362141.170 8 117513810.041 8      3243.109 8        52.214 8
G12  20802377.350 9 109317208.096 9       167.154 9        55.842 9                                                                  20802377.350 8 109317208.096 8       167.154 8        52.842 8
G17  24701051.262 9 129804833.554 9     -2952.801 9        54.350 9                                                                  24701051.262 8 129804833.554 8     -2952.801 8        51.350 8
G24  24341187.693 9 127913756.275 9      3055.621 9        54.477 9                                                                  24341187.693 8 127913756.275 8      3055.621 8        51.477 8
G30  22582140.744 9 118669918.381 9      2322.916 9        55.129 9                                                                  22582140.744 8 118669918.381 8      2322.916 8        52.129 8
G05  21259154.615 9 111717586.842 9       666.181 9        55.653 9                                                                  21259154.615 8 111717586.842 8       666.181 8        52.653 8
G04  21955958.109 9 115379308.079 9     -2478.425 9        55.373 9                                                                  21955958.109 8 115379308.079 8     -2478.425 8        52.373 8
E04                                                                  23384114.976 9 122884320.446 9      -154.072 9        57.938 9  23384114.976 9 122884320.446 9      -154.072 9        57.938 9
E05                                                                  26139974.899 9 137366431.558 9     -2059.712 9        56.970 9  26139974.899 9 137366431.558 9     -2059.712 9        56.970 9
E11                                                                  26669039.453 9 140146684.313 9     -2411.269 9        56.796 9  26669039.453 9 140146684.313 9     -2411.269 9        56.796 9
E20                                                                  27870299.262 9 146459332.622 9     -1680.179 9        56.414 9  27870299.262 9 146459332.622 9     -1680.179 9        56.414 9
E09                                                                  24996493.418 9 131357410.035 9      2568.867 9        57.359 9  24996493.418 9 131357410.035 9      2568.867 9        57.359 9
E10                                                                  23770037.859 9 124912356.008 9        -2.787 9        57.796 9  23770037.859 9 124912356.008 9        -2.787 9        57.796 9
E03                                                                  25040535.055 9 131588857.793 9      1946.673 9        57.344 9  25040535.055 9 131588857.793 9      1946.673 9        57.344 9
> 2026 02 03 10 01 19.0000000  0 18       0.000000000000
G02  20304682.340 9 106701804.837 9      -389.133 9        56.052 9                                                                  20304682.340 8 106701804.837 8      -389.133 8        53.052 8
G09  25277451.825 9 132833846.148 9     -2814.246 9        54.149 9                                                                  25277451.825 8 132833846.148 8     -2814.246 8        51.149 8
G13  25226824.648 9 132567788.799 9      1221.174 9        54.167 9                                                                  25226824.648 8 132567788.799 8      1221.174 8        51.167 8
G29  24878516.545 9 130737439.333 9      3070.961 9        54.288 9                                                                  24878516.545 8 130737439.333 8      3070.961 8        51.288 8
G10  22361524.057 9 117510567.094 9      3242.794 9        55.214 9                                                                  22361524.057 8 117510567.094 8      3242.794 8        52.214 8
G12  20802345.605 9 109317041.273 9       166.490 9        55.842 9                                                                  20802345.605 8 109317041.273 8       166.490 8        52.842 8
G17  24701613.173 9 129807786.401 9     -2952.926 9        54.350 9                                                                  24701613.173 8 129807786.401 8     -2952.926 8        51.350 8
G24  24340606.243 9 127910700.737 9      3055.457 9        54.477 9                                                                  24340606.243 8 127910700.737 8      3055.457 8        51.477 8
G30  22581698.753 9 118667595.707 9      2322.430 9        55.129 9                                                                  22581698.753 8 118667595.707 8      2322.430 8        52.129 8
G05  21259027.908 9 111716920.988 9       665.525 9        55.653 9                                                                  21259027.908 8 111716920.988 8       665.525 8        52.653 8
G04  21956429.755 9 115381786.591 9     -2478.612 9        55.373 9                                                                  21956429.755 8 115381786.591 8     -2478.612 8        52.373 8
E04                                                                  23384144.319 9 122884474.641 9      -154.320 9        57.938 9  23384144.319 9 122884474.641 9      -154.320 9        57.938 9
E05                                                                  26140366.866 9 137368491.345 9     -2059.883 9        56.970 9  26140366.866 9 137368491.345 9     -2059.883 9        56.970 9
E11                                                                  26669498.326 9 140149095.696 9     -2411.515 9        56.796 9  26669498.326 9 140149095.696 9     -2411.515 9        56.796 9
E20                                                                  27870619.019 9 146461012.949 9     -1680.487 9        56.414 9  27870619.019 9 146461012.949 9     -1680.487 9        56.414 9
E09                                                                  24996004.605 9 131354841.311 9      2568.591 9        57.359 9  24996004.605 9 131354841.311 9      2568.591 9        57.359 9
E10                                                                  23770038.434 9 124912359.031 9        -3.258 9        57.796 9  23770038.434 9 124912359.031 9        -3.258 9        57.796 9
E03                                                                  25040164.624 9 131586911.165 9      1946.584 9        57.344 9  25040164.624 9 131586911.165 9      1946.584 9        57.344 9
> 2026 02 03 10 01 20.0000000  0 18       0.000000000000
G02  20304756.427 9 106702194.166 9      -389.527 9        56.052 9                                                                  20304756.427 8 106702194.166 8      -389.527 8        53.052 8
G09  25277987.354 9 132836660.361 9     -2814.194 9        54.149 9                                                                  25277987.354 8 132836660.361 8     -2814.194 8        51.149 8
G13  25226592.310 9 132566567.857 9      1220.722 9        54.167 9                                                                  25226592.310 8 132566567.857 8      1220.722 8        51.167 8
G29  24877932.157 9 130734368.358 9      3070.987 9        54.288 9                                                                  24877932.157 8 130734368.358 8      3070.987 8        51.288 8
G10  22360907.004 9 117507324.462 9      3242.478 9        55.214 9                                                                  22360907.004 8 117507324.462 8      3242.478 8        52.214 8
G12  20802313.986 9 109316875.114 9       165.826 9        55.842 9                                                                  20802313.986 8 109316875.114 8       165.826 8        52.842 8
G17  24702175.107 9 129810739.373 9     -2953.051 9        54.349 9                                                                  24702175.107 8 129810739.373 8     -2953.051 8        51.349 8
G24  24340024.824 9 127907645.362 9      3055.293 9        54.478 9                                                                  24340024.824 8 127907645.362 8      3055.293 8        51.478 8
G30  22581256.855 9 118665273.520 9      2321.945 9        55.129 9                                                                  22581256.855 8 118665273.520 8      2321.945 8        52.129 8
G05  21258901.325 9 111716255.790 9       664.869 9        55.653 9                                                                  21258901.325 8 111716255.790 8       664.869 8        52.653 8
G04  21956901.436 9 115384265.290 9     -2478.799 9        55.373 9                                                                  21956901.436 8 115384265.290 8     -2478.799 8        52.373 8
E04                                                                  23384173.709 9 122884629.085 9      -154.568 9        57.938 9  23384173.709 9 122884629.085 9      -154.568 9        57.938 9
E05                                                                  26140758.864 9 137370551.303 9     -2060.053 9        56.970 9  26140758.864 9 137370551.303 9     -2060.053 9        56.970 9
E11                                                                  26669957.245 9 140151507.324 9     -2411.761 9        56.796 9  26669957.245 9 140151507.324 9     -2411.761 9        56.796 9
E20                                                                  27870938.835 9 146462693.584 9     -1680.795 9        56.413 9  27870938.835 9 146462693.584 9     -1680.795 9        56.413 9
E09                                                                  24995515.845 9 131352272.863 9      2568.315 9        57.359 9  24995515.845 9 131352272.863 9      2568.315 9        57.359 9
E10                                                                  23770039.099 9 124912362.524 9        -3.729 9        57.796 9  23770039.099 9 124912362.524 9        -3.729 9        57.796 9
E03                                                                  25039794.210 9 131584964.626 9      1946.495 9        57.344 9  25039794.210 9 131584964.626 9      1946.495 9        57.344 9
> 2026 02 03 10 01 21.0000000  0 18       0.000000000000
G02  20304830.590 9 106702583.889 9      -389.921 9        56.052 9                                                                  20304830.590 8 106702583.889 8      -389.921 8        53.052 8
G09  25278522.872 9 132839474.522 9     -2814.142 9        54.149 9                                                                  25278522.872 8 132839474.522 8     -2814.142 8        51.149 8
G13  25226360.058 9 132565347.367 9      1220.270 9        54.167 9                                                                  25226360.058 8 132565347.367 8      1220.270 8        51.167 8
G29  24877347.765 9 130731297.357 9      3071.013 9        54.288 9                                                                  24877347.765 8 130731297.357 8      3071.013 8        51.288 8
G10  22360290.011 9 117504082.146 9      3242.163 9        55.215 9                                                                  22360290.011 8 117504082.146 8      3242.163 8        52.215 8
G12  20802282.493 9 109316709.619 9       165.162 9        55.842 9                                                                  20802282.493 8 109316709.619 8       165.162 8        52.842 8
G17  24702737.066 9 129813692.471 9     -2953.176 9        54.349 9                                                                  24702737.066 8 129813692.471 8     -2953.176 8        51.349 8
G24  24339443.436 9 127904590.152 9      3055.129 9        54.478 9                                                                  24339443.436 8 127904590.152 8      3055.129 8        51.478 8
G30  22580815.050 9 118662951.818 9      2321.459 9        55.129 9                                                                  22580815.050 8 118662951.818 8      2321.459 8        52.129 8
G05  21258774.867 9 111715591.249 9       664.213 9        55.653 9                                                                  21258774.867 8 111715591.249 8       664.213 8        52.653 8
G04  21957373.154 9 115386744.176 9     -2478.986 9        55.372 9                                                                  21957373.154 8 115386744.176 8     -2478.986 8        52.372 8
E04                                                                  23384203.146 9 122884783.776 9      -154.816 9        57.938 9  23384203.146 9 122884783.776 9      -154.816 9        57.938 9
E05                                                                  26141150.895 9 137372611.432 9     -2060.223 9        56.970 9  26141150.895 9 137372611.432 9     -2060.223 9        56.970 9
E11                                                                  26670416.211 9 140153919.199 9     -2412.007 9        56.796 9  26670416.211 9 140153919.199 9     -2412.007 9        56.796 9
E20                                                                  27871258.710 9 146464374.526 9     -1681.103 9        56.413 9  27871258.710 9 146464374.526 9     -1681.103 9        56.413 9
E09                                                                  24995027.137 9 131349704.691 9      2568.038 9        57.359 9  24995027.137 9 131349704.691 9      2568.038 9        57.359 9
E10                                                                  23770039.853 9 124912366.489 9        -4.200 9        57.796 9  23770039.853 9 124912366.489 9        -4.200 9        57.796 9
E03                                                                  25039423.812 9 131583018.176 9      1946.407 9        57.344 9  25039423.812 9 131583018.176 9      1946.407 9        57.344 9
> 2026 02 03 10 01 22.0000000  0 18       0.000000000000
G02  20304904.827 9 106702974.007 9      -390.315 9        56.052 9                                                                  20304904.827 8 106702974.007 8      -390.315 8        53.052 8
G09  25279058.381 9 132842288.631 9     -2814.089 9        54.149 9                                                                  25279058.381 8 132842288.631 8     -2814.089 8        51.149 8
G13  25226127.891 9 132564127.328 9      1219.818 9        54.167 9                                                                  25226127.891 8 132564127.328 8      1219.818 8        51.167 8
G29  24876763.367 9 130728226.329 9      3071.039 9        54.288 9                                                                  24876763.367 8 130728226.329 8      3071.039 8        51.288 8
G10  22359673.078 9 117500840.145 9      3241.847 9        55.215 9                                                                  22359673.078 8 117500840.145 8      3241.847 8        52.215 8
G12  20802251.127 9 109316544.788 9       164.498 9        55.842 9                                                                  20802251.127 8 109316544.788 8       164.498 8        52.842 8
G17  24703299.048 9 129816645.693 9     -2953.301 9        54.349 9                                                                  24703299.048 8 129816645.693 8     -2953.301 8        51.349 8
G24  24338862.079 9 127901535.105 9      3054.965 9        54.478 9                                                                  24338862.079 8 127901535.105 8      3054.965 8        51.478 8
G30  22580373.337 9 118660630.602 9      2320.973 9        55.129 9                                                                  22580373.337 8 118660630.602 8      2320.973 8        52.129 8
G05  21258648.534 9 111714927.363 9       663.557 9        55.653 9                                                                  21258648.534 8 111714927.363 8       663.557 8        52.653 8
G04  21957844.906 9 115389223.249 9     -2479.173 9        55.372 9                                                                  21957844.906 8 115389223.249 8     -2479.173 8        52.372 8
E04                                                                  23384232.630 9 122884938.716 9      -155.064 9        57.938 9  23384232.630 9 122884938.716 9      -155.064 9        57.938 9
E05                                                                  26141542.958 9 137374671.731 9     -2060.393 9        56.970 9  26141542.958 9 137374671.731 9     -2060.393 9        56.970 9
E11                                                                  26670875.223 9 140156331.319 9     -2412.252 9        56.796 9  26670875.223 9 140156331.319 9     -2412.252 9        56.796 9
E20                                                                  27871578.642 9 146466055.777 9     -1681.411 9        56.413 9  27871578.642 9 146466055.777 9     -1681.411 9        56.413 9
E09                                                                  24994538.482 9 131347136.796 9      2567.762 9        57.360 9  24994538.482 9 131347136.796 9      2567.762 9        57.360 9
E10                                                                  23770040.697 9 124912370.924 9        -4.670 9        57.796 9  23770040.697 9 124912370.924 9        -4.670 9        57.796 9
E03                                                                  25039053.431 9 131581071.814 9      1946.318 9        57.344 9  25039053.431 9 131581071.814 9      1946.318 9        57.344 9
> 2026 02 03 10 01 23.0000000  0 18       0.000000000000
G02  20304979.139 9 106703364.518 9      -390.709 9        56.052 9                                                                  20304979.139 8 106703364.518 8      -390.709 8        53.052 8
G09  25279593.880 9 132845102.687 9     -2814.037 9        54.149 9                                                                  25279593.880 8 132845102.687 8     -2814.037 8        51.149 8
G13  25225895.811 9 132562907.741 9      1219.366 9        54.167 9                                                                  25225895.811 8 132562907.741 8      1219.366 8        51.167 8
G29  24876178.965 9 130725155.276 9      3071.065 9        54.288 9                                                                  24876178.965 8 130725155.276 8      3071.065 8        51.288 8
G10  22359056.205 9 117497598.460 9      3241.531 9        55.215 9                                                                  22359056.205 8 117497598.460 8      3241.531 8        52.215 8
G12  20802219.887 9 109316380.620 9       163.834 9        55.842 9                                                                  20802219.887 8 109316380.620 8       163.834 8        52.842 8
G17  24703861.053 9 129819599.040 9     -2953.426 9        54.349 9                                                                  24703861.053 8 129819599.040 8     -2953.426 8        51.349 8
G24  24338280.754 9 127898480.223 9      3054.801 9        54.478 9                                                                  24338280.754 8 127898480.223 8      3054.801 8        51.478 8
G30  22579931.716 9 118658309.873 9      2320.487 9        55.130 9                                                                  22579931.716 8 118658309.873 8      2320.487 8        52.130 8
G05  21258522.325 9 111714264.134 9       662.900 9        55.653 9                                                                  21258522.325 8 111714264.134 8       662.900 8        52.653 8
G04  21958316.695 9 115391702.509 9     -2479.360 9        55.372 9                                                                  21958316.695 8 115391702.509 8     -2479.360 8        52.372 8
E04                                                                  23384262.161 9 122885093.903 9      -155.312 9        57.938 9  23384262.161 9 122885093.903 9      -155.312 9        57.938 9
E05                                                                  26141935.054 9 137376732.200 9     -2060.564 9        56.970 9  26141935.054 9 137376732.200 9     -2060.564 9        56.970 9
E11                                                                  26671334.283 9 140158743.684 9     -2412.498 9        56.796 9  26671334.283 9 140158743.684 9     -2412.498 9        56.796 9
E20                                                                  27871898.634 9 146467737.335 9     -1681.719 9        56.413 9  27871898.634 9 146467737.335 9     -1681.719 9        56.413 9
E09                                                                  24994049.879 9 131344569.178 9      2567.485 9        57.360 9  24994049.879 9 131344569.178 9      2567.485 9        57.360 9
E10                                                                  23770041.631 9 124912375.830 9        -5.141 9        57.796 9  23770041.631 9 124912375.830 9        -5.141 9        57.796 9
E03                                                                  25038683.068 9 131579125.542 9      1946.229 9        57.344 9  25038683.068 9 131579125.542 9      1946.229 9        57.344 9
> 2026 02 03 10 01 24.0000000  0 18       0.000000000000
G02  20305053.526 9 106703755.423 9      -391.103 9        56.052 9                                                                  20305053.526 8 106703755.423 8      -391.103 8        53.052 8
G09  25280129.369 9 132847916.691 9     -2813.984 9        54.148 9                                                                  25280129.369 8 132847916.691 8     -2813.984 8        51.148 8
G13  25225663.816 9 132561688.606 9      1218.914 9        54.167 9                                                                  25225663.816 8 132561688.606 8      1218.914 8        51.167 8
G29  24875594.557 9 130722084.196 9      3071.091 9        54.289 9                                                                  24875594.557 8 130722084.196 8      3071.091 8        51.289 8
G10  22358439.392 9 117494357.091 9      3241.215 9        55.215 9                                                                  22358439.392 8 117494357.091 8      3241.215 8        52.215 8
G12  20802188.774 9 109316217.117 9       163.171 9        55.842 9                                                                  20802188.774 8 109316217.117 8       163.171 8        52.842 8
G17  24704423.083 9 129822552.512 9     -2953.551 9        54.349 9                                                                  24704423.083 8 129822552.512 8     -2953.551 8        51.349 8
G24  24337699.459 9 127895425.504 9      3054.637 9        54.478 9                                                                  24337699.459 8 127895425.504 8      3054.637 8        51.478 8
G30  22579490.188 9 118655989.629 9      2320.001 9        55.130 9                                                                  22579490.188 8 118655989.629 8      2320.001 8        52.130 8
G05  21258396.242 9 111713601.561 9       662.244 9        55.653 9                                                                  21258396.242 8 111713601.561 8       662.244 8        52.653 8
G04  21958788.519 9 115394181.956 9     -2479.547 9        55.372 9                                                                  21958788.519 8 115394181.956 8     -2479.547 8        52.372 8
E04                                                                  23384291.739 9 122885249.338 9      -155.560 9        57.938 9  23384291.739 9 122885249.338 9      -155.560 9        57.938 9
E05                                                                  26142327.182 9 137378792.839 9     -2060.734 9        56.970 9  26142327.182 9 137378792.839 9     -2060.734 9        56.970 9
E11                                                                  26671793.389 9 140161156.296 9     -2412.743 9        56.795 9  26671793.389 9 140161156.296 9     -2412.743 9        56.795 9
E20                                                                  27872218.684 9 146469419.201 9     -1682.026 9        56.413 9  27872218.684 9 146469419.201 9     -1682.026 9        56.413 9
E09                                                                  24993561.329 9 131342001.836 9      2567.209 9        57.360 9  24993561.329 9 131342001.836 9      2567.209 9        57.360 9
E10                                                                  23770042.654 9 124912381.207 9        -5.612 9        57.796 9  23770042.654 9 124912381.207 9        -5.612 9        57.796 9
E03                                                                  25038312.721 9 131577179.359 9      1946.140 9        57.344 9  25038312.721 9 131577179.359 9      1946.140 9        57.344 9
> 2026 02 03 10 01 25.0000000  0 18       0.000000000000
G02  20305127.987 9 106704146.722 9      -391.497 9        56.052 9                                                                  20305127.987 8 106704146.722 8      -391.497 8        53.052 8
G09  25280664.848 9 132850730.642 9     -2813.931 9        54.148 9                                                                  25280664.848 8 132850730.642 8     -2813.931 8        51.148 8
G13  25225431.908 9 132560469.923 9      1218.462 9        54.167 9                                                                  25225431.908 8 132560469.923 8      1218.462 8        51.167 8
G29  24875010.145 9 130719013.091 9      3071.117 9        54.289 9                                                                  24875010.145 8 130719013.091 8      3071.117 8        51.289 8
G10  22357822.640 9 117491116.038 9      3240.899 9        55.215 9                                                                  22357822.640 8 117491116.038 8      3240.899 8        52.215 8
G12  20802157.787 9 109316054.277 9       162.507 9        55.842 9                                                                  20802157.787 8 109316054.277 8       162.507 8        52.842 8
G17  24704985.136 9 129825506.109 9     -2953.676 9        54.348 9                                                                  24704985.136 8 129825506.109 8     -2953.676 8        51.348 8
G24  24337118.196 9 127892370.949 9      3054.473 9        54.479 9                                                                  24337118.196 8 127892370.949 8      3054.473 8        51.479 8
G30  22579048.753 9 118653669.872 9      2319.514 9        55.130 9                                                                  22579048.753 8 118653669.872 8      2319.514 8        52.130 8
G05  21258270.283 9 111712939.644 9       661.588 9        55.653 9                                                                  21258270.283 8 111712939.644 8       661.588 8        52.653 8
G04  21959260.378 9 115396661.590 9     -2479.733 9        55.372 9                                                                  21959260.378 8 115396661.590 8     -2479.733 8        52.372 8
E04                                                                  23384321.365 9 122885405.022 9      -155.808 9        57.938 9  23384321.365 9 122885405.022 9      -155.808 9        57.938 9
E05                                                                  26142719.342 9 137380853.648 9     -2060.904 9        56.969 9  26142719.342 9 137380853.648 9     -2060.904 9        56.969 9
E11                                                                  26672252.542 9 140163569.152 9     -2412.989 9        56.795 9  26672252.542 9 140163569.152 9     -2412.989 9        56.795 9
E20                                                                  27872538.793 9 146471101.375 9     -1682.334 9        56.413 9  27872538.793 9 146471101.375 9     -1682.334 9        56.413 9
E09                                                                  24993072.832 9 131339434.771 9      2566.932 9        57.360 9  24993072.832 9 131339434.771 9      2566.932 9        57.360 9
E10                                                                  23770043.767 9 124912387.054 9        -6.083 9        57.796 9  23770043.767 9 124912387.054 9        -6.083 9        57.796 9
E03                                                                  25037942.391 9 131575233.264 9      1946.051 9        57.344 9  25037942.391 9 131575233.264 9      1946.051 9        57.344 9
> 2026 02 03 10 01 26.0000000  0 18       0.000000000000
G02  20305202.524 9 106704538.415 9      -391.891 9        56.052 9                                                                  20305202.524 8 106704538.415 8      -391.891 8        53.052 8
G09  25281200.316 9 132853544.540 9     -2813.878 9        54.148 9                                                                  25281200.316 8 132853544.540 8     -2813.878 8        51.148 8
G13  25225200.085 9 132559251.693 9      1218.010 9        54.167 9                                                                  25225200.085 8 132559251.693 8      1218.010 8        51.167 8
G29  24874425.728 9 130715941.959 9      3071.143 9        54.289 9                                                                  24874425.728 8 130715941.959 8      3071.143 8        51.289 8
G10  22357205.947 9 117487875.301 9      3240.583 9        55.216 9                                                                  22357205.947 8 117487875.301 8      3240.583 8        52.216 8
G12  20802126.926 9 109315892.102 9       161.843 9        55.842 9                                                                  20802126.926 8 109315892.102 8       161.843 8        52.842 8
G17  24705547.213 9 129828459.831 9     -2953.801 9        54.348 9                                                                  24705547.213 8 129828459.831 8     -2953.801 8        51.348 8
G24  24336536.964 9 127889316.558 9      3054.309 9        54.479 9                                                                  24336536.964 8 127889316.558 8      3054.309 8        51.479 8
G30  22578607.410 9 118651350.600 9      2319.028 9        55.130 9                                                                  22578607.410 8 118651350.600 8      2319.028 8        52.130 8
G05  21258144.450 9 111712278.383 9       660.932 9        55.654 9                                                                  21258144.450 8 111712278.383 8       660.932 8        52.654 8
G04  21959732.273 9 115399141.410 9     -2479.920 9        55.372 9                                                                  21959732.273 8 115399141.410 8     -2479.920 8        52.372 8
E04                                                                  23384351.038 9 122885560.953 9      -156.056 9        57.938 9  23384351.038 9 122885560.953 9      -156.056 9        57.938 9
E05                                                                  26143111.535 9 137382914.628 9     -2061.075 9        56.969 9  26143111.535 9 137382914.628 9     -2061.075 9        56.969 9
E11                                                                  26672711.741 9 140165982.254 9     -2413.234 9        56.795 9  26672711.741 9 140165982.254 9     -2413.234 9        56.795 9
E20                                                                  27872858.960 9 146472783.856 9     -1682.642 9        56.413 9  27872858.960 9 146472783.856 9     -1682.642 9        56.413 9
E09                                                                  24992584.387 9 131336867.982 9      2566.655 9        57.360 9  24992584.387 9 131336867.982 9      2566.655 9        57.360 9
E10                                                                  23770044.969 9 124912393.372 9        -6.553 9        57.796 9  23770044.969 9 124912393.372 9        -6.553 9        57.796 9
E03                                                                  25037572.078 9 131573287.259 9      1945.962 9        57.345 9  25037572.078 9 131573287.259 9      1945.962 9        57.345 9
> 2026 02 03 10 01 27.0000000  0 18       0.000000000000
G02  20305277.136 9 106704930.501 9      -392.284 9        56.052 9                                                                  20305277.136 8 106704930.501 8      -392.284 8        53.052 8
G09  25281735.775 9 132856358.385 9     -2813.825 9        54.148 9                                                                  25281735.775 8 132856358.385 8     -2813.825 8        51.148 8
G13  25224968.349 9 132558033.914 9      1217.558 9        54.167 9                                                                  25224968.349 8 132558033.914 8      1217.558 8        51.167 8
G29  24873841.306 9 130712870.802 9      3071.169 9        54.289 9                                                                  24873841.306 8 130712870.802 8      3071.169 8        51.289 8
G10  22356589.315 9 117484634.881 9      3240.267 9        55.216 9                                                                  22356589.315 8 117484634.881 8      3240.267 8        52.216 8
G12  20802096.191 9 109315730.590 9       161.179 9        55.842 9                                                                  20802096.191 8 109315730.590 8       161.179 8        52.842 8
G17  24706109.314 9 129831413.678 9     -2953.925 9        54.348 9                                                                  24706109.314 8 129831413.678 8     -2953.925 8        51.348 8
G24  24335955.764 9 127886262.332 9      3054.145 9        54.479 9                                                                  24335955.764 8 127886262.332 8      3054.145 8        51.479 8
G30  22578166.160 9 118649031.816 9      2318.541 9        55.130 9                                                                  22578166.160 8 118649031.816 8      2318.541 8        52.130 8
G05  21258018.741 9 111711617.779 9       660.275 9        55.654 9                                                                  21258018.741 8 111711617.779 8       660.275 8        52.654 8
G04  21960204.204 9 115401621.417 9     -2480.107 9        55.371 9                                                                  21960204.204 8 115401621.417 8     -2480.107 8        52.371 8
E04                                                                  23384380.758 9 122885717.132 9      -156.304 9        57.938 9  23384380.758 9 122885717.132 9      -156.304 9        57.938 9
E05                                                                  26143503.760 9 137384975.778 9     -2061.245 9        56.969 9  26143503.760 9 137384975.778 9     -2061.245 9        56.969 9
E11                                                                  26673170.987 9 140168395.602 9     -2413.479 9        56.795 9  26673170.987 9 140168395.602 9     -2413.479 9        56.795 9
E20                                                                  27873179.185 9 146474466.645 9     -1682.949 9        56.413 9  27873179.185 9 146474466.645 9     -1682.949 9        56.413 9
E09                                                                  24992095.995 9 131334301.470 9      2566.379 9        57.360 9  24992095.995 9 131334301.470 9      2566.379 9        57.360 9
E10                                                                  23770046.261 9 124912400.161 9        -7.024 9        57.796 9  23770046.261 9 124912400.161 9        -7.024 9        57.796 9
E03                                                                  25037201.782 9 131571341.343 9      1945.872 9        57.345 9  25037201.782 9 131571341.343 9      1945.872 9        57.345 9
> 2026 02 03 10 01 28.0000000  0 18       0.000000000000
G02  20305351.823 9 106705322.982 9      -392.678 9        56.052 9                                                                  20305351.823 8 106705322.982 8      -392.678 8        53.052 8
G09  25282271.224 9 132859172.178 9     -2813.772 9        54.148 9                                                                  25282271.224 8 132859172.178 8     -2813.772 8        51.148 8
G13  25224736.699 9 132556816.588 9      1217.106 9        54.168 9                                                                  25224736.699 8 132556816.588 8      1217.106 8        51.168 8
G29  24873256.878 9 130709799.619 9      3071.195 9        54.289 9                                                                  24873256.878 8 130709799.619 8      3071.195 8        51.289 8
G10  22355972.743 9 117481394.776 9      3239.951 9        55.216 9                                                                  22355972.743 8 117481394.776 8      3239.951 8        52.216 8
G12  20802065.583 9 109315569.743 9       160.515 9        55.842 9                                                                  20802065.583 8 109315569.743 8       160.515 8        52.842 8
G17  24706671.438 9 129834367.650 9     -2954.050 9        54.348 9                                                                  24706671.438 8 129834367.650 8     -2954.050 8        51.348 8
G24  24335374.594 9 127883208.269 9      3053.981 9        54.479 9                                                                  24335374.594 8 127883208.269 8      3053.981 8        51.479 8
G30  22577725.002 9 118646713.517 9      2318.055 9        55.130 9                                                                  22577725.002 8 118646713.517 8      2318.055 8        52.130 8
G05  21257893.157 9 111710957.831 9       659.619 9        55.654 9                                                                  21257893.157 8 111710957.831 8       659.619 8        52.654 8
G04  21960676.170 9 115404101.610 9     -2480.293 9        55.371 9                                                                  21960676.170 8 115404101.610 8     -2480.293 8        52.371 8
E04                                                                  23384410.525 9 122885873.560 9      -156.552 9        57.938 9  23384410.525 9 122885873.560 9      -156.552 9        57.938 9
E05                                                                  26143896.018 9 137387037.099 9     -2061.415 9        56.969 9  26143896.018 9 137387037.099 9     -2061.415 9        56.969 9
E11                                                                  26673630.280 9 140170809.195 9     -2413.725 9        56.795 9  26673630.280 9 140170809.195 9     -2413.725 9        56.795 9
E20                                                                  27873499.470 9 146476149.741 9     -1683.257 9        56.413 9  27873499.470 9 146476149.741 9     -1683.257 9        56.413 9
E09                                                                  24991607.656 9 131331735.235 9      2566.102 9        57.361 9  24991607.656 9 131331735.235 9      2566.102 9        57.361 9
E10                                                                  23770047.642 9 124912407.420 9        -7.495 9        57.796 9  23770047.642 9 124912407.420 9        -7.495 9        57.796 9
E03                                                                  25036831.503 9 131569395.516 9      1945.783 9        57.345 9  25036831.503 9 131569395.516 9      1945.783 9        57.345 9
> 2026 02 03 10 01 29.0000000  0 18       0.000000000000
G02  20305426.584 9 106705715.856 9      -393.072 9        56.052 9                                                                  20305426.584 8 106705715.856 8      -393.072 8        53.052 8
G09  25282806.662 9 132861985.917 9     -2813.719 9        54.148 9                                                                  25282806.662 8 132861985.917 8     -2813.719 8        51.148 8
G13  25224505.135 9 132555599.714 9      1216.653 9        54.168 9                                                                  25224505.135 8 132555599.714 8      1216.653 8        51.168 8
G29  24872672.446 9 130706728.409 9      3071.221 9        54.290 9                                                                  24872672.446 8 130706728.409 8      3071.221 8        51.290 8
G10  22355356.231 9 117478154.988 9      3239.634 9        55.216 9                                                                  22355356.231 8 117478154.988 8      3239.634 8        52.216 8
G12  20802035.101 9 109315409.559 9       159.851 9        55.842 9                                                                  20802035.101 8 109315409.559 8       159.851 8        52.842 8
G17  24707233.587 9 129837321.746 9     -2954.175 9        54.348 9                                                                  24707233.587 8 129837321.746 8     -2954.175 8        51.348 8
G24  24334793.456 9 127880154.371 9      3053.816 9        54.480 9                                                                  24334793.456 8 127880154.371 8      3053.816 8        51.480 8
G30  22577283.937 9 118644395.706 9      2317.568 9        55.131 9                                                                  22577283.937 8 118644395.706 8      2317.568 8        52.131 8
G05  21257767.698 9 111710298.540 9       658.963 9        55.654 9                                                                  21257767.698 8 111710298.540 8       658.963 8        52.654 8
G04  21961148.171 9 115406581.990 9     -2480.480 9        55.371 9                                                                  21961148.171 8 115406581.990 8     -2480.480 8        52.371 8
E04                                                                  23384440.340 9 122886030.236 9      -156.801 9        57.938 9  23384440.340 9 122886030.236 9      -156.801 9        57.938 9
E05                                                                  26144288.308 9 137389098.589 9     -2061.585 9        56.969 9  26144288.308 9 137389098.589 9     -2061.585 9        56.969 9
E11                                                                  26674089.620 9 140173223.032 9     -2413.970 9        56.795 9  26674089.620 9 140173223.032 9     -2413.970 9        56.795 9
E20                                                                  27873819.812 9 146477833.145 9     -1683.564 9        56.413 9  27873819.812 9 146477833.145 9     -1683.564 9        56.413 9
E09                                                                  24991119.369 9 131329169.276 9      2565.825 9        57.361 9  24991119.369 9 131329169.276 9      2565.825 9        57.361 9
E10                                                                  23770049.113 9 124912415.150 9        -7.965 9        57.796 9  23770049.113 9 124912415.150 9        -7.965 9        57.796 9
E03                                                                  25036461.241 9 131567449.778 9      1945.694 9        57.345 9  25036461.241 9 131567449.778 9      1945.694 9        57.345 9
> 2026 02 03 10 01 30.0000000  0 18       0.000000000000
G02  20305501.421 9 106706109.123 9      -393.465 9        56.052 9                                                                  20305501.421 8 106706109.123 8      -393.465 8        53.052 8
G09  25283342.091 9 132864799.602 9     -2813.666 9        54.147 9                                                                  25283342.091 8 132864799.602 8     -2813.666 8        51.147 8
G13  25224273.656 9 132554383.293 9      1216.201 9        54.168 9                                                                  25224273.656 8 132554383.293 8      1216.201 8        51.168 8
G29  24872088.009 9 130703657.174 9      3071.247 9        54.290 9                                                                  24872088.009 8 130703657.174 8      3071.247 8        51.290 8
G10  22354739.779 9 117474915.516 9      3239.318 9        55.217 9                                                                  22354739.779 8 117474915.516 8      3239.318 8        52.217 8
G12  20802004.746 9 109315250.039 9       159.187 9        55.842 9                                                                  20802004.746 8 109315250.039 8       159.187 8        52.842 8
G17  24707795.759 9 129840275.968 9     -2954.300 9        54.347 9                                                                  24707795.759 8 129840275.968 8     -2954.300 8        51.347 8
G24  24334212.349 9 127877100.637 9      3053.652 9        54.480 9                                                                  24334212.349 8 127877100.637 8      3053.652 8        51.480 8
G30  22576842.964 9 118642078.380 9      2317.082 9        55.131 9                                                                  22576842.964 8 118642078.380 8      2317.082 8        52.131 8
G05  21257642.364 9 111709639.905 9       658.306 9        55.654 9                                                                  21257642.364 8 111709639.905 8       658.306 8        52.654 8
G04  21961620.208 9 115409062.557 9     -2480.666 9        55.371 9                                                                  21961620.208 8 115409062.557 8     -2480.666 8        52.371 8
E04                                                                  23384470.202 9 122886187.160 9      -157.049 9        57.938 9  23384470.202 9 122886187.160 9      -157.049 9        57.938 9
E05                                                                  26144680.631 9 137391160.250 9     -2061.756 9        56.969 9  26144680.631 9 137391160.250 9     -2061.756 9        56.969 9
E11                                                                  26674549.006 9 140175637.115 9     -2414.215 9        56.795 9  26674549.006 9 140175637.115 9     -2414.215 9        56.795 9
E20                                                                  27874140.213 9 146479516.856 9     -1683.871 9        56.412 9  27874140.213 9 146479516.856 9     -1683.871 9        56.412 9
E09                                                                  24990631.135 9 131326603.595 9      2565.548 9        57.361 9  24990631.135 9 131326603.595 9      2565.548 9        57.361 9
E10                                                                  23770050.674 9 124912423.351 9        -8.436 9        57.796 9  23770050.674 9 124912423.351 9        -8.436 9        57.796 9
E03                                                                  25036090.996 9 131565504.129 9      1945.605 9        57.345 9  25036090.996 9 131565504.129 9      1945.605 9        57.345 9
> 2026 02 03 10 01 31.0000000  0 18       0.000000000000
G02  20305576.332 9 106706502.785 9      -393.859 9        56.052 9                                                                  20305576.332 8 106706502.785 8      -393.859 8        53.052 8
G09  25283877.509 9 132867613.235 9     -2813.612 9        54.147 9                                                                  25283877.509 8 132867613.235 8     -2813.612 8        51.147 8
G13  25224042.264 9 132553167.324 9      1215.748 9        54.168 9                                                                  25224042.264 8 132553167.324 8      1215.748 8        51.168 8
G29  24871503.567 9 130700585.913 9      3071.273 9        54.290 9                                                                  24871503.567 8 130700585.913 8      3071.273 8        51.290 8
G10  22354123.387 9 117471676.361 9      3239.001 9        55.217 9                                                                  22354123.387 8 117471676.361 8      3239.001 8        52.217 8
G12  20801974.517 9 109315091.184 9       158.523 9        55.842 9                                                                  20801974.517 8 109315091.184 8       158.523 8        52.842 8
G17  24708357.955 9 129843230.314 9     -2954.425 9        54.347 9                                                                  24708357.955 8 129843230.314 8     -2954.425 8        51.347 8
G24  24333631.273 9 127874047.067 9      3053.488 9        54.480 9                                                                  24333631.273 8 127874047.067 8      3053.488 8        51.480 8
G30  22576402.084 9 118639761.542 9      2316.595 9        55.131 9                                                                  22576402.084 8 118639761.542 8      2316.595 8        52.131 8
G05  21257517.155 9 111708981.926 9       657.650 9        55.654 9                                                                  21257517.155 8 111708981.926 8       657.650 8        52.654 8
G04  21962092.281 9 115411543.310 9     -2480.852 9        55.371 9                                                                  21962092.281 8 115411543.310 8     -2480.852 8        52.371 8
E04                                                                  23384500.111 9 122886344.332 9      -157.297 9        57.938 9  23384500.111 9 122886344.332 9      -157.297 9        57.938 9
E05                                                                  26145072.986 9 137393222.081 9     -2061.926 9        56.969 9  26145072.986 9 137393222.081 9     -2061.926 9        56.969 9
E11                                                                  26675008.439 9 140178051.444 9     -2414.460 9        56.794 9  26675008.439 9 140178051.444 9     -2414.460 9        56.794 9
E20                                                                  27874460.673 9 146481200.875 9     -1684.178 9        56.412 9  27874460.673 9 146481200.875 9     -1684.178 9        56.412 9
E09                                                                  24990142.954 9 131324038.190 9      2565.271 9        57.361 9  24990142.954 9 131324038.190 9      2565.271 9        57.361 9
E10                                                                  23770052.324 9 124912432.022 9        -8.906 9        57.796 9  23770052.324 9 124912432.022 9        -8.906 9        57.796 9
E03                                                                  25035720.768 9 131563558.569 9      1945.516 9        57.345 9  25035720.768 9 131563558.569 9      1945.516 9        57.345 9
> 2026 02 03 10 01 32.0000000  0 18       0.000000000000
G02  20305651.319 9 106706896.840 9      -394.253 9        56.052 9                                                                  20305651.319 8 106706896.840 8      -394.253 8        53.052 8
G09  25284412.917 9 132870426.814 9     -2813.559 9        54.147 9                                                                  25284412.917 8 132870426.814 8     -2813.559 8        51.147 8
G13  25223810.959 9 132551951.808 9      1215.295 9        54.168 9                                                                  25223810.959 8 132551951.808 8      1215.295 8        51.168 8
G29  24870919.120 9 130697514.626 9      3071.299 9        54.290 9                                                                  24870919.120 8 130697514.626 8      3071.299 8        51.290 8
G10  22353507.056 9 117468437.522 9      3238.685 9        55.217 9                                                                  22353507.056 8 117468437.522 8      3238.685 8        52.217 8
G12  20801944.414 9 109314932.992 9       157.859 9        55.842 9                                                                  20801944.414 8 109314932.992 8       157.859 8        52.842 8
G17  24708920.174 9 129846184.785 9     -2954.549 9        54.347 9                                                                  24708920.174 8 129846184.785 8     -2954.549 8        51.347 8
G24  24333050.229 9 127870993.661 9      3053.324 9        54.480 9                                                                  24333050.229 8 127870993.661 8      3053.324 8        51.480 8
G30  22575961.296 9 118637445.190 9      2316.108 9        55.131 9                                                                  22575961.296 8 118637445.190 8      2316.108 8        52.131 8
G05  21257392.071 9 111708324.603 9       656.993 9        55.654 9                                                                  21257392.071 8 111708324.603 8       656.993 8        52.654 8
G04  21962564.389 9 115414024.249 9     -2481.039 9        55.370 9                                                                  21962564.389 8 115414024.249 8     -2481.039 8        52.370 8
E04                                                                  23384530.067 9 122886501.752 9      -157.545 9        57.938 9  23384530.067 9 122886501.752 9      -157.545 9        57.938 9
E05                                                                  26145465.373 9 137395284.082 9     -2062.096 9        56.969 9  26145465.373 9 137395284.082 9     -2062.096 9        56.969 9
E11                                                                  26675467.918 9 140180466.017 9     -2414.705 9        56.794 9  26675467.918 9 140180466.017 9     -2414.705 9        56.794 9
E20                                                                  27874781.191 9 146482885.200 9     -1684.486 9        56.412 9  27874781.191 9 146482885.200 9     -1684.486 9        56.412 9
E09                                                                  24989654.826 9 131321473.062 9      2564.994 9        57.361 9  24989654.826 9 131321473.062 9      2564.994 9        57.361 9
E10                                                                  23770054.063 9 124912441.164 9        -9.377 9        57.796 9  23770054.063 9 124912441.164 9        -9.377 9        57.796 9
E03                                                                  25035350.557 9 131561613.099 9      1945.426 9        57.345 9  25035350.557 9 131561613.099 9      1945.426 9        57.345 9
> 2026 02 03 10 01 33.0000000  0 18       0.000000000000
G02  20305726.380 9 106707291.288 9      -394.646 9        56.052 9                                                                  20305726.380 8 106707291.288 8      -394.646 8        53.052 8
G09  25284948.315 9 132873240.339 9     -2813.505 9        54.147 9                                                                  25284948.315 8 132873240.339 8     -2813.505 8        51.147 8
G13  25223579.739 9 132550736.744 9      1214.843 9        54.168 9                                                                  25223579.739 8 132550736.744 8      1214.843 8        51.168 8
G29  24870334.669 9 130694443.314 9      3071.324 9        54.290 9                                                                  24870334.669 8 130694443.314 8      3071.324 8        51.290 8
G10  22352890.785 9 117465199.000 9      3238.368 9        55.217 9                                                                  22352890.785 8 117465199.000 8      3238.368 8        52.217 8
G12  20801914.438 9 109314775.465 9       157.194 9        55.842 9                                                                  20801914.438 8 109314775.465 8       157.194 8        52.842 8
G17  24709482.417 9 129849139.380 9     -2954.674 9        54.347 9                                                                  24709482.417 8 129849139.380 8     -2954.674 8        51.347 8
G24  24332469.216 9 127867940.420 9      3053.160 9        54.480 9                                                                  24332469.216 8 127867940.420 8      3053.160 8        51.480 8
G30  22575520.602 9 118635129.325 9      2315.621 9        55.131 9                                                                  22575520.602 8 118635129.325 8      2315.621 8        52.131 8
G05  21257267.112 9 111707667.938 9       656.337 9        55.654 9                                                                  21257267.112 8 111707667.938 8       656.337 8        52.654 8
G04  21963036.532 9 115416505.374 9     -2481.225 9        55.370 9                                                                  21963036.532 8 115416505.374 8     -2481.225 8        52.370 8
E04                                                                  23384560.070 9 122886659.421 9      -157.793 9        57.938 9  23384560.070 9 122886659.421 9      -157.793 9        57.938 9
E05                                                                  26145857.792 9 137397346.254 9     -2062.266 9        56.968 9  26145857.792 9 137397346.254 9     -2062.266 9        56.968 9
E11                                                                  26675927.444 9 140182880.835 9     -2414.950 9        56.794 9  26675927.444 9 140182880.835 9     -2414.950 9        56.794 9
E20                                                                  27875101.768 9 146484569.833 9     -1684.793 9        56.412 9  27875101.768 9 146484569.833 9     -1684.793 9        56.412 9
E09                                                                  24989166.750 9 131318908.212 9      2564.717 9        57.361 9  24989166.750 9 131318908.212 9      2564.717 9        57.361 9
E10                                                                  23770055.892 9 124912450.776 9        -9.848 9        57.796 9  23770055.892 9 124912450.776 9        -9.848 9        57.796 9
E03                                                                  25034980.363 9 131559667.718 9      1945.337 9        57.346 9  25034980.363 9 131559667.718 9      1945.337 9        57.346 9
> 2026 02 03 10 01 34.0000000  0 18       0.000000000000
G02  20305801.516 9 106707686.130 9      -395.040 9        56.052 9                                                                  20305801.516 8 106707686.130 8      -395.040 8        53.052 8
G09  25285483.702 9 132876053.811 9     -2813.452 9        54.147 9                                                                  25285483.702 8 132876053.811 8     -2813.452 8        51.147 8
G13  25223348.605 9 132549522.133 9      1214.390 9        54.168 9                                                                  25223348.605 8 132549522.133 8      1214.390 8        51.168 8
G29  24869750.212 9 130691371.976 9      3071.350 9        54.291 9                                                                  24869750.212 8 130691371.976 8      3071.350 8        51.291 8
G10  22352274.574 9 117461960.795 9      3238.051 9        55.218 9                                                                  22352274.574 8 117461960.795 8      3238.051 8        52.218 8
G12  20801884.588 9 109314618.602 9       156.530 9        55.842 9                                                                  20801884.588 8 109314618.602 8       156.530 8        52.842 8
G17  24710044.685 9 129852094.101 9     -2954.799 9        54.347 9                                                                  24710044.685 8 129852094.101 8     -2954.799 8        51.347 8
G24  24331888.234 9 127864887.343 9      3052.995 9        54.481 9                                                                  24331888.234 8 127864887.343 8      3052.995 8        51.481 8
G30  22575080.000 9 118632813.948 9      2315.134 9        55.131 9                                                                  22575080.000 8 118632813.948 8      2315.134 8        52.131 8
G05  21257142.277 9 111707011.928 9       655.680 9        55.654 9                                                                  21257142.277 8 111707011.928 8       655.680 8        52.654 8
G04  21963508.711 9 115418986.686 9     -2481.411 9        55.370 9                                                                  21963508.711 8 115418986.686 8     -2481.411 8        52.370 8
E04                                                                  23384590.121 9 122886817.337 9      -158.042 9        57.938 9  23384590.121 9 122886817.337 9      -158.042 9        57.938 9
E05                                                                  26146250.245 9 137399408.595 9     -2062.437 9        56.968 9  26146250.245 9 137399408.595 9     -2062.437 9        56.968 9
E11                                                                  26676387.017 9 140185295.898 9     -2415.195 9        56.794 9  26676387.017 9 140185295.898 9     -2415.195 9        56.794 9
E20                                                                  27875422.403 9 146486254.773 9     -1685.100 9        56.412 9  27875422.403 9 146486254.773 9     -1685.100 9        56.412 9
E09                                                                  24988678.727 9 131316343.638 9      2564.440 9        57.362 9  24988678.727 9 131316343.638 9      2564.440 9        57.362 9
E10                                                                  23770057.811 9 124912460.859 9       -10.318 9        57.796 9  23770057.811 9 124912460.859 9       -10.318 9        57.796 9
E03                                                                  25034610.186 9 131557722.426 9      1945.248 9        57.346 9  25034610.186 9 131557722.426 9      1945.248 9        57.346 9
> 2026 02 03 10 01 35.0000000  0 18       0.000000000000
G02  20305876.727 9 106708081.365 9      -395.433 9        56.052 9                                                                  20305876.727 8 106708081.365 8      -395.433 8        53.052 8
G09  25286019.080 9 132878867.229 9     -2813.398 9        54.146 9                                                                  25286019.080 8 132878867.229 8     -2813.398 8        51.146 8
G13  25223117.558 9 132548307.975 9      1213.937 9        54.168 9                                                                  25223117.558 8 132548307.975 8      1213.937 8        51.168 8
G29  24869165.750 9 130688300.612 9      3071.376 9        54.291 9                                                                  24869165.750 8 130688300.612 8      3071.376 8        51.291 8
G10  22351658.424 9 117458722.907 9      3237.734 9        55.218 9                                                                  22351658.424 8 117458722.907 8      3237.734 8        52.218 8
G12  20801854.864 9 109314462.402 9       155.866 9        55.842 9                                                                  20801854.864 8 109314462.402 8       155.866 8        52.842 8
G17  24710606.975 9 129855048.946 9     -2954.924 9        54.346 9                                                                  24710606.975 8 129855048.946 8     -2954.924 8        51.346 8
G24  24331307.283 9 127861834.430 9      3052.831 9        54.481 9                                                                  24331307.283 8 127861834.430 8      3052.831 8        51.481 8
G30  22574639.490 9 118630499.057 9      2314.647 9        55.132 9                                                                  22574639.490 8 118630499.057 8      2314.647 8        52.132 8
G05  21257017.568 9 111706356.576 9       655.024 9        55.654 9                                                                  21257017.568 8 111706356.576 8       655.024 8        52.654 8
G04  21963980.925 9 115421468.184 9     -2481.597 9        55.370 9                                                                  21963980.925 8 115421468.184 8     -2481.597 8        52.370 8
E04                                                                  23384620.219 9 122886975.502 9      -158.290 9        57.938 9  23384620.219 9 122886975.502 9      -158.290 9        57.938 9
E05                                                                  26146642.729 9 137401471.108 9     -2062.607 9        56.968 9  26146642.729 9 137401471.108 9     -2062.607 9        56.968 9
E11                                                                  26676846.636 9 140187711.206 9     -2415.440 9        56.794 9  26676846.636 9 140187711.206 9     -2415.440 9        56.794 9
E20                                                                  27875743.096 9 146487940.020 9     -1685.407 9        56.412 9  27875743.096 9 146487940.020 9     -1685.407 9        56.412 9
E09                                                                  24988190.756 9 131313779.342 9      2564.163 9        57.362 9  24988190.756 9 131313779.342 9      2564.163 9        57.362 9
E10                                                                  23770059.819 9 124912471.413 9       -10.789 9        57.796 9  23770059.819 9 124912471.413 9       -10.789 9        57.796 9
E03                                                                  25034240.025 9 131555777.224 9      1945.159 9        57.346 9  25034240.025 9 131555777.224 9      1945.159 9        57.346 9
> 2026 02 03 10 01 36.0000000  0 18       0.000000000000
G02  20305952.013 9 106708476.994 9      -395.826 9        56.052 9                                                                  20305952.013 8 106708476.994 8      -395.826 8        53.052 8
G09  25286554.447 9 132881680.593 9     -2813.344 9        54.146 9                                                                  25286554.447 8 132881680.593 8     -2813.344 8        51.146 8
G13  25222886.597 9 132547094.270 9      1213.484 9        54.168 9                                                                  25222886.597 8 132547094.270 8      1213.484 8        51.168 8
G29  24868581.284 9 130685229.222 9      3071.402 9        54.291 9                                                                  24868581.284 8 130685229.222 8      3071.402 8        51.291 8
G10  22351042.334 9 117455485.336 9      3237.417 9        55.218 9                                                                  22351042.334 8 117455485.336 8      3237.417 8        52.218 8
G12  20801825.267 9 109314306.867 9       155.202 9        55.842 9                                                                  20801825.267 8 109314306.867 8       155.202 8        52.842 8
G17  24711169.290 9 129858003.916 9     -2955.048 9        54.346 9                                                                  24711169.290 8 129858003.916 8     -2955.048 8        51.346 8
G24  24330726.364 9 127858781.681 9      3052.667 9        54.481 9                                                                  24330726.364 8 127858781.681 8      3052.667 8        51.481 8
G30  22574199.074 9 118628184.653 9      2314.160 9        55.132 9                                                                  22574199.074 8 118628184.653 8      2314.160 8        52.132 8
G05  21256892.983 9 111705701.880 9       654.367 9        55.654 9                                                                  21256892.983 8 111705701.880 8       654.367 8        52.654 8
G04  21964453.175 9 115423949.868 9     -2481.784 9        55.370 9                                                                  21964453.175 8 115423949.868 8     -2481.784 8        52.370 8
E04                                                                  23384650.364 9 122887133.916 9      -158.538 9        57.938 9  23384650.364 9 122887133.916 9      -158.538 9        57.938 9
E05                                                                  26147035.246 9 137403533.790 9     -2062.777 9        56.968 9  26147035.246 9 137403533.790 9     -2062.777 9        56.968 9
E11                                                                  26677306.302 9 140190126.759 9     -2415.684 9        56.794 9  26677306.302 9 140190126.759 9     -2415.684 9        56.794 9
E20                                                                  27876063.848 9 146489625.573 9     -1685.714 9        56.412 9  27876063.848 9 146489625.573 9     -1685.714 9        56.412 9
E09                                                                  24987702.839 9 131311215.323 9      2563.886 9        57.362 9  24987702.839 9 131311215.323 9      2563.886 9        57.362 9
E10                                                                  23770061.917 9 124912482.437 9       -11.259 9        57.796 9  23770061.917 9 124912482.437 9       -11.259 9        57.796 9
E03                                                                  25033869.882 9 131553832.111 9      1945.069 9        57.346 9  25033869.882 9 131553832.111 9      1945.069 9        57.346 9
> 2026 02 03 10 01 37.0000000  0 18       0.000000000000
G02  20306027.374 9 106708873.016 9      -396.220 9        56.052 9                                                                  20306027.374 8 106708873.016 8      -396.220 8        53.052 8
G09  25287089.804 9 132884493.904 9     -2813.290 9        54.146 9                                                                  25287089.804 8 132884493.904 8     -2813.290 8        51.146 8
G13  25222655.722 9 132545881.018 9      1213.031 9        54.168 9                                                                  25222655.722 8 132545881.018 8      1213.031 8        51.168 8
G29  24867996.813 9 130682157.807 9      3071.427 9        54.291 9                                                                  24867996.813 8 130682157.807 8      3071.427 8        51.291 8
G10  22350426.304 9 117452248.083 9      3237.100 9        55.218 9                                                                  22350426.304 8 117452248.083 8      3237.100 8        52.218 8
G12  20801795.796 9 109314151.996 9       154.538 9        55.842 9                                                                  20801795.796 8 109314151.996 8       154.538 8        52.842 8
G17  24711731.628 9 129860959.010 9     -2955.173 9        54.346 9                                                                  24711731.628 8 129860959.010 8     -2955.173 8        51.346 8
G24  24330145.476 9 127855729.097 9      3052.502 9        54.481 9                                                                  24330145.476 8 127855729.097 8      3052.502 8        51.481 8
G30  22573758.750 9 118625870.737 9      2313.673 9        55.132 9                                                                  22573758.750 8 118625870.737 8      2313.673 8        52.132 8
G05  21256768.524 9 111705047.840 9       653.710 9        55.654 9                                                                  21256768.524 8 111705047.840 8       653.710 8        52.654 8
G04  21964925.460 9 115426431.738 9     -2481.970 9        55.369 9                                                                  21964925.460 8 115426431.738 8     -2481.970 8        52.369 8
E04                                                                  23384680.557 9 122887292.577 9      -158.787 9        57.938 9  23384680.557 9 122887292.577 9      -158.787 9        57.938 9
E05                                                                  26147427.795 9 137405596.642 9     -2062.947 9        56.968 9  26147427.795 9 137405596.642 9     -2062.947 9        56.968 9
E11                                                                  26677766.014 9 140192542.556 9     -2415.929 9        56.793 9  26677766.014 9 140192542.556 9     -2415.929 9        56.793 9
E20                                                                  27876384.658 9 146491311.434 9     -1686.021 9        56.412 9  27876384.658 9 146491311.434 9     -1686.021 9        56.412 9
E09                                                                  24987214.974 9 131308651.581 9      2563.608 9        57.362 9  24987214.974 9 131308651.581 9      2563.608 9        57.362 9
E10                                                                  23770064.104 9 124912493.931 9       -11.730 9        57.796 9  23770064.104 9 124912493.931 9       -11.730 9        57.796 9
E03                                                                  25033499.756 9 131551887.088 9      1944.980 9        57.346 9  25033499.756 9 131551887.088 9      1944.980 9        57.346 9
> 2026 02 03 10 01 38.0000000  0 18       0.000000000000
G02  20306102.809 9 106709269.432 9      -396.613 9        56.052 9                                                                  20306102.809 8 106709269.432 8      -396.613 8        53.052 8
G09  25287625.150 9 132887307.160 9     -2813.236 9        54.146 9                                                                  25287625.150 8 132887307.160 8     -2813.236 8        51.146 8
G13  25222424.933 9 132544668.219 9      1212.578 9        54.168 9                                                                  25222424.933 8 132544668.219 8      1212.578 8        51.168 8
G29  24867412.336 9 130679086.365 9      3071.453 9        54.291 9                                                                  24867412.336 8 130679086.365 8      3071.453 8        51.291 8
G10  22349810.335 9 117449011.146 9      3236.782 9        55.219 9                                                                  22349810.335 8 117449011.146 8      3236.782 8        52.219 8
G12  20801766.452 9 109313997.789 9       153.874 9        55.842 9                                                                  20801766.452 8 109313997.789 8       153.874 8        52.842 8
G17  24712293.990 9 129863914.229 9     -2955.298 9        54.346 9                                                                  24712293.990 8 129863914.229 8     -2955.298 8        51.346 8
G24  24329564.619 9 127852676.677 9      3052.338 9        54.481 9                                                                  24329564.619 8 127852676.677 8      3052.338 8        51.481 8
G30  22573318.518 9 118623557.308 9      2313.185 9        55.132 9                                                                  22573318.518 8 118623557.308 8      2313.185 8        52.132 8
G05  21256644.189 9 111704394.457 9       653.054 9        55.654 9                                                                  21256644.189 8 111704394.457 8       653.054 8        52.654 8
G04  21965397.780 9 115428913.795 9     -2482.156 9        55.369 9                                                                  21965397.780 8 115428913.795 8     -2482.156 8        52.369 8
E04                                                                  23384710.796 9 122887451.488 9      -159.035 9        57.938 9  23384710.796 9 122887451.488 9      -159.035 9        57.938 9
E05                                                                  26147820.377 9 137407659.665 9     -2063.118 9        56.968 9  26147820.377 9 137407659.665 9     -2063.118 9        56.968 9
E11                                                                  26678225.773 9 140194958.598 9     -2416.174 9        56.793 9  26678225.773 9 140194958.598 9     -2416.174 9        56.793 9
E20                                                                  27876705.527 9 146492997.601 9     -1686.327 9        56.412 9  27876705.527 9 146492997.601 9     -1686.327 9        56.412 9
E09                                                                  24986727.162 9 131306088.116 9      2563.331 9        57.362 9  24986727.162 9 131306088.116 9      2563.331 9        57.362 9
E10                                                                  23770066.381 9 124912505.896 9       -12.200 9        57.796 9  23770066.381 9 124912505.896 9       -12.200 9        57.796 9
E03                                                                  25033129.647 9 131549942.153 9      1944.890 9        57.346 9  25033129.647 9 131549942.153 9      1944.890 9        57.346 9
> 2026 02 03 10 01 39.0000000  0 18       0.000000000000
G02  20306178.320 9 106709666.241 9      -397.006 9        56.051 9                                                                  20306178.320 8 106709666.241 8      -397.006 8        53.051 8
G09  25288160.487 9 132890120.362 9     -2813.182 9        54.146 9                                                                  25288160.487 8 132890120.362 8     -2813.182 8        51.146 8
G13  25222194.230 9 132543455.873 9      1212.125 9        54.168 9                                                                  25222194.230 8 132543455.873 8      1212.125 8        51.168 8
G29  24866827.855 9 130676014.899 9      3071.478 9        54.292 9                                                                  24866827.855 8 130676014.899 8      3071.478 8        51.292 8
G10  22349194.426 9 117445774.527 9      3236.465 9        55.219 9                                                                  22349194.426 8 117445774.527 8      3236.465 8        52.219 8
G12  20801737.234 9 109313844.247 9       153.210 9        55.842 9                                                                  20801737.234 8 109313844.247 8       153.210 8        52.842 8
G17  24712856.376 9 129866869.573 9     -2955.422 9        54.346 9                                                                  24712856.376 8 129866869.573 8     -2955.422 8        51.346 8
G24  24328983.793 9 127849624.422 9      3052.173 9        54.482 9                                                                  24328983.793 8 127849624.422 8      3052.173 8        51.482 8
G30  22572878.380 9 118621244.366 9      2312.698 9        55.132 9                                                                  22572878.380 8 118621244.366 8      2312.698 8        52.132 8
G05  21256519.980 9 111703741.731 9       652.397 9        55.654 9                                                                  21256519.980 8 111703741.731 8       652.397 8        52.654 8
G04  21965870.136 9 115431396.037 9     -2482.341 9        55.369 9                                                                  21965870.136 8 115431396.037 8     -2482.341 8        52.369 8
E04                                                                  23384741.083 9 122887610.646 9      -159.283 9        57.938 9  23384741.083 9 122887610.646 9      -159.283 9        57.938 9
E05                                                                  26148212.991 9 137409722.858 9     -2063.288 9        56.968 9  26148212.991 9 137409722.858 9     -2063.288 9        56.968 9
E11                                                                  26678685.579 9 140197374.885 9     -2416.418 9        56.793 9  26678685.579 9 140197374.885 9     -2416.418 9        56.793 9
E20                                                                  27877026.454 9 146494684.076 9     -1686.634 9        56.412 9  27877026.454 9 146494684.076 9     -1686.634 9        56.412 9
E09                                                                  24986239.402 9 131303524.929 9      2563.054 9        57.362 9  24986239.402 9 131303524.929 9      2563.054 9        57.362 9
E10                                                                  23770068.748 9 124912518.332 9       -12.671 9        57.796 9  23770068.748 9 124912518.332 9       -12.671 9        57.796 9
E03                                                                  25032759.555 9 131547997.309 9      1944.801 9        57.346 9  25032759.555 9 131547997.309 9      1944.801 9        57.346 9
> 2026 02 03 10 01 40.0000000  0 18       0.000000000000
G02  20306253.905 9 106710063.443 9      -397.400 9        56.051 9                                                                  20306253.905 8 106710063.443 8      -397.400 8        53.051 8
G09  25288695.813 9 132892933.510 9     -2813.127 9        54.146 9                                                                  25288695.813 8 132892933.510 8     -2813.127 8        51.146 8
G13  25221963.614 9 132542243.981 9      1211.672 9        54.168 9                                                                  25221963.614 8 132542243.981 8      1211.672 8        51.168 8
G29  24866243.369 9 130672943.406 9      3071.504 9        54.292 9                                                                  24866243.369 8 130672943.406 8      3071.504 8        51.292 8
G10  22348578.577 9 117442538.225 9      3236.147 9        55.219 9                                                                  22348578.577 8 117442538.225 8      3236.147 8        52.219 8
G12  20801708.142 9 109313691.368 9       152.546 9        55.842 9                                                                  20801708.142 8 109313691.368 8       152.546 8        52.842 8
G17  24713418.785 9 129869825.042 9     -2955.547 9        54.345 9                                                                  24713418.785 8 129869825.042 8     -2955.547 8        51.345 8
G24  24328402.999 9 127846572.331 9      3052.009 9        54.482 9                                                                  24328402.999 8 127846572.331 8      3052.009 8        51.482 8
G30  22572438.334 9 118618931.912 9      2312.210 9        55.132 9                                                                  22572438.334 8 118618931.912 8      2312.210 8        52.132 8
G05  21256395.895 9 111703089.661 9       651.740 9        55.654 9                                                                  21256395.895 8 111703089.661 8       651.740 8        52.654 8
G04  21966342.527 9 115433878.465 9     -2482.527 9        55.369 9                                                                  21966342.527 8 115433878.465 8     -2482.527 8        52.369 8
E04                                                                  23384771.418 9 122887770.053 9      -159.532 9        57.938 9  23384771.418 9 122887770.053 9      -159.532 9        57.938 9
E05                                                                  26148605.637 9 137411786.221 9     -2063.458 9        56.968 9  26148605.637 9 137411786.221 9     -2063.458 9        56.968 9
E11                                                                  26679145.431 9 140199791.416 9     -2416.663 9        56.793 9  26679145.431 9 140199791.416 9     -2416.663 9        56.793 9
E20                                                                  27877347.439 9 146496370.857 9     -1686.941 9        56.411 9  27877347.439 9 146496370.857 9     -1686.941 9        56.411 9
E09                                                                  24985751.696 9 131300962.019 9      2562.776 9        57.363 9  24985751.696 9 131300962.019 9      2562.776 9        57.363 9
E10                                                                  23770071.204 9 124912531.238 9       -13.141 9        57.796 9  23770071.204 9 124912531.238 9       -13.141 9        57.796 9
E03                                                                  25032389.480 9 131546052.554 9      1944.711 9        57.346 9  25032389.480 9 131546052.554 9      1944.711 9        57.346 9
> 2026 02 03 10 01 41.0000000  0 18       0.000000000000
G02  20306329.565 9 106710461.038 9      -397.793 9        56.051 9                                                                  20306329.565 8 106710461.038 8      -397.793 8        53.051 8
G09  25289231.128 9 132895746.603 9     -2813.073 9        54.145 9                                                                  25289231.128 8 132895746.603 8     -2813.073 8        51.145 8
G13  25221733.084 9 132541032.541 9      1211.218 9        54.169 9                                                                  25221733.084 8 132541032.541 8      1211.218 8        51.169 8
G29  24865658.879 9 130669871.889 9      3071.530 9        54.292 9                                                                  24865658.879 8 130669871.889 8      3071.530 8        51.292 8
G10  22347962.789 9 117439302.241 9      3235.830 9        55.219 9                                                                  22347962.789 8 117439302.241 8      3235.830 8        52.219 8
G12  20801679.177 9 109313539.154 9       151.881 9        55.842 9                                                                  20801679.177 8 109313539.154 8       151.881 8        52.842 8
G17  24713981.218 9 129872780.635 9     -2955.671 9        54.345 9                                                                  24713981.218 8 129872780.635 8     -2955.671 8        51.345 8
G24  24327822.236 9 127843520.405 9      3051.844 9        54.482 9                                                                  24327822.236 8 127843520.405 8      3051.844 8        51.482 8
G30  22571998.381 9 118616619.946 9      2311.723 9        55.133 9                                                                  22571998.381 8 118616619.946 8      2311.723 8        52.133 8
G05  21256271.936 9 111702438.249 9       651.084 9        55.654 9                                                                  21256271.936 8 111702438.249 8       651.084 8        52.654 8
G04  21966814.954 9 115436361.078 9     -2482.713 9        55.369 9                                                                  21966814.954 8 115436361.078 8     -2482.713 8        52.369 8
E04                                                                  23384801.799 9 122887929.708 9      -159.780 9        57.938 9  23384801.799 9 122887929.708 9      -159.780 9        57.938 9
E05                                                                  26148998.316 9 137413849.755 9     -2063.628 9        56.967 9  26148998.316 9 137413849.755 9     -2063.628 9        56.967 9
E11                                                                  26679605.329 9 140202208.192 9     -2416.907 9        56.793 9  26679605.329 9 140202208.192 9     -2416.907 9        56.793 9
E20                                                                  27877668.483 9 146498057.944 9     -1687.247 9        56.411 9  27877668.483 9 146498057.944 9     -1687.247 9        56.411 9
E09                                                                  24985264.042 9 131298399.386 9      2562.499 9        57.363 9  24985264.042 9 131298399.386 9      2562.499 9        57.363 9
E10                                                                  23770073.749 9 124912544.614 9       -13.612 9        57.796 9  23770073.749 9 124912544.614 9       -13.612 9        57.796 9
E03                                                                  25032019.422 9 131544107.888 9      1944.621 9        57.347 9  25032019.422 9 131544107.888 9      1944.621 9        57.347 9
> 2026 02 03 10 01 42.0000000  0 18       0.000000000000
G02  20306405.300 9 106710859.026 9      -398.186 9        56.051 9                                                                  20306405.300 8 106710859.026 8      -398.186 8        53.051 8
G09  25289766.434 9 132898559.642 9     -2813.018 9        54.145 9                                                                  25289766.434 8 132898559.642 8     -2813.018 8        51.145 8
G13  25221502.640 9 132539821.555 9      1210.765 9        54.169 9                                                                  25221502.640 8 132539821.555 8      1210.765 8        51.169 8
G29  24865074.383 9 130666800.345 9      3071.555 9        54.292 9                                                                  24865074.383 8 130666800.345 8      3071.555 8        51.292 8
G10  22347347.062 9 117436066.574 9      3235.512 9        55.220 9                                                                  22347347.062 8 117436066.574 8      3235.512 8        52.220 8
G12  20801650.338 9 109313387.603 9       151.217 9        55.842 9                                                                  20801650.338 8 109313387.603 8       151.217 8        52.842 8
G17  24714543.675 9 129875736.352 9     -2955.796 9        54.345 9                                                                  24714543.675 8 129875736.352 8     -2955.796 8        51.345 8
G24  24327241.504 9 127840468.643 9      3051.680 9        54.482 9                                                                  24327241.504 8 127840468.643 8      3051.680 8        51.482 8
G30  22571558.521 9 118614308.467 9      2311.235 9        55.133 9                                                                  22571558.521 8 118614308.467 8      2311.235 8        52.133 8
G05  21256148.101 9 111701787.493 9       650.427 9        55.654 9                                                                  21256148.101 8 111701787.493 8       650.427 8        52.654 8
G04  21967287.416 9 115438843.878 9     -2482.899 9        55.369 9                                                                  21967287.416 8 115438843.878 8     -2482.899 8        52.369 8
E04                                                                  23384832.228 9 122888089.612 9      -160.029 9        57.938 9  23384832.228 9 122888089.612 9      -160.029 9        57.938 9
E05                                                                  26149391.027 9 137415913.459 9     -2063.799 9        56.967 9  26149391.027 9 137415913.459 9     -2063.799 9        56.967 9
E11                                                                  26680065.275 9 140204625.212 9     -2417.152 9        56.793 9  26680065.275 9 140204625.212 9     -2417.152 9        56.793 9
E20                                                                  27877989.585 9 146499745.338 9     -1687.554 9        56.411 9  27877989.585 9 146499745.338 9     -1687.554 9        56.411 9
E09                                                                  24984776.441 9 131295837.031 9      2562.221 9        57.363 9  24984776.441 9 131295837.031 9      2562.221 9        57.363 9
E10                                                                  23770076.384 9 124912558.461 9       -14.082 9        57.796 9  23770076.384 9 124912558.461 9       -14.082 9        57.796 9
E03                                                                  25031649.381 9 131542163.312 9      1944.532 9        57.347 9  25031649.381 9 131542163.312 9      1944.532 9        57.347 9
> 2026 02 03 10 01 43.0000000  0 18       0.000000000000
G02  20306481.109 9 106711257.408 9      -398.579 9        56.051 9                                                                  20306481.109 8 106711257.408 8      -398.579 8        53.051 8
G09  25290301.728 9 132901372.626 9     -2812.964 9        54.145 9                                                                  25290301.728 8 132901372.626 8     -2812.964 8        51.145 8
G13  25221272.283 9 132538611.023 9      1210.311 9        54.169 9                                                                  25221272.283 8 132538611.023 8      1210.311 8        51.169 8
G29  24864489.882 9 130663728.776 9      3071.581 9        54.292 9                                                                  24864489.882 8 130663728.776 8      3071.581 8        51.292 8
G10  22346731.394 9 117432831.225 9      3235.194 9        55.220 9                                                                  22346731.394 8 117432831.225 8      3235.194 8        52.220 8
G12  20801621.626 9 109313236.718 9       150.553 9        55.842 9                                                                  20801621.626 8 109313236.718 8       150.553 8        52.842 8
G17  24715106.155 9 129878692.195 9     -2955.921 9        54.345 9                                                                  24715106.155 8 129878692.195 8     -2955.921 8        51.345 8
G24  24326660.804 9 127837417.046 9      3051.515 9        54.482 9                                                                  24326660.804 8 127837417.046 8      3051.515 8        51.482 8
G30  22571118.754 9 118611997.476 9      2310.747 9        55.133 9                                                                  22571118.754 8 118611997.476 8      2310.747 8        52.133 8
G05  21256024.391 9 111701137.394 9       649.770 9        55.654 9                                                                  21256024.391 8 111701137.394 8       649.770 8        52.654 8
G04  21967759.913 9 115441326.863 9     -2483.085 9        55.368 9                                                                  21967759.913 8 115441326.863 8     -2483.085 8        52.368 8
E04                                                                  23384862.704 9 122888249.764 9      -160.277 9        57.938 9  23384862.704 9 122888249.764 9      -160.277 9        57.938 9
E05                                                                  26149783.771 9 137417977.332 9     -2063.969 9        56.967 9  26149783.771 9 137417977.332 9     -2063.969 9        56.967 9
E11                                                                  26680525.266 9 140207042.476 9     -2417.396 9        56.793 9  26680525.266 9 140207042.476 9     -2417.396 9        56.793 9
E20                                                                  27878310.745 9 146501433.039 9     -1687.860 9        56.411 9  27878310.745 9 146501433.039 9     -1687.860 9        56.411 9
E09                                                                  24984288.893 9 131293274.954 9      2561.944 9        57.363 9  24984288.893 9 131293274.954 9      2561.944 9        57.363 9
E10                                                                  23770079.109 9 124912572.779 9       -14.552 9        57.796 9  23770079.109 9 124912572.779 9       -14.552 9        57.796 9
E03                                                                  25031279.357 9 131540218.826 9      1944.442 9        57.347 9  25031279.357 9 131540218.826 9      1944.442 9        57.347 9
> 2026 02 03 10 01 44.0000000  0 18       0.000000000000
G02  20306556.994 9 106711656.183 9      -398.972 9        56.051 9                                                                  20306556.994 8 106711656.183 8      -398.972 8        53.051 8
G09  25290837.013 9 132904185.556 9     -2812.909 9        54.145 9                                                                  25290837.013 8 132904185.556 8     -2812.909 8        51.145 8
G13  25221042.011 9 132537400.944 9      1209.858 9        54.169 9                                                                  25221042.011 8 132537400.944 8      1209.858 8        51.169 8
G29  24863905.377 9 130660657.182 9      3071.606 9        54.293 9                                                                  24863905.377 8 130660657.182 8      3071.606 8        51.293 8
G10  22346115.788 9 117429596.194 9      3234.876 9        55.220 9                                                                  22346115.788 8 117429596.194 8      3234.876 8        52.220 8
G12  20801593.040 9 109313086.496 9       149.889 9        55.842 9                                                                  20801593.040 8 109313086.496 8       149.889 8        52.842 8
G17  24715668.660 9 129881648.161 9     -2956.045 9        54.345 9                                                                  24715668.660 8 129881648.161 8     -2956.045 8        51.345 8
G24  24326080.135 9 127834365.613 9      3051.351 9        54.483 9                                                                  24326080.135 8 127834365.613 8      3051.351 8        51.483 8
G30  22570679.079 9 118609686.972 9      2310.259 9        55.133 9                                                                  22570679.079 8 118609686.972 8      2310.259 8        52.133 8
G05  21255900.806 9 111700487.951 9       649.113 9        55.654 9                                                                  21255900.806 8 111700487.951 8       649.113 8        52.654 8
G04  21968232.446 9 115443810.034 9     -2483.270 9        55.368 9                                                                  21968232.446 8 115443810.034 8     -2483.270 8        52.368 8
E04                                                                  23384893.227 9 122888410.165 9      -160.526 9        57.938 9  23384893.227 9 122888410.165 9      -160.526 9        57.938 9
E05                                                                  26150176.547 9 137420041.376 9     -2064.139 9        56.967 9  26150176.547 9 137420041.376 9     -2064.139 9        56.967 9
E11                                                                  26680985.304 9 140209459.985 9     -2417.640 9        56.792 9  26680985.304 9 140209459.985 9     -2417.640 9        56.792 9
E20                                                                  27878631.964 9 146503121.046 9     -1688.167 9        56.411 9  27878631.964 9 146503121.046 9     -1688.167 9        56.411 9
E09                                                                  24983801.398 9 131290713.154 9      2561.666 9        57.363 9  24983801.398 9 131290713.154 9      2561.666 9        57.363 9
E10                                                                  23770081.923 9 124912587.567 9       -15.023 9        57.796 9  23770081.923 9 124912587.567 9       -15.023 9        57.796 9
E03                                                                  25030909.351 9 131538274.429 9      1944.353 9        57.347 9  25030909.351 9 131538274.429 9      1944.353 9        57.347 9
> 2026 02 03 10 01 45.0000000  0 18       0.000000000000
G02  20306632.953 9 106712055.351 9      -399.365 9        56.051 9                                                                  20306632.953 8 106712055.351 8      -399.365 8        53.051 8
G09  25291372.287 9 132906998.431 9     -2812.854 9        54.145 9                                                                  25291372.287 8 132906998.431 8     -2812.854 8        51.145 8
G13  25220811.827 9 132536191.318 9      1209.404 9        54.169 9                                                                  25220811.827 8 132536191.318 8      1209.404 8        51.169 8
G29  24863320.867 9 130657585.562 9      3071.632 9        54.293 9                                                                  24863320.867 8 130657585.562 8      3071.632 8        51.293 8
G10  22345500.241 9 117426361.481 9      3234.558 9        55.220 9                                                                  22345500.241 8 117426361.481 8      3234.558 8        52.220 8
G12  20801564.580 9 109312936.939 9       149.224 9        55.842 9                                                                  20801564.580 8 109312936.939 8       149.224 8        52.842 8
G17  24716231.188 9 129884604.253 9     -2956.170 9        54.344 9                                                                  24716231.188 8 129884604.253 8     -2956.170 8        51.344 8
G24  24325499.497 9 127831314.344 9      3051.186 9        54.483 9                                                                  24325499.497 8 127831314.344 8      3051.186 8        51.483 8
G30  22570239.498 9 118607376.957 9      2309.771 9        55.133 9                                                                  22570239.498 8 118607376.957 8      2309.771 8        52.133 8
G05  21255777.347 9 111699839.166 9       648.456 9        55.655 9                                                                  21255777.347 8 111699839.166 8       648.456 8        52.655 8
G04  21968705.014 9 115446293.391 9     -2483.456 9        55.368 9                                                                  21968705.014 8 115446293.391 8     -2483.456 8        52.368 8
E04                                                                  23384923.798 9 122888570.814 9      -160.774 9        57.938 9  23384923.798 9 122888570.814 9      -160.774 9        57.938 9
E05                                                                  26150569.355 9 137422105.591 9     -2064.309 9        56.967 9  26150569.355 9 137422105.591 9     -2064.309 9        56.967 9
E11                                                                  26681445.389 9 140211877.738 9     -2417.884 9        56.792 9  26681445.389 9 140211877.738 9     -2417.884 9        56.792 9
E20                                                                  27878953.241 9 146504809.359 9     -1688.473 9        56.411 9  27878953.241 9 146504809.359 9     -1688.473 9        56.411 9
E09                                                                  24983313.955 9 131288151.632 9      2561.388 9        57.363 9  24983313.955 9 131288151.632 9      2561.388 9        57.363 9
E10                                                                  23770084.826 9 124912602.825 9       -15.493 9        57.796 9  23770084.826 9 124912602.825 9       -15.493 9        57.796 9
E03                                                                  25030539.361 9 131536330.122 9      1944.263 9        57.347 9  25030539.361 9 131536330.122 9      1944.263 9        57.347 9
> 2026 02 03 10 01 46.0000000  0 18       0.000000000000
G02  20306708.987 9 106712454.911 9      -399.758 9        56.051 9                                                                  20306708.987 8 106712454.911 8      -399.758 8        53.051 8
G09  25291907.550 9 132909811.251 9     -2812.799 9        54.144 9                                                                  25291907.550 8 132909811.251 8     -2812.799 8        51.144 8
G13  25220581.728 9 132534982.146 9      1208.950 9        54.169 9                                                                  25220581.728 8 132534982.146 8      1208.950 8        51.169 8
G29  24862736.352 9 130654513.916 9      3071.657 9        54.293 9                                                                  24862736.352 8 130654513.916 8      3071.657 8        51.293 8
G10  22344884.756 9 117423127.086 9      3234.240 9        55.220 9                                                                  22344884.756 8 117423127.086 8      3234.240 8        52.220 8
G12  20801536.247 9 109312788.045 9       148.560 9        55.842 9                                                                  20801536.247 8 109312788.045 8       148.560 8        52.842 8
G17  24716793.739 9 129887560.469 9     -2956.294 9        54.344 9                                                                  24716793.739 8 129887560.469 8     -2956.294 8        51.344 8
G24  24324918.891 9 127828263.241 9      3051.022 9        54.483 9                                                                  24324918.891 8 127828263.241 8      3051.022 8        51.483 8
G30  22569800.009 9 118605067.430 9      2309.283 9        55.134 9                                                                  22569800.009 8 118605067.430 8      2309.283 8        52.134 8
G05  21255654.012 9 111699191.037 9       647.799 9        55.655 9                                                                  21255654.012 8 111699191.037 8       647.799 8        52.655 8
G04  21969177.617 9 115448776.933 9     -2483.641 9        55.368 9                                                                  21969177.617 8 115448776.933 8     -2483.641 8        52.368 8
E04                                                                  23384954.416 9 122888731.712 9      -161.023 9        57.938 9  23384954.416 9 122888731.712 9      -161.023 9        57.938 9
E05                                                                  26150962.196 9 137424169.976 9     -2064.479 9        56.967 9  26150962.196 9 137424169.976 9     -2064.479 9        56.967 9
E11                                                                  26681905.520 9 140214295.735 9     -2418.128 9        56.792 9  26681905.520 9 140214295.735 9     -2418.128 9        56.792 9
E20                                                                  27879274.576 9 146506497.978 9     -1688.779 9        56.411 9  27879274.576 9 146506497.978 9     -1688.779 9        56.411 9
E09                                                                  24982826.566 9 131285590.387 9      2561.111 9        57.364 9  24982826.566 9 131285590.387 9      2561.111 9        57.364 9
E10                                                                  23770087.819 9 124912618.553 9       -15.964 9        57.796 9  23770087.819 9 124912618.553 9       -15.964 9        57.796 9
E03                                                                  25030169.388 9 131534385.905 9      1944.173 9        57.347 9  25030169.388 9 131534385.905 9      1944.173 9        57.347 9
> 2026 02 03 10 01 47.0000000  0 18       0.000000000000
G02  20306785.096 9 106712854.865 9      -400.151 9        56.051 9                                                                  20306785.096 8 106712854.865 8      -400.151 8        53.051 8
G09  25292442.804 9 132912624.015 9     -2812.744 9        54.144 9                                                                  25292442.804 8 132912624.015 8     -2812.744 8        51.144 8
G13  25220351.716 9 132533773.428 9      1208.497 9        54.169 9                                                                  25220351.716 8 132533773.428 8      1208.497 8        51.169 8
G29  24862151.832 9 130651442.246 9      3071.682 9        54.293 9                                                                  24862151.832 8 130651442.246 8      3071.682 8        51.293 8
G10  22344269.331 9 117419893.010 9      3233.922 9        55.221 9                                                                  22344269.331 8 117419893.010 8      3233.922 8        52.221 8
G12  20801508.040 9 109312639.817 9       147.896 9        55.842 9                                                                  20801508.040 8 109312639.817 8       147.896 8        52.842 8
G17  24717356.315 9 129890516.809 9     -2956.419 9        54.344 9                                                                  24717356.315 8 129890516.809 8     -2956.419 8        51.344 8
G24  24324338.316 9 127825212.302 9      3050.857 9        54.483 9                                                                  24324338.316 8 127825212.302 8      3050.857 8        51.483 8
G30  22569360.613 9 118602758.391 9      2308.795 9        55.134 9                                                                  22569360.613 8 118602758.391 8      2308.795 8        52.134 8
G05  21255530.802 9 111698543.566 9       647.142 9        55.655 9                                                                  21255530.802 8 111698543.566 8       647.142 8        52.655 8
G04  21969650.255 9 115451260.660 9     -2483.827 9        55.368 9                                                                  21969650.255 8 115451260.660 8     -2483.827 8        52.368 8
E04                                                                  23384985.081 9 122888892.859 9      -161.272 9        57.938 9  23384985.081 9 122888892.859 9      -161.272 9        57.938 9
E05                                                                  26151355.069 9 137426234.530 9     -2064.650 9        56.967 9  26151355.069 9 137426234.530 9     -2064.650 9        56.967 9
E11                                                                  26682365.697 9 140216713.975 9     -2418.372 9        56.792 9  26682365.697 9 140216713.975 9     -2418.372 9        56.792 9
E20                                                                  27879595.969 9 146508186.904 9     -1689.085 9        56.411 9  27879595.969 9 146508186.904 9     -1689.085 9        56.411 9
E09                                                                  24982339.229 9 131283029.421 9      2560.833 9        57.364 9  24982339.229 9 131283029.421 9      2560.833 9        57.364 9
E10                                                                  23770090.902 9 124912634.752 9       -16.434 9        57.796 9  23770090.902 9 124912634.752 9       -16.434 9        57.796 9
E03                                                                  25029799.433 9 131532441.778 9      1944.083 9        57.347 9  25029799.433 9 131532441.778 9      1944.083 9        57.347 9
> 2026 02 03 10 01 48.0000000  0 18       0.000000000000
G02  20306861.280 9 106713255.212 9      -400.544 9        56.051 9                                                                  20306861.280 8 106713255.212 8      -400.544 8        53.051 8
G09  25292978.046 9 132915436.725 9     -2812.689 9        54.144 9                                                                  25292978.046 8 132915436.725 8     -2812.689 8        51.144 8
G13  25220121.790 9 132532565.164 9      1208.043 9        54.169 9                                                                  25220121.790 8 132532565.164 8      1208.043 8        51.169 8
G29  24861567.307 9 130648370.549 9      3071.708 9        54.293 9                                                                  24861567.307 8 130648370.549 8      3071.708 8        51.293 8
G10  22343653.966 9 117416659.251 9      3233.604 9        55.221 9                                                                  22343653.966 8 117416659.251 8      3233.604 8        52.221 8
G12  20801479.959 9 109312492.252 9       147.231 9        55.842 9                                                                  20801479.959 8 109312492.252 8       147.231 8        52.842 8
G17  24717918.914 9 129893473.274 9     -2956.543 9        54.344 9                                                                  24717918.914 8 129893473.274 8     -2956.543 8        51.344 8
G24  24323757.772 9 127822161.527 9      3050.692 9        54.483 9                                                                  24323757.772 8 127822161.527 8      3050.692 8        51.483 8
G30  22568921.310 9 118600449.839 9      2308.307 9        55.134 9                                                                  22568921.310 8 118600449.839 8      2308.307 8        52.134 8
G05  21255407.718 9 111697896.751 9       646.485 9        55.655 9                                                                  21255407.718 8 111697896.751 8       646.485 8        52.655 8
G04  21970122.929 9 115453744.574 9     -2484.012 9        55.367 9                                                                  21970122.929 8 115453744.574 8     -2484.012 8        52.367 8
E04                                                                  23385015.794 9 122889054.254 9      -161.520 9        57.938 9  23385015.794 9 122889054.254 9      -161.520 9        57.938 9
E05                                                                  26151747.975 9 137428299.255 9     -2064.820 9        56.966 9  26151747.975 9 137428299.255 9     -2064.820 9        56.966 9
E11                                                                  26682825.921 9 140219132.460 9     -2418.616 9        56.792 9  26682825.921 9 140219132.460 9     -2418.616 9        56.792 9
E20                                                                  27879917.421 9 146509876.136 9     -1689.391 9        56.411 9  27879917.421 9 146509876.136 9     -1689.391 9        56.411 9
E09                                                                  24981851.945 9 131280468.732 9      2560.555 9        57.364 9  24981851.945 9 131280468.732 9      2560.555 9        57.364 9
E10                                                                  23770094.074 9 124912651.422 9       -16.904 9        57.796 9  23770094.074 9 124912651.422 9       -16.904 9        57.796 9
E03                                                                  25029429.494 9 131530497.740 9      1943.994 9        57.347 9  25029429.494 9 131530497.740 9      1943.994 9        57.347 9
> 2026 02 03 10 01 49.0000000  0 18       0.000000000000
G02  20306937.538 9 106713655.951 9      -400.937 9        56.051 9                                                                  20306937.538 8 106713655.951 8      -400.937 8        53.051 8
G09  25293513.278 9 132918249.380 9     -2812.634 9        54.144 9                                                                  25293513.278 8 132918249.380 8     -2812.634 8        51.144 8
G13  25219891.951 9 132531357.354 9      1207.589 9        54.169 9                                                                  25219891.951 8 132531357.354 8      1207.589 8        51.169 8
G29  24860982.777 9 130645298.828 9      3071.733 9        54.294 9                                                                  24860982.777 8 130645298.828 8      3071.733 8        51.294 8
G10  22343038.662 9 117413425.811 9      3233.285 9        55.221 9                                                                  22343038.662 8 117413425.811 8      3233.285 8        52.221 8
G12  20801452.005 9 109312345.352 9       146.567 9        55.842 9                                                                  20801452.005 8 109312345.352 8       146.567 8        52.842 8
G17  24718481.536 9 129896429.863 9     -2956.668 9        54.344 9                                                                  24718481.536 8 129896429.863 8     -2956.668 8        51.344 8
G24  24323177.260 9 127819110.918 9      3050.528 9        54.484 9                                                                  24323177.260 8 127819110.918 8      3050.528 8        51.484 8
G30  22568482.100 9 118598141.777 9      2307.818 9        55.134 9                                                                  22568482.100 8 118598141.777 8      2307.818 8        52.134 8
G05  21255284.758 9 111697250.593 9       645.828 9        55.655 9                                                                  21255284.758 8 111697250.593 8       645.828 8        52.655 8
G04  21970595.638 9 115456228.672 9     -2484.197 9        55.367 9                                                                  21970595.638 8 115456228.672 8     -2484.197 8        52.367 8
E04                                                                  23385046.554 9 122889215.897 9      -161.769 9        57.938 9  23385046.554 9 122889215.897 9      -161.769 9        57.938 9
E05                                                                  26152140.913 9 137430364.151 9     -2064.990 9        56.966 9  26152140.913 9 137430364.151 9     -2064.990 9        56.966 9
E11                                                                  26683286.191 9 140221551.190 9     -2418.861 9        56.792 9  26683286.191 9 140221551.190 9     -2418.861 9        56.792 9
E20                                                                  27880238.931 9 146511565.674 9     -1689.698 9        56.411 9  27880238.931 9 146511565.674 9     -1689.698 9        56.411 9
E09                                                                  24981364.714 9 131277908.321 9      2560.277 9        57.364 9  24981364.714 9 131277908.321 9      2560.277 9        57.364 9
E10                                                                  23770097.335 9 124912668.562 9       -17.375 9        57.796 9  23770097.335 9 124912668.562 9       -17.375 9        57.796 9
E03                                                                  25029059.573 9 131528553.792 9      1943.904 9        57.348 9  25029059.573 9 131528553.792 9      1943.904 9        57.348 9
> 2026 02 03 10 01 50.0000000  0 18       0.000000000000
G02  20307013.871 9 106714057.084 9      -401.330 9        56.051 9                                                                  20307013.871 8 106714057.084 8      -401.330 8        53.051 8
G09  25294048.500 9 132921061.979 9     -2812.578 9        54.144 9                                                                  25294048.500 8 132921061.979 8     -2812.578 8        51.144 8
G13  25219662.197 9 132530149.998 9      1207.135 9        54.169 9                                                                  25219662.197 8 132530149.998 8      1207.135 8        51.169 8
G29  24860398.243 9 130642227.081 9      3071.758 9        54.294 9                                                                  24860398.243 8 130642227.081 8      3071.758 8        51.294 8
G10  22342423.419 9 117410192.689 9      3232.967 9        55.221 9                                                                  22342423.419 8 117410192.689 8      3232.967 8        52.221 8
G12  20801424.178 9 109312199.116 9       145.903 9        55.842 9                                                                  20801424.178 8 109312199.116 8       145.903 8        52.842 8
G17  24719044.183 9 129899386.577 9     -2956.792 9        54.343 9                                                                  24719044.183 8 129899386.577 8     -2956.792 8        51.343 8
G24  24322596.779 9 127816060.473 9      3050.363 9        54.484 9                                                                  24322596.779 8 127816060.473 8      3050.363 8        51.484 8
G30  22568042.983 9 118595834.202 9      2307.330 9        55.134 9                                                                  22568042.983 8 118595834.202 8      2307.330 8        52.134 8
G05  21255161.923 9 111696605.092 9       645.171 9        55.655 9                                                                  21255161.923 8 111696605.092 8       645.171 8        52.655 8
G04  21971068.383 9 115458712.956 9     -2484.383 9        55.367 9                                                                  21971068.383 8 115458712.956 8     -2484.383 8        52.367 8
E04                                                                  23385077.361 9 122889377.790 9      -162.017 9        57.938 9  23385077.361 9 122889377.790 9      -162.017 9        57.938 9
E05                                                                  26152533.883 9 137432429.216 9     -2065.160 9        56.966 9  26152533.883 9 137432429.216 9     -2065.160 9        56.966 9
E11                                                                  26683746.508 9 140223970.162 9     -2419.104 9        56.792 9  26683746.508 9 140223970.162 9     -2419.104 9        56.792 9
E20                                                                  27880560.499 9 146513255.518 9     -1690.004 9        56.410 9  27880560.499 9 146513255.518 9     -1690.004 9        56.410 9
E09                                                                  24980877.536 9 131275348.188 9      2559.999 9        57.364 9  24980877.536 9 131275348.188 9      2559.999 9        57.364 9
E10                                                                  23770100.686 9 124912686.172 9       -17.845 9        57.796 9  23770100.686 9 124912686.172 9       -17.845 9        57.796 9
E03                                                                  25028689.669 9 131526609.934 9      1943.814 9        57.348 9  25028689.669 9 131526609.934 9      1943.814 9        57.348 9
> 2026 02 03 10 01 51.0000000  0 18       0.000000000000
G02  20307090.279 9 106714458.609 9      -401.723 9        56.051 9                                                                  20307090.279 8 106714458.609 8      -401.723 8        53.051 8
G09  25294583.711 9 132923874.523 9     -2812.523 9        54.144 9                                                                  25294583.711 8 132923874.523 8     -2812.523 8        51.144 8
G13  25219432.531 9 132528943.095 9      1206.681 9        54.169 9                                                                  25219432.531 8 132528943.095 8      1206.681 8        51.169 8
G29  24859813.704 9 130639155.309 9      3071.784 9        54.294 9                                                                  24859813.704 8 130639155.309 8      3071.784 8        51.294 8
G10  22341808.236 9 117406959.886 9      3232.648 9        55.222 9                                                                  22341808.236 8 117406959.886 8      3232.648 8        52.222 8
G12  20801396.477 9 109312053.545 9       145.238 9        55.842 9                                                                  20801396.477 8 109312053.545 8       145.238 8        52.842 8
G17  24719606.853 9 129902343.415 9     -2956.917 9        54.343 9                                                                  24719606.853 8 129902343.415 8     -2956.917 8        51.343 8
G24  24322016.329 9 127813010.193 9      3050.198 9        54.484 9                                                                  24322016.329 8 127813010.193 8      3050.198 8        51.484 8
G30  22567603.959 9 118593527.117 9      2306.842 9        55.134 9                                                                  22567603.959 8 118593527.117 8      2306.842 8        52.134 8
G05  21255039.214 9 111695960.249 9       644.514 9        55.655 9                                                                  21255039.214 8 111695960.249 8       644.514 8        52.655 8
G04  21971541.162 9 115461197.425 9     -2484.568 9        55.367 9                                                                  21971541.162 8 115461197.425 8     -2484.568 8        52.367 8
E04                                                                  23385108.216 9 122889539.931 9      -162.266 9        57.938 9  23385108.216 9 122889539.931 9      -162.266 9        57.938 9
E05                                                                  26152926.886 9 137434494.452 9     -2065.330 9        56.966 9  26152926.886 9 137434494.452 9     -2065.330 9        56.966 9
E11                                                                  26684206.871 9 140226389.379 9     -2419.348 9        56.791 9  26684206.871 9 140226389.379 9     -2419.348 9        56.791 9
E20                                                                  27880882.126 9 146514945.668 9     -1690.309 9        56.410 9  27880882.126 9 146514945.668 9     -1690.309 9        56.410 9
E09                                                                  24980390.411 9 131272788.333 9      2559.721 9        57.364 9  24980390.411 9 131272788.333 9      2559.721 9        57.364 9
E10                                                                  23770104.127 9 124912704.252 9       -18.315 9        57.796 9  23770104.127 9 124912704.252 9       -18.315 9        57.796 9
E03                                                                  25028319.781 9 131524666.166 9      1943.724 9        57.348 9  25028319.781 9 131524666.166 9      1943.724 9        57.348 9
> 2026 02 03 10 01 52.0000000  0 18       0.000000000000
G02  20307166.762 9 106714860.527 9      -402.115 9        56.051 9                                                                  20307166.762 8 106714860.527 8      -402.115 8        53.051 8
G09  25295118.911 9 132926687.011 9     -2812.467 9        54.143 9                                                                  25295118.911 8 132926687.011 8     -2812.467 8        51.143 8
G13  25219202.951 9 132527736.647 9      1206.227 9        54.169 9                                                                  25219202.951 8 132527736.647 8      1206.227 8        51.169 8
G29  24859229.160 9 130636083.512 9      3071.809 9        54.294 9                                                                  24859229.160 8 130636083.512 8      3071.809 8        51.294 8
G10  22341193.114 9 117403727.401 9      3232.330 9        55.222 9                                                                  22341193.114 8 117403727.401 8      3232.330 8        52.222 8
G12  20801368.902 9 109311908.637 9       144.574 9        55.842 9                                                                  20801368.902 8 109311908.637 8       144.574 8        52.842 8
G17  24720169.546 9 129905300.378 9     -2957.041 9        54.343 9                                                                  24720169.546 8 129905300.378 8     -2957.041 8        51.343 8
G24  24321435.911 9 127809960.077 9      3050.033 9        54.484 9                                                                  24321435.911 8 127809960.077 8      3050.033 8        51.484 8
G30  22567165.028 9 118591220.519 9      2306.353 9        55.135 9                                                                  22567165.028 8 118591220.519 8      2306.353 8        52.135 8
G05  21254916.629 9 111695316.062 9       643.857 9        55.655 9                                                                  21254916.629 8 111695316.062 8       643.857 8        52.655 8
G04  21972013.977 9 115463682.079 9     -2484.753 9        55.367 9                                                                  21972013.977 8 115463682.079 8     -2484.753 8        52.367 8
E04                                                                  23385139.118 9 122889702.321 9      -162.515 9        57.938 9  23385139.118 9 122889702.321 9      -162.515 9        57.938 9
E05                                                                  26153319.921 9 137436559.858 9     -2065.501 9        56.966 9  26153319.921 9 137436559.858 9     -2065.501 9        56.966 9
E11                                                                  26684667.281 9 140228808.840 9     -2419.592 9        56.791 9  26684667.281 9 140228808.840 9     -2419.592 9        56.791 9
E20                                                                  27881203.810 9 146516636.124 9     -1690.615 9        56.410 9  27881203.810 9 146516636.124 9     -1690.615 9        56.410 9
E09                                                                  24979903.338 9 131270228.755 9      2559.443 9        57.365 9  24979903.338 9 131270228.755 9      2559.443 9        57.365 9
E10                                                                  23770107.657 9 124912722.803 9       -18.786 9        57.796 9  23770107.657 9 124912722.803 9       -18.786 9        57.796 9
E03                                                                  25027949.911 9 131522722.488 9      1943.634 9        57.348 9  25027949.911 9 131522722.488 9      1943.634 9        57.348 9
> 2026 02 03 10 01 53.0000000  0 18       0.000000000000
G02  20307243.319 9 106715262.838 9      -402.508 9        56.051 9                                                                  20307243.319 8 106715262.838 8      -402.508 8        53.051 8
G09  25295654.101 9 132929499.444 9     -2812.412 9        54.143 9                                                                  25295654.101 8 132929499.444 8     -2812.412 8        51.143 8
G13  25218973.457 9 132526530.653 9      1205.772 9        54.170 9                                                                  25218973.457 8 132526530.653 8      1205.772 8        51.170 8
G29  24858644.611 9 130633011.689 9      3071.834 9        54.295 9                                                                  24858644.611 8 130633011.689 8      3071.834 8        51.295 8
G10  22340578.052 9 117400495.236 9      3232.011 9        55.222 9                                                                  22340578.052 8 117400495.236 8      3232.011 8        52.222 8
G12  20801341.453 9 109311764.395 9       143.910 9        55.842 9                                                                  20801341.453 8 109311764.395 8       143.910 8        52.842 8
G17  24720732.264 9 129908257.465 9     -2957.165 9        54.343 9                                                                  24720732.264 8 129908257.465 8     -2957.165 8        51.343 8
G24  24320855.524 9 127806910.127 9      3049.868 9        54.484 9                                                                  24320855.524 8 127806910.127 8      3049.868 8        51.484 8
G30  22566726.189 9 118588914.411 9      2305.864 9        55.135 9                                                                  22566726.189 8 118588914.411 8      2305.864 8        52.135 8
G05  21254794.170 9 111694672.533 9       643.200 9        55.655 9                                                                  21254794.170 8 111694672.533 8       643.200 8        52.655 8
G04  21972486.827 9 115466166.918 9     -2484.938 9        55.366 9                                                                  21972486.827 8 115466166.918 8     -2484.938 8        52.366 8
E04                                                                  23385170.067 9 122889864.959 9      -162.764 9        57.938 9  23385170.067 9 122889864.959 9      -162.764 9        57.938 9
E05                                                                  26153712.989 9 137438625.434 9     -2065.671 9        56.966 9  26153712.989 9 137438625.434 9     -2065.671 9        56.966 9
E11                                                                  26685127.736 9 140231228.544 9     -2419.835 9        56.791 9  26685127.736 9 140231228.544 9     -2419.835 9        56.791 9
E20                                                                  27881525.553 9 146518326.886 9     -1690.921 9        56.410 9  27881525.553 9 146518326.886 9     -1690.921 9        56.410 9
E09                                                                  24979416.319 9 131267669.456 9      2559.165 9        57.365 9  24979416.319 9 131267669.456 9      2559.165 9        57.365 9
E10                                                                  23770111.276 9 124912741.824 9       -19.256 9        57.796 9  23770111.276 9 124912741.824 9       -19.256 9        57.796 9
E03                                                                  25027580.058 9 131520778.899 9      1943.544 9        57.348 9  25027580.058 9 131520778.899 9      1943.544 9        57.348 9
> 2026 02 03 10 01 54.0000000  0 18       0.000000000000
G02  20307319.951 9 106715665.541 9      -402.901 9        56.051 9                                                                  20307319.951 8 106715665.541 8      -402.901 8        53.051 8
G09  25296189.281 9 132932311.821 9     -2812.356 9        54.143 9                                                                  25296189.281 8 132932311.821 8     -2812.356 8        51.143 8
G13  25218744.049 9 132525325.114 9      1205.318 9        54.170 9                                                                  25218744.049 8 132525325.114 8      1205.318 8        51.170 8
G29  24858060.057 9 130629939.841 9      3071.859 9        54.295 9                                                                  24858060.057 8 130629939.841 8      3071.859 8        51.295 8
G10  22339963.051 9 117397263.389 9      3231.692 9        55.222 9                                                                  22339963.051 8 117397263.389 8      3231.692 8        52.222 8
G12  20801314.132 9 109311620.816 9       143.245 9        55.842 9                                                                  20801314.132 8 109311620.816 8       143.245 8        52.842 8
G17  24721295.005 9 129911214.676 9     -2957.290 9        54.343 9                                                                  24721295.005 8 129911214.676 8     -2957.290 8        51.343 8
G24  24320275.168 9 127803860.341 9      3049.704 9        54.485 9                                                                  24320275.168 8 127803860.341 8      3049.704 8        51.485 8
G30  22566287.444 9 118586608.790 9      2305.376 9        55.135 9                                                                  22566287.444 8 118586608.790 8      2305.376 8        52.135 8
G05  21254671.835 9 111694029.661 9       642.543 9        55.655 9                                                                  21254671.835 8 111694029.661 8       642.543 8        52.655 8
G04  21972959.713 9 115468651.942 9     -2485.123 9        55.366 9                                                                  21972959.713 8 115468651.942 8     -2485.123 8        52.366 8
E04                                                                  23385201.063 9 122890027.847 9      -163.012 9        57.938 9  23385201.063 9 122890027.847 9      -163.012 9        57.938 9
E05                                                                  26154106.089 9 137440691.180 9     -2065.841 9        56.966 9  26154106.089 9 137440691.180 9     -2065.841 9        56.966 9
E11                                                                  26685588.239 9 140233648.491 9     -2420.079 9        56.791 9  26685588.239 9 140233648.491 9     -2420.079 9        56.791 9
E20                                                                  27881847.354 9 146520017.953 9     -1691.227 9        56.410 9  27881847.354 9 146520017.953 9     -1691.227 9        56.410 9
E09                                                                  24978929.352 9 131265110.435 9      2558.887 9        57.365 9  24978929.352 9 131265110.435 9      2558.887 9        57.365 9
E10                                                                  23770114.985 9 124912761.315 9       -19.726 9        57.796 9  23770114.985 9 124912761.315 9       -19.726 9        57.796 9
E03                                                                  25027210.223 9 131518835.401 9      1943.454 9        57.348 9  25027210.223 9 131518835.401 9      1943.454 9        57.348 9
> 2026 02 03 10 01 55.0000000  0 18       0.000000000000
G02  20307396.658 9 106716068.638 9      -403.293 9        56.051 9                                                                  20307396.658 8 106716068.638 8      -403.293 8        53.051 8
G09  25296724.449 9 132935124.142 9     -2812.300 9        54.143 9                                                                  25296724.449 8 132935124.142 8     -2812.300 8        51.143 8
G13  25218514.729 9 132524120.029 9      1204.864 9        54.170 9                                                                  25218514.729 8 132524120.029 8      1204.864 8        51.170 8
G29  24857475.499 9 130626867.968 9      3071.885 9        54.295 9                                                                  24857475.499 8 130626867.968 8      3071.885 8        51.295 8
G10  22339348.111 9 117394031.861 9      3231.373 9        55.223 9                                                                  22339348.111 8 117394031.861 8      3231.373 8        52.223 8
G12  20801286.936 9 109311477.902 9       142.581 9        55.842 9                                                                  20801286.936 8 109311477.902 8       142.581 8        52.842 8
G17  24721857.770 9 129914172.012 9     -2957.414 9        54.342 9                                                                  24721857.770 8 129914172.012 8     -2957.414 8        51.342 8
G24  24319694.844 9 127800810.720 9      3049.539 9        54.485 9                                                                  24319694.844 8 127800810.720 8      3049.539 8        51.485 8
G30  22565848.792 9 118584303.659 9      2304.887 9        55.135 9                                                                  22565848.792 8 118584303.659 8      2304.887 8        52.135 8
G05  21254549.626 9 111693387.446 9       641.886 9        55.655 9                                                                  21254549.626 8 111693387.446 8       641.886 8        52.655 8
G04  21973432.633 9 115471137.152 9     -2485.308 9        55.366 9                                                                  21973432.633 8 115471137.152 8     -2485.308 8        52.366 8
E04                                                                  23385232.107 9 122890190.983 9      -163.261 9        57.938 9  23385232.107 9 122890190.983 9      -163.261 9        57.938 9
E05                                                                  26154499.221 9 137442757.097 9     -2066.011 9        56.966 9  26154499.221 9 137442757.097 9     -2066.011 9        56.966 9
E11                                                                  26686048.787 9 140236068.683 9     -2420.322 9        56.791 9  26686048.787 9 140236068.683 9     -2420.322 9        56.791 9
E20                                                                  27882169.213 9 146521709.327 9     -1691.532 9        56.410 9  27882169.213 9 146521709.327 9     -1691.532 9        56.410 9
E09                                                                  24978442.439 9 131262551.693 9      2558.609 9        57.365 9  24978442.439 9 131262551.693 9      2558.609 9        57.365 9
E10                                                                  23770118.784 9 124912781.276 9       -20.197 9        57.796 9  23770118.784 9 124912781.276 9       -20.197 9        57.796 9
E03                                                                  25026840.404 9 131516891.993 9      1943.364 9        57.348 9  25026840.404 9 131516891.993 9      1943.364 9        57.348 9
> 2026 02 03 10 01 56.0000000  0 18       0.000000000000
G02  20307473.440 9 106716472.126 9      -403.686 9        56.051 9                                                                  20307473.440 8 106716472.126 8      -403.686 8        53.051 8
G09  25297259.607 9 132937936.407 9     -2812.244 9        54.143 9                                                                  25297259.607 8 132937936.407 8     -2812.244 8        51.143 8
G13  25218285.494 9 132522915.398 9      1204.409 9        54.170 9                                                                  25218285.494 8 132522915.398 8      1204.409 8        51.170 8
G29  24856890.936 9 130623796.070 9      3071.910 9        54.295 9                                                                  24856890.936 8 130623796.070 8      3071.910 8        51.295 8
G10  22338733.232 9 117390800.652 9      3231.054 9        55.223 9                                                                  22338733.232 8 117390800.652 8      3231.054 8        52.223 8
G12  20801259.867 9 109311335.653 9       141.916 9        55.842 9                                                                  20801259.867 8 109311335.653 8       141.916 8        52.842 8
G17  24722420.558 9 129917129.472 9     -2957.539 9        54.342 9                                                                  24722420.558 8 129917129.472 8     -2957.539 8        51.342 8
G24  24319114.551 9 127797761.264 9      3049.374 9        54.485 9                                                                  24319114.551 8 127797761.264 8      3049.374 8        51.485 8
G30  22565410.233 9 118581999.017 9      2304.398 9        55.135 9                                                                  22565410.233 8 118581999.017 8      2304.398 8        52.135 8
G05  21254427.542 9 111692745.888 9       641.228 9        55.655 9                                                                  21254427.542 8 111692745.888 8       641.228 8        52.655 8
G04  21973905.589 9 115473622.546 9     -2485.493 9        55.366 9                                                                  21973905.589 8 115473622.546 8     -2485.493 8        52.366 8
E04                                                                  23385263.198 9 122890354.368 9      -163.510 9        57.938 9  23385263.198 9 122890354.368 9      -163.510 9        57.938 9
E05                                                                  26154892.386 9 137444823.184 9     -2066.182 9        56.965 9  26154892.386 9 137444823.184 9     -2066.182 9        56.965 9
E11                                                                  26686509.382 9 140238489.118 9     -2420.566 9        56.791 9  26686509.382 9 140238489.118 9     -2420.566 9        56.791 9
E20                                                                  27882491.131 9 146523401.005 9     -1691.838 9        56.410 9  27882491.131 9 146523401.005 9     -1691.838 9        56.410 9
E09                                                                  24977955.578 9 131259993.228 9      2558.331 9        57.365 9  24977955.578 9 131259993.228 9      2558.331 9        57.365 9
E10                                                                  23770122.672 9 124912801.708 9       -20.667 9        57.796 9  23770122.672 9 124912801.708 9       -20.667 9        57.796 9
E03                                                                  25026470.602 9 131514948.675 9      1943.274 9        57.348 9  25026470.602 9 131514948.675 9      1943.274 9        57.348 9
> 2026 02 03 10 01 57.0000000  0 18       0.000000000000
G02  20307550.296 9 106716876.008 9      -404.079 9        56.051 9                                                                  20307550.296 8 106716876.008 8      -404.079 8        53.051 8
G09  25297794.755 9 132940748.617 9     -2812.188 9        54.142 9                                                                  25297794.755 8 132940748.617 8     -2812.188 8        51.142 8
G13  25218056.346 9 132521711.222 9      1203.954 9        54.170 9                                                                  25218056.346 8 132521711.222 8      1203.954 8        51.170 8
G29  24856306.368 9 130620724.146 9      3071.935 9        54.295 9                                                                  24856306.368 8 130620724.146 8      3071.935 8        51.295 8
G10  22338118.413 9 117387569.762 9      3230.734 9        55.223 9                                                                  22338118.413 8 117387569.762 8      3230.734 8        52.223 8
G12  20801232.925 9 109311194.068 9       141.252 9        55.842 9                                                                  20801232.925 8 109311194.068 8       141.252 8        52.842 8
G17  24722983.370 9 129920087.057 9     -2957.663 9        54.342 9                                                                  24722983.370 8 129920087.057 8     -2957.663 8        51.342 8
G24  24318534.290 9 127794711.973 9      3049.209 9        54.485 9                                                                  24318534.290 8 127794711.973 8      3049.209 8        51.485 8
G30  22564971.767 9 118579694.864 9      2303.909 9        55.135 9                                                                  22564971.767 8 118579694.864 8      2303.909 8        52.135 8
G05  21254305.582 9 111692104.987 9       640.571 9        55.655 9                                                                  21254305.582 8 111692104.987 8       640.571 8        52.655 8
G04  21974378.580 9 115476108.126 9     -2485.678 9        55.366 9                                                                  21974378.580 8 115476108.126 8     -2485.678 8        52.366 8
E04                                                                  23385294.337 9 122890518.002 9      -163.759 9        57.938 9  23385294.337 9 122890518.002 9      -163.759 9        57.938 9
E05                                                                  26155285.583 9 137446889.440 9     -2066.352 9        56.965 9  26155285.583 9 137446889.440 9     -2066.352 9        56.965 9
E11                                                                  26686970.023 9 140240909.796 9     -2420.809 9        56.790 9  26686970.023 9 140240909.796 9     -2420.809 9        56.790 9
E20                                                                  27882813.106 9 146525092.990 9     -1692.144 9        56.410 9  27882813.106 9 146525092.990 9     -1692.144 9        56.410 9
E09                                                                  24977468.770 9 131257435.042 9      2558.052 9        57.366 9  24977468.770 9 131257435.042 9      2558.052 9        57.366 9
E10                                                                  23770126.650 9 124912822.610 9       -21.137 9        57.796 9  23770126.650 9 124912822.610 9       -21.137 9        57.796 9
E03                                                                  25026100.818 9 131513005.446 9      1943.184 9        57.349 9  25026100.818 9 131513005.446 9      1943.184 9        57.349 9
> 2026 02 03 10 01 58.0000000  0 18       0.000000000000
G02  20307627.227 9 106717280.282 9      -404.471 9        56.051 9                                                                  20307627.227 8 106717280.282 8      -404.471 8        53.051 8
G09  25298329.891 9 132943560.769 9     -2812.132 9        54.142 9                                                                  25298329.891 8 132943560.769 8     -2812.132 8        51.142 8
G13  25217827.285 9 132520507.500 9      1203.500 9        54.170 9                                                                  25217827.285 8 132520507.500 8      1203.500 8        51.170 8
G29  24855721.795 9 130617652.198 9      3071.960 9        54.296 9                                                                  24855721.795 8 130617652.198 8      3071.960 8        51.296 8
G10  22337503.655 9 117384339.192 9      3230.415 9        55.223 9                                                                  22337503.655 8 117384339.192 8      3230.415 8        52.223 8
G12  20801206.108 9 109311053.147 9       140.587 9        55.842 9                                                                  20801206.108 8 109311053.147 8       140.587 8        52.842 8
G17  24723546.206 9 129923044.766 9     -2957.787 9        54.342 9                                                                  24723546.206 8 129923044.766 8     -2957.787 8        51.342 8
G24  24317954.059 9 127791662.847 9      3049.044 9        54.486 9                                                                  24317954.059 8 127791662.847 8      3049.044 8        51.486 8
G30  22564533.394 9 118577391.199 9      2303.420 9        55.136 9                                                                  22564533.394 8 118577391.199 8      2303.420 8        52.136 8
G05  21254183.748 9 111691464.744 9       639.914 9        55.655 9                                                                  21254183.748 8 111691464.744 8       639.914 8        52.655 8
G04  21974851.606 9 115478593.890 9     -2485.863 9        55.366 9                                                                  21974851.606 8 115478593.890 8     -2485.863 8        52.366 8
E04                                                                  23385325.523 9 122890681.884 9      -164.008 9        57.938 9  23385325.523 9 122890681.884 9      -164.008 9        57.938 9
E05                                                                  26155678.812 9 137448955.867 9     -2066.522 9        56.965 9  26155678.812 9 137448955.867 9     -2066.522 9        56.965 9
E11                                                                  26687430.711 9 140243330.717 9     -2421.053 9        56.790 9  26687430.711 9 140243330.717 9     -2421.053 9        56.790 9
E20                                                                  27883135.140 9 146526785.279 9     -1692.449 9        56.410 9  27883135.140 9 146526785.279 9     -1692.449 9        56.410 9
E09                                                                  24976982.016 9 131254877.134 9      2557.774 9        57.366 9  24976982.016 9 131254877.134 9      2557.774 9        57.366 9
E10                                                                  23770130.716 9 124912843.982 9       -21.607 9        57.796 9  23770130.716 9 124912843.982 9       -21.607 9        57.796 9
E03                                                                  25025731.051 9 131511062.309 9      1943.094 9        57.349 9  25025731.051 9 131511062.309 9      1943.094 9        57.349 9
> 2026 02 03 10 01 59.0000000  0 18       0.000000000000
G02  20307704.233 9 106717684.948 9      -404.864 9        56.051 9                                                                  20307704.233 8 106717684.948 8      -404.864 8        53.051 8
G09  25298865.017 9 132946372.866 9     -2812.075 9        54.142 9                                                                  25298865.017 8 132946372.866 8     -2812.075 8        51.142 8
G13  25217598.310 9 132519304.233 9      1203.045 9        54.170 9                                                                  25217598.310 8 132519304.233 8      1203.045 8        51.170 8
G29  24855137.217 9 130614580.224 9      3071.985 9        54.296 9                                                                  24855137.217 8 130614580.224 8      3071.985 8        51.296 8
G10  22336888.958 9 117381108.941 9      3230.096 9        55.224 9                                                                  22336888.958 8 117381108.941 8      3230.096 8        52.224 8
G12  20801179.419 9 109310912.891 9       139.923 9        55.842 9                                                                  20801179.419 8 109310912.891 8       139.923 8        52.842 8
G17  24724109.065 9 129926002.599 9     -2957.911 9        54.342 9                                                                  24724109.065 8 129926002.599 8     -2957.911 8        51.342 8
G24  24317373.861 9 127788613.886 9      3048.879 9        54.486 9                                                                  24317373.861 8 127788613.886 8      3048.879 8        51.486 8
G30  22564095.114 9 118575088.024 9      2302.930 9        55.136 9                                                                  22564095.114 8 118575088.024 8      2302.930 8        52.136 8
G05  21254062.039 9 111690825.158 9       639.257 9        55.655 9                                                                  21254062.039 8 111690825.158 8       639.257 8        52.655 8
G04  21975324.667 9 115481079.839 9     -2486.048 9        55.365 9                                                                  21975324.667 8 115481079.839 8     -2486.048 8        52.365 8
E04                                                                  23385356.756 9 122890846.016 9      -164.257 9        57.938 9  23385356.756 9 122890846.016 9      -164.257 9        57.938 9
E05                                                                  26156072.074 9 137451022.465 9     -2066.692 9        56.965 9  26156072.074 9 137451022.465 9     -2066.692 9        56.965 9
E11                                                                  26687891.445 9 140245751.883 9     -2421.296 9        56.790 9  26687891.445 9 140245751.883 9     -2421.296 9        56.790 9
E20                                                                  27883457.232 9 146528477.875 9     -1692.754 9        56.410 9  27883457.232 9 146528477.875 9     -1692.754 9        56.410 9
E09                                                                  24976495.314 9 131252319.504 9      2557.495 9        57.366 9  24976495.314 9 131252319.504 9      2557.495 9        57.366 9
E10                                                                  23770134.873 9 124912865.825 9       -22.077 9        57.796 9  23770134.873 9 124912865.825 9       -22.077 9        57.796 9
E03                                                                  25025361.300 9 131509119.260 9      1943.004 9        57.349 9  25025361.300 9 131509119.260 9      1943.004 9        57.349 9
> 2026 02 03 10 02  0.0000000  0 18       0.000000000000
G02  20307781.313 9 106718090.007 9      -405.256 9        56.051 9                                                                  20307781.313 8 106718090.007 8      -405.256 8        53.051 8
G09  25299400.133 9 132949184.907 9     -2812.019 9        54.142 9                                                                  25299400.133 8 132949184.907 8     -2812.019 8        51.142 8
G13  25217369.422 9 132518101.421 9      1202.590 9        54.170 9                                                                  25217369.422 8 132518101.421 8      1202.590 8        51.170 8
G29  24854552.635 9 130611508.226 9      3072.010 9        54.296 9                                                                  24854552.635 8 130611508.226 8      3072.010 8        51.296 8
G10  22336274.322 9 117377879.009 9      3229.776 9        55.224 9                                                                  22336274.322 8 117377879.009 8      3229.776 8        52.224 8
G12  20801152.856 9 109310773.300 9       139.258 9        55.842 9                                                                  20801152.856 8 109310773.300 8       139.258 8        52.842 8
G17  24724671.948 9 129928960.556 9     -2958.036 9        54.341 9                                                                  24724671.948 8 129928960.556 8     -2958.036 8        51.341 8
G24  24316793.694 9 127785565.090 9      3048.714 9        54.486 9                                                                  24316793.694 8 127785565.090 8      3048.714 8        51.486 8
G30  22563656.927 9 118572785.339 9      2302.441 9        55.136 9                                                                  22563656.927 8 118572785.339 8      2302.441 8        52.136 8
G05  21253940.455 9 111690186.229 9       638.599 9        55.655 9                                                                  21253940.455 8 111690186.229 8       638.599 8        52.655 8
G04  21975797.763 9 115483565.972 9     -2486.232 9        55.365 9                                                                  21975797.763 8 115483565.972 8     -2486.232 8        52.365 8
E04                                                                  23385388.037 9 122891010.396 9      -164.506 9        57.938 9  23385388.037 9 122891010.396 9      -164.506 9        57.938 9
E05                                                                  26156465.368 9 137453089.232 9     -2066.862 9        56.965 9  26156465.368 9 137453089.232 9     -2066.862 9        56.965 9
E11                                                                  26688352.225 9 140248173.291 9     -2421.539 9        56.790 9  26688352.225 9 140248173.291 9     -2421.539 9        56.790 9
E20                                                                  27883779.382 9 146530170.775 9     -1693.060 9        56.409 9  27883779.382 9 146530170.775 9     -1693.060 9        56.409 9
E09                                                                  24976008.665 9 131249762.153 9      2557.217 9        57.366 9  24976008.665 9 131249762.153 9      2557.217 9        57.366 9
E10                                                                  23770139.119 9 124912888.138 9       -22.548 9        57.796 9  23770139.119 9 124912888.138 9       -22.548 9        57.796 9
E03                                                                  25024991.567 9 131507176.303 9      1942.913 9        57.349 9  25024991.567 9 131507176.303 9      1942.913 9        57.349 9
> 2026 02 03 10 02  1.0000000  0 18       0.000000000000
G02  20307858.468 9 106718495.458 9      -405.648 9        56.051 9                                                                  20307858.468 8 106718495.458 8      -405.648 8        53.051 8
G09  25299935.237 9 132951996.891 9     -2811.962 9        54.142 9                                                                  25299935.237 8 132951996.891 8     -2811.962 8        51.142 8
G13  25217140.620 9 132516899.063 9      1202.135 9        54.170 9                                                                  25217140.620 8 132516899.063 8      1202.135 8        51.170 8
G29  24853968.048 9 130608436.202 9      3072.035 9        54.296 9                                                                  24853968.048 8 130608436.202 8      3072.035 8        51.296 8
G10  22335659.746 9 117374649.397 9      3229.457 9        55.224 9                                                                  22335659.746 8 117374649.397 8      3229.457 8        52.224 8
G12  20801126.419 9 109310634.373 9       138.594 9        55.842 9                                                                  20801126.419 8 109310634.373 8       138.594 8        52.842 8
G17  24725234.855 9 129931918.638 9     -2958.160 9        54.341 9                                                                  24725234.855 8 129931918.638 8     -2958.160 8        51.341 8
G24  24316213.558 9 127782516.459 9      3048.549 9        54.486 9                                                                  24316213.558 8 127782516.459 8      3048.549 8        51.486 8
G30  22563218.833 9 118570483.142 9      2301.952 9        55.136 9                                                                  22563218.833 8 118570483.142 8      2301.952 8        52.136 8
G05  21253818.996 9 111689547.958 9       637.942 9        55.655 9                                                                  21253818.996 8 111689547.958 8       637.942 8        52.655 8
G04  21976270.895 9 115486052.291 9     -2486.417 9        55.365 9                                                                  21976270.895 8 115486052.291 8     -2486.417 8        52.365 8
E04                                                                  23385419.365 9 122891175.026 9      -164.755 9        57.938 9  23385419.365 9 122891175.026 9      -164.755 9        57.938 9
E05                                                                  26156858.695 9 137455156.170 9     -2067.033 9        56.965 9  26156858.695 9 137455156.170 9     -2067.033 9        56.965 9
E11                                                                  26688813.051 9 140250594.942 9     -2421.782 9        56.790 9  26688813.051 9 140250594.942 9     -2421.782 9        56.790 9
E20                                                                  27884101.590 9 146531863.981 9     -1693.365 9        56.409 9  27884101.590 9 146531863.981 9     -1693.365 9        56.409 9
E09                                                                  24975522.070 9 131247205.081 9      2556.938 9        57.366 9  24975522.070 9 131247205.081 9      2556.938 9        57.366 9
E10                                                                  23770143.454 9 124912910.920 9       -23.018 9        57.796 9  23770143.454 9 124912910.920 9       -23.018 9        57.796 9
E03                                                                  25024621.852 9 131505233.436 9      1942.823 9        57.349 9  25024621.852 9 131505233.436 9      1942.823 9        57.349 9
> 2026 02 03 10 02  2.0000000  0 18       0.000000000000
G02  20307935.698 9 106718901.302 9      -406.041 9        56.051 9                                                                  20307935.698 8 106718901.302 8      -406.041 8        53.051 8
G09  25300470.331 9 132954808.818 9     -2811.906 9        54.141 9                                                                  25300470.331 8 132954808.818 8     -2811.906 8        51.141 8
G13  25216911.904 9 132515697.161 9      1201.680 9        54.170 9                                                                  25216911.904 8 132515697.161 8      1201.680 8        51.170 8
G29  24853383.456 9 130605364.153 9      3072.060 9        54.296 9                                                                  24853383.456 8 130605364.153 8      3072.060 8        51.296 8
G10  22335045.232 9 117371420.105 9      3229.137 9        55.224 9                                                                  22335045.232 8 117371420.105 8      3229.137 8        52.224 8
G12  20801100.108 9 109310496.110 9       137.929 9        55.842 9                                                                  20801100.108 8 109310496.110 8       137.929 8        52.842 8
G17  24725797.785 9 129934876.843 9     -2958.284 9        54.341 9                                                                  24725797.785 8 129934876.843 8     -2958.284 8        51.341 8
G24  24315633.453 9 127779467.993 9      3048.384 9        54.486 9                                                                  24315633.453 8 127779467.993 8      3048.384 8        51.486 8
G30  22562780.832 9 118568181.435 9      2301.462 9        55.136 9                                                                  22562780.832 8 118568181.435 8      2301.462 8        52.136 8
G05  21253697.662 9 111688910.344 9       637.284 9        55.655 9                                                                  21253697.662 8 111688910.344 8       637.284 8        52.655 8
G04  21976744.062 9 115488538.794 9     -2486.602 9        55.365 9                                                                  21976744.062 8 115488538.794 8     -2486.602 8        52.365 8
E04                                                                  23385450.741 9 122891339.904 9      -165.004 9        57.938 9  23385450.741 9 122891339.904 9      -165.004 9        57.938 9
E05                                                                  26157252.054 9 137457223.278 9     -2067.203 9        56.965 9  26157252.054 9 137457223.278 9     -2067.203 9        56.965 9
E11                                                                  26689273.924 9 140253016.836 9     -2422.025 9        56.790 9  26689273.924 9 140253016.836 9     -2422.025 9        56.790 9
E20                                                                  27884423.856 9 146533557.492 9     -1693.670 9        56.409 9  27884423.856 9 146533557.492 9     -1693.670 9        56.409 9
E09                                                                  24975035.527 9 131244648.287 9      2556.660 9        57.366 9  24975035.527 9 131244648.287 9      2556.660 9        57.366 9
E10                                                                  23770147.879 9 124912934.173 9       -23.488 9        57.796 9  23770147.879 9 124912934.173 9       -23.488 9        57.796 9
E03                                                                  25024252.153 9 131503290.658 9      1942.733 9        57.349 9  25024252.153 9 131503290.658 9      1942.733 9        57.349 9
> 2026 02 03 10 02  3.0000000  0 18       0.000000000000
G02  20308013.002 9 106719307.538 9      -406.433 9        56.051 9                                                                  20308013.002 8 106719307.538 8      -406.433 8        53.051 8
G09  25301005.414 9 132957620.689 9     -2811.849 9        54.141 9                                                                  25301005.414 8 132957620.689 8     -2811.849 8        51.141 8
G13  25216683.276 9 132514495.713 9      1201.225 9        54.170 9                                                                  25216683.276 8 132514495.713 8      1201.225 8        51.170 8
G29  24852798.859 9 130602292.080 9      3072.085 9        54.297 9                                                                  24852798.859 8 130602292.080 8      3072.085 8        51.297 8
G10  22334430.778 9 117368191.132 9      3228.817 9        55.225 9                                                                  22334430.778 8 117368191.132 8      3228.817 8        52.225 8
G12  20801073.925 9 109310358.512 9       137.265 9        55.842 9                                                                  20801073.925 8 109310358.512 8       137.265 8        52.842 8
G17  24726360.739 9 129937835.173 9     -2958.408 9        54.341 9                                                                  24726360.739 8 129937835.173 8     -2958.408 8        51.341 8
G24  24315053.380 9 127776419.692 9      3048.219 9        54.487 9                                                                  24315053.380 8 127776419.692 8      3048.219 8        51.487 8
G30  22562342.925 9 118565880.217 9      2300.973 9        55.136 9                                                                  22562342.925 8 118565880.217 8      2300.973 8        52.136 8
G05  21253576.454 9 111688273.388 9       636.627 9        55.655 9                                                                  21253576.454 8 111688273.388 8       636.627 8        52.655 8
G04  21977217.263 9 115491025.481 9     -2486.786 9        55.365 9                                                                  21977217.263 8 115491025.481 8     -2486.786 8        52.365 8
E04                                                                  23385482.164 9 122891505.032 9      -165.253 9        57.938 9  23385482.164 9 122891505.032 9      -165.253 9        57.938 9
E05                                                                  26157645.445 9 137459290.556 9     -2067.373 9        56.964 9  26157645.445 9 137459290.556 9     -2067.373 9        56.964 9
E11                                                                  26689734.843 9 140255438.974 9     -2422.269 9        56.790 9  26689734.843 9 140255438.974 9     -2422.269 9        56.790 9
E20                                                                  27884746.180 9 146535251.309 9     -1693.975 9        56.409 9  27884746.180 9 146535251.309 9     -1693.975 9        56.409 9
E09                                                                  24974549.037 9 131242091.771 9      2556.381 9        57.367 9  24974549.037 9 131242091.771 9      2556.381 9        57.367 9
E10                                                                  23770152.394 9 124912957.897 9       -23.958 9        57.796 9  23770152.394 9 124912957.897 9       -23.958 9        57.796 9
E03                                                                  25023882.472 9 131501347.971 9      1942.643 9        57.349 9  25023882.472 9 131501347.971 9      1942.643 9        57.349 9
> 2026 02 03 10 02  4.0000000  0 18       0.000000000000
G02  20308090.381 9 106719714.166 9      -406.825 9        56.051 9                                                                  20308090.381 8 106719714.166 8      -406.825 8        53.051 8
G09  25301540.486 9 132960432.503 9     -2811.792 9        54.141 9                                                                  25301540.486 8 132960432.503 8     -2811.792 8        51.141 8
G13  25216454.734 9 132513294.721 9      1200.770 9        54.170 9                                                                  25216454.734 8 132513294.721 8      1200.770 8        51.170 8
G29  24852214.258 9 130599219.981 9      3072.110 9        54.297 9                                                                  24852214.258 8 130599219.981 8      3072.110 8        51.297 8
G10  22333816.385 9 117364962.479 9      3228.497 9        55.225 9                                                                  22333816.385 8 117364962.479 8      3228.497 8        52.225 8
G12  20801047.867 9 109310221.579 9       136.600 9        55.842 9                                                                  20801047.867 8 109310221.579 8       136.600 8        52.842 8
G17  24726923.717 9 129940793.627 9     -2958.532 9        54.341 9                                                                  24726923.717 8 129940793.627 8     -2958.532 8        51.341 8
G24  24314473.339 9 127773371.556 9      3048.054 9        54.487 9                                                                  24314473.339 8 127773371.556 8      3048.054 8        51.487 8
G30  22561905.111 9 118563579.489 9      2300.483 9        55.137 9                                                                  22561905.111 8 118563579.489 8      2300.483 8        52.137 8
G05  21253455.370 9 111687637.089 9       635.969 9        55.655 9                                                                  21253455.370 8 111687637.089 8       635.969 8        52.655 8
G04  21977690.500 9 115493512.353 9     -2486.971 9        55.364 9                                                                  21977690.500 8 115493512.353 8     -2486.971 8        52.364 8
E04                                                                  23385513.634 9 122891670.408 9      -165.502 9        57.938 9  23385513.634 9 122891670.408 9      -165.502 9        57.938 9
E05                                                                  26158038.869 9 137461358.004 9     -2067.543 9        56.964 9  26158038.869 9 137461358.004 9     -2067.543 9        56.964 9
E11                                                                  26690195.808 9 140257861.354 9     -2422.511 9        56.789 9  26690195.808 9 140257861.354 9     -2422.511 9        56.789 9
E20                                                                  27885068.562 9 146536945.430 9     -1694.280 9        56.409 9  27885068.562 9 146536945.430 9     -1694.280 9        56.409 9
E09                                                                  24974062.601 9 131239535.534 9      2556.102 9        57.367 9  24974062.601 9 131239535.534 9      2556.102 9        57.367 9
E10                                                                  23770156.997 9 124912982.090 9       -24.428 9        57.796 9  23770156.997 9 124912982.090 9       -24.428 9        57.796 9
E03                                                                  25023512.807 9 131499405.375 9      1942.552 9        57.350 9  25023512.807 9 131499405.375 9      1942.552 9        57.350 9
> 2026 02 03 10 02  5.0000000  0 18       0.000000000000
G02  20308167.835 9 106720121.187 9      -407.218 9        56.051 9                                                                  20308167.835 8 106720121.187 8      -407.218 8        53.051 8
G09  25302075.547 9 132963244.260 9     -2811.735 9        54.141 9                                                                  25302075.547 8 132963244.260 8     -2811.735 8        51.141 8
G13  25216226.278 9 132512094.184 9      1200.315 9        54.170 9                                                                  25216226.278 8 132512094.184 8      1200.315 8        51.170 8
G29  24851629.652 9 130596147.857 9      3072.135 9        54.297 9                                                                  24851629.652 8 130596147.857 8      3072.135 8        51.297 8
G10  22333202.053 9 117361734.146 9      3228.177 9        55.225 9                                                                  22333202.053 8 117361734.146 8      3228.177 8        52.225 8
G12  20801021.936 9 109310085.310 9       135.936 9        55.842 9                                                                  20801021.936 8 109310085.310 8       135.936 8        52.842 8
G17  24727486.718 9 129943752.206 9     -2958.657 9        54.340 9                                                                  24727486.718 8 129943752.206 8     -2958.657 8        51.340 8
G24  24313893.328 9 127770323.585 9      3047.888 9        54.487 9                                                                  24313893.328 8 127770323.585 8      3047.888 8        51.487 8
G30  22561467.389 9 118561279.251 9      2299.993 9        55.137 9                                                                  22561467.389 8 118561279.251 8      2299.993 8        52.137 8
G05  21253334.412 9 111687001.447 9       635.312 9        55.656 9                                                                  21253334.412 8 111687001.447 8       635.312 8        52.656 8
G04  21978163.772 9 115495999.410 9     -2487.155 9        55.364 9                                                                  21978163.772 8 115495999.410 8     -2487.155 8        52.364 8
E04                                                                  23385545.151 9 122891836.034 9      -165.751 9        57.938 9  23385545.151 9 122891836.034 9      -165.751 9        57.938 9
E05                                                                  26158432.325 9 137463425.623 9     -2067.713 9        56.964 9  26158432.325 9 137463425.623 9     -2067.713 9        56.964 9
E11                                                                  26690656.819 9 140260283.978 9     -2422.754 9        56.789 9  26690656.819 9 140260283.978 9     -2422.754 9        56.789 9
E20                                                                  27885391.002 9 146538639.856 9     -1694.585 9        56.409 9  27885391.002 9 146538639.856 9     -1694.585 9        56.409 9
E09                                                                  24973576.217 9 131236979.576 9      2555.824 9        57.367 9  24973576.217 9 131236979.576 9      2555.824 9        57.367 9
E10                                                                  23770161.691 9 124913006.753 9       -24.898 9        57.796 9  23770161.691 9 124913006.753 9       -24.898 9        57.796 9
E03                                                                  25023143.160 9 131497462.869 9      1942.462 9        57.350 9  25023143.160 9 131497462.869 9      1942.462 9        57.350 9
> 2026 02 03 10 02  6.0000000  0 18       0.000000000000
G02  20308245.363 9 106720528.599 9      -407.610 9        56.051 9                                                                  20308245.363 8 106720528.599 8      -407.610 8        53.051 8
G09  25302610.598 9 132966055.960 9     -2811.678 9        54.141 9                                                                  25302610.598 8 132966055.960 8     -2811.678 8        51.141 8
G13  25215997.910 9 132510894.102 9      1199.860 9        54.171 9                                                                  25215997.910 8 132510894.102 8      1199.860 8        51.171 8
G29  24851045.041 9 130593075.709 9      3072.160 9        54.297 9                                                                  24851045.041 8 130593075.709 8      3072.160 8        51.297 8
G10  22332587.781 9 117358506.134 9      3227.857 9        55.225 9                                                                  22332587.781 8 117358506.134 8      3227.857 8        52.225 8
G12  20800996.132 9 109309949.706 9       135.271 9        55.842 9                                                                  20800996.132 8 109309949.706 8       135.271 8        52.842 8
G17  24728049.743 9 129946710.908 9     -2958.781 9        54.340 9                                                                  24728049.743 8 129946710.908 8     -2958.781 8        51.340 8
G24  24313313.350 9 127767275.780 9      3047.723 9        54.487 9                                                                  24313313.350 8 127767275.780 8      3047.723 8        51.487 8
G30  22561029.762 9 118558979.503 9      2299.504 9        55.137 9                                                                  22561029.762 8 118558979.503 8      2299.504 8        52.137 8
G05  21253213.578 9 111686366.463 9       634.654 9        55.656 9                                                                  21253213.578 8 111686366.463 8       634.654 8        52.656 8
G04  21978637.079 9 115498486.651 9     -2487.340 9        55.364 9                                                                  21978637.079 8 115498486.651 8     -2487.340 8        52.364 8
E04                                                                  23385576.716 9 122892001.909 9      -166.000 9        57.938 9  23385576.716 9 122892001.909 9      -166.000 9        57.938 9
E05                                                                  26158825.814 9 137465493.412 9     -2067.884 9        56.964 9  26158825.814 9 137465493.412 9     -2067.884 9        56.964 9
E11                                                                  26691117.877 9 140262706.844 9     -2422.997 9        56.789 9  26691117.877 9 140262706.844 9     -2422.997 9        56.789 9
E20                                                                  27885713.500 9 146540334.588 9     -1694.890 9        56.409 9  27885713.500 9 146540334.588 9     -1694.890 9        56.409 9
E09                                                                  24973089.886 9 131234423.897 9      2555.545 9        57.367 9  24973089.886 9 131234423.897 9      2555.545 9        57.367 9
E10                                                                  23770166.473 9 124913031.887 9       -25.368 9        57.796 9  23770166.473 9 124913031.887 9       -25.368 9        57.796 9
E03                                                                  25022773.530 9 131495520.453 9      1942.372 9        57.350 9  25022773.530 9 131495520.453 9      1942.372 9        57.350 9
> 2026 02 03 10 02  7.0000000  0 18       0.000000000000
G02  20308322.966 9 106720936.404 9      -408.002 9        56.051 9                                                                  20308322.966 8 106720936.404 8      -408.002 8        53.051 8
G09  25303145.638 9 132968867.603 9     -2811.621 9        54.141 9                                                                  25303145.638 8 132968867.603 8     -2811.621 8        51.141 8
G13  25215769.627 9 132509694.475 9      1199.405 9        54.171 9                                                                  25215769.627 8 132509694.475 8      1199.405 8        51.171 8
G29  24850460.426 9 130590003.536 9      3072.185 9        54.297 9                                                                  24850460.426 8 130590003.536 8      3072.185 8        51.297 8
G10  22331973.571 9 117355278.441 9      3227.537 9        55.226 9                                                                  22331973.571 8 117355278.441 8      3227.537 8        52.226 8
G12  20800970.454 9 109309814.766 9       134.606 9        55.842 9                                                                  20800970.454 8 109309814.766 8       134.606 8        52.842 8
G17  24728612.791 9 129949669.735 9     -2958.905 9        54.340 9                                                                  24728612.791 8 129949669.735 8     -2958.905 8        51.340 8
G24  24312733.402 9 127764228.139 9      3047.558 9        54.487 9                                                                  24312733.402 8 127764228.139 8      3047.558 8        51.487 8
G30  22560592.227 9 118556680.244 9      2299.014 9        55.137 9                                                                  22560592.227 8 118556680.244 8      2299.014 8        52.137 8
G05  21253092.870 9 111685732.137 9       633.997 9        55.656 9                                                                  21253092.870 8 111685732.137 8       633.997 8        52.656 8
G04  21979110.422 9 115500974.076 9     -2487.524 9        55.364 9                                                                  21979110.422 8 115500974.076 8     -2487.524 8        52.364 8
E04                                                                  23385608.329 9 122892168.032 9      -166.249 9        57.937 9  23385608.329 9 122892168.032 9      -166.249 9        57.937 9
E05                                                                  26159219.335 9 137467561.370 9     -2068.054 9        56.964 9  26159219.335 9 137467561.370 9     -2068.054 9        56.964 9
E11                                                                  26691578.980 9 140265129.953 9     -2423.240 9        56.789 9  26691578.980 9 140265129.953 9     -2423.240 9        56.789 9
E20                                                                  27886036.057 9 146542029.624 9     -1695.195 9        56.409 9  27886036.057 9 146542029.624 9     -1695.195 9        56.409 9
E09                                                                  24972603.609 9 131231868.496 9      2555.266 9        57.367 9  24972603.609 9 131231868.496 9      2555.266 9        57.367 9
E10                                                                  23770171.345 9 124913057.490 9       -25.839 9        57.796 9  23770171.345 9 124913057.490 9       -25.839 9        57.796 9
E03                                                                  25022403.918 9 131493578.127 9      1942.281 9        57.350 9  25022403.918 9 131493578.127 9      1942.281 9        57.350 9
> 2026 02 03 10 02  8.0000000  0 18       0.000000000000
G02  20308400.643 9 106721344.601 9      -408.394 9        56.051 9                                                                  20308400.643 8 106721344.601 8      -408.394 8        53.051 8
G09  25303680.666 9 132971679.189 9     -2811.564 9        54.140 9                                                                  25303680.666 8 132971679.189 8     -2811.564 8        51.140 8
G13  25215541.432 9 132508495.303 9      1198.949 9        54.171 9                                                                  25215541.432 8 132508495.303 8      1198.949 8        51.171 8
G29  24849875.805 9 130586931.338 9      3072.209 9        54.298 9                                                                  24849875.805 8 130586931.338 8      3072.209 8        51.298 8
G10  22331359.422 9 117352051.069 9      3227.216 9        55.226 9                                                                  22331359.422 8 117352051.069 8      3227.216 8        52.226 8
G12  20800944.902 9 109309680.491 9       133.942 9        55.842 9                                                                  20800944.902 8 109309680.491 8       133.942 8        52.842 8
G17  24729175.863 9 129952628.686 9     -2959.029 9        54.340 9                                                                  24729175.863 8 129952628.686 8     -2959.029 8        51.340 8
G24  24312153.486 9 127761180.664 9      3047.393 9        54.488 9                                                                  24312153.486 8 127761180.664 8      3047.393 8        51.488 8
G30  22560154.785 9 118554381.475 9      2298.524 9        55.137 9                                                                  22560154.785 8 118554381.475 8      2298.524 8        52.137 8
G05  21252972.287 9 111685098.468 9       633.339 9        55.656 9                                                                  21252972.287 8 111685098.468 8       633.339 8        52.656 8
G04  21979583.799 9 115503461.686 9     -2487.708 9        55.364 9                                                                  21979583.799 8 115503461.686 8     -2487.708 8        52.364 8
E04                                                                  23385639.989 9 122892334.405 9      -166.498 9        57.937 9  23385639.989 9 122892334.405 9      -166.498 9        57.937 9
E05                                                                  26159612.888 9 137469629.499 9     -2068.224 9        56.964 9  26159612.888 9 137469629.499 9     -2068.224 9        56.964 9
E11                                                                  26692040.130 9 140267553.305 9     -2423.483 9        56.789 9  26692040.130 9 140267553.305 9     -2423.483 9        56.789 9
E20                                                                  27886358.671 9 146543724.965 9     -1695.500 9        56.409 9  27886358.671 9 146543724.965 9     -1695.500 9        56.409 9
E09                                                                  24972117.384 9 131229313.375 9      2554.987 9        57.367 9  24972117.384 9 131229313.375 9      2554.987 9        57.367 9
E10                                                                  23770176.307 9 124913083.564 9       -26.309 9        57.796 9  23770176.307 9 124913083.564 9       -26.309 9        57.796 9
E03                                                                  25022034.322 9 131491635.892 9      1942.190 9        57.350 9  25022034.322 9 131491635.892 9      1942.190 9        57.350 9
> 2026 02 03 10 02  9.0000000  0 18       0.000000000000
G02  20308478.395 9 106721753.190 9      -408.786 9        56.051 9                                                                  20308478.395 8 106721753.190 8      -408.786 8        53.051 8
G09  25304215.684 9 132974490.717 9     -2811.507 9        54.140 9                                                                  25304215.684 8 132974490.717 8     -2811.507 8        51.140 8
G13  25215313.323 9 132507296.587 9      1198.494 9        54.171 9                                                                  25215313.323 8 132507296.587 8      1198.494 8        51.171 8
G29  24849291.180 9 130583859.115 9      3072.234 9        54.298 9                                                                  24849291.180 8 130583859.115 8      3072.234 8        51.298 8
G10  22330745.334 9 117348824.017 9      3226.896 9        55.226 9                                                                  22330745.334 8 117348824.017 8      3226.896 8        52.226 8
G12  20800919.477 9 109309546.881 9       133.277 9        55.842 9                                                                  20800919.477 8 109309546.881 8       133.277 8        52.842 8
G17  24729738.959 9 129955587.761 9     -2959.153 9        54.340 9                                                                  24729738.959 8 129955587.761 8     -2959.153 8        51.340 8
G24  24311573.602 9 127758133.355 9      3047.228 9        54.488 9                                                                  24311573.602 8 127758133.355 8      3047.228 8        51.488 8
G30  22559717.437 9 118552083.196 9      2298.034 9        55.137 9                                                                  22559717.437 8 118552083.196 8      2298.034 8        52.137 8
G05  21252851.829 9 111684465.457 9       632.682 9        55.656 9                                                                  21252851.829 8 111684465.457 8       632.682 8        52.656 8
G04  21980057.211 9 115505949.480 9     -2487.892 9        55.363 9                                                                  21980057.211 8 115505949.480 8     -2487.892 8        52.363 8
E04                                                                  23385671.696 9 122892501.027 9      -166.747 9        57.937 9  23385671.696 9 122892501.027 9      -166.747 9        57.937 9
E05                                                                  26160006.474 9 137471697.798 9     -2068.394 9        56.964 9  26160006.474 9 137471697.798 9     -2068.394 9        56.964 9
E11                                                                  26692501.327 9 140269976.899 9     -2423.725 9        56.789 9  26692501.327 9 140269976.899 9     -2423.725 9        56.789 9
E20                                                                  27886681.343 9 146545420.611 9     -1695.805 9        56.409 9  27886681.343 9 146545420.611 9     -1695.805 9        56.409 9
E09                                                                  24971631.213 9 131226758.532 9      2554.708 9        57.368 9  24971631.213 9 131226758.532 9      2554.708 9        57.368 9
E10                                                                  23770181.358 9 124913110.108 9       -26.779 9        57.796 9  23770181.358 9 124913110.108 9       -26.779 9        57.796 9
E03                                                                  25021664.744 9 131489693.748 9      1942.100 9        57.350 9  25021664.744 9 131489693.748 9      1942.100 9        57.350 9
> 2026 02 03 10 02 10.0000000  0 18       0.000000000000
G02  20308556.222 9 106722162.172 9      -409.178 9        56.050 9                                                                  20308556.222 8 106722162.172 8      -409.178 8        53.050 8
G09  25304750.691 9 132977302.188 9     -2811.449 9        54.140 9                                                                  25304750.691 8 132977302.188 8     -2811.449 8        51.140 8
G13  25215085.301 9 132506098.327 9      1198.038 9        54.171 9                                                                  25215085.301 8 132506098.327 8      1198.038 8        51.171 8
G29  24848706.551 9 130580786.867 9      3072.259 9        54.298 9                                                                  24848706.551 8 130580786.867 8      3072.259 8        51.298 8
G10  22330131.306 9 117345597.285 9      3226.576 9        55.226 9                                                                  22330131.306 8 117345597.285 8      3226.576 8        52.226 8
G12  20800894.179 9 109309413.935 9       132.612 9        55.842 9                                                                  20800894.179 8 109309413.935 8       132.612 8        52.842 8
G17  24730302.078 9 129958546.960 9     -2959.277 9        54.339 9                                                                  24730302.078 8 129958546.960 8     -2959.277 8        51.339 8
G24  24310993.749 9 127755086.210 9      3047.062 9        54.488 9                                                                  24310993.749 8 127755086.210 8      3047.062 8        51.488 8
G30  22559280.182 9 118549785.408 9      2297.543 9        55.138 9                                                                  22559280.182 8 118549785.408 8      2297.543 8        52.138 8
G05  21252731.496 9 111683833.103 9       632.024 9        55.656 9                                                                  21252731.496 8 111683833.103 8       632.024 8        52.656 8
G04  21980530.659 9 115508437.457 9     -2488.076 9        55.363 9                                                                  21980530.659 8 115508437.457 8     -2488.076 8        52.363 8
E04                                                                  23385703.451 9 122892667.898 9      -166.997 9        57.937 9  23385703.451 9 122892667.898 9      -166.997 9        57.937 9
E05                                                                  26160400.092 9 137473766.268 9     -2068.564 9        56.964 9  26160400.092 9 137473766.268 9     -2068.564 9        56.964 9
E11                                                                  26692962.569 9 140272400.737 9     -2423.968 9        56.789 9  26692962.569 9 140272400.737 9     -2423.968 9        56.789 9
E20                                                                  27887004.074 9 146547116.561 9     -1696.109 9        56.408 9  27887004.074 9 146547116.561 9     -1696.109 9        56.408 9
E09                                                                  24971145.094 9 131224203.968 9      2554.429 9        57.368 9  24971145.094 9 131224203.968 9      2554.429 9        57.368 9
E10                                                                  23770186.499 9 124913137.121 9       -27.249 9        57.796 9  23770186.499 9 124913137.121 9       -27.249 9        57.796 9
E03                                                                  25021295.183 9 131487751.694 9      1942.010 9        57.350 9  25021295.183 9 131487751.694 9      1942.010 9        57.350 9
> 2026 02 03 10 02 11.0000000  0 18       0.000000000000
G02  20308634.123 9 106722571.545 9      -409.570 9        56.050 9                                                                  20308634.123 8 106722571.545 8      -409.570 8        53.050 8
G09  25305285.687 9 132980113.602 9     -2811.392 9        54.140 9                                                                  25305285.687 8 132980113.602 8     -2811.392 8        51.140 8
G13  25214857.365 9 132504900.522 9      1197.582 9        54.171 9                                                                  25214857.365 8 132504900.522 8      1197.582 8        51.171 8
G29  24848121.916 9 130577714.594 9      3072.284 9        54.298 9                                                                  24848121.916 8 130577714.594 8      3072.284 8        51.298 8
G10  22329517.340 9 117342370.874 9      3226.255 9        55.226 9                                                                  22329517.340 8 117342370.874 8      3226.255 8        52.226 8
G12  20800869.007 9 109309281.654 9       131.948 9        55.842 9                                                                  20800869.007 8 109309281.654 8       131.948 8        52.842 8
G17  24730865.221 9 129961506.283 9     -2959.401 9        54.339 9                                                                  24730865.221 8 129961506.283 8     -2959.401 8        51.339 8
G24  24310413.927 9 127752039.231 9      3046.897 9        54.488 9                                                                  24310413.927 8 127752039.231 8      3046.897 8        51.488 8
G30  22558843.021 9 118547488.109 9      2297.053 9        55.138 9                                                                  22558843.021 8 118547488.109 8      2297.053 8        52.138 8
G05  21252611.289 9 111683201.407 9       631.366 9        55.656 9                                                                  21252611.289 8 111683201.407 8       631.366 8        52.656 8
G04  21981004.141 9 115510925.620 9     -2488.261 9        55.363 9                                                                  21981004.141 8 115510925.620 8     -2488.261 8        52.363 8
E04                                                                  23385735.253 9 122892835.019 9      -167.246 9        57.937 9  23385735.253 9 122892835.019 9      -167.246 9        57.937 9
E05                                                                  26160793.743 9 137475834.907 9     -2068.734 9        56.963 9  26160793.743 9 137475834.907 9     -2068.734 9        56.963 9
E11                                                                  26693423.857 9 140274824.816 9     -2424.210 9        56.788 9  26693423.857 9 140274824.816 9     -2424.210 9        56.788 9
E20                                                                  27887326.862 9 146548812.817 9     -1696.414 9        56.408 9  27887326.862 9 146548812.817 9     -1696.414 9        56.408 9
E09                                                                  24970659.029 9 131221649.683 9      2554.150 9        57.368 9  24970659.029 9 131221649.683 9      2554.150 9        57.368 9
E10                                                                  23770191.729 9 124913164.605 9       -27.719 9        57.796 9  23770191.729 9 124913164.605 9       -27.719 9        57.796 9
E03                                                                  25020925.639 9 131485809.731 9      1941.919 9        57.350 9  25020925.639 9 131485809.731 9      1941.919 9        57.350 9
> 2026 02 03 10 02 12.0000000  0 18       0.000000000000
G02  20308712.099 9 106722981.310 9      -409.962 9        56.050 9                                                                  20308712.099 8 106722981.310 8      -409.962 8        53.050 8
G09  25305820.672 9 132982924.958 9     -2811.334 9        54.140 9                                                                  25305820.672 8 132982924.958 8     -2811.334 8        51.140 8
G13  25214629.517 9 132503703.173 9      1197.127 9        54.171 9                                                                  25214629.517 8 132503703.173 8      1197.127 8        51.171 8
G29  24847537.277 9 130574642.297 9      3072.308 9        54.298 9                                                                  24847537.277 8 130574642.297 8      3072.308 8        51.298 8
G10  22328903.434 9 117339144.784 9      3225.934 9        55.227 9                                                                  22328903.434 8 117339144.784 8      3225.934 8        52.227 8
G12  20800843.961 9 109309150.038 9       131.283 9        55.842 9                                                                  20800843.961 8 109309150.038 8       131.283 8        52.842 8
G17  24731428.388 9 129964465.730 9     -2959.525 9        54.339 9                                                                  24731428.388 8 129964465.730 8     -2959.525 8        51.339 8
G24  24309834.137 9 127748992.417 9      3046.731 9        54.488 9                                                                  24309834.137 8 127748992.417 8      3046.731 8        51.488 8
G30  22558405.952 9 118545191.301 9      2296.563 9        55.138 9                                                                  22558405.952 8 118545191.301 8      2296.563 8        52.138 8
G05  21252491.206 9 111682570.369 9       630.708 9        55.656 9                                                                  21252491.206 8 111682570.369 8       630.708 8        52.656 8
G04  21981477.658 9 115513413.966 9     -2488.445 9        55.363 9                                                                  21981477.658 8 115513413.966 8     -2488.445 8        52.363 8
E04                                                                  23385767.102 9 122893002.388 9      -167.495 9        57.937 9  23385767.102 9 122893002.388 9      -167.495 9        57.937 9
E05                                                                  26161187.425 9 137477903.717 9     -2068.905 9        56.963 9  26161187.425 9 137477903.717 9     -2068.905 9        56.963 9
E11                                                                  26693885.192 9 140277249.138 9     -2424.453 9        56.788 9  26693885.192 9 140277249.138 9     -2424.453 9        56.788 9
E20                                                                  27887649.708 9 146550509.376 9     -1696.718 9        56.408 9  27887649.708 9 146550509.376 9     -1696.718 9        56.408 9
E09                                                                  24970173.017 9 131219095.677 9      2553.871 9        57.368 9  24970173.017 9 131219095.677 9      2553.871 9        57.368 9
E10                                                                  23770197.048 9 124913192.559 9       -28.189 9        57.796 9  23770197.048 9 124913192.559 9       -28.189 9        57.796 9
E03                                                                  25020556.113 9 131483867.858 9      1941.828 9        57.351 9  25020556.113 9 131483867.858 9      1941.828 9        57.351 9
> 2026 02 03 10 02 13.0000000  0 18       0.000000000000
G02  20308790.150 9 106723391.467 9      -410.354 9        56.050 9                                                                  20308790.150 8 106723391.467 8      -410.354 8        53.050 8
G09  25306355.646 9 132985736.256 9     -2811.276 9        54.139 9                                                                  25306355.646 8 132985736.256 8     -2811.276 8        51.139 8
G13  25214401.754 9 132502506.280 9      1196.671 9        54.171 9                                                                  25214401.754 8 132502506.280 8      1196.671 8        51.171 8
G29  24846952.633 9 130571569.975 9      3072.333 9        54.299 9                                                                  24846952.633 8 130571569.975 8      3072.333 8        51.299 8
G10  22328289.590 9 117335919.014 9      3225.613 9        55.227 9                                                                  22328289.590 8 117335919.014 8      3225.613 8        52.227 8
G12  20800819.042 9 109309019.086 9       130.618 9        55.842 9                                                                  20800819.042 8 109309019.086 8       130.618 8        52.842 8
G17  24731991.578 9 129967425.301 9     -2959.649 9        54.339 9                                                                  24731991.578 8 129967425.301 8     -2959.649 8        51.339 8
G24  24309254.379 9 127745945.768 9      3046.566 9        54.489 9                                                                  24309254.379 8 127745945.768 8      3046.566 8        51.489 8
G30  22557968.977 9 118542894.983 9      2296.072 9        55.138 9                                                                  22557968.977 8 118542894.983 8      2296.072 8        52.138 8
G05  21252371.249 9 111681939.988 9       630.051 9        55.656 9                                                                  21252371.249 8 111681939.988 8       630.051 8        52.656 8
G04  21981951.211 9 115515902.496 9     -2488.629 9        55.363 9                                                                  21981951.211 8 115515902.496 8     -2488.629 8        52.363 8
E04                                                                  23385798.999 9 122893170.007 9      -167.744 9        57.937 9  23385798.999 9 122893170.007 9      -167.744 9        57.937 9
E05                                                                  26161581.141 9 137479972.697 9     -2069.075 9        56.963 9  26161581.141 9 137479972.697 9     -2069.075 9        56.963 9
E11                                                                  26694346.573 9 140279673.703 9     -2424.695 9        56.788 9  26694346.573 9 140279673.703 9     -2424.695 9        56.788 9
E20                                                                  27887972.612 9 146552206.240 9     -1697.023 9        56.408 9  27887972.612 9 146552206.240 9     -1697.023 9        56.408 9
E09                                                                  24969687.058 9 131216541.950 9      2553.592 9        57.368 9  24969687.058 9 131216541.950 9      2553.592 9        57.368 9
E10                                                                  23770202.457 9 124913220.983 9       -28.659 9        57.796 9  23770202.457 9 124913220.983 9       -28.659 9        57.796 9
E03                                                                  25020186.604 9 131481926.075 9      1941.738 9        57.351 9  25020186.604 9 131481926.075 9      1941.738 9        57.351 9
> 2026 02 03 10 02 14.0000000  0 18       0.000000000000
G02  20308868.275 9 106723802.016 9      -410.746 9        56.050 9                                                                  20308868.275 8 106723802.016 8      -410.746 8        53.050 8
G09  25306890.609 9 132988547.497 9     -2811.218 9        54.139 9                                                                  25306890.609 8 132988547.497 8     -2811.218 8        51.139 8
G13  25214174.079 9 132501309.842 9      1196.215 9        54.171 9                                                                  25214174.079 8 132501309.842 8      1196.215 8        51.171 8
G29  24846367.985 9 130568497.629 9      3072.358 9        54.299 9                                                                  24846367.985 8 130568497.629 8      3072.358 8        51.299 8
G10  22327675.807 9 117332693.566 9      3225.292 9        55.227 9                                                                  22327675.807 8 117332693.566 8      3225.292 8        52.227 8
G12  20800794.249 9 109308888.799 9       129.954 9        55.842 9                                                                  20800794.249 8 109308888.799 8       129.954 8        52.842 8
G17  24732554.791 9 129970384.996 9     -2959.773 9        54.339 9                                                                  24732554.791 8 129970384.996 8     -2959.773 8        51.339 8
G24  24308674.652 9 127742899.285 9      3046.401 9        54.489 9                                                                  24308674.652 8 127742899.285 8      3046.401 8        51.489 8
G30  22557532.095 9 118540599.156 9      2295.582 9        55.138 9                                                                  22557532.095 8 118540599.156 8      2295.582 8        52.138 8
G05  21252251.417 9 111681310.266 9       629.393 9        55.656 9                                                                  21252251.417 8 111681310.266 8       629.393 8        52.656 8
G04  21982424.798 9 115518391.210 9     -2488.812 9        55.363 9                                                                  21982424.798 8 115518391.210 8     -2488.812 8        52.363 8
E04                                                                  23385830.944 9 122893337.876 9      -167.994 9        57.937 9  23385830.944 9 122893337.876 9      -167.994 9        57.937 9
E05                                                                  26161974.888 9 137482041.847 9     -2069.245 9        56.963 9  26161974.888 9 137482041.847 9     -2069.245 9        56.963 9
E11                                                                  26694808.000 9 140282098.509 9     -2424.937 9        56.788 9  26694808.000 9 140282098.509 9     -2424.937 9        56.788 9
E20                                                                  27888295.574 9 146553903.409 9     -1697.327 9        56.408 9  27888295.574 9 146553903.409 9     -1697.327 9        56.408 9
E09                                                                  24969201.152 9 131213988.503 9      2553.313 9        57.368 9  24969201.152 9 131213988.503 9      2553.313 9        57.368 9
E10                                                                  23770207.955 9 124913249.877 9       -29.129 9        57.796 9  23770207.955 9 124913249.877 9       -29.129 9        57.796 9
E03                                                                  25019817.112 9 131479984.384 9      1941.647 9        57.351 9  25019817.112 9 131479984.384 9      1941.647 9        57.351 9
> 2026 02 03 10 02 15.0000000  0 18       0.000000000000
G02  20308946.475 9 106724212.957 9      -411.138 9        56.050 9                                                                  20308946.475 8 106724212.957 8      -411.138 8        53.050 8
G09  25307425.561 9 132991358.679 9     -2811.160 9        54.139 9                                                                  25307425.561 8 132991358.679 8     -2811.160 8        51.139 8
G13  25213946.491 9 132500113.860 9      1195.759 9        54.171 9                                                                  25213946.491 8 132500113.860 8      1195.759 8        51.171 8
G29  24845783.331 9 130565425.257 9      3072.383 9        54.299 9                                                                  24845783.331 8 130565425.257 8      3072.383 8        51.299 8
G10  22327062.085 9 117329468.438 9      3224.972 9        55.227 9                                                                  22327062.085 8 117329468.438 8      3224.972 8        52.227 8
G12  20800769.583 9 109308759.177 9       129.289 9        55.842 9                                                                  20800769.583 8 109308759.177 8       129.289 8        52.842 8
G17  24733118.029 9 129973344.815 9     -2959.897 9        54.338 9                                                                  24733118.029 8 129973344.815 8     -2959.897 8        51.338 8
G24  24308094.956 9 127739852.968 9      3046.235 9        54.489 9                                                                  24308094.956 8 127739852.968 8      3046.235 8        51.489 8
G30  22557095.307 9 118538303.819 9      2295.091 9        55.138 9                                                                  22557095.307 8 118538303.819 8      2295.091 8        52.138 8
G05  21252131.710 9 111680681.201 9       628.735 9        55.656 9                                                                  21252131.710 8 111680681.201 8       628.735 8        52.656 8
G04  21982898.421 9 115520880.108 9     -2488.996 9        55.362 9                                                                  21982898.421 8 115520880.108 8     -2488.996 8        52.362 8
E04                                                                  23385862.935 9 122893505.993 9      -168.243 9        57.937 9  23385862.935 9 122893505.993 9      -168.243 9        57.937 9
E05                                                                  26162368.668 9 137484111.167 9     -2069.415 9        56.963 9  26162368.668 9 137484111.167 9     -2069.415 9        56.963 9
E11                                                                  26695269.473 9 140284523.558 9     -2425.180 9        56.788 9  26695269.473 9 140284523.558 9     -2425.180 9        56.788 9
E20                                                                  27888618.594 9 146555600.882 9     -1697.632 9        56.408 9  27888618.594 9 146555600.882 9     -1697.632 9        56.408 9
E09                                                                  24968715.299 9 131211435.335 9      2553.034 9        57.369 9  24968715.299 9 131211435.335 9      2553.034 9        57.369 9
E10                                                                  23770213.543 9 124913279.240 9       -29.599 9        57.796 9  23770213.543 9 124913279.240 9       -29.599 9        57.796 9
E03                                                                  25019447.637 9 131478042.783 9      1941.556 9        57.351 9  25019447.637 9 131478042.783 9      1941.556 9        57.351 9
> 2026 02 03 10 02 16.0000000  0 18       0.000000000000
G02  20309024.749 9 106724624.290 9      -411.530 9        56.050 9                                                                  20309024.749 8 106724624.290 8      -411.530 8        53.050 8
G09  25307960.502 9 132994169.804 9     -2811.102 9        54.139 9                                                                  25307960.502 8 132994169.804 8     -2811.102 8        51.139 8
G13  25213718.989 9 132498918.335 9      1195.303 9        54.171 9                                                                  25213718.989 8 132498918.335 8      1195.303 8        51.171 8
G29  24845198.673 9 130562352.862 9      3072.407 9        54.299 9                                                                  24845198.673 8 130562352.862 8      3072.407 8        51.299 8
G10  22326448.424 9 117326243.632 9      3224.650 9        55.228 9                                                                  22326448.424 8 117326243.632 8      3224.650 8        52.228 8
G12  20800745.043 9 109308630.219 9       128.624 9        55.842 9                                                                  20800745.043 8 109308630.219 8       128.624 8        52.842 8
G17  24733681.290 9 129976304.758 9     -2960.021 9        54.338 9                                                                  24733681.290 8 129976304.758 8     -2960.021 8        51.338 8
G24  24307515.292 9 127736806.815 9      3046.070 9        54.489 9                                                                  24307515.292 8 127736806.815 8      3046.070 8        51.489 8
G30  22556658.612 9 118536008.973 9      2294.601 9        55.139 9                                                                  22556658.612 8 118536008.973 8      2294.601 8        52.139 8
G05  21252012.128 9 111680052.794 9       628.077 9        55.656 9                                                                  21252012.128 8 111680052.794 8       628.077 8        52.656 8
G04  21983372.078 9 115523369.189 9     -2489.180 9        55.362 9                                                                  21983372.078 8 115523369.189 8     -2489.180 8        52.362 8
E04                                                                  23385894.975 9 122893674.360 9      -168.492 9        57.937 9  23385894.975 9 122893674.360 9      -168.492 9        57.937 9
E05                                                                  26162762.481 9 137486180.657 9     -2069.585 9        56.963 9  26162762.481 9 137486180.657 9     -2069.585 9        56.963 9
E11                                                                  26695730.992 9 140286948.850 9     -2425.422 9        56.788 9  26695730.992 9 140286948.850 9     -2425.422 9        56.788 9
E20                                                                  27888941.672 9 146557298.659 9     -1697.936 9        56.408 9  27888941.672 9 146557298.659 9     -1697.936 9        56.408 9
E09                                                                  24968229.500 9 131208882.446 9      2552.754 9        57.369 9  24968229.500 9 131208882.446 9      2552.754 9        57.369 9
E10                                                                  23770219.220 9 124913309.074 9       -30.069 9        57.796 9  23770219.220 9 124913309.074 9       -30.069 9        57.796 9
E03                                                                  25019078.179 9 131476101.273 9      1941.466 9        57.351 9  25019078.179 9 131476101.273 9      1941.466 9        57.351 9
> 2026 02 03 10 02 17.0000000  0 18       0.000000000000
G02  20309103.097 9 106725036.014 9      -411.921 9        56.050 9                                                                  20309103.097 8 106725036.014 8      -411.921 8        53.050 8
G09  25308495.432 9 132996980.870 9     -2811.044 9        54.139 9                                                                  25308495.432 8 132996980.870 8     -2811.044 8        51.139 8
G13  25213491.574 9 132497723.265 9      1194.847 9        54.171 9                                                                  25213491.574 8 132497723.265 8      1194.847 8        51.171 8
G29  24844614.011 9 130559280.441 9      3072.432 9        54.299 9                                                                  24844614.011 8 130559280.441 8      3072.432 8        51.299 8
G10  22325834.824 9 117323019.146 9      3224.329 9        55.228 9                                                                  22325834.824 8 117323019.146 8      3224.329 8        52.228 8
G12  20800720.630 9 109308501.927 9       127.959 9        55.842 9                                                                  20800720.630 8 109308501.927 8       127.959 8        52.842 8
G17  24734244.574 9 129979264.825 9     -2960.145 9        54.338 9                                                                  24734244.574 8 129979264.825 8     -2960.145 8        51.338 8
G24  24306935.659 9 127733760.829 9      3045.904 9        54.489 9                                                                  24306935.659 8 127733760.829 8      3045.904 8        51.489 8
G30  22556222.010 9 118533714.618 9      2294.110 9        55.139 9                                                                  22556222.010 8 118533714.618 8      2294.110 8        52.139 8
G05  21251892.671 9 111679425.045 9       627.419 9        55.656 9                                                                  21251892.671 8 111679425.045 8       627.419 8        52.656 8
G04  21983845.770 9 115525858.455 9     -2489.364 9        55.362 9                                                                  21983845.770 8 115525858.455 8     -2489.364 8        52.362 8
E04                                                                  23385927.061 9 122893842.976 9      -168.742 9        57.937 9  23385927.061 9 122893842.976 9      -168.742 9        57.937 9
E05                                                                  26163156.326 9 137488250.318 9     -2069.756 9        56.963 9  26163156.326 9 137488250.318 9     -2069.756 9        56.963 9
E11                                                                  26696192.557 9 140289374.383 9     -2425.664 9        56.787 9  26696192.557 9 140289374.383 9     -2425.664 9        56.787 9
E20                                                                  27889264.808 9 146558996.741 9     -1698.240 9        56.408 9  27889264.808 9 146558996.741 9     -1698.240 9        56.408 9
E09                                                                  24967743.753 9 131206329.836 9      2552.475 9        57.369 9  24967743.753 9 131206329.836 9      2552.475 9        57.369 9
E10                                                                  23770224.987 9 124913339.378 9       -30.539 9        57.796 9  23770224.987 9 124913339.378 9       -30.539 9        57.796 9
E03                                                                  25018708.739 9 131474159.854 9      1941.375 9        57.351 9  25018708.739 9 131474159.854 9      1941.375 9        57.351 9
> 2026 02 03 10 02 18.0000000  0 18       0.000000000000
G02  20309181.521 9 106725448.130 9      -412.313 9        56.050 9                                                                  20309181.521 8 106725448.130 8      -412.313 8        53.050 8
G09  25309030.351 9 132999791.879 9     -2810.986 9        54.139 9                                                                  25309030.351 8 132999791.879 8     -2810.986 8        51.139 8
G13  25213264.246 9 132496528.651 9      1194.391 9        54.171 9                                                                  25213264.246 8 132496528.651 8      1194.391 8        51.171 8
G29  24844029.344 9 130556207.996 9      3072.456 9        54.300 9                                                                  24844029.344 8 130556207.996 8      3072.456 8        51.300 8
G10  22325221.285 9 117319794.982 9      3224.008 9        55.228 9                                                                  22325221.285 8 117319794.982 8      3224.008 8        52.228 8
G12  20800696.344 9 109308374.299 9       127.295 9        55.842 9                                                                  20800696.344 8 109308374.299 8       127.295 8        52.842 8
G17  24734807.882 9 129982225.016 9     -2960.269 9        54.338 9                                                                  24734807.882 8 129982225.016 8     -2960.269 8        51.338 8
G24  24306356.058 9 127730715.007 9      3045.739 9        54.490 9                                                                  24306356.058 8 127730715.007 8      3045.739 8        51.490 8
G30  22555785.502 9 118531420.753 9      2293.619 9        55.139 9                                                                  22555785.502 8 118531420.753 8      2293.619 8        52.139 8
G05  21251773.340 9 111678797.953 9       626.761 9        55.656 9                                                                  21251773.340 8 111678797.953 8       626.761 8        52.656 8
G04  21984319.498 9 115528347.904 9     -2489.547 9        55.362 9                                                                  21984319.498 8 115528347.904 8     -2489.547 8        52.362 8
E04                                                                  23385959.196 9 122894011.842 9      -168.991 9        57.937 9  23385959.196 9 122894011.842 9      -168.991 9        57.937 9
E05                                                                  26163550.203 9 137490320.149 9     -2069.926 9        56.963 9  26163550.203 9 137490320.149 9     -2069.926 9        56.963 9
E11                                                                  26696654.168 9 140291800.159 9     -2425.906 9        56.787 9  26696654.168 9 140291800.159 9     -2425.906 9        56.787 9
E20                                                                  27889588.001 9 146560695.127 9     -1698.544 9        56.408 9  27889588.001 9 146560695.127 9     -1698.544 9        56.408 9
E09                                                                  24967258.060 9 131203777.506 9      2552.196 9        57.369 9  24967258.060 9 131203777.506 9      2552.196 9        57.369 9
E10                                                                  23770230.843 9 124913370.151 9       -31.008 9        57.796 9  23770230.843 9 124913370.151 9       -31.008 9        57.796 9
E03                                                                  25018339.316 9 131472218.525 9      1941.284 9        57.351 9  25018339.316 9 131472218.525 9      1941.284 9        57.351 9
> 2026 02 03 10 02 19.0000000  0 18       0.000000000000
G02  20309260.019 9 106725860.638 9      -412.705 9        56.050 9                                                                  20309260.019 8 106725860.638 8      -412.705 8        53.050 8
G09  25309565.259 9 133002602.829 9     -2810.928 9        54.138 9                                                                  25309565.259 8 133002602.829 8     -2810.928 8        51.138 8
G13  25213037.004 9 132495334.494 9      1193.935 9        54.172 9                                                                  25213037.004 8 132495334.494 8      1193.935 8        51.172 8
G29  24843444.672 9 130553135.526 9      3072.481 9        54.300 9                                                                  24843444.672 8 130553135.526 8      3072.481 8        51.300 8
G10  22324607.807 9 117316571.139 9      3223.686 9        55.228 9                                                                  22324607.807 8 117316571.139 8      3223.686 8        52.228 8
G12  20800672.184 9 109308247.335 9       126.630 9        55.843 9                                                                  20800672.184 8 109308247.335 8       126.630 8        52.843 8
G17  24735371.214 9 129985185.331 9     -2960.393 9        54.338 9                                                                  24735371.214 8 129985185.331 8     -2960.393 8        51.338 8
G24  24305776.488 9 127727669.352 9      3045.573 9        54.490 9                                                                  24305776.488 8 127727669.352 8      3045.573 8        51.490 8
G30  22555349.087 9 118529127.379 9      2293.128 9        55.139 9                                                                  22555349.087 8 118529127.379 8      2293.128 8        52.139 8
G05  21251654.133 9 111678171.520 9       626.104 9        55.656 9                                                                  21251654.133 8 111678171.520 8       626.104 8        52.656 8
G04  21984793.260 9 115530837.537 9     -2489.731 9        55.362 9                                                                  21984793.260 8 115530837.537 8     -2489.731 8        52.362 8
E04                                                                  23385991.377 9 122894180.957 9      -169.240 9        57.937 9  23385991.377 9 122894180.957 9      -169.240 9        57.937 9
E05                                                                  26163944.112 9 137492390.150 9     -2070.096 9        56.962 9  26163944.112 9 137492390.150 9     -2070.096 9        56.962 9
E11                                                                  26697115.825 9 140294226.176 9     -2426.148 9        56.787 9  26697115.825 9 140294226.176 9     -2426.148 9        56.787 9
E20                                                                  27889911.253 9 146562393.816 9     -1698.848 9        56.408 9  27889911.253 9 146562393.816 9     -1698.848 9        56.408 9
E09                                                                  24966772.420 9 131201225.455 9      2551.916 9        57.369 9  24966772.420 9 131201225.455 9      2551.916 9        57.369 9
E10                                                                  23770236.788 9 124913401.395 9       -31.478 9        57.796 9  23770236.788 9 124913401.395 9       -31.478 9        57.796 9
E03                                                                  25017969.910 9 131470277.287 9      1941.193 9        57.351 9  25017969.910 9 131470277.287 9      1941.193 9        57.351 9
> 2026 02 03 10 02 20.0000000  0 18       0.000000000000
G02  20309338.591 9 106726273.538 9      -413.096 9        56.050 9                                                                  20309338.591 8 106726273.538 8      -413.096 8        53.050 8
G09  25310100.155 9 133005413.720 9     -2810.869 9        54.138 9                                                                  25310100.155 8 133005413.720 8     -2810.869 8        51.138 8
G13  25212809.850 9 132494140.793 9      1193.478 9        54.172 9                                                                  25212809.850 8 132494140.793 8      1193.478 8        51.172 8
G29  24842859.995 9 130550063.033 9      3072.505 9        54.300 9                                                                  24842859.995 8 130550063.033 8      3072.505 8        51.300 8
G10  22323994.391 9 117313347.618 9      3223.365 9        55.229 9                                                                  22323994.391 8 117313347.618 8      3223.365 8        52.229 8
G12  20800648.150 9 109308121.037 9       125.965 9        55.843 9                                                                  20800648.150 8 109308121.037 8       125.965 8        52.843 8
G17  24735934.569 9 129988145.770 9     -2960.517 9        54.337 9                                                                  24735934.569 8 129988145.770 8     -2960.517 8        51.337 8
G24  24305196.950 9 127724623.862 9      3045.408 9        54.490 9                                                                  24305196.950 8 127724623.862 8      3045.408 8        51.490 8
G30  22554912.766 9 118526834.497 9      2292.637 9        55.139 9                                                                  22554912.766 8 118526834.497 8      2292.637 8        52.139 8
G05  21251535.052 9 111677545.745 9       625.446 9        55.656 9                                                                  21251535.052 8 111677545.745 8       625.446 8        52.656 8
G04  21985267.057 9 115533327.353 9     -2489.915 9        55.361 9                                                                  21985267.057 8 115533327.353 8     -2489.915 8        52.361 8
E04                                                                  23386023.606 9 122894350.321 9      -169.490 9        57.937 9  23386023.606 9 122894350.321 9      -169.490 9        57.937 9
E05                                                                  26164338.054 9 137494460.321 9     -2070.266 9        56.962 9  26164338.054 9 137494460.321 9     -2070.266 9        56.962 9
E11                                                                  26697577.529 9 140296652.436 9     -2426.390 9        56.787 9  26697577.529 9 140296652.436 9     -2426.390 9        56.787 9
E20                                                                  27890234.562 9 146564092.810 9     -1699.152 9        56.407 9  27890234.562 9 146564092.810 9     -1699.152 9        56.407 9
E09                                                                  24966286.833 9 131198673.683 9      2551.637 9        57.369 9  24966286.833 9 131198673.683 9      2551.637 9        57.369 9
E10                                                                  23770242.823 9 124913433.108 9       -31.948 9        57.796 9  23770242.823 9 124913433.108 9       -31.948 9        57.796 9
E03                                                                  25017600.522 9 131468336.140 9      1941.102 9        57.352 9  25017600.522 9 131468336.140 9      1941.102 9        57.352 9
> 2026 02 03 10 02 21.0000000  0 18       0.000000000000
G02  20309417.238 9 106726686.829 9      -413.488 9        56.050 9                                                                  20309417.238 8 106726686.829 8      -413.488 8        53.050 8
G09  25310635.041 9 133008224.553 9     -2810.810 9        54.138 9                                                                  25310635.041 8 133008224.553 8     -2810.810 8        51.138 8
G13  25212582.782 9 132492947.548 9      1193.022 9        54.172 9                                                                  25212582.782 8 132492947.548 8      1193.022 8        51.172 8
G29  24842275.314 9 130546990.514 9      3072.530 9        54.300 9                                                                  24842275.314 8 130546990.514 8      3072.530 8        51.300 8
G10  22323381.035 9 117310124.418 9      3223.043 9        55.229 9                                                                  22323381.035 8 117310124.418 8      3223.043 8        52.229 8
G12  20800624.243 9 109307995.404 9       125.300 9        55.843 9                                                                  20800624.243 8 109307995.404 8       125.300 8        52.843 8
G17  24736497.948 9 129991106.333 9     -2960.641 9        54.337 9                                                                  24736497.948 8 129991106.333 8     -2960.641 8        51.337 8
G24  24304617.443 9 127721578.537 9      3045.242 9        54.490 9                                                                  24304617.443 8 127721578.537 8      3045.242 8        51.490 8
G30  22554476.538 9 118524542.105 9      2292.146 9        55.139 9                                                                  22554476.538 8 118524542.105 8      2292.146 8        52.139 8
G05  21251416.097 9 111676920.627 9       624.788 9        55.656 9                                                                  21251416.097 8 111676920.627 8       624.788 8        52.656 8
G04  21985740.889 9 115535817.354 9     -2490.098 9        55.361 9                                                                  21985740.889 8 115535817.354 8     -2490.098 8        52.361 8
E04                                                                  23386055.883 9 122894519.935 9      -169.739 9        57.937 9  23386055.883 9 122894519.935 9      -169.739 9        57.937 9
E05                                                                  26164732.028 9 137496530.662 9     -2070.436 9        56.962 9  26164732.028 9 137496530.662 9     -2070.436 9        56.962 9
E11                                                                  26698039.278 9 140299078.937 9     -2426.632 9        56.787 9  26698039.278 9 140299078.937 9     -2426.632 9        56.787 9
E20                                                                  27890557.930 9 146565792.108 9     -1699.456 9        56.407 9  27890557.930 9 146565792.108 9     -1699.456 9        56.407 9
E09                                                                  24965801.299 9 131196122.191 9      2551.357 9        57.370 9  24965801.299 9 131196122.191 9      2551.357 9        57.370 9
E10                                                                  23770248.947 9 124913465.292 9       -32.418 9        57.796 9  23770248.947 9 124913465.292 9       -32.418 9        57.796 9
E03                                                                  25017231.151 9 131466395.084 9      1941.011 9        57.352 9  25017231.151 9 131466395.084 9      1941.011 9        57.352 9
> 2026 02 03 10 02 22.0000000  0 18       0.000000000000
G02  20309495.959 9 106727100.512 9      -413.879 9        56.050 9                                                                  20309495.959 8 106727100.512 8      -413.879 8        53.050 8
G09  25311169.915 9 133011035.327 9     -2810.752 9        54.138 9                                                                  25311169.915 8 133011035.327 8     -2810.752 8        51.138 8
G13  25212355.801 9 132491754.760 9      1192.565 9        54.172 9                                                                  25212355.801 8 132491754.760 8      1192.565 8        51.172 8
G29  24841690.628 9 130543917.971 9      3072.554 9        54.300 9                                                                  24841690.628 8 130543917.971 8      3072.554 8        51.300 8
G10  22322767.741 9 117306901.540 9      3222.722 9        55.229 9                                                                  22322767.741 8 117306901.540 8      3222.722 8        52.229 8
G12  20800600.462 9 109307870.435 9       124.635 9        55.843 9                                                                  20800600.462 8 109307870.435 8       124.635 8        52.843 8
G17  24737061.350 9 129994067.019 9     -2960.765 9        54.337 9                                                                  24737061.350 8 129994067.019 8     -2960.765 8        51.337 8
G24  24304037.968 9 127718533.378 9      3045.076 9        54.490 9                                                                  24304037.968 8 127718533.378 8      3045.076 8        51.490 8
G30  22554040.403 9 118522250.205 9      2291.655 9        55.140 9                                                                  22554040.403 8 118522250.205 8      2291.655 8        52.140 8
G05  21251297.266 9 111676296.168 9       624.130 9        55.656 9                                                                  21251297.266 8 111676296.168 8       624.130 8        52.656 8
G04  21986214.756 9 115538307.537 9     -2490.282 9        55.361 9                                                                  21986214.756 8 115538307.537 8     -2490.282 8        52.361 8
E04                                                                  23386088.207 9 122894689.799 9      -169.989 9        57.937 9  23386088.207 9 122894689.799 9      -169.989 9        57.937 9
E05                                                                  26165126.035 9 137498601.173 9     -2070.606 9        56.962 9  26165126.035 9 137498601.173 9     -2070.606 9        56.962 9
E11                                                                  26698501.073 9 140301505.681 9     -2426.874 9        56.787 9  26698501.073 9 140301505.681 9     -2426.874 9        56.787 9
E20                                                                  27890881.355 9 146567491.709 9     -1699.760 9        56.407 9  27890881.355 9 146567491.709 9     -1699.760 9        56.407 9
E09                                                                  24965315.819 9 131193570.979 9      2551.077 9        57.370 9  24965315.819 9 131193570.979 9      2551.077 9        57.370 9
E10                                                                  23770255.161 9 124913497.945 9       -32.888 9        57.796 9  23770255.161 9 124913497.945 9       -32.888 9        57.796 9
E03                                                                  25016861.797 9 131464454.119 9      1940.920 9        57.352 9  25016861.797 9 131464454.119 9      1940.920 9        57.352 9
> 2026 02 03 10 02 23.0000000  0 18       0.000000000000
G02  20309574.755 9 106727514.586 9      -414.271 9        56.050 9                                                                  20309574.755 8 106727514.586 8      -414.271 8        53.050 8
G09  25311704.778 9 133013846.043 9     -2810.693 9        54.138 9                                                                  25311704.778 8 133013846.043 8     -2810.693 8        51.138 8
G13  25212128.907 9 132490562.429 9      1192.109 9        54.172 9                                                                  25212128.907 8 132490562.429 8      1192.109 8        51.172 8
G29  24841105.937 9 130540845.403 9      3072.579 9        54.301 9                                                                  24841105.937 8 130540845.403 8      3072.579 8        51.301 8
G10  22322154.508 9 117303678.983 9      3222.400 9        55.229 9                                                                  22322154.508 8 117303678.983 8      3222.400 8        52.229 8
G12  20800576.808 9 109307746.131 9       123.970 9        55.843 9                                                                  20800576.808 8 109307746.131 8       123.970 8        52.843 8
G17  24737624.776 9 129997027.830 9     -2960.889 9        54.337 9                                                                  24737624.776 8 129997027.830 8     -2960.889 8        51.337 8
G24  24303458.525 9 127715488.385 9      3044.911 9        54.491 9                                                                  24303458.525 8 127715488.385 8      3044.911 8        51.491 8
G30  22553604.362 9 118519958.795 9      2291.164 9        55.140 9                                                                  22553604.362 8 118519958.795 8      2291.164 8        52.140 8
G05  21251178.561 9 111675672.366 9       623.471 9        55.656 9                                                                  21251178.561 8 111675672.366 8       623.471 8        52.656 8
G04  21986688.658 9 115540797.904 9     -2490.465 9        55.361 9                                                                  21986688.658 8 115540797.904 8     -2490.465 8        52.361 8
E04                                                                  23386120.579 9 122894859.912 9      -170.238 9        57.937 9  23386120.579 9 122894859.912 9      -170.238 9        57.937 9
E05                                                                  26165520.074 9 137500671.854 9     -2070.776 9        56.962 9  26165520.074 9 137500671.854 9     -2070.776 9        56.962 9
E11                                                                  26698962.915 9 140303932.666 9     -2427.115 9        56.787 9  26698962.915 9 140303932.666 9     -2427.115 9        56.787 9
E20                                                                  27891204.837 9 146569191.615 9     -1700.064 9        56.407 9  27891204.837 9 146569191.615 9     -1700.064 9        56.407 9
E09                                                                  24964830.391 9 131191020.046 9      2550.798 9        57.370 9  24964830.391 9 131191020.046 9      2550.798 9        57.370 9
E10                                                                  23770261.464 9 124913531.068 9       -33.358 9        57.796 9  23770261.464 9 124913531.068 9       -33.358 9        57.796 9
E03                                                                  25016492.461 9 131462513.245 9      1940.829 9        57.352 9  25016492.461 9 131462513.245 9      1940.829 9        57.352 9
> 2026 02 03 10 02 24.0000000  0 18       0.000000000000
G02  20309653.626 9 106727929.052 9      -414.662 9        56.050 9                                                                  20309653.626 8 106727929.052 8      -414.662 8        53.050 8
G09  25312239.630 9 133016656.700 9     -2810.634 9        54.137 9                                                                  25312239.630 8 133016656.700 8     -2810.634 8        51.137 8
G13  25211902.100 9 132489370.553 9      1191.652 9        54.172 9                                                                  25211902.100 8 132489370.553 8      1191.652 8        51.172 8
G29  24840521.242 9 130537772.812 9      3072.603 9        54.301 9                                                                  24840521.242 8 130537772.812 8      3072.603 8        51.301 8
G10  22321541.337 9 117300456.749 9      3222.078 9        55.230 9                                                                  22321541.337 8 117300456.749 8      3222.078 8        52.230 8
G12  20800553.281 9 109307622.492 9       123.306 9        55.843 9                                                                  20800553.281 8 109307622.492 8       123.306 8        52.843 8
G17  24738188.226 9 129999988.764 9     -2961.012 9        54.337 9                                                                  24738188.226 8 129999988.764 8     -2961.012 8        51.337 8
G24  24302879.112 9 127712443.557 9      3044.745 9        54.491 9                                                                  24302879.112 8 127712443.557 8      3044.745 8        51.491 8
G30  22553168.415 9 118517667.877 9      2290.672 9        55.140 9                                                                  22553168.415 8 118517667.877 8      2290.672 8        52.140 8
G05  21251059.981 9 111675049.223 9       622.813 9        55.656 9                                                                  21251059.981 8 111675049.223 8       622.813 8        52.656 8
G04  21987162.595 9 115543288.454 9     -2490.648 9        55.361 9                                                                  21987162.595 8 115543288.454 8     -2490.648 8        52.361 8
E04                                                                  23386152.998 9 122895030.274 9      -170.488 9        57.937 9  23386152.998 9 122895030.274 9      -170.488 9        57.937 9
E05                                                                  26165914.146 9 137502742.706 9     -2070.947 9        56.962 9  26165914.146 9 137502742.706 9     -2070.947 9        56.962 9
E11                                                                  26699424.802 9 140306359.893 9     -2427.357 9        56.786 9  26699424.802 9 140306359.893 9     -2427.357 9        56.786 9
E20                                                                  27891528.378 9 146570891.824 9     -1700.368 9        56.407 9  27891528.378 9 146570891.824 9     -1700.368 9        56.407 9
E09                                                                  24964345.017 9 131188469.393 9      2550.518 9        57.370 9  24964345.017 9 131188469.393 9      2550.518 9        57.370 9
E10                                                                  23770267.856 9 124913564.661 9       -33.828 9        57.796 9  23770267.856 9 124913564.661 9       -33.828 9        57.796 9
E03                                                                  25016123.142 9 131460572.462 9      1940.739 9        57.352 9  25016123.142 9 131460572.462 9      1940.739 9        57.352 9
> 2026 02 03 10 02 25.0000000  0 18       0.000000000000
G02  20309732.570 9 106728343.909 9      -415.054 9        56.050 9                                                                  20309732.570 8 106728343.909 8      -415.054 8        53.050 8
G09  25312774.471 9 133019467.297 9     -2810.575 9        54.137 9                                                                  25312774.471 8 133019467.297 8     -2810.575 8        51.137 8
G13  25211675.380 9 132488179.135 9      1191.196 9        54.172 9                                                                  25211675.380 8 132488179.135 8      1191.196 8        51.172 8
G29  24839936.542 9 130534700.195 9      3072.627 9        54.301 9                                                                  24839936.542 8 130534700.195 8      3072.627 8        51.301 8
G10  22320928.226 9 117297234.836 9      3221.756 9        55.230 9                                                                  22320928.226 8 117297234.836 8      3221.756 8        52.230 8
G12  20800529.880 9 109307499.518 9       122.641 9        55.843 9                                                                  20800529.880 8 109307499.518 8       122.641 8        52.843 8
G17  24738751.699 9 130002949.822 9     -2961.136 9        54.337 9                                                                  24738751.699 8 130002949.822 8     -2961.136 8        51.337 8
G24  24302299.732 9 127709398.895 9      3044.579 9        54.491 9                                                                  24302299.732 8 127709398.895 8      3044.579 8        51.491 8
G30  22552732.561 9 118515377.451 9      2290.181 9        55.140 9                                                                  22552732.561 8 118515377.451 8      2290.181 8        52.140 8
G05  21250941.526 9 111674426.738 9       622.155 9        55.656 9                                                                  21250941.526 8 111674426.738 8       622.155 8        52.656 8
G04  21987636.567 9 115545779.188 9     -2490.832 9        55.360 9                                                                  21987636.567 8 115545779.188 8     -2490.832 8        52.360 8
E04                                                                  23386185.464 9 122895200.886 9      -170.738 9        57.937 9  23386185.464 9 122895200.886 9      -170.738 9        57.937 9
E05                                                                  26166308.249 9 137504813.728 9     -2071.117 9        56.962 9  26166308.249 9 137504813.728 9     -2071.117 9        56.962 9
E11                                                                  26699886.735 9 140308787.361 9     -2427.599 9        56.786 9  26699886.735 9 140308787.361 9     -2427.599 9        56.786 9
E20                                                                  27891851.977 9 146572592.337 9     -1700.671 9        56.407 9  27891851.977 9 146572592.337 9     -1700.671 9        56.407 9
E09                                                                  24963859.696 9 131185919.020 9      2550.238 9        57.370 9  24963859.696 9 131185919.020 9      2550.238 9        57.370 9
E10                                                                  23770274.338 9 124913598.724 9       -34.298 9        57.796 9  23770274.338 9 124913598.724 9       -34.298 9        57.796 9
E03                                                                  25015753.840 9 131458631.770 9      1940.647 9        57.352 9  25015753.840 9 131458631.770 9      1940.647 9        57.352 9
> 2026 02 03 10 02 26.0000000  0 18       0.000000000000
G02  20309811.590 9 106728759.157 9      -415.445 9        56.050 9                                                                  20309811.590 8 106728759.157 8      -415.445 8        53.050 8
G09  25313309.300 9 133022277.836 9     -2810.516 9        54.137 9                                                                  25313309.300 8 133022277.836 8     -2810.516 8        51.137 8
G13  25211448.747 9 132486988.173 9      1190.739 9        54.172 9                                                                  25211448.747 8 132486988.173 8      1190.739 8        51.172 8
G29  24839351.838 9 130531627.555 9      3072.652 9        54.301 9                                                                  24839351.838 8 130531627.555 8      3072.652 8        51.301 8
G10  22320315.177 9 117294013.246 9      3221.434 9        55.230 9                                                                  22320315.177 8 117294013.246 8      3221.434 8        52.230 8
G12  20800506.605 9 109307377.209 9       121.976 9        55.843 9                                                                  20800506.605 8 109307377.209 8       121.976 8        52.843 8
G17  24739315.195 9 130005911.004 9     -2961.260 9        54.336 9                                                                  24739315.195 8 130005911.004 8     -2961.260 8        51.336 8
G24  24301720.383 9 127706354.399 9      3044.414 9        54.491 9                                                                  24301720.383 8 127706354.399 8      3044.414 8        51.491 8
G30  22552296.800 9 118513087.516 9      2289.689 9        55.140 9                                                                  22552296.800 8 118513087.516 8      2289.689 8        52.140 8
G05  21250823.196 9 111673804.911 9       621.497 9        55.657 9                                                                  21250823.196 8 111673804.911 8       621.497 8        52.657 8
G04  21988110.574 9 115548270.104 9     -2491.015 9        55.360 9                                                                  21988110.574 8 115548270.104 8     -2491.015 8        52.360 8
E04                                                                  23386217.978 9 122895371.748 9      -170.987 9        57.937 9  23386217.978 9 122895371.748 9      -170.987 9        57.937 9
E05                                                                  26166702.386 9 137506884.920 9     -2071.287 9        56.961 9  26166702.386 9 137506884.920 9     -2071.287 9        56.961 9
E11                                                                  26700348.715 9 140311215.071 9     -2427.840 9        56.786 9  26700348.715 9 140311215.071 9     -2427.840 9        56.786 9
E20                                                                  27892175.633 9 146574293.154 9     -1700.975 9        56.407 9  27892175.633 9 146574293.154 9     -1700.975 9        56.407 9
E09                                                                  24963374.429 9 131183368.927 9      2549.959 9        57.370 9  24963374.429 9 131183368.927 9      2549.959 9        57.370 9
E10                                                                  23770280.910 9 124913633.256 9       -34.767 9        57.796 9  23770280.910 9 124913633.256 9       -34.767 9        57.796 9
E03                                                                  25015384.555 9 131456691.169 9      1940.556 9        57.352 9  25015384.555 9 131456691.169 9      1940.556 9        57.352 9
> 2026 02 03 10 02 27.0000000  0 18       0.000000000000
G02  20309890.684 9 106729174.797 9      -415.837 9        56.050 9                                                                  20309890.684 8 106729174.797 8      -415.837 8        53.050 8
G09  25313844.119 9 133025088.316 9     -2810.457 9        54.137 9                                                                  25313844.119 8 133025088.316 8     -2810.457 8        51.137 8
G13  25211222.200 9 132485797.668 9      1190.282 9        54.172 9                                                                  25211222.200 8 132485797.668 8      1190.282 8        51.172 8
G29  24838767.129 9 130528554.890 9      3072.676 9        54.301 9                                                                  24838767.129 8 130528554.890 8      3072.676 8        51.301 8
G10  22319702.190 9 117290791.978 9      3221.111 9        55.230 9                                                                  22319702.190 8 117290791.978 8      3221.111 8        52.230 8
G12  20800483.457 9 109307255.565 9       121.311 9        55.843 9                                                                  20800483.457 8 109307255.565 8       121.311 8        52.843 8
G17  24739878.716 9 130008872.310 9     -2961.384 9        54.336 9                                                                  24739878.716 8 130008872.310 8     -2961.384 8        51.336 8
G24  24301141.065 9 127703310.068 9      3044.248 9        54.492 9                                                                  24301141.065 8 127703310.068 8      3044.248 8        51.492 8
G30  22551861.134 9 118510798.072 9      2289.198 9        55.140 9                                                                  22551861.134 8 118510798.072 8      2289.198 8        52.140 8
G05  21250704.991 9 111673183.742 9       620.839 9        55.657 9                                                                  21250704.991 8 111673183.742 8       620.839 8        52.657 8
G04  21988584.615 9 115550761.205 9     -2491.198 9        55.360 9                                                                  21988584.615 8 115550761.205 8     -2491.198 8        52.360 8
E04                                                                  23386250.540 9 122895542.859 9      -171.237 9        57.937 9  23386250.540 9 122895542.859 9      -171.237 9        57.937 9
E05                                                                  26167096.554 9 137508956.282 9     -2071.457 9        56.961 9  26167096.554 9 137508956.282 9     -2071.457 9        56.961 9
E11                                                                  26700810.740 9 140313643.022 9     -2428.082 9        56.786 9  26700810.740 9 140313643.022 9     -2428.082 9        56.786 9
E20                                                                  27892499.347 9 146575994.274 9     -1701.278 9        56.407 9  27892499.347 9 146575994.274 9     -1701.278 9        56.407 9
E09                                                                  24962889.214 9 131180819.113 9      2549.679 9        57.371 9  24962889.214 9 131180819.113 9      2549.679 9        57.371 9
E10                                                                  23770287.570 9 124913668.258 9       -35.237 9        57.796 9  23770287.570 9 124913668.258 9       -35.237 9        57.796 9
E03                                                                  25015015.288 9 131454750.659 9      1940.465 9        57.352 9  25015015.288 9 131454750.659 9      1940.465 9        57.352 9
> 2026 02 03 10 02 28.0000000  0 18       0.000000000000
G02  20309969.852 9 106729590.829 9      -416.228 9        56.050 9                                                                  20309969.852 8 106729590.829 8      -416.228 8        53.050 8
G09  25314378.926 9 133027898.736 9     -2810.397 9        54.137 9                                                                  25314378.926 8 133027898.736 8     -2810.397 8        51.137 8
G13  25210995.741 9 132484607.620 9      1189.825 9        54.172 9                                                                  25210995.741 8 132484607.620 8      1189.825 8        51.172 8
G29  24838182.415 9 130525482.201 9      3072.700 9        54.302 9                                                                  24838182.415 8 130525482.201 8      3072.700 8        51.302 8
G10  22319089.263 9 117287571.032 9      3220.789 9        55.231 9                                                                  22319089.263 8 117287571.032 8      3220.789 8        52.231 8
G12  20800460.436 9 109307134.585 9       120.646 9        55.843 9                                                                  20800460.436 8 109307134.585 8       120.646 8        52.843 8
G17  24740442.259 9 130011833.739 9     -2961.507 9        54.336 9                                                                  24740442.259 8 130011833.739 8     -2961.507 8        51.336 8
G24  24300561.779 9 127700265.904 9      3044.082 9        54.492 9                                                                  24300561.779 8 127700265.904 8      3044.082 8        51.492 8
G30  22551425.560 9 118508509.121 9      2288.706 9        55.141 9                                                                  22551425.560 8 118508509.121 8      2288.706 8        52.141 8
G05  21250586.912 9 111672563.231 9       620.181 9        55.657 9                                                                  21250586.912 8 111672563.231 8       620.181 8        52.657 8
G04  21989058.691 9 115553252.488 9     -2491.381 9        55.360 9                                                                  21989058.691 8 115553252.488 8     -2491.381 8        52.360 8
E04                                                                  23386283.149 9 122895714.220 9      -171.487 9        57.937 9  23386283.149 9 122895714.220 9      -171.487 9        57.937 9
E05                                                                  26167490.755 9 137511027.814 9     -2071.627 9        56.961 9  26167490.755 9 137511027.814 9     -2071.627 9        56.961 9
E11                                                                  26701272.811 9 140316071.215 9     -2428.323 9        56.786 9  26701272.811 9 140316071.215 9     -2428.323 9        56.786 9
E20                                                                  27892823.119 9 146577695.697 9     -1701.582 9        56.407 9  27892823.119 9 146577695.697 9     -1701.582 9        56.407 9
E09                                                                  24962404.053 9 131178269.579 9      2549.399 9        57.371 9  24962404.053 9 131178269.579 9      2549.399 9        57.371 9
E10                                                                  23770294.320 9 124913703.731 9       -35.707 9        57.796 9  23770294.320 9 124913703.731 9       -35.707 9        57.796 9
E03                                                                  25014646.038 9 131452810.240 9      1940.374 9        57.353 9  25014646.038 9 131452810.240 9      1940.374 9        57.353 9
> 2026 02 03 10 02 29.0000000  0 18       0.000000000000
G02  20310049.095 9 106730007.251 9      -416.619 9        56.050 9                                                                  20310049.095 8 106730007.251 8      -416.619 8        53.050 8
G09  25314913.721 9 133030709.097 9     -2810.338 9        54.137 9                                                                  25314913.721 8 133030709.097 8     -2810.338 8        51.137 8
G13  25210769.369 9 132483418.029 9      1189.368 9        54.172 9                                                                  25210769.369 8 132483418.029 8      1189.368 8        51.172 8
G29  24837597.697 9 130522409.487 9      3072.725 9        54.302 9                                                                  24837597.697 8 130522409.487 8      3072.725 8        51.302 8
G10  22318476.398 9 117284350.408 9      3220.467 9        55.231 9                                                                  22318476.398 8 117284350.408 8      3220.467 8        52.231 8
G12  20800437.541 9 109307014.271 9       119.981 9        55.843 9                                                                  20800437.541 8 109307014.271 8       119.981 8        52.843 8
G17  24741005.827 9 130014795.292 9     -2961.631 9        54.336 9                                                                  24741005.827 8 130014795.292 8     -2961.631 8        51.336 8
G24  24299982.525 9 127697221.905 9      3043.916 9        54.492 9                                                                  24299982.525 8 127697221.905 8      3043.916 8        51.492 8
G30  22550990.080 9 118506220.661 9      2288.214 9        55.141 9                                                                  22550990.080 8 118506220.661 8      2288.214 8        52.141 8
G05  21250468.958 9 111671943.379 9       619.522 9        55.657 9                                                                  21250468.958 8 111671943.379 8       619.522 8        52.657 8
G04  21989532.802 9 115555743.954 9     -2491.564 9        55.360 9                                                                  21989532.802 8 115555743.954 8     -2491.564 8        52.360 8
E04                                                                  23386315.805 9 122895885.831 9      -171.736 9        57.937 9  23386315.805 9 122895885.831 9      -171.736 9        57.937 9
E05                                                                  26167884.988 9 137513099.516 9     -2071.797 9        56.961 9  26167884.988 9 137513099.516 9     -2071.797 9        56.961 9
E11                                                                  26701734.928 9 140318499.649 9     -2428.564 9        56.786 9  26701734.928 9 140318499.649 9     -2428.564 9        56.786 9
E20                                                                  27893146.948 9 146579397.425 9     -1701.885 9        56.407 9  27893146.948 9 146579397.425 9     -1701.885 9        56.407 9
E09                                                                  24961918.945 9 131175720.325 9      2549.119 9        57.371 9  24961918.945 9 131175720.325 9      2549.119 9        57.371 9
E10                                                                  23770301.160 9 124913739.672 9       -36.177 9        57.796 9  23770301.160 9 124913739.672 9       -36.177 9        57.796 9
E03                                                                  25014276.806 9 131450869.913 9      1940.283 9        57.353 9  25014276.806 9 131450869.913 9      1940.283 9        57.353 9
> 2026 02 03 10 02 30.0000000  0 17       0.000000000000
G02  20310128.412 9 106730424.065 9      -417.010 9        56.050 9                                                                  20310128.412 8 106730424.065 8      -417.010 8        53.050 8
G13  25210543.083 9 132482228.895 9      1188.911 9        54.172 9                                                                  25210543.083 8 132482228.895 8      1188.911 8        51.172 8
G29  24837012.974 9 130519336.749 9      3072.749 9        54.302 9                                                                  24837012.974 8 130519336.749 8      3072.749 8        51.302 8
G10  22317863.594 9 117281130.107 9      3220.144 9        55.231 9                                                                  22317863.594 8 117281130.107 8      3220.144 8        52.231 8
G12  20800414.773 9 109306894.622 9       119.316 9        55.843 9                                                                  20800414.773 8 109306894.622 8       119.316 8        52.843 8
G17  24741569.418 9 130017756.969 9     -2961.755 9        54.336 9                                                                  24741569.418 8 130017756.969 8     -2961.755 8        51.336 8
G24  24299403.302 9 127694178.072 9      3043.750 9        54.492 9                                                                  24299403.302 8 127694178.072 8      3043.750 8        51.492 8
G30  22550554.694 9 118503932.693 9      2287.722 9        55.141 9                                                                  22550554.694 8 118503932.693 8      2287.722 8        52.141 8
G05  21250351.130 9 111671324.185 9       618.864 9        55.657 9                                                                  21250351.130 8 111671324.185 8       618.864 8        52.657 8
G04  21990006.948 9 115558235.603 9     -2491.747 9        55.360 9                                                                  21990006.948 8 115558235.603 8     -2491.747 8        52.360 8
E04                                                                  23386348.509 9 122896057.691 9      -171.986 9        57.937 9  23386348.509 9 122896057.691 9      -171.986 9        57.937 9
E05                                                                  26168279.254 9 137515171.388 9     -2071.967 9        56.961 9  26168279.254 9 137515171.388 9     -2071.967 9        56.961 9
E11                                                                  26702197.091 9 140320928.325 9     -2428.806 9        56.786 9  26702197.091 9 140320928.325 9     -2428.806 9        56.786 9
E20                                                                  27893470.835 9 146581099.455 9     -1702.189 9        56.406 9  27893470.835 9 146581099.455 9     -1702.189 9        56.406 9
E09                                                                  24961433.891 9 131173171.352 9      2548.839 9        57.371 9  24961433.891 9 131173171.352 9      2548.839 9        57.371 9
E10                                                                  23770308.089 9 124913776.084 9       -36.646 9        57.796 9  23770308.089 9 124913776.084 9       -36.646 9        57.796 9
E03                                                                  25013907.591 9 131448929.676 9      1940.192 9        57.353 9  25013907.591 9 131448929.676 9      1940.192 9        57.353 9
> 2026 02 03 10 02 31.0000000  0 17       0.000000000000
G02  20310207.804 9 106730841.270 9      -417.402 9        56.050 9                                                                  20310207.804 8 106730841.270 8      -417.402 8        53.050 8
G13  25210316.885 9 132481040.219 9      1188.454 9        54.172 9                                                                  25210316.885 8 132481040.219 8      1188.454 8        51.172 8
G29  24836428.246 9 130516263.987 9      3072.773 9        54.302 9                                                                  24836428.246 8 130516263.987 8      3072.773 8        51.302 8
G10  22317250.852 9 117277910.128 9      3219.822 9        55.231 9                                                                  22317250.852 8 117277910.128 8      3219.822 8        52.231 8
G12  20800392.131 9 109306775.637 9       118.651 9        55.843 9                                                                  20800392.131 8 109306775.637 8       118.651 8        52.843 8
G17  24742133.032 9 130020718.769 9     -2961.879 9        54.335 9                                                                  24742133.032 8 130020718.769 8     -2961.879 8        51.335 8
G24  24298824.111 9 127691134.404 9      3043.585 9        54.492 9                                                                  24298824.111 8 127691134.404 8      3043.585 8        51.492 8
G30  22550119.402 9 118501645.216 9      2287.230 9        55.141 9                                                                  22550119.402 8 118501645.216 8      2287.230 8        52.141 8
G05  21250233.426 9 111670705.649 9       618.206 9        55.657 9                                                                  21250233.426 8 111670705.649 8       618.206 8        52.657 8
G04  21990481.129 9 115560727.435 9     -2491.930 9        55.359 9                                                                  21990481.129 8 115560727.435 8     -2491.930 8        52.359 8
E04                                                                  23386381.261 9 122896229.801 9      -172.236 9        57.937 9  23386381.261 9 122896229.801 9      -172.236 9        57.937 9
E05                                                                  26168673.552 9 137517243.431 9     -2072.138 9        56.961 9  26168673.552 9 137517243.431 9     -2072.138 9        56.961 9
E11                                                                  26702659.300 9 140323357.242 9     -2429.047 9        56.785 9  26702659.300 9 140323357.242 9     -2429.047 9        56.785 9
E20                                                                  27893794.780 9 146582801.789 9     -1702.492 9        56.406 9  27893794.780 9 146582801.789 9     -1702.492 9        56.406 9
E09                                                                  24960948.889 9 131170622.658 9      2548.559 9        57.371 9  24960948.889 9 131170622.658 9      2548.559 9        57.371 9
E10                                                                  23770315.107 9 124913812.965 9       -37.116 9        57.796 9  23770315.107 9 124913812.965 9       -37.116 9        57.796 9
E03                                                                  25013538.393 9 131446989.531 9      1940.101 9        57.353 9  25013538.393 9 131446989.531 9      1940.101 9        57.353 9
> 2026 02 03 10 02 32.0000000  0 17       0.000000000000
G02  20310287.270 9 106731258.867 9      -417.793 9        56.050 9                                                                  20310287.270 8 106731258.867 8      -417.793 8        53.050 8
G13  25210090.773 9 132479851.999 9      1187.996 9        54.173 9                                                                  25210090.773 8 132479851.999 8      1187.996 8        51.173 8
G29  24835843.514 9 130513191.201 9      3072.797 9        54.302 9                                                                  24835843.514 8 130513191.201 8      3072.797 8        51.302 8
G10  22316638.171 9 117274690.473 9      3219.499 9        55.231 9                                                                  22316638.171 8 117274690.473 8      3219.499 8        52.231 8
G12  20800369.615 9 109306657.318 9       117.986 9        55.843 9                                                                  20800369.615 8 109306657.318 8       117.986 8        52.843 8
G17  24742696.670 9 130023680.693 9     -2962.002 9        54.335 9                                                                  24742696.670 8 130023680.693 8     -2962.002 8        51.335 8
G24  24298244.951 9 127688090.903 9      3043.419 9        54.493 9                                                                  24298244.951 8 127688090.903 8      3043.419 8        51.493 8
G30  22549684.203 9 118499358.232 9      2286.738 9        55.141 9                                                                  22549684.203 8 118499358.232 8      2286.738 8        52.141 8
G05  21250115.848 9 111670087.771 9       617.548 9        55.657 9                                                                  21250115.848 8 111670087.771 8       617.548 8        52.657 8
G04  21990955.345 9 115563219.450 9     -2492.113 9        55.359 9                                                                  21990955.345 8 115563219.450 8     -2492.113 8        52.359 8
E04                                                                  23386414.060 9 122896402.161 9      -172.485 9        57.937 9  23386414.060 9 122896402.161 9      -172.485 9        57.937 9
E05                                                                  26169067.883 9 137519315.644 9     -2072.308 9        56.961 9  26169067.883 9 137519315.644 9     -2072.308 9        56.961 9
E11                                                                  26703121.555 9 140325786.400 9     -2429.288 9        56.785 9  26703121.555 9 140325786.400 9     -2429.288 9        56.785 9
E20                                                                  27894118.783 9 146584504.426 9     -1702.795 9        56.406 9  27894118.783 9 146584504.426 9     -1702.795 9        56.406 9
E09                                                                  24960463.941 9 131168074.244 9      2548.279 9        57.371 9  24960463.941 9 131168074.244 9      2548.279 9        57.371 9
E10                                                                  23770322.215 9 124913850.316 9       -37.586 9        57.796 9  23770322.215 9 124913850.316 9       -37.586 9        57.796 9
E03                                                                  25013169.212 9 131445049.477 9      1940.009 9        57.353 9  25013169.212 9 131445049.477 9      1940.009 9        57.353 9
> 2026 02 03 10 02 33.0000000  0 17       0.000000000000
G02  20310366.810 9 106731676.854 9      -418.184 9        56.050 9                                                                  20310366.810 8 106731676.854 8      -418.184 8        53.050 8
G13  25209864.749 9 132478664.237 9      1187.539 9        54.173 9                                                                  25209864.749 8 132478664.237 8      1187.539 8        51.173 8
G29  24835258.777 9 130510118.391 9      3072.821 9        54.303 9                                                                  24835258.777 8 130510118.391 8      3072.821 8        51.303 8
G10  22316025.552 9 117271471.139 9      3219.176 9        55.232 9                                                                  22316025.552 8 117271471.139 8      3219.176 8        52.232 8
G12  20800347.227 9 109306539.663 9       117.321 9        55.843 9                                                                  20800347.227 8 109306539.663 8       117.321 8        52.843 8
G17  24743260.331 9 130026642.741 9     -2962.126 9        54.335 9                                                                  24743260.331 8 130026642.741 8     -2962.126 8        51.335 8
G24  24297665.823 9 127685047.568 9      3043.253 9        54.493 9                                                                  24297665.823 8 127685047.568 8      3043.253 8        51.493 8
G30  22549249.097 9 118497071.740 9      2286.246 9        55.141 9                                                                  22549249.097 8 118497071.740 8      2286.246 8        52.141 8
G05  21249998.395 9 111669470.552 9       616.889 9        55.657 9                                                                  21249998.395 8 111669470.552 8       616.889 8        52.657 8
G04  21991429.595 9 115565711.648 9     -2492.296 9        55.359 9                                                                  21991429.595 8 115565711.648 8     -2492.296 8        52.359 8
E04                                                                  23386446.907 9 122896574.770 9      -172.735 9        57.937 9  23386446.907 9 122896574.770 9      -172.735 9        57.937 9
E05                                                                  26169462.245 9 137521388.026 9     -2072.478 9        56.961 9  26169462.245 9 137521388.026 9     -2072.478 9        56.961 9
E11                                                                  26703583.856 9 140328215.799 9     -2429.529 9        56.785 9  26703583.856 9 140328215.799 9     -2429.529 9        56.785 9
E20                                                                  27894442.843 9 146586207.366 9     -1703.098 9        56.406 9  27894442.843 9 146586207.366 9     -1703.098 9        56.406 9
E09                                                                  24959979.047 9 131165526.110 9      2547.998 9        57.372 9  24959979.047 9 131165526.110 9      2547.998 9        57.372 9
E10                                                                  23770329.412 9 124913888.137 9       -38.056 9        57.796 9  23770329.412 9 124913888.137 9       -38.056 9        57.796 9
E03                                                                  25012800.049 9 131443109.514 9      1939.918 9        57.353 9  25012800.049 9 131443109.514 9      1939.918 9        57.353 9
> 2026 02 03 10 02 34.0000000  0 17       0.000000000000
G02  20310446.425 9 106732095.232 9      -418.575 9        56.050 9                                                                  20310446.425 8 106732095.232 8      -418.575 8        53.050 8
G13  25209638.811 9 132477476.932 9      1187.082 9        54.173 9                                                                  25209638.811 8 132477476.932 8      1187.082 8        51.173 8
G29  24834674.036 9 130507045.557 9      3072.845 9        54.303 9                                                                  24834674.036 8 130507045.557 8      3072.845 8        51.303 8
G10  22315412.994 9 117268252.129 9      3218.853 9        55.232 9                                                                  22315412.994 8 117268252.129 8      3218.853 8        52.232 8
G12  20800324.964 9 109306422.674 9       116.656 9        55.843 9                                                                  20800324.964 8 109306422.674 8       116.656 8        52.843 8
G17  24743824.016 9 130029604.913 9     -2962.250 9        54.335 9                                                                  24743824.016 8 130029604.913 8     -2962.250 8        51.335 8
G24  24297086.727 9 127682004.398 9      3043.087 9        54.493 9                                                                  24297086.727 8 127682004.398 8      3043.087 8        51.493 8
G30  22548814.086 9 118494785.740 9      2285.754 9        55.142 9                                                                  22548814.086 8 118494785.740 8      2285.754 8        52.142 8
G05  21249881.068 9 111668853.991 9       616.231 9        55.657 9                                                                  21249881.068 8 111668853.991 8       616.231 8        52.657 8
G04  21991903.880 9 115568204.029 9     -2492.479 9        55.359 9                                                                  21991903.880 8 115568204.029 8     -2492.479 8        52.359 8
E04                                                                  23386479.801 9 122896747.630 9      -172.985 9        57.937 9  23386479.801 9 122896747.630 9      -172.985 9        57.937 9
E05                                                                  26169856.641 9 137523460.580 9     -2072.648 9        56.960 9  26169856.641 9 137523460.580 9     -2072.648 9        56.960 9
E11                                                                  26704046.203 9 140330645.440 9     -2429.770 9        56.785 9  26704046.203 9 140330645.440 9     -2429.770 9        56.785 9
E20                                                                  27894766.961 9 146587910.609 9     -1703.401 9        56.406 9  27894766.961 9 146587910.609 9     -1703.401 9        56.406 9
E09                                                                  24959494.205 9 131162978.257 9      2547.718 9        57.372 9  24959494.205 9 131162978.257 9      2547.718 9        57.372 9
E10                                                                  23770336.698 9 124913926.428 9       -38.525 9        57.796 9  23770336.698 9 124913926.428 9       -38.525 9        57.796 9
E03                                                                  25012430.904 9 131441169.643 9      1939.827 9        57.353 9  25012430.904 9 131441169.643 9      1939.827 9        57.353 9
> 2026 02 03 10 02 35.0000000  0 17       0.000000000000
G02  20310526.115 9 106732514.002 9      -418.966 9        56.050 9                                                                  20310526.115 8 106732514.002 8      -418.966 8        53.050 8
G13  25209412.961 9 132476290.084 9      1186.624 9        54.173 9                                                                  25209412.961 8 132476290.084 8      1186.624 8        51.173 8
G29  24834089.290 9 130503972.698 9      3072.870 9        54.303 9                                                                  24834089.290 8 130503972.698 8      3072.870 8        51.303 8
G10  22314800.497 9 117265033.442 9      3218.530 9        55.232 9                                                                  22314800.497 8 117265033.442 8      3218.530 8        52.232 8
G12  20800302.829 9 109306306.349 9       115.991 9        55.843 9                                                                  20800302.829 8 109306306.349 8       115.991 8        52.843 8
G17  24744387.725 9 130032567.208 9     -2962.373 9        54.335 9                                                                  24744387.725 8 130032567.208 8     -2962.373 8        51.335 8
G24  24296507.662 9 127678961.395 9      3042.921 9        54.493 9                                                                  24296507.662 8 127678961.395 8      3042.921 8        51.493 8
G30  22548379.168 9 118492500.233 9      2285.261 9        55.142 9                                                                  22548379.168 8 118492500.233 8      2285.261 8        52.142 8
G05  21249763.866 9 111668238.089 9       615.572 9        55.657 9                                                                  21249763.866 8 111668238.089 8       615.572 8        52.657 8
G04  21992378.200 9 115570696.593 9     -2492.661 9        55.359 9                                                                  21992378.200 8 115570696.593 8     -2492.661 8        52.359 8
E04                                                                  23386512.743 9 122896920.739 9      -173.235 9        57.937 9  23386512.743 9 122896920.739 9      -173.235 9        57.937 9
E05                                                                  26170251.068 9 137525533.303 9     -2072.818 9        56.960 9  26170251.068 9 137525533.303 9     -2072.818 9        56.960 9
E11                                                                  26704508.595 9 140333075.321 9     -2430.011 9        56.785 9  26704508.595 9 140333075.321 9     -2430.011 9        56.785 9
E20                                                                  27895091.137 9 146589614.155 9     -1703.704 9        56.406 9  27895091.137 9 146589614.155 9     -1703.704 9        56.406 9
E09                                                                  24959009.417 9 131160430.684 9      2547.438 9        57.372 9  24959009.417 9 131160430.684 9      2547.438 9        57.372 9
E10                                                                  23770344.074 9 124913965.188 9       -38.995 9        57.796 9  23770344.074 9 124913965.188 9       -38.995 9        57.796 9
E03                                                                  25012061.775 9 131439229.863 9      1939.735 9        57.353 9  25012061.775 9 131439229.863 9      1939.735 9        57.353 9
> 2026 02 03 10 02 36.0000000  0 17       0.000000000000
G02  20310605.878 9 106732933.162 9      -419.357 9        56.050 9                                                                  20310605.878 8 106732933.162 8      -419.357 8        53.050 8
G13  25209187.198 9 132475103.694 9      1186.167 9        54.173 9                                                                  25209187.198 8 132475103.694 8      1186.167 8        51.173 8
G29  24833504.539 9 130500899.815 9      3072.894 9        54.303 9                                                                  24833504.539 8 130500899.815 8      3072.894 8        51.303 8
G10  22314188.062 9 117261815.078 9      3218.207 9        55.232 9                                                                  22314188.062 8 117261815.078 8      3218.207 8        52.232 8
G12  20800280.820 9 109306190.690 9       115.326 9        55.843 9                                                                  20800280.820 8 109306190.690 8       115.326 8        52.843 8
G17  24744951.457 9 130035529.627 9     -2962.497 9        54.334 9                                                                  24744951.457 8 130035529.627 8     -2962.497 8        51.334 8
G24  24295928.628 9 127675918.557 9      3042.755 9        54.493 9                                                                  24295928.628 8 127675918.557 8      3042.755 8        51.493 8
G30  22547944.344 9 118490215.218 9      2284.769 9        55.142 9                                                                  22547944.344 8 118490215.218 8      2284.769 8        52.142 8
G05  21249646.789 9 111667622.845 9       614.914 9        55.657 9                                                                  21249646.789 8 111667622.845 8       614.914 8        52.657 8
G04  21992852.555 9 115573189.339 9     -2492.844 9        55.358 9                                                                  21992852.555 8 115573189.339 8     -2492.844 8        52.358 8
E04                                                                  23386545.732 9 122897094.098 9      -173.485 9        57.937 9  23386545.732 9 122897094.098 9      -173.485 9        57.937 9
E05                                                                  26170645.528 9 137527606.196 9     -2072.988 9        56.960 9  26170645.528 9 137527606.196 9     -2072.988 9        56.960 9
E11                                                                  26704971.033 9 140335505.443 9     -2430.252 9        56.785 9  26704971.033 9 140335505.443 9     -2430.252 9        56.785 9
E20                                                                  27895415.370 9 146591318.004 9     -1704.007 9        56.406 9  27895415.370 9 146591318.004 9     -1704.007 9        56.406 9
E09                                                                  24958524.683 9 131157883.391 9      2547.158 9        57.372 9  24958524.683 9 131157883.391 9      2547.158 9        57.372 9
E10                                                                  23770351.539 9 124914004.418 9       -39.465 9        57.796 9  23770351.539 9 124914004.418 9       -39.465 9        57.796 9
E03                                                                  25011692.665 9 131437290.174 9      1939.644 9        57.354 9  25011692.665 9 131437290.174 9      1939.644 9        57.354 9
> 2026 02 03 10 02 37.0000000  0 17       0.000000000000
G02  20310685.717 9 106733352.714 9      -419.748 9        56.050 9                                                                  20310685.717 8 106733352.714 8      -419.748 8        53.050 8
G13  25208961.521 9 132473917.762 9      1185.709 9        54.173 9                                                                  25208961.521 8 132473917.762 8      1185.709 8        51.173 8
G29  24832919.784 9 130497826.909 9      3072.918 9        54.304 9                                                                  24832919.784 8 130497826.909 8      3072.918 8        51.304 8
G10  22313575.688 9 117258597.037 9      3217.884 9        55.233 9                                                                  22313575.688 8 117258597.037 8      3217.884 8        52.233 8
G12  20800258.937 9 109306075.696 9       114.661 9        55.843 9                                                                  20800258.937 8 109306075.696 8       114.661 8        52.843 8
G17  24745515.212 9 130038492.169 9     -2962.620 9        54.334 9                                                                  24745515.212 8 130038492.169 8     -2962.620 8        51.334 8
G24  24295349.626 9 127672875.886 9      3042.589 9        54.494 9                                                                  24295349.626 8 127672875.886 8      3042.589 8        51.494 8
G30  22547509.613 9 118487930.695 9      2284.276 9        55.142 9                                                                  22547509.613 8 118487930.695 8      2284.276 8        52.142 8
G05  21249529.837 9 111667008.259 9       614.255 9        55.657 9                                                                  21249529.837 8 111667008.259 8       614.255 8        52.657 8
G04  21993326.945 9 115575682.268 9     -2493.027 9        55.358 9                                                                  21993326.945 8 115575682.268 8     -2493.027 8        52.358 8
E04                                                                  23386578.769 9 122897267.707 9      -173.735 9        57.937 9  23386578.769 9 122897267.707 9      -173.735 9        57.937 9
E05                                                                  26171040.020 9 137529679.259 9     -2073.158 9        56.960 9  26171040.020 9 137529679.259 9     -2073.158 9        56.960 9
E11                                                                  26705433.518 9 140337935.806 9     -2430.493 9        56.784 9  26705433.518 9 140337935.806 9     -2430.493 9        56.784 9
E20                                                                  27895739.661 9 146593022.156 9     -1704.310 9        56.406 9  27895739.661 9 146593022.156 9     -1704.310 9        56.406 9
E09                                                                  24958040.001 9 131155336.379 9      2546.877 9        57.372 9  24958040.001 9 131155336.379 9      2546.877 9        57.372 9
E10                                                                  23770359.094 9 124914044.117 9       -39.934 9        57.796 9  23770359.094 9 124914044.117 9       -39.934 9        57.796 9
E03                                                                  25011323.571 9 131435350.577 9      1939.552 9        57.354 9  25011323.571 9 131435350.577 9      1939.552 9        57.354 9
> 2026 02 03 10 02 38.0000000  0 17       0.000000000000
G02  20310765.629 9 106733772.656 9      -420.139 9        56.050 9                                                                  20310765.629 8 106733772.656 8      -420.139 8        53.050 8
G13  25208735.932 9 132472732.287 9      1185.251 9        54.173 9                                                                  25208735.932 8 132472732.287 8      1185.251 8        51.173 8
G29  24832335.024 9 130494753.978 9      3072.942 9        54.304 9                                                                  24832335.024 8 130494753.978 8      3072.942 8        51.304 8
G10  22312963.376 9 117255379.319 9      3217.560 9        55.233 9                                                                  22312963.376 8 117255379.319 8      3217.560 8        52.233 8
G12  20800237.181 9 109305961.366 9       113.996 9        55.843 9                                                                  20800237.181 8 109305961.366 8       113.996 8        52.843 8
G17  24746078.991 9 130041454.835 9     -2962.744 9        54.334 9                                                                  24746078.991 8 130041454.835 8     -2962.744 8        51.334 8
G24  24294770.656 9 127669833.381 9      3042.423 9        54.494 9                                                                  24294770.656 8 127669833.381 8      3042.423 8        51.494 8
G30  22547074.976 9 118485646.665 9      2283.784 9        55.142 9                                                                  22547074.976 8 118485646.665 8      2283.784 8        52.142 8
G05  21249413.011 9 111666394.332 9       613.597 9        55.657 9                                                                  21249413.011 8 111666394.332 8       613.597 8        52.657 8
G04  21993801.369 9 115578175.379 9     -2493.209 9        55.358 9                                                                  21993801.369 8 115578175.379 8     -2493.209 8        52.358 8
E04                                                                  23386611.853 9 122897441.566 9      -173.985 9        57.937 9  23386611.853 9 122897441.566 9      -173.985 9        57.937 9
E05                                                                  26171434.545 9 137531752.492 9     -2073.328 9        56.960 9  26171434.545 9 137531752.492 9     -2073.328 9        56.960 9
E11                                                                  26705896.048 9 140340366.410 9     -2430.734 9        56.784 9  26705896.048 9 140340366.410 9     -2430.734 9        56.784 9
E20                                                                  27896064.010 9 146594726.611 9     -1704.613 9        56.406 9  27896064.010 9 146594726.611 9     -1704.613 9        56.406 9
E09                                                                  24957555.373 9 131152789.647 9      2546.597 9        57.372 9  24957555.373 9 131152789.647 9      2546.597 9        57.372 9
E10                                                                  23770366.738 9 124914084.286 9       -40.404 9        57.796 9  23770366.738 9 124914084.286 9       -40.404 9        57.796 9
E03                                                                  25010954.495 9 131433411.071 9      1939.461 9        57.354 9  25010954.495 9 131433411.071 9      1939.461 9        57.354 9
> 2026 02 03 10 02 39.0000000  0 17       0.000000000000
G02  20310845.616 9 106734192.990 9      -420.530 9        56.049 9                                                                  20310845.616 8 106734192.990 8      -420.530 8        53.049 8
G13  25208510.430 9 132471547.270 9      1184.794 9        54.173 9                                                                  25208510.430 8 132471547.270 8      1184.794 8        51.173 8
G29  24831750.260 9 130491681.023 9      3072.966 9        54.304 9                                                                  24831750.260 8 130491681.023 8      3072.966 8        51.304 8
G10  22312351.125 9 117252161.924 9      3217.237 9        55.233 9                                                                  22312351.125 8 117252161.924 8      3217.237 8        52.233 8
G12  20800215.552 9 109305847.702 9       113.331 9        55.843 9                                                                  20800215.552 8 109305847.702 8       113.331 8        52.843 8
G17  24746642.794 9 130044417.624 9     -2962.868 9        54.334 9                                                                  24746642.794 8 130044417.624 8     -2962.868 8        51.334 8
G24  24294191.718 9 127666791.041 9      3042.257 9        54.494 9                                                                  24294191.718 8 127666791.041 8      3042.257 8        51.494 8
G30  22546640.433 9 118483363.127 9      2283.291 9        55.142 9                                                                  22546640.433 8 118483363.127 8      2283.291 8        52.142 8
G05  21249296.310 9 111665781.064 9       612.938 9        55.657 9                                                                  21249296.310 8 111665781.064 8       612.938 8        52.657 8
G04  21994275.828 9 115580668.673 9     -2493.392 9        55.358 9                                                                  21994275.828 8 115580668.673 8     -2493.392 8        52.358 8
E04                                                                  23386644.985 9 122897615.675 9      -174.234 9        57.937 9  23386644.985 9 122897615.675 9      -174.234 9        57.937 9
E05                                                                  26171829.102 9 137533825.896 9     -2073.498 9        56.960 9  26171829.102 9 137533825.896 9     -2073.498 9        56.960 9
E11                                                                  26706358.624 9 140342797.255 9     -2430.974 9        56.784 9  26706358.624 9 140342797.255 9     -2430.974 9        56.784 9
E20                                                                  27896388.416 9 146596431.369 9     -1704.916 9        56.406 9  27896388.416 9 146596431.369 9     -1704.916 9        56.406 9
E09                                                                  24957070.799 9 131150243.195 9      2546.316 9        57.373 9  24957070.799 9 131150243.195 9      2546.316 9        57.373 9
E10                                                                  23770374.471 9 124914124.925 9       -40.873 9        57.796 9  23770374.471 9 124914124.925 9       -40.873 9        57.796 9
E03                                                                  25010585.436 9 131431471.657 9      1939.369 9        57.354 9  25010585.436 9 131431471.657 9      1939.369 9        57.354 9
> 2026 02 03 10 02 40.0000000  0 17       0.000000000000
G02  20310925.677 9 106734613.714 9      -420.921 9        56.049 9                                                                  20310925.677 8 106734613.714 8      -420.921 8        53.049 8
G13  25208285.015 9 132470362.710 9      1184.336 9        54.173 9                                                                  25208285.015 8 132470362.710 8      1184.336 8        51.173 8
G29  24831165.491 9 130488608.045 9      3072.990 9        54.304 9                                                                  24831165.491 8 130488608.045 8      3072.990 8        51.304 8
G10  22311738.936 9 117248944.854 9      3216.913 9        55.233 9                                                                  22311738.936 8 117248944.854 8      3216.913 8        52.233 8
G12  20800194.049 9 109305734.703 9       112.666 9        55.843 9                                                                  20800194.049 8 109305734.703 8       112.666 8        52.843 8
G17  24747206.620 9 130047380.537 9     -2962.991 9        54.334 9                                                                  24747206.620 8 130047380.537 8     -2962.991 8        51.334 8
G24  24293612.811 9 127663748.868 9      3042.090 9        54.494 9                                                                  24293612.811 8 127663748.868 8      3042.090 8        51.494 8
G30  22546205.984 9 118481080.082 9      2282.798 9        55.143 9                                                                  22546205.984 8 118481080.082 8      2282.798 8        52.143 8
G05  21249179.734 9 111665168.454 9       612.280 9        55.657 9                                                                  21249179.734 8 111665168.454 8       612.280 8        52.657 8
G04  21994750.321 9 115583162.149 9     -2493.574 9        55.358 9                                                                  21994750.321 8 115583162.149 8     -2493.574 8        52.358 8
E04                                                                  23386678.164 9 122897790.033 9      -174.484 9        57.937 9  23386678.164 9 122897790.033 9      -174.484 9        57.937 9
E05                                                                  26172223.692 9 137535899.469 9     -2073.668 9        56.960 9  26172223.692 9 137535899.469 9     -2073.668 9        56.960 9
E11                                                                  26706821.245 9 140345228.340 9     -2431.215 9        56.784 9  26706821.245 9 140345228.340 9     -2431.215 9        56.784 9
E20                                                                  27896712.880 9 146598136.429 9     -1705.218 9        56.405 9  27896712.880 9 146598136.429 9     -1705.218 9        56.405 9
E09                                                                  24956586.278 9 131147697.024 9      2546.036 9        57.373 9  24956586.278 9 131147697.024 9      2546.036 9        57.373 9
E10                                                                  23770382.294 9 124914166.033 9       -41.343 9        57.796 9  23770382.294 9 124914166.033 9       -41.343 9        57.796 9
E03                                                                  25010216.395 9 131429532.334 9      1939.278 9        57.354 9  25010216.395 9 131429532.334 9      1939.278 9        57.354 9
> 2026 02 03 10 02 41.0000000  0 17       0.000000000000
G02  20311005.813 9 106735034.829 9      -421.311 9        56.049 9                                                                  20311005.813 8 106735034.829 8      -421.311 8        53.049 8
G13  25208059.687 9 132469178.609 9      1183.878 9        54.173 9                                                                  25208059.687 8 132469178.609 8      1183.878 8        51.173 8
G29  24830580.718 9 130485535.042 9      3073.014 9        54.304 9                                                                  24830580.718 8 130485535.042 8      3073.014 8        51.304 8
G10  22311126.809 9 117245728.106 9      3216.590 9        55.234 9                                                                  22311126.809 8 117245728.106 8      3216.590 8        52.234 8
G12  20800172.673 9 109305622.369 9       112.000 9        55.843 9                                                                  20800172.673 8 109305622.369 8       112.000 8        52.843 8
G17  24747770.469 9 130050343.574 9     -2963.115 9        54.333 9                                                                  24747770.469 8 130050343.574 8     -2963.115 8        51.333 8
G24  24293033.935 9 127660706.861 9      3041.924 9        54.494 9                                                                  24293033.935 8 127660706.861 8      3041.924 8        51.494 8
G30  22545771.628 9 118478797.530 9      2282.306 9        55.143 9                                                                  22545771.628 8 118478797.530 8      2282.306 8        52.143 8
G05  21249063.283 9 111664556.502 9       611.621 9        55.657 9                                                                  21249063.283 8 111664556.502 8       611.621 8        52.657 8
G04  21995224.850 9 115585655.808 9     -2493.756 9        55.357 9                                                                  21995224.850 8 115585655.808 8     -2493.756 8        52.357 8
E04                                                                  23386711.392 9 122897964.642 9      -174.734 9        57.937 9  23386711.392 9 122897964.642 9      -174.734 9        57.937 9
E05                                                                  26172618.313 9 137537973.213 9     -2073.839 9        56.960 9  26172618.313 9 137537973.213 9     -2073.839 9        56.960 9
E11                                                                  26707283.913 9 140347659.666 9     -2431.456 9        56.784 9  26707283.913 9 140347659.666 9     -2431.456 9        56.784 9
E20                                                                  27897037.401 9 146599841.793 9     -1705.521 9        56.405 9  27897037.401 9 146599841.793 9     -1705.521 9        56.405 9
E09                                                                  24956101.810 9 131145151.134 9      2545.755 9        57.373 9  24956101.810 9 131145151.134 9      2545.755 9        57.373 9
E10                                                                  23770390.206 9 124914207.611 9       -41.813 9        57.796 9  23770390.206 9 124914207.611 9       -41.813 9        57.796 9
E03                                                                  25009847.371 9 131427593.103 9      1939.186 9        57.354 9  25009847.371 9 131427593.103 9      1939.186 9        57.354 9
> 2026 02 03 10 02 42.0000000  0 17       0.000000000000
G02  20311086.023 9 106735456.334 9      -421.702 9        56.049 9                                                                  20311086.023 8 106735456.334 8      -421.702 8        53.049 8
G13  25207834.447 9 132467994.966 9      1183.420 9        54.173 9                                                                  25207834.447 8 132467994.966 8      1183.420 8        51.173 8
G29  24829995.940 9 130482462.016 9      3073.037 9        54.305 9                                                                  24829995.940 8 130482462.016 8      3073.037 8        51.305 8
G10  22310514.743 9 117242511.683 9      3216.266 9        55.234 9                                                                  22310514.743 8 117242511.683 8      3216.266 8        52.234 8
G12  20800151.423 9 109305510.701 9       111.335 9        55.843 9                                                                  20800151.423 8 109305510.701 8       111.335 8        52.843 8
G17  24748334.343 9 130053306.734 9     -2963.238 9        54.333 9                                                                  24748334.343 8 130053306.734 8     -2963.238 8        51.333 8
G24  24292455.092 9 127657665.020 9      3041.758 9        54.495 9                                                                  24292455.092 8 127657665.020 8      3041.758 8        51.495 8
G30  22545337.367 9 118476515.471 9      2281.813 9        55.143 9                                                                  22545337.367 8 118476515.471 8      2281.813 8        52.143 8
G05  21248946.958 9 111663945.210 9       610.963 9        55.657 9                                                                  21248946.958 8 111663945.210 8       610.963 8        52.657 8
G04  21995699.413 9 115588149.649 9     -2493.939 9        55.357 9                                                                  21995699.413 8 115588149.649 8     -2493.939 8        52.357 8
E04                                                                  23386744.666 9 122898139.501 9      -174.984 9        57.937 9  23386744.666 9 122898139.501 9      -174.984 9        57.937 9
E05                                                                  26173012.968 9 137540047.127 9     -2074.009 9        56.959 9  26173012.968 9 137540047.127 9     -2074.009 9        56.959 9
E11                                                                  26707746.626 9 140350091.232 9     -2431.696 9        56.784 9  26707746.626 9 140350091.232 9     -2431.696 9        56.784 9
E20                                                                  27897361.980 9 146601547.458 9     -1705.823 9        56.405 9  27897361.980 9 146601547.458 9     -1705.823 9        56.405 9
E09                                                                  24955617.395 9 131142605.524 9      2545.474 9        57.373 9  24955617.395 9 131142605.524 9      2545.474 9        57.373 9
E10                                                                  23770398.207 9 124914249.658 9       -42.282 9        57.796 9  23770398.207 9 124914249.658 9       -42.282 9        57.796 9
E03                                                                  25009478.365 9 131425653.963 9      1939.095 9        57.354 9  25009478.365 9 131425653.963 9      1939.095 9        57.354 9
> 2026 02 03 10 02 43.0000000  0 17       0.000000000000
G02  20311166.308 9 106735878.231 9      -422.093 9        56.049 9                                                                  20311166.308 8 106735878.231 8      -422.093 8        53.049 8
G13  25207609.293 9 132466811.780 9      1182.962 9        54.173 9                                                                  25207609.293 8 132466811.780 8      1182.962 8        51.173 8
G29  24829411.158 9 130479388.965 9      3073.061 9        54.305 9                                                                  24829411.158 8 130479388.965 8      3073.061 8        51.305 8
G10  22309902.739 9 117239295.583 9      3215.942 9        55.234 9                                                                  22309902.739 8 117239295.583 8      3215.942 8        52.234 8
G12  20800130.300 9 109305399.697 9       110.670 9        55.843 9                                                                  20800130.300 8 109305399.697 8       110.670 8        52.843 8
G17  24748898.239 9 130056270.017 9     -2963.362 9        54.333 9                                                                  24748898.239 8 130056270.017 8     -2963.362 8        51.333 8
G24  24291876.279 9 127654623.346 9      3041.592 9        54.495 9                                                                  24291876.279 8 127654623.346 8      3041.592 8        51.495 8
G30  22544903.199 9 118474233.905 9      2281.320 9        55.143 9                                                                  22544903.199 8 118474233.905 8      2281.320 8        52.143 8
G05  21248830.759 9 111663334.576 9       610.304 9        55.657 9                                                                  21248830.759 8 111663334.576 8       610.304 8        52.657 8
G04  21996174.011 9 115590643.672 9     -2494.121 9        55.357 9                                                                  21996174.011 8 115590643.672 8     -2494.121 8        52.357 8
E04                                                                  23386777.988 9 122898314.609 9      -175.234 9        57.937 9  23386777.988 9 122898314.609 9      -175.234 9        57.937 9
E05                                                                  26173407.654 9 137542121.211 9     -2074.179 9        56.959 9  26173407.654 9 137542121.211 9     -2074.179 9        56.959 9
E11                                                                  26708209.385 9 140352523.039 9     -2431.937 9        56.784 9  26708209.385 9 140352523.039 9     -2431.937 9        56.784 9
E20                                                                  27897686.617 9 146603253.426 9     -1706.126 9        56.405 9  27897686.617 9 146603253.426 9     -1706.126 9        56.405 9
E09                                                                  24955133.034 9 131140060.195 9      2545.194 9        57.373 9  24955133.034 9 131140060.195 9      2545.194 9        57.373 9
E10                                                                  23770406.298 9 124914292.175 9       -42.752 9        57.796 9  23770406.298 9 124914292.175 9       -42.752 9        57.796 9
E03                                                                  25009109.376 9 131423714.916 9      1939.003 9        57.355 9  25009109.376 9 131423714.916 9      1939.003 9        57.355 9
> 2026 02 03 10 02 44.0000000  0 17       0.000000000000
G02  20311246.666 9 106736300.518 9      -422.483 9        56.049 9                                                                  20311246.666 8 106736300.518 8      -422.483 8        53.049 8
G13  25207384.227 9 132465629.053 9      1182.504 9        54.174 9                                                                  25207384.227 8 132465629.053 8      1182.504 8        51.174 8
G29  24828826.371 9 130476315.891 9      3073.085 9        54.305 9                                                                  24828826.371 8 130476315.891 8      3073.085 8        51.305 8
G10  22309290.796 9 117236079.807 9      3215.618 9        55.234 9                                                                  22309290.796 8 117236079.807 8      3215.618 8        52.234 8
G12  20800109.303 9 109305289.358 9       110.005 9        55.843 9                                                                  20800109.303 8 109305289.358 8       110.005 8        52.843 8
G17  24749462.159 9 130059233.424 9     -2963.485 9        54.333 9                                                                  24749462.159 8 130059233.424 8     -2963.485 8        51.333 8
G24  24291297.499 9 127651581.837 9      3041.426 9        54.495 9                                                                  24291297.499 8 127651581.837 8      3041.426 8        51.495 8
G30  22544469.125 9 118471952.831 9      2280.826 9        55.143 9                                                                  22544469.125 8 118471952.831 8      2280.826 8        52.143 8
G05  21248714.684 9 111662724.600 9       609.645 9        55.657 9                                                                  21248714.684 8 111662724.600 8       609.645 8        52.657 8
G04  21996648.643 9 115593137.878 9     -2494.303 9        55.357 9                                                                  21996648.643 8 115593137.878 8     -2494.303 8        52.357 8
E04                                                                  23386811.358 9 122898489.968 9      -175.485 9        57.937 9  23386811.358 9 122898489.968 9      -175.485 9        57.937 9
E05                                                                  26173802.373 9 137544195.465 9     -2074.349 9        56.959 9  26173802.373 9 137544195.465 9     -2074.349 9        56.959 9
E11                                                                  26708672.189 9 140354955.086 9     -2432.177 9        56.783 9  26708672.189 9 140354955.086 9     -2432.177 9        56.783 9
E20                                                                  27898011.311 9 146604959.697 9     -1706.428 9        56.405 9  27898011.311 9 146604959.697 9     -1706.428 9        56.405 9
E09                                                                  24954648.727 9 131137515.146 9      2544.913 9        57.373 9  24954648.727 9 131137515.146 9      2544.913 9        57.373 9
E10                                                                  23770414.478 9 124914335.162 9       -43.221 9        57.796 9  23770414.478 9 124914335.162 9       -43.221 9        57.796 9
E03                                                                  25008740.404 9 131421775.959 9      1938.911 9        57.355 9  25008740.404 9 131421775.959 9      1938.911 9        57.355 9
> 2026 02 03 10 02 45.0000000  0 17       0.000000000000
G02  20311327.100 9 106736723.196 9      -422.874 9        56.049 9                                                                  20311327.100 8 106736723.196 8      -422.874 8        53.049 8
G13  25207159.248 9 132464446.784 9      1182.045 9        54.174 9                                                                  25207159.248 8 132464446.784 8      1182.045 8        51.174 8
G29  24828241.579 9 130473242.793 9      3073.109 9        54.305 9                                                                  24828241.579 8 130473242.793 8      3073.109 8        51.305 8
G10  22308678.915 9 117232864.354 9      3215.294 9        55.235 9                                                                  22308678.915 8 117232864.354 8      3215.294 8        52.235 8
G12  20800088.433 9 109305179.685 9       109.340 9        55.843 9                                                                  20800088.433 8 109305179.685 8       109.340 8        52.843 8
G17  24750026.103 9 130062196.954 9     -2963.608 9        54.333 9                                                                  24750026.103 8 130062196.954 8     -2963.608 8        51.333 8
G24  24290718.750 9 127648540.495 9      3041.259 9        54.495 9                                                                  24290718.750 8 127648540.495 8      3041.259 8        51.495 8
G30  22544035.144 9 118469672.251 9      2280.333 9        55.143 9                                                                  22544035.144 8 118469672.251 8      2280.333 8        52.143 8
G05  21248598.735 9 111662115.283 9       608.986 9        55.657 9                                                                  21248598.735 8 111662115.283 8       608.986 8        52.657 8
G04  21997123.310 9 115595632.266 9     -2494.485 9        55.357 9                                                                  21997123.310 8 115595632.266 8     -2494.485 8        52.357 8
E04                                                                  23386844.776 9 122898665.577 9      -175.735 9        57.937 9  23386844.776 9 122898665.577 9      -175.735 9        57.937 9
E05                                                                  26174197.124 9 137546269.889 9     -2074.519 9        56.959 9  26174197.124 9 137546269.889 9     -2074.519 9        56.959 9
E11                                                                  26709135.040 9 140357387.375 9     -2432.418 9        56.783 9  26709135.040 9 140357387.375 9     -2432.418 9        56.783 9
E20                                                                  27898336.063 9 146606666.270 9     -1706.731 9        56.405 9  27898336.063 9 146606666.270 9     -1706.731 9        56.405 9
E09                                                                  24954164.473 9 131134970.378 9      2544.632 9        57.374 9  24954164.473 9 131134970.378 9      2544.632 9        57.374 9
E10                                                                  23770422.747 9 124914378.618 9       -43.691 9        57.796 9  23770422.747 9 124914378.618 9       -43.691 9        57.796 9
E03                                                                  25008371.450 9 131419837.095 9      1938.820 9        57.355 9  25008371.450 9 131419837.095 9      1938.820 9        57.355 9
> 2026 02 03 10 02 46.0000000  0 17       0.000000000000
G02  20311407.607 9 106737146.264 9      -423.265 9        56.049 9                                                                  20311407.607 8 106737146.264 8      -423.265 8        53.049 8
G13  25206934.356 9 132463264.973 9      1181.587 9        54.174 9                                                                  25206934.356 8 132463264.973 8      1181.587 8        51.174 8
G29  24827656.783 9 130470169.671 9      3073.133 9        54.305 9                                                                  24827656.783 8 130470169.671 8      3073.133 8        51.305 8
G10  22308067.096 9 117229649.226 9      3214.970 9        55.235 9                                                                  22308067.096 8 117229649.226 8      3214.970 8        52.235 8
G12  20800067.690 9 109305070.677 9       108.675 9        55.843 9                                                                  20800067.690 8 109305070.677 8       108.675 8        52.843 8
G17  24750590.070 9 130065160.608 9     -2963.732 9        54.332 9                                                                  24750590.070 8 130065160.608 8     -2963.732 8        51.332 8
G24  24290140.033 9 127645499.319 9      3041.093 9        54.495 9                                                                  24290140.033 8 127645499.319 8      3041.093 8        51.495 8
G30  22543601.258 9 118467392.165 9      2279.840 9        55.144 9                                                                  22543601.258 8 118467392.165 8      2279.840 8        52.144 8
G05  21248482.912 9 111661506.625 9       608.328 9        55.657 9                                                                  21248482.912 8 111661506.625 8       608.328 8        52.657 8
G04  21997598.012 9 115598126.835 9     -2494.667 9        55.357 9                                                                  21997598.012 8 115598126.835 8     -2494.667 8        52.357 8
E04                                                                  23386878.241 9 122898841.436 9      -175.985 9        57.937 9  23386878.241 9 122898841.436 9      -175.985 9        57.937 9
E05                                                                  26174591.908 9 137548344.483 9     -2074.689 9        56.959 9  26174591.908 9 137548344.483 9     -2074.689 9        56.959 9
E11                                                                  26709597.936 9 140359819.902 9     -2432.658 9        56.783 9  26709597.936 9 140359819.902 9     -2432.658 9        56.783 9
E20                                                                  27898660.872 9 146608373.145 9     -1707.033 9        56.405 9  27898660.872 9 146608373.145 9     -1707.033 9        56.405 9
E09                                                                  24953680.272 9 131132425.892 9      2544.351 9        57.374 9  24953680.272 9 131132425.892 9      2544.351 9        57.374 9
E10                                                                  23770431.106 9 124914422.544 9       -44.160 9        57.796 9  23770431.106 9 124914422.544 9       -44.160 9        57.796 9
E03                                                                  25008002.514 9 131417898.322 9      1938.728 9        57.355 9  25008002.514 9 131417898.322 9      1938.728 9        57.355 9
> 2026 02 03 10 02 47.0000000  0 17       0.000000000000
G02  20311488.189 9 106737569.723 9      -423.655 9        56.049 9                                                                  20311488.189 8 106737569.723 8      -423.655 8        53.049 8
G13  25206709.551 9 132462083.621 9      1181.129 9        54.174 9                                                                  25206709.551 8 132462083.621 8      1181.129 8        51.174 8
G29  24827071.982 9 130467096.526 9      3073.156 9        54.306 9                                                                  24827071.982 8 130467096.526 8      3073.156 8        51.306 8
G10  22307455.338 9 117226434.423 9      3214.646 9        55.235 9                                                                  22307455.338 8 117226434.423 8      3214.646 8        52.235 8
G12  20800047.073 9 109304962.334 9       108.009 9        55.843 9                                                                  20800047.073 8 109304962.334 8       108.009 8        52.843 8
G17  24751154.060 9 130068124.385 9     -2963.855 9        54.332 9                                                                  24751154.060 8 130068124.385 8     -2963.855 8        51.332 8
G24  24289561.347 9 127642458.309 9      3040.927 9        54.496 9                                                                  24289561.347 8 127642458.309 8      3040.927 8        51.496 8
G30  22543167.465 9 118465112.571 9      2279.347 9        55.144 9                                                                  22543167.465 8 118465112.571 8      2279.347 8        52.144 8
G05  21248367.213 9 111660898.626 9       607.669 9        55.658 9                                                                  21248367.213 8 111660898.626 8       607.669 8        52.658 8
G04  21998072.748 9 115600621.587 9     -2494.849 9        55.356 9                                                                  21998072.748 8 115600621.587 8     -2494.849 8        52.356 8
E04                                                                  23386911.753 9 122899017.545 9      -176.235 9        57.937 9  23386911.753 9 122899017.545 9      -176.235 9        57.937 9
E05                                                                  26174986.724 9 137550419.247 9     -2074.859 9        56.959 9  26174986.724 9 137550419.247 9     -2074.859 9        56.959 9
E11                                                                  26710060.878 9 140362252.671 9     -2432.898 9        56.783 9  26710060.878 9 140362252.671 9     -2432.898 9        56.783 9
E20                                                                  27898985.738 9 146610080.322 9     -1707.335 9        56.405 9  27898985.738 9 146610080.322 9     -1707.335 9        56.405 9
E09                                                                  24953196.125 9 131129881.686 9      2544.070 9        57.374 9  24953196.125 9 131129881.686 9      2544.070 9        57.374 9
E10                                                                  23770439.554 9 124914466.939 9       -44.630 9        57.796 9  23770439.554 9 124914466.939 9       -44.630 9        57.796 9
E03                                                                  25007633.595 9 131415959.641 9      1938.636 9        57.355 9  25007633.595 9 131415959.641 9      1938.636 9        57.355 9
> 2026 02 03 10 02 48.0000000  0 17       0.000000000000
G02  20311568.845 9 106737993.573 9      -424.046 9        56.049 9                                                                  20311568.845 8 106737993.573 8      -424.046 8        53.049 8
G13  25206484.834 9 132460902.727 9      1180.670 9        54.174 9                                                                  25206484.834 8 132460902.727 8      1180.670 8        51.174 8
G29  24826487.177 9 130464023.356 9      3073.180 9        54.306 9                                                                  24826487.177 8 130464023.356 8      3073.180 8        51.306 8
G10  22306843.642 9 117223219.943 9      3214.322 9        55.235 9                                                                  22306843.642 8 117223219.943 8      3214.322 8        52.235 8
G12  20800026.583 9 109304854.656 9       107.344 9        55.843 9                                                                  20800026.583 8 109304854.656 8       107.344 8        52.843 8
G17  24751718.074 9 130071088.286 9     -2963.979 9        54.332 9                                                                  24751718.074 8 130071088.286 8     -2963.979 8        51.332 8
G24  24288982.693 9 127639417.466 9      3040.760 9        54.496 9                                                                  24288982.693 8 127639417.466 8      3040.760 8        51.496 8
G30  22542733.767 9 118462833.471 9      2278.853 9        55.144 9                                                                  22542733.767 8 118462833.471 8      2278.853 8        52.144 8
G05  21248251.640 9 111660291.286 9       607.010 9        55.658 9                                                                  21248251.640 8 111660291.286 8       607.010 8        52.658 8
G04  21998547.519 9 115603116.521 9     -2495.031 9        55.356 9                                                                  21998547.519 8 115603116.521 8     -2495.031 8        52.356 8
E04                                                                  23386945.313 9 122899193.904 9      -176.485 9        57.937 9  23386945.313 9 122899193.904 9      -176.485 9        57.937 9
E05                                                                  26175381.572 9 137552494.182 9     -2075.029 9        56.959 9  26175381.572 9 137552494.182 9     -2075.029 9        56.959 9
E11                                                                  26710523.866 9 140364685.679 9     -2433.138 9        56.783 9  26710523.866 9 140364685.679 9     -2433.138 9        56.783 9
E20                                                                  27899310.663 9 146611787.802 9     -1707.637 9        56.405 9  27899310.663 9 146611787.802 9     -1707.637 9        56.405 9
E09                                                                  24952712.031 9 131127337.760 9      2543.790 9        57.374 9  24952712.031 9 131127337.760 9      2543.790 9        57.374 9
E10                                                                  23770448.091 9 124914511.803 9       -45.099 9        57.796 9  23770448.091 9 124914511.803 9       -45.099 9        57.796 9
E03                                                                  25007264.693 9 131414021.051 9      1938.544 9        57.355 9  25007264.693 9 131414021.051 9      1938.544 9        57.355 9
> 2026 02 03 10 02 49.0000000  0 17       0.000000000000
G02  20311649.575 9 106738417.813 9      -424.436 9        56.049 9                                                                  20311649.575 8 106738417.813 8      -424.436 8        53.049 8
G13  25206260.204 9 132459722.291 9      1180.212 9        54.174 9                                                                  25206260.204 8 132459722.291 8      1180.212 8        51.174 8
G29  24825902.368 9 130460950.163 9      3073.204 9        54.306 9                                                                  24825902.368 8 130460950.163 8      3073.204 8        51.306 8
G10  22306232.008 9 117220005.788 9      3213.997 9        55.236 9                                                                  22306232.008 8 117220005.788 8      3213.997 8        52.236 8
G12  20800006.219 9 109304747.644 9       106.679 9        55.843 9                                                                  20800006.219 8 109304747.644 8       106.679 8        52.843 8
G17  24752282.112 9 130074052.310 9     -2964.102 9        54.332 9                                                                  24752282.112 8 130074052.310 8     -2964.102 8        51.332 8
G24  24288404.071 9 127636376.789 9      3040.594 9        54.496 9                                                                  24288404.071 8 127636376.789 8      3040.594 8        51.496 8
G30  22542300.162 9 118460554.865 9      2278.360 9        55.144 9                                                                  22542300.162 8 118460554.865 8      2278.360 8        52.144 8
G05  21248136.193 9 111659684.604 9       606.351 9        55.658 9                                                                  21248136.193 8 111659684.604 8       606.351 8        52.658 8
G04  21999022.325 9 115605611.637 9     -2495.213 9        55.356 9                                                                  21999022.325 8 115605611.637 8     -2495.213 8        52.356 8
E04                                                                  23386978.921 9 122899370.514 9      -176.735 9        57.937 9  23386978.921 9 122899370.514 9      -176.735 9        57.937 9
E05                                                                  26175776.453 9 137554569.287 9     -2075.199 9        56.958 9  26175776.453 9 137554569.287 9     -2075.199 9        56.958 9
E11                                                                  26710986.899 9 140367118.928 9     -2433.378 9        56.783 9  26710986.899 9 140367118.928 9     -2433.378 9        56.783 9
E20                                                                  27899635.644 9 146613495.583 9     -1707.939 9        56.405 9  27899635.644 9 146613495.583 9     -1707.939 9        56.405 9
E09                                                                  24952227.990 9 131124794.116 9      2543.509 9        57.374 9  24952227.990 9 131124794.116 9      2543.509 9        57.374 9
E10                                                                  23770456.718 9 124914557.137 9       -45.569 9        57.796 9  23770456.718 9 124914557.137 9       -45.569 9        57.796 9
E03                                                                  25006895.809 9 131412082.554 9      1938.452 9        57.355 9  25006895.809 9 131412082.554 9      1938.452 9        57.355 9
> 2026 02 03 10 02 50.0000000  0 17       0.000000000000
G02  20311730.380 9 106738842.443 9      -424.827 9        56.049 9                                                                  20311730.380 8 106738842.443 8      -424.827 8        53.049 8
G13  25206035.661 9 132458542.314 9      1179.753 9        54.174 9                                                                  25206035.661 8 132458542.314 8      1179.753 8        51.174 8
G29  24825317.554 9 130457876.946 9      3073.228 9        54.306 9                                                                  24825317.554 8 130457876.946 8      3073.228 8        51.306 8
G10  22305620.436 9 117216791.957 9      3213.673 9        55.236 9                                                                  22305620.436 8 117216791.957 8      3213.673 8        52.236 8
G12  20799985.982 9 109304641.297 9       106.014 9        55.843 9                                                                  20799985.982 8 109304641.297 8       106.014 8        52.843 8
G17  24752846.173 9 130077016.457 9     -2964.225 9        54.332 9                                                                  24752846.173 8 130077016.457 8     -2964.225 8        51.332 8
G24  24287825.481 9 127633336.279 9      3040.428 9        54.496 9                                                                  24287825.481 8 127633336.279 8      3040.428 8        51.496 8
G30  22541866.651 9 118458276.752 9      2277.866 9        55.144 9                                                                  22541866.651 8 118458276.752 8      2277.866 8        52.144 8
G05  21248020.871 9 111659078.582 9       605.692 9        55.658 9                                                                  21248020.871 8 111659078.582 8       605.692 8        52.658 8
G04  21999497.165 9 115608106.935 9     -2495.395 9        55.356 9                                                                  21999497.165 8 115608106.935 8     -2495.395 8        52.356 8
E04                                                                  23387012.577 9 122899547.373 9      -176.986 9        57.937 9  23387012.577 9 122899547.373 9      -176.986 9        57.937 9
E05                                                                  26176171.366 9 137556644.561 9     -2075.369 9        56.958 9  26176171.366 9 137556644.561 9     -2075.369 9        56.958 9
E11                                                                  26711449.978 9 140369552.416 9     -2433.618 9        56.783 9  26711449.978 9 140369552.416 9     -2433.618 9        56.783 9
E20                                                                  27899960.683 9 146615203.667 9     -1708.241 9        56.404 9  27899960.683 9 146615203.667 9     -1708.241 9        56.404 9
E09                                                                  24951744.004 9 131122250.753 9      2543.227 9        57.374 9  24951744.004 9 131122250.753 9      2543.227 9        57.374 9
E10                                                                  23770465.434 9 124914602.941 9       -46.038 9        57.796 9  23770465.434 9 124914602.941 9       -46.038 9        57.796 9
E03                                                                  25006526.942 9 131410144.149 9      1938.360 9        57.355 9  25006526.942 9 131410144.149 9      1938.360 9        57.355 9
> 2026 02 03 10 02 51.0000000  0 17       0.000000000000
G02  20311811.259 9 106739267.464 9      -425.217 9        56.049 9                                                                  20311811.259 8 106739267.464 8      -425.217 8        53.049 8
G13  25205811.205 9 132457362.796 9      1179.294 9        54.174 9                                                                  25205811.205 8 132457362.796 8      1179.294 8        51.174 8
G29  24824732.735 9 130454803.706 9      3073.251 9        54.306 9                                                                  24824732.735 8 130454803.706 8      3073.251 8        51.306 8
G10  22305008.925 9 117213578.451 9      3213.348 9        55.236 9                                                                  22305008.925 8 117213578.451 8      3213.348 8        52.236 8
G12  20799965.872 9 109304535.615 9       105.348 9        55.843 9                                                                  20799965.872 8 109304535.615 8       105.348 8        52.843 8
G17  24753410.257 9 130079980.728 9     -2964.349 9        54.331 9                                                                  24753410.257 8 130079980.728 8     -2964.349 8        51.331 8
G24  24287246.922 9 127630295.935 9      3040.261 9        54.496 9                                                                  24287246.922 8 127630295.935 8      3040.261 8        51.496 8
G30  22541433.234 9 118455999.132 9      2277.372 9        55.144 9                                                                  22541433.234 8 118455999.132 8      2277.372 8        52.144 8
G05  21247905.674 9 111658473.218 9       605.034 9        55.658 9                                                                  21247905.674 8 111658473.218 8       605.034 8        52.658 8
G04  21999972.040 9 115610602.414 9     -2495.577 9        55.356 9                                                                  21999972.040 8 115610602.414 8     -2495.577 8        52.356 8
E04                                                                  23387046.280 9 122899724.483 9      -177.236 9        57.937 9  23387046.280 9 122899724.483 9      -177.236 9        57.937 9
E05                                                                  26176566.312 9 137558720.006 9     -2075.540 9        56.958 9  26176566.312 9 137558720.006 9     -2075.540 9        56.958 9
E11                                                                  26711913.102 9 140371986.145 9     -2433.858 9        56.782 9  26711913.102 9 140371986.145 9     -2433.858 9        56.782 9
E20                                                                  27900285.780 9 146616912.053 9     -1708.543 9        56.404 9  27900285.780 9 146616912.053 9     -1708.543 9        56.404 9
E09                                                                  24951260.070 9 131119707.672 9      2542.946 9        57.375 9  24951260.070 9 131119707.672 9      2542.946 9        57.375 9
E10                                                                  23770474.239 9 124914649.214 9       -46.508 9        57.796 9  23770474.239 9 124914649.214 9       -46.508 9        57.796 9
E03                                                                  25006158.093 9 131408205.835 9      1938.268 9        57.356 9  25006158.093 9 131408205.835 9      1938.268 9        57.356 9
> 2026 02 03 10 02 52.0000000  0 17       0.000000000000
G02  20311892.212 9 106739692.875 9      -425.607 9        56.049 9                                                                  20311892.212 8 106739692.875 8      -425.607 8        53.049 8
G13  25205586.837 9 132456183.736 9      1178.836 9        54.174 9                                                                  25205586.837 8 132456183.736 8      1178.836 8        51.174 8
G29  24824147.912 9 130451730.442 9      3073.275 9        54.307 9                                                                  24824147.912 8 130451730.442 8      3073.275 8        51.307 8
G10  22304397.476 9 117210365.270 9      3213.023 9        55.236 9                                                                  22304397.476 8 117210365.270 8      3213.023 8        52.236 8
G12  20799945.888 9 109304430.598 9       104.683 9        55.843 9                                                                  20799945.888 8 109304430.598 8       104.683 8        52.843 8
G17  24753974.365 9 130082945.122 9     -2964.472 9        54.331 9                                                                  24753974.365 8 130082945.122 8     -2964.472 8        51.331 8
G24  24286668.394 9 127627255.757 9      3040.095 9        54.497 9                                                                  24286668.394 8 127627255.757 8      3040.095 8        51.497 8
G30  22540999.911 9 118453722.007 9      2276.879 9        55.145 9                                                                  22540999.911 8 118453722.007 8      2276.879 8        52.145 8
G05  21247790.602 9 111657868.513 9       604.375 9        55.658 9                                                                  21247790.602 8 111657868.513 8       604.375 8        52.658 8
G04  22000446.950 9 115613098.075 9     -2495.759 9        55.355 9                                                                  22000446.950 8 115613098.075 8     -2495.759 8        52.355 8
E04                                                                  23387080.030 9 122899901.844 9      -177.486 9        57.937 9  23387080.030 9 122899901.844 9      -177.486 9        57.937 9
E05                                                                  26176961.290 9 137560795.621 9     -2075.710 9        56.958 9  26176961.290 9 137560795.621 9     -2075.710 9        56.958 9
E11                                                                  26712376.273 9 140374420.113 9     -2434.098 9        56.782 9  26712376.273 9 140374420.113 9     -2434.098 9        56.782 9
E20                                                                  27900610.934 9 146618620.740 9     -1708.845 9        56.404 9  27900610.934 9 146618620.740 9     -1708.845 9        56.404 9
E09                                                                  24950776.190 9 131117164.871 9      2542.665 9        57.375 9  24950776.190 9 131117164.871 9      2542.665 9        57.375 9
E10                                                                  23770483.134 9 124914695.956 9       -46.977 9        57.796 9  23770483.134 9 124914695.956 9       -46.977 9        57.796 9
E03                                                                  25005789.261 9 131406267.613 9      1938.177 9        57.356 9  25005789.261 9 131406267.613 9      1938.177 9        57.356 9
> 2026 02 03 10 02 53.0000000  0 17       0.000000000000
G02  20311973.240 9 106740118.676 9      -425.998 9        56.049 9                                                                  20311973.240 8 106740118.676 8      -425.998 8        53.049 8
G13  25205362.556 9 132455005.135 9      1178.377 9        54.174 9                                                                  25205362.556 8 132455005.135 8      1178.377 8        51.174 8
G29  24823563.084 9 130448657.154 9      3073.298 9        54.307 9                                                                  24823563.084 8 130448657.154 8      3073.298 8        51.307 8
G10  22303786.089 9 117207152.413 9      3212.699 9        55.236 9                                                                  22303786.089 8 117207152.413 8      3212.699 8        52.236 8
G12  20799926.031 9 109304326.247 9       104.018 9        55.843 9                                                                  20799926.031 8 109304326.247 8       104.018 8        52.843 8
G17  24754538.496 9 130085909.639 9     -2964.595 9        54.331 9                                                                  24754538.496 8 130085909.639 8     -2964.595 8        51.331 8
G24  24286089.899 9 127624215.746 9      3039.928 9        54.497 9                                                                  24286089.899 8 127624215.746 8      3039.928 8        51.497 8
G30  22540566.683 9 118451445.375 9      2276.385 9        55.145 9                                                                  22540566.683 8 118451445.375 8      2276.385 8        52.145 8
G05  21247675.656 9 111657264.467 9       603.716 9        55.658 9                                                                  21247675.656 8 111657264.467 8       603.716 8        52.658 8
G04  22000921.894 9 115615593.918 9     -2495.940 9        55.355 9                                                                  22000921.894 8 115615593.918 8     -2495.940 8        52.355 8
E04                                                                  23387113.828 9 122900079.454 9      -177.736 9        57.937 9  23387113.828 9 122900079.454 9      -177.736 9        57.937 9
E05                                                                  26177356.300 9 137562871.405 9     -2075.880 9        56.958 9  26177356.300 9 137562871.405 9     -2075.880 9        56.958 9
E11                                                                  26712839.489 9 140376854.322 9     -2434.338 9        56.782 9  26712839.489 9 140376854.322 9     -2434.338 9        56.782 9
E20                                                                  27900936.146 9 146620329.730 9     -1709.147 9        56.404 9  27900936.146 9 146620329.730 9     -1709.147 9        56.404 9
E09                                                                  24950292.364 9 131114622.351 9      2542.384 9        57.375 9  24950292.364 9 131114622.351 9      2542.384 9        57.375 9
E10                                                                  23770492.118 9 124914743.168 9       -47.446 9        57.796 9  23770492.118 9 124914743.168 9       -47.446 9        57.796 9
E03                                                                  25005420.447 9 131404329.483 9      1938.085 9        57.356 9  25005420.447 9 131404329.483 9      1938.085 9        57.356 9
> 2026 02 03 10 02 54.0000000  0 17       0.000000000000
G02  20312054.341 9 106740544.868 9      -426.388 9        56.049 9                                                                  20312054.341 8 106740544.868 8      -426.388 8        53.049 8
G13  25205138.362 9 132453826.993 9      1177.918 9        54.174 9                                                                  25205138.362 8 132453826.993 8      1177.918 8        51.174 8
G29  24822978.252 9 130445583.843 9      3073.322 9        54.307 9                                                                  24822978.252 8 130445583.843 8      3073.322 8        51.307 8
G10  22303174.764 9 117203939.881 9      3212.374 9        55.237 9                                                                  22303174.764 8 117203939.881 8      3212.374 8        52.237 8
G12  20799906.300 9 109304222.560 9       103.353 9        55.843 9                                                                  20799906.300 8 109304222.560 8       103.353 8        52.843 8
G17  24755102.651 9 130088874.279 9     -2964.718 9        54.331 9                                                                  24755102.651 8 130088874.279 8     -2964.718 8        51.331 8
G24  24285511.435 9 127621175.901 9      3039.762 9        54.497 9                                                                  24285511.435 8 127621175.901 8      3039.762 8        51.497 8
G30  22540133.548 9 118449169.237 9      2275.891 9        55.145 9                                                                  22540133.548 8 118449169.237 8      2275.891 8        52.145 8
G05  21247560.836 9 111656661.080 9       603.057 9        55.658 9                                                                  21247560.836 8 111656661.080 8       603.057 8        52.658 8
G04  22001396.872 9 115618089.943 9     -2496.122 9        55.355 9                                                                  22001396.872 8 115618089.943 8     -2496.122 8        52.355 8
E04                                                                  23387147.674 9 122900257.315 9      -177.987 9        57.937 9  23387147.674 9 122900257.315 9      -177.987 9        57.937 9
E05                                                                  26177751.342 9 137564947.360 9     -2076.050 9        56.958 9  26177751.342 9 137564947.360 9     -2076.050 9        56.958 9
E11                                                                  26713302.750 9 140379288.770 9     -2434.577 9        56.782 9  26713302.750 9 140379288.770 9     -2434.577 9        56.782 9
E20                                                                  27901261.414 9 146622039.021 9     -1709.449 9        56.404 9  27901261.414 9 146622039.021 9     -1709.449 9        56.404 9
E09                                                                  24949808.591 9 131112080.113 9      2542.103 9        57.375 9  24949808.591 9 131112080.113 9      2542.103 9        57.375 9
E10                                                                  23770501.192 9 124914790.849 9       -47.916 9        57.796 9  23770501.192 9 124914790.849 9       -47.916 9        57.796 9
E03                                                                  25005051.650 9 131402391.446 9      1937.993 9        57.356 9  25005051.650 9 131402391.446 9      1937.993 9        57.356 9
> 2026 02 03 10 02 55.0000000  0 17       0.000000000000
G02  20312135.517 9 106740971.450 9      -426.778 9        56.049 9                                                                  20312135.517 8 106740971.450 8      -426.778 8        53.049 8
G13  25204914.256 9 132452649.310 9      1177.459 9        54.174 9                                                                  25204914.256 8 132452649.310 8      1177.459 8        51.174 8
G29  24822393.416 9 130442510.508 9      3073.346 9        54.307 9                                                                  24822393.416 8 130442510.508 8      3073.346 8        51.307 8
G10  22302563.501 9 117200727.674 9      3212.049 9        55.237 9                                                                  22302563.501 8 117200727.674 8      3212.049 8        52.237 8
G12  20799886.696 9 109304119.540 9       102.687 9        55.843 9                                                                  20799886.696 8 109304119.540 8       102.687 8        52.843 8
G17  24755666.829 9 130091839.043 9     -2964.842 9        54.331 9                                                                  24755666.829 8 130091839.043 8     -2964.842 8        51.331 8
G24  24284933.003 9 127618136.223 9      3039.595 9        54.497 9                                                                  24284933.003 8 127618136.223 8      3039.595 8        51.497 8
G30  22539700.507 9 118446893.594 9      2275.397 9        55.145 9                                                                  22539700.507 8 118446893.594 8      2275.397 8        52.145 8
G05  21247446.140 9 111656058.352 9       602.398 9        55.658 9                                                                  21247446.140 8 111656058.352 8       602.398 8        52.658 8
G04  22001871.885 9 115620586.149 9     -2496.303 9        55.355 9                                                                  22001871.885 8 115620586.149 8     -2496.303 8        52.355 8
E04                                                                  23387181.568 9 122900435.426 9      -178.237 9        57.937 9  23387181.568 9 122900435.426 9      -178.237 9        57.937 9
E05                                                                  26178146.417 9 137567023.485 9     -2076.220 9        56.958 9  26178146.417 9 137567023.485 9     -2076.220 9        56.958 9
E11                                                                  26713766.057 9 140381723.458 9     -2434.817 9        56.782 9  26713766.057 9 140381723.458 9     -2434.817 9        56.782 9
E20                                                                  27901586.741 9 146623748.614 9     -1709.750 9        56.404 9  27901586.741 9 146623748.614 9     -1709.750 9        56.404 9
E09                                                                  24949324.872 9 131109538.155 9      2541.822 9        57.375 9  24949324.872 9 131109538.155 9      2541.822 9        57.375 9
E10                                                                  23770510.354 9 124914838.999 9       -48.385 9        57.796 9  23770510.354 9 124914838.999 9       -48.385 9        57.796 9
E03                                                                  25004682.871 9 131400453.500 9      1937.901 9        57.356 9  25004682.871 9 131400453.500 9      1937.901 9        57.356 9
> 2026 02 03 10 02 56.0000000  0 17       0.000000000000
G02  20312216.768 9 106741398.422 9      -427.168 9        56.049 9                                                                  20312216.768 8 106741398.422 8      -427.168 8        53.049 8
G13  25204690.237 9 132451472.086 9      1177.000 9        54.174 9                                                                  25204690.237 8 132451472.086 8      1177.000 8        51.174 8
G29  24821808.574 9 130439437.150 9      3073.369 9        54.307 9                                                                  24821808.574 8 130439437.150 8      3073.369 8        51.307 8
G10  22301952.299 9 117197515.792 9      3211.724 9        55.237 9                                                                  22301952.299 8 117197515.792 8      3211.724 8        52.237 8
G12  20799867.219 9 109304017.184 9       102.022 9        55.843 9                                                                  20799867.219 8 109304017.184 8       102.022 8        52.843 8
G17  24756231.031 9 130094803.930 9     -2964.965 9        54.330 9                                                                  24756231.031 8 130094803.930 8     -2964.965 8        51.330 8
G24  24284354.602 9 127615096.711 9      3039.429 9        54.498 9                                                                  24284354.602 8 127615096.711 8      3039.429 8        51.498 8
G30  22539267.560 9 118444618.444 9      2274.903 9        55.145 9                                                                  22539267.560 8 118444618.444 8      2274.903 8        52.145 8
G05  21247331.571 9 111655456.283 9       601.739 9        55.658 9                                                                  21247331.571 8 111655456.283 8       601.739 8        52.658 8
G04  22002346.933 9 115623082.537 9     -2496.485 9        55.355 9                                                                  22002346.933 8 115623082.537 8     -2496.485 8        52.355 8
E04                                                                  23387215.509 9 122900613.787 9      -178.487 9        57.937 9  23387215.509 9 122900613.787 9      -178.487 9        57.937 9
E05                                                                  26178541.525 9 137569099.780 9     -2076.390 9        56.958 9  26178541.525 9 137569099.780 9     -2076.390 9        56.958 9
E11                                                                  26714229.410 9 140384158.385 9     -2435.057 9        56.782 9  26714229.410 9 140384158.385 9     -2435.057 9        56.782 9
E20                                                                  27901912.125 9 146625458.508 9     -1710.052 9        56.404 9  27901912.125 9 146625458.508 9     -1710.052 9        56.404 9
E09                                                                  24948841.206 9 131106996.479 9      2541.540 9        57.375 9  24948841.206 9 131106996.479 9      2541.540 9        57.375 9
E10                                                                  23770519.606 9 124914887.619 9       -48.854 9        57.796 9  23770519.606 9 124914887.619 9       -48.854 9        57.796 9
E03                                                                  25004314.109 9 131398515.646 9      1937.808 9        57.356 9  25004314.109 9 131398515.646 9      1937.808 9        57.356 9
> 2026 02 03 10 02 57.0000000  0 17       0.000000000000
G02  20312298.092 9 106741825.785 9      -427.558 9        56.049 9                                                                  20312298.092 8 106741825.785 8      -427.558 8        53.049 8
G13  25204466.305 9 132450295.322 9      1176.541 9        54.175 9                                                                  25204466.305 8 132450295.322 8      1176.541 8        51.175 8
G29  24821223.729 9 130436363.768 9      3073.393 9        54.308 9                                                                  24821223.729 8 130436363.768 8      3073.393 8        51.308 8
G10  22301341.159 9 117194304.236 9      3211.398 9        55.237 9                                                                  22301341.159 8 117194304.236 8      3211.398 8        52.237 8
G12  20799847.868 9 109303915.494 9       101.356 9        55.843 9                                                                  20799847.868 8 109303915.494 8       101.356 8        52.843 8
G17  24756795.256 9 130097768.940 9     -2965.088 9        54.330 9                                                                  24756795.256 8 130097768.940 8     -2965.088 8        51.330 8
G24  24283776.234 9 127612057.366 9      3039.262 9        54.498 9                                                                  24283776.234 8 127612057.366 8      3039.262 8        51.498 8
G30  22538834.707 9 118442343.788 9      2274.408 9        55.145 9                                                                  22538834.707 8 118442343.788 8      2274.408 8        52.145 8
G05  21247217.126 9 111654854.873 9       601.079 9        55.658 9                                                                  21247217.126 8 111654854.873 8       601.079 8        52.658 8
G04  22002822.015 9 115625579.106 9     -2496.666 9        55.354 9                                                                  22002822.015 8 115625579.106 8     -2496.666 8        52.354 8
E04                                                                  23387249.498 9 122900792.399 9      -178.738 9        57.937 9  23387249.498 9 122900792.399 9      -178.738 9        57.937 9
E05                                                                  26178936.664 9 137571176.245 9     -2076.560 9        56.957 9  26178936.664 9 137571176.245 9     -2076.560 9        56.957 9
E11                                                                  26714692.808 9 140386593.552 9     -2435.296 9        56.781 9  26714692.808 9 140386593.552 9     -2435.296 9        56.781 9
E20                                                                  27902237.566 9 146627168.704 9     -1710.353 9        56.404 9  27902237.566 9 146627168.704 9     -1710.353 9        56.404 9
E09                                                                  24948357.594 9 131104455.085 9      2541.259 9        57.376 9  24948357.594 9 131104455.085 9      2541.259 9        57.376 9
E10                                                                  23770528.948 9 124914936.708 9       -49.324 9        57.796 9  23770528.948 9 124914936.708 9       -49.324 9        57.796 9
E03                                                                  25003945.365 9 131396577.885 9      1937.716 9        57.356 9  25003945.365 9 131396577.885 9      1937.716 9        57.356 9
> 2026 02 03 10 02 58.0000000  0 17       0.000000000000
G02  20312379.491 9 106742253.537 9      -427.949 9        56.049 9                                                                  20312379.491 8 106742253.537 8      -427.949 8        53.049 8
G13  25204242.461 9 132449119.016 9      1176.081 9        54.175 9                                                                  25204242.461 8 132449119.016 8      1176.081 8        51.175 8
G29  24820638.879 9 130433290.363 9      3073.416 9        54.308 9                                                                  24820638.879 8 130433290.363 8      3073.416 8        51.308 8
G10  22300730.082 9 117191093.005 9      3211.073 9        55.238 9                                                                  22300730.082 8 117191093.005 8      3211.073 8        52.238 8
G12  20799828.644 9 109303814.469 9       100.691 9        55.843 9                                                                  20799828.644 8 109303814.469 8       100.691 8        52.843 8
G17  24757359.505 9 130100734.073 9     -2965.211 9        54.330 9                                                                  24757359.505 8 130100734.073 8     -2965.211 8        51.330 8
G24  24283197.896 9 127609018.188 9      3039.096 9        54.498 9                                                                  24283197.896 8 127609018.188 8      3039.096 8        51.498 8
G30  22538401.948 9 118440069.627 9      2273.914 9        55.146 9                                                                  22538401.948 8 118440069.627 8      2273.914 8        52.146 8
G05  21247102.807 9 111654254.122 9       600.420 9        55.658 9                                                                  21247102.807 8 111654254.122 8       600.420 8        52.658 8
G04  22003297.132 9 115628075.857 9     -2496.848 9        55.354 9                                                                  22003297.132 8 115628075.857 8     -2496.848 8        52.354 8
E04                                                                  23387283.534 9 122900971.261 9      -178.988 9        57.937 9  23387283.534 9 122900971.261 9      -178.988 9        57.937 9
E05                                                                  26179331.836 9 137573252.880 9     -2076.730 9        56.957 9  26179331.836 9 137573252.880 9     -2076.730 9        56.957 9
E11                                                                  26715156.252 9 140389028.958 9     -2435.536 9        56.781 9  26715156.252 9 140389028.958 9     -2435.536 9        56.781 9
E20                                                                  27902563.064 9 146628879.202 9     -1710.655 9        56.404 9  27902563.064 9 146628879.202 9     -1710.655 9        56.404 9
E09                                                                  24947874.035 9 131101913.972 9      2540.977 9        57.376 9  24947874.035 9 131101913.972 9      2540.977 9        57.376 9
E10                                                                  23770538.378 9 124914986.267 9       -49.793 9        57.796 9  23770538.378 9 124914986.267 9       -49.793 9        57.796 9
E03                                                                  25003576.638 9 131394640.215 9      1937.624 9        57.356 9  25003576.638 9 131394640.215 9      1937.624 9        57.356 9
> 2026 02 03 10 02 59.0000000  0 17       0.000000000000
G02  20312460.964 9 106742681.680 9      -428.339 9        56.049 9                                                                  20312460.964 8 106742681.680 8      -428.339 8        53.049 8
G13  25204018.704 9 132447943.169 9      1175.622 9        54.175 9                                                                  25204018.704 8 132447943.169 8      1175.622 8        51.175 8
G29  24820054.024 9 130430216.934 9      3073.439 9        54.308 9                                                                  24820054.024 8 130430216.934 8      3073.439 8        51.308 8
G10  22300119.066 9 117187882.099 9      3210.747 9        55.238 9                                                                  22300119.066 8 117187882.099 8      3210.747 8        52.238 8
G12  20799809.546 9 109303714.110 9       100.026 9        55.843 9                                                                  20799809.546 8 109303714.110 8       100.026 8        52.843 8
G17  24757923.777 9 130103699.330 9     -2965.334 9        54.330 9                                                                  24757923.777 8 130103699.330 8     -2965.334 8        51.330 8
G24  24282619.591 9 127605979.176 9      3038.929 9        54.498 9                                                                  24282619.591 8 127605979.176 8      3038.929 8        51.498 8
G30  22537969.283 9 118437795.960 9      2273.420 9        55.146 9                                                                  22537969.283 8 118437795.960 8      2273.420 8        52.146 8
G05  21246988.614 9 111653654.031 9       599.761 9        55.658 9                                                                  21246988.614 8 111653654.031 8       599.761 8        52.658 8
G04  22003772.283 9 115630572.789 9     -2497.029 9        55.354 9                                                                  22003772.283 8 115630572.789 8     -2497.029 8        52.354 8
E04                                                                  23387317.619 9 122901150.374 9      -179.239 9        57.937 9  23387317.619 9 122901150.374 9      -179.239 9        57.937 9
E05                                                                  26179727.041 9 137575329.686 9     -2076.900 9        56.957 9  26179727.041 9 137575329.686 9     -2076.900 9        56.957 9
E11                                                                  26715619.742 9 140391464.605 9     -2435.775 9        56.781 9  26715619.742 9 140391464.605 9     -2435.775 9        56.781 9
E20                                                                  27902888.620 9 146630590.001 9     -1710.956 9        56.403 9  27902888.620 9 146630590.001 9     -1710.956 9        56.403 9
E09                                                                  24947390.530 9 131099373.141 9      2540.696 9        57.376 9  24947390.530 9 131099373.141 9      2540.696 9        57.376 9
E10                                                                  23770547.898 9 124915036.294 9       -50.262 9        57.796 9  23770547.898 9 124915036.294 9       -50.262 9        57.796 9
E03                                                                  25003207.929 9 131392702.638 9      1937.532 9        57.357 9  25003207.929 9 131392702.638 9      1937.532 9        57.357 9
> 2026 02 03 10 03  0.0000000  0 17       0.000000000000
G02  20312542.511 9 106743110.213 9      -428.729 9        56.049 9                                                                  20312542.511 8 106743110.213 8      -428.729 8        53.049 8
G13  25203795.034 9 132446767.782 9      1175.163 9        54.175 9                                                                  25203795.034 8 132446767.782 8      1175.163 8        51.175 8
G29  24819469.166 9 130427143.482 9      3073.463 9        54.308 9                                                                  24819469.166 8 130427143.482 8      3073.463 8        51.308 8
G10  22299508.112 9 117184671.518 9      3210.422 9        55.238 9                                                                  22299508.112 8 117184671.518 8      3210.422 8        52.238 8
G12  20799790.575 9 109303614.416 9        99.360 9        55.843 9                                                                  20799790.575 8 109303614.416 8        99.360 8        52.843 8
G17  24758488.072 9 130106664.710 9     -2965.458 9        54.330 9                                                                  24758488.072 8 130106664.710 8     -2965.458 8        51.330 8
G24  24282041.317 9 127602940.331 9      3038.762 9        54.498 9                                                                  24282041.317 8 127602940.331 8      3038.762 8        51.498 8
G30  22537536.713 9 118435522.788 9      2272.925 9        55.146 9                                                                  22537536.713 8 118435522.788 8      2272.925 8        52.146 8
G05  21246874.545 9 111653054.598 9       599.102 9        55.658 9                                                                  21246874.545 8 111653054.598 8       599.102 8        52.658 8
G04  22004247.469 9 115633069.902 9     -2497.211 9        55.354 9                                                                  22004247.469 8 115633069.902 8     -2497.211 8        52.354 8
E04                                                                  23387351.750 9 122901329.737 9      -179.489 9        57.937 9  23387351.750 9 122901329.737 9      -179.489 9        57.937 9
E05                                                                  26180122.277 9 137577406.661 9     -2077.070 9        56.957 9  26180122.277 9 137577406.661 9     -2077.070 9        56.957 9
E11                                                                  26716083.277 9 140393900.490 9     -2436.015 9        56.781 9  26716083.277 9 140393900.490 9     -2436.015 9        56.781 9
E20                                                                  27903214.233 9 146632301.101 9     -1711.258 9        56.403 9  27903214.233 9 146632301.101 9     -1711.258 9        56.403 9
E09                                                                  24946907.078 9 131096832.591 9      2540.414 9        57.376 9  24946907.078 9 131096832.591 9      2540.414 9        57.376 9
E10                                                                  23770557.508 9 124915086.791 9       -50.732 9        57.796 9  23770557.508 9 124915086.791 9       -50.732 9        57.796 9
E03                                                                  25002839.238 9 131390765.153 9      1937.440 9        57.357 9  25002839.238 9 131390765.153 9      1937.440 9        57.357 9
> 2026 02 03 10 03  1.0000000  0 17       0.000000000000
G02  20312624.133 9 106743539.135 9      -429.119 9        56.049 9                                                                  20312624.133 8 106743539.135 8      -429.119 8        53.049 8
G13  25203571.452 9 132445592.855 9      1174.703 9        54.175 9                                                                  25203571.452 8 132445592.855 8      1174.703 8        51.175 8
G29  24818884.302 9 130424070.006 9      3073.486 9        54.308 9                                                                  24818884.302 8 130424070.006 8      3073.486 8        51.308 8
G10  22298897.220 9 117181461.263 9      3210.096 9        55.238 9                                                                  22298897.220 8 117181461.263 8      3210.096 8        52.238 8
G12  20799771.731 9 109303515.388 9        98.695 9        55.843 9                                                                  20799771.731 8 109303515.388 8        98.695 8        52.843 8
G17  24759052.391 9 130109630.212 9     -2965.581 9        54.329 9                                                                  24759052.391 8 130109630.212 8     -2965.581 8        51.329 8
G24  24281463.075 9 127599901.653 9      3038.595 9        54.499 9                                                                  24281463.075 8 127599901.653 8      3038.595 8        51.499 8
G30  22537104.236 9 118433250.110 9      2272.430 9        55.146 9                                                                  22537104.236 8 118433250.110 8      2272.430 8        52.146 8
G05  21246760.603 9 111652455.825 9       598.443 9        55.658 9                                                                  21246760.603 8 111652455.825 8       598.443 8        52.658 8
G04  22004722.689 9 115635567.197 9     -2497.392 9        55.354 9                                                                  22004722.689 8 115635567.197 8     -2497.392 8        52.354 8
E04                                                                  23387385.930 9 122901509.351 9      -179.740 9        57.937 9  23387385.930 9 122901509.351 9      -179.740 9        57.937 9
E05                                                                  26180517.546 9 137579483.806 9     -2077.240 9        56.957 9  26180517.546 9 137579483.806 9     -2077.240 9        56.957 9
E11                                                                  26716546.857 9 140396336.615 9     -2436.254 9        56.781 9  26716546.857 9 140396336.615 9     -2436.254 9        56.781 9
E20                                                                  27903539.904 9 146634012.503 9     -1711.559 9        56.403 9  27903539.904 9 146634012.503 9     -1711.559 9        56.403 9
E09                                                                  24946423.680 9 131094292.322 9      2540.132 9        57.376 9  24946423.680 9 131094292.322 9      2540.132 9        57.376 9
E10                                                                  23770567.206 9 124915137.758 9       -51.201 9        57.796 9  23770567.206 9 124915137.758 9       -51.201 9        57.796 9
E03                                                                  25002470.564 9 131388827.760 9      1937.347 9        57.357 9  25002470.564 9 131388827.760 9      1937.347 9        57.357 9
> 2026 02 03 10 03  2.0000000  0 17       0.000000000000
G02  20312705.828 9 106743968.448 9      -429.509 9        56.049 9                                                                  20312705.828 8 106743968.448 8      -429.509 8        53.049 8
G13  25203347.957 9 132444418.386 9      1174.244 9        54.175 9                                                                  25203347.957 8 132444418.386 8      1174.244 8        51.175 8
G29  24818299.434 9 130420996.507 9      3073.510 9        54.309 9                                                                  24818299.434 8 130420996.507 8      3073.510 8        51.309 8
G10  22298286.390 9 117178251.334 9      3209.771 9        55.239 9                                                                  22298286.390 8 117178251.334 8      3209.771 8        52.239 8
G12  20799753.013 9 109303417.024 9        98.030 9        55.843 9                                                                  20799753.013 8 109303417.024 8        98.030 8        52.843 8
G17  24759616.734 9 130112595.839 9     -2965.704 9        54.329 9                                                                  24759616.734 8 130112595.839 8     -2965.704 8        51.329 8
G24  24280884.865 9 127596863.141 9      3038.429 9        54.499 9                                                                  24280884.865 8 127596863.141 8      3038.429 8        51.499 8
G30  22536671.854 9 118430977.927 9      2271.936 9        55.146 9                                                                  22536671.854 8 118430977.927 8      2271.936 8        52.146 8
G05  21246646.785 9 111651857.711 9       597.784 9        55.658 9                                                                  21246646.785 8 111651857.711 8       597.784 8        52.658 8
G04  22005197.944 9 115638064.673 9     -2497.573 9        55.354 9                                                                  22005197.944 8 115638064.673 8     -2497.573 8        52.354 8
E04                                                                  23387420.157 9 122901689.215 9      -179.990 9        57.937 9  23387420.157 9 122901689.215 9      -179.990 9        57.937 9
E05                                                                  26180912.848 9 137581561.122 9     -2077.411 9        56.957 9  26180912.848 9 137581561.122 9     -2077.411 9        56.957 9
E11                                                                  26717010.484 9 140398772.979 9     -2436.493 9        56.781 9  26717010.484 9 140398772.979 9     -2436.493 9        56.781 9
E20                                                                  27903865.632 9 146635724.206 9     -1711.860 9        56.403 9  27903865.632 9 146635724.206 9     -1711.860 9        56.403 9
E09                                                                  24945940.336 9 131091752.336 9      2539.851 9        57.376 9  24945940.336 9 131091752.336 9      2539.851 9        57.376 9
E10                                                                  23770576.994 9 124915189.194 9       -51.670 9        57.796 9  23770576.994 9 124915189.194 9       -51.670 9        57.796 9
E03                                                                  25002101.907 9 131386890.459 9      1937.255 9        57.357 9  25002101.907 9 131386890.459 9      1937.255 9        57.357 9
> 2026 02 03 10 03  3.0000000  0 17       0.000000000000
G02  20312787.598 9 106744398.150 9      -429.898 9        56.049 9                                                                  20312787.598 8 106744398.150 8      -429.898 8        53.049 8
G13  25203124.550 9 132443244.378 9      1173.784 9        54.175 9                                                                  25203124.550 8 132443244.378 8      1173.784 8        51.175 8
G29  24817714.562 9 130417922.985 9      3073.533 9        54.309 9                                                                  24817714.562 8 130417922.985 8      3073.533 8        51.309 8
G10  22297675.622 9 117175041.731 9      3209.445 9        55.239 9                                                                  22297675.622 8 117175041.731 8      3209.445 8        52.239 8
G12  20799734.422 9 109303319.327 9        97.364 9        55.843 9                                                                  20799734.422 8 109303319.327 8        97.364 8        52.843 8
G17  24760181.099 9 130115561.588 9     -2965.827 9        54.329 9                                                                  24760181.099 8 130115561.588 8     -2965.827 8        51.329 8
G24  24280306.687 9 127593824.796 9      3038.262 9        54.499 9                                                                  24280306.687 8 127593824.796 8      3038.262 8        51.499 8
G30  22536239.566 9 118428706.238 9      2271.441 9        55.146 9                                                                  22536239.566 8 118428706.238 8      2271.441 8        52.146 8
G05  21246533.094 9 111651260.256 9       597.124 9        55.658 9                                                                  21246533.094 8 111651260.256 8       597.124 8        52.658 8
G04  22005673.233 9 115640562.329 9     -2497.754 9        55.353 9                                                                  22005673.233 8 115640562.329 8     -2497.754 8        52.353 8
E04                                                                  23387454.432 9 122901869.330 9      -180.241 9        57.937 9  23387454.432 9 122901869.330 9      -180.241 9        57.937 9
E05                                                                  26181308.182 9 137583638.608 9     -2077.580 9        56.957 9  26181308.182 9 137583638.608 9     -2077.580 9        56.957 9
E11                                                                  26717474.155 9 140401209.582 9     -2436.732 9        56.781 9  26717474.155 9 140401209.582 9     -2436.732 9        56.781 9
E20                                                                  27904191.417 9 146637436.210 9     -1712.161 9        56.403 9  27904191.417 9 146637436.210 9     -1712.161 9        56.403 9
E09                                                                  24945457.045 9 131089212.631 9      2539.569 9        57.377 9  24945457.045 9 131089212.631 9      2539.569 9        57.377 9
E10                                                                  23770586.871 9 124915241.098 9       -52.139 9        57.796 9  23770586.871 9 124915241.098 9       -52.139 9        57.796 9
E03                                                                  25001733.268 9 131384953.251 9      1937.163 9        57.357 9  25001733.268 9 131384953.251 9      1937.163 9        57.357 9
> 2026 02 03 10 03  4.0000000  0 17       0.000000000000
G02  20312869.442 9 106744828.243 9      -430.288 9        56.049 9                                                                  20312869.442 8 106744828.243 8      -430.288 8        53.049 8
G13  25202901.230 9 132442070.829 9      1173.325 9        54.175 9                                                                  25202901.230 8 132442070.829 8      1173.325 8        51.175 8
G29  24817129.685 9 130414849.440 9      3073.556 9        54.309 9                                                                  24817129.685 8 130414849.440 8      3073.556 8        51.309 8
G10  22297064.916 9 117171832.453 9      3209.119 9        55.239 9                                                                  22297064.916 8 117171832.453 8      3209.119 8        52.239 8
G12  20799715.958 9 109303222.294 9        96.699 9        55.843 9                                                                  20799715.958 8 109303222.294 8        96.699 8        52.843 8
G17  24760745.489 9 130118527.460 9     -2965.950 9        54.329 9                                                                  24760745.489 8 130118527.460 8     -2965.950 8        51.329 8
G24  24279728.540 9 127590786.618 9      3038.095 9        54.499 9                                                                  24279728.540 8 127590786.618 8      3038.095 8        51.499 8
G30  22535807.371 9 118426435.044 9      2270.946 9        55.147 9                                                                  22535807.371 8 118426435.044 8      2270.946 8        52.147 8
G05  21246419.527 9 111650663.460 9       596.465 9        55.658 9                                                                  21246419.527 8 111650663.460 8       596.465 8        52.658 8
G04  22006148.557 9 115643060.168 9     -2497.935 9        55.353 9                                                                  22006148.557 8 115643060.168 8     -2497.935 8        52.353 8
E04                                                                  23387488.754 9 122902049.695 9      -180.491 9        57.937 9  23387488.754 9 122902049.695 9      -180.491 9        57.937 9
E05                                                                  26181703.548 9 137585716.263 9     -2077.750 9        56.957 9  26181703.548 9 137585716.263 9     -2077.750 9        56.957 9
E11                                                                  26717937.872 9 140403646.425 9     -2436.971 9        56.780 9  26717937.872 9 140403646.425 9     -2436.971 9        56.780 9
E20                                                                  27904517.259 9 146639148.515 9     -1712.462 9        56.403 9  27904517.259 9 146639148.515 9     -1712.462 9        56.403 9
E09                                                                  24944973.808 9 131086673.207 9      2539.287 9        57.377 9  24944973.808 9 131086673.207 9      2539.287 9        57.377 9
E10                                                                  23770596.838 9 124915293.472 9       -52.609 9        57.796 9  23770596.838 9 124915293.472 9       -52.609 9        57.796 9
E03                                                                  25001364.647 9 131383016.135 9      1937.070 9        57.357 9  25001364.647 9 131383016.135 9      1937.070 9        57.357 9
> 2026 02 03 10 03  5.0000000  0 17       0.000000000000
G02  20312951.361 9 106745258.725 9      -430.678 9        56.049 9                                                                  20312951.361 8 106745258.725 8      -430.678 8        53.049 8
G13  25202677.998 9 132440897.739 9      1172.865 9        54.175 9                                                                  25202677.998 8 132440897.739 8      1172.865 8        51.175 8
G29  24816544.804 9 130411775.871 9      3073.579 9        54.309 9                                                                  24816544.804 8 130411775.871 8      3073.579 8        51.309 8
G10  22296454.272 9 117168623.501 9      3208.793 9        55.239 9                                                                  22296454.272 8 117168623.501 8      3208.793 8        52.239 8
G12  20799697.620 9 109303125.928 9        96.033 9        55.843 9                                                                  20799697.620 8 109303125.928 8        96.033 8        52.843 8
G17  24761309.901 9 130121493.455 9     -2966.073 9        54.329 9                                                                  24761309.901 8 130121493.455 8     -2966.073 8        51.329 8
G24  24279150.425 9 127587748.606 9      3037.928 9        54.499 9                                                                  24279150.425 8 127587748.606 8      3037.928 8        51.499 8
G30  22535375.271 9 118424164.346 9      2270.451 9        55.147 9                                                                  22535375.271 8 118424164.346 8      2270.451 8        52.147 8
G05  21246306.086 9 111650067.324 9       595.806 9        55.658 9                                                                  21246306.086 8 111650067.324 8       595.806 8        52.658 8
G04  22006623.915 9 115645558.187 9     -2498.116 9        55.353 9                                                                  22006623.915 8 115645558.187 8     -2498.116 8        52.353 8
E04                                                                  23387523.125 9 122902230.311 9      -180.742 9        57.937 9  23387523.125 9 122902230.311 9      -180.742 9        57.937 9
E05                                                                  26182098.947 9 137587794.088 9     -2077.920 9        56.956 9  26182098.947 9 137587794.088 9     -2077.920 9        56.956 9
E11                                                                  26718401.635 9 140406083.506 9     -2437.211 9        56.780 9  26718401.635 9 140406083.506 9     -2437.211 9        56.780 9
E20                                                                  27904843.159 9 146640861.121 9     -1712.763 9        56.403 9  27904843.159 9 146640861.121 9     -1712.763 9        56.403 9
E09                                                                  24944490.624 9 131084134.066 9      2539.005 9        57.377 9  24944490.624 9 131084134.066 9      2539.005 9        57.377 9
E10                                                                  23770606.893 9 124915346.316 9       -53.078 9        57.796 9  23770606.893 9 124915346.316 9       -53.078 9        57.796 9
E03                                                                  25000996.043 9 131381079.112 9      1936.978 9        57.357 9  25000996.043 9 131381079.112 9      1936.978 9        57.357 9
> 2026 02 03 10 03  6.0000000  0 17       0.000000000000
G02  20313033.353 9 106745689.597 9      -431.068 9        56.049 9                                                                  20313033.353 8 106745689.597 8      -431.068 8        53.049 8
G13  25202454.853 9 132439725.110 9      1172.405 9        54.175 9                                                                  25202454.853 8 132439725.110 8      1172.405 8        51.175 8
G29  24815959.919 9 130408702.279 9      3073.603 9        54.309 9                                                                  24815959.919 8 130408702.279 8      3073.603 8        51.309 8
G10  22295843.690 9 117165414.876 9      3208.467 9        55.240 9                                                                  22295843.690 8 117165414.876 8      3208.467 8        52.240 8
G12  20799679.409 9 109303030.226 9        95.368 9        55.843 9                                                                  20799679.409 8 109303030.226 8        95.368 8        52.843 8
G17  24761874.337 9 130124459.573 9     -2966.196 9        54.328 9                                                                  24761874.337 8 130124459.573 8     -2966.196 8        51.328 8
G24  24278572.342 9 127584710.762 9      3037.762 9        54.500 9                                                                  24278572.342 8 127584710.762 8      3037.762 8        51.500 8
G30  22534943.266 9 118421894.142 9      2269.956 9        55.147 9                                                                  22534943.266 8 118421894.142 8      2269.956 8        52.147 8
G05  21246192.771 9 111649471.847 9       595.146 9        55.658 9                                                                  21246192.771 8 111649471.847 8       595.146 8        52.658 8
G04  22007099.308 9 115648056.387 9     -2498.297 9        55.353 9                                                                  22007099.308 8 115648056.387 8     -2498.297 8        52.353 8
E04                                                                  23387557.542 9 122902411.178 9      -180.993 9        57.937 9  23387557.542 9 122902411.178 9      -180.993 9        57.937 9
E05                                                                  26182494.378 9 137589872.084 9     -2078.091 9        56.956 9  26182494.378 9 137589872.084 9     -2078.091 9        56.956 9
E11                                                                  26718865.443 9 140408520.827 9     -2437.450 9        56.780 9  26718865.443 9 140408520.827 9     -2437.450 9        56.780 9
E20                                                                  27905169.116 9 146642574.028 9     -1713.064 9        56.403 9  27905169.116 9 146642574.028 9     -1713.064 9        56.403 9
E09                                                                  24944007.495 9 131081595.206 9      2538.724 9        57.377 9  24944007.495 9 131081595.206 9      2538.724 9        57.377 9
E10                                                                  23770617.038 9 124915399.628 9       -53.547 9        57.796 9  23770617.038 9 124915399.628 9       -53.547 9        57.796 9
E03                                                                  25000627.457 9 131379142.181 9      1936.886 9        57.357 9  25000627.457 9 131379142.181 9      1936.886 9        57.357 9
> 2026 02 03 10 03  7.0000000  0 17       0.000000000000
G02  20313115.420 9 106746120.859 9      -431.458 9        56.049 9                                                                  20313115.420 8 106746120.859 8      -431.458 8        53.049 8
G13  25202231.796 9 132438552.940 9      1171.945 9        54.175 9                                                                  25202231.796 8 132438552.940 8      1171.945 8        51.175 8
G29  24815375.029 9 130405628.664 9      3073.626 9        54.310 9                                                                  24815375.029 8 130405628.664 8      3073.626 8        51.310 8
G10  22295233.170 9 117162206.577 9      3208.140 9        55.240 9                                                                  22295233.170 8 117162206.577 8      3208.140 8        52.240 8
G12  20799661.324 9 109302935.190 9        94.702 9        55.843 9                                                                  20799661.324 8 109302935.190 8        94.702 8        52.843 8
G17  24762438.797 9 130127425.815 9     -2966.319 9        54.328 9                                                                  24762438.797 8 130127425.815 8     -2966.319 8        51.328 8
G24  24277994.290 9 127581673.084 9      3037.595 9        54.500 9                                                                  24277994.290 8 127581673.084 8      3037.595 8        51.500 8
G30  22534511.354 9 118419624.433 9      2269.461 9        55.147 9                                                                  22534511.354 8 118419624.433 8      2269.461 8        52.147 8
G05  21246079.581 9 111648877.029 9       594.487 9        55.658 9                                                                  21246079.581 8 111648877.029 8       594.487 8        52.658 8
G04  22007574.735 9 115650554.767 9     -2498.478 9        55.353 9                                                                  22007574.735 8 115650554.767 8     -2498.478 8        52.353 8
E04                                                                  23387592.008 9 122902592.295 9      -181.243 9        57.937 9  23387592.008 9 122902592.295 9      -181.243 9        57.937 9
E05                                                                  26182889.841 9 137591950.250 9     -2078.261 9        56.956 9  26182889.841 9 137591950.250 9     -2078.261 9        56.956 9
E11                                                                  26719329.297 9 140410958.386 9     -2437.688 9        56.780 9  26719329.297 9 140410958.386 9     -2437.688 9        56.780 9
E20                                                                  27905495.130 9 146644287.236 9     -1713.365 9        56.403 9  27905495.130 9 146644287.236 9     -1713.365 9        56.403 9
E09                                                                  24943524.418 9 131079056.629 9      2538.442 9        57.377 9  24943524.418 9 131079056.629 9      2538.442 9        57.377 9
E10                                                                  23770627.273 9 124915453.410 9       -54.016 9        57.796 9  23770627.273 9 124915453.410 9       -54.016 9        57.796 9
E03                                                                  25000258.889 9 131377205.342 9      1936.793 9        57.358 9  25000258.889 9 131377205.342 9      1936.793 9        57.358 9
> 2026 02 03 10 03  8.0000000  0 17       0.000000000000
G02  20313197.560 9 106746552.510 9      -431.847 9        56.048 9                                                                  20313197.560 8 106746552.510 8      -431.847 8        53.048 8
G13  25202008.826 9 132437381.230 9      1171.485 9        54.175 9                                                                  25202008.826 8 132437381.230 8      1171.485 8        51.175 8
G29  24814790.134 9 130402555.025 9      3073.649 9        54.310 9                                                                  24814790.134 8 130402555.025 8      3073.649 8        51.310 8
G10  22294622.712 9 117158998.603 9      3207.814 9        55.240 9                                                                  22294622.712 8 117158998.603 8      3207.814 8        52.240 8
G12  20799643.366 9 109302840.820 9        94.037 9        55.843 9                                                                  20799643.366 8 109302840.820 8        94.037 8        52.843 8
G17  24763003.280 9 130130392.179 9     -2966.442 9        54.328 9                                                                  24763003.280 8 130130392.179 8     -2966.442 8        51.328 8
G24  24277416.270 9 127578635.573 9      3037.428 9        54.500 9                                                                  24277416.270 8 127578635.573 8      3037.428 8        51.500 8
G30  22534079.537 9 118417355.219 9      2268.966 9        55.147 9                                                                  22534079.537 8 118417355.219 8      2268.966 8        52.147 8
G05  21245966.517 9 111648282.871 9       593.828 9        55.659 9                                                                  21245966.517 8 111648282.871 8       593.828 8        52.659 8
G04  22008050.196 9 115653053.329 9     -2498.659 9        55.352 9                                                                  22008050.196 8 115653053.329 8     -2498.659 8        52.352 8
E04                                                                  23387626.521 9 122902773.663 9      -181.494 9        57.937 9  23387626.521 9 122902773.663 9      -181.494 9        57.937 9
E05                                                                  26183285.336 9 137594028.586 9     -2078.431 9        56.956 9  26183285.336 9 137594028.586 9     -2078.431 9        56.956 9
E11                                                                  26719793.196 9 140413396.184 9     -2437.927 9        56.780 9  26719793.196 9 140413396.184 9     -2437.927 9        56.780 9
E20                                                                  27905821.202 9 146646000.745 9     -1713.666 9        56.403 9  27905821.202 9 146646000.745 9     -1713.666 9        56.403 9
E09                                                                  24943041.396 9 131076518.333 9      2538.160 9        57.377 9  24943041.396 9 131076518.333 9      2538.160 9        57.377 9
E10                                                                  23770637.596 9 124915507.661 9       -54.485 9        57.796 9  23770637.596 9 124915507.661 9       -54.485 9        57.796 9
E03                                                                  24999890.338 9 131375268.596 9      1936.701 9        57.358 9  24999890.338 9 131375268.596 9      1936.701 9        57.358 9
> 2026 02 03 10 03  9.0000000  0 17       0.000000000000
G02  20313279.775 9 106746984.551 9      -432.237 9        56.048 9                                                                  20313279.775 8 106746984.551 8      -432.237 8        53.048 8
G13  25201785.944 9 132436209.981 9      1171.025 9        54.175 9                                                                  25201785.944 8 132436209.981 8      1171.025 8        51.175 8
G29  24814205.236 9 130399481.363 9      3073.672 9        54.310 9                                                                  24814205.236 8 130399481.363 8      3073.672 8        51.310 8
G10  22294012.317 9 117155790.957 9      3207.488 9        55.240 9                                                                  22294012.317 8 117155790.957 8      3207.488 8        52.240 8
G12  20799625.535 9 109302747.115 9        93.371 9        55.843 9                                                                  20799625.535 8 109302747.115 8        93.371 8        52.843 8
G17  24763567.786 9 130133358.666 9     -2966.565 9        54.328 9                                                                  24763567.786 8 130133358.666 8     -2966.565 8        51.328 8
G24  24276838.282 9 127575598.229 9      3037.261 9        54.500 9                                                                  24276838.282 8 127575598.229 8      3037.261 8        51.500 8
G30  22533647.814 9 118415086.501 9      2268.471 9        55.147 9                                                                  22533647.814 8 118415086.501 8      2268.471 8        52.147 8
G05  21245853.578 9 111647689.372 9       593.168 9        55.659 9                                                                  21245853.578 8 111647689.372 8       593.168 8        52.659 8
G04  22008525.692 9 115655552.072 9     -2498.839 9        55.352 9                                                                  22008525.692 8 115655552.072 8     -2498.839 8        52.352 8
E04                                                                  23387661.082 9 122902955.281 9      -181.745 9        57.937 9  23387661.082 9 122902955.281 9      -181.745 9        57.937 9
E05                                                                  26183680.864 9 137596107.092 9     -2078.601 9        56.956 9  26183680.864 9 137596107.092 9     -2078.601 9        56.956 9
E11                                                                  26720257.141 9 140415834.222 9     -2438.166 9        56.780 9  26720257.141 9 140415834.222 9     -2438.166 9        56.780 9
E20                                                                  27906147.330 9 146647714.554 9     -1713.967 9        56.402 9  27906147.330 9 146647714.554 9     -1713.967 9        56.402 9
E09                                                                  24942558.427 9 131073980.319 9      2537.878 9        57.378 9  24942558.427 9 131073980.319 9      2537.878 9        57.378 9
E10                                                                  23770648.009 9 124915562.381 9       -54.955 9        57.796 9  23770648.009 9 124915562.381 9       -54.955 9        57.796 9
E03                                                                  24999521.804 9 131373331.942 9      1936.608 9        57.358 9  24999521.804 9 131373331.942 9      1936.608 9        57.358 9
> 2026 02 03 10 03 10.0000000  0 17       0.000000000000
G02  20313362.064 9 106747416.982 9      -432.627 9        56.048 9                                                                  20313362.064 8 106747416.982 8      -432.627 8        53.048 8
G13  25201563.150 9 132435039.191 9      1170.565 9        54.176 9                                                                  25201563.150 8 132435039.191 8      1170.565 8        51.176 8
G29  24813620.332 9 130396407.679 9      3073.695 9        54.310 9                                                                  24813620.332 8 130396407.679 8      3073.695 8        51.310 8
G10  22293401.983 9 117152583.636 9      3207.161 9        55.241 9                                                                  22293401.983 8 117152583.636 8      3207.161 8        52.241 8
G12  20799607.830 9 109302654.076 9        92.706 9        55.843 9                                                                  20799607.830 8 109302654.076 8        92.706 8        52.843 8
G17  24764132.316 9 130136325.277 9     -2966.688 9        54.328 9                                                                  24764132.316 8 130136325.277 8     -2966.688 8        51.328 8
G24  24276260.326 9 127572561.052 9      3037.094 9        54.500 9                                                                  24276260.326 8 127572561.052 8      3037.094 8        51.500 8
G30  22533216.185 9 118412818.277 9      2267.975 9        55.148 9                                                                  22533216.185 8 118412818.277 8      2267.975 8        52.148 8
G05  21245740.764 9 111647096.533 9       592.509 9        55.659 9                                                                  21245740.764 8 111647096.533 8       592.509 8        52.659 8
G04  22009001.222 9 115658050.995 9     -2499.020 9        55.352 9                                                                  22009001.222 8 115658050.995 8     -2499.020 8        52.352 8
E04                                                                  23387695.691 9 122903137.150 9      -181.995 9        57.937 9  23387695.691 9 122903137.150 9      -181.995 9        57.937 9
E05                                                                  26184076.425 9 137598185.767 9     -2078.771 9        56.956 9  26184076.425 9 137598185.767 9     -2078.771 9        56.956 9
E11                                                                  26720721.130 9 140418272.497 9     -2438.405 9        56.780 9  26720721.130 9 140418272.497 9     -2438.405 9        56.780 9
E20                                                                  27906473.516 9 146649428.665 9     -1714.267 9        56.402 9  27906473.516 9 146649428.665 9     -1714.267 9        56.402 9
E09                                                                  24942075.512 9 131071442.588 9      2537.596 9        57.378 9  24942075.512 9 131071442.588 9      2537.596 9        57.378 9
E10                                                                  23770658.511 9 124915617.570 9       -55.424 9        57.796 9  23770658.511 9 124915617.570 9       -55.424 9        57.796 9
E03                                                                  24999153.288 9 131371395.381 9      1936.516 9        57.358 9  24999153.288 9 131371395.381 9      1936.516 9        57.358 9
> 2026 02 03 10 03 11.0000000  0 17       0.000000000000
G02  20313444.427 9 106747849.802 9      -433.016 9        56.048 9                                                                  20313444.427 8 106747849.802 8      -433.016 8        53.048 8
G13  25201340.443 9 132433868.862 9      1170.105 9        54.176 9                                                                  25201340.443 8 132433868.862 8      1170.105 8        51.176 8
G29  24813035.425 9 130393333.971 9      3073.718 9        54.310 9                                                                  24813035.425 8 130393333.971 8      3073.718 8        51.310 8
G10  22292791.712 9 117149376.643 9      3206.835 9        55.241 9                                                                  22292791.712 8 117149376.643 8      3206.835 8        52.241 8
G12  20799590.252 9 109302561.702 9        92.040 9        55.843 9                                                                  20799590.252 8 109302561.702 8        92.040 8        52.843 8
G17  24764696.869 9 130139292.010 9     -2966.811 9        54.327 9                                                                  24764696.869 8 130139292.010 8     -2966.811 8        51.327 8
G24  24275682.402 9 127569524.042 9      3036.927 9        54.501 9                                                                  24275682.402 8 127569524.042 8      3036.927 8        51.501 8
G30  22532784.650 9 118410550.549 9      2267.480 9        55.148 9                                                                  22532784.650 8 118410550.549 8      2267.480 8        52.148 8
G05  21245628.076 9 111646504.353 9       591.849 9        55.659 9                                                                  21245628.076 8 111646504.353 8       591.849 8        52.659 8
G04  22009476.786 9 115660550.099 9     -2499.201 9        55.352 9                                                                  22009476.786 8 115660550.099 8     -2499.201 8        52.352 8
E04                                                                  23387730.347 9 122903319.270 9      -182.246 9        57.937 9  23387730.347 9 122903319.270 9      -182.246 9        57.937 9
E05                                                                  26184472.017 9 137600264.613 9     -2078.941 9        56.956 9  26184472.017 9 137600264.613 9     -2078.941 9        56.956 9
E11                                                                  26721185.166 9 140420711.012 9     -2438.643 9        56.779 9  26721185.166 9 140420711.012 9     -2438.643 9        56.779 9
E20                                                                  27906799.760 9 146651143.076 9     -1714.568 9        56.402 9  27906799.760 9 146651143.076 9     -1714.568 9        56.402 9
E09                                                                  24941592.650 9 131068905.138 9      2537.313 9        57.378 9  24941592.650 9 131068905.138 9      2537.313 9        57.378 9
E10                                                                  23770669.103 9 124915673.228 9       -55.893 9        57.796 9  23770669.103 9 124915673.228 9       -55.893 9        57.796 9
E03                                                                  24998784.790 9 131369458.912 9      1936.423 9        57.358 9  24998784.790 9 131369458.912 9      1936.423 9        57.358 9
> 2026 02 03 10 03 12.0000000  0 17       0.000000000000
G02  20313526.865 9 106748283.012 9      -433.406 9        56.048 9                                                                  20313526.865 8 106748283.012 8      -433.406 8        53.048 8
G13  25201117.823 9 132432698.992 9      1169.644 9        54.176 9                                                                  25201117.823 8 132432698.992 8      1169.644 8        51.176 8
G29  24812450.513 9 130390260.240 9      3073.742 9        54.311 9                                                                  24812450.513 8 130390260.240 8      3073.742 8        51.311 8
G10  22292181.503 9 117146169.976 9      3206.508 9        55.241 9                                                                  22292181.503 8 117146169.976 8      3206.508 8        52.241 8
G12  20799572.801 9 109302469.994 9        91.375 9        55.843 9                                                                  20799572.801 8 109302469.994 8        91.375 8        52.843 8
G17  24765261.445 9 130142258.866 9     -2966.934 9        54.327 9                                                                  24765261.445 8 130142258.866 8     -2966.934 8        51.327 8
G24  24275104.509 9 127566487.199 9      3036.760 9        54.501 9                                                                  24275104.509 8 127566487.199 8      3036.760 8        51.501 8
G30  22532353.210 9 118408283.317 9      2266.985 9        55.148 9                                                                  22532353.210 8 118408283.317 8      2266.985 8        52.148 8
G05  21245515.514 9 111645912.832 9       591.190 9        55.659 9                                                                  21245515.514 8 111645912.832 8       591.190 8        52.659 8
G04  22009952.385 9 115663049.384 9     -2499.381 9        55.352 9                                                                  22009952.385 8 115663049.384 8     -2499.381 8        52.352 8
E04                                                                  23387765.052 9 122903501.641 9      -182.497 9        57.937 9  23387765.052 9 122903501.641 9      -182.497 9        57.937 9
E05                                                                  26184867.643 9 137602343.629 9     -2079.111 9        56.955 9  26184867.643 9 137602343.629 9     -2079.111 9        56.955 9
E11                                                                  26721649.247 9 140423149.765 9     -2438.882 9        56.779 9  26721649.247 9 140423149.765 9     -2438.882 9        56.779 9
E20                                                                  27907126.060 9 146652857.787 9     -1714.868 9        56.402 9  27907126.060 9 146652857.787 9     -1714.868 9        56.402 9
E09                                                                  24941109.842 9 131066367.971 9      2537.031 9        57.378 9  24941109.842 9 131066367.971 9      2537.031 9        57.378 9
E10                                                                  23770679.783 9 124915729.356 9       -56.362 9        57.796 9  23770679.783 9 124915729.356 9       -56.362 9        57.796 9
E03                                                                  24998416.310 9 131367522.536 9      1936.330 9        57.358 9  24998416.310 9 131367522.536 9      1936.330 9        57.358 9
> 2026 02 03 10 03 13.0000000  0 17       0.000000000000
G02  20313609.376 9 106748716.612 9      -433.795 9        56.048 9                                                                  20313609.376 8 106748716.612 8      -433.795 8        53.048 8
G13  25200895.291 9 132431529.583 9      1169.184 9        54.176 9                                                                  25200895.291 8 132431529.583 8      1169.184 8        51.176 8
G29  24811865.597 9 130387186.486 9      3073.764 9        54.311 9                                                                  24811865.597 8 130387186.486 8      3073.764 8        51.311 8
G10  22291571.356 9 117142963.636 9      3206.181 9        55.241 9                                                                  22291571.356 8 117142963.636 8      3206.181 8        52.241 8
G12  20799555.476 9 109302378.951 9        90.709 9        55.843 9                                                                  20799555.476 8 109302378.951 8        90.709 8        52.843 8
G17  24765826.045 9 130145225.845 9     -2967.057 9        54.327 9                                                                  24765826.045 8 130145225.845 8     -2967.057 8        51.327 8
G24  24274526.648 9 127563450.523 9      3036.593 9        54.501 9                                                                  24274526.648 8 127563450.523 8      3036.593 8        51.501 8
G30  22531921.864 9 118406016.580 9      2266.489 9        55.148 9                                                                  22531921.864 8 118406016.580 8      2266.489 8        52.148 8
G05  21245403.077 9 111645321.971 9       590.530 9        55.659 9                                                                  21245403.077 8 111645321.971 8       590.530 8        52.659 8
G04  22010428.019 9 115665548.849 9     -2499.562 9        55.351 9                                                                  22010428.019 8 115665548.849 8     -2499.562 8        52.351 8
E04                                                                  23387799.803 9 122903684.263 9      -182.748 9        57.937 9  23387799.803 9 122903684.263 9      -182.748 9        57.937 9
E05                                                                  26185263.300 9 137604422.815 9     -2079.281 9        56.955 9  26185263.300 9 137604422.815 9     -2079.281 9        56.955 9
E11                                                                  26722113.373 9 140425588.757 9     -2439.121 9        56.779 9  26722113.373 9 140425588.757 9     -2439.121 9        56.779 9
E20                                                                  27907452.417 9 146654572.799 9     -1715.169 9        56.402 9  27907452.417 9 146654572.799 9     -1715.169 9        56.402 9
E09                                                                  24940627.088 9 131063831.085 9      2536.749 9        57.378 9  24940627.088 9 131063831.085 9      2536.749 9        57.378 9
E10                                                                  23770690.553 9 124915785.952 9       -56.831 9        57.796 9  23770690.553 9 124915785.952 9       -56.831 9        57.796 9
E03                                                                  24998047.847 9 131365586.253 9      1936.238 9        57.358 9  24998047.847 9 131365586.253 9      1936.238 9        57.358 9
> 2026 02 03 10 03 14.0000000  0 17       0.000000000000
G02  20313691.962 9 106749150.601 9      -434.185 9        56.048 9                                                                  20313691.962 8 106749150.601 8      -434.185 8        53.048 8
G13  25200672.847 9 132430360.635 9      1168.724 9        54.176 9                                                                  25200672.847 8 132430360.635 8      1168.724 8        51.176 8
G29  24811280.676 9 130384112.709 9      3073.788 9        54.311 9                                                                  24811280.676 8 130384112.709 8      3073.788 8        51.311 8
G10  22290961.271 9 117139757.622 9      3205.854 9        55.241 9                                                                  22290961.271 8 117139757.622 8      3205.854 8        52.241 8
G12  20799538.278 9 109302288.574 9        90.043 9        55.843 9                                                                  20799538.278 8 109302288.574 8        90.043 8        52.843 8
G17  24766390.668 9 130148192.947 9     -2967.180 9        54.327 9                                                                  24766390.668 8 130148192.947 8     -2967.180 8        51.327 8
G24  24273948.819 9 127560414.014 9      3036.426 9        54.501 9                                                                  24273948.819 8 127560414.014 8      3036.426 8        51.501 8
G30  22531490.612 9 118403750.339 9      2265.993 9        55.148 9                                                                  22531490.612 8 118403750.339 8      2265.993 8        52.148 8
G05  21245290.765 9 111644731.770 9       589.871 9        55.659 9                                                                  21245290.765 8 111644731.770 8       589.871 8        52.659 8
G04  22010903.686 9 115668048.495 9     -2499.743 9        55.351 9                                                                  22010903.686 8 115668048.495 8     -2499.743 8        52.351 8
E04                                                                  23387834.603 9 122903867.135 9      -182.999 9        57.937 9  23387834.603 9 122903867.135 9      -182.999 9        57.937 9
E05                                                                  26185658.990 9 137606502.171 9     -2079.451 9        56.955 9  26185658.990 9 137606502.171 9     -2079.451 9        56.955 9
E11                                                                  26722577.544 9 140428027.987 9     -2439.359 9        56.779 9  26722577.544 9 140428027.987 9     -2439.359 9        56.779 9
E20                                                                  27907778.832 9 146656288.111 9     -1715.469 9        56.402 9  27907778.832 9 146656288.111 9     -1715.469 9        56.402 9
E09                                                                  24940144.387 9 131061294.483 9      2536.467 9        57.378 9  24940144.387 9 131061294.483 9      2536.467 9        57.378 9
E10                                                                  23770701.413 9 124915843.018 9       -57.300 9        57.796 9  23770701.413 9 124915843.018 9       -57.300 9        57.796 9
E03                                                                  24997679.402 9 131363650.062 9      1936.145 9        57.358 9  24997679.402 9 131363650.062 9      1936.145 9        57.358 9
> 2026 02 03 10 03 15.0000000  0 17       0.000000000000
G02  20313774.621 9 106749584.979 9      -434.574 9        56.048 9                                                                  20313774.621 8 106749584.979 8      -434.574 8        53.048 8
G13  25200450.490 9 132429192.147 9      1168.263 9        54.176 9                                                                  25200450.490 8 132429192.147 8      1168.263 8        51.176 8
G29  24810695.751 9 130381038.909 9      3073.810 9        54.311 9                                                                  24810695.751 8 130381038.909 8      3073.810 8        51.311 8
G10  22290351.248 9 117136551.936 9      3205.527 9        55.242 9                                                                  22290351.248 8 117136551.936 8      3205.527 8        52.242 8
G12  20799521.207 9 109302198.862 9        89.378 9        55.843 9                                                                  20799521.207 8 109302198.862 8        89.378 8        52.843 8
G17  24766955.315 9 130151160.172 9     -2967.303 9        54.327 9                                                                  24766955.315 8 130151160.172 8     -2967.303 8        51.327 8
G24  24273371.022 9 127557377.672 9      3036.259 9        54.501 9                                                                  24273371.022 8 127557377.672 8      3036.259 8        51.501 8
G30  22531059.455 9 118401484.594 9      2265.497 9        55.148 9                                                                  22531059.455 8 118401484.594 8      2265.497 8        52.148 8
G05  21245178.579 9 111644142.228 9       589.211 9        55.659 9                                                                  21245178.579 8 111644142.228 8       589.211 8        52.659 8
G04  22011379.388 9 115670548.321 9     -2499.923 9        55.351 9                                                                  22011379.388 8 115670548.321 8     -2499.923 8        52.351 8
E04                                                                  23387869.450 9 122904050.258 9      -183.249 9        57.937 9  23387869.450 9 122904050.258 9      -183.249 9        57.937 9
E05                                                                  26186054.712 9 137608581.697 9     -2079.621 9        56.955 9  26186054.712 9 137608581.697 9     -2079.621 9        56.955 9
E11                                                                  26723041.761 9 140430467.456 9     -2439.597 9        56.779 9  26723041.761 9 140430467.456 9     -2439.597 9        56.779 9
E20                                                                  27908105.304 9 146658003.724 9     -1715.770 9        56.402 9  27908105.304 9 146658003.724 9     -1715.770 9        56.402 9
E09                                                                  24939661.741 9 131058758.162 9      2536.184 9        57.379 9  24939661.741 9 131058758.162 9      2536.184 9        57.379 9
E10                                                                  23770712.361 9 124915900.552 9       -57.769 9        57.796 9  23770712.361 9 124915900.552 9       -57.769 9        57.796 9
E03                                                                  24997310.974 9 131361713.964 9      1936.052 9        57.359 9  24997310.974 9 131361713.964 9      1936.052 9        57.359 9
> 2026 02 03 10 03 16.0000000  0 17       0.000000000000
G02  20313857.355 9 106750019.747 9      -434.963 9        56.048 9                                                                  20313857.355 8 106750019.747 8      -434.963 8        53.048 8
G13  25200228.221 9 132428024.119 9      1167.803 9        54.176 9                                                                  25200228.221 8 132428024.119 8      1167.803 8        51.176 8
G29  24810110.821 9 130377965.086 9      3073.834 9        54.311 9                                                                  24810110.821 8 130377965.086 8      3073.834 8        51.311 8
G10  22289741.288 9 117133346.577 9      3205.200 9        55.242 9                                                                  22289741.288 8 117133346.577 8      3205.200 8        52.242 8
G12  20799504.262 9 109302109.816 9        88.712 9        55.843 9                                                                  20799504.262 8 109302109.816 8        88.712 8        52.843 8
G17  24767519.985 9 130154127.520 9     -2967.426 9        54.326 9                                                                  24767519.985 8 130154127.520 8     -2967.426 8        51.326 8
G24  24272793.256 9 127554341.497 9      3036.092 9        54.502 9                                                                  24272793.256 8 127554341.497 8      3036.092 8        51.502 8
G30  22530628.392 9 118399219.344 9      2265.002 9        55.149 9                                                                  22530628.392 8 118399219.344 8      2265.002 8        52.149 8
G05  21245066.519 9 111643553.346 9       588.551 9        55.659 9                                                                  21245066.519 8 111643553.346 8       588.551 8        52.659 8
G04  22011855.125 9 115673048.327 9     -2500.103 9        55.351 9                                                                  22011855.125 8 115673048.327 8     -2500.103 8        52.351 8
E04                                                                  23387904.345 9 122904233.633 9      -183.500 9        57.937 9  23387904.345 9 122904233.633 9      -183.500 9        57.937 9
E05                                                                  26186450.466 9 137610661.393 9     -2079.791 9        56.955 9  26186450.466 9 137610661.393 9     -2079.791 9        56.955 9
E11                                                                  26723506.024 9 140432907.163 9     -2439.836 9        56.779 9  26723506.024 9 140432907.163 9     -2439.836 9        56.779 9
E20                                                                  27908431.833 9 146659719.637 9     -1716.070 9        56.402 9  27908431.833 9 146659719.637 9     -1716.070 9        56.402 9
E09                                                                  24939179.148 9 131056222.124 9      2535.902 9        57.379 9  24939179.148 9 131056222.124 9      2535.902 9        57.379 9
E10                                                                  23770723.399 9 124915958.556 9       -58.238 9        57.796 9  23770723.399 9 124915958.556 9       -58.238 9        57.796 9
E03                                                                  24996942.564 9 131359777.959 9      1935.960 9        57.359 9  24996942.564 9 131359777.959 9      1935.960 9        57.359 9
> 2026 02 03 10 03 17.0000000  0 17       0.000000000000
G02  20313940.163 9 106750454.904 9      -435.353 9        56.048 9                                                                  20313940.163 8 106750454.904 8      -435.353 8        53.048 8
G13  25200006.040 9 132426856.552 9      1167.342 9        54.176 9                                                                  25200006.040 8 132426856.552 8      1167.342 8        51.176 8
G29  24809525.887 9 130374891.240 9      3073.856 9        54.312 9                                                                  24809525.887 8 130374891.240 8      3073.856 8        51.312 8
G10  22289131.390 9 117130141.545 9      3204.873 9        55.242 9                                                                  22289131.390 8 117130141.545 8      3204.873 8        52.242 8
G12  20799487.444 9 109302021.436 9        88.047 9        55.843 9                                                                  20799487.444 8 109302021.436 8        88.047 8        52.843 8
G17  24768084.678 9 130157094.990 9     -2967.548 9        54.326 9                                                                  24768084.678 8 130157094.990 8     -2967.548 8        51.326 8
G24  24272215.522 9 127551305.490 9      3035.924 9        54.502 9                                                                  24272215.522 8 127551305.490 8      3035.924 8        51.502 8
G30  22530197.424 9 118396954.591 9      2264.506 9        55.149 9                                                                  22530197.424 8 118396954.591 8      2264.506 8        52.149 8
G05  21244954.584 9 111642965.124 9       587.892 9        55.659 9                                                                  21244954.584 8 111642965.124 8       587.892 8        52.659 8
G04  22012330.895 9 115675548.514 9     -2500.284 9        55.351 9                                                                  22012330.895 8 115675548.514 8     -2500.284 8        52.351 8
E04                                                                  23387939.288 9 122904417.258 9      -183.751 9        57.937 9  23387939.288 9 122904417.258 9      -183.751 9        57.937 9
E05                                                                  26186846.253 9 137612741.259 9     -2079.961 9        56.955 9  26186846.253 9 137612741.259 9     -2079.961 9        56.955 9
E11                                                                  26723970.331 9 140435347.109 9     -2440.074 9        56.778 9  26723970.331 9 140435347.109 9     -2440.074 9        56.778 9
E20                                                                  27908758.419 9 146661435.851 9     -1716.370 9        56.402 9  27908758.419 9 146661435.851 9     -1716.370 9        56.402 9
E09                                                                  24938696.608 9 131053686.368 9      2535.619 9        57.379 9  24938696.608 9 131053686.368 9      2535.619 9        57.379 9
E10                                                                  23770734.526 9 124916017.029 9       -58.707 9        57.796 9  23770734.526 9 124916017.029 9       -58.707 9        57.796 9
E03                                                                  24996574.172 9 131357842.047 9      1935.867 9        57.359 9  24996574.172 9 131357842.047 9      1935.867 9        57.359 9
> 2026 02 03 10 03 18.0000000  0 17       0.000000000000
G02  20314023.045 9 106750890.450 9      -435.742 9        56.048 9                                                                  20314023.045 8 106750890.450 8      -435.742 8        53.048 8
G13  25199783.946 9 132425689.446 9      1166.881 9        54.176 9                                                                  25199783.946 8 132425689.446 8      1166.881 8        51.176 8
G29  24808940.949 9 130371817.371 9      3073.879 9        54.312 9                                                                  24808940.949 8 130371817.371 8      3073.879 8        51.312 8
G10  22288521.554 9 117126936.840 9      3204.545 9        55.242 9                                                                  22288521.554 8 117126936.840 8      3204.545 8        52.242 8
G12  20799470.753 9 109301933.721 9        87.381 9        55.843 9                                                                  20799470.753 8 109301933.721 8        87.381 8        52.843 8
G17  24768649.395 9 130160062.584 9     -2967.671 9        54.326 9                                                                  24768649.395 8 130160062.584 8     -2967.671 8        51.326 8
G24  24271637.821 9 127548269.649 9      3035.757 9        54.502 9                                                                  24271637.821 8 127548269.649 8      3035.757 8        51.502 8
G30  22529766.549 9 118394690.333 9      2264.010 9        55.149 9                                                                  22529766.549 8 118394690.333 8      2264.010 8        52.149 8
G05  21244842.774 9 111642377.561 9       587.232 9        55.659 9                                                                  21244842.774 8 111642377.561 8       587.232 8        52.659 8
G04  22012806.700 9 115678048.881 9     -2500.464 9        55.351 9                                                                  22012806.700 8 115678048.881 8     -2500.464 8        52.351 8
E04                                                                  23387974.279 9 122904601.134 9      -184.002 9        57.937 9  23387974.279 9 122904601.134 9      -184.002 9        57.937 9
E05                                                                  26187242.072 9 137614821.295 9     -2080.131 9        56.955 9  26187242.072 9 137614821.295 9     -2080.131 9        56.955 9
E11                                                                  26724434.684 9 140437787.292 9     -2440.312 9        56.778 9  26724434.684 9 140437787.292 9     -2440.312 9        56.778 9
E20                                                                  27909085.063 9 146663152.364 9     -1716.670 9        56.402 9  27909085.063 9 146663152.364 9     -1716.670 9        56.402 9
E09                                                                  24938214.123 9 131051150.895 9      2535.337 9        57.379 9  24938214.123 9 131051150.895 9      2535.337 9        57.379 9
E10                                                                  23770745.742 9 124916075.971 9       -59.176 9        57.796 9  23770745.742 9 124916075.971 9       -59.176 9        57.796 9
E03                                                                  24996205.797 9 131355906.227 9      1935.774 9        57.359 9  24996205.797 9 131355906.227 9      1935.774 9        57.359 9
> 2026 02 03 10 03 19.0000000  0 17       0.000000000000
G02  20314106.001 9 106751326.386 9      -436.131 9        56.048 9                                                                  20314106.001 8 106751326.386 8      -436.131 8        53.048 8
G13  25199561.940 9 132424522.800 9      1166.420 9        54.176 9                                                                  25199561.940 8 132424522.800 8      1166.420 8        51.176 8
G29  24808356.007 9 130368743.479 9      3073.902 9        54.312 9                                                                  24808356.007 8 130368743.479 8      3073.902 8        51.312 8
G10  22287911.780 9 117123732.462 9      3204.218 9        55.243 9                                                                  22287911.780 8 117123732.462 8      3204.218 8        52.243 8
G12  20799454.188 9 109301846.672 9        86.715 9        55.843 9                                                                  20799454.188 8 109301846.672 8        86.715 8        52.843 8
G17  24769214.135 9 130163030.300 9     -2967.794 9        54.326 9                                                                  24769214.135 8 130163030.300 8     -2967.794 8        51.326 8
G24  24271060.150 9 127545233.976 9      3035.590 9        54.502 9                                                                  24271060.150 8 127545233.976 8      3035.590 8        51.502 8
G30  22529335.769 9 118392426.571 9      2263.513 9        55.149 9                                                                  22529335.769 8 118392426.571 8      2263.513 8        52.149 8
G05  21244731.090 9 111641790.658 9       586.572 9        55.659 9                                                                  21244731.090 8 111641790.658 8       586.572 8        52.659 8
G04  22013282.540 9 115680549.429 9     -2500.644 9        55.350 9                                                                  22013282.540 8 115680549.429 8     -2500.644 8        52.350 8
E04                                                                  23388009.317 9 122904785.261 9      -184.253 9        57.937 9  23388009.317 9 122904785.261 9      -184.253 9        57.937 9
E05                                                                  26187637.924 9 137616901.501 9     -2080.301 9        56.955 9  26187637.924 9 137616901.501 9     -2080.301 9        56.955 9
E11                                                                  26724899.083 9 140440227.714 9     -2440.550 9        56.778 9  26724899.083 9 140440227.714 9     -2440.550 9        56.778 9
E20                                                                  27909411.763 9 146664869.178 9     -1716.970 9        56.401 9  27909411.763 9 146664869.178 9     -1716.970 9        56.401 9
E09                                                                  24937731.691 9 131048615.704 9      2535.054 9        57.379 9  24937731.691 9 131048615.704 9      2535.054 9        57.379 9
E10                                                                  23770757.047 9 124916135.381 9       -59.645 9        57.796 9  23770757.047 9 124916135.381 9       -59.645 9        57.796 9
E03                                                                  24995837.440 9 131353970.500 9      1935.681 9        57.359 9  24995837.440 9 131353970.500 9      1935.681 9        57.359 9
> 2026 02 03 10 03 20.0000000  0 17       0.000000000000
G02  20314189.031 9 106751762.711 9      -436.521 9        56.048 9                                                                  20314189.031 8 106751762.711 8      -436.521 8        53.048 8
G13  25199340.022 9 132423356.616 9      1165.960 9        54.176 9                                                                  25199340.022 8 132423356.616 8      1165.960 8        51.176 8
G29  24807771.060 9 130365669.565 9      3073.925 9        54.312 9                                                                  24807771.060 8 130365669.565 8      3073.925 8        51.312 8
G10  22287302.069 9 117120528.412 9      3203.891 9        55.243 9                                                                  22287302.069 8 117120528.412 8      3203.891 8        52.243 8
G12  20799437.750 9 109301760.289 9        86.050 9        55.843 9                                                                  20799437.750 8 109301760.289 8        86.050 8        52.843 8
G17  24769778.898 9 130165998.139 9     -2967.917 9        54.326 9                                                                  24769778.898 8 130165998.139 8     -2967.917 8        51.326 8
G24  24270482.512 9 127542198.470 9      3035.423 9        54.502 9                                                                  24270482.512 8 127542198.470 8      3035.423 8        51.502 8
G30  22528905.084 9 118390163.306 9      2263.017 9        55.149 9                                                                  22528905.084 8 118390163.306 8      2263.017 8        52.149 8
G05  21244619.532 9 111641204.414 9       585.913 9        55.659 9                                                                  21244619.532 8 111641204.414 8       585.913 8        52.659 8
G04  22013758.413 9 115683050.157 9     -2500.824 9        55.350 9                                                                  22013758.413 8 115683050.157 8     -2500.824 8        52.350 8
E04                                                                  23388044.403 9 122904969.638 9      -184.504 9        57.937 9  23388044.403 9 122904969.638 9      -184.504 9        57.937 9
E05                                                                  26188033.808 9 137618981.877 9     -2080.471 9        56.954 9  26188033.808 9 137618981.877 9     -2080.471 9        56.954 9
E11                                                                  26725363.526 9 140442668.374 9     -2440.789 9        56.778 9  26725363.526 9 140442668.374 9     -2440.789 9        56.778 9
E20                                                                  27909738.520 9 146666586.291 9     -1717.270 9        56.401 9  27909738.520 9 146666586.291 9     -1717.270 9        56.401 9
E09                                                                  24937249.313 9 131046080.796 9      2534.772 9        57.380 9  24937249.313 9 131046080.796 9      2534.772 9        57.380 9
E10                                                                  23770768.442 9 124916195.261 9       -60.114 9        57.796 9  23770768.442 9 124916195.261 9       -60.114 9        57.796 9
E03                                                                  24995469.101 9 131352034.866 9      1935.588 9        57.359 9  24995469.101 9 131352034.866 9      1935.588 9        57.359 9
> 2026 02 03 10 03 21.0000000  0 17       0.000000000000
G02  20314272.135 9 106752199.425 9      -436.910 9        56.048 9                                                                  20314272.135 8 106752199.425 8      -436.910 8        53.048 8
G13  25199118.191 9 132422190.892 9      1165.499 9        54.176 9                                                                  25199118.191 8 132422190.892 8      1165.499 8        51.176 8
G29  24807186.108 9 130362595.627 9      3073.948 9        54.313 9                                                                  24807186.108 8 130362595.627 8      3073.948 8        51.313 8
G10  22286692.420 9 117117324.690 9      3203.563 9        55.243 9                                                                  22286692.420 8 117117324.690 8      3203.563 8        52.243 8
G12  20799421.439 9 109301674.571 9        85.384 9        55.843 9                                                                  20799421.439 8 109301674.571 8        85.384 8        52.843 8
G17  24770343.685 9 130168966.101 9     -2968.040 9        54.325 9                                                                  24770343.685 8 130168966.101 8     -2968.040 8        51.325 8
G24  24269904.906 9 127539163.131 9      3035.256 9        54.503 9                                                                  24269904.906 8 127539163.131 8      3035.256 8        51.503 8
G30  22528474.493 9 118387900.537 9      2262.521 9        55.149 9                                                                  22528474.493 8 118387900.537 8      2262.521 8        52.149 8
G05  21244508.099 9 111640618.831 9       585.253 9        55.659 9                                                                  21244508.099 8 111640618.831 8       585.253 8        52.659 8
G04  22014234.321 9 115685551.064 9     -2501.004 9        55.350 9                                                                  22014234.321 8 115685551.064 8     -2501.004 8        52.350 8
E04                                                                  23388079.537 9 122905154.267 9      -184.755 9        57.937 9  23388079.537 9 122905154.267 9      -184.755 9        57.937 9
E05                                                                  26188429.724 9 137621062.423 9     -2080.641 9        56.954 9  26188429.724 9 137621062.423 9     -2080.641 9        56.954 9
E11                                                                  26725828.015 9 140445109.272 9     -2441.027 9        56.778 9  26725828.015 9 140445109.272 9     -2441.027 9        56.778 9
E20                                                                  27910065.335 9 146668303.705 9     -1717.570 9        56.401 9  27910065.335 9 146668303.705 9     -1717.570 9        56.401 9
E09                                                                  24936766.989 9 131043546.170 9      2534.489 9        57.380 9  24936766.989 9 131043546.170 9      2534.489 9        57.380 9
E10                                                                  23770779.926 9 124916255.610 9       -60.583 9        57.796 9  23770779.926 9 124916255.610 9       -60.583 9        57.796 9
E03                                                                  24995100.779 9 131350099.325 9      1935.495 9        57.359 9  24995100.779 9 131350099.325 9      1935.495 9        57.359 9
> 2026 02 03 10 03 22.0000000  0 17       0.000000000000
G02  20314355.313 9 106752636.528 9      -437.299 9        56.048 9                                                                  20314355.313 8 106752636.528 8      -437.299 8        53.048 8
G13  25198896.448 9 132421025.629 9      1165.038 9        54.176 9                                                                  25198896.448 8 132421025.629 8      1165.038 8        51.176 8
G29  24806601.153 9 130359521.667 9      3073.971 9        54.313 9                                                                  24806601.153 8 130359521.667 8      3073.971 8        51.313 8
G10  22286082.834 9 117114121.295 9      3203.235 9        55.243 9                                                                  22286082.834 8 117114121.295 8      3203.235 8        52.243 8
G12  20799405.254 9 109301589.519 9        84.718 9        55.843 9                                                                  20799405.254 8 109301589.519 8        84.718 8        52.843 8
G17  24770908.495 9 130171934.185 9     -2968.162 9        54.325 9                                                                  24770908.495 8 130171934.185 8     -2968.162 8        51.325 8
G24  24269327.331 9 127536127.959 9      3035.088 9        54.503 9                                                                  24269327.331 8 127536127.959 8      3035.088 8        51.503 8
G30  22528043.997 9 118385638.264 9      2262.025 9        55.150 9                                                                  22528043.997 8 118385638.264 8      2262.025 8        52.150 8
G05  21244396.792 9 111640033.907 9       584.593 9        55.659 9                                                                  21244396.792 8 111640033.907 8       584.593 8        52.659 8
G04  22014710.263 9 115688052.152 9     -2501.184 9        55.350 9                                                                  22014710.263 8 115688052.152 8     -2501.184 8        52.350 8
E04                                                                  23388114.719 9 122905339.147 9      -185.006 9        57.937 9  23388114.719 9 122905339.147 9      -185.006 9        57.937 9
E05                                                                  26188825.673 9 137623143.139 9     -2080.811 9        56.954 9  26188825.673 9 137623143.139 9     -2080.811 9        56.954 9
E11                                                                  26726292.549 9 140447550.408 9     -2441.265 9        56.778 9  26726292.549 9 140447550.408 9     -2441.265 9        56.778 9
E20                                                                  27910392.207 9 146670021.418 9     -1717.870 9        56.401 9  27910392.207 9 146670021.418 9     -1717.870 9        56.401 9
E09                                                                  24936284.719 9 131041011.827 9      2534.206 9        57.380 9  24936284.719 9 131041011.827 9      2534.206 9        57.380 9
E10                                                                  23770791.499 9 124916316.427 9       -61.052 9        57.796 9  23770791.499 9 124916316.427 9       -61.052 9        57.796 9
E03                                                                  24994732.476 9 131348163.877 9      1935.402 9        57.360 9  24994732.476 9 131348163.877 9      1935.402 9        57.360 9
> 2026 02 03 10 03 23.0000000  0 17       0.000000000000
G02  20314438.565 9 106753074.021 9      -437.688 9        56.048 9                                                                  20314438.565 8 106753074.021 8      -437.688 8        53.048 8
G13  25198674.793 9 132419860.827 9      1164.576 9        54.177 9                                                                  25198674.793 8 132419860.827 8      1164.576 8        51.177 8
G29  24806016.193 9 130356447.684 9      3073.993 9        54.313 9                                                                  24806016.193 8 130356447.684 8      3073.993 8        51.313 8
G10  22285473.309 9 117110918.228 9      3202.907 9        55.244 9                                                                  22285473.309 8 117110918.228 8      3202.907 8        52.244 8
G12  20799389.196 9 109301505.133 9        84.052 9        55.843 9                                                                  20799389.196 8 109301505.133 8        84.052 8        52.843 8
G17  24771473.329 9 130174902.393 9     -2968.285 9        54.325 9                                                                  24771473.329 8 130174902.393 8     -2968.285 8        51.325 8
G24  24268749.788 9 127533092.955 9      3034.921 9        54.503 9                                                                  24268749.788 8 127533092.955 8      3034.921 8        51.503 8
G30  22527613.595 9 118383376.488 9      2261.528 9        55.150 9                                                                  22527613.595 8 118383376.488 8      2261.528 8        52.150 8
G05  21244285.610 9 111639449.643 9       583.933 9        55.659 9                                                                  21244285.610 8 111639449.643 8       583.933 8        52.659 8
G04  22015186.239 9 115690553.420 9     -2501.364 9        55.350 9                                                                  22015186.239 8 115690553.420 8     -2501.364 8        52.350 8
E04                                                                  23388149.948 9 122905524.278 9      -185.257 9        57.937 9  23388149.948 9 122905524.278 9      -185.257 9        57.937 9
E05                                                                  26189221.654 9 137625224.026 9     -2080.981 9        56.954 9  26189221.654 9 137625224.026 9     -2080.981 9        56.954 9
E11                                                                  26726757.129 9 140449991.782 9     -2441.503 9        56.778 9  26726757.129 9 140449991.782 9     -2441.503 9        56.778 9
E20                                                                  27910719.135 9 146671739.431 9     -1718.170 9        56.401 9  27910719.135 9 146671739.431 9     -1718.170 9        56.401 9
E09                                                                  24935802.502 9 131038477.767 9      2533.924 9        57.380 9  24935802.502 9 131038477.767 9      2533.924 9        57.380 9
E10                                                                  23770803.162 9 124916377.714 9       -61.521 9        57.796 9  23770803.162 9 124916377.714 9       -61.521 9        57.796 9
E03                                                                  24994364.189 9 131346228.522 9      1935.309 9        57.360 9  24994364.189 9 131346228.522 9      1935.309 9        57.360 9
> 2026 02 03 10 03 24.0000000  0 17       0.000000000000
G02  20314521.892 9 106753511.902 9      -438.077 9        56.048 9                                                                  20314521.892 8 106753511.902 8      -438.077 8        53.048 8
G13  25198453.226 9 132418696.487 9      1164.115 9        54.177 9                                                                  25198453.226 8 132418696.487 8      1164.115 8        51.177 8
G29  24805431.229 9 130353373.678 9      3074.016 9        54.313 9                                                                  24805431.229 8 130353373.678 8      3074.016 8        51.313 8
G10  22284863.848 9 117107715.489 9      3202.579 9        55.244 9                                                                  22284863.848 8 117107715.489 8      3202.579 8        52.244 8
G12  20799373.265 9 109301421.413 9        83.387 9        55.843 9                                                                  20799373.265 8 109301421.413 8        83.387 8        52.843 8
G17  24772038.186 9 130177870.723 9     -2968.408 9        54.325 9                                                                  24772038.186 8 130177870.723 8     -2968.408 8        51.325 8
G24  24268172.277 9 127530058.118 9      3034.754 9        54.503 9                                                                  24268172.277 8 127530058.118 8      3034.754 8        51.503 8
G30  22527183.287 9 118381115.208 9      2261.032 9        55.150 9                                                                  22527183.287 8 118381115.208 8      2261.032 8        52.150 8
G05  21244174.554 9 111638866.039 9       583.273 9        55.659 9                                                                  21244174.554 8 111638866.039 8       583.273 8        52.659 8
G04  22015662.250 9 115693054.867 9     -2501.544 9        55.349 9                                                                  22015662.250 8 115693054.867 8     -2501.544 8        52.349 8
E04                                                                  23388185.225 9 122905709.660 9      -185.508 9        57.937 9  23388185.225 9 122905709.660 9      -185.508 9        57.937 9
E05                                                                  26189617.667 9 137627305.082 9     -2081.151 9        56.954 9  26189617.667 9 137627305.082 9     -2081.151 9        56.954 9
E11                                                                  26727221.754 9 140452433.394 9     -2441.740 9        56.777 9  26727221.754 9 140452433.394 9     -2441.740 9        56.777 9
E20                                                                  27911046.121 9 146673457.744 9     -1718.469 9        56.401 9  27911046.121 9 146673457.744 9     -1718.469 9        56.401 9
E09                                                                  24935320.339 9 131035943.989 9      2533.641 9        57.380 9  24935320.339 9 131035943.989 9      2533.641 9        57.380 9
E10                                                                  23770814.913 9 124916439.469 9       -61.990 9        57.796 9  23770814.913 9 124916439.469 9       -61.990 9        57.796 9
E03                                                                  24993995.921 9 131344293.260 9      1935.216 9        57.360 9  24993995.921 9 131344293.260 9      1935.216 9        57.360 9
> 2026 02 03 10 03 25.0000000  0 17       0.000000000000
G02  20314605.292 9 106753950.173 9      -438.466 9        56.048 9                                                                  20314605.292 8 106753950.173 8      -438.466 8        53.048 8
G13  25198231.746 9 132417532.607 9      1163.654 9        54.177 9                                                                  25198231.746 8 132417532.607 8      1163.654 8        51.177 8
G29  24804846.260 9 130350299.650 9      3074.039 9        54.313 9                                                                  24804846.260 8 130350299.650 8      3074.039 8        51.313 8
G10  22284254.448 9 117104513.078 9      3202.251 9        55.244 9                                                                  22284254.448 8 117104513.078 8      3202.251 8        52.244 8
G12  20799357.460 9 109301338.358 9        82.721 9        55.843 9                                                                  20799357.460 8 109301338.358 8        82.721 8        52.843 8
G17  24772603.066 9 130180839.175 9     -2968.530 9        54.325 9                                                                  24772603.066 8 130180839.175 8     -2968.530 8        51.325 8
G24  24267594.798 9 127527023.449 9      3034.586 9        54.504 9                                                                  24267594.798 8 127527023.449 8      3034.586 8        51.504 8
G30  22526753.074 9 118378854.424 9      2260.535 9        55.150 9                                                                  22526753.074 8 118378854.424 8      2260.535 8        52.150 8
G05  21244063.624 9 111638283.094 9       582.613 9        55.659 9                                                                  21244063.624 8 111638283.094 8       582.613 8        52.659 8
G04  22016138.295 9 115695556.495 9     -2501.724 9        55.349 9                                                                  22016138.295 8 115695556.495 8     -2501.724 8        52.349 8
E04                                                                  23388220.550 9 122905895.293 9      -185.759 9        57.937 9  23388220.550 9 122905895.293 9      -185.759 9        57.937 9
E05                                                                  26190013.713 9 137629386.308 9     -2081.321 9        56.954 9  26190013.713 9 137629386.308 9     -2081.321 9        56.954 9
E11                                                                  26727686.424 9 140454875.243 9     -2441.978 9        56.777 9  26727686.424 9 140454875.243 9     -2441.978 9        56.777 9
E20                                                                  27911373.164 9 146675176.357 9     -1718.769 9        56.401 9  27911373.164 9 146675176.357 9     -1718.769 9        56.401 9
E09                                                                  24934838.230 9 131033410.495 9      2533.358 9        57.380 9  24934838.230 9 131033410.495 9      2533.358 9        57.380 9
E10                                                                  23770826.754 9 124916501.694 9       -62.459 9        57.796 9  23770826.754 9 124916501.694 9       -62.459 9        57.796 9
E03                                                                  24993627.670 9 131342358.091 9      1935.123 9        57.360 9  24993627.670 9 131342358.091 9      1935.123 9        57.360 9
> 2026 02 03 10 03 26.0000000  0 17       0.000000000000
G02  20314688.766 9 106754388.832 9      -438.855 9        56.048 9                                                                  20314688.766 8 106754388.832 8      -438.855 8        53.048 8
G13  25198010.354 9 132416369.189 9      1163.193 9        54.177 9                                                                  25198010.354 8 132416369.189 8      1163.193 8        51.177 8
G29  24804261.287 9 130347225.599 9      3074.062 9        54.314 9                                                                  24804261.287 8 130347225.599 8      3074.062 8        51.314 8
G10  22283645.111 9 117101310.995 9      3201.923 9        55.244 9                                                                  22283645.111 8 117101310.995 8      3201.923 8        52.244 8
G12  20799341.782 9 109301255.969 9        82.055 9        55.843 9                                                                  20799341.782 8 109301255.969 8        82.055 8        52.843 8
G17  24773167.970 9 130183807.751 9     -2968.653 9        54.324 9                                                                  24773167.970 8 130183807.751 8     -2968.653 8        51.324 8
G24  24267017.351 9 127523988.946 9      3034.419 9        54.504 9                                                                  24267017.351 8 127523988.946 8      3034.419 8        51.504 8
G30  22526322.955 9 118376594.138 9      2260.038 9        55.150 9                                                                  22526322.955 8 118376594.138 8      2260.038 8        52.150 8
G05  21243952.819 9 111637700.810 9       581.954 9        55.659 9                                                                  21243952.819 8 111637700.810 8       581.954 8        52.659 8
G04  22016614.374 9 115698058.303 9     -2501.904 9        55.349 9                                                                  22016614.374 8 115698058.303 8     -2501.904 8        52.349 8
E04                                                                  23388255.923 9 122906081.178 9      -186.011 9        57.937 9  23388255.923 9 122906081.178 9      -186.011 9        57.937 9
E05                                                                  26190409.791 9 137631467.704 9     -2081.491 9        56.954 9  26190409.791 9 137631467.704 9     -2081.491 9        56.954 9
E11                                                                  26728151.139 9 140457317.330 9     -2442.216 9        56.777 9  26728151.139 9 140457317.330 9     -2442.216 9        56.777 9
E20                                                                  27911700.263 9 146676895.269 9     -1719.069 9        56.401 9  27911700.263 9 146676895.269 9     -1719.069 9        56.401 9
E09                                                                  24934356.175 9 131030877.283 9      2533.075 9        57.381 9  24934356.175 9 131030877.283 9      2533.075 9        57.381 9
E10                                                                  23770838.684 9 124916564.387 9       -62.928 9        57.796 9  23770838.684 9 124916564.387 9       -62.928 9        57.796 9
E03                                                                  24993259.437 9 131340423.016 9      1935.030 9        57.360 9  24993259.437 9 131340423.016 9      1935.030 9        57.360 9
> 2026 02 03 10 03 27.0000000  0 17       0.000000000000
G02  20314772.315 9 106754827.881 9      -439.244 9        56.048 9                                                                  20314772.315 8 106754827.881 8      -439.244 8        53.048 8
G13  25197789.050 9 132415206.233 9      1162.731 9        54.177 9                                                                  25197789.050 8 132415206.233 8      1162.731 8        51.177 8
G29  24803676.310 9 130344151.525 9      3074.084 9        54.314 9                                                                  24803676.310 8 130344151.525 8      3074.084 8        51.314 8
G10  22283035.837 9 117098109.240 9      3201.595 9        55.245 9                                                                  22283035.837 8 117098109.240 8      3201.595 8        52.245 8
G12  20799326.231 9 109301174.245 9        81.390 9        55.843 9                                                                  20799326.231 8 109301174.245 8        81.390 8        52.843 8
G17  24773732.897 9 130186776.449 9     -2968.776 9        54.324 9                                                                  24773732.897 8 130186776.449 8     -2968.776 8        51.324 8
G24  24266439.936 9 127520954.611 9      3034.251 9        54.504 9                                                                  24266439.936 8 127520954.611 8      3034.251 8        51.504 8
G30  22525892.931 9 118374334.348 9      2259.541 9        55.150 9                                                                  22525892.931 8 118374334.348 8      2259.541 8        52.150 8
G05  21243842.140 9 111637119.186 9       581.294 9        55.659 9                                                                  21243842.140 8 111637119.186 8       581.294 8        52.659 8
G04  22017090.487 9 115700560.290 9     -2502.084 9        55.349 9                                                                  22017090.487 8 115700560.290 8     -2502.084 8        52.349 8
E04                                                                  23388291.344 9 122906267.313 9      -186.262 9        57.937 9  23388291.344 9 122906267.313 9      -186.262 9        57.937 9
E05                                                                  26190805.901 9 137633549.270 9     -2081.661 9        56.953 9  26190805.901 9 137633549.270 9     -2081.661 9        56.953 9
E11                                                                  26728615.899 9 140459759.656 9     -2442.454 9        56.777 9  26728615.899 9 140459759.656 9     -2442.454 9        56.777 9
E20                                                                  27912027.420 9 146678614.481 9     -1719.368 9        56.401 9  27912027.420 9 146678614.481 9     -1719.368 9        56.401 9
E09                                                                  24933874.174 9 131028344.354 9      2532.792 9        57.381 9  24933874.174 9 131028344.354 9      2532.792 9        57.381 9
E10                                                                  23770850.704 9 124916627.549 9       -63.397 9        57.796 9  23770850.704 9 124916627.549 9       -63.397 9        57.796 9
E03                                                                  24992891.221 9 131338488.032 9      1934.937 9        57.360 9  24992891.221 9 131338488.032 9      1934.937 9        57.360 9
> 2026 02 03 10 03 28.0000000  0 17       0.000000000000
G02  20314855.937 9 106755267.318 9      -439.633 9        56.048 9                                                                  20314855.937 8 106755267.318 8      -439.633 8        53.048 8
G13  25197567.834 9 132414043.737 9      1162.270 9        54.177 9                                                                  25197567.834 8 132414043.737 8      1162.270 8        51.177 8
G29  24803091.328 9 130341077.428 9      3074.107 9        54.314 9                                                                  24803091.328 8 130341077.428 8      3074.107 8        51.314 8
G10  22282426.625 9 117094907.813 9      3201.267 9        55.245 9                                                                  22282426.625 8 117094907.813 8      3201.267 8        52.245 8
G12  20799310.806 9 109301093.188 9        80.724 9        55.843 9                                                                  20799310.806 8 109301093.188 8        80.724 8        52.843 8
G17  24774297.847 9 130189745.269 9     -2968.898 9        54.324 9                                                                  24774297.847 8 130189745.269 8     -2968.898 8        51.324 8
G24  24265862.552 9 127517920.444 9      3034.084 9        54.504 9                                                                  24265862.552 8 127517920.444 8      3034.084 8        51.504 8
G30  22525463.002 9 118372075.055 9      2259.044 9        55.151 9                                                                  22525463.002 8 118372075.055 8      2259.044 8        52.151 8
G05  21243731.586 9 111636538.221 9       580.634 9        55.659 9                                                                  21243731.586 8 111636538.221 8       580.634 8        52.659 8
G04  22017566.635 9 115703062.457 9     -2502.263 9        55.349 9                                                                  22017566.635 8 115703062.457 8     -2502.263 8        52.349 8
E04                                                                  23388326.812 9 122906453.700 9      -186.513 9        57.936 9  23388326.812 9 122906453.700 9      -186.513 9        57.936 9
E05                                                                  26191202.044 9 137635631.006 9     -2081.831 9        56.953 9  26191202.044 9 137635631.006 9     -2081.831 9        56.953 9
E11                                                                  26729080.705 9 140462202.218 9     -2442.691 9        56.777 9  26729080.705 9 140462202.218 9     -2442.691 9        56.777 9
E20                                                                  27912354.634 9 146680333.993 9     -1719.668 9        56.401 9  27912354.634 9 146680333.993 9     -1719.668 9        56.401 9
E09                                                                  24933392.227 9 131025811.709 9      2532.509 9        57.381 9  24933392.227 9 131025811.709 9      2532.509 9        57.381 9
E10                                                                  23770862.812 9 124916691.180 9       -63.865 9        57.796 9  23770862.812 9 124916691.180 9       -63.865 9        57.796 9
E03                                                                  24992523.024 9 131336553.143 9      1934.844 9        57.360 9  24992523.024 9 131336553.143 9      1934.844 9        57.360 9
> 2026 02 03 10 03 29.0000000  0 17       0.000000000000
G02  20314939.633 9 106755707.144 9      -440.022 9        56.048 9                                                                  20314939.633 8 106755707.144 8      -440.022 8        53.048 8
G13  25197346.705 9 132412881.704 9      1161.808 9        54.177 9                                                                  25197346.705 8 132412881.704 8      1161.808 8        51.177 8
G29  24802506.342 9 130338003.310 9      3074.129 9        54.314 9                                                                  24802506.342 8 130338003.310 8      3074.129 8        51.314 8
G10  22281817.475 9 117091706.715 9      3200.938 9        55.245 9                                                                  22281817.475 8 117091706.715 8      3200.938 8        52.245 8
G12  20799295.508 9 109301012.796 9        80.058 9        55.843 9                                                                  20799295.508 8 109301012.796 8        80.058 8        52.843 8
G17  24774862.821 9 130192714.212 9     -2969.021 9        54.324 9                                                                  24774862.821 8 130192714.212 8     -2969.021 8        51.324 8
G24  24265285.200 9 127514886.444 9      3033.917 9        54.504 9                                                                  24265285.200 8 127514886.444 8      3033.917 8        51.504 8
G30  22525033.167 9 118369816.259 9      2258.547 9        55.151 9                                                                  22525033.167 8 118369816.259 8      2258.547 8        52.151 8
G05  21243621.158 9 111635957.917 9       579.974 9        55.659 9                                                                  21243621.158 8 111635957.917 8       579.974 8        52.659 8
G04  22018042.816 9 115705564.803 9     -2502.443 9        55.348 9                                                                  22018042.816 8 115705564.803 8     -2502.443 8        52.348 8
E04                                                                  23388362.328 9 122906640.338 9      -186.764 9        57.936 9  23388362.328 9 122906640.338 9      -186.764 9        57.936 9
E05                                                                  26191598.219 9 137637712.912 9     -2082.001 9        56.953 9  26191598.219 9 137637712.912 9     -2082.001 9        56.953 9
E11                                                                  26729545.556 9 140464645.018 9     -2442.928 9        56.777 9  26729545.556 9 140464645.018 9     -2442.928 9        56.777 9
E20                                                                  27912681.905 9 146682053.803 9     -1719.967 9        56.400 9  27912681.905 9 146682053.803 9     -1719.967 9        56.400 9
E09                                                                  24932910.333 9 131023279.346 9      2532.226 9        57.381 9  24932910.333 9 131023279.346 9      2532.226 9        57.381 9
E10                                                                  23770875.010 9 124916755.280 9       -64.334 9        57.796 9  23770875.010 9 124916755.280 9       -64.334 9        57.796 9
E03                                                                  24992154.844 9 131334618.347 9      1934.751 9        57.360 9  24992154.844 9 131334618.347 9      1934.751 9        57.360 9
> 2026 02 03 10 03 30.0000000  0 17       0.000000000000
G02  20315023.404 9 106756147.359 9      -440.410 9        56.048 9                                                                  20315023.404 8 106756147.359 8      -440.410 8        53.048 8
G13  25197125.665 9 132411720.131 9      1161.347 9        54.177 9                                                                  25197125.665 8 132411720.131 8      1161.347 8        51.177 8
G29  24801921.352 9 130334929.168 9      3074.152 9        54.314 9                                                                  24801921.352 8 130334929.168 8      3074.152 8        51.314 8
G10  22281208.388 9 117088505.945 9      3200.610 9        55.245 9                                                                  22281208.388 8 117088505.945 8      3200.610 8        52.245 8
G12  20799280.337 9 109300933.070 9        79.392 9        55.843 9                                                                  20799280.337 8 109300933.070 8        79.392 8        52.843 8
G17  24775427.818 9 130195683.278 9     -2969.144 9        54.324 9                                                                  24775427.818 8 130195683.278 8     -2969.144 8        51.324 8
G24  24264707.881 9 127511852.611 9      3033.749 9        54.505 9                                                                  24264707.881 8 127511852.611 8      3033.749 8        51.505 8
G30  22524603.427 9 118367557.960 9      2258.050 9        55.151 9                                                                  22524603.427 8 118367557.960 8      2258.050 8        52.151 8
G05  21243510.855 9 111635378.272 9       579.314 9        55.660 9                                                                  21243510.855 8 111635378.272 8       579.314 8        52.660 8
G04  22018519.032 9 115708067.329 9     -2502.623 9        55.348 9                                                                  22018519.032 8 115708067.329 8     -2502.623 8        52.348 8
E04                                                                  23388397.892 9 122906827.227 9      -187.015 9        57.936 9  23388397.892 9 122906827.227 9      -187.015 9        57.936 9
E05                                                                  26191994.426 9 137639794.989 9     -2082.171 9        56.953 9  26191994.426 9 137639794.989 9     -2082.171 9        56.953 9
E11                                                                  26730010.452 9 140467088.056 9     -2443.166 9        56.776 9  26730010.452 9 140467088.056 9     -2443.166 9        56.776 9
E20                                                                  27913009.232 9 146683773.913 9     -1720.266 9        56.400 9  27913009.232 9 146683773.913 9     -1720.266 9        56.400 9
E09                                                                  24932428.493 9 131020747.266 9      2531.943 9        57.381 9  24932428.493 9 131020747.266 9      2531.943 9        57.381 9
E10                                                                  23770887.297 9 124916819.849 9       -64.803 9        57.796 9  23770887.297 9 124916819.849 9       -64.803 9        57.796 9
E03                                                                  24991786.682 9 131332683.643 9      1934.658 9        57.361 9  24991786.682 9 131332683.643 9      1934.658 9        57.361 9
> 2026 02 03 10 03 31.0000000  0 17       0.000000000000
G02  20315107.248 9 106756587.963 9      -440.799 9        56.048 9                                                                  20315107.248 8 106756587.963 8      -440.799 8        53.048 8
G13  25196904.712 9 132410559.021 9      1160.885 9        54.177 9                                                                  25196904.712 8 132410559.021 8      1160.885 8        51.177 8
G29  24801336.358 9 130331855.004 9      3074.174 9        54.315 9                                                                  24801336.358 8 130331855.004 8      3074.174 8        51.315 8
G10  22280599.364 9 117085305.504 9      3200.281 9        55.246 9                                                                  22280599.364 8 117085305.504 8      3200.281 8        52.246 8
G12  20799265.293 9 109300854.009 9        78.726 9        55.843 9                                                                  20799265.293 8 109300854.009 8        78.726 8        52.843 8
G17  24775992.838 9 130198652.467 9     -2969.266 9        54.323 9                                                                  24775992.838 8 130198652.467 8     -2969.266 8        51.323 8
G24  24264130.593 9 127508818.947 9      3033.582 9        54.505 9                                                                  24264130.593 8 127508818.947 8      3033.582 8        51.505 8
G30  22524173.781 9 118365300.158 9      2257.553 9        55.151 9                                                                  22524173.781 8 118365300.158 8      2257.553 8        52.151 8
G05  21243400.678 9 111634799.288 9       578.654 9        55.660 9                                                                  21243400.678 8 111634799.288 8       578.654 8        52.660 8
G04  22018995.282 9 115710570.035 9     -2502.802 9        55.348 9                                                                  22018995.282 8 115710570.035 8     -2502.802 8        52.348 8
E04                                                                  23388433.504 9 122907014.367 9      -187.267 9        57.936 9  23388433.504 9 122907014.367 9      -187.267 9        57.936 9
E05                                                                  26192390.666 9 137641877.235 9     -2082.341 9        56.953 9  26192390.666 9 137641877.235 9     -2082.341 9        56.953 9
E11                                                                  26730475.393 9 140469531.331 9     -2443.403 9        56.776 9  26730475.393 9 140469531.331 9     -2443.403 9        56.776 9
E20                                                                  27913336.617 9 146685494.323 9     -1720.566 9        56.400 9  27913336.617 9 146685494.323 9     -1720.566 9        56.400 9
E09                                                                  24931946.707 9 131018215.470 9      2531.660 9        57.381 9  24931946.707 9 131018215.470 9      2531.660 9        57.381 9
E10                                                                  23770899.673 9 124916884.886 9       -65.272 9        57.796 9  23770899.673 9 124916884.886 9       -65.272 9        57.796 9
E03                                                                  24991418.537 9 131330749.033 9      1934.564 9        57.361 9  24991418.537 9 131330749.033 9      1934.564 9        57.361 9
> 2026 02 03 10 03 32.0000000  0 17       0.000000000000
G02  20315191.166 9 106757028.956 9      -441.188 9        56.048 9                                                                  20315191.166 8 106757028.956 8      -441.188 8        53.048 8
G13  25196683.847 9 132409398.372 9      1160.423 9        54.177 9                                                                  25196683.847 8 132409398.372 8      1160.423 8        51.177 8
G29  24800751.359 9 130328780.817 9      3074.197 9        54.315 9                                                                  24800751.359 8 130328780.817 8      3074.197 8        51.315 8
G10  22279990.402 9 117082105.391 9      3199.952 9        55.246 9                                                                  22279990.402 8 117082105.391 8      3199.952 8        52.246 8
G12  20799250.375 9 109300775.615 9        78.061 9        55.843 9                                                                  20799250.375 8 109300775.615 8        78.061 8        52.843 8
G17  24776557.882 9 130201621.778 9     -2969.389 9        54.323 9                                                                  24776557.882 8 130201621.778 8     -2969.389 8        51.323 8
G24  24263553.337 9 127505785.449 9      3033.414 9        54.505 9                                                                  24263553.337 8 127505785.449 8      3033.414 8        51.505 8
G30  22523744.230 9 118363042.853 9      2257.056 9        55.151 9                                                                  22523744.230 8 118363042.853 8      2257.056 8        52.151 8
G05  21243290.627 9 111634220.963 9       577.993 9        55.660 9                                                                  21243290.627 8 111634220.963 8       577.993 8        52.660 8
G04  22019471.566 9 115713072.921 9     -2502.982 9        55.348 9                                                                  22019471.566 8 115713072.921 8     -2502.982 8        52.348 8
E04                                                                  23388469.163 9 122907201.759 9      -187.518 9        57.936 9  23388469.163 9 122907201.759 9      -187.518 9        57.936 9
E05                                                                  26192786.938 9 137643959.651 9     -2082.511 9        56.953 9  26192786.938 9 137643959.651 9     -2082.511 9        56.953 9
E11                                                                  26730940.380 9 140471974.843 9     -2443.641 9        56.776 9  26730940.380 9 140471974.843 9     -2443.641 9        56.776 9
E20                                                                  27913664.059 9 146687215.032 9     -1720.865 9        56.400 9  27913664.059 9 146687215.032 9     -1720.865 9        56.400 9
E09                                                                  24931464.975 9 131015683.956 9      2531.377 9        57.382 9  24931464.975 9 131015683.956 9      2531.377 9        57.382 9
E10                                                                  23770912.139 9 124916950.392 9       -65.741 9        57.796 9  23770912.139 9 124916950.392 9       -65.741 9        57.796 9
E03                                                                  24991050.411 9 131328814.517 9      1934.471 9        57.361 9  24991050.411 9 131328814.517 9      1934.471 9        57.361 9
> 2026 02 03 10 03 33.0000000  0 17       0.000000000000
G02  20315275.158 9 106757470.337 9      -441.577 9        56.048 9                                                                  20315275.158 8 106757470.337 8      -441.577 8        53.048 8
G13  25196463.070 9 132408238.185 9      1159.961 9        54.177 9                                                                  25196463.070 8 132408238.185 8      1159.961 8        51.177 8
G29  24800166.356 9 130325706.608 9      3074.219 9        54.315 9                                                                  24800166.356 8 130325706.608 8      3074.219 8        51.315 8
G10  22279381.503 9 117078905.608 9      3199.624 9        55.246 9                                                                  22279381.503 8 117078905.608 8      3199.624 8        52.246 8
G12  20799235.584 9 109300697.886 9        77.395 9        55.843 9                                                                  20799235.584 8 109300697.886 8        77.395 8        52.843 8
G17  24777122.948 9 130204591.211 9     -2969.511 9        54.323 9                                                                  24777122.948 8 130204591.211 8     -2969.511 8        51.323 8
G24  24262976.113 9 127502752.119 9      3033.246 9        54.505 9                                                                  24262976.113 8 127502752.119 8      3033.246 8        51.505 8
G30  22523314.773 9 118360786.046 9      2256.559 9        55.151 9                                                                  22523314.773 8 118360786.046 8      2256.559 8        52.151 8
G05  21243180.701 9 111633643.299 9       577.333 9        55.660 9                                                                  21243180.701 8 111633643.299 8       577.333 8        52.660 8
G04  22019947.884 9 115715575.985 9     -2503.161 9        55.348 9                                                                  22019947.884 8 115715575.985 8     -2503.161 8        52.348 8
E04                                                                  23388504.871 9 122907389.402 9      -187.769 9        57.936 9  23388504.871 9 122907389.402 9      -187.769 9        57.936 9
E05                                                                  26193183.243 9 137646042.236 9     -2082.681 9        56.953 9  26193183.243 9 137646042.236 9     -2082.681 9        56.953 9
E11                                                                  26731405.411 9 140474418.593 9     -2443.878 9        56.776 9  26731405.411 9 140474418.593 9     -2443.878 9        56.776 9
E20                                                                  27913991.557 9 146688936.039 9     -1721.164 9        56.400 9  27913991.557 9 146688936.039 9     -1721.164 9        56.400 9
E09                                                                  24930983.297 9 131013152.726 9      2531.093 9        57.382 9  24930983.297 9 131013152.726 9      2531.093 9        57.382 9
E10                                                                  23770924.693 9 124917016.367 9       -66.209 9        57.796 9  23770924.693 9 124917016.367 9       -66.209 9        57.796 9
E03                                                                  24990682.302 9 131326880.093 9      1934.377 9        57.361 9  24990682.302 9 131326880.093 9      1934.377 9        57.361 9
> 2026 02 03 10 03 34.0000000  0 17       0.000000000000
G02  20315359.225 9 106757912.107 9      -441.965 9        56.048 9                                                                  20315359.225 8 106757912.107 8      -441.965 8        53.048 8
G13  25196242.381 9 132407078.460 9      1159.499 9        54.177 9                                                                  25196242.381 8 132407078.460 8      1159.499 8        51.177 8
G29  24799581.349 9 130322632.376 9      3074.242 9        54.315 9                                                                  24799581.349 8 130322632.376 8      3074.242 8        51.315 8
G10  22278772.666 9 117075706.153 9      3199.295 9        55.246 9                                                                  22278772.666 8 117075706.153 8      3199.295 8        52.246 8
G12  20799220.919 9 109300620.824 9        76.729 9        55.843 9                                                                  20799220.919 8 109300620.824 8        76.729 8        52.843 8
G17  24777688.039 9 130207560.768 9     -2969.634 9        54.323 9                                                                  24777688.039 8 130207560.768 8     -2969.634 8        51.323 8
G24  24262398.920 9 127499718.957 9      3033.079 9        54.505 9                                                                  24262398.920 8 127499718.957 8      3033.079 8        51.505 8
G30  22522885.412 9 118358529.736 9      2256.061 9        55.152 9                                                                  22522885.412 8 118358529.736 8      2256.061 8        52.152 8
G05  21243070.901 9 111633066.295 9       576.673 9        55.660 9                                                                  21243070.901 8 111633066.295 8       576.673 8        52.660 8
G04  22020424.237 9 115718079.229 9     -2503.340 9        55.348 9                                                                  22020424.237 8 115718079.229 8     -2503.340 8        52.348 8
E04                                                                  23388540.626 9 122907577.296 9      -188.021 9        57.936 9  23388540.626 9 122907577.296 9      -188.021 9        57.936 9
E05                                                                  26193579.579 9 137648124.993 9     -2082.851 9        56.953 9  26193579.579 9 137648124.993 9     -2082.851 9        56.953 9
E11                                                                  26731870.488 9 140476862.580 9     -2444.115 9        56.776 9  26731870.488 9 140476862.580 9     -2444.115 9        56.776 9
E20                                                                  27914319.113 9 146690657.346 9     -1721.463 9        56.400 9  27914319.113 9 146690657.346 9     -1721.463 9        56.400 9
E09                                                                  24930501.673 9 131010621.779 9      2530.810 9        57.382 9  24930501.673 9 131010621.779 9      2530.810 9        57.382 9
E10                                                                  23770937.337 9 124917082.811 9       -66.678 9        57.796 9  23770937.337 9 124917082.811 9       -66.678 9        57.796 9
E03                                                                  24990314.210 9 131324945.763 9      1934.284 9        57.361 9  24990314.210 9 131324945.763 9      1934.284 9        57.361 9
> 2026 02 03 10 03 35.0000000  0 17       0.000000000000
G02  20315443.365 9 106758354.265 9      -442.354 9        56.048 9                                                                  20315443.365 8 106758354.265 8      -442.354 8        53.048 8
G13  25196021.780 9 132405919.197 9      1159.037 9        54.177 9                                                                  25196021.780 8 132405919.197 8      1159.037 8        51.177 8
G29  24798996.337 9 130319558.122 9      3074.264 9        54.315 9                                                                  24798996.337 8 130319558.122 8      3074.264 8        51.315 8
G10  22278163.892 9 117072507.027 9      3198.966 9        55.246 9                                                                  22278163.892 8 117072507.027 8      3198.966 8        52.246 8
G12  20799206.382 9 109300544.427 9        76.063 9        55.843 9                                                                  20799206.382 8 109300544.427 8        76.063 8        52.843 8
G17  24778253.152 9 130210530.446 9     -2969.756 9        54.323 9                                                                  24778253.152 8 130210530.446 8     -2969.756 8        51.323 8
G24  24261821.760 9 127496685.962 9      3032.911 9        54.506 9                                                                  24261821.760 8 127496685.962 8      3032.911 8        51.506 8
G30  22522456.144 9 118356273.923 9      2255.564 9        55.152 9                                                                  22522456.144 8 118356273.923 8      2255.564 8        52.152 8
G05  21242961.226 9 111632489.951 9       576.013 9        55.660 9                                                                  21242961.226 8 111632489.951 8       576.013 8        52.660 8
G04  22020900.623 9 115720582.653 9     -2503.520 9        55.347 9                                                                  22020900.623 8 115720582.653 8     -2503.520 8        52.347 8
E04                                                                  23388576.429 9 122907765.442 9      -188.272 9        57.936 9  23388576.429 9 122907765.442 9      -188.272 9        57.936 9
E05                                                                  26193975.949 9 137650207.919 9     -2083.021 9        56.952 9  26193975.949 9 137650207.919 9     -2083.021 9        56.952 9
E11                                                                  26732335.610 9 140479306.804 9     -2444.352 9        56.776 9  26732335.610 9 140479306.804 9     -2444.352 9        56.776 9
E20                                                                  27914646.725 9 146692378.952 9     -1721.762 9        56.400 9  27914646.725 9 146692378.952 9     -1721.762 9        56.400 9
E09                                                                  24930020.103 9 131008091.116 9      2530.527 9        57.382 9  24930020.103 9 131008091.116 9      2530.527 9        57.382 9
E10                                                                  23770950.070 9 124917149.724 9       -67.147 9        57.796 9  23770950.070 9 124917149.724 9       -67.147 9        57.796 9
E03                                                                  24989946.137 9 131323011.527 9      1934.191 9        57.361 9  24989946.137 9 131323011.527 9      1934.191 9        57.361 9
> 2026 02 03 10 03 36.0000000  0 17       0.000000000000
G02  20315527.579 9 106758796.812 9      -442.742 9        56.047 9                                                                  20315527.579 8 106758796.812 8      -442.742 8        53.047 8
G13  25195801.266 9 132404760.396 9      1158.575 9        54.177 9                                                                  25195801.266 8 132404760.396 8      1158.575 8        51.177 8
G29  24798411.322 9 130316483.845 9      3074.287 9        54.316 9                                                                  24798411.322 8 130316483.845 8      3074.287 8        51.316 8
G10  22277555.180 9 117069308.230 9      3198.637 9        55.247 9                                                                  22277555.180 8 117069308.230 8      3198.637 8        52.247 8
G12  20799191.971 9 109300468.696 9        75.397 9        55.843 9                                                                  20799191.971 8 109300468.696 8        75.397 8        52.843 8
G17  24778818.289 9 130213500.247 9     -2969.879 9        54.322 9                                                                  24778818.289 8 130213500.247 8     -2969.879 8        51.322 8
G24  24261244.631 9 127493653.135 9      3032.743 9        54.506 9                                                                  24261244.631 8 127493653.135 8      3032.743 8        51.506 8
G30  22522026.972 9 118354018.608 9      2255.066 9        55.152 9                                                                  22522026.972 8 118354018.608 8      2255.066 8        52.152 8
G05  21242851.677 9 111631914.267 9       575.353 9        55.660 9                                                                  21242851.677 8 111631914.267 8       575.353 8        52.660 8
G04  22021377.044 9 115723086.255 9     -2503.699 9        55.347 9                                                                  22021377.044 8 115723086.255 8     -2503.699 8        52.347 8
E04                                                                  23388612.280 9 122907953.839 9      -188.523 9        57.936 9  23388612.280 9 122907953.839 9      -188.523 9        57.936 9
E05                                                                  26194372.350 9 137652291.015 9     -2083.191 9        56.952 9  26194372.350 9 137652291.015 9     -2083.191 9        56.952 9
E11                                                                  26732800.777 9 140481751.265 9     -2444.589 9        56.776 9  26732800.777 9 140481751.265 9     -2444.589 9        56.776 9
E20                                                                  27914974.394 9 146694100.857 9     -1722.061 9        56.400 9  27914974.394 9 146694100.857 9     -1722.061 9        56.400 9
E09                                                                  24929538.587 9 131005560.736 9      2530.243 9        57.382 9  24929538.587 9 131005560.736 9      2530.243 9        57.382 9
E10                                                                  23770962.892 9 124917217.105 9       -67.616 9        57.796 9  23770962.892 9 124917217.105 9       -67.616 9        57.796 9
E03                                                                  24989578.081 9 131321077.383 9      1934.097 9        57.361 9  24989578.081 9 131321077.383 9      1934.097 9        57.361 9
> 2026 02 03 10 03 37.0000000  0 17       0.000000000000
G02  20315611.867 9 106759239.748 9      -443.131 9        56.047 9                                                                  20315611.867 8 106759239.748 8      -443.131 8        53.047 8
G13  25195580.841 9 132403602.057 9      1158.113 9        54.178 9                                                                  25195580.841 8 132403602.057 8      1158.113 8        51.178 8
G29  24797826.302 9 130313409.546 9      3074.309 9        54.316 9                                                                  24797826.302 8 130313409.546 8      3074.309 8        51.316 8
G10  22276946.531 9 117066109.762 9      3198.307 9        55.247 9                                                                  22276946.531 8 117066109.762 8      3198.307 8        52.247 8
G12  20799177.686 9 109300393.631 9        74.731 9        55.843 9                                                                  20799177.686 8 109300393.631 8        74.731 8        52.843 8
G17  24779383.449 9 130216470.171 9     -2970.001 9        54.322 9                                                                  24779383.449 8 130216470.171 8     -2970.001 8        51.322 8
G24  24260667.535 9 127490620.476 9      3032.576 9        54.506 9                                                                  24260667.535 8 127490620.476 8      3032.576 8        51.506 8
G30  22521597.894 9 118351763.791 9      2254.568 9        55.152 9                                                                  22521597.894 8 118351763.791 8      2254.568 8        52.152 8
G05  21242742.254 9 111631339.244 9       574.693 9        55.660 9                                                                  21242742.254 8 111631339.244 8       574.693 8        52.660 8
G04  22021853.499 9 115725590.037 9     -2503.878 9        55.347 9                                                                  22021853.499 8 115725590.037 8     -2503.878 8        52.347 8
E04                                                                  23388648.179 9 122908142.487 9      -188.775 9        57.936 9  23388648.179 9 122908142.487 9      -188.775 9        57.936 9
E05                                                                  26194768.784 9 137654374.281 9     -2083.361 9        56.952 9  26194768.784 9 137654374.281 9     -2083.361 9        56.952 9
E11                                                                  26733265.989 9 140484195.963 9     -2444.826 9        56.775 9  26733265.989 9 140484195.963 9     -2444.826 9        56.775 9
E20                                                                  27915302.120 9 146695823.061 9     -1722.360 9        56.400 9  27915302.120 9 146695823.061 9     -1722.360 9        56.400 9
E09                                                                  24929057.124 9 131003030.639 9      2529.960 9        57.382 9  24929057.124 9 131003030.639 9      2529.960 9        57.382 9
E10                                                                  23770975.804 9 124917284.955 9       -68.084 9        57.796 9  23770975.804 9 124917284.955 9       -68.084 9        57.796 9
E03                                                                  24989210.044 9 131319143.333 9      1934.004 9        57.361 9  24989210.044 9 131319143.333 9      1934.004 9        57.361 9
> 2026 02 03 10 03 38.0000000  0 17       0.000000000000
G02  20315696.229 9 106759683.072 9      -443.519 9        56.047 9                                                                  20315696.229 8 106759683.072 8      -443.519 8        53.047 8
G13  25195360.504 9 132402444.180 9      1157.651 9        54.178 9                                                                  25195360.504 8 132402444.180 8      1157.651 8        51.178 8
G29  24797241.277 9 130310335.225 9      3074.331 9        54.316 9                                                                  24797241.277 8 130310335.225 8      3074.331 8        51.316 8
G10  22276337.945 9 117062911.624 9      3197.978 9        55.247 9                                                                  22276337.945 8 117062911.624 8      3197.978 8        52.247 8
G12  20799163.529 9 109300319.231 9        74.065 9        55.843 9                                                                  20799163.529 8 109300319.231 8        74.065 8        52.843 8
G17  24779948.633 9 130219440.217 9     -2970.124 9        54.322 9                                                                  24779948.633 8 130219440.217 8     -2970.124 8        51.322 8
G24  24260090.470 9 127487587.984 9      3032.408 9        54.506 9                                                                  24260090.470 8 127487587.984 8      3032.408 8        51.506 8
G30  22521168.911 9 118349509.471 9      2254.071 9        55.152 9                                                                  22521168.911 8 118349509.471 8      2254.071 8        52.152 8
G05  21242632.956 9 111630764.880 9       574.032 9        55.660 9                                                                  21242632.956 8 111630764.880 8       574.032 8        52.660 8
G04  22022329.988 9 115728093.998 9     -2504.057 9        55.347 9                                                                  22022329.988 8 115728093.998 8     -2504.057 8        52.347 8
E04                                                                  23388684.125 9 122908331.387 9      -189.026 9        57.936 9  23388684.125 9 122908331.387 9      -189.026 9        57.936 9
E05                                                                  26195165.250 9 137656457.717 9     -2083.531 9        56.952 9  26195165.250 9 137656457.717 9     -2083.531 9        56.952 9
E11                                                                  26733731.246 9 140486640.898 9     -2445.063 9        56.775 9  26733731.246 9 140486640.898 9     -2445.063 9        56.775 9
E20                                                                  27915629.903 9 146697545.563 9     -1722.659 9        56.400 9  27915629.903 9 146697545.563 9     -1722.659 9        56.400 9
E09                                                                  24928575.716 9 131000500.826 9      2529.676 9        57.383 9  24928575.716 9 131000500.826 9      2529.676 9        57.383 9
E10                                                                  23770988.804 9 124917353.273 9       -68.553 9        57.796 9  23770988.804 9 124917353.273 9       -68.553 9        57.796 9
E03                                                                  24988842.024 9 131317209.377 9      1933.910 9        57.362 9  24988842.024 9 131317209.377 9      1933.910 9        57.362 9
> 2026 02 03 10 03 39.0000000  0 17       0.000000000000
G02  20315780.665 9 106760126.785 9      -443.908 9        56.047 9                                                                  20315780.665 8 106760126.785 8      -443.908 8        53.047 8
G13  25195140.254 9 132401286.766 9      1157.189 9        54.178 9                                                                  25195140.254 8 132401286.766 8      1157.189 8        51.178 8
G29  24796656.249 9 130307260.882 9      3074.354 9        54.316 9                                                                  24796656.249 8 130307260.882 8      3074.354 8        51.316 8
G10  22275729.421 9 117059713.815 9      3197.649 9        55.247 9                                                                  22275729.421 8 117059713.815 8      3197.649 8        52.247 8
G12  20799149.498 9 109300245.498 9        73.399 9        55.843 9                                                                  20799149.498 8 109300245.498 8        73.399 8        52.843 8
G17  24780513.840 9 130222410.385 9     -2970.246 9        54.322 9                                                                  24780513.840 8 130222410.385 8     -2970.246 8        51.322 8
G24  24259513.437 9 127484555.660 9      3032.240 9        54.506 9                                                                  24259513.437 8 127484555.660 8      3032.240 8        51.506 8
G30  22520740.023 9 118347255.649 9      2253.573 9        55.152 9                                                                  22520740.023 8 118347255.649 8      2253.573 8        52.152 8
G05  21242523.784 9 111630191.177 9       573.372 9        55.660 9                                                                  21242523.784 8 111630191.177 8       573.372 8        52.660 8
G04  22022806.510 9 115730598.138 9     -2504.236 9        55.347 9                                                                  22022806.510 8 115730598.138 8     -2504.236 8        52.347 8
E04                                                                  23388720.120 9 122908520.538 9      -189.278 9        57.936 9  23388720.120 9 122908520.538 9      -189.278 9        57.936 9
E05                                                                  26195561.749 9 137658541.322 9     -2083.701 9        56.952 9  26195561.749 9 137658541.322 9     -2083.701 9        56.952 9
E11                                                                  26734196.549 9 140489086.070 9     -2445.300 9        56.775 9  26734196.549 9 140489086.070 9     -2445.300 9        56.775 9
E20                                                                  27915957.743 9 146699268.365 9     -1722.957 9        56.399 9  27915957.743 9 146699268.365 9     -1722.957 9        56.399 9
E09                                                                  24928094.362 9 130997971.297 9      2529.393 9        57.383 9  24928094.362 9 130997971.297 9      2529.393 9        57.383 9
E10                                                                  23771001.894 9 124917422.061 9       -69.022 9        57.796 9  23771001.894 9 124917422.061 9       -69.022 9        57.796 9
E03                                                                  24988474.021 9 131315275.515 9      1933.817 9        57.362 9  24988474.021 9 131315275.515 9      1933.817 9        57.362 9
> 2026 02 03 10 03 40.0000000  0 17       0.000000000000
G02  20315865.175 9 106760570.886 9      -444.296 9        56.047 9                                                                  20315865.175 8 106760570.886 8      -444.296 8        53.047 8
G13  25194920.093 9 132400129.814 9      1156.726 9        54.178 9                                                                  25194920.093 8 132400129.814 8      1156.726 8        51.178 8
G29  24796071.216 9 130304186.516 9      3074.376 9        54.316 9                                                                  24796071.216 8 130304186.516 8      3074.376 8        51.316 8
G10  22275120.960 9 117056516.335 9      3197.319 9        55.248 9                                                                  22275120.960 8 117056516.335 8      3197.319 8        52.248 8
G12  20799135.594 9 109300172.431 9        72.734 9        55.843 9                                                                  20799135.594 8 109300172.431 8        72.734 8        52.843 8
G17  24781079.070 9 130225380.676 9     -2970.368 9        54.322 9                                                                  24781079.070 8 130225380.676 8     -2970.368 8        51.322 8
G24  24258936.437 9 127481523.504 9      3032.073 9        54.507 9                                                                  24258936.437 8 127481523.504 8      3032.073 8        51.507 8
G30  22520311.229 9 118345002.326 9      2253.075 9        55.153 9                                                                  22520311.229 8 118345002.326 8      2253.075 8        52.153 8
G05  21242414.738 9 111629618.135 9       572.712 9        55.660 9                                                                  21242414.738 8 111629618.135 8       572.712 8        52.660 8
G04  22023283.067 9 115733102.457 9     -2504.415 9        55.346 9                                                                  22023283.067 8 115733102.457 8     -2504.415 8        52.346 8
E04                                                                  23388756.162 9 122908709.941 9      -189.529 9        57.936 9  23388756.162 9 122908709.941 9      -189.529 9        57.936 9
E05                                                                  26195958.279 9 137660625.098 9     -2083.871 9        56.952 9  26195958.279 9 137660625.098 9     -2083.871 9        56.952 9
E11                                                                  26734661.896 9 140491531.479 9     -2445.537 9        56.775 9  26734661.896 9 140491531.479 9     -2445.537 9        56.775 9
E20                                                                  27916285.640 9 146700991.465 9     -1723.256 9        56.399 9  27916285.640 9 146700991.465 9     -1723.256 9        56.399 9
E09                                                                  24927613.061 9 130995442.051 9      2529.109 9        57.383 9  24927613.061 9 130995442.051 9      2529.109 9        57.383 9
E10                                                                  23771015.073 9 124917491.317 9       -69.490 9        57.796 9  23771015.073 9 124917491.317 9       -69.490 9        57.796 9
E03                                                                  24988106.037 9 131313341.746 9      1933.723 9        57.362 9  24988106.037 9 131313341.746 9      1933.723 9        57.362 9
> 2026 02 03 10 03 41.0000000  0 17       0.000000000000
G02  20315949.758 9 106761015.375 9      -444.685 9        56.047 9                                                                  20315949.758 8 106761015.375 8      -444.685 8        53.047 8
G13  25194700.019 9 132398973.324 9      1156.264 9        54.178 9                                                                  25194700.019 8 132398973.324 8      1156.264 8        51.178 8
G29  24795486.179 9 130301112.128 9      3074.398 9        54.317 9                                                                  24795486.179 8 130301112.128 8      3074.398 8        51.317 8
G10  22274512.562 9 117053319.185 9      3196.989 9        55.248 9                                                                  22274512.562 8 117053319.185 8      3196.989 8        52.248 8
G12  20799121.817 9 109300100.029 9        72.068 9        55.843 9                                                                  20799121.817 8 109300100.029 8        72.068 8        52.843 8
G17  24781644.323 9 130228351.090 9     -2970.491 9        54.321 9                                                                  24781644.323 8 130228351.090 8     -2970.491 8        51.321 8
G24  24258359.468 9 127478491.516 9      3031.905 9        54.507 9                                                                  24258359.468 8 127478491.516 8      3031.905 8        51.507 8
G30  22519882.530 9 118342749.499 9      2252.577 9        55.153 9                                                                  22519882.530 8 118342749.499 8      2252.577 8        52.153 8
G05  21242305.817 9 111629045.752 9       572.051 9        55.660 9                                                                  21242305.817 8 111629045.752 8       572.051 8        52.660 8
G04  22023759.659 9 115735606.956 9     -2504.594 9        55.346 9                                                                  22023759.659 8 115735606.956 8     -2504.594 8        52.346 8
E04                                                                  23388792.252 9 122908899.595 9      -189.781 9        57.936 9  23388792.252 9 122908899.595 9      -189.781 9        57.936 9
E05                                                                  26196354.843 9 137662709.044 9     -2084.041 9        56.952 9  26196354.843 9 137662709.044 9     -2084.041 9        56.952 9
E11                                                                  26735127.288 9 140493977.125 9     -2445.774 9        56.775 9  26735127.288 9 140493977.125 9     -2445.774 9        56.775 9
E20                                                                  27916613.593 9 146702714.863 9     -1723.555 9        56.399 9  27916613.593 9 146702714.863 9     -1723.555 9        56.399 9
E09                                                                  24927131.815 9 130992913.088 9      2528.825 9        57.383 9  24927131.815 9 130992913.088 9      2528.825 9        57.383 9
E10                                                                  23771028.341 9 124917561.041 9       -69.959 9        57.796 9  23771028.341 9 124917561.041 9       -69.959 9        57.796 9
E03                                                                  24987738.070 9 131311408.070 9      1933.630 9        57.362 9  24987738.070 9 131311408.070 9      1933.630 9        57.362 9
> 2026 02 03 10 03 42.0000000  0 17       0.000000000000
G02  20316034.416 9 106761460.253 9      -445.073 9        56.047 9                                                                  20316034.416 8 106761460.253 8      -445.073 8        53.047 8
G13  25194480.034 9 132397817.297 9      1155.801 9        54.178 9                                                                  25194480.034 8 132397817.297 8      1155.801 8        51.178 8
G29  24794901.138 9 130298037.717 9      3074.420 9        54.317 9                                                                  24794901.138 8 130298037.717 8      3074.420 8        51.317 8
G10  22273904.227 9 117050122.365 9      3196.660 9        55.248 9                                                                  22273904.227 8 117050122.365 8      3196.660 8        52.248 8
G12  20799108.166 9 109300028.294 9        71.402 9        55.843 9                                                                  20799108.166 8 109300028.294 8        71.402 8        52.843 8
G17  24782209.600 9 130231321.625 9     -2970.613 9        54.321 9                                                                  24782209.600 8 130231321.625 8     -2970.613 8        51.321 8
G24  24257782.531 9 127475459.695 9      3031.737 9        54.507 9                                                                  24257782.531 8 127475459.695 8      3031.737 8        51.507 8
G30  22519453.926 9 118340497.172 9      2252.079 9        55.153 9                                                                  22519453.926 8 118340497.172 8      2252.079 8        52.153 8
G05  21242197.022 9 111628474.030 9       571.391 9        55.660 9                                                                  21242197.022 8 111628474.030 8       571.391 8        52.660 8
G04  22024236.284 9 115738111.633 9     -2504.773 9        55.346 9                                                                  22024236.284 8 115738111.633 8     -2504.773 8        52.346 8
E04                                                                  23388828.390 9 122909089.501 9      -190.032 9        57.936 9  23388828.390 9 122909089.501 9      -190.032 9        57.936 9
E05                                                                  26196751.438 9 137664793.160 9     -2084.211 9        56.952 9  26196751.438 9 137664793.160 9     -2084.211 9        56.952 9
E11                                                                  26735592.726 9 140496423.007 9     -2446.010 9        56.775 9  26735592.726 9 140496423.007 9     -2446.010 9        56.775 9
E20                                                                  27916941.604 9 146704438.560 9     -1723.853 9        56.399 9  27916941.604 9 146704438.560 9     -1723.853 9        56.399 9
E09                                                                  24926650.622 9 130990384.410 9      2528.542 9        57.383 9  24926650.622 9 130990384.410 9      2528.542 9        57.383 9
E10                                                                  23771041.699 9 124917631.235 9       -70.428 9        57.796 9  23771041.699 9 124917631.235 9       -70.428 9        57.796 9
E03                                                                  24987370.121 9 131309474.488 9      1933.536 9        57.362 9  24987370.121 9 131309474.488 9      1933.536 9        57.362 9
> 2026 02 03 10 03 43.0000000  0 17       0.000000000000
G02  20316119.148 9 106761905.519 9      -445.461 9        56.047 9                                                                  20316119.148 8 106761905.519 8      -445.461 8        53.047 8
G13  25194260.137 9 132396661.732 9      1155.339 9        54.178 9                                                                  25194260.137 8 132396661.732 8      1155.339 8        51.178 8
G29  24794316.092 9 130294963.285 9      3074.443 9        54.317 9                                                                  24794316.092 8 130294963.285 8      3074.443 8        51.317 8
G10  22273295.954 9 117046925.874 9      3196.330 9        55.248 9                                                                  22273295.954 8 117046925.874 8      3196.330 8        52.248 8
G12  20799094.642 9 109299957.224 9        70.736 9        55.843 9                                                                  20799094.642 8 109299957.224 8        70.736 8        52.843 8
G17  24782774.900 9 130234292.283 9     -2970.736 9        54.321 9                                                                  24782774.900 8 130234292.283 8     -2970.736 8        51.321 8
G24  24257205.626 9 127472428.042 9      3031.569 9        54.507 9                                                                  24257205.626 8 127472428.042 8      3031.569 8        51.507 8
G30  22519025.417 9 118338245.342 9      2251.581 9        55.153 9                                                                  22519025.417 8 118338245.342 8      2251.581 8        52.153 8
G05  21242088.353 9 111627902.968 9       570.731 9        55.660 9                                                                  21242088.353 8 111627902.968 8       570.731 8        52.660 8
G04  22024712.943 9 115740616.489 9     -2504.952 9        55.346 9                                                                  22024712.943 8 115740616.489 8     -2504.952 8        52.346 8
E04                                                                  23388864.576 9 122909279.659 9      -190.284 9        57.936 9  23388864.576 9 122909279.659 9      -190.284 9        57.936 9
E05                                                                  26197148.066 9 137666877.446 9     -2084.381 9        56.951 9  26197148.066 9 137666877.446 9     -2084.381 9        56.951 9
E11                                                                  26736058.208 9 140498869.126 9     -2446.247 9        56.775 9  26736058.208 9 140498869.126 9     -2446.247 9        56.775 9
E20                                                                  27917269.671 9 146706162.556 9     -1724.151 9        56.399 9  27917269.671 9 146706162.556 9     -1724.151 9        56.399 9
E09                                                                  24926169.484 9 130987856.015 9      2528.258 9        57.383 9  24926169.484 9 130987856.015 9      2528.258 9        57.383 9
E10                                                                  23771055.145 9 124917701.896 9       -70.896 9        57.796 9  23771055.145 9 124917701.896 9       -70.896 9        57.796 9
E03                                                                  24987002.190 9 131307541.000 9      1933.442 9        57.362 9  24987002.190 9 131307541.000 9      1933.442 9        57.362 9
> 2026 02 03 10 03 44.0000000  0 17       0.000000000000
G02  20316203.953 9 106762351.173 9      -445.849 9        56.047 9                                                                  20316203.953 8 106762351.173 8      -445.849 8        53.047 8
G13  25194040.327 9 132395506.630 9      1154.876 9        54.178 9                                                                  25194040.327 8 132395506.630 8      1154.876 8        51.178 8
G29  24793731.042 9 130291888.830 9      3074.465 9        54.317 9                                                                  24793731.042 8 130291888.830 8      3074.465 8        51.317 8
G10  22272687.744 9 117043729.713 9      3196.000 9        55.249 9                                                                  22272687.744 8 117043729.713 8      3196.000 8        52.249 8
G12  20799081.245 9 109299886.820 9        70.070 9        55.843 9                                                                  20799081.245 8 109299886.820 8        70.070 8        52.843 8
G17  24783340.223 9 130237263.063 9     -2970.858 9        54.321 9                                                                  24783340.223 8 130237263.063 8     -2970.858 8        51.321 8
G24  24256628.753 9 127469396.558 9      3031.401 9        54.507 9                                                                  24256628.753 8 127469396.558 8      3031.401 8        51.507 8
G30  22518597.002 9 118335994.010 9      2251.082 9        55.153 9                                                                  22518597.002 8 118335994.010 8      2251.082 8        52.153 8
G05  21241979.809 9 111627332.567 9       570.070 9        55.660 9                                                                  21241979.809 8 111627332.567 8       570.070 8        52.660 8
G04  22025189.636 9 115743121.523 9     -2505.131 9        55.346 9                                                                  22025189.636 8 115743121.523 8     -2505.131 8        52.346 8
E04                                                                  23388900.810 9 122909470.068 9      -190.536 9        57.936 9  23388900.810 9 122909470.068 9      -190.536 9        57.936 9
E05                                                                  26197544.726 9 137668961.902 9     -2084.551 9        56.951 9  26197544.726 9 137668961.902 9     -2084.551 9        56.951 9
E11                                                                  26736523.736 9 140501315.482 9     -2446.484 9        56.774 9  26736523.736 9 140501315.482 9     -2446.484 9        56.774 9
E20                                                                  27917597.795 9 146707886.850 9     -1724.450 9        56.399 9  27917597.795 9 146707886.850 9     -1724.450 9        56.399 9
E09                                                                  24925688.399 9 130985327.904 9      2527.974 9        57.384 9  24925688.399 9 130985327.904 9      2527.974 9        57.384 9
E10                                                                  23771068.681 9 124917773.027 9       -71.365 9        57.795 9  23771068.681 9 124917773.027 9       -71.365 9        57.795 9
E03                                                                  24986634.277 9 131305607.605 9      1933.349 9        57.362 9  24986634.277 9 131305607.605 9      1933.349 9        57.362 9
> 2026 02 03 10 03 45.0000000  0 17       0.000000000000
G02  20316288.832 9 106762797.216 9      -446.238 9        56.047 9                                                                  20316288.832 8 106762797.216 8      -446.238 8        53.047 8
G13  25193820.606 9 132394351.991 9      1154.413 9        54.178 9                                                                  25193820.606 8 132394351.991 8      1154.413 8        51.178 8
G29  24793145.988 9 130288814.353 9      3074.487 9        54.317 9                                                                  24793145.988 8 130288814.353 8      3074.487 8        51.317 8
G10  22272079.597 9 117040533.883 9      3195.670 9        55.249 9                                                                  22272079.597 8 117040533.883 8      3195.670 8        52.249 8
G12  20799067.974 9 109299817.083 9        69.404 9        55.843 9                                                                  20799067.974 8 109299817.083 8        69.404 8        52.843 8
G17  24783905.569 9 130240233.966 9     -2970.980 9        54.321 9                                                                  24783905.569 8 130240233.966 8     -2970.980 8        51.321 8
G24  24256051.912 9 127466365.240 9      3031.233 9        54.508 9                                                                  24256051.912 8 127466365.240 8      3031.233 8        51.508 8
G30  22518168.683 9 118333743.177 9      2250.584 9        55.153 9                                                                  22518168.683 8 118333743.177 8      2250.584 8        52.153 8
G05  21241871.391 9 111626762.826 9       569.410 9        55.660 9                                                                  21241871.391 8 111626762.826 8       569.410 8        52.660 8
G04  22025666.363 9 115745626.737 9     -2505.309 9        55.345 9                                                                  22025666.363 8 115745626.737 8     -2505.309 8        52.345 8
E04                                                                  23388937.091 9 122909660.729 9      -190.787 9        57.936 9  23388937.091 9 122909660.729 9      -190.787 9        57.936 9
E05                                                                  26197941.419 9 137671046.527 9     -2084.721 9        56.951 9  26197941.419 9 137671046.527 9     -2084.721 9        56.951 9
E11                                                                  26736989.308 9 140503762.074 9     -2446.720 9        56.774 9  26736989.308 9 140503762.074 9     -2446.720 9        56.774 9
E20                                                                  27917925.975 9 146709611.443 9     -1724.748 9        56.399 9  27917925.975 9 146709611.443 9     -1724.748 9        56.399 9
E09                                                                  24925207.369 9 130982800.077 9      2527.690 9        57.384 9  24925207.369 9 130982800.077 9      2527.690 9        57.384 9
E10                                                                  23771082.306 9 124917844.626 9       -71.833 9        57.795 9  23771082.306 9 124917844.626 9       -71.833 9        57.795 9
E03                                                                  24986266.382 9 131303674.304 9      1933.255 9        57.362 9  24986266.382 9 131303674.304 9      1933.255 9        57.362 9
> 2026 02 03 10 03 46.0000000  0 17       0.000000000000
G02  20316373.785 9 106763243.647 9      -446.626 9        56.047 9                                                                  20316373.785 8 106763243.647 8      -446.626 8        53.047 8
G13  25193600.973 9 132393197.814 9      1153.950 9        54.178 9                                                                  25193600.973 8 132393197.814 8      1153.950 8        51.178 8
G29  24792560.930 9 130285739.854 9      3074.509 9        54.318 9                                                                  24792560.930 8 130285739.854 8      3074.509 8        51.318 8
G10  22271471.513 9 117037338.382 9      3195.340 9        55.249 9                                                                  22271471.513 8 117037338.382 8      3195.340 8        52.249 8
G12  20799054.831 9 109299748.011 9        68.738 9        55.843 9                                                                  20799054.831 8 109299748.011 8        68.738 8        52.843 8
G17  24784470.939 9 130243204.991 9     -2971.103 9        54.320 9                                                                  24784470.939 8 130243204.991 8     -2971.103 8        51.320 8
G24  24255475.103 9 127463334.092 9      3031.065 9        54.508 9                                                                  24255475.103 8 127463334.092 8      3031.065 8        51.508 8
G30  22517740.458 9 118331492.842 9      2250.085 9        55.154 9                                                                  22517740.458 8 118331492.842 8      2250.085 8        52.154 8
G05  21241763.099 9 111626193.746 9       568.749 9        55.660 9                                                                  21241763.099 8 111626193.746 8       568.749 8        52.660 8
G04  22026143.124 9 115748132.129 9     -2505.488 9        55.345 9                                                                  22026143.124 8 115748132.129 8     -2505.488 8        52.345 8
E04                                                                  23388973.421 9 122909851.641 9      -191.039 9        57.936 9  23388973.421 9 122909851.641 9      -191.039 9        57.936 9
E05                                                                  26198338.144 9 137673131.323 9     -2084.891 9        56.951 9  26198338.144 9 137673131.323 9     -2084.891 9        56.951 9
E11                                                                  26737454.926 9 140506208.902 9     -2446.956 9        56.774 9  26737454.926 9 140506208.902 9     -2446.956 9        56.774 9
E20                                                                  27918254.213 9 146711336.333 9     -1725.046 9        56.399 9  27918254.213 9 146711336.333 9     -1725.046 9        56.399 9
E09                                                                  24924726.392 9 130980272.533 9      2527.406 9        57.384 9  24924726.392 9 130980272.533 9      2527.406 9        57.384 9
E10                                                                  23771096.020 9 124917916.694 9       -72.302 9        57.795 9  23771096.020 9 124917916.694 9       -72.302 9        57.795 9
E03                                                                  24985898.504 9 131301741.097 9      1933.161 9        57.363 9  24985898.504 9 131301741.097 9      1933.161 9        57.363 9
> 2026 02 03 10 03 47.0000000  0 17       0.000000000000
G02  20316458.812 9 106763690.465 9      -447.014 9        56.047 9                                                                  20316458.812 8 106763690.465 8      -447.014 8        53.047 8
G13  25193381.427 9 132392044.100 9      1153.487 9        54.178 9                                                                  25193381.427 8 132392044.100 8      1153.487 8        51.178 8
G29  24791975.868 9 130282665.333 9      3074.531 9        54.318 9                                                                  24791975.868 8 130282665.333 8      3074.531 8        51.318 8
G10  22270863.491 9 117034143.211 9      3195.010 9        55.249 9                                                                  22270863.491 8 117034143.211 8      3195.010 8        52.249 8
G12  20799041.814 9 109299679.605 9        68.072 9        55.843 9                                                                  20799041.814 8 109299679.605 8        68.072 8        52.843 8
G17  24785036.332 9 130246176.138 9     -2971.225 9        54.320 9                                                                  24785036.332 8 130246176.138 8     -2971.225 8        51.320 8
G24  24254898.325 9 127460303.110 9      3030.898 9        54.508 9                                                                  24254898.325 8 127460303.110 8      3030.898 8        51.508 8
G30  22517312.328 9 118329243.006 9      2249.587 9        55.154 9                                                                  22517312.328 8 118329243.006 8      2249.587 8        52.154 8
G05  21241654.933 9 111625625.326 9       568.089 9        55.660 9                                                                  21241654.933 8 111625625.326 8       568.089 8        52.660 8
G04  22026619.920 9 115750637.700 9     -2505.667 9        55.345 9                                                                  22026619.920 8 115750637.700 8     -2505.667 8        52.345 8
E04                                                                  23389009.798 9 122910042.805 9      -191.291 9        57.936 9  23389009.798 9 122910042.805 9      -191.291 9        57.936 9
E05                                                                  26198734.901 9 137675216.288 9     -2085.060 9        56.951 9  26198734.901 9 137675216.288 9     -2085.060 9        56.951 9
E11                                                                  26737920.588 9 140508655.967 9     -2447.193 9        56.774 9  26737920.588 9 140508655.967 9     -2447.193 9        56.774 9
E20                                                                  27918582.507 9 146713061.522 9     -1725.345 9        56.399 9  27918582.507 9 146713061.522 9     -1725.345 9        56.399 9
E09                                                                  24924245.470 9 130977745.274 9      2527.122 9        57.384 9  24924245.470 9 130977745.274 9      2527.122 9        57.384 9
E10                                                                  23771109.823 9 124917989.230 9       -72.770 9        57.795 9  23771109.823 9 124917989.230 9       -72.770 9        57.795 9
E03                                                                  24985530.645 9 131299807.984 9      1933.067 9        57.363 9  24985530.645 9 131299807.984 9      1933.067 9        57.363 9
> 2026 02 03 10 03 48.0000000  0 17       0.000000000000
G02  20316543.913 9 106764137.672 9      -447.402 9        56.047 9                                                                  20316543.913 8 106764137.672 8      -447.402 8        53.047 8
G13  25193161.970 9 132390890.850 9      1153.024 9        54.178 9                                                                  25193161.970 8 132390890.850 8      1153.024 8        51.178 8
G29  24791390.801 9 130279590.789 9      3074.553 9        54.318 9                                                                  24791390.801 8 130279590.789 8      3074.553 8        51.318 8
G10  22270255.532 9 117030948.371 9      3194.679 9        55.250 9                                                                  22270255.532 8 117030948.371 8      3194.679 8        52.250 8
G12  20799028.923 9 109299611.866 9        67.406 9        55.843 9                                                                  20799028.923 8 109299611.866 8        67.406 8        52.843 8
G17  24785601.748 9 130249147.408 9     -2971.347 9        54.320 9                                                                  24785601.748 8 130249147.408 8     -2971.347 8        51.320 8
G24  24254321.580 9 127457272.297 9      3030.729 9        54.508 9                                                                  24254321.580 8 127457272.297 8      3030.729 8        51.508 8
G30  22516884.293 9 118326993.668 9      2249.088 9        55.154 9                                                                  22516884.293 8 118326993.668 8      2249.088 8        52.154 8
G05  21241546.892 9 111625057.567 9       567.428 9        55.660 9                                                                  21241546.892 8 111625057.567 8       567.428 8        52.660 8
G04  22027096.749 9 115753143.449 9     -2505.845 9        55.345 9                                                                  22027096.749 8 115753143.449 8     -2505.845 8        52.345 8
E04                                                                  23389046.224 9 122910234.220 9      -191.542 9        57.936 9  23389046.224 9 122910234.220 9      -191.542 9        57.936 9
E05                                                                  26199131.691 9 137677301.424 9     -2085.231 9        56.951 9  26199131.691 9 137677301.424 9     -2085.231 9        56.951 9
E11                                                                  26738386.295 9 140511103.268 9     -2447.429 9        56.774 9  26738386.295 9 140511103.268 9     -2447.429 9        56.774 9
E20                                                                  27918910.858 9 146714787.009 9     -1725.643 9        56.399 9  27918910.858 9 146714787.009 9     -1725.643 9        56.399 9
E09                                                                  24923764.601 9 130975218.299 9      2526.838 9        57.384 9  24923764.601 9 130975218.299 9      2526.838 9        57.384 9
E10                                                                  23771123.715 9 124918062.235 9       -73.239 9        57.795 9  23771123.715 9 124918062.235 9       -73.239 9        57.795 9
E03                                                                  24985162.803 9 131297874.964 9      1932.973 9        57.363 9  24985162.803 9 131297874.964 9      1932.973 9        57.363 9
> 2026 02 03 10 03 49.0000000  0 17       0.000000000000
G02  20316629.088 9 106764585.267 9      -447.790 9        56.047 9                                                                  20316629.088 8 106764585.267 8      -447.790 8        53.047 8
G13  25192942.601 9 132389738.062 9      1152.561 9        54.178 9                                                                  25192942.601 8 132389738.062 8      1152.561 8        51.178 8
G29  24790805.731 9 130276516.224 9      3074.575 9        54.318 9                                                                  24790805.731 8 130276516.224 8      3074.575 8        51.318 8
G10  22269647.637 9 117027753.861 9      3194.349 9        55.250 9                                                                  22269647.637 8 117027753.861 8      3194.349 8        52.250 8
G12  20799016.160 9 109299544.792 9        66.740 9        55.843 9                                                                  20799016.160 8 109299544.792 8        66.740 8        52.843 8
G17  24786167.188 9 130252118.800 9     -2971.469 9        54.320 9                                                                  24786167.188 8 130252118.800 8     -2971.469 8        51.320 8
G24  24253744.867 9 127454241.652 9      3030.562 9        54.508 9                                                                  24253744.867 8 127454241.652 8      3030.562 8        51.508 8
G30  22516456.353 9 118324744.829 9      2248.590 9        55.154 9                                                                  22516456.353 8 118324744.829 8      2248.590 8        52.154 8
G05  21241438.976 9 111624490.468 9       566.768 9        55.660 9                                                                  21241438.976 8 111624490.468 8       566.768 8        52.660 8
G04  22027573.612 9 115755649.377 9     -2506.024 9        55.345 9                                                                  22027573.612 8 115755649.377 8     -2506.024 8        52.345 8
E04                                                                  23389082.697 9 122910425.888 9      -191.794 9        57.936 9  23389082.697 9 122910425.888 9      -191.794 9        57.936 9
E05                                                                  26199528.513 9 137679386.729 9     -2085.400 9        56.951 9  26199528.513 9 137679386.729 9     -2085.400 9        56.951 9
E11                                                                  26738852.048 9 140513550.806 9     -2447.665 9        56.774 9  26738852.048 9 140513550.806 9     -2447.665 9        56.774 9
E20                                                                  27919239.265 9 146716512.795 9     -1725.941 9        56.398 9  27919239.265 9 146716512.795 9     -1725.941 9        56.398 9
E09                                                                  24923283.787 9 130972691.608 9      2526.554 9        57.384 9  24923283.787 9 130972691.608 9      2526.554 9        57.384 9
E10                                                                  23771137.697 9 124918135.708 9       -73.707 9        57.795 9  23771137.697 9 124918135.708 9       -73.707 9        57.795 9
E03                                                                  24984794.979 9 131295942.039 9      1932.879 9        57.363 9  24984794.979 9 131295942.039 9      1932.879 9        57.363 9
> 2026 02 03 10 03 50.0000000  0 17       0.000000000000
G02  20316714.336 9 106765033.250 9      -448.178 9        56.047 9                                                                  20316714.336 8 106765033.250 8      -448.178 8        53.047 8
G13  25192723.320 9 132388585.737 9      1152.098 9        54.179 9                                                                  25192723.320 8 132388585.737 8      1152.098 8        51.179 8
G29  24790220.656 9 130273441.637 9      3074.597 9        54.318 9                                                                  24790220.656 8 130273441.637 8      3074.597 8        51.318 8
G10  22269039.804 9 117024559.682 9      3194.018 9        55.250 9                                                                  22269039.804 8 117024559.682 8      3194.018 8        52.250 8
G12  20799003.523 9 109299478.385 9        66.074 9        55.843 9                                                                  20799003.523 8 109299478.385 8        66.074 8        52.843 8
G17  24786732.651 9 130255090.313 9     -2971.592 9        54.320 9                                                                  24786732.651 8 130255090.313 8     -2971.592 8        51.320 8
G24  24253168.186 9 127451211.175 9      3030.393 9        54.509 9                                                                  24253168.186 8 127451211.175 8      3030.393 8        51.509 8
G30  22516028.508 9 118322496.488 9      2248.091 9        55.154 9                                                                  22516028.508 8 118322496.488 8      2248.091 8        52.154 8
G05  21241331.187 9 111623924.030 9       566.107 9        55.660 9                                                                  21241331.187 8 111623924.030 8       566.107 8        52.660 8
G04  22028050.509 9 115758155.484 9     -2506.202 9        55.345 9                                                                  22028050.509 8 115758155.484 8     -2506.202 8        52.345 8
E04                                                                  23389119.218 9 122910617.807 9      -192.046 9        57.936 9  23389119.218 9 122910617.807 9      -192.046 9        57.936 9
E05                                                                  26199925.367 9 137681472.205 9     -2085.570 9        56.950 9  26199925.367 9 137681472.205 9     -2085.570 9        56.950 9
E11                                                                  26739317.845 9 140515998.579 9     -2447.901 9        56.773 9  26739317.845 9 140515998.579 9     -2447.901 9        56.773 9
E20                                                                  27919567.730 9 146718238.878 9     -1726.239 9        56.398 9  27919567.730 9 146718238.878 9     -1726.239 9        56.398 9
E09                                                                  24922803.027 9 130970165.200 9      2526.270 9        57.385 9  24922803.027 9 130970165.200 9      2526.270 9        57.385 9
E10                                                                  23771151.767 9 124918209.649 9       -74.176 9        57.795 9  23771151.767 9 124918209.649 9       -74.176 9        57.795 9
E03                                                                  24984427.173 9 131294009.207 9      1932.786 9        57.363 9  24984427.173 9 131294009.207 9      1932.786 9        57.363 9
> 2026 02 03 10 03 51.0000000  0 17       0.000000000000
G02  20316799.659 9 106765481.621 9      -448.566 9        56.047 9                                                                  20316799.659 8 106765481.621 8      -448.566 8        53.047 8
G13  25192504.128 9 132387433.876 9      1151.635 9        54.179 9                                                                  25192504.128 8 132387433.876 8      1151.635 8        51.179 8
G29  24789635.577 9 130270367.027 9      3074.619 9        54.319 9                                                                  24789635.577 8 130270367.027 8      3074.619 8        51.319 8
G10  22268432.034 9 117021365.833 9      3193.688 9        55.250 9                                                                  22268432.034 8 117021365.833 8      3193.688 8        52.250 8
G12  20798991.013 9 109299412.643 9        65.408 9        55.843 9                                                                  20798991.013 8 109299412.643 8        65.408 8        52.843 8
G17  24787298.137 9 130258061.950 9     -2971.714 9        54.319 9                                                                  24787298.137 8 130258061.950 8     -2971.714 8        51.319 8
G24  24252591.536 9 127448180.866 9      3030.225 9        54.509 9                                                                  24252591.536 8 127448180.866 8      3030.225 8        51.509 8
G30  22515600.757 9 118320248.647 9      2247.592 9        55.154 9                                                                  22515600.757 8 118320248.647 8      2247.592 8        52.154 8
G05  21241223.523 9 111623358.252 9       565.446 9        55.660 9                                                                  21241223.523 8 111623358.252 8       565.446 8        52.660 8
G04  22028527.440 9 115760661.769 9     -2506.381 9        55.344 9                                                                  22028527.440 8 115760661.769 8     -2506.381 8        52.344 8
E04                                                                  23389155.787 9 122910809.978 9      -192.298 9        57.936 9  23389155.787 9 122910809.978 9      -192.298 9        57.936 9
E05                                                                  26200322.254 9 137683557.850 9     -2085.740 9        56.950 9  26200322.254 9 137683557.850 9     -2085.740 9        56.950 9
E11                                                                  26739783.687 9 140518446.589 9     -2448.138 9        56.773 9  26739783.687 9 140518446.589 9     -2448.138 9        56.773 9
E20                                                                  27919896.251 9 146719965.259 9     -1726.537 9        56.398 9  27919896.251 9 146719965.259 9     -1726.537 9        56.398 9
E09                                                                  24922322.321 9 130967639.077 9      2525.986 9        57.385 9  24922322.321 9 130967639.077 9      2525.986 9        57.385 9
E10                                                                  23771165.927 9 124918284.060 9       -74.644 9        57.795 9  23771165.927 9 124918284.060 9       -74.644 9        57.795 9
E03                                                                  24984059.385 9 131292076.469 9      1932.692 9        57.363 9  24984059.385 9 131292076.469 9      1932.692 9        57.363 9
> 2026 02 03 10 03 52.0000000  0 17       0.000000000000
G02  20316885.055 9 106765930.380 9      -448.954 9        56.047 9                                                                  20316885.055 8 106765930.380 8      -448.954 8        53.047 8
G13  25192285.023 9 132386282.477 9      1151.172 9        54.179 9                                                                  25192285.023 8 132386282.477 8      1151.172 8        51.179 8
G29  24789050.493 9 130267292.396 9      3074.641 9        54.319 9                                                                  24789050.493 8 130267292.396 8      3074.641 8        51.319 8
G10  22267824.327 9 117018172.315 9      3193.357 9        55.250 9                                                                  22267824.327 8 117018172.315 8      3193.357 8        52.250 8
G12  20798978.630 9 109299347.568 9        64.741 9        55.843 9                                                                  20798978.630 8 109299347.568 8        64.741 8        52.843 8
G17  24787863.646 9 130261033.708 9     -2971.836 9        54.319 9                                                                  24787863.646 8 130261033.708 8     -2971.836 8        51.319 8
G24  24252014.919 9 127445150.725 9      3030.057 9        54.509 9                                                                  24252014.919 8 127445150.725 8      3030.057 8        51.509 8
G30  22515173.102 9 118318001.304 9      2247.093 9        55.155 9                                                                  22515173.102 8 118318001.304 8      2247.093 8        52.155 8
G05  21241115.985 9 111622793.135 9       564.786 9        55.661 9                                                                  21241115.985 8 111622793.135 8       564.786 8        52.661 8
G04  22029004.405 9 115763168.232 9     -2506.559 9        55.344 9                                                                  22029004.405 8 115763168.232 8     -2506.559 8        52.344 8
E04                                                                  23389192.404 9 122911002.400 9      -192.549 9        57.936 9  23389192.404 9 122911002.400 9      -192.549 9        57.936 9
E05                                                                  26200719.173 9 137685643.665 9     -2085.910 9        56.950 9  26200719.173 9 137685643.665 9     -2085.910 9        56.950 9
E11                                                                  26740249.575 9 140520894.835 9     -2448.373 9        56.773 9  26740249.575 9 140520894.835 9     -2448.373 9        56.773 9
E20                                                                  27920224.828 9 146721691.938 9     -1726.835 9        56.398 9  27920224.828 9 146721691.938 9     -1726.835 9        56.398 9
E09                                                                  24921841.669 9 130965113.239 9      2525.701 9        57.385 9  24921841.669 9 130965113.239 9      2525.701 9        57.385 9
E10                                                                  23771180.176 9 124918358.938 9       -75.113 9        57.795 9  23771180.176 9 124918358.938 9       -75.113 9        57.795 9
E03                                                                  24983691.615 9 131290143.825 9      1932.598 9        57.363 9  24983691.615 9 131290143.825 9      1932.598 9        57.363 9
> 2026 02 03 10 03 53.0000000  0 17       0.000000000000
G02  20316970.525 9 106766379.527 9      -449.342 9        56.047 9                                                                  20316970.525 8 106766379.527 8      -449.342 8        53.047 8
G13  25192066.007 9 132385131.542 9      1150.708 9        54.179 9                                                                  25192066.007 8 132385131.542 8      1150.708 8        51.179 8
G29  24788465.406 9 130264217.743 9      3074.663 9        54.319 9                                                                  24788465.406 8 130264217.743 8      3074.663 8        51.319 8
G10  22267216.682 9 117014979.127 9      3193.026 9        55.251 9                                                                  22267216.682 8 117014979.127 8      3193.026 8        52.251 8
G12  20798966.373 9 109299283.158 9        64.075 9        55.843 9                                                                  20798966.373 8 109299283.158 8        64.075 8        52.843 8
G17  24788429.179 9 130264005.589 9     -2971.958 9        54.319 9                                                                  24788429.179 8 130264005.589 8     -2971.958 8        51.319 8
G24  24251438.334 9 127442120.752 9      3029.889 9        54.509 9                                                                  24251438.334 8 127442120.752 8      3029.889 8        51.509 8
G30  22514745.541 9 118315754.460 9      2246.594 9        55.155 9                                                                  22514745.541 8 118315754.460 8      2246.594 8        52.155 8
G05  21241008.573 9 111622228.679 9       564.125 9        55.661 9                                                                  21241008.573 8 111622228.679 8       564.125 8        52.661 8
G04  22029481.404 9 115765674.873 9     -2506.737 9        55.344 9                                                                  22029481.404 8 115765674.873 8     -2506.737 8        52.344 8
E04                                                                  23389229.069 9 122911195.075 9      -192.801 9        57.936 9  23389229.069 9 122911195.075 9      -192.801 9        57.936 9
E05                                                                  26201116.124 9 137687729.650 9     -2086.080 9        56.950 9  26201116.124 9 137687729.650 9     -2086.080 9        56.950 9
E11                                                                  26740715.507 9 140523343.317 9     -2448.609 9        56.773 9  26740715.507 9 140523343.317 9     -2448.609 9        56.773 9
E20                                                                  27920553.463 9 146723418.915 9     -1727.132 9        56.398 9  27920553.463 9 146723418.915 9     -1727.132 9        56.398 9
E09                                                                  24921361.071 9 130962587.684 9      2525.417 9        57.385 9  24921361.071 9 130962587.684 9      2525.417 9        57.385 9
E10                                                                  23771194.514 9 124918434.286 9       -75.581 9        57.795 9  23771194.514 9 124918434.286 9       -75.581 9        57.795 9
E03                                                                  24983323.862 9 131288211.276 9      1932.504 9        57.363 9  24983323.862 9 131288211.276 9      1932.504 9        57.363 9
> 2026 02 03 10 03 54.0000000  0 17       0.000000000000
G02  20317056.069 9 106766829.062 9      -449.730 9        56.047 9                                                                  20317056.069 8 106766829.062 8      -449.730 8        53.047 8
G13  25191847.079 9 132383981.071 9      1150.245 9        54.179 9                                                                  25191847.079 8 132383981.071 8      1150.245 8        51.179 8
G29  24787880.314 9 130261143.068 9      3074.685 9        54.319 9                                                                  24787880.314 8 130261143.068 8      3074.685 8        51.319 8
G10  22266609.101 9 117011786.271 9      3192.695 9        55.251 9                                                                  22266609.101 8 117011786.271 8      3192.695 8        52.251 8
G12  20798954.244 9 109299219.415 9        63.409 9        55.843 9                                                                  20798954.244 8 109299219.415 8        63.409 8        52.843 8
G17  24788994.734 9 130266977.591 9     -2972.080 9        54.319 9                                                                  24788994.734 8 130266977.591 8     -2972.080 8        51.319 8
G24  24250861.780 9 127439090.947 9      3029.721 9        54.510 9                                                                  24250861.780 8 127439090.947 8      3029.721 8        51.510 8
G30  22514318.076 9 118313508.116 9      2246.095 9        55.155 9                                                                  22514318.076 8 118313508.116 8      2246.095 8        52.155 8
G05  21240901.286 9 111621664.884 9       563.464 9        55.661 9                                                                  21240901.286 8 111621664.884 8       563.464 8        52.661 8
G04  22029958.437 9 115768181.693 9     -2506.915 9        55.344 9                                                                  22029958.437 8 115768181.693 8     -2506.915 8        52.344 8
E04                                                                  23389265.782 9 122911388.001 9      -193.053 9        57.936 9  23389265.782 9 122911388.001 9      -193.053 9        57.936 9
E05                                                                  26201513.107 9 137689815.805 9     -2086.250 9        56.950 9  26201513.107 9 137689815.805 9     -2086.250 9        56.950 9
E11                                                                  26741181.484 9 140525792.035 9     -2448.845 9        56.773 9  26741181.484 9 140525792.035 9     -2448.845 9        56.773 9
E20                                                                  27920882.154 9 146725146.189 9     -1727.430 9        56.398 9  27920882.154 9 146725146.189 9     -1727.430 9        56.398 9
E09                                                                  24920880.527 9 130960062.414 9      2525.133 9        57.385 9  24920880.527 9 130960062.414 9      2525.133 9        57.385 9
E10                                                                  23771208.941 9 124918510.101 9       -76.050 9        57.795 9  23771208.941 9 124918510.101 9       -76.050 9        57.795 9
E03                                                                  24982956.128 9 131286278.820 9      1932.410 9        57.364 9  24982956.128 9 131286278.820 9      1932.410 9        57.364 9
> 2026 02 03 10 03 55.0000000  0 17       0.000000000000
G02  20317141.686 9 106767278.984 9      -450.117 9        56.047 9                                                                  20317141.686 8 106767278.984 8      -450.117 8        53.047 8
G13  25191628.239 9 132382831.063 9      1149.782 9        54.179 9                                                                  25191628.239 8 132382831.063 8      1149.782 8        51.179 8
G29  24787295.218 9 130258068.371 9      3074.707 9        54.319 9                                                                  24787295.218 8 130258068.371 8      3074.707 8        51.319 8
G10  22266001.583 9 117008593.745 9      3192.364 9        55.251 9                                                                  22266001.583 8 117008593.745 8      3192.364 8        52.251 8
G12  20798942.241 9 109299156.338 9        62.743 9        55.843 9                                                                  20798942.241 8 109299156.338 8        62.743 8        52.843 8
G17  24789560.314 9 130269949.716 9     -2972.202 9        54.319 9                                                                  24789560.314 8 130269949.716 8     -2972.202 8        51.319 8
G24  24250285.259 9 127436061.311 9      3029.553 9        54.510 9                                                                  24250285.259 8 127436061.311 8      3029.553 8        51.510 8
G30  22513890.705 9 118311262.271 9      2245.596 9        55.155 9                                                                  22513890.705 8 118311262.271 8      2245.596 8        52.155 8
G05  21240794.125 9 111621101.749 9       562.804 9        55.661 9                                                                  21240794.125 8 111621101.749 8       562.804 8        52.661 8
G04  22030435.504 9 115770688.691 9     -2507.094 9        55.344 9                                                                  22030435.504 8 115770688.691 8     -2507.094 8        52.344 8
E04                                                                  23389302.542 9 122911581.180 9      -193.305 9        57.936 9  23389302.542 9 122911581.180 9      -193.305 9        57.936 9
E05                                                                  26201910.123 9 137691902.131 9     -2086.420 9        56.950 9  26201910.123 9 137691902.131 9     -2086.420 9        56.950 9
E11                                                                  26741647.506 9 140528240.989 9     -2449.081 9        56.773 9  26741647.506 9 140528240.989 9     -2449.081 9        56.773 9
E20                                                                  27921210.902 9 146726873.761 9     -1727.728 9        56.398 9  27921210.902 9 146726873.761 9     -1727.728 9        56.398 9
E09                                                                  24920400.037 9 130957537.428 9      2524.849 9        57.385 9  24920400.037 9 130957537.428 9      2524.849 9        57.385 9
E10                                                                  23771223.458 9 124918586.385 9       -76.518 9        57.795 9  23771223.458 9 124918586.385 9       -76.518 9        57.795 9
E03                                                                  24982588.411 9 131284346.458 9      1932.316 9        57.364 9  24982588.411 9 131284346.458 9      1932.316 9        57.364 9
> 2026 02 03 10 03 56.0000000  0 17       0.000000000000
G02  20317227.378 9 106767729.294 9      -450.505 9        56.047 9                                                                  20317227.378 8 106767729.294 8      -450.505 8        53.047 8
G13  25191409.487 9 132381681.518 9      1149.318 9        54.179 9                                                                  25191409.487 8 132381681.518 8      1149.318 8        51.179 8
G29  24786710.118 9 130254993.652 9      3074.729 9        54.320 9                                                                  24786710.118 8 130254993.652 8      3074.729 8        51.320 8
G10  22265394.128 9 117005401.551 9      3192.033 9        55.251 9                                                                  22265394.128 8 117005401.551 8      3192.033 8        52.251 8
G12  20798930.364 9 109299093.927 9        62.077 9        55.843 9                                                                  20798930.364 8 109299093.927 8        62.077 8        52.843 8
G17  24790125.916 9 130272921.963 9     -2972.324 9        54.318 9                                                                  24790125.916 8 130272921.963 8     -2972.324 8        51.318 8
G24  24249708.770 9 127433031.843 9      3029.385 9        54.510 9                                                                  24249708.770 8 127433031.843 8      3029.385 8        51.510 8
G30  22513463.430 9 118309016.925 9      2245.096 9        55.155 9                                                                  22513463.430 8 118309016.925 8      2245.096 8        52.155 8
G05  21240687.090 9 111620539.275 9       562.143 9        55.661 9                                                                  21240687.090 8 111620539.275 8       562.143 8        52.661 8
G04  22030912.604 9 115773195.867 9     -2507.272 9        55.343 9                                                                  22030912.604 8 115773195.867 8     -2507.272 8        52.343 8
E04                                                                  23389339.351 9 122911774.610 9      -193.557 9        57.936 9  23389339.351 9 122911774.610 9      -193.557 9        57.936 9
E05                                                                  26202307.172 9 137693988.626 9     -2086.590 9        56.950 9  26202307.172 9 137693988.626 9     -2086.590 9        56.950 9
E11                                                                  26742113.572 9 140530690.178 9     -2449.317 9        56.773 9  26742113.572 9 140530690.178 9     -2449.317 9        56.773 9
E20                                                                  27921539.706 9 146728601.631 9     -1728.025 9        56.398 9  27921539.706 9 146728601.631 9     -1728.025 9        56.398 9
E09                                                                  24919919.601 9 130955012.727 9      2524.564 9        57.386 9  24919919.601 9 130955012.727 9      2524.564 9        57.386 9
E10                                                                  23771238.063 9 124918663.138 9       -76.987 9        57.795 9  23771238.063 9 124918663.138 9       -76.987 9        57.795 9
E03                                                                  24982220.712 9 131282414.191 9      1932.221 9        57.364 9  24982220.712 9 131282414.191 9      1932.221 9        57.364 9
> 2026 02 03 10 03 57.0000000  0 17       0.000000000000
G02  20317313.143 9 106768179.992 9      -450.893 9        56.047 9                                                                  20317313.143 8 106768179.992 8      -450.893 8        53.047 8
G13  25191190.823 9 132380532.437 9      1148.854 9        54.179 9                                                                  25191190.823 8 132380532.437 8      1148.854 8        51.179 8
G29  24786125.014 9 130251918.911 9      3074.751 9        54.320 9                                                                  24786125.014 8 130251918.911 8      3074.751 8        51.320 8
G10  22264786.736 9 117002209.687 9      3191.702 9        55.252 9                                                                  22264786.736 8 117002209.687 8      3191.702 8        52.252 8
G12  20798918.615 9 109299032.182 9        61.411 9        55.843 9                                                                  20798918.615 8 109299032.182 8        61.411 8        52.843 8
G17  24790691.541 9 130275894.332 9     -2972.447 9        54.318 9                                                                  24790691.541 8 130275894.332 8     -2972.447 8        51.318 8
G24  24249132.312 9 127430002.542 9      3029.216 9        54.510 9                                                                  24249132.312 8 127430002.542 8      3029.216 8        51.510 8
G30  22513036.249 9 118306772.078 9      2244.597 9        55.155 9                                                                  22513036.249 8 118306772.078 8      2244.597 8        52.155 8
G05  21240580.180 9 111619977.461 9       561.482 9        55.661 9                                                                  21240580.180 8 111619977.461 8       561.482 8        52.661 8
G04  22031389.739 9 115775703.221 9     -2507.450 9        55.343 9                                                                  22031389.739 8 115775703.221 8     -2507.450 8        52.343 8
E04                                                                  23389376.208 9 122911968.292 9      -193.809 9        57.936 9  23389376.208 9 122911968.292 9      -193.809 9        57.936 9
E05                                                                  26202704.252 9 137696075.290 9     -2086.760 9        56.950 9  26202704.252 9 137696075.290 9     -2086.760 9        56.950 9
E11                                                                  26742579.684 9 140533139.603 9     -2449.553 9        56.772 9  26742579.684 9 140533139.603 9     -2449.553 9        56.772 9
E20                                                                  27921868.567 9 146730329.799 9     -1728.323 9        56.398 9  27921868.567 9 146730329.799 9     -1728.323 9        56.398 9
E09                                                                  24919439.220 9 130952488.310 9      2524.279 9        57.386 9  24919439.220 9 130952488.310 9      2524.279 9        57.386 9
E10                                                                  23771252.758 9 124918740.358 9       -77.455 9        57.795 9  23771252.758 9 124918740.358 9       -77.455 9        57.795 9
E03                                                                  24981853.032 9 131280482.017 9      1932.127 9        57.364 9  24981853.032 9 131280482.017 9      1932.127 9        57.364 9
> 2026 02 03 10 03 58.0000000  0 17       0.000000000000
G02  20317398.982 9 106768631.078 9      -451.281 9        56.047 9                                                                  20317398.982 8 106768631.078 8      -451.281 8        53.047 8
G13  25190972.248 9 132379383.820 9      1148.391 9        54.179 9                                                                  25190972.248 8 132379383.820 8      1148.391 8        51.179 8
G29  24785539.906 9 130248844.149 9      3074.772 9        54.320 9                                                                  24785539.906 8 130248844.149 8      3074.772 8        51.320 8
G10  22264179.407 9 116999018.155 9      3191.371 9        55.252 9                                                                  22264179.407 8 116999018.155 8      3191.371 8        52.252 8
G12  20798906.992 9 109298971.103 9        60.745 9        55.843 9                                                                  20798906.992 8 109298971.103 8        60.745 8        52.843 8
G17  24791257.190 9 130278866.823 9     -2972.569 9        54.318 9                                                                  24791257.190 8 130278866.823 8     -2972.569 8        51.318 8
G24  24248555.887 9 127426973.411 9      3029.048 9        54.510 9                                                                  24248555.887 8 127426973.411 8      3029.048 8        51.510 8
G30  22512609.164 9 118304527.730 9      2244.097 9        55.156 9                                                                  22512609.164 8 118304527.730 8      2244.097 8        52.156 8
G05  21240473.397 9 111619416.309 9       560.821 9        55.661 9                                                                  21240473.397 8 111619416.309 8       560.821 8        52.661 8
G04  22031866.907 9 115778210.753 9     -2507.628 9        55.343 9                                                                  22031866.907 8 115778210.753 8     -2507.628 8        52.343 8
E04                                                                  23389413.112 9 122912162.226 9      -194.061 9        57.936 9  23389413.112 9 122912162.226 9      -194.061 9        57.936 9
E05                                                                  26203101.365 9 137698162.126 9     -2086.930 9        56.949 9  26203101.365 9 137698162.126 9     -2086.930 9        56.949 9
E11                                                                  26743045.841 9 140535589.264 9     -2449.789 9        56.772 9  26743045.841 9 140535589.264 9     -2449.789 9        56.772 9
E20                                                                  27922197.484 9 146732058.263 9     -1728.620 9        56.397 9  27922197.484 9 146732058.263 9     -1728.620 9        56.397 9
E09                                                                  24918958.892 9 130949964.177 9      2523.995 9        57.386 9  24918958.892 9 130949964.177 9      2523.995 9        57.386 9
E10                                                                  23771267.541 9 124918818.047 9       -77.923 9        57.795 9  23771267.541 9 124918818.047 9       -77.923 9        57.795 9
E03                                                                  24981485.369 9 131278549.938 9      1932.033 9        57.364 9  24981485.369 9 131278549.938 9      1932.033 9        57.364 9
> 2026 02 03 10 03 59.0000000  0 17       0.000000000000
G02  20317484.895 9 106769082.551 9      -451.668 9        56.047 9                                                                  20317484.895 8 106769082.551 8      -451.668 8        53.047 8
G13  25190753.761 9 132378235.667 9      1147.927 9        54.179 9                                                                  25190753.761 8 132378235.667 8      1147.927 8        51.179 8
G29  24784954.794 9 130245769.365 9      3074.794 9        54.320 9                                                                  24784954.794 8 130245769.365 8      3074.794 8        51.320 8
G10  22263572.141 9 116995826.954 9      3191.039 9        55.252 9                                                                  22263572.141 8 116995826.954 8      3191.039 8        52.252 8
G12  20798895.496 9 109298910.691 9        60.079 9        55.843 9                                                                  20798895.496 8 109298910.691 8        60.079 8        52.843 8
G17  24791822.862 9 130281839.436 9     -2972.691 9        54.318 9                                                                  24791822.862 8 130281839.436 8     -2972.691 8        51.318 8
G24  24247979.494 9 127423944.447 9      3028.880 9        54.511 9                                                                  24247979.494 8 127423944.447 8      3028.880 8        51.511 8
G30  22512182.174 9 118302283.882 9      2243.598 9        55.156 9                                                                  22512182.174 8 118302283.882 8      2243.598 8        52.156 8
G05  21240366.739 9 111618855.817 9       560.160 9        55.661 9                                                                  21240366.739 8 111618855.817 8       560.160 8        52.661 8
G04  22032344.109 9 115780718.464 9     -2507.806 9        55.343 9                                                                  22032344.109 8 115780718.464 8     -2507.806 8        52.343 8
E04                                                                  23389450.065 9 122912356.412 9      -194.313 9        57.936 9  23389450.065 9 122912356.412 9      -194.313 9        57.936 9
E05                                                                  26203498.511 9 137700249.130 9     -2087.100 9        56.949 9  26203498.511 9 137700249.130 9     -2087.100 9        56.949 9
E11                                                                  26743512.042 9 140538039.161 9     -2450.024 9        56.772 9  26743512.042 9 140538039.161 9     -2450.024 9        56.772 9
E20                                                                  27922526.459 9 146733787.026 9     -1728.918 9        56.397 9  27922526.459 9 146733787.026 9     -1728.918 9        56.397 9
E09                                                                  24918478.619 9 130947440.330 9      2523.710 9        57.386 9  24918478.619 9 130947440.330 9      2523.710 9        57.386 9
E10                                                                  23771282.414 9 124918896.205 9       -78.392 9        57.795 9  23771282.414 9 124918896.205 9       -78.392 9        57.795 9
E03                                                                  24981117.724 9 131276617.953 9      1931.939 9        57.364 9  24981117.724 9 131276617.953 9      1931.939 9        57.364 9
> 2026 02 03 10 04  0.0000000  0 17       0.000000000000
G02  20317570.881 9 106769534.412 9      -452.056 9        56.047 9                                                                  20317570.881 8 106769534.412 8      -452.056 8        53.047 8
G13  25190535.362 9 132377087.977 9      1147.463 9        54.179 9                                                                  25190535.362 8 132377087.977 8      1147.463 8        51.179 8
G29  24784369.677 9 130242694.559 9      3074.816 9        54.321 9                                                                  24784369.677 8 130242694.559 8      3074.816 8        51.321 8
G10  22262964.938 9 116992636.085 9      3190.708 9        55.252 9                                                                  22262964.938 8 116992636.085 8      3190.708 8        52.252 8
G12  20798884.127 9 109298850.944 9        59.412 9        55.843 9                                                                  20798884.127 8 109298850.944 8        59.412 8        52.843 8
G17  24792388.557 9 130284812.171 9     -2972.813 9        54.318 9                                                                  24792388.557 8 130284812.171 8     -2972.813 8        51.318 8
G24  24247403.132 9 127420915.652 9      3028.711 9        54.511 9                                                                  24247403.132 8 127420915.652 8      3028.711 8        51.511 8
G30  22511755.278 9 118300040.534 9      2243.098 9        55.156 9                                                                  22511755.278 8 118300040.534 8      2243.098 8        52.156 8
G05  21240260.207 9 111618295.986 9       559.500 9        55.661 9                                                                  21240260.207 8 111618295.986 8       559.500 8        52.661 8
G04  22032821.346 9 115783226.352 9     -2507.984 9        55.343 9                                                                  22032821.346 8 115783226.352 8     -2507.984 8        52.343 8
E04                                                                  23389487.065 9 122912550.850 9      -194.565 9        57.936 9  23389487.065 9 122912550.850 9      -194.565 9        57.936 9
E05                                                                  26203895.688 9 137702336.305 9     -2087.270 9        56.949 9  26203895.688 9 137702336.305 9     -2087.270 9        56.949 9
E11                                                                  26743978.288 9 140540489.293 9     -2450.259 9        56.772 9  26743978.288 9 140540489.293 9     -2450.259 9        56.772 9
E20                                                                  27922855.489 9 146735516.085 9     -1729.215 9        56.397 9  27922855.489 9 146735516.085 9     -1729.215 9        56.397 9
E09                                                                  24917998.400 9 130944916.766 9      2523.426 9        57.386 9  24917998.400 9 130944916.766 9      2523.426 9        57.386 9
E10                                                                  23771297.376 9 124918974.831 9       -78.860 9        57.795 9  23771297.376 9 124918974.831 9       -78.860 9        57.795 9
E03                                                                  24980750.097 9 131274686.062 9      1931.844 9        57.364 9  24980750.097 9 131274686.062 9      1931.844 9        57.364 9
> 2026 02 03 10 04  1.0000000  0 17       0.000000000000
G02  20317656.941 9 106769986.661 9      -452.443 9        56.047 9                                                                  20317656.941 8 106769986.661 8      -452.443 8        53.047 8
G13  25190317.051 9 132375940.751 9      1146.999 9        54.179 9                                                                  25190317.051 8 132375940.751 8      1146.999 8        51.179 8
G29  24783784.556 9 130239619.731 9      3074.838 9        54.321 9                                                                  24783784.556 8 130239619.731 8      3074.838 8        51.321 8
G10  22262357.798 9 116989445.547 9      3190.376 9        55.253 9                                                                  22262357.798 8 116989445.547 8      3190.376 8        52.253 8
G12  20798872.884 9 109298791.864 9        58.746 9        55.843 9                                                                  20798872.884 8 109298791.864 8        58.746 8        52.843 8
G17  24792954.276 9 130287785.029 9     -2972.935 9        54.317 9                                                                  24792954.276 8 130287785.029 8     -2972.935 8        51.317 8
G24  24246826.803 9 127417887.024 9      3028.543 9        54.511 9                                                                  24246826.803 8 127417887.024 8      3028.543 8        51.511 8
G30  22511328.478 9 118297797.686 9      2242.599 9        55.156 9                                                                  22511328.478 8 118297797.686 8      2242.599 8        52.156 8
G05  21240153.800 9 111617736.816 9       558.839 9        55.661 9                                                                  21240153.800 8 111617736.816 8       558.839 8        52.661 8
G04  22033298.616 9 115785734.418 9     -2508.161 9        55.342 9                                                                  22033298.616 8 115785734.418 8     -2508.161 8        52.342 8
E04                                                                  23389524.114 9 122912745.540 9      -194.817 9        57.936 9  23389524.114 9 122912745.540 9      -194.817 9        57.936 9
E05                                                                  26204292.898 9 137704423.649 9     -2087.439 9        56.949 9  26204292.898 9 137704423.649 9     -2087.439 9        56.949 9
E11                                                                  26744444.579 9 140542939.660 9     -2450.495 9        56.772 9  26744444.579 9 140542939.660 9     -2450.495 9        56.772 9
E20                                                                  27923184.577 9 146737245.442 9     -1729.512 9        56.397 9  27923184.577 9 146737245.442 9     -1729.512 9        56.397 9
E09                                                                  24917518.235 9 130942393.488 9      2523.141 9        57.386 9  24917518.235 9 130942393.488 9      2523.141 9        57.386 9
E10                                                                  23771312.427 9 124919053.925 9       -79.328 9        57.795 9  23771312.427 9 124919053.925 9       -79.328 9        57.795 9
E03                                                                  24980382.488 9 131272754.265 9      1931.750 9        57.364 9  24980382.488 9 131272754.265 9      1931.750 9        57.364 9
