     3.05           OBSERVATION DATA    M: MIXED            RINEX VERSION / TYPE
PosApp V10.02.00.WFS_02_TS2770Spirent             20260203 100018 UTC PGM / RUN BY / DATE 
                                                            MARKER NAME         
GEODETIC                                                    MARKER TYPE         
                    Spirent                                 OBSERVER / AGENCY   
rec_num             rec_type            rec_vers            REC # / TYPE / VERS 
1                   ant_type                                ANT # / TYPE        
     1.000                                                  INTERVAL            
  2026     2     3    10     0    0.0000000     GPS         TIME OF FIRST OBS   
  4840172.5583  -314045.1727  4128964.4868                  APPROX POSITION XYZ 
        0.0000        0.0000        0.0000                  ANTENNA: DELTA H/E/N
G   12 C1C L1C D1C S1C C1X L1X D1X S1X C1P L1P D1P S1P      SYS / # / OBS TYPES 
E   12 C1A L1A D1A S1A C1B L1B D1B S1B C1C L1C D1C S1C      SYS / # / OBS TYPES 
GNSS SIMULATOR OUTPUTS ALIGNED CARRIER PHASES.              COMMENT             
NO FURTHER PHASE SHIFTS APPLIED IN THE RINEX ENCODER.       COMMENT             
G L1C                                                       SYS / PHASE SHIFT   
G L1X  0.00000                                              SYS / PHASE SHIFT   
G L1P  0.00000                                              SYS / PHASE SHIFT   
E L1A  0.00000                                              SYS / PHASE SHIFT   
E L1B                                                       SYS / PHASE SHIFT   
E L1C  0.00000                                              SYS / PHASE SHIFT   
DBHZ                                                        SIGNAL STRENGTH UNIT
                                                            END OF HEADER       
> 2026 02 03 10 00  0.0000000  0 18       0.000000000000
G02  20299067.059 9 106672296.411 9      -357.878 9        56.055 9                                                                  20299067.059 8 106672296.411 8      -357.878 8        53.055 8
G09  25235115.170 9 132611366.248 9     -2817.936 9        54.164 9                                                                  25235115.170 8 132611366.248 8     -2817.936 8        51.164 8
G13  25245449.892 9 132665664.771 9      1256.566 9        54.160 9                                                                  25245449.892 8 132665664.771 8      1256.566 8        51.160 8
G29  24924666.984 9 130979961.358 9      3068.762 9        54.271 9                                                                  24924666.984 8 130979961.358 8      3068.762 8        51.271 8
G10  22410459.286 9 117767723.122 9      3267.393 9        55.195 9                                                                  22410459.286 8 117767723.122 8      3267.393 8        52.195 8
G12  20805242.363 9 109332263.906 9       218.879 9        55.841 9                                                                  20805242.363 8 109332263.906 8       218.879 8        52.841 8
G17  24657295.868 9 129574898.390 9     -2942.958 9        54.365 9                                                                  24657295.868 8 129574898.390 8     -2942.958 8        51.365 8
G24  24386636.338 9 128152590.243 9      3068.292 9        54.461 9                                                                  24386636.338 8 128152590.243 8      3068.292 8        51.461 8
G30  22616899.401 9 118852576.223 9      2360.526 9        55.115 9                                                                  22616899.401 8 118852576.223 8      2360.526 8        52.115 8
G05  21269421.910 9 111771541.864 9       717.251 9        55.649 9                                                                  21269421.910 8 111771541.864 8       717.251 8        52.649 8
G04  21919280.384 9 115186565.694 9     -2463.650 9        55.388 9                                                                  21919280.384 8 115186565.694 8     -2463.650 8        52.388 8
E04                                                                  23381971.224 9 122873055.006 9      -134.817 9        57.939 9  23381971.224 9 122873055.006 9      -134.817 9        57.939 9
E05                                                                  26109501.455 9 137206293.123 9     -2046.418 9        56.981 9  26109501.455 9 137206293.123 9     -2046.418 9        56.981 9
E11                                                                  26633392.649 9 139959359.683 9     -2391.887 9        56.808 9  26633392.649 9 139959359.683 9     -2391.887 9        56.808 9
E20                                                                  27845539.746 9 146329221.133 9     -1655.926 9        56.421 9  27845539.746 9 146329221.133 9     -1655.926 9        56.421 9
E09                                                                  25034781.955 9 131558617.237 9      2590.254 9        57.346 9  25034781.955 9 131558617.237 9      2590.254 9        57.346 9
E10                                                                  23770269.249 9 124913571.957 9        33.974 9        57.796 9  23770269.249 9 124913571.957 9        33.974 9        57.796 9
E03                                                                  25069480.273 9 131740965.769 9      1953.498 9        57.334 9  25069480.273 9 131740965.769 9      1953.498 9        57.334 9
> 2026 02 03 10 00  1.0000000  0 18       0.000000000000
G02  20299135.199 9 106672654.487 9      -358.275 9        56.055 9                                                                  20299135.199 8 106672654.487 8      -358.275 8        53.055 8
G09  25235651.422 9 132614184.262 9     -2817.999 9        54.164 9                                                                  25235651.422 8 132614184.262 8     -2817.999 8        51.164 8
G13  25245210.809 9 132664408.387 9      1256.167 9        54.160 9                                                                  25245210.809 8 132664408.387 8      1256.167 8        51.160 8
G29  24924083.005 9 130976892.530 9      3068.841 9        54.272 9                                                                  24924083.005 8 130976892.530 8      3068.841 8        51.272 8
G10  22409837.549 9 117764455.881 9      3267.091 9        55.195 9                                                                  22409837.549 8 117764455.881 8      3267.091 8        52.195 8
G12  20805200.775 9 109332045.358 9       218.216 9        55.841 9                                                                  20805200.775 8 109332045.358 8       218.216 8        52.841 8
G17  24657855.913 9 129577841.432 9     -2943.121 9        54.365 9                                                                  24657855.913 8 129577841.432 8     -2943.121 8        51.365 8
G24  24386052.471 9 128149522.008 9      3068.154 9        54.461 9                                                                  24386052.471 8 128149522.008 8      3068.154 8        51.461 8
G30  22616450.252 9 118850215.932 9      2360.052 9        55.116 9                                                                  22616450.252 8 118850215.932 8      2360.052 8        52.116 8
G05  21269285.483 9 111770824.939 9       716.598 9        55.649 9                                                                  21269285.483 8 111770824.939 8       716.598 8        52.649 8
G04  21919749.220 9 115189029.439 9     -2463.846 9        55.387 9                                                                  21919749.220 8 115189029.439 8     -2463.846 8        52.387 8
E04                                                                  23381996.902 9 122873189.945 9      -135.063 9        57.939 9  23381996.902 9 122873189.945 9      -135.063 9        57.939 9
E05                                                                  26109890.893 9 137208339.624 9     -2046.596 9        56.980 9  26109890.893 9 137208339.624 9     -2046.596 9        56.980 9
E11                                                                  26633847.836 9 139961751.696 9     -2392.148 9        56.808 9  26633847.836 9 139961751.696 9     -2392.148 9        56.808 9
E20                                                                  27845854.893 9 146330877.233 9     -1656.263 9        56.421 9  27845854.893 9 146330877.233 9     -1656.263 9        56.421 9
E09                                                                  25034289.071 9 131556027.119 9      2589.987 9        57.346 9  25034289.071 9 131556027.119 9      2589.987 9        57.346 9
E10                                                                  23770262.829 9 124913538.219 9        33.502 9        57.796 9  23770262.829 9 124913538.219 9        33.502 9        57.796 9
E03                                                                  25069108.542 9 131739012.312 9      1953.415 9        57.334 9  25069108.542 9 131739012.312 9      1953.415 9        57.334 9
> 2026 02 03 10 00  2.0000000  0 18       0.000000000000
G02  20299203.414 9 106673012.960 9      -358.673 9        56.054 9                                                                  20299203.414 8 106673012.960 8      -358.673 8        53.054 8
G09  25236187.666 9 132617002.232 9     -2817.955 9        54.164 9                                                                  25236187.666 8 132617002.232 8     -2817.955 8        51.164 8
G13  25244971.811 9 132663152.449 9      1255.721 9        54.161 9                                                                  25244971.811 8 132663152.449 8      1255.721 8        51.161 8
G29  24923499.021 9 130973823.673 9      3068.870 9        54.272 9                                                                  24923499.021 8 130973823.673 8      3068.870 8        51.272 8
G10  22409215.872 9 117761188.948 9      3266.784 9        55.196 9                                                                  22409215.872 8 117761188.948 8      3266.784 8        52.196 8
G12  20805159.313 9 109331827.472 9       217.554 9        55.841 9                                                                  20805159.313 8 109331827.472 8       217.554 8        52.841 8
G17  24658415.981 9 129580784.601 9     -2943.248 9        54.365 9                                                                  24658415.981 8 129580784.601 8     -2943.248 8        51.365 8
G24  24385468.636 9 128146453.935 9      3067.992 9        54.461 9                                                                  24385468.636 8 128146453.935 8      3067.992 8        51.461 8
G30  22616001.195 9 118847856.120 9      2359.573 9        55.116 9                                                                  22616001.195 8 118847856.120 8      2359.573 8        52.116 8
G05  21269149.181 9 111770108.667 9       715.945 9        55.649 9                                                                  21269149.181 8 111770108.667 8       715.945 8        52.649 8
G04  21920218.092 9 115191493.374 9     -2464.038 9        55.387 9                                                                  21920218.092 8 115191493.374 8     -2464.038 8        52.387 8
E04                                                                  23382022.627 9 122873325.130 9      -135.309 9        57.939 9  23382022.627 9 122873325.130 9      -135.309 9        57.939 9
E05                                                                  26110280.363 9 137210386.296 9     -2046.766 9        56.980 9  26110280.363 9 137210386.296 9     -2046.766 9        56.980 9
E11                                                                  26634303.070 9 139964143.960 9     -2392.398 9        56.808 9  26634303.070 9 139964143.960 9     -2392.398 9        56.808 9
E20                                                                  27846170.099 9 146332533.646 9     -1656.576 9        56.421 9  27846170.099 9 146332533.646 9     -1656.576 9        56.421 9
E09                                                                  25033796.238 9 131553437.274 9      2589.714 9        57.346 9  25033796.238 9 131553437.274 9      2589.714 9        57.346 9
E10                                                                  23770256.498 9 124913504.953 9        33.030 9        57.796 9  23770256.498 9 124913504.953 9        33.030 9        57.796 9
E03                                                                  25068736.828 9 131737058.942 9      1953.328 9        57.334 9  25068736.828 9 131737058.942 9      1953.328 9        57.334 9
> 2026 02 03 10 00  3.0000000  0 18       0.000000000000
G02  20299271.705 9 106673371.831 9      -359.070 9        56.054 9                                                                  20299271.705 8 106673371.831 8      -359.070 8        53.054 8
G09  25236723.901 9 132619820.158 9     -2817.911 9        54.163 9                                                                  25236723.901 8 132619820.158 8     -2817.911 8        51.163 8
G13  25244732.898 9 132661896.956 9      1255.275 9        54.161 9                                                                  25244732.898 8 132661896.956 8      1255.275 8        51.161 8
G29  24922915.031 9 130970754.788 9      3068.898 9        54.272 9                                                                  24922915.031 8 130970754.788 8      3068.898 8        51.272 8
G10  22408594.253 9 117757922.322 9      3266.476 9        55.196 9                                                                  22408594.253 8 117757922.322 8      3266.476 8        52.196 8
G12  20805117.977 9 109331610.249 9       216.891 9        55.841 9                                                                  20805117.977 8 109331610.249 8       216.891 8        52.841 8
G17  24658976.074 9 129583727.896 9     -2943.374 9        54.365 9                                                                  24658976.074 8 129583727.896 8     -2943.374 8        51.365 8
G24  24384884.831 9 128143386.024 9      3067.831 9        54.462 9                                                                  24384884.831 8 128143386.024 8      3067.831 8        51.462 8
G30  22615552.228 9 118845496.786 9      2359.094 9        55.116 9                                                                  22615552.228 8 118845496.786 8      2359.094 8        52.116 8
G05  21269013.004 9 111769393.048 9       715.291 9        55.649 9                                                                  21269013.004 8 111769393.048 8       715.291 8        52.649 8
G04  21920687.001 9 115193957.502 9     -2464.229 9        55.387 9                                                                  21920687.001 8 115193957.502 8     -2464.229 8        52.387 8
E04                                                                  23382048.399 9 122873460.561 9      -135.555 9        57.939 9  23382048.399 9 122873460.561 9      -135.555 9        57.939 9
E05                                                                  26110669.866 9 137212433.138 9     -2046.937 9        56.980 9  26110669.866 9 137212433.138 9     -2046.937 9        56.980 9
E11                                                                  26634758.352 9 139966536.474 9     -2392.649 9        56.807 9  26634758.352 9 139966536.474 9     -2392.649 9        56.807 9
E20                                                                  27846485.365 9 146334190.372 9     -1656.889 9        56.421 9  27846485.365 9 146334190.372 9     -1656.889 9        56.421 9
E09                                                                  25033303.458 9 131550847.701 9      2589.442 9        57.346 9  25033303.458 9 131550847.701 9      2589.442 9        57.346 9
E10                                                                  23770250.258 9 124913472.159 9        32.558 9        57.796 9  23770250.258 9 124913472.159 9        32.558 9        57.796 9
E03                                                                  25068365.130 9 131735105.657 9      1953.242 9        57.334 9  25068365.130 9 131735105.657 9      1953.242 9        57.334 9
> 2026 02 03 10 00  4.0000000  0 18       0.000000000000
G02  20299340.072 9 106673731.098 9      -359.467 9        56.054 9                                                                  20299340.072 8 106673731.098 8      -359.467 8        53.054 8
G09  25237260.128 9 132622638.040 9     -2817.866 9        54.163 9                                                                  25237260.128 8 132622638.040 8     -2817.866 8        51.163 8
G13  25244494.070 9 132660641.910 9      1254.830 9        54.161 9                                                                  25244494.070 8 132660641.910 8      1254.830 8        51.161 8
G29  24922331.036 9 130967685.875 9      3068.926 9        54.272 9                                                                  24922331.036 8 130967685.875 8      3068.926 8        51.272 8
G10  22407972.693 9 117754656.004 9      3266.168 9        55.196 9                                                                  22407972.693 8 117754656.004 8      3266.168 8        52.196 8
G12  20805076.767 9 109331393.688 9       216.229 9        55.841 9                                                                  20805076.767 8 109331393.688 8       216.229 8        52.841 8
G17  24659536.191 9 129586671.317 9     -2943.500 9        54.364 9                                                                  24659536.191 8 129586671.317 8     -2943.500 8        51.364 8
G24  24384301.057 9 128140318.274 9      3067.669 9        54.462 9                                                                  24384301.057 8 128140318.274 8      3067.669 8        51.462 8
G30  22615103.353 9 118843137.932 9      2358.615 9        55.116 9                                                                  22615103.353 8 118843137.932 8      2358.615 8        52.116 8
G05  21268876.950 9 111768678.083 9       714.638 9        55.649 9                                                                  21268876.950 8 111768678.083 8       714.638 8        52.649 8
G04  21921155.946 9 115196421.821 9     -2464.421 9        55.387 9                                                                  21921155.946 8 115196421.821 8     -2464.421 8        52.387 8
E04                                                                  23382074.218 9 122873596.238 9      -135.801 9        57.939 9  23382074.218 9 122873596.238 9      -135.801 9        57.939 9
E05                                                                  26111059.401 9 137214480.151 9     -2047.107 9        56.980 9  26111059.401 9 137214480.151 9     -2047.107 9        56.980 9
E11                                                                  26635213.681 9 139968929.240 9     -2392.900 9        56.807 9  26635213.681 9 139968929.240 9     -2392.900 9        56.807 9
E20                                                                  27846800.691 9 146335847.411 9     -1657.202 9        56.421 9  27846800.691 9 146335847.411 9     -1657.202 9        56.421 9
E09                                                                  25032810.729 9 131548258.400 9      2589.170 9        57.346 9  25032810.729 9 131548258.400 9      2589.170 9        57.346 9
E10                                                                  23770244.107 9 124913439.837 9        32.087 9        57.796 9  23770244.107 9 124913439.837 9        32.087 9        57.796 9
E03                                                                  25067993.448 9 131733152.459 9      1953.156 9        57.334 9  25067993.448 9 131733152.459 9      1953.156 9        57.334 9
> 2026 02 03 10 00  5.0000000  0 18       0.000000000000
G02  20299408.514 9 106674090.762 9      -359.864 9        56.054 9                                                                  20299408.514 8 106674090.762 8      -359.864 8        53.054 8
G09  25237796.346 9 132625455.878 9     -2817.822 9        54.163 9                                                                  25237796.346 8 132625455.878 8     -2817.822 8        51.163 8
G13  25244255.326 9 132659387.309 9      1254.384 9        54.161 9                                                                  25244255.326 8 132659387.309 8      1254.384 8        51.161 8
G29  24921747.035 9 130964616.934 9      3068.954 9        54.272 9                                                                  24921747.035 8 130964616.934 8      3068.954 8        51.272 8
G10  22407351.191 9 117751389.995 9      3265.860 9        55.196 9                                                                  22407351.191 8 117751389.995 8      3265.860 8        52.196 8
G12  20805035.683 9 109331177.789 9       215.566 9        55.841 9                                                                  20805035.683 8 109331177.789 8       215.566 8        52.841 8
G17  24660096.332 9 129589614.864 9     -2943.626 9        54.364 9                                                                  24660096.332 8 129589614.864 8     -2943.626 8        51.364 8
G24  24383717.314 9 128137250.687 9      3067.507 9        54.462 9                                                                  24383717.314 8 128137250.687 8      3067.507 8        51.462 8
G30  22614654.569 9 118840779.557 9      2358.135 9        55.116 9                                                                  22614654.569 8 118840779.557 8      2358.135 8        52.116 8
G05  21268741.021 9 111767963.772 9       713.984 9        55.649 9                                                                  21268741.021 8 111767963.772 8       713.984 8        52.649 8
G04  21921624.928 9 115198886.331 9     -2464.612 9        55.387 9                                                                  21921624.928 8 115198886.331 8     -2464.612 8        52.387 8
E04                                                                  23382100.083 9 122873732.161 9      -136.047 9        57.939 9  23382100.083 9 122873732.161 9      -136.047 9        57.939 9
E05                                                                  26111448.968 9 137216527.334 9     -2047.279 9        56.980 9  26111448.968 9 137216527.334 9     -2047.279 9        56.980 9
E11                                                                  26635669.058 9 139971322.256 9     -2393.150 9        56.807 9  26635669.058 9 139971322.256 9     -2393.150 9        56.807 9
E20                                                                  27847116.076 9 146337504.763 9     -1657.515 9        56.421 9  27847116.076 9 146337504.763 9     -1657.515 9        56.421 9
E09                                                                  25032318.053 9 131545669.372 9      2588.897 9        57.346 9  25032318.053 9 131545669.372 9      2588.897 9        57.346 9
E10                                                                  23770238.046 9 124913407.986 9        31.615 9        57.796 9  23770238.046 9 124913407.986 9        31.615 9        57.796 9
E03                                                                  25067621.783 9 131731199.348 9      1953.069 9        57.334 9  25067621.783 9 131731199.348 9      1953.069 9        57.334 9
> 2026 02 03 10 00  6.0000000  0 18       0.000000000000
G02  20299477.031 9 106674450.823 9      -360.261 9        56.054 9                                                                  20299477.031 8 106674450.823 8      -360.261 8        53.054 8
G09  25238332.556 9 132628273.671 9     -2817.778 9        54.163 9                                                                  25238332.556 8 132628273.671 8     -2817.778 8        51.163 8
G13  25244016.668 9 132658133.154 9      1253.938 9        54.161 9                                                                  25244016.668 8 132658133.154 8      1253.938 8        51.161 8
G29  24921163.029 9 130961547.965 9      3068.982 9        54.273 9                                                                  24921163.029 8 130961547.965 8      3068.982 8        51.273 8
G10  22406729.747 9 117748124.292 9      3265.552 9        55.196 9                                                                  22406729.747 8 117748124.292 8      3265.552 8        52.196 8
G12  20804994.725 9 109330962.553 9       214.904 9        55.841 9                                                                  20804994.725 8 109330962.553 8       214.904 8        52.841 8
G17  24660656.497 9 129592558.538 9     -2943.753 9        54.364 9                                                                  24660656.497 8 129592558.538 8     -2943.753 8        51.364 8
G24  24383133.601 9 128134183.261 9      3067.345 9        54.462 9                                                                  24383133.601 8 128134183.261 8      3067.345 8        51.462 8
G30  22614205.876 9 118838421.661 9      2357.656 9        55.116 9                                                                  22614205.876 8 118838421.661 8      2357.656 8        52.116 8
G05  21268605.217 9 111767250.114 9       713.330 9        55.649 9                                                                  21268605.217 8 111767250.114 8       713.330 8        52.649 8
G04  21922093.946 9 115201351.032 9     -2464.803 9        55.386 9                                                                  21922093.946 8 115201351.032 8     -2464.803 8        52.386 8
E04                                                                  23382125.995 9 122873868.330 9      -136.293 9        57.939 9  23382125.995 9 122873868.330 9      -136.293 9        57.939 9
E05                                                                  26111838.568 9 137218574.685 9     -2047.448 9        56.980 9  26111838.568 9 137218574.685 9     -2047.448 9        56.980 9
E11                                                                  26636124.483 9 139973715.522 9     -2393.401 9        56.807 9  26636124.483 9 139973715.522 9     -2393.401 9        56.807 9
E20                                                                  27847431.521 9 146339162.428 9     -1657.828 9        56.421 9  27847431.521 9 146339162.428 9     -1657.828 9        56.421 9
E09                                                                  25031825.428 9 131543080.617 9      2588.625 9        57.347 9  25031825.428 9 131543080.617 9      2588.625 9        57.347 9
E10                                                                  23770232.075 9 124913376.607 9        31.143 9        57.796 9  23770232.075 9 124913376.607 9        31.143 9        57.796 9
E03                                                                  25067250.134 9 131729246.322 9      1952.983 9        57.334 9  25067250.134 9 131729246.322 9      1952.983 9        57.334 9
> 2026 02 03 10 00  7.0000000  0 18       0.000000000000
G02  20299545.624 9 106674811.282 9      -360.658 9        56.054 9                                                                  20299545.624 8 106674811.282 8      -360.658 8        53.054 8
G09  25238868.757 9 132631091.420 9     -2817.733 9        54.163 9                                                                  25238868.757 8 132631091.420 8     -2817.733 8        51.163 8
G13  25243778.094 9 132656879.444 9      1253.492 9        54.161 9                                                                  25243778.094 8 132656879.444 8      1253.492 8        51.161 8
G29  24920579.018 9 130958478.968 9      3069.010 9        54.273 9                                                                  24920579.018 8 130958478.968 8      3069.010 8        51.273 8
G10  22406108.363 9 117744858.899 9      3265.244 9        55.197 9                                                                  22406108.363 8 117744858.899 8      3265.244 8        52.197 8
G12  20804953.893 9 109330747.980 9       214.241 9        55.841 9                                                                  20804953.893 8 109330747.980 8       214.241 8        52.841 8
G17  24661216.686 9 129595502.338 9     -2943.879 9        54.364 9                                                                  24661216.686 8 129595502.338 8     -2943.879 8        51.364 8
G24  24382549.920 9 128131115.997 9      3067.183 9        54.462 9                                                                  24382549.920 8 128131115.997 8      3067.183 8        51.462 8
G30  22613757.274 9 118836064.245 9      2357.177 9        55.117 9                                                                  22613757.274 8 118836064.245 8      2357.177 8        52.117 8
G05  21268469.537 9 111766537.109 9       712.677 9        55.649 9                                                                  21268469.537 8 111766537.109 8       712.677 8        52.649 8
G04  21922563.000 9 115203815.925 9     -2464.995 9        55.386 9                                                                  21922563.000 8 115203815.925 8     -2464.995 8        52.386 8
E04                                                                  23382151.954 9 122874004.744 9      -136.539 9        57.939 9  23382151.954 9 122874004.744 9      -136.539 9        57.939 9
E05                                                                  26112228.200 9 137220622.209 9     -2047.619 9        56.980 9  26112228.200 9 137220622.209 9     -2047.619 9        56.980 9
E11                                                                  26636579.956 9 139976109.039 9     -2393.652 9        56.807 9  26636579.956 9 139976109.039 9     -2393.652 9        56.807 9
E20                                                                  27847747.025 9 146340820.405 9     -1658.140 9        56.421 9  27847747.025 9 146340820.405 9     -1658.140 9        56.421 9
E09                                                                  25031332.855 9 131540492.133 9      2588.352 9        57.347 9  25031332.855 9 131540492.133 9      2588.352 9        57.347 9
E10                                                                  23770226.193 9 124913345.700 9        30.671 9        57.796 9  23770226.193 9 124913345.700 9        30.671 9        57.796 9
E03                                                                  25066878.502 9 131727293.383 9      1952.897 9        57.334 9  25066878.502 9 131727293.383 9      1952.897 9        57.334 9
> 2026 02 03 10 00  8.0000000  0 18       0.000000000000
G02  20299614.293 9 106675172.137 9      -361.055 9        56.054 9                                                                  20299614.293 8 106675172.137 8      -361.055 8        53.054 8
G09  25239404.950 9 132633909.124 9     -2817.688 9        54.162 9                                                                  25239404.950 8 132633909.124 8     -2817.688 8        51.162 8
G13  25243539.605 9 132655626.181 9      1253.046 9        54.161 9                                                                  25243539.605 8 132655626.181 8      1253.046 8        51.161 8
G29  24919995.002 9 130955409.942 9      3069.038 9        54.273 9                                                                  24919995.002 8 130955409.942 8      3069.038 8        51.273 8
G10  22405487.037 9 117741593.813 9      3264.936 9        55.197 9                                                                  22405487.037 8 117741593.813 8      3264.936 8        52.197 8
G12  20804913.187 9 109330534.069 9       213.579 9        55.841 9                                                                  20804913.187 8 109330534.069 8       213.579 8        52.841 8
G17  24661776.899 9 129598446.265 9     -2944.006 9        54.364 9                                                                  24661776.899 8 129598446.265 8     -2944.006 8        51.364 8
G24  24381966.269 9 128128048.895 9      3067.022 9        54.463 9                                                                  24381966.269 8 128128048.895 8      3067.022 8        51.463 8
G30  22613308.763 9 118833707.307 9      2356.697 9        55.117 9                                                                  22613308.763 8 118833707.307 8      2356.697 8        52.117 8
G05  21268333.981 9 111765824.759 9       712.023 9        55.649 9                                                                  21268333.981 8 111765824.759 8       712.023 8        52.649 8
G04  21923032.091 9 115206281.009 9     -2465.186 9        55.386 9                                                                  21923032.091 8 115206281.009 8     -2465.186 8        52.386 8
E04                                                                  23382177.960 9 122874141.405 9      -136.785 9        57.939 9  23382177.960 9 122874141.405 9      -136.785 9        57.939 9
E05                                                                  26112617.865 9 137222669.903 9     -2047.789 9        56.979 9  26112617.865 9 137222669.903 9     -2047.789 9        56.979 9
E11                                                                  26637035.476 9 139978502.807 9     -2393.902 9        56.807 9  26637035.476 9 139978502.807 9     -2393.902 9        56.807 9
E20                                                                  27848062.589 9 146342478.696 9     -1658.453 9        56.421 9  27848062.589 9 146342478.696 9     -1658.453 9        56.421 9
E09                                                                  25030840.334 9 131537903.923 9      2588.080 9        57.347 9  25030840.334 9 131537903.923 9      2588.080 9        57.347 9
E10                                                                  23770220.402 9 124913315.265 9        30.200 9        57.796 9  23770220.402 9 124913315.265 9        30.200 9        57.796 9
E03                                                                  25066506.886 9 131725340.531 9      1952.810 9        57.335 9  25066506.886 9 131725340.531 9      1952.810 9        57.335 9
> 2026 02 03 10 00  9.0000000  0 18       0.000000000000
G02  20299683.037 9 106675533.389 9      -361.451 9        56.054 9                                                                  20299683.037 8 106675533.389 8      -361.451 8        53.054 8
G09  25239941.135 9 132636726.783 9     -2817.643 9        54.162 9                                                                  25239941.135 8 132636726.783 8     -2817.643 8        51.162 8
G13  25243301.201 9 132654373.364 9      1252.600 9        54.161 9                                                                  25243301.201 8 132654373.364 8      1252.600 8        51.161 8
G29  24919410.980 9 130952340.889 9      3069.066 9        54.273 9                                                                  24919410.980 8 130952340.889 8      3069.066 8        51.273 8
G10  22404865.770 9 117738329.036 9      3264.628 9        55.197 9                                                                  22404865.770 8 117738329.036 8      3264.628 8        52.197 8
G12  20804872.608 9 109330320.820 9       212.916 9        55.841 9                                                                  20804872.608 8 109330320.820 8       212.916 8        52.841 8
G17  24662337.136 9 129601390.317 9     -2944.132 9        54.363 9                                                                  24662337.136 8 129601390.317 8     -2944.132 8        51.363 8
G24  24381382.649 9 128124981.954 9      3066.860 9        54.463 9                                                                  24381382.649 8 128124981.954 8      3066.860 8        51.463 8
G30  22612860.344 9 118831350.850 9      2356.218 9        55.117 9                                                                  22612860.344 8 118831350.850 8      2356.218 8        52.117 8
G05  21268198.550 9 111765113.062 9       711.369 9        55.649 9                                                                  21268198.550 8 111765113.062 8       711.369 8        52.649 8
G04  21923501.218 9 115208746.284 9     -2465.377 9        55.386 9                                                                  21923501.218 8 115208746.284 8     -2465.377 8        52.386 8
E04                                                                  23382204.013 9 122874278.312 9      -137.031 9        57.939 9  23382204.013 9 122874278.312 9      -137.031 9        57.939 9
E05                                                                  26113007.562 9 137224717.767 9     -2047.959 9        56.979 9  26113007.562 9 137224717.767 9     -2047.959 9        56.979 9
E11                                                                  26637491.044 9 139980896.824 9     -2394.152 9        56.807 9  26637491.044 9 139980896.824 9     -2394.152 9        56.807 9
E20                                                                  27848378.212 9 146344137.299 9     -1658.766 9        56.420 9  27848378.212 9 146344137.299 9     -1658.766 9        56.420 9
E09                                                                  25030347.864 9 131535315.985 9      2587.807 9        57.347 9  25030347.864 9 131535315.985 9      2587.807 9        57.347 9
E10                                                                  23770214.700 9 124913285.301 9        29.728 9        57.796 9  23770214.700 9 124913285.301 9        29.728 9        57.796 9
E03                                                                  25066135.287 9 131723387.765 9      1952.723 9        57.335 9  25066135.287 9 131723387.765 9      1952.723 9        57.335 9
> 2026 02 03 10 00 10.0000000  0 18       0.000000000000
G02  20299751.857 9 106675895.038 9      -361.848 9        56.054 9                                                                  20299751.857 8 106675895.038 8      -361.848 8        53.054 8
G09  25240477.311 9 132639544.397 9     -2817.598 9        54.162 9                                                                  25240477.311 8 132639544.397 8     -2817.598 8        51.162 8
G13  25243062.882 9 132653120.994 9      1252.153 9        54.161 9                                                                  25243062.882 8 132653120.994 8      1252.153 8        51.161 8
G29  24918826.953 9 130949271.808 9      3069.094 9        54.274 9                                                                  24918826.953 8 130949271.808 8      3069.094 8        51.274 8
G10  22404244.561 9 117735064.566 9      3264.319 9        55.197 9                                                                  22404244.561 8 117735064.566 8      3264.319 8        52.197 8
G12  20804832.154 9 109330108.235 9       212.254 9        55.841 9                                                                  20804832.154 8 109330108.235 8       212.254 8        52.841 8
G17  24662897.397 9 129604334.497 9     -2944.258 9        54.363 9                                                                  24662897.397 8 129604334.497 8     -2944.258 8        51.363 8
G24  24380799.060 9 128121915.176 9      3066.698 9        54.463 9                                                                  24380799.060 8 128121915.176 8      3066.698 8        51.463 8
G30  22612412.016 9 118828994.872 9      2355.738 9        55.117 9                                                                  22612412.016 8 118828994.872 8      2355.738 8        52.117 8
G05  21268063.243 9 111764402.019 9       710.715 9        55.649 9                                                                  21268063.243 8 111764402.019 8       710.715 8        52.649 8
G04  21923970.381 9 115211211.750 9     -2465.568 9        55.386 9                                                                  21923970.381 8 115211211.750 8     -2465.568 8        52.386 8
E04                                                                  23382230.112 9 122874415.465 9      -137.277 9        57.939 9  23382230.112 9 122874415.465 9      -137.277 9        57.939 9
E05                                                                  26113397.292 9 137226765.802 9     -2048.130 9        56.979 9  26113397.292 9 137226765.802 9     -2048.130 9        56.979 9
E11                                                                  26637946.659 9 139983291.092 9     -2394.402 9        56.806 9  26637946.659 9 139983291.092 9     -2394.402 9        56.806 9
E20                                                                  27848693.895 9 146345796.214 9     -1659.078 9        56.420 9  27848693.895 9 146345796.214 9     -1659.078 9        56.420 9
E09                                                                  25029855.447 9 131532728.319 9      2587.534 9        57.347 9  25029855.447 9 131532728.319 9      2587.534 9        57.347 9
E10                                                                  23770209.088 9 124913255.809 9        29.256 9        57.796 9  23770209.088 9 124913255.809 9        29.256 9        57.796 9
E03                                                                  25065763.704 9 131721435.086 9      1952.637 9        57.335 9  25065763.704 9 131721435.086 9      1952.637 9        57.335 9
> 2026 02 03 10 00 11.0000000  0 18       0.000000000000
G02  20299820.752 9 106676257.084 9      -362.245 9        56.054 9                                                                  20299820.752 8 106676257.084 8      -362.245 8        53.054 8
G09  25241013.478 9 132642361.966 9     -2817.553 9        54.162 9                                                                  25241013.478 8 132642361.966 8     -2817.553 8        51.162 8
G13  25242824.648 9 132651869.069 9      1251.707 9        54.161 9                                                                  25242824.648 8 132651869.069 8      1251.707 8        51.161 8
G29  24918242.920 9 130946202.698 9      3069.122 9        54.274 9                                                                  24918242.920 8 130946202.698 8      3069.122 8        51.274 8
G10  22403623.411 9 117731800.406 9      3264.011 9        55.198 9                                                                  22403623.411 8 117731800.406 8      3264.011 8        52.198 8
G12  20804791.827 9 109329896.312 9       211.591 9        55.841 9                                                                  20804791.827 8 109329896.312 8       211.591 8        52.841 8
G17  24663457.682 9 129607278.802 9     -2944.384 9        54.363 9                                                                  24663457.682 8 129607278.802 8     -2944.384 8        51.363 8
G24  24380215.501 9 128118848.559 9      3066.536 9        54.463 9                                                                  24380215.501 8 128118848.559 8      3066.536 8        51.463 8
G30  22611963.779 9 118826639.374 9      2355.258 9        55.117 9                                                                  22611963.779 8 118826639.374 8      2355.258 8        52.117 8
G05  21267928.060 9 111763691.629 9       710.062 9        55.650 9                                                                  21267928.060 8 111763691.629 8       710.062 8        52.650 8
G04  21924439.581 9 115213677.408 9     -2465.759 9        55.385 9                                                                  21924439.581 8 115213677.408 8     -2465.759 8        52.385 8
E04                                                                  23382256.259 9 122874552.864 9      -137.523 9        57.939 9  23382256.259 9 122874552.864 9      -137.523 9        57.939 9
E05                                                                  26113787.054 9 137228814.008 9     -2048.300 9        56.979 9  26113787.054 9 137228814.008 9     -2048.300 9        56.979 9
E11                                                                  26638402.323 9 139985685.610 9     -2394.653 9        56.806 9  26638402.323 9 139985685.610 9     -2394.653 9        56.806 9
E20                                                                  27849009.637 9 146347455.442 9     -1659.391 9        56.420 9  27849009.637 9 146347455.442 9     -1659.391 9        56.420 9
E09                                                                  25029363.082 9 131530140.926 9      2587.262 9        57.347 9  25029363.082 9 131530140.926 9      2587.262 9        57.347 9
E10                                                                  23770203.565 9 124913226.789 9        28.785 9        57.796 9  23770203.565 9 124913226.789 9        28.785 9        57.796 9
E03                                                                  25065392.137 9 131719482.493 9      1952.550 9        57.335 9  25065392.137 9 131719482.493 9      1952.550 9        57.335 9
> 2026 02 03 10 00 12.0000000  0 18       0.000000000000
G02  20299889.723 9 106676619.526 9      -362.642 9        56.054 9                                                                  20299889.723 8 106676619.526 8      -362.642 8        53.054 8
G09  25241549.637 9 132645179.491 9     -2817.508 9        54.162 9                                                                  25241549.637 8 132645179.491 8     -2817.508 8        51.162 8
G13  25242586.499 9 132650617.591 9      1251.261 9        54.161 9                                                                  25242586.499 8 132650617.591 8      1251.261 8        51.161 8
G29  24917658.882 9 130943133.561 9      3069.150 9        54.274 9                                                                  24917658.882 8 130943133.561 8      3069.150 8        51.274 8
G10  22403002.320 9 117728536.554 9      3263.702 9        55.198 9                                                                  22403002.320 8 117728536.554 8      3263.702 8        52.198 8
G12  20804751.625 9 109329685.051 9       210.928 9        55.841 9                                                                  20804751.625 8 109329685.051 8       210.928 8        52.841 8
G17  24664017.991 9 129610223.233 9     -2944.510 9        54.363 9                                                                  24664017.991 8 129610223.233 8     -2944.510 8        51.363 8
G24  24379631.974 9 128115782.105 9      3066.374 9        54.464 9                                                                  24379631.974 8 128115782.105 8      3066.374 8        51.464 8
G30  22611515.634 9 118824284.355 9      2354.779 9        55.117 9                                                                  22611515.634 8 118824284.355 8      2354.779 8        52.117 8
G05  21267793.002 9 111762981.894 9       709.408 9        55.650 9                                                                  21267793.002 8 111762981.894 8       709.408 8        52.650 8
G04  21924908.818 9 115216143.256 9     -2465.950 9        55.385 9                                                                  21924908.818 8 115216143.256 8     -2465.950 8        52.385 8
E04                                                                  23382282.452 9 122874690.510 9      -137.769 9        57.939 9  23382282.452 9 122874690.510 9      -137.769 9        57.939 9
E05                                                                  26114176.848 9 137230862.383 9     -2048.470 9        56.979 9  26114176.848 9 137230862.383 9     -2048.470 9        56.979 9
E11                                                                  26638858.033 9 139988080.379 9     -2394.903 9        56.806 9  26638858.033 9 139988080.379 9     -2394.903 9        56.806 9
E20                                                                  27849325.439 9 146349114.983 9     -1659.703 9        56.420 9  27849325.439 9 146349114.983 9     -1659.703 9        56.420 9
E09                                                                  25028870.768 9 131527553.806 9      2586.989 9        57.348 9  25028870.768 9 131527553.806 9      2586.989 9        57.348 9
E10                                                                  23770198.132 9 124913198.240 9        28.313 9        57.796 9  23770198.132 9 124913198.240 9        28.313 9        57.796 9
E03                                                                  25065020.587 9 131717529.987 9      1952.464 9        57.335 9  25065020.587 9 131717529.987 9      1952.464 9        57.335 9
> 2026 02 03 10 00 13.0000000  0 18       0.000000000000
G02  20299958.769 9 106676982.366 9      -363.039 9        56.054 9                                                                  20299958.769 8 106676982.366 8      -363.039 8        53.054 8
G09  25242085.787 9 132647996.970 9     -2817.463 9        54.162 9                                                                  25242085.787 8 132647996.970 8     -2817.463 8        51.162 8
G13  25242348.435 9 132649366.559 9      1250.814 9        54.161 9                                                                  25242348.435 8 132649366.559 8      1250.814 8        51.161 8
G29  24917074.839 9 130940064.396 9      3069.178 9        54.274 9                                                                  24917074.839 8 130940064.396 8      3069.178 8        51.274 8
G10  22402381.288 9 117725273.011 9      3263.393 9        55.198 9                                                                  22402381.288 8 117725273.011 8      3263.393 8        52.198 8
G12  20804711.550 9 109329474.453 9       210.266 9        55.841 9                                                                  20804711.550 8 109329474.453 8       210.266 8        52.841 8
G17  24664578.324 9 129613167.791 9     -2944.637 9        54.363 9                                                                  24664578.324 8 129613167.791 8     -2944.637 8        51.363 8
G24  24379048.477 9 128112715.812 9      3066.212 9        54.464 9                                                                  24379048.477 8 128112715.812 8      3066.212 8        51.464 8
G30  22611067.579 9 118821929.816 9      2354.299 9        55.118 9                                                                  22611067.579 8 118821929.816 8      2354.299 8        52.118 8
G05  21267658.068 9 111762272.812 9       708.754 9        55.650 9                                                                  21267658.068 8 111762272.812 8       708.754 8        52.650 8
G04  21925378.090 9 115218609.295 9     -2466.141 9        55.385 9                                                                  21925378.090 8 115218609.295 8     -2466.141 8        52.385 8
E04                                                                  23382308.692 9 122874828.401 9      -138.015 9        57.939 9  23382308.692 9 122874828.401 9      -138.015 9        57.939 9
E05                                                                  26114566.675 9 137232910.929 9     -2048.641 9        56.979 9  26114566.675 9 137232910.929 9     -2048.641 9        56.979 9
E11                                                                  26639313.792 9 139990475.397 9     -2395.153 9        56.806 9  26639313.792 9 139990475.397 9     -2395.153 9        56.806 9
E20                                                                  27849641.300 9 146350774.836 9     -1660.016 9        56.420 9  27849641.300 9 146350774.836 9     -1660.016 9        56.420 9
E09                                                                  25028378.506 9 131524966.959 9      2586.716 9        57.348 9  25028378.506 9 131524966.959 9      2586.716 9        57.348 9
E10                                                                  23770192.790 9 124913170.163 9        27.841 9        57.796 9  23770192.790 9 124913170.163 9        27.841 9        57.796 9
E03                                                                  25064649.054 9 131715577.568 9      1952.377 9        57.335 9  25064649.054 9 131715577.568 9      1952.377 9        57.335 9
> 2026 02 03 10 00 14.0000000  0 18       0.000000000000
G02  20300027.891 9 106677345.602 9      -363.435 9        56.054 9                                                                  20300027.891 8 106677345.602 8      -363.435 8        53.054 8
G09  25242621.929 9 132650814.403 9     -2817.418 9        54.161 9                                                                  25242621.929 8 132650814.403 8     -2817.418 8        51.161 8
G13  25242110.455 9 132648115.974 9      1250.368 9        54.162 9                                                                  25242110.455 8 132648115.974 8      1250.368 8        51.162 8
G29  24916490.791 9 130936995.203 9      3069.206 9        54.274 9                                                                  24916490.791 8 130936995.203 8      3069.206 8        51.274 8
G10  22401760.314 9 117722009.776 9      3263.085 9        55.198 9                                                                  22401760.314 8 117722009.776 8      3263.085 8        52.198 8
G12  20804671.601 9 109329264.518 9       209.603 9        55.841 9                                                                  20804671.601 8 109329264.518 8       209.603 8        52.841 8
G17  24665138.681 9 129616112.475 9     -2944.763 9        54.362 9                                                                  24665138.681 8 129616112.475 8     -2944.763 8        51.362 8
G24  24378465.011 9 128109649.682 9      3066.050 9        54.464 9                                                                  24378465.011 8 128109649.682 8      3066.050 8        51.464 8
G30  22610619.617 9 118819575.757 9      2353.819 9        55.118 9                                                                  22610619.617 8 118819575.757 8      2353.819 8        52.118 8
G05  21267523.259 9 111761564.384 9       708.100 9        55.650 9                                                                  21267523.259 8 111761564.384 8       708.100 8        52.650 8
G04  21925847.399 9 115221075.526 9     -2466.332 9        55.385 9                                                                  21925847.399 8 115221075.526 8     -2466.332 8        52.385 8
E04                                                                  23382334.979 9 122874966.539 9      -138.261 9        57.939 9  23382334.979 9 122874966.539 9      -138.261 9        57.939 9
E05                                                                  26114956.534 9 137234959.646 9     -2048.811 9        56.979 9  26114956.534 9 137234959.646 9     -2048.811 9        56.979 9
E11                                                                  26639769.597 9 139992870.666 9     -2395.403 9        56.806 9  26639769.597 9 139992870.666 9     -2395.403 9        56.806 9
E20                                                                  27849957.220 9 146352435.001 9     -1660.328 9        56.420 9  27849957.220 9 146352435.001 9     -1660.328 9        56.420 9
E09                                                                  25027886.297 9 131522380.385 9      2586.443 9        57.348 9  25027886.297 9 131522380.385 9      2586.443 9        57.348 9
E10                                                                  23770187.536 9 124913142.557 9        27.370 9        57.796 9  23770187.536 9 124913142.557 9        27.370 9        57.796 9
E03                                                                  25064277.537 9 131713625.235 9      1952.290 9        57.335 9  25064277.537 9 131713625.235 9      1952.290 9        57.335 9
> 2026 02 03 10 00 15.0000000  0 18       0.000000000000
G02  20300097.088 9 106677709.234 9      -363.832 9        56.054 9                                                                  20300097.088 8 106677709.234 8      -363.832 8        53.054 8
G09  25243158.062 9 132653631.792 9     -2817.372 9        54.161 9                                                                  25243158.062 8 132653631.792 8     -2817.372 8        51.161 8
G13  25241872.561 9 132646865.835 9      1249.921 9        54.162 9                                                                  25241872.561 8 132646865.835 8      1249.921 8        51.162 8
G29  24915906.737 9 130933925.982 9      3069.234 9        54.275 9                                                                  24915906.737 8 130933925.982 8      3069.234 8        51.275 8
G10  22401139.399 9 117718746.851 9      3262.776 9        55.199 9                                                                  22401139.399 8 117718746.851 8      3262.776 8        52.199 8
G12  20804631.778 9 109329055.245 9       208.940 9        55.841 9                                                                  20804631.778 8 109329055.245 8       208.940 8        52.841 8
G17  24665699.062 9 129619057.285 9     -2944.889 9        54.362 9                                                                  24665699.062 8 129619057.285 8     -2944.889 8        51.362 8
G24  24377881.576 9 128106583.713 9      3065.888 9        54.464 9                                                                  24377881.576 8 128106583.713 8      3065.888 8        51.464 8
G30  22610171.745 9 118817222.179 9      2353.339 9        55.118 9                                                                  22610171.745 8 118817222.179 8      2353.339 8        52.118 8
G05  21267388.574 9 111760856.610 9       707.446 9        55.650 9                                                                  21267388.574 8 111760856.610 8       707.446 8        52.650 8
G04  21926316.744 9 115223541.946 9     -2466.523 9        55.385 9                                                                  21926316.744 8 115223541.946 8     -2466.523 8        52.385 8
E04                                                                  23382361.312 9 122875104.923 9      -138.508 9        57.939 9  23382361.312 9 122875104.923 9      -138.508 9        57.939 9
E05                                                                  26115346.426 9 137237008.532 9     -2048.981 9        56.979 9  26115346.426 9 137237008.532 9     -2048.981 9        56.979 9
E11                                                                  26640225.451 9 139995266.184 9     -2395.653 9        56.806 9  26640225.451 9 139995266.184 9     -2395.653 9        56.806 9
E20                                                                  27850273.200 9 146354095.479 9     -1660.640 9        56.420 9  27850273.200 9 146354095.479 9     -1660.640 9        56.420 9
E09                                                                  25027394.139 9 131519794.084 9      2586.170 9        57.348 9  25027394.139 9 131519794.084 9      2586.170 9        57.348 9
E10                                                                  23770182.373 9 124913115.424 9        26.898 9        57.796 9  23770182.373 9 124913115.424 9        26.898 9        57.796 9
E03                                                                  25063906.036 9 131711672.989 9      1952.203 9        57.335 9  25063906.036 9 131711672.989 9      1952.203 9        57.335 9
> 2026 02 03 10 00 16.0000000  0 18       0.000000000000
G02  20300166.360 9 106678073.263 9      -364.228 9        56.054 9                                                                  20300166.360 8 106678073.263 8      -364.228 8        53.054 8
G09  25243694.186 9 132656449.135 9     -2817.327 9        54.161 9                                                                  25243694.186 8 132656449.135 8     -2817.327 8        51.161 8
G13  25241634.752 9 132645616.143 9      1249.474 9        54.162 9                                                                  25241634.752 8 132645616.143 8      1249.474 8        51.162 8
G29  24915322.678 9 130930856.733 9      3069.262 9        54.275 9                                                                  24915322.678 8 130930856.733 8      3069.262 8        51.275 8
G10  22400518.543 9 117715484.234 9      3262.467 9        55.199 9                                                                  22400518.543 8 117715484.234 8      3262.467 8        52.199 8
G12  20804592.081 9 109328846.636 9       208.278 9        55.841 9                                                                  20804592.081 8 109328846.636 8       208.278 8        52.841 8
G17  24666259.467 9 129622002.221 9     -2945.015 9        54.362 9                                                                  24666259.467 8 129622002.221 8     -2945.015 8        51.362 8
G24  24377298.172 9 128103517.907 9      3065.726 9        54.464 9                                                                  24377298.172 8 128103517.907 8      3065.726 8        51.464 8
G30  22609723.965 9 118814869.080 9      2352.858 9        55.118 9                                                                  22609723.965 8 118814869.080 8      2352.858 8        52.118 8
G05  21267254.014 9 111760149.490 9       706.792 9        55.650 9                                                                  21267254.014 8 111760149.490 8       706.792 8        52.650 8
G04  21926786.126 9 115226008.558 9     -2466.713 9        55.385 9                                                                  21926786.126 8 115226008.558 8     -2466.713 8        52.385 8
E04                                                                  23382387.693 9 122875243.553 9      -138.754 9        57.939 9  23382387.693 9 122875243.553 9      -138.754 9        57.939 9
E05                                                                  26115736.350 9 137239057.589 9     -2049.152 9        56.978 9  26115736.350 9 137239057.589 9     -2049.152 9        56.978 9
E11                                                                  26640681.352 9 139997661.952 9     -2395.902 9        56.806 9  26640681.352 9 139997661.952 9     -2395.902 9        56.806 9
E20                                                                  27850589.240 9 146355756.269 9     -1660.952 9        56.420 9  27850589.240 9 146355756.269 9     -1660.952 9        56.420 9
E09                                                                  25026902.033 9 131517208.056 9      2585.897 9        57.348 9  25026902.033 9 131517208.056 9      2585.897 9        57.348 9
E10                                                                  23770177.299 9 124913088.761 9        26.427 9        57.796 9  23770177.299 9 124913088.761 9        26.427 9        57.796 9
E03                                                                  25063534.552 9 131709720.830 9      1952.117 9        57.336 9  25063534.552 9 131709720.830 9      1952.117 9        57.336 9
> 2026 02 03 10 00 17.0000000  0 18       0.000000000000
G02  20300235.708 9 106678437.689 9      -364.625 9        56.054 9                                                                  20300235.708 8 106678437.689 8      -364.625 8        53.054 8
G09  25244230.301 9 132659266.432 9     -2817.281 9        54.161 9                                                                  25244230.301 8 132659266.432 8     -2817.281 8        51.161 8
G13  25241397.027 9 132644366.898 9      1249.028 9        54.162 9                                                                  25241397.027 8 132644366.898 8      1249.028 8        51.162 8
G29  24914738.614 9 130927787.456 9      3069.289 9        54.275 9                                                                  24914738.614 8 130927787.456 8      3069.289 8        51.275 8
G10  22399897.745 9 117712221.926 9      3262.157 9        55.199 9                                                                  22399897.745 8 117712221.926 8      3262.157 8        52.199 8
G12  20804552.510 9 109328638.688 9       207.615 9        55.841 9                                                                  20804552.510 8 109328638.688 8       207.615 8        52.841 8
G17  24666819.896 9 129624947.283 9     -2945.141 9        54.362 9                                                                  24666819.896 8 129624947.283 8     -2945.141 8        51.362 8
G24  24376714.799 9 128100452.262 9      3065.564 9        54.465 9                                                                  24376714.799 8 128100452.262 8      3065.564 8        51.465 8
G30  22609276.276 9 118812516.462 9      2352.378 9        55.118 9                                                                  22609276.276 8 118812516.462 8      2352.378 8        52.118 8
G05  21267119.578 9 111759443.024 9       706.138 9        55.650 9                                                                  21267119.578 8 111759443.024 8       706.138 8        52.650 8
G04  21927255.543 9 115228475.361 9     -2466.904 9        55.384 9                                                                  21927255.543 8 115228475.361 8     -2466.904 8        52.384 8
E04                                                                  23382414.120 9 122875382.429 9      -139.000 9        57.939 9  23382414.120 9 122875382.429 9      -139.000 9        57.939 9
E05                                                                  26116126.306 9 137241106.817 9     -2049.322 9        56.978 9  26116126.306 9 137241106.817 9     -2049.322 9        56.978 9
E11                                                                  26641137.300 9 140000057.970 9     -2396.152 9        56.805 9  26641137.300 9 140000057.970 9     -2396.152 9        56.805 9
E20                                                                  27850905.338 9 146357417.371 9     -1661.264 9        56.420 9  27850905.338 9 146357417.371 9     -1661.264 9        56.420 9
E09                                                                  25026409.979 9 131514622.300 9      2585.624 9        57.349 9  25026409.979 9 131514622.300 9      2585.624 9        57.349 9
E10                                                                  23770172.315 9 124913062.571 9        25.955 9        57.796 9  23770172.315 9 124913062.571 9        25.955 9        57.796 9
E03                                                                  25063163.085 9 131707768.758 9      1952.030 9        57.336 9  25063163.085 9 131707768.758 9      1952.030 9        57.336 9
> 2026 02 03 10 00 18.0000000  0 18       0.000000000000
G02  20300305.132 9 106678802.511 9      -365.022 9        56.054 9                                                                  20300305.132 8 106678802.511 8      -365.022 8        53.054 8
G09  25244766.408 9 132662083.684 9     -2817.235 9        54.161 9                                                                  25244766.408 8 132662083.684 8     -2817.235 8        51.161 8
G13  25241159.388 9 132643118.100 9      1248.581 9        54.162 9                                                                  25241159.388 8 132643118.100 8      1248.581 8        51.162 8
G29  24914154.544 9 130924718.152 9      3069.317 9        54.275 9                                                                  24914154.544 8 130924718.152 8      3069.317 8        51.275 8
G10  22399277.007 9 117708959.928 9      3261.848 9        55.199 9                                                                  22399277.007 8 117708959.928 8      3261.848 8        52.199 8
G12  20804513.065 9 109328431.404 9       206.952 9        55.841 9                                                                  20804513.065 8 109328431.404 8       206.952 8        52.841 8
G17  24667380.349 9 129627892.472 9     -2945.267 9        54.362 9                                                                  24667380.349 8 129627892.472 8     -2945.267 8        51.362 8
G24  24376131.456 9 128097386.780 9      3065.401 9        54.465 9                                                                  24376131.456 8 128097386.780 8      3065.401 8        51.465 8
G30  22608828.679 9 118810164.324 9      2351.898 9        55.118 9                                                                  22608828.679 8 118810164.324 8      2351.898 8        52.118 8
G05  21266985.266 9 111758737.212 9       705.484 9        55.650 9                                                                  21266985.266 8 111758737.212 8       705.484 8        52.650 8
G04  21927724.997 9 115230942.354 9     -2467.095 9        55.384 9                                                                  21927724.997 8 115230942.354 8     -2467.095 8        52.384 8
E04                                                                  23382440.595 9 122875521.552 9      -139.247 9        57.939 9  23382440.595 9 122875521.552 9      -139.247 9        57.939 9
E05                                                                  26116516.295 9 137243156.215 9     -2049.493 9        56.978 9  26116516.295 9 137243156.215 9     -2049.493 9        56.978 9
E11                                                                  26641593.296 9 140002454.238 9     -2396.402 9        56.805 9  26641593.296 9 140002454.238 9     -2396.402 9        56.805 9
E20                                                                  27851221.497 9 146359078.785 9     -1661.576 9        56.420 9  27851221.497 9 146359078.785 9     -1661.576 9        56.420 9
E09                                                                  25025917.977 9 131512036.818 9      2585.351 9        57.349 9  25025917.977 9 131512036.818 9      2585.351 9        57.349 9
E10                                                                  23770167.421 9 124913036.852 9        25.483 9        57.796 9  23770167.421 9 124913036.852 9        25.483 9        57.796 9
E03                                                                  25062791.634 9 131705816.772 9      1951.943 9        57.336 9  25062791.634 9 131705816.772 9      1951.943 9        57.336 9
> 2026 02 03 10 00 19.0000000  0 18       0.000000000000
G02  20300374.631 9 106679167.730 9      -365.418 9        56.054 9                                                                  20300374.631 8 106679167.730 8      -365.418 8        53.054 8
G09  25245302.506 9 132664900.890 9     -2817.190 9        54.160 9                                                                  25245302.506 8 132664900.890 8     -2817.190 8        51.160 8
G13  25240921.834 9 132641869.748 9      1248.134 9        54.162 9                                                                  25240921.834 8 132641869.748 8      1248.134 8        51.162 8
G29  24913570.469 9 130921648.820 9      3069.345 9        54.275 9                                                                  24913570.469 8 130921648.820 8      3069.345 8        51.275 8
G10  22398656.327 9 117705698.239 9      3261.539 9        55.200 9                                                                  22398656.327 8 117705698.239 8      3261.539 8        52.200 8
G12  20804473.746 9 109328224.783 9       206.289 9        55.841 9                                                                  20804473.746 8 109328224.783 8       206.289 8        52.841 8
G17  24667940.826 9 129630837.786 9     -2945.393 9        54.361 9                                                                  24667940.826 8 129630837.786 8     -2945.393 8        51.361 8
G24  24375548.144 9 128094321.460 9      3065.239 9        54.465 9                                                                  24375548.144 8 128094321.460 8      3065.239 8        51.465 8
G30  22608381.173 9 118807812.666 9      2351.417 9        55.119 9                                                                  22608381.173 8 118807812.666 8      2351.417 8        52.119 8
G05  21266851.079 9 111758032.054 9       704.830 9        55.650 9                                                                  21266851.079 8 111758032.054 8       704.830 8        52.650 8
G04  21928194.488 9 115233409.537 9     -2467.285 9        55.384 9                                                                  21928194.488 8 115233409.537 8     -2467.285 8        52.384 8
E04                                                                  23382467.116 9 122875660.921 9      -139.493 9        57.939 9  23382467.116 9 122875660.921 9      -139.493 9        57.939 9
E05                                                                  26116906.316 9 137245205.783 9     -2049.663 9        56.978 9  26116906.316 9 137245205.783 9     -2049.663 9        56.978 9
E11                                                                  26642049.340 9 140004850.756 9     -2396.652 9        56.805 9  26642049.340 9 140004850.756 9     -2396.652 9        56.805 9
E20                                                                  27851537.714 9 146360740.511 9     -1661.888 9        56.419 9  27851537.714 9 146360740.511 9     -1661.888 9        56.419 9
E09                                                                  25025426.027 9 131509451.609 9      2585.078 9        57.349 9  25025426.027 9 131509451.609 9      2585.078 9        57.349 9
E10                                                                  23770162.617 9 124913011.605 9        25.012 9        57.796 9  23770162.617 9 124913011.605 9        25.012 9        57.796 9
E03                                                                  25062420.199 9 131703864.873 9      1951.856 9        57.336 9  25062420.199 9 131703864.873 9      1951.856 9        57.336 9
> 2026 02 03 10 00 20.0000000  0 18       0.000000000000
G02  20300444.206 9 106679533.345 9      -365.814 9        56.054 9                                                                  20300444.206 8 106679533.345 8      -365.814 8        53.054 8
G09  25245838.596 9 132667718.049 9     -2817.144 9        54.160 9                                                                  25245838.596 8 132667718.049 8     -2817.144 8        51.160 8
G13  25240684.365 9 132640621.844 9      1247.687 9        54.162 9                                                                  25240684.365 8 132640621.844 8      1247.687 8        51.162 8
G29  24912986.389 9 130918579.460 9      3069.373 9        54.276 9                                                                  24912986.389 8 130918579.460 8      3069.373 8        51.276 8
G10  22398035.707 9 117702436.859 9      3261.229 9        55.200 9                                                                  22398035.707 8 117702436.859 8      3261.229 8        52.200 8
G12  20804434.554 9 109328018.824 9       205.627 9        55.841 9                                                                  20804434.554 8 109328018.824 8       205.627 8        52.841 8
G17  24668501.328 9 129633783.227 9     -2945.519 9        54.361 9                                                                  24668501.328 8 129633783.227 8     -2945.519 8        51.361 8
G24  24374964.864 9 128091256.303 9      3065.077 9        54.465 9                                                                  24374964.864 8 128091256.303 8      3065.077 8        51.465 8
G30  22607933.759 9 118805461.489 9      2350.937 9        55.119 9                                                                  22607933.759 8 118805461.489 8      2350.937 8        52.119 8
G05  21266717.017 9 111757327.550 9       704.176 9        55.650 9                                                                  21266717.017 8 111757327.550 8       704.176 8        52.650 8
G04  21928664.014 9 115235876.911 9     -2467.476 9        55.384 9                                                                  21928664.014 8 115235876.911 8     -2467.476 8        52.384 8
E04                                                                  23382493.684 9 122875800.536 9      -139.739 9        57.939 9  23382493.684 9 122875800.536 9      -139.739 9        57.939 9
E05                                                                  26117296.370 9 137247255.522 9     -2049.833 9        56.978 9  26117296.370 9 137247255.522 9     -2049.833 9        56.978 9
E11                                                                  26642505.431 9 140007247.523 9     -2396.901 9        56.805 9  26642505.431 9 140007247.523 9     -2396.901 9        56.805 9
E20                                                                  27851853.991 9 146362402.549 9     -1662.200 9        56.419 9  27851853.991 9 146362402.549 9     -1662.200 9        56.419 9
E09                                                                  25024934.129 9 131506866.673 9      2584.804 9        57.349 9  25024934.129 9 131506866.673 9      2584.804 9        57.349 9
E10                                                                  23770157.902 9 124912986.829 9        24.540 9        57.796 9  23770157.902 9 124912986.829 9        24.540 9        57.796 9
E03                                                                  25062048.782 9 131701913.061 9      1951.769 9        57.336 9  25062048.782 9 131701913.061 9      1951.769 9        57.336 9
> 2026 02 03 10 00 21.0000000  0 18       0.000000000000
G02  20300513.855 9 106679899.357 9      -366.211 9        56.054 9                                                                  20300513.855 8 106679899.357 8      -366.211 8        53.054 8
G09  25246374.677 9 132670535.163 9     -2817.097 9        54.160 9                                                                  25246374.677 8 132670535.163 8     -2817.097 8        51.160 8
G13  25240446.981 9 132639374.386 9      1247.240 9        54.162 9                                                                  25240446.981 8 132639374.386 8      1247.240 8        51.162 8
G29  24912402.304 9 130915510.073 9      3069.400 9        54.276 9                                                                  24912402.304 8 130915510.073 8      3069.400 8        51.276 8
G10  22397415.145 9 117699175.789 9      3260.920 9        55.200 9                                                                  22397415.145 8 117699175.789 8      3260.920 8        52.200 8
G12  20804395.488 9 109327813.528 9       204.964 9        55.841 9                                                                  20804395.488 8 109327813.528 8       204.964 8        52.841 8
G17  24669061.853 9 129636728.793 9     -2945.646 9        54.361 9                                                                  24669061.853 8 129636728.793 8     -2945.646 8        51.361 8
G24  24374381.614 9 128088191.307 9      3064.915 9        54.465 9                                                                  24374381.614 8 128088191.307 8      3064.915 8        51.465 8
G30  22607486.436 9 118803110.792 9      2350.456 9        55.119 9                                                                  22607486.436 8 118803110.792 8      2350.456 8        52.119 8
G05  21266583.079 9 111756623.701 9       703.522 9        55.650 9                                                                  21266583.079 8 111756623.701 8       703.522 8        52.650 8
G04  21929133.577 9 115238344.476 9     -2467.666 9        55.384 9                                                                  21929133.577 8 115238344.476 8     -2467.666 8        52.384 8
E04                                                                  23382520.299 9 122875940.398 9      -139.986 9        57.939 9  23382520.299 9 122875940.398 9      -139.986 9        57.939 9
E05                                                                  26117686.456 9 137249305.431 9     -2050.004 9        56.978 9  26117686.456 9 137249305.431 9     -2050.004 9        56.978 9
E11                                                                  26642961.570 9 140009644.540 9     -2397.151 9        56.805 9  26642961.570 9 140009644.540 9     -2397.151 9        56.805 9
E20                                                                  27852170.327 9 146364064.899 9     -1662.512 9        56.419 9  27852170.327 9 146364064.899 9     -1662.512 9        56.419 9
E09                                                                  25024442.283 9 131504282.010 9      2584.531 9        57.349 9  25024442.283 9 131504282.010 9      2584.531 9        57.349 9
E10                                                                  23770153.277 9 124912962.525 9        24.069 9        57.796 9  23770153.277 9 124912962.525 9        24.069 9        57.796 9
E03                                                                  25061677.380 9 131699961.336 9      1951.683 9        57.336 9  25061677.380 9 131699961.336 9      1951.683 9        57.336 9
> 2026 02 03 10 00 22.0000000  0 18       0.000000000000
G02  20300583.581 9 106680265.765 9      -366.607 9        56.054 9                                                                  20300583.581 8 106680265.765 8      -366.607 8        53.054 8
G09  25246910.749 9 132673352.231 9     -2817.051 9        54.160 9                                                                  25246910.749 8 132673352.231 8     -2817.051 8        51.160 8
G13  25240209.682 9 132638127.376 9      1246.792 9        54.162 9                                                                  25240209.682 8 132638127.376 8      1246.792 8        51.162 8
G29  24911818.213 9 130912440.658 9      3069.428 9        54.276 9                                                                  24911818.213 8 130912440.658 8      3069.428 8        51.276 8
G10  22396794.642 9 117695915.028 9      3260.610 9        55.200 9                                                                  22396794.642 8 117695915.028 8      3260.610 8        52.200 8
G12  20804356.547 9 109327608.894 9       204.301 9        55.841 9                                                                  20804356.547 8 109327608.894 8       204.301 8        52.841 8
G17  24669622.402 9 129639674.486 9     -2945.772 9        54.361 9                                                                  24669622.402 8 129639674.486 8     -2945.772 8        51.361 8
G24  24373798.395 9 128085126.474 9      3064.752 9        54.466 9                                                                  24373798.395 8 128085126.474 8      3064.752 8        51.466 8
G30  22607039.204 9 118800760.576 9      2349.976 9        55.119 9                                                                  22607039.204 8 118800760.576 8      2349.976 8        52.119 8
G05  21266449.265 9 111755920.505 9       702.868 9        55.650 9                                                                  21266449.265 8 111755920.505 8       702.868 8        52.650 8
G04  21929603.176 9 115240812.231 9     -2467.856 9        55.383 9                                                                  21929603.176 8 115240812.231 8     -2467.856 8        52.383 8
E04                                                                  23382546.961 9 122876080.506 9      -140.232 9        57.939 9  23382546.961 9 122876080.506 9      -140.232 9        57.939 9
E05                                                                  26118076.575 9 137251355.510 9     -2050.174 9        56.978 9  26118076.575 9 137251355.510 9     -2050.174 9        56.978 9
E11                                                                  26643417.756 9 140012041.806 9     -2397.400 9        56.805 9  26643417.756 9 140012041.806 9     -2397.400 9        56.805 9
E20                                                                  27852486.723 9 146365727.561 9     -1662.824 9        56.419 9  27852486.723 9 146365727.561 9     -1662.824 9        56.419 9
E09                                                                  25023950.489 9 131501697.621 9      2584.258 9        57.349 9  25023950.489 9 131501697.621 9      2584.258 9        57.349 9
E10                                                                  23770148.742 9 124912938.692 9        23.597 9        57.796 9  23770148.742 9 124912938.692 9        23.597 9        57.796 9
E03                                                                  25061305.995 9 131698009.698 9      1951.595 9        57.336 9  25061305.995 9 131698009.698 9      1951.595 9        57.336 9
> 2026 02 03 10 00 23.0000000  0 18       0.000000000000
G02  20300653.381 9 106680632.569 9      -367.003 9        56.054 9                                                                  20300653.381 8 106680632.569 8      -367.003 8        53.054 8
G09  25247446.812 9 132676169.253 9     -2817.005 9        54.160 9                                                                  25247446.812 8 132676169.253 8     -2817.005 8        51.160 8
G13  25239972.468 9 132636880.813 9      1246.345 9        54.162 9                                                                  25239972.468 8 132636880.813 8      1246.345 8        51.162 8
G29  24911234.117 9 130909371.215 9      3069.456 9        54.276 9                                                                  24911234.117 8 130909371.215 8      3069.456 8        51.276 8
G10  22396174.198 9 117692654.577 9      3260.300 9        55.201 9                                                                  22396174.198 8 117692654.577 8      3260.300 8        52.201 8
G12  20804317.733 9 109327404.924 9       203.638 9        55.841 9                                                                  20804317.733 8 109327404.924 8       203.638 8        52.841 8
G17  24670182.975 9 129642620.305 9     -2945.898 9        54.361 9                                                                  24670182.975 8 129642620.305 8     -2945.898 8        51.361 8
G24  24373215.206 9 128082061.802 9      3064.590 9        54.466 9                                                                  24373215.206 8 128082061.802 8      3064.590 8        51.466 8
G30  22606592.064 9 118798410.841 9      2349.495 9        55.119 9                                                                  22606592.064 8 118798410.841 8      2349.495 8        52.119 8
G05  21266315.576 9 111755217.963 9       702.213 9        55.650 9                                                                  21266315.576 8 111755217.963 8       702.213 8        52.650 8
G04  21930072.811 9 115243280.176 9     -2468.047 9        55.383 9                                                                  21930072.811 8 115243280.176 8     -2468.047 8        52.383 8
E04                                                                  23382573.669 9 122876220.861 9      -140.478 9        57.939 9  23382573.669 9 122876220.861 9      -140.478 9        57.939 9
E05                                                                  26118466.726 9 137253405.760 9     -2050.344 9        56.978 9  26118466.726 9 137253405.760 9     -2050.344 9        56.978 9
E11                                                                  26643873.989 9 140014439.322 9     -2397.650 9        56.805 9  26643873.989 9 140014439.322 9     -2397.650 9        56.805 9
E20                                                                  27852803.178 9 146367390.534 9     -1663.136 9        56.419 9  27852803.178 9 146367390.534 9     -1663.136 9        56.419 9
E09                                                                  25023458.747 9 131499113.505 9      2583.984 9        57.350 9  25023458.747 9 131499113.505 9      2583.984 9        57.350 9
E10                                                                  23770144.296 9 124912915.331 9        23.126 9        57.796 9  23770144.296 9 124912915.331 9        23.126 9        57.796 9
E03                                                                  25060934.627 9 131696058.147 9      1951.508 9        57.337 9  25060934.627 9 131696058.147 9      1951.508 9        57.337 9
> 2026 02 03 10 00 24.0000000  0 18       0.000000000000
G02  20300723.258 9 106680999.770 9      -367.400 9        56.054 9                                                                  20300723.258 8 106680999.770 8      -367.400 8        53.054 8
G09  25247982.866 9 132678986.228 9     -2816.959 9        54.160 9                                                                  25247982.866 8 132678986.228 8     -2816.959 8        51.160 8
G13  25239735.339 9 132635634.697 9      1245.898 9        54.162 9                                                                  25239735.339 8 132635634.697 8      1245.898 8        51.162 8
G29  24910650.016 9 130906301.744 9      3069.483 9        54.276 9                                                                  24910650.016 8 130906301.744 8      3069.483 8        51.276 8
G10  22395553.813 9 117689394.436 9      3259.991 9        55.201 9                                                                  22395553.813 8 117689394.436 8      3259.991 8        52.201 8
G12  20804279.045 9 109327201.617 9       202.975 9        55.841 9                                                                  20804279.045 8 109327201.617 8       202.975 8        52.841 8
G17  24670743.572 9 129645566.249 9     -2946.024 9        54.360 9                                                                  24670743.572 8 129645566.249 8     -2946.024 8        51.360 8
G24  24372632.049 9 128078997.294 9      3064.428 9        54.466 9                                                                  24372632.049 8 128078997.294 8      3064.428 8        51.466 8
G30  22606145.015 9 118796061.586 9      2349.014 9        55.120 9                                                                  22606145.015 8 118796061.586 8      2349.014 8        52.120 8
G05  21266182.011 9 111754516.076 9       701.559 9        55.650 9                                                                  21266182.011 8 111754516.076 8       701.559 8        52.650 8
G04  21930542.483 9 115245748.312 9     -2468.237 9        55.383 9                                                                  21930542.483 8 115245748.312 8     -2468.237 8        52.383 8
E04                                                                  23382600.425 9 122876361.462 9      -140.725 9        57.939 9  23382600.425 9 122876361.462 9      -140.725 9        57.939 9
E05                                                                  26118856.909 9 137255456.180 9     -2050.515 9        56.977 9  26118856.909 9 137255456.180 9     -2050.515 9        56.977 9
E11                                                                  26644330.270 9 140016837.087 9     -2397.899 9        56.804 9  26644330.270 9 140016837.087 9     -2397.899 9        56.804 9
E20                                                                  27853119.692 9 146369053.819 9     -1663.447 9        56.419 9  27853119.692 9 146369053.819 9     -1663.447 9        56.419 9
E09                                                                  25022967.058 9 131496529.663 9      2583.711 9        57.350 9  25022967.058 9 131496529.663 9      2583.711 9        57.350 9
E10                                                                  23770139.940 9 124912892.441 9        22.654 9        57.796 9  23770139.940 9 124912892.441 9        22.654 9        57.796 9
E03                                                                  25060563.276 9 131694106.683 9      1951.421 9        57.337 9  25060563.276 9 131694106.683 9      1951.421 9        57.337 9
> 2026 02 03 10 00 25.0000000  0 18       0.000000000000
G02  20300793.209 9 106681367.367 9      -367.796 9        56.054 9                                                                  20300793.209 8 106681367.367 8      -367.796 8        53.054 8
G09  25248518.911 9 132681803.156 9     -2816.912 9        54.159 9                                                                  25248518.911 8 132681803.156 8     -2816.912 8        51.159 8
G13  25239498.295 9 132634389.029 9      1245.450 9        54.162 9                                                                  25239498.295 8 132634389.029 8      1245.450 8        51.162 8
G29  24910065.909 9 130903232.246 9      3069.511 9        54.277 9                                                                  24910065.909 8 130903232.246 8      3069.511 8        51.277 8
G10  22394933.487 9 117686134.605 9      3259.681 9        55.201 9                                                                  22394933.487 8 117686134.605 8      3259.681 8        52.201 8
G12  20804240.483 9 109326998.972 9       202.312 9        55.841 9                                                                  20804240.483 8 109326998.972 8       202.312 8        52.841 8
G17  24671304.193 9 129648512.320 9     -2946.150 9        54.360 9                                                                  24671304.193 8 129648512.320 8     -2946.150 8        51.360 8
G24  24372048.923 9 128075932.947 9      3064.266 9        54.466 9                                                                  24372048.923 8 128075932.947 8      3064.266 8        51.466 8
G30  22605698.058 9 118793712.813 9      2348.533 9        55.120 9                                                                  22605698.058 8 118793712.813 8      2348.533 8        52.120 8
G05  21266048.571 9 111753814.843 9       700.905 9        55.650 9                                                                  21266048.571 8 111753814.843 8       700.905 8        52.650 8
G04  21931012.190 9 115248216.638 9     -2468.427 9        55.383 9                                                                  21931012.190 8 115248216.638 8     -2468.427 8        52.383 8
E04                                                                  23382627.227 9 122876502.309 9      -140.971 9        57.939 9  23382627.227 9 122876502.309 9      -140.971 9        57.939 9
E05                                                                  26119247.125 9 137257506.771 9     -2050.685 9        56.977 9  26119247.125 9 137257506.771 9     -2050.685 9        56.977 9
E11                                                                  26644786.599 9 140019235.102 9     -2398.149 9        56.804 9  26644786.599 9 140019235.102 9     -2398.149 9        56.804 9
E20                                                                  27853436.265 9 146370717.416 9     -1663.759 9        56.419 9  27853436.265 9 146370717.416 9     -1663.759 9        56.419 9
E09                                                                  25022475.420 9 131493946.094 9      2583.438 9        57.350 9  25022475.420 9 131493946.094 9      2583.438 9        57.350 9
E10                                                                  23770135.674 9 124912870.023 9        22.183 9        57.796 9  23770135.674 9 124912870.023 9        22.183 9        57.796 9
E03                                                                  25060191.940 9 131692155.305 9      1951.335 9        57.337 9  25060191.940 9 131692155.305 9      1951.335 9        57.337 9
> 2026 02 03 10 00 26.0000000  0 18       0.000000000000
G02  20300863.236 9 106681735.360 9      -368.192 9        56.054 9                                                                  20300863.236 8 106681735.360 8      -368.192 8        53.054 8
G09  25249054.948 9 132684620.039 9     -2816.866 9        54.159 9                                                                  25249054.948 8 132684620.039 8     -2816.866 8        51.159 8
G13  25239261.337 9 132633143.808 9      1245.003 9        54.163 9                                                                  25239261.337 8 132633143.808 8      1245.003 8        51.163 8
G29  24909481.798 9 130900162.721 9      3069.538 9        54.277 9                                                                  24909481.798 8 130900162.721 8      3069.538 8        51.277 8
G10  22394313.220 9 117682875.084 9      3259.371 9        55.201 9                                                                  22394313.220 8 117682875.084 8      3259.371 8        52.201 8
G12  20804202.048 9 109326796.990 9       201.649 9        55.841 9                                                                  20804202.048 8 109326796.990 8       201.649 8        52.841 8
G17  24671864.838 9 129651458.517 9     -2946.275 9        54.360 9                                                                  24671864.838 8 129651458.517 8     -2946.275 8        51.360 8
G24  24371465.827 9 128072868.763 9      3064.103 9        54.466 9                                                                  24371465.827 8 128072868.763 8      3064.103 8        51.466 8
G30  22605251.193 9 118791364.520 9      2348.052 9        55.120 9                                                                  22605251.193 8 118791364.520 8      2348.052 8        52.120 8
G05  21265915.256 9 111753114.265 9       700.251 9        55.650 9                                                                  21265915.256 8 111753114.265 8       700.251 8        52.650 8
G04  21931481.934 9 115250685.154 9     -2468.617 9        55.383 9                                                                  21931481.934 8 115250685.154 8     -2468.617 8        52.383 8
E04                                                                  23382654.077 9 122876643.403 9      -141.218 9        57.939 9  23382654.077 9 122876643.403 9      -141.218 9        57.939 9
E05                                                                  26119637.373 9 137259557.532 9     -2050.856 9        56.977 9  26119637.373 9 137259557.532 9     -2050.856 9        56.977 9
E11                                                                  26645242.974 9 140021633.366 9     -2398.398 9        56.804 9  26645242.974 9 140021633.366 9     -2398.398 9        56.804 9
E20                                                                  27853752.898 9 146372381.325 9     -1664.070 9        56.419 9  27853752.898 9 146372381.325 9     -1664.070 9        56.419 9
E09                                                                  25021983.834 9 131491362.798 9      2583.164 9        57.350 9  25021983.834 9 131491362.798 9      2583.164 9        57.350 9
E10                                                                  23770131.498 9 124912848.076 9        21.711 9        57.796 9  23770131.498 9 124912848.076 9        21.711 9        57.796 9
E03                                                                  25059820.622 9 131690204.015 9      1951.247 9        57.337 9  25059820.622 9 131690204.015 9      1951.247 9        57.337 9
> 2026 02 03 10 00 27.0000000  0 18       0.000000000000
G02  20300933.338 9 106682103.749 9      -368.588 9        56.054 9                                                                  20300933.338 8 106682103.749 8      -368.588 8        53.054 8
G09  25249590.976 9 132687436.874 9     -2816.819 9        54.159 9                                                                  25249590.976 8 132687436.874 8     -2816.819 8        51.159 8
G13  25239024.463 9 132631899.035 9      1244.555 9        54.163 9                                                                  25239024.463 8 132631899.035 8      1244.555 8        51.163 8
G29  24908897.681 9 130897093.167 9      3069.566 9        54.277 9                                                                  24908897.681 8 130897093.167 8      3069.566 8        51.277 8
G10  22393693.012 9 117679615.873 9      3259.060 9        55.202 9                                                                  22393693.012 8 117679615.873 8      3259.060 8        52.202 8
G12  20804163.738 9 109326595.671 9       200.987 9        55.841 9                                                                  20804163.738 8 109326595.671 8       200.987 8        52.841 8
G17  24672425.507 9 129654404.839 9     -2946.402 9        54.360 9                                                                  24672425.507 8 129654404.839 8     -2946.402 8        51.360 8
G24  24370882.763 9 128069804.742 9      3063.941 9        54.467 9                                                                  24370882.763 8 128069804.742 8      3063.941 8        51.467 8
G30  22604804.419 9 118789016.709 9      2347.571 9        55.120 9                                                                  22604804.419 8 118789016.709 8      2347.571 8        52.120 8
G05  21265782.064 9 111752414.340 9       699.596 9        55.650 9                                                                  21265782.064 8 111752414.340 8       699.596 8        52.650 8
G04  21931951.714 9 115253153.860 9     -2468.808 9        55.383 9                                                                  21931951.714 8 115253153.860 8     -2468.808 8        52.383 8
E04                                                                  23382680.973 9 122876784.743 9      -141.464 9        57.939 9  23382680.973 9 122876784.743 9      -141.464 9        57.939 9
E05                                                                  26120027.654 9 137261608.463 9     -2051.026 9        56.977 9  26120027.654 9 137261608.463 9     -2051.026 9        56.977 9
E11                                                                  26645699.398 9 140024031.878 9     -2398.647 9        56.804 9  26645699.398 9 140024031.878 9     -2398.647 9        56.804 9
E20                                                                  27854069.590 9 146374045.544 9     -1664.382 9        56.419 9  27854069.590 9 146374045.544 9     -1664.382 9        56.419 9
E09                                                                  25021492.300 9 131488779.776 9      2582.890 9        57.350 9  25021492.300 9 131488779.776 9      2582.890 9        57.350 9
E10                                                                  23770127.411 9 124912826.601 9        21.240 9        57.796 9  23770127.411 9 124912826.601 9        21.240 9        57.796 9
E03                                                                  25059449.320 9 131688252.812 9      1951.160 9        57.337 9  25059449.320 9 131688252.812 9      1951.160 9        57.337 9
> 2026 02 03 10 00 28.0000000  0 18       0.000000000000
G02  20301003.516 9 106682472.535 9      -368.984 9        56.054 9                                                                  20301003.516 8 106682472.535 8      -368.984 8        53.054 8
G09  25250126.995 9 132690253.663 9     -2816.772 9        54.159 9                                                                  25250126.995 8 132690253.663 8     -2816.772 8        51.159 8
G13  25238787.675 9 132630654.709 9      1244.108 9        54.163 9                                                                  25238787.675 8 132630654.709 8      1244.108 8        51.163 8
G29  24908313.559 9 130894023.587 9      3069.593 9        54.277 9                                                                  24908313.559 8 130894023.587 8      3069.593 8        51.277 8
G10  22393072.863 9 117676356.972 9      3258.750 9        55.202 9                                                                  22393072.863 8 117676356.972 8      3258.750 8        52.202 8
G12  20804125.555 9 109326395.015 9       200.324 9        55.841 9                                                                  20804125.555 8 109326395.015 8       200.324 8        52.841 8
G17  24672986.200 9 129657351.288 9     -2946.527 9        54.360 9                                                                  24672986.200 8 129657351.288 8     -2946.527 8        51.360 8
G24  24370299.729 9 128066740.882 9      3063.778 9        54.467 9                                                                  24370299.729 8 128066740.882 8      3063.778 8        51.467 8
G30  22604357.736 9 118786669.378 9      2347.090 9        55.120 9                                                                  22604357.736 8 118786669.378 8      2347.090 8        52.120 8
G05  21265648.998 9 111751715.070 9       698.942 9        55.650 9                                                                  21265648.998 8 111751715.070 8       698.942 8        52.650 8
G04  21932421.531 9 115255622.756 9     -2468.998 9        55.382 9                                                                  21932421.531 8 115255622.756 8     -2468.998 8        52.382 8
E04                                                                  23382707.916 9 122876926.331 9      -141.711 9        57.939 9  23382707.916 9 122876926.331 9      -141.711 9        57.939 9
E05                                                                  26120417.967 9 137263659.565 9     -2051.197 9        56.977 9  26120417.967 9 137263659.565 9     -2051.197 9        56.977 9
E11                                                                  26646155.868 9 140026430.641 9     -2398.896 9        56.804 9  26646155.868 9 140026430.641 9     -2398.896 9        56.804 9
E20                                                                  27854386.342 9 146375710.076 9     -1664.693 9        56.419 9  27854386.342 9 146375710.076 9     -1664.693 9        56.419 9
E09                                                                  25021000.818 9 131486197.027 9      2582.617 9        57.350 9  25021000.818 9 131486197.027 9      2582.617 9        57.350 9
E10                                                                  23770123.415 9 124912805.597 9        20.768 9        57.796 9  23770123.415 9 124912805.597 9        20.768 9        57.796 9
E03                                                                  25059078.034 9 131686301.696 9      1951.073 9        57.337 9  25059078.034 9 131686301.696 9      1951.073 9        57.337 9
> 2026 02 03 10 00 29.0000000  0 18       0.000000000000
G02  20301073.769 9 106682841.716 9      -369.380 9        56.054 9                                                                  20301073.769 8 106682841.716 8      -369.380 8        53.054 8
G09  25250663.004 9 132693070.405 9     -2816.725 9        54.159 9                                                                  25250663.004 8 132693070.405 8     -2816.725 8        51.159 8
G13  25238550.972 9 132629410.831 9      1243.660 9        54.163 9                                                                  25238550.972 8 132629410.831 8      1243.660 8        51.163 8
G29  24907729.431 9 130890953.979 9      3069.621 9        54.277 9                                                                  24907729.431 8 130890953.979 8      3069.621 8        51.277 8
G10  22392452.773 9 117673098.381 9      3258.440 9        55.202 9                                                                  22392452.773 8 117673098.381 8      3258.440 8        52.202 8
G12  20804087.497 9 109326195.022 9       199.661 9        55.841 9                                                                  20804087.497 8 109326195.022 8       199.661 8        52.841 8
G17  24673546.917 9 129660297.862 9     -2946.653 9        54.359 9                                                                  24673546.917 8 129660297.862 8     -2946.653 8        51.359 8
G24  24369716.726 9 128063677.185 9      3063.616 9        54.467 9                                                                  24369716.726 8 128063677.185 8      3063.616 8        51.467 8
G30  22603911.145 9 118784322.529 9      2346.608 9        55.120 9                                                                  22603911.145 8 118784322.529 8      2346.608 8        52.120 8
G05  21265516.056 9 111751016.455 9       698.288 9        55.651 9                                                                  21265516.056 8 111751016.455 8       698.288 8        52.651 8
G04  21932891.383 9 115258091.843 9     -2469.188 9        55.382 9                                                                  21932891.383 8 115258091.843 8     -2469.188 8        52.382 8
E04                                                                  23382734.907 9 122877068.164 9      -141.958 9        57.939 9  23382734.907 9 122877068.164 9      -141.958 9        57.939 9
E05                                                                  26120808.313 9 137265710.836 9     -2051.367 9        56.977 9  26120808.313 9 137265710.836 9     -2051.367 9        56.977 9
E11                                                                  26646612.386 9 140028829.652 9     -2399.145 9        56.804 9  26646612.386 9 140028829.652 9     -2399.145 9        56.804 9
E20                                                                  27854703.152 9 146377374.918 9     -1665.005 9        56.419 9  27854703.152 9 146377374.918 9     -1665.005 9        56.419 9
E09                                                                  25020509.389 9 131483614.553 9      2582.343 9        57.351 9  25020509.389 9 131483614.553 9      2582.343 9        57.351 9
E10                                                                  23770119.507 9 124912785.065 9        20.297 9        57.796 9  23770119.507 9 124912785.065 9        20.297 9        57.796 9
E03                                                                  25058706.766 9 131684350.668 9      1950.986 9        57.337 9  25058706.766 9 131684350.668 9      1950.986 9        57.337 9
> 2026 02 03 10 00 30.0000000  0 18       0.000000000000
G02  20301144.098 9 106683211.294 9      -369.777 9        56.054 9                                                                  20301144.098 8 106683211.294 8      -369.777 8        53.054 8
G09  25251199.005 9 132695887.100 9     -2816.678 9        54.158 9                                                                  25251199.005 8 132695887.100 8     -2816.678 8        51.158 8
G13  25238314.355 9 132628167.400 9      1243.212 9        54.163 9                                                                  25238314.355 8 132628167.400 8      1243.212 8        51.163 8
G29  24907145.298 9 130887884.343 9      3069.648 9        54.278 9                                                                  24907145.298 8 130887884.343 8      3069.648 8        51.278 8
G10  22391832.742 9 117669840.101 9      3258.129 9        55.202 9                                                                  22391832.742 8 117669840.101 8      3258.129 8        52.202 8
G12  20804049.566 9 109325995.692 9       198.998 9        55.841 9                                                                  20804049.566 8 109325995.692 8       198.998 8        52.841 8
G17  24674107.657 9 129663244.562 9     -2946.779 9        54.359 9                                                                  24674107.657 8 129663244.562 8     -2946.779 8        51.359 8
G24  24369133.754 9 128060613.651 9      3063.453 9        54.467 9                                                                  24369133.754 8 128060613.651 8      3063.453 8        51.467 8
G30  22603464.646 9 118781976.162 9      2346.127 9        55.121 9                                                                  22603464.646 8 118781976.162 8      2346.127 8        52.121 8
G05  21265383.238 9 111750318.494 9       697.633 9        55.651 9                                                                  21265383.238 8 111750318.494 8       697.633 8        52.651 8
G04  21933361.271 9 115260561.119 9     -2469.377 9        55.382 9                                                                  21933361.271 8 115260561.119 8     -2469.377 8        52.382 8
E04                                                                  23382761.944 9 122877210.244 9      -142.204 9        57.939 9  23382761.944 9 122877210.244 9      -142.204 9        57.939 9
E05                                                                  26121198.690 9 137267762.279 9     -2051.537 9        56.977 9  26121198.690 9 137267762.279 9     -2051.537 9        56.977 9
E11                                                                  26647068.952 9 140031228.912 9     -2399.394 9        56.803 9  26647068.952 9 140031228.912 9     -2399.394 9        56.803 9
E20                                                                  27855020.022 9 146379040.072 9     -1665.316 9        56.418 9  27855020.022 9 146379040.072 9     -1665.316 9        56.418 9
E09                                                                  25020018.011 9 131481032.352 9      2582.069 9        57.351 9  25020018.011 9 131481032.352 9      2582.069 9        57.351 9
E10                                                                  23770115.690 9 124912765.004 9        19.825 9        57.796 9  23770115.690 9 124912765.004 9        19.825 9        57.796 9
E03                                                                  25058335.513 9 131682399.727 9      1950.899 9        57.337 9  25058335.513 9 131682399.727 9      1950.899 9        57.337 9
> 2026 02 03 10 00 31.0000000  0 18       0.000000000000
G02  20301214.501 9 106683581.267 9      -370.173 9        56.054 9                                                                  20301214.501 8 106683581.267 8      -370.173 8        53.054 8
G09  25251734.997 9 132698703.748 9     -2816.631 9        54.158 9                                                                  25251734.997 8 132698703.748 8     -2816.631 8        51.158 8
G13  25238077.822 9 132626924.418 9      1242.764 9        54.163 9                                                                  25238077.822 8 132626924.418 8      1242.764 8        51.163 8
G29  24906561.161 9 130884814.680 9      3069.676 9        54.278 9                                                                  24906561.161 8 130884814.680 8      3069.676 8        51.278 8
G10  22391212.770 9 117666582.131 9      3257.819 9        55.203 9                                                                  22391212.770 8 117666582.131 8      3257.819 8        52.203 8
G12  20804011.761 9 109325797.025 9       198.335 9        55.841 9                                                                  20804011.761 8 109325797.025 8       198.335 8        52.841 8
G17  24674668.422 9 129666191.389 9     -2946.905 9        54.359 9                                                                  24674668.422 8 129666191.389 8     -2946.905 8        51.359 8
G24  24368550.813 9 128057550.279 9      3063.291 9        54.467 9                                                                  24368550.813 8 128057550.279 8      3063.291 8        51.467 8
G30  22603018.239 9 118779630.276 9      2345.645 9        55.121 9                                                                  22603018.239 8 118779630.276 8      2345.645 8        52.121 8
G05  21265250.545 9 111749621.187 9       696.979 9        55.651 9                                                                  21265250.545 8 111749621.187 8       696.979 8        52.651 8
G04  21933831.196 9 115263030.585 9     -2469.567 9        55.382 9                                                                  21933831.196 8 115263030.585 8     -2469.567 8        52.382 8
E04                                                                  23382789.028 9 122877352.571 9      -142.451 9        57.939 9  23382789.028 9 122877352.571 9      -142.451 9        57.939 9
E05                                                                  26121589.101 9 137269813.891 9     -2051.707 9        56.976 9  26121589.101 9 137269813.891 9     -2051.707 9        56.976 9
E11                                                                  26647525.565 9 140033628.421 9     -2399.643 9        56.803 9  26647525.565 9 140033628.421 9     -2399.643 9        56.803 9
E20                                                                  27855336.951 9 146380705.537 9     -1665.627 9        56.418 9  27855336.951 9 146380705.537 9     -1665.627 9        56.418 9
E09                                                                  25019526.686 9 131478450.425 9      2581.795 9        57.351 9  25019526.686 9 131478450.425 9      2581.795 9        57.351 9
E10                                                                  23770111.962 9 124912745.414 9        19.354 9        57.796 9  23770111.962 9 124912745.414 9        19.354 9        57.796 9
E03                                                                  25057964.278 9 131680448.873 9      1950.811 9        57.338 9  25057964.278 9 131680448.873 9      1950.811 9        57.338 9
> 2026 02 03 10 00 32.0000000  0 18       0.000000000000
G02  20301284.981 9 106683951.637 9      -370.568 9        56.054 9                                                                  20301284.981 8 106683951.637 8      -370.568 8        53.054 8
G09  25252270.980 9 132701520.348 9     -2816.584 9        54.158 9                                                                  25252270.980 8 132701520.348 8     -2816.584 8        51.158 8
G13  25237841.375 9 132625681.883 9      1242.316 9        54.163 9                                                                  25237841.375 8 132625681.883 8      1242.316 8        51.163 8
G29  24905977.018 9 130881744.990 9      3069.703 9        54.278 9                                                                  24905977.018 8 130881744.990 8      3069.703 8        51.278 8
G10  22390592.857 9 117663324.472 9      3257.508 9        55.203 9                                                                  22390592.857 8 117663324.472 8      3257.508 8        52.203 8
G12  20803974.083 9 109325599.021 9       197.672 9        55.841 9                                                                  20803974.083 8 109325599.021 8       197.672 8        52.841 8
G17  24675229.211 9 129669138.341 9     -2947.031 9        54.359 9                                                                  24675229.211 8 129669138.341 8     -2947.031 8        51.359 8
G24  24367967.903 9 128054487.070 9      3063.128 9        54.468 9                                                                  24367967.903 8 128054487.070 8      3063.128 8        51.468 8
G30  22602571.923 9 118777284.871 9      2345.164 9        55.121 9                                                                  22602571.923 8 118777284.871 8      2345.164 8        52.121 8
G05  21265117.977 9 111748924.535 9       696.324 9        55.651 9                                                                  21265117.977 8 111748924.535 8       696.324 8        52.651 8
G04  21934301.157 9 115265500.241 9     -2469.757 9        55.382 9                                                                  21934301.157 8 115265500.241 8     -2469.757 8        52.382 8
E04                                                                  23382816.159 9 122877495.145 9      -142.698 9        57.939 9  23382816.159 9 122877495.145 9      -142.698 9        57.939 9
E05                                                                  26121979.544 9 137271865.674 9     -2051.878 9        56.976 9  26121979.544 9 137271865.674 9     -2051.878 9        56.976 9
E11                                                                  26647982.225 9 140036028.179 9     -2399.892 9        56.803 9  26647982.225 9 140036028.179 9     -2399.892 9        56.803 9
E20                                                                  27855653.939 9 146382371.314 9     -1665.938 9        56.418 9  27855653.939 9 146382371.314 9     -1665.938 9        56.418 9
E09                                                                  25019035.412 9 131475868.771 9      2581.522 9        57.351 9  25019035.412 9 131475868.771 9      2581.522 9        57.351 9
E10                                                                  23770108.324 9 124912726.296 9        18.883 9        57.796 9  23770108.324 9 124912726.296 9        18.883 9        57.796 9
E03                                                                  25057593.059 9 131678498.105 9      1950.724 9        57.338 9  25057593.059 9 131678498.105 9      1950.724 9        57.338 9
> 2026 02 03 10 00 33.0000000  0 18       0.000000000000
G02  20301355.535 9 106684322.402 9      -370.964 9        56.054 9                                                                  20301355.535 8 106684322.402 8      -370.964 8        53.054 8
G09  25252806.954 9 132704336.902 9     -2816.536 9        54.158 9                                                                  25252806.954 8 132704336.902 8     -2816.536 8        51.158 8
G13  25237605.013 9 132624439.797 9      1241.868 9        54.163 9                                                                  25237605.013 8 132624439.797 8      1241.868 8        51.163 8
G29  24905392.869 9 130878675.272 9      3069.731 9        54.278 9                                                                  24905392.869 8 130878675.272 8      3069.731 8        51.278 8
G10  22389973.004 9 117660067.123 9      3257.197 9        55.203 9                                                                  22389973.004 8 117660067.123 8      3257.197 8        52.203 8
G12  20803936.530 9 109325401.680 9       197.009 9        55.841 9                                                                  20803936.530 8 109325401.680 8       197.009 8        52.841 8
G17  24675790.024 9 129672085.419 9     -2947.157 9        54.359 9                                                                  24675790.024 8 129672085.419 8     -2947.157 8        51.359 8
G24  24367385.024 9 128051424.023 9      3062.966 9        54.468 9                                                                  24367385.024 8 128051424.023 8      3062.966 8        51.468 8
G30  22602125.698 9 118774939.948 9      2344.682 9        55.121 9                                                                  22602125.698 8 118774939.948 8      2344.682 8        52.121 8
G05  21264985.533 9 111748228.537 9       695.670 9        55.651 9                                                                  21264985.533 8 111748228.537 8       695.670 8        52.651 8
G04  21934771.154 9 115267970.086 9     -2469.947 9        55.381 9                                                                  21934771.154 8 115267970.086 8     -2469.947 8        52.381 8
E04                                                                  23382843.337 9 122877637.965 9      -142.944 9        57.939 9  23382843.337 9 122877637.965 9      -142.944 9        57.939 9
E05                                                                  26122370.019 9 137273917.628 9     -2052.048 9        56.976 9  26122370.019 9 137273917.628 9     -2052.048 9        56.976 9
E11                                                                  26648438.932 9 140038428.186 9     -2400.140 9        56.803 9  26648438.932 9 140038428.186 9     -2400.140 9        56.803 9
E20                                                                  27855970.987 9 146384037.401 9     -1666.249 9        56.418 9  27855970.987 9 146384037.401 9     -1666.249 9        56.418 9
E09                                                                  25018544.191 9 131473287.392 9      2581.248 9        57.351 9  25018544.191 9 131473287.392 9      2581.248 9        57.351 9
E10                                                                  23770104.776 9 124912707.650 9        18.411 9        57.796 9  23770104.776 9 124912707.650 9        18.411 9        57.796 9
E03                                                                  25057221.856 9 131676547.426 9      1950.637 9        57.338 9  25057221.856 9 131676547.426 9      1950.637 9        57.338 9
> 2026 02 03 10 00 34.0000000  0 18       0.000000000000
G02  20301426.165 9 106684693.564 9      -371.360 9        56.054 9                                                                  20301426.165 8 106684693.564 8      -371.360 8        53.054 8
G09  25253342.919 9 132707153.408 9     -2816.489 9        54.158 9                                                                  25253342.919 8 132707153.408 8     -2816.489 8        51.158 8
G13  25237368.736 9 132623198.158 9      1241.420 9        54.163 9                                                                  25237368.736 8 132623198.158 8      1241.420 8        51.163 8
G29  24904808.716 9 130875605.526 9      3069.758 9        54.278 9                                                                  24904808.716 8 130875605.526 8      3069.758 8        51.278 8
G10  22389353.209 9 117656810.086 9      3256.887 9        55.203 9                                                                  22389353.209 8 117656810.086 8      3256.887 8        52.203 8
G12  20803899.104 9 109325205.002 9       196.346 9        55.841 9                                                                  20803899.104 8 109325205.002 8       196.346 8        52.841 8
G17  24676350.860 9 129675032.622 9     -2947.283 9        54.358 9                                                                  24676350.860 8 129675032.622 8     -2947.283 8        51.358 8
G24  24366802.176 9 128048361.139 9      3062.803 9        54.468 9                                                                  24366802.176 8 128048361.139 8      3062.803 8        51.468 8
G30  22601679.566 9 118772595.507 9      2344.200 9        55.121 9                                                                  22601679.566 8 118772595.507 8      2344.200 8        52.121 8
G05  21264853.214 9 111747533.194 9       695.015 9        55.651 9                                                                  21264853.214 8 111747533.194 8       695.015 8        52.651 8
G04  21935241.187 9 115270440.122 9     -2470.136 9        55.381 9                                                                  21935241.187 8 115270440.122 8     -2470.136 8        52.381 8
E04                                                                  23382870.561 9 122877781.032 9      -143.191 9        57.939 9  23382870.561 9 122877781.032 9      -143.191 9        57.939 9
E05                                                                  26122760.526 9 137275969.751 9     -2052.218 9        56.976 9  26122760.526 9 137275969.751 9     -2052.218 9        56.976 9
E11                                                                  26648895.687 9 140040828.441 9     -2400.389 9        56.803 9  26648895.687 9 140040828.441 9     -2400.389 9        56.803 9
E20                                                                  27856288.093 9 146385703.799 9     -1666.560 9        56.418 9  27856288.093 9 146385703.799 9     -1666.560 9        56.418 9
E09                                                                  25018053.022 9 131470706.286 9      2580.974 9        57.351 9  25018053.022 9 131470706.286 9      2580.974 9        57.351 9
E10                                                                  23770101.317 9 124912689.474 9        17.940 9        57.796 9  23770101.317 9 124912689.474 9        17.940 9        57.796 9
E03                                                                  25056850.671 9 131674596.834 9      1950.549 9        57.338 9  25056850.671 9 131674596.834 9      1950.549 9        57.338 9
> 2026 02 03 10 00 35.0000000  0 18       0.000000000000
G02  20301496.870 9 106685065.121 9      -371.756 9        56.053 9                                                                  20301496.870 8 106685065.121 8      -371.756 8        53.053 8
G09  25253878.875 9 132709969.867 9     -2816.441 9        54.157 9                                                                  25253878.875 8 132709969.867 8     -2816.441 8        51.157 8
G13  25237132.544 9 132621956.968 9      1240.972 9        54.163 9                                                                  25237132.544 8 132621956.968 8      1240.972 8        51.163 8
G29  24904224.557 9 130872535.754 9      3069.785 9        54.279 9                                                                  24904224.557 8 130872535.754 8      3069.785 8        51.279 8
G10  22388733.474 9 117653553.359 9      3256.576 9        55.203 9                                                                  22388733.474 8 117653553.359 8      3256.576 8        52.203 8
G12  20803861.803 9 109325008.987 9       195.683 9        55.841 9                                                                  20803861.803 8 109325008.987 8       195.683 8        52.841 8
G17  24676911.721 9 129677979.952 9     -2947.408 9        54.358 9                                                                  24676911.721 8 129677979.952 8     -2947.408 8        51.358 8
G24  24366219.359 9 128045298.418 9      3062.641 9        54.468 9                                                                  24366219.359 8 128045298.418 8      3062.641 8        51.468 8
G30  22601233.525 9 118770251.547 9      2343.719 9        55.121 9                                                                  22601233.525 8 118770251.547 8      2343.719 8        52.121 8
G05  21264721.019 9 111746838.505 9       694.360 9        55.651 9                                                                  21264721.019 8 111746838.505 8       694.360 8        52.651 8
G04  21935711.256 9 115272910.347 9     -2470.326 9        55.381 9                                                                  21935711.256 8 115272910.347 8     -2470.326 8        52.381 8
E04                                                                  23382897.833 9 122877924.346 9      -143.438 9        57.939 9  23382897.833 9 122877924.346 9      -143.438 9        57.939 9
E05                                                                  26123151.066 9 137278022.046 9     -2052.389 9        56.976 9  26123151.066 9 137278022.046 9     -2052.389 9        56.976 9
E11                                                                  26649352.489 9 140043228.945 9     -2400.638 9        56.803 9  26649352.489 9 140043228.945 9     -2400.638 9        56.803 9
E20                                                                  27856605.259 9 146387370.509 9     -1666.871 9        56.418 9  27856605.259 9 146387370.509 9     -1666.871 9        56.418 9
E09                                                                  25017561.905 9 131468125.454 9      2580.700 9        57.352 9  25017561.905 9 131468125.454 9      2580.700 9        57.352 9
E10                                                                  23770097.948 9 124912671.770 9        17.468 9        57.796 9  23770097.948 9 124912671.770 9        17.468 9        57.796 9
E03                                                                  25056479.501 9 131672646.329 9      1950.462 9        57.338 9  25056479.501 9 131672646.329 9      1950.462 9        57.338 9
> 2026 02 03 10 00 36.0000000  0 18       0.000000000000
G02  20301567.651 9 106685437.074 9      -372.152 9        56.053 9                                                                  20301567.651 8 106685437.074 8      -372.152 8        53.053 8
G09  25254414.822 9 132712786.278 9     -2816.394 9        54.157 9                                                                  25254414.822 8 132712786.278 8     -2816.394 8        51.157 8
G13  25236896.438 9 132620716.226 9      1240.524 9        54.163 9                                                                  25236896.438 8 132620716.226 8      1240.524 8        51.163 8
G29  24903640.393 9 130869465.954 9      3069.812 9        54.279 9                                                                  24903640.393 8 130869465.954 8      3069.812 8        51.279 8
G10  22388113.798 9 117650296.943 9      3256.265 9        55.204 9                                                                  22388113.798 8 117650296.943 8      3256.265 8        52.204 8
G12  20803824.629 9 109324813.635 9       195.019 9        55.841 9                                                                  20803824.629 8 109324813.635 8       195.019 8        52.841 8
G17  24677472.605 9 129680927.407 9     -2947.534 9        54.358 9                                                                  24677472.605 8 129680927.407 8     -2947.534 8        51.358 8
G24  24365636.573 9 128042235.859 9      3062.478 9        54.469 9                                                                  24365636.573 8 128042235.859 8      3062.478 8        51.469 8
G30  22600787.575 9 118767908.070 9      2343.237 9        55.122 9                                                                  22600787.575 8 118767908.070 8      2343.237 8        52.122 8
G05  21264588.949 9 111746144.471 9       693.706 9        55.651 9                                                                  21264588.949 8 111746144.471 8       693.706 8        52.651 8
G04  21936181.361 9 115275380.761 9     -2470.516 9        55.381 9                                                                  21936181.361 8 115275380.761 8     -2470.516 8        52.381 8
E04                                                                  23382925.152 9 122878067.906 9      -143.685 9        57.938 9  23382925.152 9 122878067.906 9      -143.685 9        57.938 9
E05                                                                  26123541.639 9 137280074.510 9     -2052.559 9        56.976 9  26123541.639 9 137280074.510 9     -2052.559 9        56.976 9
E11                                                                  26649809.339 9 140045629.698 9     -2400.886 9        56.803 9  26649809.339 9 140045629.698 9     -2400.886 9        56.803 9
E20                                                                  27856922.484 9 146389037.529 9     -1667.182 9        56.418 9  27856922.484 9 146389037.529 9     -1667.182 9        56.418 9
E09                                                                  25017070.840 9 131465544.897 9      2580.426 9        57.352 9  25017070.840 9 131465544.897 9      2580.426 9        57.352 9
E10                                                                  23770094.669 9 124912654.538 9        16.997 9        57.796 9  23770094.669 9 124912654.538 9        16.997 9        57.796 9
E03                                                                  25056108.349 9 131670695.911 9      1950.375 9        57.338 9  25056108.349 9 131670695.911 9      1950.375 9        57.338 9
> 2026 02 03 10 00 37.0000000  0 18       0.000000000000
G02  20301638.506 9 106685809.423 9      -372.548 9        56.053 9                                                                  20301638.506 8 106685809.423 8      -372.548 8        53.053 8
G09  25254950.760 9 132715602.641 9     -2816.346 9        54.157 9                                                                  25254950.760 8 132715602.641 8     -2816.346 8        51.157 8
G13  25236660.417 9 132619475.932 9      1240.075 9        54.163 9                                                                  25236660.417 8 132619475.932 8      1240.075 8        51.163 8
G29  24903056.224 9 130866396.127 9      3069.840 9        54.279 9                                                                  24903056.224 8 130866396.127 8      3069.840 8        51.279 8
G10  22387494.181 9 117647040.839 9      3255.953 9        55.204 9                                                                  22387494.181 8 117647040.839 8      3255.953 8        52.204 8
G12  20803787.581 9 109324618.947 9       194.356 9        55.841 9                                                                  20803787.581 8 109324618.947 8       194.356 8        52.841 8
G17  24678033.514 9 129683874.989 9     -2947.660 9        54.358 9                                                                  24678033.514 8 129683874.989 8     -2947.660 8        51.358 8
G24  24365053.817 9 128039173.463 9      3062.315 9        54.469 9                                                                  24365053.817 8 128039173.463 8      3062.315 8        51.469 8
G30  22600341.718 9 118765565.074 9      2342.755 9        55.122 9                                                                  22600341.718 8 118765565.074 8      2342.755 8        52.122 8
G05  21264457.003 9 111745451.092 9       693.051 9        55.651 9                                                                  21264457.003 8 111745451.092 8       693.051 8        52.651 8
G04  21936651.502 9 115277851.365 9     -2470.705 9        55.381 9                                                                  21936651.502 8 115277851.365 8     -2470.705 8        52.381 8
E04                                                                  23382952.518 9 122878211.713 9      -143.931 9        57.938 9  23382952.518 9 122878211.713 9      -143.931 9        57.938 9
E05                                                                  26123932.244 9 137282127.145 9     -2052.730 9        56.976 9  26123932.244 9 137282127.145 9     -2052.730 9        56.976 9
E11                                                                  26650266.236 9 140048030.699 9     -2401.135 9        56.802 9  26650266.236 9 140048030.699 9     -2401.135 9        56.802 9
E20                                                                  27857239.768 9 146390704.860 9     -1667.493 9        56.418 9  27857239.768 9 146390704.860 9     -1667.493 9        56.418 9
E09                                                                  25016579.828 9 131462964.613 9      2580.152 9        57.352 9  25016579.828 9 131462964.613 9      2580.152 9        57.352 9
E10                                                                  23770091.479 9 124912637.777 9        16.526 9        57.796 9  23770091.479 9 124912637.777 9        16.526 9        57.796 9
E03                                                                  25055737.213 9 131668745.581 9      1950.287 9        57.338 9  25055737.213 9 131668745.581 9      1950.287 9        57.338 9
> 2026 02 03 10 00 38.0000000  0 18       0.000000000000
G02  20301709.438 9 106686182.167 9      -372.943 9        56.053 9                                                                  20301709.438 8 106686182.167 8      -372.943 8        53.053 8
G09  25255486.689 9 132718418.956 9     -2816.298 9        54.157 9                                                                  25255486.689 8 132718418.956 8     -2816.298 8        51.157 8
G13  25236424.482 9 132618236.087 9      1239.627 9        54.164 9                                                                  25236424.482 8 132618236.087 8      1239.627 8        51.164 8
G29  24902472.050 9 130863326.272 9      3069.867 9        54.279 9                                                                  24902472.050 8 130863326.272 8      3069.867 8        51.279 8
G10  22386874.623 9 117643785.045 9      3255.642 9        55.204 9                                                                  22386874.623 8 117643785.045 8      3255.642 8        52.204 8
G12  20803750.660 9 109324424.921 9       193.693 9        55.841 9                                                                  20803750.660 8 109324424.921 8       193.693 8        52.841 8
G17  24678594.446 9 129686822.695 9     -2947.786 9        54.358 9                                                                  24678594.446 8 129686822.695 8     -2947.786 8        51.358 8
G24  24364471.093 9 128036111.229 9      3062.152 9        54.469 9                                                                  24364471.093 8 128036111.229 8      3062.152 8        51.469 8
G30  22599895.952 9 118763222.561 9      2342.272 9        55.122 9                                                                  22599895.952 8 118763222.561 8      2342.272 8        52.122 8
G05  21264325.182 9 111744758.367 9       692.396 9        55.651 9                                                                  21264325.182 8 111744758.367 8       692.396 8        52.651 8
G04  21937121.679 9 115280322.159 9     -2470.895 9        55.380 9                                                                  21937121.679 8 115280322.159 8     -2470.895 8        52.380 8
E04                                                                  23382979.930 9 122878355.767 9      -144.178 9        57.938 9  23382979.930 9 122878355.767 9      -144.178 9        57.938 9
E05                                                                  26124322.881 9 137284179.950 9     -2052.900 9        56.976 9  26124322.881 9 137284179.950 9     -2052.900 9        56.976 9
E11                                                                  26650723.180 9 140050431.949 9     -2401.383 9        56.802 9  26650723.180 9 140050431.949 9     -2401.383 9        56.802 9
E20                                                                  27857557.112 9 146392372.502 9     -1667.804 9        56.418 9  27857557.112 9 146392372.502 9     -1667.804 9        56.418 9
E09                                                                  25016088.867 9 131460384.604 9      2579.877 9        57.352 9  25016088.867 9 131460384.604 9      2579.877 9        57.352 9
E10                                                                  23770088.379 9 124912621.487 9        16.054 9        57.796 9  23770088.379 9 124912621.487 9        16.054 9        57.796 9
E03                                                                  25055366.094 9 131666795.339 9      1950.200 9        57.338 9  25055366.094 9 131666795.339 9      1950.200 9        57.338 9
> 2026 02 03 10 00 39.0000000  0 18       0.000000000000
G02  20301780.444 9 106686555.307 9      -373.339 9        56.053 9                                                                  20301780.444 8 106686555.307 8      -373.339 8        53.053 8
G09  25256022.609 9 132721235.224 9     -2816.250 9        54.157 9                                                                  25256022.609 8 132721235.224 8     -2816.250 8        51.157 8
G13  25236188.632 9 132616996.690 9      1239.178 9        54.164 9                                                                  25236188.632 8 132616996.690 8      1239.178 8        51.164 8
G29  24901887.870 9 130860256.391 9      3069.894 9        54.279 9                                                                  24901887.870 8 130860256.391 8      3069.894 8        51.279 8
G10  22386255.125 9 117640529.563 9      3255.331 9        55.204 9                                                                  22386255.125 8 117640529.563 8      3255.331 8        52.204 8
G12  20803713.864 9 109324231.558 9       193.030 9        55.841 9                                                                  20803713.864 8 109324231.558 8       193.030 8        52.841 8
G17  24679155.402 9 129689770.528 9     -2947.911 9        54.357 9                                                                  24679155.402 8 129689770.528 8     -2947.911 8        51.357 8
G24  24363888.400 9 128033049.158 9      3061.990 9        54.469 9                                                                  24363888.400 8 128033049.158 8      3061.990 8        51.469 8
G30  22599450.278 9 118760880.529 9      2341.790 9        55.122 9                                                                  22599450.278 8 118760880.529 8      2341.790 8        52.122 8
G05  21264193.486 9 111744066.298 9       691.742 9        55.651 9                                                                  21264193.486 8 111744066.298 8       691.742 8        52.651 8
G04  21937591.893 9 115282793.142 9     -2471.084 9        55.380 9                                                                  21937591.893 8 115282793.142 8     -2471.084 8        52.380 8
E04                                                                  23383007.390 9 122878500.068 9      -144.425 9        57.938 9  23383007.390 9 122878500.068 9      -144.425 9        57.938 9
E05                                                                  26124713.551 9 137286232.926 9     -2053.070 9        56.975 9  26124713.551 9 137286232.926 9     -2053.070 9        56.975 9
E11                                                                  26651180.171 9 140052833.448 9     -2401.632 9        56.802 9  26651180.171 9 140052833.448 9     -2401.632 9        56.802 9
E20                                                                  27857874.514 9 146394040.454 9     -1668.114 9        56.418 9  27857874.514 9 146394040.454 9     -1668.114 9        56.418 9
E09                                                                  25015597.959 9 131457804.869 9      2579.603 9        57.352 9  25015597.959 9 131457804.869 9      2579.603 9        57.352 9
E10                                                                  23770085.369 9 124912605.668 9        15.583 9        57.796 9  23770085.369 9 124912605.668 9        15.583 9        57.796 9
E03                                                                  25054994.991 9 131664845.184 9      1950.112 9        57.339 9  25054994.991 9 131664845.184 9      1950.112 9        57.339 9
> 2026 02 03 10 00 40.0000000  0 18       0.000000000000
G02  20301851.526 9 106686928.843 9      -373.735 9        56.053 9                                                                  20301851.526 8 106686928.843 8      -373.735 8        53.053 8
G09  25256558.519 9 132724051.444 9     -2816.202 9        54.157 9                                                                  25256558.519 8 132724051.444 8     -2816.202 8        51.157 8
G13  25235952.867 9 132615757.742 9      1238.730 9        54.164 9                                                                  25235952.867 8 132615757.742 8      1238.730 8        51.164 8
G29  24901303.686 9 130857186.482 9      3069.921 9        54.280 9                                                                  24901303.686 8 130857186.482 8      3069.921 8        51.280 8
G10  22385635.686 9 117637274.393 9      3255.019 9        55.205 9                                                                  22385635.686 8 117637274.393 8      3255.019 8        52.205 8
G12  20803677.195 9 109324038.859 9       192.367 9        55.841 9                                                                  20803677.195 8 109324038.859 8       192.367 8        52.841 8
G17  24679716.383 9 129692718.486 9     -2948.037 9        54.357 9                                                                  24679716.383 8 129692718.486 8     -2948.037 8        51.357 8
G24  24363305.737 9 128029987.250 9      3061.827 9        54.469 9                                                                  24363305.737 8 128029987.250 8      3061.827 8        51.469 8
G30  22599004.695 9 118758538.980 9      2341.308 9        55.122 9                                                                  22599004.695 8 118758538.980 8      2341.308 8        52.122 8
G05  21264061.914 9 111743374.882 9       691.087 9        55.651 9                                                                  21264061.914 8 111743374.882 8       691.087 8        52.651 8
G04  21938062.142 9 115285264.314 9     -2471.273 9        55.380 9                                                                  21938062.142 8 115285264.314 8     -2471.273 8        52.380 8
E04                                                                  23383034.897 9 122878644.616 9      -144.672 9        57.938 9  23383034.897 9 122878644.616 9      -144.672 9        57.938 9
E05                                                                  26125104.253 9 137288286.071 9     -2053.241 9        56.975 9  26125104.253 9 137288286.071 9     -2053.241 9        56.975 9
E11                                                                  26651637.210 9 140055235.194 9     -2401.880 9        56.802 9  26651637.210 9 140055235.194 9     -2401.880 9        56.802 9
E20                                                                  27858191.976 9 146395708.718 9     -1668.425 9        56.417 9  27858191.976 9 146395708.718 9     -1668.425 9        56.417 9
E09                                                                  25015107.103 9 131455225.408 9      2579.329 9        57.352 9  25015107.103 9 131455225.408 9      2579.329 9        57.352 9
E10                                                                  23770082.448 9 124912590.321 9        15.112 9        57.796 9  23770082.448 9 124912590.321 9        15.112 9        57.796 9
E03                                                                  25054623.905 9 131662895.116 9      1950.025 9        57.339 9  25054623.905 9 131662895.116 9      1950.025 9        57.339 9
> 2026 02 03 10 00 41.0000000  0 18       0.000000000000
G02  20301922.683 9 106687302.775 9      -374.130 9        56.053 9                                                                  20301922.683 8 106687302.775 8      -374.130 8        53.053 8
G09  25257094.421 9 132726867.615 9     -2816.154 9        54.156 9                                                                  25257094.421 8 132726867.615 8     -2816.154 8        51.156 8
G13  25235717.187 9 132614519.242 9      1238.281 9        54.164 9                                                                  25235717.187 8 132614519.242 8      1238.281 8        51.164 8
G29  24900719.496 9 130854116.546 9      3069.949 9        54.280 9                                                                  24900719.496 8 130854116.546 8      3069.949 8        51.280 8
G10  22385016.306 9 117634019.533 9      3254.708 9        55.205 9                                                                  22385016.306 8 117634019.533 8      3254.708 8        52.205 8
G12  20803640.652 9 109323846.823 9       191.704 9        55.841 9                                                                  20803640.652 8 109323846.823 8       191.704 8        52.841 8
G17  24680277.387 9 129695666.570 9     -2948.163 9        54.357 9                                                                  24680277.387 8 129695666.570 8     -2948.163 8        51.357 8
G24  24362723.106 9 128026925.505 9      3061.664 9        54.470 9                                                                  24362723.106 8 128026925.505 8      3061.664 8        51.470 8
G30  22598559.205 9 118756197.913 9      2340.826 9        55.122 9                                                                  22598559.205 8 118756197.913 8      2340.826 8        52.122 8
G05  21263930.466 9 111742684.122 9       690.432 9        55.651 9                                                                  21263930.466 8 111742684.122 8       690.432 8        52.651 8
G04  21938532.427 9 115287735.676 9     -2471.463 9        55.380 9                                                                  21938532.427 8 115287735.676 8     -2471.463 8        52.380 8
E04                                                                  23383062.450 9 122878789.410 9      -144.919 9        57.938 9  23383062.450 9 122878789.410 9      -144.919 9        57.938 9
E05                                                                  26125494.987 9 137290339.387 9     -2053.411 9        56.975 9  26125494.987 9 137290339.387 9     -2053.411 9        56.975 9
E11                                                                  26652094.296 9 140057637.189 9     -2402.128 9        56.802 9  26652094.296 9 140057637.189 9     -2402.128 9        56.802 9
E20                                                                  27858509.496 9 146397377.291 9     -1668.735 9        56.417 9  27858509.496 9 146397377.291 9     -1668.735 9        56.417 9
E09                                                                  25014616.299 9 131452646.221 9      2579.055 9        57.353 9  25014616.299 9 131452646.221 9      2579.055 9        57.353 9
E10                                                                  23770079.618 9 124912575.445 9        14.641 9        57.796 9  23770079.618 9 124912575.445 9        14.641 9        57.796 9
E03                                                                  25054252.836 9 131660945.136 9      1949.937 9        57.339 9  25054252.836 9 131660945.136 9      1949.937 9        57.339 9
> 2026 02 03 10 00 42.0000000  0 18       0.000000000000
G02  20301993.915 9 106687677.102 9      -374.526 9        56.053 9                                                                  20301993.915 8 106687677.102 8      -374.526 8        53.053 8
G09  25257630.313 9 132729683.738 9     -2816.106 9        54.156 9                                                                  25257630.313 8 132729683.738 8     -2816.106 8        51.156 8
G13  25235481.593 9 132613281.191 9      1237.832 9        54.164 9                                                                  25235481.593 8 132613281.191 8      1237.832 8        51.164 8
G29  24900135.301 9 130851046.583 9      3069.976 9        54.280 9                                                                  24900135.301 8 130851046.583 8      3069.976 8        51.280 8
G10  22384396.985 9 117630764.986 9      3254.396 9        55.205 9                                                                  22384396.985 8 117630764.986 8      3254.396 8        52.205 8
G12  20803604.235 9 109323655.450 9       191.041 9        55.841 9                                                                  20803604.235 8 109323655.450 8       191.041 8        52.841 8
G17  24680838.415 9 129698614.780 9     -2948.288 9        54.357 9                                                                  24680838.415 8 129698614.780 8     -2948.288 8        51.357 8
G24  24362140.506 9 128023863.923 9      3061.501 9        54.470 9                                                                  24362140.506 8 128023863.923 8      3061.501 8        51.470 8
G30  22598113.806 9 118753857.329 9      2340.343 9        55.123 9                                                                  22598113.806 8 118753857.329 8      2340.343 8        52.123 8
G05  21263799.144 9 111741994.017 9       689.777 9        55.651 9                                                                  21263799.144 8 111741994.017 8       689.777 8        52.651 8
G04  21939002.749 9 115290207.227 9     -2471.652 9        55.380 9                                                                  21939002.749 8 115290207.227 8     -2471.652 8        52.380 8
E04                                                                  23383090.051 9 122878934.452 9      -145.166 9        57.938 9  23383090.051 9 122878934.452 9      -145.166 9        57.938 9
E05                                                                  26125885.754 9 137292392.874 9     -2053.581 9        56.975 9  26125885.754 9 137292392.874 9     -2053.581 9        56.975 9
E11                                                                  26652551.429 9 140060039.432 9     -2402.377 9        56.802 9  26652551.429 9 140060039.432 9     -2402.377 9        56.802 9
E20                                                                  27858827.076 9 146399046.176 9     -1669.046 9        56.417 9  27858827.076 9 146399046.176 9     -1669.046 9        56.417 9
E09                                                                  25014125.547 9 131450067.309 9      2578.780 9        57.353 9  25014125.547 9 131450067.309 9      2578.780 9        57.353 9
E10                                                                  23770076.876 9 124912561.040 9        14.169 9        57.796 9  23770076.876 9 124912561.040 9        14.169 9        57.796 9
E03                                                                  25053881.783 9 131658995.244 9      1949.850 9        57.339 9  25053881.783 9 131658995.244 9      1949.850 9        57.339 9
> 2026 02 03 10 00 43.0000000  0 18       0.000000000000
G02  20302065.222 9 106688051.824 9      -374.921 9        56.053 9                                                                  20302065.222 8 106688051.824 8      -374.921 8        53.053 8
G09  25258166.196 9 132732499.813 9     -2816.057 9        54.156 9                                                                  25258166.196 8 132732499.813 8     -2816.057 8        51.156 8
G13  25235246.084 9 132612043.589 9      1237.383 9        54.164 9                                                                  25235246.084 8 132612043.589 8      1237.383 8        51.164 8
G29  24899551.101 9 130847976.592 9      3070.003 9        54.280 9                                                                  24899551.101 8 130847976.592 8      3070.003 8        51.280 8
G10  22383777.724 9 117627510.750 9      3254.084 9        55.205 9                                                                  22383777.724 8 117627510.750 8      3254.084 8        52.205 8
G12  20803567.944 9 109323464.740 9       190.377 9        55.841 9                                                                  20803567.944 8 109323464.740 8       190.377 8        52.841 8
G17  24681399.467 9 129701563.115 9     -2948.414 9        54.357 9                                                                  24681399.467 8 129701563.115 8     -2948.414 8        51.357 8
G24  24361557.936 9 128020802.503 9      3061.338 9        54.470 9                                                                  24361557.936 8 128020802.503 8      3061.338 8        51.470 8
G30  22597668.499 9 118751517.227 9      2339.861 9        55.123 9                                                                  22597668.499 8 118751517.227 8      2339.861 8        52.123 8
G05  21263667.946 9 111741304.566 9       689.122 9        55.651 9                                                                  21263667.946 8 111741304.566 8       689.122 8        52.651 8
G04  21939473.106 9 115292678.967 9     -2471.841 9        55.380 9                                                                  21939473.106 8 115292678.967 8     -2471.841 8        52.380 8
E04                                                                  23383117.699 9 122879079.740 9      -145.413 9        57.938 9  23383117.699 9 122879079.740 9      -145.413 9        57.938 9
E05                                                                  26126276.554 9 137294446.531 9     -2053.752 9        56.975 9  26126276.554 9 137294446.531 9     -2053.752 9        56.975 9
E11                                                                  26653008.609 9 140062441.924 9     -2402.625 9        56.802 9  26653008.609 9 140062441.924 9     -2402.625 9        56.802 9
E20                                                                  27859144.715 9 146400715.370 9     -1669.356 9        56.417 9  27859144.715 9 146400715.370 9     -1669.356 9        56.417 9
E09                                                                  25013634.848 9 131447488.671 9      2578.506 9        57.353 9  25013634.848 9 131447488.671 9      2578.506 9        57.353 9
E10                                                                  23770074.225 9 124912547.107 9        13.698 9        57.796 9  23770074.225 9 124912547.107 9        13.698 9        57.796 9
E03                                                                  25053510.748 9 131657045.439 9      1949.762 9        57.339 9  25053510.748 9 131657045.439 9      1949.762 9        57.339 9
> 2026 02 03 10 00 44.0000000  0 18       0.000000000000
G02  20302136.605 9 106688426.942 9      -375.317 9        56.053 9                                                                  20302136.605 8 106688426.942 8      -375.317 8        53.053 8
G09  25258702.069 9 132735315.840 9     -2816.009 9        54.156 9                                                                  25258702.069 8 132735315.840 8     -2816.009 8        51.156 8
G13  25235010.661 9 132610806.435 9      1236.935 9        54.164 9                                                                  25235010.661 8 132610806.435 8      1236.935 8        51.164 8
G29  24898966.895 9 130844906.575 9      3070.030 9        54.280 9                                                                  24898966.895 8 130844906.575 8      3070.030 8        51.280 8
G10  22383158.522 9 117624256.826 9      3253.772 9        55.206 9                                                                  22383158.522 8 117624256.826 8      3253.772 8        52.206 8
G12  20803531.780 9 109323274.693 9       189.714 9        55.841 9                                                                  20803531.780 8 109323274.693 8       189.714 8        52.841 8
G17  24681960.543 9 129704511.576 9     -2948.540 9        54.356 9                                                                  24681960.543 8 129704511.576 8     -2948.540 8        51.356 8
G24  24360975.398 9 128017741.246 9      3061.176 9        54.470 9                                                                  24360975.398 8 128017741.246 8      3061.176 8        51.470 8
G30  22597223.284 9 118749177.607 9      2339.378 9        55.123 9                                                                  22597223.284 8 118749177.607 8      2339.378 8        52.123 8
G05  21263536.872 9 111740615.770 9       688.467 9        55.651 9                                                                  21263536.872 8 111740615.770 8       688.467 8        52.651 8
G04  21939943.500 9 115295150.896 9     -2472.030 9        55.379 9                                                                  21939943.500 8 115295150.896 8     -2472.030 8        52.379 8
E04                                                                  23383145.393 9 122879225.276 9      -145.660 9        57.938 9  23383145.393 9 122879225.276 9      -145.660 9        57.938 9
E05                                                                  26126667.385 9 137296500.358 9     -2053.922 9        56.975 9  26126667.385 9 137296500.358 9     -2053.922 9        56.975 9
E11                                                                  26653465.837 9 140064844.663 9     -2402.873 9        56.801 9  26653465.837 9 140064844.663 9     -2402.873 9        56.801 9
E20                                                                  27859462.413 9 146402384.875 9     -1669.667 9        56.417 9  27859462.413 9 146402384.875 9     -1669.667 9        56.417 9
E09                                                                  25013144.201 9 131444910.308 9      2578.231 9        57.353 9  25013144.201 9 131444910.308 9      2578.231 9        57.353 9
E10                                                                  23770071.663 9 124912533.645 9        13.227 9        57.796 9  23770071.663 9 124912533.645 9        13.227 9        57.796 9
E03                                                                  25053139.728 9 131655095.722 9      1949.674 9        57.339 9  25053139.728 9 131655095.722 9      1949.674 9        57.339 9
> 2026 02 03 10 00 45.0000000  0 18       0.000000000000
G02  20302208.063 9 106688802.456 9      -375.712 9        56.053 9                                                                  20302208.063 8 106688802.456 8      -375.712 8        53.053 8
G09  25259237.934 9 132738131.818 9     -2815.960 9        54.156 9                                                                  25259237.934 8 132738131.818 8     -2815.960 8        51.156 8
G13  25234775.323 9 132609569.731 9      1236.486 9        54.164 9                                                                  25234775.323 8 132609569.731 8      1236.486 8        51.164 8
G29  24898382.685 9 130841836.530 9      3070.057 9        54.281 9                                                                  24898382.685 8 130841836.530 8      3070.057 8        51.281 8
G10  22382539.379 9 117621003.214 9      3253.461 9        55.206 9                                                                  22382539.379 8 117621003.214 8      3253.461 8        52.206 8
G12  20803495.741 9 109323085.310 9       189.051 9        55.841 9                                                                  20803495.741 8 109323085.310 8       189.051 8        52.841 8
G17  24682521.643 9 129707460.163 9     -2948.665 9        54.356 9                                                                  24682521.643 8 129707460.163 8     -2948.665 8        51.356 8
G24  24360392.890 9 128014680.153 9      3061.013 9        54.470 9                                                                  24360392.890 8 128014680.153 8      3061.013 8        51.470 8
G30  22596778.161 9 118746838.471 9      2338.895 9        55.123 9                                                                  22596778.161 8 118746838.471 8      2338.895 8        52.123 8
G05  21263405.924 9 111739927.629 9       687.813 9        55.651 9                                                                  21263405.924 8 111739927.629 8       687.813 8        52.651 8
G04  21940413.929 9 115297623.015 9     -2472.219 9        55.379 9                                                                  21940413.929 8 115297623.015 8     -2472.219 8        52.379 8
E04                                                                  23383173.135 9 122879371.058 9      -145.907 9        57.938 9  23383173.135 9 122879371.058 9      -145.907 9        57.938 9
E05                                                                  26127058.249 9 137298554.355 9     -2054.092 9        56.975 9  26127058.249 9 137298554.355 9     -2054.092 9        56.975 9
E11                                                                  26653923.111 9 140067247.650 9     -2403.121 9        56.801 9  26653923.111 9 140067247.650 9     -2403.121 9        56.801 9
E20                                                                  27859780.169 9 146404054.691 9     -1669.977 9        56.417 9  27859780.169 9 146404054.691 9     -1669.977 9        56.417 9
E09                                                                  25012653.606 9 131442332.219 9      2577.957 9        57.353 9  25012653.606 9 131442332.219 9      2577.957 9        57.353 9
E10                                                                  23770069.191 9 124912520.654 9        12.756 9        57.796 9  23770069.191 9 124912520.654 9        12.756 9        57.796 9
E03                                                                  25052768.726 9 131653146.093 9      1949.586 9        57.339 9  25052768.726 9 131653146.093 9      1949.586 9        57.339 9
> 2026 02 03 10 00 46.0000000  0 18       0.000000000000
G02  20302279.597 9 106689178.365 9      -376.108 9        56.053 9                                                                  20302279.597 8 106689178.365 8      -376.108 8        53.053 8
G09  25259773.789 9 132740947.747 9     -2815.912 9        54.155 9                                                                  25259773.789 8 132740947.747 8     -2815.912 8        51.155 8
G13  25234540.071 9 132608333.475 9      1236.037 9        54.164 9                                                                  25234540.071 8 132608333.475 8      1236.037 8        51.164 8
G29  24897798.469 9 130838766.459 9      3070.084 9        54.281 9                                                                  24897798.469 8 130838766.459 8      3070.084 8        51.281 8
G10  22381920.296 9 117617749.914 9      3253.148 9        55.206 9                                                                  22381920.296 8 117617749.914 8      3253.148 8        52.206 8
G12  20803459.829 9 109322896.590 9       188.388 9        55.841 9                                                                  20803459.829 8 109322896.590 8       188.388 8        52.841 8
G17  24683082.766 9 129710408.875 9     -2948.791 9        54.356 9                                                                  24683082.766 8 129710408.875 8     -2948.791 8        51.356 8
G24  24359810.414 9 128011619.222 9      3060.850 9        54.471 9                                                                  24359810.414 8 128011619.222 8      3060.850 8        51.471 8
G30  22596333.130 9 118744499.817 9      2338.412 9        55.123 9                                                                  22596333.130 8 118744499.817 8      2338.412 8        52.123 8
G05  21263275.099 9 111739240.144 9       687.158 9        55.651 9                                                                  21263275.099 8 111739240.144 8       687.158 8        52.651 8
G04  21940884.394 9 115300095.322 9     -2472.408 9        55.379 9                                                                  21940884.394 8 115300095.322 8     -2472.408 8        52.379 8
E04                                                                  23383200.923 9 122879517.088 9      -146.154 9        57.938 9  23383200.923 9 122879517.088 9      -146.154 9        57.938 9
E05                                                                  26127449.146 9 137300608.523 9     -2054.263 9        56.975 9  26127449.146 9 137300608.523 9     -2054.263 9        56.975 9
E11                                                                  26654380.433 9 140069650.886 9     -2403.369 9        56.801 9  26654380.433 9 140069650.886 9     -2403.369 9        56.801 9
E20                                                                  27860097.985 9 146405724.816 9     -1670.287 9        56.417 9  27860097.985 9 146405724.816 9     -1670.287 9        56.417 9
E09                                                                  25012163.063 9 131439754.405 9      2577.682 9        57.353 9  25012163.063 9 131439754.405 9      2577.682 9        57.353 9
E10                                                                  23770066.809 9 124912508.134 9        12.284 9        57.796 9  23770066.809 9 124912508.134 9        12.284 9        57.796 9
E03                                                                  25052397.740 9 131651196.551 9      1949.499 9        57.339 9  25052397.740 9 131651196.551 9      1949.499 9        57.339 9
> 2026 02 03 10 00 47.0000000  0 18       0.000000000000
G02  20302351.205 9 106689554.669 9      -376.503 9        56.053 9                                                                  20302351.205 8 106689554.669 8      -376.503 8        53.053 8
G09  25260309.635 9 132743763.628 9     -2815.863 9        54.155 9                                                                  25260309.635 8 132743763.628 8     -2815.863 8        51.155 8
G13  25234304.904 9 132607097.669 9      1235.587 9        54.164 9                                                                  25234304.904 8 132607097.669 8      1235.587 8        51.164 8
G29  24897214.249 9 130835696.360 9      3070.111 9        54.281 9                                                                  24897214.249 8 130835696.360 8      3070.111 8        51.281 8
G10  22381301.272 9 117614496.926 9      3252.836 9        55.206 9                                                                  22381301.272 8 117614496.926 8      3252.836 8        52.206 8
G12  20803424.043 9 109322708.533 9       187.724 9        55.841 9                                                                  20803424.043 8 109322708.533 8       187.724 8        52.841 8
G17  24683643.914 9 129713357.713 9     -2948.917 9        54.356 9                                                                  24683643.914 8 129713357.713 8     -2948.917 8        51.356 8
G24  24359227.968 9 128008558.454 9      3060.687 9        54.471 9                                                                  24359227.968 8 128008558.454 8      3060.687 8        51.471 8
G30  22595888.190 9 118742161.646 9      2337.930 9        55.123 9                                                                  22595888.190 8 118742161.646 8      2337.930 8        52.123 8
G05  21263144.400 9 111738553.313 9       686.503 9        55.652 9                                                                  21263144.400 8 111738553.313 8       686.503 8        52.652 8
G04  21941354.895 9 115302567.818 9     -2472.597 9        55.379 9                                                                  21941354.895 8 115302567.818 8     -2472.597 8        52.379 8
E04                                                                  23383228.759 9 122879663.364 9      -146.401 9        57.938 9  23383228.759 9 122879663.364 9      -146.401 9        57.938 9
E05                                                                  26127840.075 9 137302662.861 9     -2054.433 9        56.974 9  26127840.075 9 137302662.861 9     -2054.433 9        56.974 9
E11                                                                  26654837.802 9 140072054.369 9     -2403.617 9        56.801 9  26654837.802 9 140072054.369 9     -2403.617 9        56.801 9
E20                                                                  27860415.860 9 146407395.252 9     -1670.597 9        56.417 9  27860415.860 9 146407395.252 9     -1670.597 9        56.417 9
E09                                                                  25011672.572 9 131437176.865 9      2577.407 9        57.354 9  25011672.572 9 131437176.865 9      2577.407 9        57.354 9
E10                                                                  23770064.516 9 124912496.085 9        11.813 9        57.796 9  23770064.516 9 124912496.085 9        11.813 9        57.796 9
E03                                                                  25052026.771 9 131649247.097 9      1949.411 9        57.340 9  25052026.771 9 131649247.097 9      1949.411 9        57.340 9
> 2026 02 03 10 00 48.0000000  0 18       0.000000000000
G02  20302422.889 9 106689931.369 9      -376.898 9        56.053 9                                                                  20302422.889 8 106689931.369 8      -376.898 8        53.053 8
G09  25260845.472 9 132746579.459 9     -2815.814 9        54.155 9                                                                  25260845.472 8 132746579.459 8     -2815.814 8        51.155 8
G13  25234069.822 9 132605862.312 9      1235.138 9        54.164 9                                                                  25234069.822 8 132605862.312 8      1235.138 8        51.164 8
G29  24896630.023 9 130832626.235 9      3070.138 9        54.281 9                                                                  24896630.023 8 130832626.235 8      3070.138 8        51.281 8
G10  22380682.308 9 117611244.250 9      3252.524 9        55.207 9                                                                  22380682.308 8 117611244.250 8      3252.524 8        52.207 8
G12  20803388.384 9 109322521.139 9       187.061 9        55.841 9                                                                  20803388.384 8 109322521.139 8       187.061 8        52.841 8
G17  24684205.085 9 129716306.677 9     -2949.042 9        54.356 9                                                                  24684205.085 8 129716306.677 8     -2949.042 8        51.356 8
G24  24358645.554 9 128005497.849 9      3060.524 9        54.471 9                                                                  24358645.554 8 128005497.849 8      3060.524 8        51.471 8
G30  22595443.343 9 118739823.958 9      2337.446 9        55.124 9                                                                  22595443.343 8 118739823.958 8      2337.446 8        52.124 8
G05  21263013.825 9 111737867.137 9       685.847 9        55.652 9                                                                  21263013.825 8 111737867.137 8       685.847 8        52.652 8
G04  21941825.433 9 115305040.504 9     -2472.786 9        55.379 9                                                                  21941825.433 8 115305040.504 8     -2472.786 8        52.379 8
E04                                                                  23383256.642 9 122879809.888 9      -146.648 9        57.938 9  23383256.642 9 122879809.888 9      -146.648 9        57.938 9
E05                                                                  26128231.036 9 137304717.370 9     -2054.603 9        56.974 9  26128231.036 9 137304717.370 9     -2054.603 9        56.974 9
E11                                                                  26655295.219 9 140074458.100 9     -2403.864 9        56.801 9  26655295.219 9 140074458.100 9     -2403.864 9        56.801 9
E20                                                                  27860733.794 9 146409065.998 9     -1670.907 9        56.417 9  27860733.794 9 146409065.998 9     -1670.907 9        56.417 9
E09                                                                  25011182.134 9 131434599.600 9      2577.133 9        57.354 9  25011182.134 9 131434599.600 9      2577.133 9        57.354 9
E10                                                                  23770062.313 9 124912484.508 9        11.342 9        57.796 9  23770062.313 9 124912484.508 9        11.342 9        57.796 9
E03                                                                  25051655.818 9 131647297.731 9      1949.323 9        57.340 9  25051655.818 9 131647297.731 9      1949.323 9        57.340 9
> 2026 02 03 10 00 49.0000000  0 18       0.000000000000
G02  20302494.648 9 106690308.464 9      -377.294 9        56.053 9                                                                  20302494.648 8 106690308.464 8      -377.294 8        53.053 8
G09  25261381.299 9 132749395.242 9     -2815.765 9        54.155 9                                                                  25261381.299 8 132749395.242 8     -2815.765 8        51.155 8
G13  25233834.826 9 132604627.404 9      1234.689 9        54.164 9                                                                  25233834.826 8 132604627.404 8      1234.689 8        51.164 8
G29  24896045.792 9 130829556.082 9      3070.165 9        54.281 9                                                                  24896045.792 8 130829556.082 8      3070.165 8        51.281 8
G10  22380063.403 9 117607991.886 9      3252.212 9        55.207 9                                                                  22380063.403 8 117607991.886 8      3252.212 8        52.207 8
G12  20803352.850 9 109322334.409 9       186.398 9        55.841 9                                                                  20803352.850 8 109322334.409 8       186.398 8        52.841 8
G17  24684766.281 9 129719255.766 9     -2949.168 9        54.355 9                                                                  24684766.281 8 129719255.766 8     -2949.168 8        51.355 8
G24  24358063.171 9 128002437.407 9      3060.361 9        54.471 9                                                                  24358063.171 8 128002437.407 8      3060.361 8        51.471 8
G30  22594998.587 9 118737486.753 9      2336.963 9        55.124 9                                                                  22594998.587 8 118737486.753 8      2336.963 8        52.124 8
G05  21262883.375 9 111737181.616 9       685.192 9        55.652 9                                                                  21262883.375 8 111737181.616 8       685.192 8        52.652 8
G04  21942296.006 9 115307513.378 9     -2472.975 9        55.378 9                                                                  21942296.006 8 115307513.378 8     -2472.975 8        52.378 8
E04                                                                  23383284.571 9 122879956.658 9      -146.895 9        57.938 9  23383284.571 9 122879956.658 9      -146.895 9        57.938 9
E05                                                                  26128622.030 9 137306772.049 9     -2054.774 9        56.974 9  26128622.030 9 137306772.049 9     -2054.774 9        56.974 9
E11                                                                  26655752.682 9 140076862.080 9     -2404.112 9        56.801 9  26655752.682 9 140076862.080 9     -2404.112 9        56.801 9
E20                                                                  27861051.787 9 146410737.054 9     -1671.217 9        56.417 9  27861051.787 9 146410737.054 9     -1671.217 9        56.417 9
E09                                                                  25010691.748 9 131432022.610 9      2576.858 9        57.354 9  25010691.748 9 131432022.610 9      2576.858 9        57.354 9
E10                                                                  23770060.199 9 124912473.402 9        10.871 9        57.796 9  23770060.199 9 124912473.402 9        10.871 9        57.796 9
E03                                                                  25051284.883 9 131645348.453 9      1949.235 9        57.340 9  25051284.883 9 131645348.453 9      1949.235 9        57.340 9
> 2026 02 03 10 00 50.0000000  0 18       0.000000000000
G02  20302566.482 9 106690685.954 9      -377.689 9        56.053 9                                                                  20302566.482 8 106690685.954 8      -377.689 8        53.053 8
G09  25261917.117 9 132752210.976 9     -2815.716 9        54.155 9                                                                  25261917.117 8 132752210.976 8     -2815.716 8        51.155 8
G13  25233599.916 9 132603392.946 9      1234.239 9        54.164 9                                                                  25233599.916 8 132603392.946 8      1234.239 8        51.164 8
G29  24895461.556 9 130826485.903 9      3070.192 9        54.282 9                                                                  24895461.556 8 130826485.903 8      3070.192 8        51.282 8
G10  22379444.557 9 117604739.835 9      3251.899 9        55.207 9                                                                  22379444.557 8 117604739.835 8      3251.899 8        52.207 8
G12  20803317.443 9 109322148.342 9       185.734 9        55.841 9                                                                  20803317.443 8 109322148.342 8       185.734 8        52.841 8
G17  24685327.500 9 129722204.980 9     -2949.293 9        54.355 9                                                                  24685327.500 8 129722204.980 8     -2949.293 8        51.355 8
G24  24357480.818 9 127999377.128 9      3060.198 9        54.471 9                                                                  24357480.818 8 127999377.128 8      3060.198 8        51.471 8
G30  22594553.923 9 118735150.031 9      2336.480 9        55.124 9                                                                  22594553.923 8 118735150.031 8      2336.480 8        52.124 8
G05  21262753.049 9 111736496.750 9       684.537 9        55.652 9                                                                  21262753.049 8 111736496.750 8       684.537 8        52.652 8
G04  21942766.615 9 115309986.440 9     -2473.163 9        55.378 9                                                                  21942766.615 8 115309986.440 8     -2473.163 8        52.378 8
E04                                                                  23383312.548 9 122880103.676 9      -147.142 9        57.938 9  23383312.548 9 122880103.676 9      -147.142 9        57.938 9
E05                                                                  26129013.057 9 137308826.898 9     -2054.944 9        56.974 9  26129013.057 9 137308826.898 9     -2054.944 9        56.974 9
E11                                                                  26656210.193 9 140079266.306 9     -2404.360 9        56.801 9  26656210.193 9 140079266.306 9     -2404.360 9        56.801 9
E20                                                                  27861369.839 9 146412408.420 9     -1671.527 9        56.416 9  27861369.839 9 146412408.420 9     -1671.527 9        56.416 9
E09                                                                  25010201.414 9 131429445.894 9      2576.583 9        57.354 9  25010201.414 9 131429445.894 9      2576.583 9        57.354 9
E10                                                                  23770058.175 9 124912462.767 9        10.400 9        57.796 9  23770058.175 9 124912462.767 9        10.400 9        57.796 9
E03                                                                  25050913.964 9 131643399.262 9      1949.147 9        57.340 9  25050913.964 9 131643399.262 9      1949.147 9        57.340 9
> 2026 02 03 10 00 51.0000000  0 18       0.000000000000
G02  20302638.391 9 106691063.840 9      -378.084 9        56.053 9                                                                  20302638.391 8 106691063.840 8      -378.084 8        53.053 8
G09  25262452.926 9 132755026.660 9     -2815.667 9        54.155 9                                                                  25262452.926 8 132755026.660 8     -2815.667 8        51.155 8
G13  25233365.091 9 132602158.937 9      1233.790 9        54.165 9                                                                  25233365.091 8 132602158.937 8      1233.790 8        51.165 8
G29  24894877.314 9 130823415.697 9      3070.219 9        54.282 9                                                                  24894877.314 8 130823415.697 8      3070.219 8        51.282 8
G10  22378825.771 9 117601488.097 9      3251.587 9        55.207 9                                                                  22378825.771 8 117601488.097 8      3251.587 8        52.207 8
G12  20803282.162 9 109321962.938 9       185.071 9        55.841 9                                                                  20803282.162 8 109321962.938 8       185.071 8        52.841 8
G17  24685888.743 9 129725154.320 9     -2949.419 9        54.355 9                                                                  24685888.743 8 129725154.320 8     -2949.419 8        51.355 8
G24  24356898.497 9 127996317.012 9      3060.035 9        54.472 9                                                                  24356898.497 8 127996317.012 8      3060.035 8        51.472 8
G30  22594109.351 9 118732813.792 9      2335.997 9        55.124 9                                                                  22594109.351 8 118732813.792 8      2335.997 8        52.124 8
G05  21262622.848 9 111735812.540 9       683.882 9        55.652 9                                                                  21262622.848 8 111735812.540 8       683.882 8        52.652 8
G04  21943237.260 9 115312459.692 9     -2473.352 9        55.378 9                                                                  21943237.260 8 115312459.692 8     -2473.352 8        52.378 8
E04                                                                  23383340.572 9 122880250.941 9      -147.389 9        57.938 9  23383340.572 9 122880250.941 9      -147.389 9        57.938 9
E05                                                                  26129404.115 9 137310881.917 9     -2055.114 9        56.974 9  26129404.115 9 137310881.917 9     -2055.114 9        56.974 9
E11                                                                  26656667.750 9 140081670.780 9     -2404.607 9        56.800 9  26656667.750 9 140081670.780 9     -2404.607 9        56.800 9
E20                                                                  27861687.950 9 146414080.096 9     -1671.837 9        56.416 9  27861687.950 9 146414080.096 9     -1671.837 9        56.416 9
E09                                                                  25009711.133 9 131426869.453 9      2576.308 9        57.354 9  25009711.133 9 131426869.453 9      2576.308 9        57.354 9
E10                                                                  23770056.241 9 124912452.603 9         9.928 9        57.796 9  23770056.241 9 124912452.603 9         9.928 9        57.796 9
E03                                                                  25050543.061 9 131641450.160 9      1949.059 9        57.340 9  25050543.061 9 131641450.160 9      1949.059 9        57.340 9
> 2026 02 03 10 00 52.0000000  0 18       0.000000000000
G02  20302710.376 9 106691442.120 9      -378.479 9        56.053 9                                                                  20302710.376 8 106691442.120 8      -378.479 8        53.053 8
G09  25262988.725 9 132757842.296 9     -2815.617 9        54.154 9                                                                  25262988.725 8 132757842.296 8     -2815.617 8        51.154 8
G13  25233130.352 9 132600925.377 9      1233.341 9        54.165 9                                                                  25233130.352 8 132600925.377 8      1233.341 8        51.165 8
G29  24894293.068 9 130820345.464 9      3070.246 9        54.282 9                                                                  24894293.068 8 130820345.464 8      3070.246 8        51.282 8
G10  22378207.045 9 117598236.671 9      3251.274 9        55.208 9                                                                  22378207.045 8 117598236.671 8      3251.274 8        52.208 8
G12  20803247.007 9 109321778.198 9       184.408 9        55.841 9                                                                  20803247.007 8 109321778.198 8       184.408 8        52.841 8
G17  24686450.010 9 129728103.786 9     -2949.544 9        54.355 9                                                                  24686450.010 8 129728103.786 8     -2949.544 8        51.355 8
G24  24356316.207 9 127993257.060 9      3059.871 9        54.472 9                                                                  24356316.207 8 127993257.060 8      3059.871 8        51.472 8
G30  22593664.872 9 118730478.037 9      2335.514 9        55.124 9                                                                  22593664.872 8 118730478.037 8      2335.514 8        52.124 8
G05  21262492.772 9 111735128.984 9       683.227 9        55.652 9                                                                  21262492.772 8 111735128.984 8       683.227 8        52.652 8
G04  21943707.941 9 115314933.132 9     -2473.541 9        55.378 9                                                                  21943707.941 8 115314933.132 8     -2473.541 8        52.378 8
E04                                                                  23383368.643 9 122880398.453 9      -147.636 9        57.938 9  23383368.643 9 122880398.453 9      -147.636 9        57.938 9
E05                                                                  26129795.206 9 137312937.107 9     -2055.285 9        56.974 9  26129795.206 9 137312937.107 9     -2055.285 9        56.974 9
E11                                                                  26657125.355 9 140084075.502 9     -2404.855 9        56.800 9  26657125.355 9 140084075.502 9     -2404.855 9        56.800 9
E20                                                                  27862006.120 9 146415752.081 9     -1672.147 9        56.416 9  27862006.120 9 146415752.081 9     -1672.147 9        56.416 9
E09                                                                  25009220.904 9 131424293.288 9      2576.033 9        57.354 9  25009220.904 9 131424293.288 9      2576.033 9        57.354 9
E10                                                                  23770054.397 9 124912442.910 9         9.457 9        57.796 9  23770054.397 9 124912442.910 9         9.457 9        57.796 9
E03                                                                  25050172.176 9 131639501.145 9      1948.971 9        57.340 9  25050172.176 9 131639501.145 9      1948.971 9        57.340 9
> 2026 02 03 10 00 53.0000000  0 18       0.000000000000
G02  20302782.436 9 106691820.796 9      -378.874 9        56.053 9                                                                  20302782.436 8 106691820.796 8      -378.874 8        53.053 8
G09  25263524.515 9 132760657.882 9     -2815.568 9        54.154 9                                                                  25263524.515 8 132760657.882 8     -2815.568 8        51.154 8
G13  25232895.698 9 132599692.267 9      1232.891 9        54.165 9                                                                  25232895.698 8 132599692.267 8      1232.891 8        51.165 8
G29  24893708.817 9 130817275.203 9      3070.272 9        54.282 9                                                                  24893708.817 8 130817275.203 8      3070.272 8        51.282 8
G10  22377588.378 9 117594985.558 9      3250.961 9        55.208 9                                                                  22377588.378 8 117594985.558 8      3250.961 8        52.208 8
G12  20803211.979 9 109321594.121 9       183.744 9        55.841 9                                                                  20803211.979 8 109321594.121 8       183.744 8        52.841 8
G17  24687011.301 9 129731053.377 9     -2949.670 9        54.355 9                                                                  24687011.301 8 129731053.377 8     -2949.670 8        51.355 8
G24  24355733.947 9 127990197.270 9      3059.708 9        54.472 9                                                                  24355733.947 8 127990197.270 8      3059.708 8        51.472 8
G30  22593220.484 9 118728142.764 9      2335.030 9        55.124 9                                                                  22593220.484 8 118728142.764 8      2335.030 8        52.124 8
G05  21262362.821 9 111734446.084 9       682.572 9        55.652 9                                                                  21262362.821 8 111734446.084 8       682.572 8        52.652 8
G04  21944178.658 9 115317406.761 9     -2473.729 9        55.378 9                                                                  21944178.658 8 115317406.761 8     -2473.729 8        52.378 8
E04                                                                  23383396.760 9 122880546.212 9      -147.884 9        57.938 9  23383396.760 9 122880546.212 9      -147.884 9        57.938 9
E05                                                                  26130186.330 9 137314992.467 9     -2055.455 9        56.974 9  26130186.330 9 137314992.467 9     -2055.455 9        56.974 9
E11                                                                  26657583.007 9 140086480.472 9     -2405.103 9        56.800 9  26657583.007 9 140086480.472 9     -2405.103 9        56.800 9
E20                                                                  27862324.349 9 146417424.377 9     -1672.457 9        56.416 9  27862324.349 9 146417424.377 9     -1672.457 9        56.416 9
E09                                                                  25008730.727 9 131421717.397 9      2575.759 9        57.355 9  25008730.727 9 131421717.397 9      2575.759 9        57.355 9
E10                                                                  23770052.642 9 124912433.689 9         8.986 9        57.796 9  23770052.642 9 124912433.689 9         8.986 9        57.796 9
E03                                                                  25049801.307 9 131637552.219 9      1948.884 9        57.340 9  25049801.307 9 131637552.219 9      1948.884 9        57.340 9
> 2026 02 03 10 00 54.0000000  0 18       0.000000000000
G02  20302854.571 9 106692199.867 9      -379.269 9        56.053 9                                                                  20302854.571 8 106692199.867 8      -379.269 8        53.053 8
G09  25264060.296 9 132763473.418 9     -2815.518 9        54.154 9                                                                  25264060.296 8 132763473.418 8     -2815.518 8        51.154 8
G13  25232661.129 9 132598459.607 9      1232.441 9        54.165 9                                                                  25232661.129 8 132598459.607 8      1232.441 8        51.165 8
G29  24893124.560 9 130814204.917 9      3070.299 9        54.282 9                                                                  24893124.560 8 130814204.917 8      3070.299 8        51.282 8
G10  22376969.770 9 117591734.757 9      3250.648 9        55.208 9                                                                  22376969.770 8 117591734.757 8      3250.648 8        52.208 8
G12  20803177.077 9 109321410.708 9       183.081 9        55.841 9                                                                  20803177.077 8 109321410.708 8       183.081 8        52.841 8
G17  24687572.616 9 129734003.093 9     -2949.795 9        54.354 9                                                                  24687572.616 8 129734003.093 8     -2949.795 8        51.354 8
G24  24355151.719 9 127987137.644 9      3059.545 9        54.472 9                                                                  24355151.719 8 127987137.644 8      3059.545 8        51.472 8
G30  22592776.188 9 118725807.976 9      2334.547 9        55.125 9                                                                  22592776.188 8 118725807.976 8      2334.547 8        52.125 8
G05  21262232.994 9 111733763.839 9       681.917 9        55.652 9                                                                  21262232.994 8 111733763.839 8       681.917 8        52.652 8
G04  21944649.410 9 115319880.578 9     -2473.918 9        55.377 9                                                                  21944649.410 8 115319880.578 8     -2473.918 8        52.377 8
E04                                                                  23383424.925 9 122880694.219 9      -148.131 9        57.938 9  23383424.925 9 122880694.219 9      -148.131 9        57.938 9
E05                                                                  26130577.486 9 137317047.998 9     -2055.625 9        56.973 9  26130577.486 9 137317047.998 9     -2055.625 9        56.973 9
E11                                                                  26658040.706 9 140088885.689 9     -2405.350 9        56.800 9  26658040.706 9 140088885.689 9     -2405.350 9        56.800 9
E20                                                                  27862642.636 9 146419096.982 9     -1672.766 9        56.416 9  27862642.636 9 146419096.982 9     -1672.766 9        56.416 9
E09                                                                  25008240.603 9 131419141.781 9      2575.483 9        57.355 9  25008240.603 9 131419141.781 9      2575.483 9        57.355 9
E10                                                                  23770050.977 9 124912424.938 9         8.515 9        57.796 9  23770050.977 9 124912424.938 9         8.515 9        57.796 9
E03                                                                  25049430.455 9 131635603.380 9      1948.795 9        57.341 9  25049430.455 9 131635603.380 9      1948.795 9        57.341 9
> 2026 02 03 10 00 55.0000000  0 18       0.000000000000
G02  20302926.781 9 106692579.333 9      -379.664 9        56.053 9                                                                  20302926.781 8 106692579.333 8      -379.664 8        53.053 8
G09  25264596.067 9 132766288.905 9     -2815.469 9        54.154 9                                                                  25264596.067 8 132766288.905 8     -2815.469 8        51.154 8
G13  25232426.647 9 132597227.396 9      1231.991 9        54.165 9                                                                  25232426.647 8 132597227.396 8      1231.991 8        51.165 8
G29  24892540.298 9 130811134.603 9      3070.326 9        54.283 9                                                                  24892540.298 8 130811134.603 8      3070.326 8        51.283 8
G10  22376351.222 9 117588484.270 9      3250.335 9        55.208 9                                                                  22376351.222 8 117588484.270 8      3250.335 8        52.208 8
G12  20803142.300 9 109321227.958 9       182.417 9        55.841 9                                                                  20803142.300 8 109321227.958 8       182.417 8        52.841 8
G17  24688133.955 9 129736952.935 9     -2949.921 9        54.354 9                                                                  24688133.955 8 129736952.935 8     -2949.921 8        51.354 8
G24  24354569.522 9 127984078.180 9      3059.382 9        54.472 9                                                                  24354569.522 8 127984078.180 8      3059.382 8        51.472 8
G30  22592331.984 9 118723473.671 9      2334.063 9        55.125 9                                                                  22592331.984 8 118723473.671 8      2334.063 8        52.125 8
G05  21262103.292 9 111733082.249 9       681.261 9        55.652 9                                                                  21262103.292 8 111733082.249 8       681.261 8        52.652 8
G04  21945120.199 9 115322354.584 9     -2474.106 9        55.377 9                                                                  21945120.199 8 115322354.584 8     -2474.106 8        52.377 8
E04                                                                  23383453.137 9 122880842.473 9      -148.378 9        57.938 9  23383453.137 9 122880842.473 9      -148.378 9        57.938 9
E05                                                                  26130968.674 9 137319103.698 9     -2055.796 9        56.973 9  26130968.674 9 137319103.698 9     -2055.796 9        56.973 9
E11                                                                  26658498.452 9 140091291.153 9     -2405.597 9        56.800 9  26658498.452 9 140091291.153 9     -2405.597 9        56.800 9
E20                                                                  27862960.983 9 146420769.897 9     -1673.076 9        56.416 9  27862960.983 9 146420769.897 9     -1673.076 9        56.416 9
E09                                                                  25007750.531 9 131416566.440 9      2575.208 9        57.355 9  25007750.531 9 131416566.440 9      2575.208 9        57.355 9
E10                                                                  23770049.401 9 124912416.659 9         8.044 9        57.796 9  23770049.401 9 124912416.659 9         8.044 9        57.796 9
E03                                                                  25049059.620 9 131633654.630 9      1948.707 9        57.341 9  25049059.620 9 131633654.630 9      1948.707 9        57.341 9
> 2026 02 03 10 00 56.0000000  0 18       0.000000000000
G02  20302999.066 9 106692959.194 9      -380.059 9        56.053 9                                                                  20302999.066 8 106692959.194 8      -380.059 8        53.053 8
G09  25265131.829 9 132769104.342 9     -2815.419 9        54.154 9                                                                  25265131.829 8 132769104.342 8     -2815.419 8        51.154 8
G13  25232192.250 9 132595995.635 9      1231.542 9        54.165 9                                                                  25232192.250 8 132595995.635 8      1231.542 8        51.165 8
G29  24891956.032 9 130808064.263 9      3070.353 9        54.283 9                                                                  24891956.032 8 130808064.263 8      3070.353 8        51.283 8
G10  22375732.734 9 117585234.096 9      3250.022 9        55.209 9                                                                  22375732.734 8 117585234.096 8      3250.022 8        52.209 8
G12  20803107.651 9 109321045.871 9       181.754 9        55.841 9                                                                  20803107.651 8 109321045.871 8       181.754 8        52.841 8
G17  24688695.317 9 129739902.903 9     -2950.046 9        54.354 9                                                                  24688695.317 8 129739902.903 8     -2950.046 8        51.354 8
G24  24353987.356 9 127981018.880 9      3059.219 9        54.473 9                                                                  24353987.356 8 127981018.880 8      3059.219 8        51.473 8
G30  22591887.872 9 118721139.850 9      2333.579 9        55.125 9                                                                  22591887.872 8 118721139.850 8      2333.579 8        52.125 8
G05  21261973.714 9 111732401.315 9       680.606 9        55.652 9                                                                  21261973.714 8 111732401.315 8       680.606 8        52.652 8
G04  21945591.023 9 115324828.778 9     -2474.295 9        55.377 9                                                                  21945591.023 8 115324828.778 8     -2474.295 8        52.377 8
E04                                                                  23383481.396 9 122880990.974 9      -148.625 9        57.938 9  23383481.396 9 122880990.974 9      -148.625 9        57.938 9
E05                                                                  26131359.895 9 137321159.570 9     -2055.966 9        56.973 9  26131359.895 9 137321159.570 9     -2055.966 9        56.973 9
E11                                                                  26658956.245 9 140093696.865 9     -2405.845 9        56.800 9  26658956.245 9 140093696.865 9     -2405.845 9        56.800 9
E20                                                                  27863279.389 9 146422443.121 9     -1673.386 9        56.416 9  27863279.389 9 146422443.121 9     -1673.386 9        56.416 9
E09                                                                  25007260.511 9 131413991.374 9      2574.933 9        57.355 9  25007260.511 9 131413991.374 9      2574.933 9        57.355 9
E10                                                                  23770047.915 9 124912408.851 9         7.573 9        57.796 9  23770047.915 9 124912408.851 9         7.573 9        57.796 9
E03                                                                  25048688.801 9 131631705.967 9      1948.619 9        57.341 9  25048688.801 9 131631705.967 9      1948.619 9        57.341 9
> 2026 02 03 10 00 57.0000000  0 18       0.000000000000
G02  20303071.427 9 106693339.450 9      -380.454 9        56.053 9                                                                  20303071.427 8 106693339.450 8      -380.454 8        53.053 8
G09  25265667.581 9 132771919.730 9     -2815.369 9        54.153 9                                                                  25265667.581 8 132771919.730 8     -2815.369 8        51.153 8
G13  25231957.938 9 132594764.324 9      1231.092 9        54.165 9                                                                  25231957.938 8 132594764.324 8      1231.092 8        51.165 8
G29  24891371.760 9 130804993.895 9      3070.380 9        54.283 9                                                                  24891371.760 8 130804993.895 8      3070.380 8        51.283 8
G10  22375114.305 9 117581984.234 9      3249.709 9        55.209 9                                                                  22375114.305 8 117581984.234 8      3249.709 8        52.209 8
G12  20803073.127 9 109320864.448 9       181.091 9        55.842 9                                                                  20803073.127 8 109320864.448 8       181.091 8        52.842 8
G17  24689256.704 9 129742852.995 9     -2950.172 9        54.354 9                                                                  24689256.704 8 129742852.995 8     -2950.172 8        51.354 8
G24  24353405.221 9 127977959.744 9      3059.056 9        54.473 9                                                                  24353405.221 8 127977959.744 8      3059.056 8        51.473 8
G30  22591443.853 9 118718806.512 9      2333.096 9        55.125 9                                                                  22591443.853 8 118718806.512 8      2333.096 8        52.125 8
G05  21261844.261 9 111731721.036 9       679.951 9        55.652 9                                                                  21261844.261 8 111731721.036 8       679.951 8        52.652 8
G04  21946061.883 9 115327303.161 9     -2474.483 9        55.377 9                                                                  21946061.883 8 115327303.161 8     -2474.483 8        52.377 8
E04                                                                  23383509.702 9 122881139.722 9      -148.873 9        57.938 9  23383509.702 9 122881139.722 9      -148.873 9        57.938 9
E05                                                                  26131751.148 9 137323215.611 9     -2056.136 9        56.973 9  26131751.148 9 137323215.611 9     -2056.136 9        56.973 9
E11                                                                  26659414.086 9 140096102.824 9     -2406.092 9        56.799 9  26659414.086 9 140096102.824 9     -2406.092 9        56.799 9
E20                                                                  27863597.853 9 146424116.655 9     -1673.695 9        56.416 9  27863597.853 9 146424116.655 9     -1673.695 9        56.416 9
E09                                                                  25006770.544 9 131411416.583 9      2574.658 9        57.355 9  25006770.544 9 131411416.583 9      2574.658 9        57.355 9
E10                                                                  23770046.519 9 124912401.514 9         7.102 9        57.796 9  23770046.519 9 124912401.514 9         7.102 9        57.796 9
E03                                                                  25048317.999 9 131629757.392 9      1948.531 9        57.341 9  25048317.999 9 131629757.392 9      1948.531 9        57.341 9
> 2026 02 03 10 00 58.0000000  0 18       0.000000000000
G02  20303143.862 9 106693720.101 9      -380.849 9        56.053 9                                                                  20303143.862 8 106693720.101 8      -380.849 8        53.053 8
G09  25266203.323 9 132774735.067 9     -2815.319 9        54.153 9                                                                  25266203.323 8 132774735.067 8     -2815.319 8        51.153 8
G13  25231723.712 9 132593533.463 9      1230.642 9        54.165 9                                                                  25231723.712 8 132593533.463 8      1230.642 8        51.165 8
G29  24890787.483 9 130801923.501 9      3070.406 9        54.283 9                                                                  24890787.483 8 130801923.501 8      3070.406 8        51.283 8
G10  22374495.935 9 117578734.686 9      3249.396 9        55.209 9                                                                  22374495.935 8 117578734.686 8      3249.396 8        52.209 8
G12  20803038.730 9 109320683.688 9       180.427 9        55.842 9                                                                  20803038.730 8 109320683.688 8       180.427 8        52.842 8
G17  24689818.114 9 129745803.214 9     -2950.297 9        54.354 9                                                                  24689818.114 8 129745803.214 8     -2950.297 8        51.354 8
G24  24352823.117 9 127974900.770 9      3058.892 9        54.473 9                                                                  24352823.117 8 127974900.770 8      3058.892 8        51.473 8
G30  22590999.925 9 118716473.658 9      2332.612 9        55.125 9                                                                  22590999.925 8 118716473.658 8      2332.612 8        52.125 8
G05  21261714.933 9 111731041.412 9       679.295 9        55.652 9                                                                  21261714.933 8 111731041.412 8       679.295 8        52.652 8
G04  21946532.779 9 115329777.732 9     -2474.671 9        55.377 9                                                                  21946532.779 8 115329777.732 8     -2474.671 8        52.377 8
E04                                                                  23383538.055 9 122881288.718 9      -149.120 9        57.938 9  23383538.055 9 122881288.718 9      -149.120 9        57.938 9
E05                                                                  26132142.433 9 137325271.823 9     -2056.306 9        56.973 9  26132142.433 9 137325271.823 9     -2056.306 9        56.973 9
E11                                                                  26659871.973 9 140098509.030 9     -2406.339 9        56.799 9  26659871.973 9 140098509.030 9     -2406.339 9        56.799 9
E20                                                                  27863916.377 9 146425790.498 9     -1674.005 9        56.416 9  27863916.377 9 146425790.498 9     -1674.005 9        56.416 9
E09                                                                  25006280.629 9 131408842.068 9      2574.383 9        57.355 9  25006280.629 9 131408842.068 9      2574.383 9        57.355 9
E10                                                                  23770045.212 9 124912394.648 9         6.631 9        57.796 9  23770045.212 9 124912394.648 9         6.631 9        57.796 9
E03                                                                  25047947.214 9 131627808.906 9      1948.443 9        57.341 9  25047947.214 9 131627808.906 9      1948.443 9        57.341 9
> 2026 02 03 10 00 59.0000000  0 18       0.000000000000
G02  20303216.373 9 106694101.146 9      -381.244 9        56.053 9                                                                  20303216.373 8 106694101.146 8      -381.244 8        53.053 8
G09  25266739.057 9 132777550.355 9     -2815.269 9        54.153 9                                                                  25266739.057 8 132777550.355 8     -2815.269 8        51.153 8
G13  25231489.572 9 132592303.052 9      1230.192 9        54.165 9                                                                  25231489.572 8 132592303.052 8      1230.192 8        51.165 8
G29  24890203.201 9 130798853.081 9      3070.433 9        54.283 9                                                                  24890203.201 8 130798853.081 8      3070.433 8        51.283 8
G10  22373877.626 9 117575485.451 9      3249.082 9        55.209 9                                                                  22373877.626 8 117575485.451 8      3249.082 8        52.209 8
G12  20803004.459 9 109320503.592 9       179.764 9        55.842 9                                                                  20803004.459 8 109320503.592 8       179.764 8        52.842 8
G17  24690379.548 9 129748753.557 9     -2950.422 9        54.354 9                                                                  24690379.548 8 129748753.557 8     -2950.422 8        51.354 8
G24  24352241.044 9 127971841.960 9      3058.729 9        54.473 9                                                                  24352241.044 8 127971841.960 8      3058.729 8        51.473 8
G30  22590556.089 9 118714141.288 9      2332.128 9        55.126 9                                                                  22590556.089 8 118714141.288 8      2332.128 8        52.126 8
G05  21261585.730 9 111730362.444 9       678.640 9        55.652 9                                                                  21261585.730 8 111730362.444 8       678.640 8        52.652 8
G04  21947003.711 9 115332252.491 9     -2474.860 9        55.377 9                                                                  21947003.711 8 115332252.491 8     -2474.860 8        52.377 8
E04                                                                  23383566.455 9 122881437.961 9      -149.367 9        57.938 9  23383566.455 9 122881437.961 9      -149.367 9        57.938 9
E05                                                                  26132533.751 9 137327328.204 9     -2056.477 9        56.973 9  26132533.751 9 137327328.204 9     -2056.477 9        56.973 9
E11                                                                  26660329.907 9 140100915.483 9     -2406.586 9        56.799 9  26660329.907 9 140100915.483 9     -2406.586 9        56.799 9
E20                                                                  27864234.959 9 146427464.651 9     -1674.314 9        56.416 9  27864234.959 9 146427464.651 9     -1674.314 9        56.416 9
E09                                                                  25005790.766 9 131406267.828 9      2574.108 9        57.356 9  25005790.766 9 131406267.828 9      2574.108 9        57.356 9
E10                                                                  23770043.996 9 124912388.253 9         6.160 9        57.796 9  23770043.996 9 124912388.253 9         6.160 9        57.796 9
E03                                                                  25047576.446 9 131625860.508 9      1948.355 9        57.341 9  25047576.446 9 131625860.508 9      1948.355 9        57.341 9
> 2026 02 03 10 01  0.0000000  0 18       0.000000000000
G02  20303288.959 9 106694482.587 9      -381.639 9        56.053 9                                                                  20303288.959 8 106694482.587 8      -381.639 8        53.053 8
G09  25267274.780 9 132780365.592 9     -2815.219 9        54.153 9                                                                  25267274.780 8 132780365.592 8     -2815.219 8        51.153 8
G13  25231255.517 9 132591073.091 9      1229.741 9        54.165 9                                                                  25231255.517 8 132591073.091 8      1229.741 8        51.165 8
G29  24889618.914 9 130795782.633 9      3070.460 9        54.284 9                                                                  24889618.914 8 130795782.633 8      3070.460 8        51.284 8
G10  22373259.376 9 117572236.530 9      3248.769 9        55.209 9                                                                  22373259.376 8 117572236.530 8      3248.769 8        52.209 8
G12  20802970.314 9 109320324.159 9       179.100 9        55.842 9                                                                  20802970.314 8 109320324.159 8       179.100 8        52.842 8
G17  24690941.006 9 129751704.026 9     -2950.548 9        54.353 9                                                                  24690941.006 8 129751704.026 8     -2950.548 8        51.353 8
G24  24351659.002 9 127968783.313 9      3058.565 9        54.473 9                                                                  24351659.002 8 127968783.313 8      3058.565 8        51.473 8
G30  22590112.346 9 118711809.402 9      2331.644 9        55.126 9                                                                  22590112.346 8 118711809.402 8      2331.644 8        52.126 8
G05  21261456.652 9 111729684.131 9       677.984 9        55.652 9                                                                  21261456.652 8 111729684.131 8       677.984 8        52.652 8
G04  21947474.679 9 115334727.438 9     -2475.048 9        55.376 9                                                                  21947474.679 8 115334727.438 8     -2475.048 8        52.376 8
E04                                                                  23383594.902 9 122881587.451 9      -149.615 9        57.938 9  23383594.902 9 122881587.451 9      -149.615 9        57.938 9
E05                                                                  26132925.102 9 137329384.757 9     -2056.647 9        56.973 9  26132925.102 9 137329384.757 9     -2056.647 9        56.973 9
E11                                                                  26660787.889 9 140103322.184 9     -2406.833 9        56.799 9  26660787.889 9 140103322.184 9     -2406.833 9        56.799 9
E20                                                                  27864553.600 9 146429139.113 9     -1674.623 9        56.415 9  27864553.600 9 146429139.113 9     -1674.623 9        56.415 9
E09                                                                  25005300.956 9 131403693.863 9      2573.832 9        57.356 9  25005300.956 9 131403693.863 9      2573.832 9        57.356 9
E10                                                                  23770042.868 9 124912382.329 9         5.689 9        57.796 9  23770042.868 9 124912382.329 9         5.689 9        57.796 9
E03                                                                  25047205.694 9 131623912.198 9      1948.267 9        57.341 9  25047205.694 9 131623912.198 9      1948.267 9        57.341 9
> 2026 02 03 10 01  1.0000000  0 18       0.000000000000
G02  20303361.620 9 106694864.422 9      -382.034 9        56.053 9                                                                  20303361.620 8 106694864.422 8      -382.034 8        53.053 8
G09  25267810.494 9 132783180.779 9     -2815.169 9        54.153 9                                                                  25267810.494 8 132783180.779 8     -2815.169 8        51.153 8
G13  25231021.548 9 132589843.580 9      1229.291 9        54.165 9                                                                  25231021.548 8 132589843.580 8      1229.291 8        51.165 8
G29  24889034.621 9 130792712.159 9      3070.486 9        54.284 9                                                                  24889034.621 8 130792712.159 8      3070.486 8        51.284 8
G10  22372641.186 9 117568987.922 9      3248.455 9        55.210 9                                                                  22372641.186 8 117568987.922 8      3248.455 8        52.210 8
G12  20802936.296 9 109320145.390 9       178.437 9        55.842 9                                                                  20802936.296 8 109320145.390 8       178.437 8        52.842 8
G17  24691502.488 9 129754654.620 9     -2950.673 9        54.353 9                                                                  24691502.488 8 129754654.620 8     -2950.673 8        51.353 8
G24  24351076.991 9 127965724.829 9      3058.402 9        54.474 9                                                                  24351076.991 8 127965724.829 8      3058.402 8        51.474 8
G30  22589668.695 9 118709478.000 9      2331.160 9        55.126 9                                                                  22589668.695 8 118709478.000 8      2331.160 8        52.126 8
G05  21261327.698 9 111729006.473 9       677.329 9        55.652 9                                                                  21261327.698 8 111729006.473 8       677.329 8        52.652 8
G04  21947945.683 9 115337202.574 9     -2475.236 9        55.376 9                                                                  21947945.683 8 115337202.574 8     -2475.236 8        52.376 8
E04                                                                  23383623.397 9 122881737.189 9      -149.862 9        57.938 9  23383623.397 9 122881737.189 9      -149.862 9        57.938 9
E05                                                                  26133316.484 9 137331441.480 9     -2056.817 9        56.973 9  26133316.484 9 137331441.480 9     -2056.817 9        56.973 9
E11                                                                  26661245.917 9 140105729.131 9     -2407.080 9        56.799 9  26661245.917 9 140105729.131 9     -2407.080 9        56.799 9
E20                                                                  27864872.300 9 146430813.885 9     -1674.932 9        56.415 9  27864872.300 9 146430813.885 9     -1674.932 9        56.415 9
E09                                                                  25004811.198 9 131401120.174 9      2573.557 9        57.356 9  25004811.198 9 131401120.174 9      2573.557 9        57.356 9
E10                                                                  23770041.830 9 124912376.876 9         5.218 9        57.796 9  23770041.830 9 124912376.876 9         5.218 9        57.796 9
E03                                                                  25046834.960 9 131621963.976 9      1948.178 9        57.341 9  25046834.960 9 131621963.976 9      1948.178 9        57.341 9
> 2026 02 03 10 01  2.0000000  0 18       0.000000000000
G02  20303434.356 9 106695246.653 9      -382.429 9        56.053 9                                                                  20303434.356 8 106695246.653 8      -382.429 8        53.053 8
G09  25268346.199 9 132785995.916 9     -2815.118 9        54.153 9                                                                  25268346.199 8 132785995.916 8     -2815.118 8        51.153 8
G13  25230787.665 9 132588614.520 9      1228.841 9        54.165 9                                                                  25230787.665 8 132588614.520 8      1228.841 8        51.165 8
G29  24888450.324 9 130789641.659 9      3070.513 9        54.284 9                                                                  24888450.324 8 130789641.659 8      3070.513 8        51.284 8
G10  22372023.055 9 117565739.628 9      3248.142 9        55.210 9                                                                  22372023.055 8 117565739.628 8      3248.142 8        52.210 8
G12  20802902.403 9 109319967.284 9       177.773 9        55.842 9                                                                  20802902.403 8 109319967.284 8       177.773 8        52.842 8
G17  24692063.993 9 129757605.340 9     -2950.798 9        54.353 9                                                                  24692063.993 8 129757605.340 8     -2950.798 8        51.353 8
G24  24350495.012 9 127962666.509 9      3058.239 9        54.474 9                                                                  24350495.012 8 127962666.509 8      3058.239 8        51.474 8
G30  22589225.135 9 118707147.083 9      2330.675 9        55.126 9                                                                  22589225.135 8 118707147.083 8      2330.675 8        52.126 8
G05  21261198.869 9 111728329.471 9       676.673 9        55.652 9                                                                  21261198.869 8 111728329.471 8       676.673 8        52.652 8
G04  21948416.722 9 115339677.898 9     -2475.424 9        55.376 9                                                                  21948416.722 8 115339677.898 8     -2475.424 8        52.376 8
E04                                                                  23383651.938 9 122881887.174 9      -150.110 9        57.938 9  23383651.938 9 122881887.174 9      -150.110 9        57.938 9
E05                                                                  26133707.899 9 137333498.372 9     -2056.988 9        56.972 9  26133707.899 9 137333498.372 9     -2056.988 9        56.972 9
E11                                                                  26661703.992 9 140108136.326 9     -2407.327 9        56.799 9  26661703.992 9 140108136.326 9     -2407.327 9        56.799 9
E20                                                                  27865191.059 9 146432488.965 9     -1675.242 9        56.415 9  27865191.059 9 146432488.965 9     -1675.242 9        56.415 9
E09                                                                  25004321.493 9 131398546.759 9      2573.281 9        57.356 9  25004321.493 9 131398546.759 9      2573.281 9        57.356 9
E10                                                                  23770040.882 9 124912371.894 9         4.747 9        57.796 9  23770040.882 9 124912371.894 9         4.747 9        57.796 9
E03                                                                  25046464.242 9 131620015.843 9      1948.090 9        57.342 9  25046464.242 9 131620015.843 9      1948.090 9        57.342 9
> 2026 02 03 10 01  3.0000000  0 18       0.000000000000
G02  20303507.168 9 106695629.277 9      -382.823 9        56.053 9                                                                  20303507.168 8 106695629.277 8      -382.823 8        53.053 8
G09  25268881.894 9 132788811.003 9     -2815.068 9        54.152 9                                                                  25268881.894 8 132788811.003 8     -2815.068 8        51.152 8
G13  25230553.868 9 132587385.910 9      1228.391 9        54.166 9                                                                  25230553.868 8 132587385.910 8      1228.391 8        51.166 8
G29  24887866.022 9 130786571.132 9      3070.539 9        54.284 9                                                                  24887866.022 8 130786571.132 8      3070.539 8        51.284 8
G10  22371404.984 9 117562491.648 9      3247.828 9        55.210 9                                                                  22371404.984 8 117562491.648 8      3247.828 8        52.210 8
G12  20802868.637 9 109319789.842 9       177.109 9        55.842 9                                                                  20802868.637 8 109319789.842 8       177.109 8        52.842 8
G17  24692625.523 9 129760556.185 9     -2950.924 9        54.353 9                                                                  24692625.523 8 129760556.185 8     -2950.924 8        51.353 8
G24  24349913.063 9 127959608.352 9      3058.075 9        54.474 9                                                                  24349913.063 8 127959608.352 8      3058.075 8        51.474 8
G30  22588781.668 9 118704816.649 9      2330.191 9        55.126 9                                                                  22588781.668 8 118704816.649 8      2330.191 8        52.126 8
G05  21261070.164 9 111727653.124 9       676.018 9        55.652 9                                                                  21261070.164 8 111727653.124 8       676.018 8        52.652 8
G04  21948887.797 9 115342153.409 9     -2475.612 9        55.376 9                                                                  21948887.797 8 115342153.409 8     -2475.612 8        52.376 8
E04                                                                  23383680.527 9 122882037.407 9      -150.357 9        57.938 9  23383680.527 9 122882037.407 9      -150.357 9        57.938 9
E05                                                                  26134099.347 9 137335555.436 9     -2057.158 9        56.972 9  26134099.347 9 137335555.436 9     -2057.158 9        56.972 9
E11                                                                  26662162.114 9 140110543.767 9     -2407.574 9        56.799 9  26662162.114 9 140110543.767 9     -2407.574 9        56.799 9
E20                                                                  27865509.876 9 146434164.355 9     -1675.551 9        56.415 9  27865509.876 9 146434164.355 9     -1675.551 9        56.415 9
E09                                                                  25003831.839 9 131395973.621 9      2573.006 9        57.356 9  25003831.839 9 131395973.621 9      2573.006 9        57.356 9
E10                                                                  23770040.024 9 124912367.383 9         4.276 9        57.796 9  23770040.024 9 124912367.383 9         4.276 9        57.796 9
E03                                                                  25046093.541 9 131618067.798 9      1948.002 9        57.342 9  25046093.541 9 131618067.798 9      1948.002 9        57.342 9
> 2026 02 03 10 01  4.0000000  0 18       0.000000000000
G02  20303580.054 9 106696012.297 9      -383.218 9        56.053 9                                                                  20303580.054 8 106696012.297 8      -383.218 8        53.053 8
G09  25269417.579 9 132791626.038 9     -2815.017 9        54.152 9                                                                  25269417.579 8 132791626.038 8     -2815.017 8        51.152 8
G13  25230320.156 9 132586157.750 9      1227.940 9        54.166 9                                                                  25230320.156 8 132586157.750 8      1227.940 8        51.166 8
G29  24887281.714 9 130783500.578 9      3070.566 9        54.285 9                                                                  24887281.714 8 130783500.578 8      3070.566 8        51.285 8
G10  22370786.973 9 117559243.981 9      3247.514 9        55.210 9                                                                  22370786.973 8 117559243.981 8      3247.514 8        52.210 8
G12  20802834.998 9 109319613.064 9       176.446 9        55.842 9                                                                  20802834.998 8 109319613.064 8       176.446 8        52.842 8
G17  24693187.076 9 129763507.155 9     -2951.049 9        54.353 9                                                                  24693187.076 8 129763507.155 8     -2951.049 8        51.353 8
G24  24349331.146 9 127956550.359 9      3057.912 9        54.474 9                                                                  24349331.146 8 127956550.359 8      3057.912 8        51.474 8
G30  22588338.293 9 118702486.700 9      2329.707 9        55.126 9                                                                  22588338.293 8 118702486.700 8      2329.707 8        52.126 8
G05  21260941.584 9 111726977.434 9       675.362 9        55.652 9                                                                  21260941.584 8 111726977.434 8       675.362 8        52.652 8
G04  21949358.908 9 115344629.109 9     -2475.800 9        55.376 9                                                                  21949358.908 8 115344629.109 8     -2475.800 8        52.376 8
E04                                                                  23383709.162 9 122882187.887 9      -150.605 9        57.938 9  23383709.162 9 122882187.887 9      -150.605 9        57.938 9
E05                                                                  26134490.827 9 137337612.669 9     -2057.328 9        56.972 9  26134490.827 9 137337612.669 9     -2057.328 9        56.972 9
E11                                                                  26662620.284 9 140112951.455 9     -2407.821 9        56.798 9  26662620.284 9 140112951.455 9     -2407.821 9        56.798 9
E20                                                                  27865828.753 9 146435840.053 9     -1675.860 9        56.415 9  27865828.753 9 146435840.053 9     -1675.860 9        56.415 9
E09                                                                  25003342.239 9 131393400.757 9      2572.730 9        57.357 9  25003342.239 9 131393400.757 9      2572.730 9        57.357 9
E10                                                                  23770039.255 9 124912363.343 9         3.805 9        57.796 9  23770039.255 9 124912363.343 9         3.805 9        57.796 9
E03                                                                  25045722.856 9 131616119.841 9      1947.913 9        57.342 9  25045722.856 9 131616119.841 9      1947.913 9        57.342 9
> 2026 02 03 10 01  5.0000000  0 18       0.000000000000
G02  20303653.015 9 106696395.711 9      -383.613 9        56.053 9                                                                  20303653.015 8 106696395.711 8      -383.613 8        53.053 8
G09  25269953.255 9 132794441.024 9     -2814.967 9        54.152 9                                                                  25269953.255 8 132794441.024 8     -2814.967 8        51.152 8
G13  25230086.530 9 132584930.041 9      1227.489 9        54.166 9                                                                  25230086.530 8 132584930.041 8      1227.489 8        51.166 8
G29  24886697.402 9 130780429.998 9      3070.593 9        54.285 9                                                                  24886697.402 8 130780429.998 8      3070.593 8        51.285 8
G10  22370169.021 9 117555996.628 9      3247.200 9        55.211 9                                                                  22370169.021 8 117555996.628 8      3247.200 8        52.211 8
G12  20802801.484 9 109319436.949 9       175.782 9        55.842 9                                                                  20802801.484 8 109319436.949 8       175.782 8        52.842 8
G17  24693748.654 9 129766458.251 9     -2951.174 9        54.352 9                                                                  24693748.654 8 129766458.251 8     -2951.174 8        51.352 8
G24  24348749.259 9 127953492.529 9      3057.748 9        54.475 9                                                                  24348749.259 8 127953492.529 8      3057.748 8        51.475 8
G30  22587895.011 9 118700157.236 9      2329.222 9        55.127 9                                                                  22587895.011 8 118700157.236 8      2329.222 8        52.127 8
G05  21260813.130 9 111726302.398 9       674.707 9        55.652 9                                                                  21260813.130 8 111726302.398 8       674.707 8        52.652 8
G04  21949830.054 9 115347104.997 9     -2475.988 9        55.375 9                                                                  21949830.054 8 115347104.997 8     -2475.988 8        52.375 8
E04                                                                  23383737.845 9 122882338.615 9      -150.852 9        57.938 9  23383737.845 9 122882338.615 9      -150.852 9        57.938 9
E05                                                                  26134882.339 9 137339670.073 9     -2057.499 9        56.972 9  26134882.339 9 137339670.073 9     -2057.499 9        56.972 9
E11                                                                  26663078.500 9 140115359.390 9     -2408.068 9        56.798 9  26663078.500 9 140115359.390 9     -2408.068 9        56.798 9
E20                                                                  27866147.688 9 146437516.061 9     -1676.169 9        56.415 9  27866147.688 9 146437516.061 9     -1676.169 9        56.415 9
E09                                                                  25002852.691 9 131390828.170 9      2572.455 9        57.357 9  25002852.691 9 131390828.170 9      2572.455 9        57.357 9
E10                                                                  23770038.576 9 124912359.774 9         3.334 9        57.796 9  23770038.576 9 124912359.774 9         3.334 9        57.796 9
E03                                                                  25045352.189 9 131614171.973 9      1947.825 9        57.342 9  25045352.189 9 131614171.973 9      1947.825 9        57.342 9
> 2026 02 03 10 01  6.0000000  0 18       0.000000000000
G02  20303726.052 9 106696779.520 9      -384.007 9        56.053 9                                                                  20303726.052 8 106696779.520 8      -384.007 8        53.053 8
G09  25270488.921 9 132797255.958 9     -2814.916 9        54.152 9                                                                  25270488.921 8 132797255.958 8     -2814.916 8        51.152 8
G13  25229852.989 9 132583702.783 9      1227.039 9        54.166 9                                                                  25229852.989 8 132583702.783 8      1227.039 8        51.166 8
G29  24886113.085 9 130777359.391 9      3070.619 9        54.285 9                                                                  24886113.085 8 130777359.391 8      3070.619 8        51.285 8
G10  22369551.130 9 117552749.590 9      3246.886 9        55.211 9                                                                  22369551.130 8 117552749.590 8      3246.886 8        52.211 8
G12  20802768.097 9 109319261.497 9       175.119 9        55.842 9                                                                  20802768.097 8 109319261.497 8       175.119 8        52.842 8
G17  24694310.255 9 129769409.471 9     -2951.299 9        54.352 9                                                                  24694310.255 8 129769409.471 8     -2951.299 8        51.352 8
G24  24348167.404 9 127950434.863 9      3057.585 9        54.475 9                                                                  24348167.404 8 127950434.863 8      3057.585 8        51.475 8
G30  22587451.820 9 118697828.255 9      2328.738 9        55.127 9                                                                  22587451.820 8 118697828.255 8      2328.738 8        52.127 8
G05  21260684.799 9 111725628.018 9       674.051 9        55.653 9                                                                  21260684.799 8 111725628.018 8       674.051 8        52.653 8
G04  21950301.237 9 115349581.072 9     -2476.176 9        55.375 9                                                                  21950301.237 8 115349581.072 8     -2476.176 8        52.375 8
E04                                                                  23383766.575 9 122882489.590 9      -151.100 9        57.938 9  23383766.575 9 122882489.590 9      -151.100 9        57.938 9
E05                                                                  26135273.884 9 137341727.647 9     -2057.669 9        56.972 9  26135273.884 9 137341727.647 9     -2057.669 9        56.972 9
E11                                                                  26663536.763 9 140117767.571 9     -2408.314 9        56.798 9  26663536.763 9 140117767.571 9     -2408.314 9        56.798 9
E20                                                                  27866466.682 9 146439192.378 9     -1676.477 9        56.415 9  27866466.682 9 146439192.378 9     -1676.477 9        56.415 9
E09                                                                  25002363.195 9 131388255.858 9      2572.179 9        57.357 9  25002363.195 9 131388255.858 9      2572.179 9        57.357 9
E10                                                                  23770037.986 9 124912356.675 9         2.863 9        57.796 9  23770037.986 9 124912356.675 9         2.863 9        57.796 9
E03                                                                  25044981.538 9 131612224.193 9      1947.737 9        57.342 9  25044981.538 9 131612224.193 9      1947.737 9        57.342 9
> 2026 02 03 10 01  7.0000000  0 18       0.000000000000
G02  20303799.164 9 106697163.724 9      -384.402 9        56.053 9                                                                  20303799.164 8 106697163.724 8      -384.402 8        53.053 8
G09  25271024.577 9 132800070.842 9     -2814.865 9        54.152 9                                                                  25271024.577 8 132800070.842 8     -2814.865 8        51.152 8
G13  25229619.535 9 132582475.975 9      1226.588 9        54.166 9                                                                  25229619.535 8 132582475.975 8      1226.588 8        51.166 8
G29  24885528.762 9 130774288.757 9      3070.645 9        54.285 9                                                                  24885528.762 8 130774288.757 8      3070.645 8        51.285 8
G10  22368933.298 9 117549502.865 9      3246.572 9        55.211 9                                                                  22368933.298 8 117549502.865 8      3246.572 8        52.211 8
G12  20802734.836 9 109319086.710 9       174.455 9        55.842 9                                                                  20802734.836 8 109319086.710 8       174.455 8        52.842 8
G17  24694871.880 9 129772360.817 9     -2951.425 9        54.352 9                                                                  24694871.880 8 129772360.817 8     -2951.425 8        51.352 8
G24  24347585.580 9 127947377.360 9      3057.421 9        54.475 9                                                                  24347585.580 8 127947377.360 8      3057.421 8        51.475 8
G30  22587008.722 9 118695499.760 9      2328.253 9        55.127 9                                                                  22587008.722 8 118695499.760 8      2328.253 8        52.127 8
G05  21260556.594 9 111724954.294 9       673.395 9        55.653 9                                                                  21260556.594 8 111724954.294 8       673.395 8        52.653 8
G04  21950772.455 9 115352057.335 9     -2476.363 9        55.375 9                                                                  21950772.455 8 115352057.335 8     -2476.363 8        52.375 8
E04                                                                  23383795.351 9 122882640.813 9      -151.347 9        57.938 9  23383795.351 9 122882640.813 9      -151.347 9        57.938 9
E05                                                                  26135665.461 9 137343785.392 9     -2057.839 9        56.972 9  26135665.461 9 137343785.392 9     -2057.839 9        56.972 9
E11                                                                  26663995.073 9 140120176.000 9     -2408.561 9        56.798 9  26663995.073 9 140120176.000 9     -2408.561 9        56.798 9
E20                                                                  27866785.735 9 146440869.003 9     -1676.786 9        56.415 9  27866785.735 9 146440869.003 9     -1676.786 9        56.415 9
E09                                                                  25001873.752 9 131385683.822 9      2571.904 9        57.357 9  25001873.752 9 131385683.822 9      2571.904 9        57.357 9
E10                                                                  23770037.486 9 124912354.048 9         2.392 9        57.796 9  23770037.486 9 124912354.048 9         2.392 9        57.796 9
E03                                                                  25044610.905 9 131610276.501 9      1947.648 9        57.342 9  25044610.905 9 131610276.501 9      1947.648 9        57.342 9
> 2026 02 03 10 01  8.0000000  0 18       0.000000000000
G02  20303872.350 9 106697548.322 9      -384.796 9        56.052 9                                                                  20303872.350 8 106697548.322 8      -384.796 8        53.052 8
G09  25271560.223 9 132802885.675 9     -2814.814 9        54.151 9                                                                  25271560.223 8 132802885.675 8     -2814.814 8        51.151 8
G13  25229386.166 9 132581249.617 9      1226.137 9        54.166 9                                                                  25229386.166 8 132581249.617 8      1226.137 8        51.166 8
G29  24884944.435 9 130771218.098 9      3070.672 9        54.285 9                                                                  24884944.435 8 130771218.098 8      3070.672 8        51.285 8
G10  22368315.526 9 117546256.455 9      3246.258 9        55.211 9                                                                  22368315.526 8 117546256.455 8      3246.258 8        52.211 8
G12  20802701.702 9 109318912.586 9       173.791 9        55.842 9                                                                  20802701.702 8 109318912.586 8       173.791 8        52.842 8
G17  24695433.528 9 129775312.288 9     -2951.550 9        54.352 9                                                                  24695433.528 8 129775312.288 8     -2951.550 8        51.352 8
G24  24347003.787 9 127944320.021 9      3057.258 9        54.475 9                                                                  24347003.787 8 127944320.021 8      3057.258 8        51.475 8
G30  22586565.716 9 118693171.749 9      2327.768 9        55.127 9                                                                  22586565.716 8 118693171.749 8      2327.768 8        52.127 8
G05  21260428.513 9 111724281.226 9       672.740 9        55.653 9                                                                  21260428.513 8 111724281.226 8       672.740 8        52.653 8
G04  21951243.709 9 115354533.786 9     -2476.551 9        55.375 9                                                                  21951243.709 8 115354533.786 8     -2476.551 8        52.375 8
E04                                                                  23383824.175 9 122882792.284 9      -151.595 9        57.938 9  23383824.175 9 122882792.284 9      -151.595 9        57.938 9
E05                                                                  26136057.071 9 137345843.306 9     -2058.009 9        56.972 9  26136057.071 9 137345843.306 9     -2058.009 9        56.972 9
E11                                                                  26664453.430 9 140122584.674 9     -2408.807 9        56.798 9  26664453.430 9 140122584.674 9     -2408.807 9        56.798 9
E20                                                                  27867104.847 9 146442545.938 9     -1677.095 9        56.415 9  27867104.847 9 146442545.938 9     -1677.095 9        56.415 9
E09                                                                  25001384.361 9 131383112.061 9      2571.628 9        57.357 9  25001384.361 9 131383112.061 9      2571.628 9        57.357 9
E10                                                                  23770037.076 9 124912351.892 9         1.921 9        57.796 9  23770037.076 9 124912351.892 9         1.921 9        57.796 9
E03                                                                  25044240.288 9 131608328.898 9      1947.560 9        57.342 9  25044240.288 9 131608328.898 9      1947.560 9        57.342 9
> 2026 02 03 10 01  9.0000000  0 18       0.000000000000
G02  20303945.612 9 106697933.314 9      -385.191 9        56.052 9                                                                  20303945.612 8 106697933.314 8      -385.191 8        53.052 8
G09  25272095.860 9 132805700.457 9     -2814.763 9        54.151 9                                                                  25272095.860 8 132805700.457 8     -2814.763 8        51.151 8
G13  25229152.883 9 132580023.711 9      1225.687 9        54.166 9                                                                  25229152.883 8 132580023.711 8      1225.687 8        51.166 8
G29  24884360.102 9 130768147.412 9      3070.698 9        54.286 9                                                                  24884360.102 8 130768147.412 8      3070.698 8        51.286 8
G10  22367697.813 9 117543010.359 9      3245.943 9        55.212 9                                                                  22367697.813 8 117543010.359 8      3245.943 8        52.212 8
G12  20802668.694 9 109318739.125 9       173.128 9        55.842 9                                                                  20802668.694 8 109318739.125 8       173.128 8        52.842 8
G17  24695995.201 9 129778263.885 9     -2951.675 9        54.352 9                                                                  24695995.201 8 129778263.885 8     -2951.675 8        51.352 8
G24  24346422.025 9 127941262.845 9      3057.094 9        54.475 9                                                                  24346422.025 8 127941262.845 8      3057.094 8        51.475 8
G30  22586122.802 9 118690844.223 9      2327.283 9        55.127 9                                                                  22586122.802 8 118690844.223 8      2327.283 8        52.127 8
G05  21260300.558 9 111723608.813 9       672.084 9        55.653 9                                                                  21260300.558 8 111723608.813 8       672.084 8        52.653 8
G04  21951714.998 9 115357010.425 9     -2476.739 9        55.375 9                                                                  21951714.998 8 115357010.425 8     -2476.739 8        52.375 8
E04                                                                  23383853.047 9 122882944.002 9      -151.843 9        57.938 9  23383853.047 9 122882944.002 9      -151.843 9        57.938 9
E05                                                                  26136448.713 9 137347901.391 9     -2058.180 9        56.972 9  26136448.713 9 137347901.391 9     -2058.180 9        56.972 9
E11                                                                  26664911.834 9 140124993.596 9     -2409.054 9        56.798 9  26664911.834 9 140124993.596 9     -2409.054 9        56.798 9
E20                                                                  27867424.017 9 146444223.181 9     -1677.404 9        56.415 9  27867424.017 9 146444223.181 9     -1677.404 9        56.415 9
E09                                                                  25000895.023 9 131380540.576 9      2571.352 9        57.357 9  25000895.023 9 131380540.576 9      2571.352 9        57.357 9
E10                                                                  23770036.755 9 124912350.207 9         1.450 9        57.796 9  23770036.755 9 124912350.207 9         1.450 9        57.796 9
E03                                                                  25043869.687 9 131606381.383 9      1947.471 9        57.342 9  25043869.687 9 131606381.383 9      1947.471 9        57.342 9
> 2026 02 03 10 01 10.0000000  0 18       0.000000000000
G02  20304018.949 9 106698318.701 9      -385.585 9        56.052 9                                                                  20304018.949 8 106698318.701 8      -385.585 8        53.052 8
G09  25272631.488 9 132808515.188 9     -2814.712 9        54.151 9                                                                  25272631.488 8 132808515.188 8     -2814.712 8        51.151 8
G13  25228919.686 9 132578798.256 9      1225.236 9        54.166 9                                                                  25228919.686 8 132578798.256 8      1225.236 8        51.166 8
G29  24883775.764 9 130765076.699 9      3070.725 9        54.286 9                                                                  24883775.764 8 130765076.699 8      3070.725 8        51.286 8
G10  22367080.161 9 117539764.577 9      3245.629 9        55.212 9                                                                  22367080.161 8 117539764.577 8      3245.629 8        52.212 8
G12  20802635.812 9 109318566.328 9       172.464 9        55.842 9                                                                  20802635.812 8 109318566.328 8       172.464 8        52.842 8
G17  24696556.897 9 129781215.606 9     -2951.800 9        54.351 9                                                                  24696556.897 8 129781215.606 8     -2951.800 8        51.351 8
G24  24345840.294 9 127938205.833 9      3056.931 9        54.476 9                                                                  24345840.294 8 127938205.833 8      3056.931 8        51.476 8
G30  22585679.981 9 118688517.182 9      2326.799 9        55.127 9                                                                  22585679.981 8 118688517.182 8      2326.799 8        52.127 8
G05  21260172.727 9 111722937.056 9       671.428 9        55.653 9                                                                  21260172.727 8 111722937.056 8       671.428 8        52.653 8
G04  21952186.324 9 115359487.251 9     -2476.926 9        55.374 9                                                                  21952186.324 8 115359487.251 8     -2476.926 8        52.374 8
E04                                                                  23383881.965 9 122883095.967 9      -152.090 9        57.938 9  23383881.965 9 122883095.967 9      -152.090 9        57.938 9
E05                                                                  26136840.387 9 137349959.647 9     -2058.350 9        56.971 9  26136840.387 9 137349959.647 9     -2058.350 9        56.971 9
E11                                                                  26665370.285 9 140127402.764 9     -2409.300 9        56.798 9  26665370.285 9 140127402.764 9     -2409.300 9        56.798 9
E20                                                                  27867743.246 9 146445900.732 9     -1677.712 9        56.414 9  27867743.246 9 146445900.732 9     -1677.712 9        56.414 9
E09                                                                  25000405.737 9 131377969.367 9      2571.076 9        57.358 9  25000405.737 9 131377969.367 9      2571.076 9        57.358 9
E10                                                                  23770036.524 9 124912348.992 9         0.979 9        57.796 9  23770036.524 9 124912348.992 9         0.979 9        57.796 9
E03                                                                  25043499.104 9 131604433.957 9      1947.383 9        57.343 9  25043499.104 9 131604433.957 9      1947.383 9        57.343 9
> 2026 02 03 10 01 11.0000000  0 18       0.000000000000
G02  20304092.361 9 106698704.483 9      -385.980 9        56.052 9                                                                  20304092.361 8 106698704.483 8      -385.980 8        53.052 8
G09  25273167.105 9 132811329.867 9     -2814.660 9        54.151 9                                                                  25273167.105 8 132811329.867 8     -2814.660 8        51.151 8
G13  25228686.574 9 132577573.251 9      1224.785 9        54.166 9                                                                  25228686.574 8 132577573.251 8      1224.785 8        51.166 8
G29  24883191.422 9 130762005.960 9      3070.751 9        54.286 9                                                                  24883191.422 8 130762005.960 8      3070.751 8        51.286 8
G10  22366462.568 9 117536519.110 9      3245.314 9        55.212 9                                                                  22366462.568 8 117536519.110 8      3245.314 8        52.212 8
G12  20802603.056 9 109318394.195 9       171.800 9        55.842 9                                                                  20802603.056 8 109318394.195 8       171.800 8        52.842 8
G17  24697118.617 9 129784167.453 9     -2951.925 9        54.351 9                                                                  24697118.617 8 129784167.453 8     -2951.925 8        51.351 8
G24  24345258.595 9 127935148.984 9      3056.767 9        54.476 9                                                                  24345258.595 8 127935148.984 8      3056.767 8        51.476 8
G30  22585237.251 9 118686190.626 9      2326.314 9        55.128 9                                                                  22585237.251 8 118686190.626 8      2326.314 8        52.128 8
G05  21260045.020 9 111722265.955 9       670.772 9        55.653 9                                                                  21260045.020 8 111722265.955 8       670.772 8        52.653 8
G04  21952657.684 9 115361964.265 9     -2477.114 9        55.374 9                                                                  21952657.684 8 115361964.265 8     -2477.114 8        52.374 8
E04                                                                  23383910.930 9 122883248.181 9      -152.338 9        57.938 9  23383910.930 9 122883248.181 9      -152.338 9        57.938 9
E05                                                                  26137232.094 9 137352018.072 9     -2058.520 9        56.971 9  26137232.094 9 137352018.072 9     -2058.520 9        56.971 9
E11                                                                  26665828.783 9 140129812.178 9     -2409.547 9        56.797 9  26665828.783 9 140129812.178 9     -2409.547 9        56.797 9
E20                                                                  27868062.534 9 146447578.592 9     -1678.021 9        56.414 9  27868062.534 9 146447578.592 9     -1678.021 9        56.414 9
E09                                                                  24999916.504 9 131375398.434 9      2570.800 9        57.358 9  24999916.504 9 131375398.434 9      2570.800 9        57.358 9
E10                                                                  23770036.383 9 124912348.249 9         0.508 9        57.796 9  23770036.383 9 124912348.249 9         0.508 9        57.796 9
E03                                                                  25043128.538 9 131602486.619 9      1947.294 9        57.343 9  25043128.538 9 131602486.619 9      1947.294 9        57.343 9
> 2026 02 03 10 01 12.0000000  0 18       0.000000000000
G02  20304165.848 9 106699090.659 9      -386.374 9        56.052 9                                                                  20304165.848 8 106699090.659 8      -386.374 8        53.052 8
G09  25273702.713 9 132814144.495 9     -2814.609 9        54.151 9                                                                  25273702.713 8 132814144.495 8     -2814.609 8        51.151 8
G13  25228453.549 9 132576348.698 9      1224.334 9        54.166 9                                                                  25228453.549 8 132576348.698 8      1224.334 8        51.166 8
G29  24882607.074 9 130758935.195 9      3070.777 9        54.286 9                                                                  24882607.074 8 130758935.195 8      3070.777 8        51.286 8
G10  22365845.035 9 117533273.958 9      3244.999 9        55.212 9                                                                  22365845.035 8 117533273.958 8      3244.999 8        52.212 8
G12  20802570.427 9 109318222.726 9       171.137 9        55.842 9                                                                  20802570.427 8 109318222.726 8       171.137 8        52.842 8
G17  24697680.361 9 129787119.425 9     -2952.050 9        54.351 9                                                                  24697680.361 8 129787119.425 8     -2952.050 8        51.351 8
G24  24344676.926 9 127932092.300 9      3056.603 9        54.476 9                                                                  24344676.926 8 127932092.300 8      3056.603 8        51.476 8
G30  22584794.614 9 118683864.555 9      2325.829 9        55.128 9                                                                  22584794.614 8 118683864.555 8      2325.829 8        52.128 8
G05  21259917.439 9 111721595.509 9       670.117 9        55.653 9                                                                  21259917.439 8 111721595.509 8       670.117 8        52.653 8
G04  21953129.081 9 115364441.466 9     -2477.301 9        55.374 9                                                                  21953129.081 8 115364441.466 8     -2477.301 8        52.374 8
E04                                                                  23383939.943 9 122883400.642 9      -152.586 9        57.938 9  23383939.943 9 122883400.642 9      -152.586 9        57.938 9
E05                                                                  26137623.833 9 137354076.668 9     -2058.691 9        56.971 9  26137623.833 9 137354076.668 9     -2058.691 9        56.971 9
E11                                                                  26666287.327 9 140132221.838 9     -2409.793 9        56.797 9  26666287.327 9 140132221.838 9     -2409.793 9        56.797 9
E20                                                                  27868381.880 9 146449256.761 9     -1678.329 9        56.414 9  27868381.880 9 146449256.761 9     -1678.329 9        56.414 9
E09                                                                  24999427.323 9 131372827.777 9      2570.524 9        57.358 9  24999427.323 9 131372827.777 9      2570.524 9        57.358 9
E10                                                                  23770036.331 9 124912347.976 9         0.037 9        57.796 9  23770036.331 9 124912347.976 9         0.037 9        57.796 9
E03                                                                  25042757.988 9 131600539.370 9      1947.206 9        57.343 9  25042757.988 9 131600539.370 9      1947.206 9        57.343 9
> 2026 02 03 10 01 13.0000000  0 18       0.000000000000
G02  20304239.410 9 106699477.229 9      -386.768 9        56.052 9                                                                  20304239.410 8 106699477.229 8      -386.768 8        53.052 8
G09  25274238.310 9 132816959.071 9     -2814.558 9        54.151 9                                                                  25274238.310 8 132816959.071 8     -2814.558 8        51.151 8
G13  25228220.609 9 132575124.595 9      1223.882 9        54.166 9                                                                  25228220.609 8 132575124.595 8      1223.882 8        51.166 8
G29  24882022.722 9 130755864.403 9      3070.804 9        54.286 9                                                                  24882022.722 8 130755864.403 8      3070.804 8        51.286 8
G10  22365227.563 9 117530029.120 9      3244.685 9        55.213 9                                                                  22365227.563 8 117530029.120 8      3244.685 8        52.213 8
G12  20802537.923 9 109318051.921 9       170.473 9        55.842 9                                                                  20802537.923 8 109318051.921 8       170.473 8        52.842 8
G17  24698242.129 9 129790071.522 9     -2952.175 9        54.351 9                                                                  24698242.129 8 129790071.522 8     -2952.175 8        51.351 8
G24  24344095.289 9 127929035.779 9      3056.440 9        54.476 9                                                                  24344095.289 8 127929035.779 8      3056.440 8        51.476 8
G30  22584352.070 9 118681538.969 9      2325.343 9        55.128 9                                                                  22584352.070 8 118681538.969 8      2325.343 8        52.128 8
G05  21259789.982 9 111720925.720 9       669.461 9        55.653 9                                                                  21259789.982 8 111720925.720 8       669.461 8        52.653 8
G04  21953600.513 9 115366918.855 9     -2477.489 9        55.374 9                                                                  21953600.513 8 115366918.855 8     -2477.489 8        52.374 8
E04                                                                  23383969.002 9 122883553.350 9      -152.833 9        57.938 9  23383969.002 9 122883553.350 9      -152.833 9        57.938 9
E05                                                                  26138015.605 9 137356135.434 9     -2058.861 9        56.971 9  26138015.605 9 137356135.434 9     -2058.861 9        56.971 9
E11                                                                  26666745.919 9 140134631.744 9     -2410.039 9        56.797 9  26666745.919 9 140134631.744 9     -2410.039 9        56.797 9
E20                                                                  27868701.285 9 146450935.238 9     -1678.638 9        56.414 9  27868701.285 9 146450935.238 9     -1678.638 9        56.414 9
E09                                                                  24998938.195 9 131370257.396 9      2570.248 9        57.358 9  24998938.195 9 131370257.396 9      2570.248 9        57.358 9
E10                                                                  23770036.368 9 124912348.174 9        -0.433 9        57.796 9  23770036.368 9 124912348.174 9        -0.433 9        57.796 9
E03                                                                  25042387.455 9 131598592.210 9      1947.117 9        57.343 9  25042387.455 9 131598592.210 9      1947.117 9        57.343 9
> 2026 02 03 10 01 14.0000000  0 18       0.000000000000
G02  20304313.047 9 106699864.193 9      -387.163 9        56.052 9                                                                  20304313.047 8 106699864.193 8      -387.163 8        53.052 8
G09  25274773.899 9 132819773.597 9     -2814.506 9        54.150 9                                                                  25274773.899 8 132819773.597 8     -2814.506 8        51.150 8
G13  25227987.755 9 132573900.944 9      1223.431 9        54.166 9                                                                  25227987.755 8 132573900.944 8      1223.431 8        51.166 8
G29  24881438.364 9 130752793.585 9      3070.830 9        54.287 9                                                                  24881438.364 8 130752793.585 8      3070.830 8        51.287 8
G10  22364610.150 9 117526784.598 9      3244.370 9        55.213 9                                                                  22364610.150 8 117526784.598 8      3244.370 8        52.213 8
G12  20802505.547 9 109317881.779 9       169.809 9        55.842 9                                                                  20802505.547 8 109317881.779 8       169.809 8        52.842 8
G17  24698803.921 9 129793023.744 9     -2952.301 9        54.351 9                                                                  24698803.921 8 129793023.744 8     -2952.301 8        51.351 8
G24  24343513.683 9 127925979.421 9      3056.276 9        54.476 9                                                                  24343513.683 8 127925979.421 8      3056.276 8        51.476 8
G30  22583909.617 9 118679213.868 9      2324.858 9        55.128 9                                                                  22583909.617 8 118679213.868 8      2324.858 8        52.128 8
G05  21259662.650 9 111720256.586 9       668.805 9        55.653 9                                                                  21259662.650 8 111720256.586 8       668.805 8        52.653 8
G04  21954071.981 9 115369396.431 9     -2477.676 9        55.374 9                                                                  21954071.981 8 115369396.431 8     -2477.676 8        52.374 8
E04                                                                  23383998.109 9 122883706.307 9      -153.081 9        57.938 9  23383998.109 9 122883706.307 9      -153.081 9        57.938 9
E05                                                                  26138407.409 9 137358194.371 9     -2059.031 9        56.971 9  26138407.409 9 137358194.371 9     -2059.031 9        56.971 9
E11                                                                  26667204.557 9 140137041.897 9     -2410.285 9        56.797 9  26667204.557 9 140137041.897 9     -2410.285 9        56.797 9
E20                                                                  27869020.749 9 146452614.024 9     -1678.946 9        56.414 9  27869020.749 9 146452614.024 9     -1678.946 9        56.414 9
E09                                                                  24998449.119 9 131367687.290 9      2569.972 9        57.358 9  24998449.119 9 131367687.290 9      2569.972 9        57.358 9
E10                                                                  23770036.496 9 124912348.843 9        -0.904 9        57.796 9  23770036.496 9 124912348.843 9        -0.904 9        57.796 9
E03                                                                  25042016.940 9 131596645.138 9      1947.028 9        57.343 9  25042016.940 9 131596645.138 9      1947.028 9        57.343 9
> 2026 02 03 10 01 15.0000000  0 18       0.000000000000
G02  20304386.759 9 106700251.552 9      -387.557 9        56.052 9                                                                  20304386.759 8 106700251.552 8      -387.557 8        53.052 8
G09  25275309.477 9 132822588.070 9     -2814.454 9        54.150 9                                                                  25275309.477 8 132822588.070 8     -2814.454 8        51.150 8
G13  25227754.987 9 132572677.744 9      1222.980 9        54.166 9                                                                  25227754.987 8 132572677.744 8      1222.980 8        51.166 8
G29  24880854.001 9 130749722.741 9      3070.856 9        54.287 9                                                                  24880854.001 8 130749722.741 8      3070.856 8        51.287 8
G10  22363992.797 9 117523540.390 9      3244.055 9        55.213 9                                                                  22363992.797 8 117523540.390 8      3244.055 8        52.213 8
G12  20802473.296 9 109317712.301 9       169.145 9        55.842 9                                                                  20802473.296 8 109317712.301 8       169.145 8        52.842 8
G17  24699365.736 9 129795976.091 9     -2952.426 9        54.350 9                                                                  24699365.736 8 129795976.091 8     -2952.426 8        51.350 8
G24  24342932.108 9 127922923.227 9      3056.112 9        54.477 9                                                                  24342932.108 8 127922923.227 8      3056.112 8        51.477 8
G30  22583467.257 9 118676889.253 9      2324.373 9        55.128 9                                                                  22583467.257 8 118676889.253 8      2324.373 8        52.128 8
G05  21259535.443 9 111719588.108 9       668.149 9        55.653 9                                                                  21259535.443 8 111719588.108 8       668.149 8        52.653 8
G04  21954543.485 9 115371874.194 9     -2477.863 9        55.374 9                                                                  21954543.485 8 115371874.194 8     -2477.863 8        52.374 8
E04                                                                  23384027.263 9 122883859.511 9      -153.329 9        57.938 9  23384027.263 9 122883859.511 9      -153.329 9        57.938 9
E05                                                                  26138799.246 9 137360253.478 9     -2059.202 9        56.971 9  26138799.246 9 137360253.478 9     -2059.202 9        56.971 9
E11                                                                  26667663.242 9 140139452.296 9     -2410.531 9        56.797 9  26667663.242 9 140139452.296 9     -2410.531 9        56.797 9
E20                                                                  27869340.272 9 146454293.118 9     -1679.255 9        56.414 9  27869340.272 9 146454293.118 9     -1679.255 9        56.414 9
E09                                                                  24997960.096 9 131365117.461 9      2569.696 9        57.358 9  24997960.096 9 131365117.461 9      2569.696 9        57.358 9
E10                                                                  23770036.713 9 124912349.983 9        -1.375 9        57.796 9  23770036.713 9 124912349.983 9        -1.375 9        57.796 9
E03                                                                  25041646.441 9 131594698.155 9      1946.939 9        57.343 9  25041646.441 9 131594698.155 9      1946.939 9        57.343 9
> 2026 02 03 10 01 16.0000000  0 18       0.000000000000
G02  20304460.546 9 106700639.305 9      -387.951 9        56.052 9                                                                  20304460.546 8 106700639.305 8      -387.951 8        53.052 8
G09  25275845.045 9 132825402.491 9     -2814.402 9        54.150 9                                                                  25275845.045 8 132825402.491 8     -2814.402 8        51.150 8
G13  25227522.305 9 132571454.996 9      1222.528 9        54.167 9                                                                  25227522.305 8 132571454.996 8      1222.528 8        51.167 8
G29  24880269.634 9 130746651.870 9      3070.883 9        54.287 9                                                                  24880269.634 8 130746651.870 8      3070.883 8        51.287 8
G10  22363375.503 9 117520296.497 9      3243.740 9        55.213 9                                                                  22363375.503 8 117520296.497 8      3243.740 8        52.213 8
G12  20802441.172 9 109317543.486 9       168.482 9        55.842 9                                                                  20802441.172 8 109317543.486 8       168.482 8        52.842 8
G17  24699927.575 9 129798928.563 9     -2952.551 9        54.350 9                                                                  24699927.575 8 129798928.563 8     -2952.551 8        51.350 8
G24  24342350.564 9 127919867.197 9      3055.948 9        54.477 9                                                                  24342350.564 8 127919867.197 8      3055.948 8        51.477 8
G30  22583024.990 9 118674565.123 9      2323.887 9        55.128 9                                                                  22583024.990 8 118674565.123 8      2323.887 8        52.128 8
G05  21259408.361 9 111718920.287 9       667.493 9        55.653 9                                                                  21259408.361 8 111718920.287 8       667.493 8        52.653 8
G04  21955015.024 9 115374352.145 9     -2478.051 9        55.373 9                                                                  21955015.024 8 115374352.145 8     -2478.051 8        52.373 8
E04                                                                  23384056.464 9 122884012.963 9      -153.577 9        57.938 9  23384056.464 9 122884012.963 9      -153.577 9        57.938 9
E05                                                                  26139191.114 9 137362312.755 9     -2059.372 9        56.971 9  26139191.114 9 137362312.755 9     -2059.372 9        56.971 9
E11                                                                  26668121.974 9 140141862.941 9     -2410.777 9        56.797 9  26668121.974 9 140141862.941 9     -2410.777 9        56.797 9
E20                                                                  27869659.853 9 146455972.520 9     -1679.563 9        56.414 9  27869659.853 9 146455972.520 9     -1679.563 9        56.414 9
E09                                                                  24997471.125 9 131362547.909 9      2569.420 9        57.359 9  24997471.125 9 131362547.909 9      2569.420 9        57.359 9
E10                                                                  23770037.019 9 124912351.594 9        -1.846 9        57.796 9  23770037.019 9 124912351.594 9        -1.846 9        57.796 9
E03                                                                  25041275.959 9 131592751.261 9      1946.851 9        57.343 9  25041275.959 9 131592751.261 9      1946.851 9        57.343 9
> 2026 02 03 10 01 17.0000000  0 18       0.000000000000
G02  20304534.409 9 106701027.452 9      -388.345 9        56.052 9                                                                  20304534.409 8 106701027.452 8      -388.345 8        53.052 8
G09  25276380.604 9 132828216.861 9     -2814.350 9        54.150 9                                                                  25276380.604 8 132828216.861 8     -2814.350 8        51.150 8
G13  25227289.709 9 132570232.699 9      1222.077 9        54.167 9                                                                  25227289.709 8 132570232.699 8      1222.077 8        51.167 8
G29  24879685.261 9 130743580.974 9      3070.909 9        54.287 9                                                                  24879685.261 8 130743580.974 8      3070.909 8        51.287 8
G10  22362758.270 9 117517052.919 9      3243.424 9        55.214 9                                                                  22362758.270 8 117517052.919 8      3243.424 8        52.214 8
G12  20802409.174 9 109317375.336 9       167.818 9        55.842 9                                                                  20802409.174 8 109317375.336 8       167.818 8        52.842 8
G17  24700489.438 9 129801881.160 9     -2952.676 9        54.350 9                                                                  24700489.438 8 129801881.160 8     -2952.676 8        51.350 8
G24  24341769.052 9 127916811.332 9      3055.784 9        54.477 9                                                                  24341769.052 8 127916811.332 8      3055.784 8        51.477 8
G30  22582582.815 9 118672241.478 9      2323.402 9        55.129 9                                                                  22582582.815 8 118672241.478 8      2323.402 8        52.129 8
G05  21259281.404 9 111718253.121 9       666.837 9        55.653 9                                                                  21259281.404 8 111718253.121 8       666.837 8        52.653 8
G04  21955486.599 9 115376830.283 9     -2478.238 9        55.373 9                                                                  21955486.599 8 115376830.283 8     -2478.238 8        52.373 8
E04                                                                  23384085.712 9 122884166.663 9      -153.825 9        57.938 9  23384085.712 9 122884166.663 9      -153.825 9        57.938 9
E05                                                                  26139583.016 9 137364372.202 9     -2059.542 9        56.971 9  26139583.016 9 137364372.202 9     -2059.542 9        56.971 9
E11                                                                  26668580.753 9 140144273.833 9     -2411.024 9        56.796 9  26668580.753 9 140144273.833 9     -2411.024 9        56.796 9
E20                                                                  27869979.493 9 146457652.231 9     -1679.871 9        56.414 9  27869979.493 9 146457652.231 9     -1679.871 9        56.414 9
E09                                                                  24996982.207 9 131359978.632 9      2569.144 9        57.359 9  24996982.207 9 131359978.632 9      2569.144 9        57.359 9
E10                                                                  23770037.415 9 124912353.676 9        -2.317 9        57.796 9  23770037.415 9 124912353.676 9        -2.317 9        57.796 9
E03                                                                  25040905.493 9 131590804.455 9      1946.762 9        57.343 9  25040905.493 9 131590804.455 9      1946.762 9        57.343 9
> 2026 02 03 10 01 18.0000000  0 18       0.000000000000
G02  20304608.346 9 106701415.993 9      -388.739 9        56.052 9                                                                  20304608.346 8 106701415.993 8      -388.739 8        53.052 8
G09  25276916.152 9 132831031.179 9     -2814.298 9        54.150 9                                                                  25276916.152 8 132831031.179 8     -2814.298 8        51.150 8
G13  25227057.198 9 132569010.853 9      1221.625 9        54.167 9                                                                  25227057.198 8 132569010.853 8      1221.625 8        51.167 8
G29  24879100.883 9 130740510.051 9      3070.935 9        54.287 9                                                                  24879100.883 8 130740510.051 8      3070.935 8        51.287 8
G10  22362141.097 9 117513809.657 9      3243.109 9        55.214 9                                                                  22362141.097 8 117513809.657 8      3243.109 8        52.214 8
G12  20802377.303 9 109317207.849 9       167.154 9        55.842 9                                                                  20802377.303 8 109317207.849 8       167.154 8        52.842 8
G17  24701051.325 9 129804833.883 9     -2952.801 9        54.350 9                                                                  24701051.325 8 129804833.883 8     -2952.801 8        51.350 8
G24  24341187.570 9 127913755.629 9      3055.621 9        54.477 9                                                                  24341187.570 8 127913755.629 8      3055.621 8        51.477 8
G30  22582140.732 9 118669918.319 9      2322.916 9        55.129 9                                                                  22582140.732 8 118669918.319 8      2322.916 8        52.129 8
G05  21259154.571 9 111717586.611 9       666.181 9        55.653 9                                                                  21259154.571 8 111717586.611 8       666.181 8        52.653 8
G04  21955958.209 9 115379308.608 9     -2478.425 9        55.373 9                                                                  21955958.209 8 115379308.608 8     -2478.425 8        52.373 8
E04                                                                  23384115.008 9 122884320.611 9      -154.072 9        57.938 9  23384115.008 9 122884320.611 9      -154.072 9        57.938 9
E05                                                                  26139974.949 9 137366431.820 9     -2059.712 9        56.970 9  26139974.949 9 137366431.820 9     -2059.712 9        56.970 9
E11                                                                  26669039.578 9 140146684.969 9     -2411.269 9        56.796 9  26669039.578 9 140146684.969 9     -2411.269 9        56.796 9
E20                                                                  27870299.191 9 146459332.249 9     -1680.179 9        56.414 9  27870299.191 9 146459332.249 9     -1680.179 9        56.414 9
E09                                                                  24996493.341 9 131357409.631 9      2568.867 9        57.359 9  24996493.341 9 131357409.631 9      2568.867 9        57.359 9
E10                                                                  23770037.901 9 124912356.228 9        -2.788 9        57.796 9  23770037.901 9 124912356.228 9        -2.788 9        57.796 9
E03                                                                  25040535.045 9 131588857.738 9      1946.673 9        57.344 9  25040535.045 9 131588857.738 9      1946.673 9        57.344 9
> 2026 02 03 10 01 19.0000000  0 18       0.000000000000
G02  20304682.358 9 106701804.928 9      -389.133 9        56.052 9                                                                  20304682.358 8 106701804.928 8      -389.133 8        53.052 8
G09  25277451.691 9 132833845.444 9     -2814.246 9        54.149 9                                                                  25277451.691 8 132833845.444 8     -2814.246 8        51.149 8
G13  25226824.774 9 132567789.459 9      1221.174 9        54.167 9                                                                  25226824.774 8 132567789.459 8      1221.174 8        51.167 8
G29  24878516.501 9 130737439.102 9      3070.961 9        54.288 9                                                                  24878516.501 8 130737439.102 8      3070.961 8        51.288 8
G10  22361523.984 9 117510566.710 9      3242.794 9        55.214 9                                                                  22361523.984 8 117510566.710 8      3242.794 8        52.214 8
G12  20802345.558 9 109317041.026 9       166.490 9        55.842 9                                                                  20802345.558 8 109317041.026 8       166.490 8        52.842 8
G17  24701613.236 9 129807786.730 9     -2952.926 9        54.350 9                                                                  24701613.236 8 129807786.730 8     -2952.926 8        51.350 8
G24  24340606.120 9 127910700.091 9      3055.457 9        54.477 9                                                                  24340606.120 8 127910700.091 8      3055.457 8        51.477 8
G30  22581698.742 9 118667595.646 9      2322.430 9        55.129 9                                                                  22581698.742 8 118667595.646 8      2322.430 8        52.129 8
G05  21259027.864 9 111716920.757 9       665.525 9        55.653 9                                                                  21259027.864 8 111716920.757 8       665.525 8        52.653 8
G04  21956429.856 9 115381787.120 9     -2478.612 9        55.373 9                                                                  21956429.856 8 115381787.120 8     -2478.612 8        52.373 8
E04                                                                  23384144.350 9 122884474.806 9      -154.320 9        57.938 9  23384144.350 9 122884474.806 9      -154.320 9        57.938 9
E05                                                                  26140366.915 9 137368491.607 9     -2059.883 9        56.970 9  26140366.915 9 137368491.607 9     -2059.883 9        56.970 9
E11                                                                  26669498.451 9 140149096.352 9     -2411.515 9        56.796 9  26669498.451 9 140149096.352 9     -2411.515 9        56.796 9
E20                                                                  27870618.948 9 146461012.576 9     -1680.487 9        56.414 9  27870618.948 9 146461012.576 9     -1680.487 9        56.414 9
E09                                                                  24996004.528 9 131354840.907 9      2568.591 9        57.359 9  24996004.528 9 131354840.907 9      2568.591 9        57.359 9
E10                                                                  23770038.476 9 124912359.251 9        -3.258 9        57.796 9  23770038.476 9 124912359.251 9        -3.258 9        57.796 9
E03                                                                  25040164.614 9 131586911.110 9      1946.584 9        57.344 9  25040164.614 9 131586911.110 9      1946.584 9        57.344 9
> 2026 02 03 10 01 20.0000000  0 18       0.000000000000
G02  20304756.445 9 106702194.258 9      -389.527 9        56.052 9                                                                  20304756.445 8 106702194.258 8      -389.527 8        53.052 8
G09  25277987.220 9 132836659.658 9     -2814.194 9        54.149 9                                                                  25277987.220 8 132836659.658 8     -2814.194 8        51.149 8
G13  25226592.436 9 132566568.517 9      1220.722 9        54.167 9                                                                  25226592.436 8 132566568.517 8      1220.722 8        51.167 8
G29  24877932.113 9 130734368.127 9      3070.987 9        54.288 9                                                                  24877932.113 8 130734368.127 8      3070.987 8        51.288 8
G10  22360906.931 9 117507324.078 9      3242.478 9        55.214 9                                                                  22360906.931 8 117507324.078 8      3242.478 8        52.214 8
G12  20802313.939 9 109316874.867 9       165.826 9        55.842 9                                                                  20802313.939 8 109316874.867 8       165.826 8        52.842 8
G17  24702175.170 9 129810739.702 9     -2953.051 9        54.349 9                                                                  24702175.170 8 129810739.702 8     -2953.051 8        51.349 8
G24  24340024.701 9 127907644.716 9      3055.293 9        54.478 9                                                                  24340024.701 8 127907644.716 8      3055.293 8        51.478 8
G30  22581256.844 9 118665273.458 9      2321.945 9        55.129 9                                                                  22581256.844 8 118665273.458 8      2321.945 8        52.129 8
G05  21258901.281 9 111716255.559 9       664.869 9        55.653 9                                                                  21258901.281 8 111716255.559 8       664.869 8        52.653 8
G04  21956901.537 9 115384265.820 9     -2478.799 9        55.373 9                                                                  21956901.537 8 115384265.820 8     -2478.799 8        52.373 8
E04                                                                  23384173.740 9 122884629.250 9      -154.568 9        57.938 9  23384173.740 9 122884629.250 9      -154.568 9        57.938 9
E05                                                                  26140758.914 9 137370551.565 9     -2060.053 9        56.970 9  26140758.914 9 137370551.565 9     -2060.053 9        56.970 9
E11                                                                  26669957.370 9 140151507.981 9     -2411.761 9        56.796 9  26669957.370 9 140151507.981 9     -2411.761 9        56.796 9
E20                                                                  27870938.764 9 146462693.211 9     -1680.795 9        56.413 9  27870938.764 9 146462693.211 9     -1680.795 9        56.413 9
E09                                                                  24995515.768 9 131352272.459 9      2568.315 9        57.359 9  24995515.768 9 131352272.459 9      2568.315 9        57.359 9
E10                                                                  23770039.141 9 124912362.745 9        -3.729 9        57.796 9  23770039.141 9 124912362.745 9        -3.729 9        57.796 9
E03                                                                  25039794.199 9 131584964.571 9      1946.495 9        57.344 9  25039794.199 9 131584964.571 9      1946.495 9        57.344 9
> 2026 02 03 10 01 21.0000000  0 18       0.000000000000
G02  20304830.607 9 106702583.981 9      -389.921 9        56.052 9                                                                  20304830.607 8 106702583.981 8      -389.921 8        53.052 8
G09  25278522.738 9 132839473.819 9     -2814.142 9        54.149 9                                                                  25278522.738 8 132839473.819 8     -2814.142 8        51.149 8
G13  25226360.183 9 132565348.027 9      1220.270 9        54.167 9                                                                  25226360.183 8 132565348.027 8      1220.270 8        51.167 8
G29  24877347.721 9 130731297.126 9      3071.013 9        54.288 9                                                                  24877347.721 8 130731297.126 8      3071.013 8        51.288 8
G10  22360289.938 9 117504081.762 9      3242.163 9        55.215 9                                                                  22360289.938 8 117504081.762 8      3242.163 8        52.215 8
G12  20802282.446 9 109316709.372 9       165.162 9        55.842 9                                                                  20802282.446 8 109316709.372 8       165.162 8        52.842 8
G17  24702737.128 9 129813692.799 9     -2953.176 9        54.349 9                                                                  24702737.128 8 129813692.799 8     -2953.176 8        51.349 8
G24  24339443.313 9 127904589.506 9      3055.129 9        54.478 9                                                                  24339443.313 8 127904589.506 8      3055.129 8        51.478 8
G30  22580815.038 9 118662951.757 9      2321.459 9        55.129 9                                                                  22580815.038 8 118662951.757 8      2321.459 8        52.129 8
G05  21258774.823 9 111715591.018 9       664.213 9        55.653 9                                                                  21258774.823 8 111715591.018 8       664.213 8        52.653 8
G04  21957373.254 9 115386744.706 9     -2478.986 9        55.372 9                                                                  21957373.254 8 115386744.706 8     -2478.986 8        52.372 8
E04                                                                  23384203.177 9 122884783.941 9      -154.816 9        57.938 9  23384203.177 9 122884783.941 9      -154.816 9        57.938 9
E05                                                                  26141150.945 9 137372611.694 9     -2060.223 9        56.970 9  26141150.945 9 137372611.694 9     -2060.223 9        56.970 9
E11                                                                  26670416.336 9 140153919.855 9     -2412.007 9        56.796 9  26670416.336 9 140153919.855 9     -2412.007 9        56.796 9
E20                                                                  27871258.639 9 146464374.153 9     -1681.103 9        56.413 9  27871258.639 9 146464374.153 9     -1681.103 9        56.413 9
E09                                                                  24995027.060 9 131349704.288 9      2568.038 9        57.359 9  24995027.060 9 131349704.288 9      2568.038 9        57.359 9
E10                                                                  23770039.895 9 124912366.709 9        -4.200 9        57.796 9  23770039.895 9 124912366.709 9        -4.200 9        57.796 9
E03                                                                  25039423.802 9 131583018.121 9      1946.407 9        57.344 9  25039423.802 9 131583018.121 9      1946.407 9        57.344 9
> 2026 02 03 10 01 22.0000000  0 18       0.000000000000
G02  20304904.844 9 106702974.099 9      -390.315 9        56.052 9                                                                  20304904.844 8 106702974.099 8      -390.315 8        53.052 8
G09  25279058.247 9 132842287.928 9     -2814.089 9        54.149 9                                                                  25279058.247 8 132842287.928 8     -2814.089 8        51.149 8
G13  25226128.017 9 132564127.988 9      1219.818 9        54.167 9                                                                  25226128.017 8 132564127.988 8      1219.818 8        51.167 8
G29  24876763.323 9 130728226.098 9      3071.039 9        54.288 9                                                                  24876763.323 8 130728226.098 8      3071.039 8        51.288 8
G10  22359673.005 9 117500839.761 9      3241.847 9        55.215 9                                                                  22359673.005 8 117500839.761 8      3241.847 8        52.215 8
G12  20802251.080 9 109316544.541 9       164.498 9        55.842 9                                                                  20802251.080 8 109316544.541 8       164.498 8        52.842 8
G17  24703299.110 9 129816646.022 9     -2953.301 9        54.349 9                                                                  24703299.110 8 129816646.022 8     -2953.301 8        51.349 8
G24  24338861.956 9 127901534.459 9      3054.965 9        54.478 9                                                                  24338861.956 8 127901534.459 8      3054.965 8        51.478 8
G30  22580373.325 9 118660630.541 9      2320.973 9        55.129 9                                                                  22580373.325 8 118660630.541 8      2320.973 8        52.129 8
G05  21258648.490 9 111714927.132 9       663.557 9        55.653 9                                                                  21258648.490 8 111714927.132 8       663.557 8        52.653 8
G04  21957845.007 9 115389223.779 9     -2479.173 9        55.372 9                                                                  21957845.007 8 115389223.779 8     -2479.173 8        52.372 8
E04                                                                  23384232.661 9 122884938.881 9      -155.064 9        57.938 9  23384232.661 9 122884938.881 9      -155.064 9        57.938 9
E05                                                                  26141543.008 9 137374671.993 9     -2060.393 9        56.970 9  26141543.008 9 137374671.993 9     -2060.393 9        56.970 9
E11                                                                  26670875.348 9 140156331.975 9     -2412.252 9        56.796 9  26670875.348 9 140156331.975 9     -2412.252 9        56.796 9
E20                                                                  27871578.571 9 146466055.404 9     -1681.411 9        56.413 9  27871578.571 9 146466055.404 9     -1681.411 9        56.413 9
E09                                                                  24994538.405 9 131347136.393 9      2567.762 9        57.360 9  24994538.405 9 131347136.393 9      2567.762 9        57.360 9
E10                                                                  23770040.739 9 124912371.144 9        -4.671 9        57.796 9  23770040.739 9 124912371.144 9        -4.671 9        57.796 9
E03                                                                  25039053.421 9 131581071.759 9      1946.318 9        57.344 9  25039053.421 9 131581071.759 9      1946.318 9        57.344 9
> 2026 02 03 10 01 23.0000000  0 18       0.000000000000
G02  20304979.156 9 106703364.610 9      -390.709 9        56.052 9                                                                  20304979.156 8 106703364.610 8      -390.709 8        53.052 8
G09  25279593.746 9 132845101.984 9     -2814.037 9        54.149 9                                                                  25279593.746 8 132845101.984 8     -2814.037 8        51.149 8
G13  25225895.936 9 132562908.401 9      1219.366 9        54.167 9                                                                  25225895.936 8 132562908.401 8      1219.366 8        51.167 8
G29  24876178.921 9 130725155.045 9      3071.065 9        54.288 9                                                                  24876178.921 8 130725155.045 8      3071.065 8        51.288 8
G10  22359056.132 9 117497598.077 9      3241.531 9        55.215 9                                                                  22359056.132 8 117497598.077 8      3241.531 8        52.215 8
G12  20802219.840 9 109316380.373 9       163.835 9        55.842 9                                                                  20802219.840 8 109316380.373 8       163.835 8        52.842 8
G17  24703861.116 9 129819599.369 9     -2953.426 9        54.349 9                                                                  24703861.116 8 129819599.369 8     -2953.426 8        51.349 8
G24  24338280.631 9 127898479.577 9      3054.801 9        54.478 9                                                                  24338280.631 8 127898479.577 8      3054.801 8        51.478 8
G30  22579931.705 9 118658309.811 9      2320.487 9        55.130 9                                                                  22579931.705 8 118658309.811 8      2320.487 8        52.130 8
G05  21258522.281 9 111714263.903 9       662.900 9        55.653 9                                                                  21258522.281 8 111714263.903 8       662.900 8        52.653 8
G04  21958316.796 9 115391703.039 9     -2479.360 9        55.372 9                                                                  21958316.796 8 115391703.039 8     -2479.360 8        52.372 8
E04                                                                  23384262.192 9 122885094.068 9      -155.312 9        57.938 9  23384262.192 9 122885094.068 9      -155.312 9        57.938 9
E05                                                                  26141935.104 9 137376732.461 9     -2060.564 9        56.970 9  26141935.104 9 137376732.461 9     -2060.564 9        56.970 9
E11                                                                  26671334.407 9 140158744.341 9     -2412.498 9        56.796 9  26671334.407 9 140158744.341 9     -2412.498 9        56.796 9
E20                                                                  27871898.563 9 146467736.962 9     -1681.719 9        56.413 9  27871898.563 9 146467736.962 9     -1681.719 9        56.413 9
E09                                                                  24994049.802 9 131344568.774 9      2567.485 9        57.360 9  24994049.802 9 131344568.774 9      2567.485 9        57.360 9
E10                                                                  23770041.673 9 124912376.050 9        -5.141 9        57.796 9  23770041.673 9 124912376.050 9        -5.141 9        57.796 9
E03                                                                  25038683.057 9 131579125.487 9      1946.229 9        57.344 9  25038683.057 9 131579125.487 9      1946.229 9        57.344 9
> 2026 02 03 10 01 24.0000000  0 18       0.000000000000
G02  20305053.543 9 106703755.515 9      -391.103 9        56.052 9                                                                  20305053.543 8 106703755.515 8      -391.103 8        53.052 8
G09  25280129.235 9 132847915.988 9     -2813.984 9        54.148 9                                                                  25280129.235 8 132847915.988 8     -2813.984 8        51.148 8
G13  25225663.942 9 132561689.266 9      1218.914 9        54.167 9                                                                  25225663.942 8 132561689.266 8      1218.914 8        51.167 8
G29  24875594.513 9 130722083.965 9      3071.091 9        54.289 9                                                                  24875594.513 8 130722083.965 8      3071.091 8        51.289 8
G10  22358439.319 9 117494356.708 9      3241.215 9        55.215 9                                                                  22358439.319 8 117494356.708 8      3241.215 8        52.215 8
G12  20802188.727 9 109316216.870 9       163.171 9        55.842 9                                                                  20802188.727 8 109316216.870 8       163.171 8        52.842 8
G17  24704423.145 9 129822552.841 9     -2953.551 9        54.349 9                                                                  24704423.145 8 129822552.841 8     -2953.551 8        51.349 8
G24  24337699.336 9 127895424.858 9      3054.637 9        54.478 9                                                                  24337699.336 8 127895424.858 8      3054.637 8        51.478 8
G30  22579490.177 9 118655989.567 9      2320.001 9        55.130 9                                                                  22579490.177 8 118655989.567 8      2320.001 8        52.130 8
G05  21258396.198 9 111713601.330 9       662.244 9        55.653 9                                                                  21258396.198 8 111713601.330 8       662.244 8        52.653 8
G04  21958788.620 9 115394182.486 9     -2479.547 9        55.372 9                                                                  21958788.620 8 115394182.486 8     -2479.547 8        52.372 8
E04                                                                  23384291.771 9 122885249.503 9      -155.560 9        57.938 9  23384291.771 9 122885249.503 9      -155.560 9        57.938 9
E05                                                                  26142327.232 9 137378793.101 9     -2060.734 9        56.970 9  26142327.232 9 137378793.101 9     -2060.734 9        56.970 9
E11                                                                  26671793.514 9 140161156.952 9     -2412.743 9        56.795 9  26671793.514 9 140161156.952 9     -2412.743 9        56.795 9
E20                                                                  27872218.613 9 146469418.828 9     -1682.026 9        56.413 9  27872218.613 9 146469418.828 9     -1682.026 9        56.413 9
E09                                                                  24993561.252 9 131342001.432 9      2567.209 9        57.360 9  24993561.252 9 131342001.432 9      2567.209 9        57.360 9
E10                                                                  23770042.696 9 124912381.427 9        -5.612 9        57.796 9  23770042.696 9 124912381.427 9        -5.612 9        57.796 9
E03                                                                  25038312.710 9 131577179.304 9      1946.140 9        57.344 9  25038312.710 9 131577179.304 9      1946.140 9        57.344 9
> 2026 02 03 10 01 25.0000000  0 18       0.000000000000
G02  20305128.005 9 106704146.814 9      -391.497 9        56.052 9                                                                  20305128.005 8 106704146.814 8      -391.497 8        53.052 8
G09  25280664.714 9 132850729.939 9     -2813.931 9        54.148 9                                                                  25280664.714 8 132850729.939 8     -2813.931 8        51.148 8
G13  25225432.033 9 132560470.583 9      1218.462 9        54.167 9                                                                  25225432.033 8 132560470.583 8      1218.462 8        51.167 8
G29  24875010.101 9 130719012.860 9      3071.117 9        54.289 9                                                                  24875010.101 8 130719012.860 8      3071.117 8        51.289 8
G10  22357822.567 9 117491115.655 9      3240.899 9        55.215 9                                                                  22357822.567 8 117491115.655 8      3240.899 8        52.215 8
G12  20802157.739 9 109316054.030 9       162.507 9        55.842 9                                                                  20802157.739 8 109316054.030 8       162.507 8        52.842 8
G17  24704985.199 9 129825506.438 9     -2953.675 9        54.348 9                                                                  24704985.199 8 129825506.438 8     -2953.675 8        51.348 8
G24  24337118.073 9 127892370.303 9      3054.473 9        54.479 9                                                                  24337118.073 8 127892370.303 8      3054.473 8        51.479 8
G30  22579048.741 9 118653669.810 9      2319.514 9        55.130 9                                                                  22579048.741 8 118653669.810 8      2319.514 8        52.130 8
G05  21258270.239 9 111712939.413 9       661.588 9        55.653 9                                                                  21258270.239 8 111712939.413 8       661.588 8        52.653 8
G04  21959260.479 9 115396662.120 9     -2479.733 9        55.372 9                                                                  21959260.479 8 115396662.120 8     -2479.733 8        52.372 8
E04                                                                  23384321.397 9 122885405.187 9      -155.808 9        57.938 9  23384321.397 9 122885405.187 9      -155.808 9        57.938 9
E05                                                                  26142719.392 9 137380853.910 9     -2060.904 9        56.969 9  26142719.392 9 137380853.910 9     -2060.904 9        56.969 9
E11                                                                  26672252.666 9 140163569.809 9     -2412.989 9        56.795 9  26672252.666 9 140163569.809 9     -2412.989 9        56.795 9
E20                                                                  27872538.722 9 146471101.002 9     -1682.334 9        56.413 9  27872538.722 9 146471101.002 9     -1682.334 9        56.413 9
E09                                                                  24993072.755 9 131339434.367 9      2566.932 9        57.360 9  24993072.755 9 131339434.367 9      2566.932 9        57.360 9
E10                                                                  23770043.809 9 124912387.275 9        -6.083 9        57.796 9  23770043.809 9 124912387.275 9        -6.083 9        57.796 9
E03                                                                  25037942.380 9 131575233.209 9      1946.051 9        57.344 9  25037942.380 9 131575233.209 9      1946.051 9        57.344 9
> 2026 02 03 10 01 26.0000000  0 18       0.000000000000
G02  20305202.542 9 106704538.507 9      -391.891 9        56.052 9                                                                  20305202.542 8 106704538.507 8      -391.891 8        53.052 8
G09  25281200.183 9 132853543.837 9     -2813.878 9        54.148 9                                                                  25281200.183 8 132853543.837 8     -2813.878 8        51.148 8
G13  25225200.211 9 132559252.353 9      1218.010 9        54.167 9                                                                  25225200.211 8 132559252.353 8      1218.010 8        51.167 8
G29  24874425.684 9 130715941.728 9      3071.143 9        54.289 9                                                                  24874425.684 8 130715941.728 8      3071.143 8        51.289 8
G10  22357205.874 9 117487874.918 9      3240.583 9        55.216 9                                                                  22357205.874 8 117487874.918 8      3240.583 8        52.216 8
G12  20802126.879 9 109315891.854 9       161.843 9        55.842 9                                                                  20802126.879 8 109315891.854 8       161.843 8        52.842 8
G17  24705547.276 9 129828460.160 9     -2953.800 9        54.348 9                                                                  24705547.276 8 129828460.160 8     -2953.800 8        51.348 8
G24  24336536.841 9 127889315.912 9      3054.309 9        54.479 9                                                                  24336536.841 8 127889315.912 8      3054.309 8        51.479 8
G30  22578607.398 9 118651350.539 9      2319.028 9        55.130 9                                                                  22578607.398 8 118651350.539 8      2319.028 8        52.130 8
G05  21258144.406 9 111712278.152 9       660.932 9        55.654 9                                                                  21258144.406 8 111712278.152 8       660.932 8        52.654 8
G04  21959732.374 9 115399141.940 9     -2479.920 9        55.372 9                                                                  21959732.374 8 115399141.940 8     -2479.920 8        52.372 8
E04                                                                  23384351.069 9 122885561.118 9      -156.056 9        57.938 9  23384351.069 9 122885561.118 9      -156.056 9        57.938 9
E05                                                                  26143111.585 9 137382914.890 9     -2061.075 9        56.969 9  26143111.585 9 137382914.890 9     -2061.075 9        56.969 9
E11                                                                  26672711.866 9 140165982.911 9     -2413.234 9        56.795 9  26672711.866 9 140165982.911 9     -2413.234 9        56.795 9
E20                                                                  27872858.889 9 146472783.483 9     -1682.642 9        56.413 9  27872858.889 9 146472783.483 9     -1682.642 9        56.413 9
E09                                                                  24992584.310 9 131336867.578 9      2566.655 9        57.360 9  24992584.310 9 131336867.578 9      2566.655 9        57.360 9
E10                                                                  23770045.011 9 124912393.593 9        -6.553 9        57.796 9  23770045.011 9 124912393.593 9        -6.553 9        57.796 9
E03                                                                  25037572.068 9 131573287.204 9      1945.962 9        57.345 9  25037572.068 9 131573287.204 9      1945.962 9        57.345 9
> 2026 02 03 10 01 27.0000000  0 18       0.000000000000
G02  20305277.154 9 106704930.594 9      -392.285 9        56.052 9                                                                  20305277.154 8 106704930.594 8      -392.285 8        53.052 8
G09  25281735.641 9 132856357.682 9     -2813.825 9        54.148 9                                                                  25281735.641 8 132856357.682 8     -2813.825 8        51.148 8
G13  25224968.475 9 132558034.574 9      1217.558 9        54.167 9                                                                  25224968.475 8 132558034.574 8      1217.558 8        51.167 8
G29  24873841.262 9 130712870.571 9      3071.169 9        54.289 9                                                                  24873841.262 8 130712870.571 8      3071.169 8        51.289 8
G10  22356589.242 9 117484634.497 9      3240.267 9        55.216 9                                                                  22356589.242 8 117484634.497 8      3240.267 8        52.216 8
G12  20802096.144 9 109315730.343 9       161.179 9        55.842 9                                                                  20802096.144 8 109315730.343 8       161.179 8        52.842 8
G17  24706109.376 9 129831414.007 9     -2953.925 9        54.348 9                                                                  24706109.376 8 129831414.007 8     -2953.925 8        51.348 8
G24  24335955.641 9 127886261.686 9      3054.145 9        54.479 9                                                                  24335955.641 8 127886261.686 8      3054.145 8        51.479 8
G30  22578166.148 9 118649031.754 9      2318.542 9        55.130 9                                                                  22578166.148 8 118649031.754 8      2318.542 8        52.130 8
G05  21258018.697 9 111711617.548 9       660.275 9        55.654 9                                                                  21258018.697 8 111711617.548 8       660.275 8        52.654 8
G04  21960204.305 9 115401621.947 9     -2480.107 9        55.371 9                                                                  21960204.305 8 115401621.947 8     -2480.107 8        52.371 8
E04                                                                  23384380.790 9 122885717.298 9      -156.304 9        57.938 9  23384380.790 9 122885717.298 9      -156.304 9        57.938 9
E05                                                                  26143503.810 9 137384976.040 9     -2061.245 9        56.969 9  26143503.810 9 137384976.040 9     -2061.245 9        56.969 9
E11                                                                  26673171.112 9 140168396.258 9     -2413.479 9        56.795 9  26673171.112 9 140168396.258 9     -2413.479 9        56.795 9
E20                                                                  27873179.114 9 146474466.272 9     -1682.949 9        56.413 9  27873179.114 9 146474466.272 9     -1682.949 9        56.413 9
E09                                                                  24992095.919 9 131334301.066 9      2566.379 9        57.360 9  24992095.919 9 131334301.066 9      2566.379 9        57.360 9
E10                                                                  23770046.303 9 124912400.381 9        -7.024 9        57.796 9  23770046.303 9 124912400.381 9        -7.024 9        57.796 9
E03                                                                  25037201.772 9 131571341.288 9      1945.872 9        57.345 9  25037201.772 9 131571341.288 9      1945.872 9        57.345 9
> 2026 02 03 10 01 28.0000000  0 18       0.000000000000
G02  20305351.840 9 106705323.074 9      -392.678 9        56.052 9                                                                  20305351.840 8 106705323.074 8      -392.678 8        53.052 8
G09  25282271.090 9 132859171.474 9     -2813.772 9        54.148 9                                                                  25282271.090 8 132859171.474 8     -2813.772 8        51.148 8
G13  25224736.824 9 132556817.248 9      1217.106 9        54.168 9                                                                  25224736.824 8 132556817.248 8      1217.106 8        51.168 8
G29  24873256.834 9 130709799.388 9      3071.195 9        54.289 9                                                                  24873256.834 8 130709799.388 8      3071.195 8        51.289 8
G10  22355972.670 9 117481394.393 9      3239.951 9        55.216 9                                                                  22355972.670 8 117481394.393 8      3239.951 8        52.216 8
G12  20802065.536 9 109315569.495 9       160.515 9        55.842 9                                                                  20802065.536 8 109315569.495 8       160.515 8        52.842 8
G17  24706671.501 9 129834367.978 9     -2954.050 9        54.348 9                                                                  24706671.501 8 129834367.978 8     -2954.050 8        51.348 8
G24  24335374.471 9 127883207.624 9      3053.981 9        54.479 9                                                                  24335374.471 8 127883207.624 8      3053.981 8        51.479 8
G30  22577724.990 9 118646713.455 9      2318.055 9        55.130 9                                                                  22577724.990 8 118646713.455 8      2318.055 8        52.130 8
G05  21257893.113 9 111710957.600 9       659.619 9        55.654 9                                                                  21257893.113 8 111710957.600 8       659.619 8        52.654 8
G04  21960676.271 9 115404102.141 9     -2480.293 9        55.371 9                                                                  21960676.271 8 115404102.141 8     -2480.293 8        52.371 8
E04                                                                  23384410.557 9 122885873.725 9      -156.552 9        57.938 9  23384410.557 9 122885873.725 9      -156.552 9        57.938 9
E05                                                                  26143896.068 9 137387037.360 9     -2061.415 9        56.969 9  26143896.068 9 137387037.360 9     -2061.415 9        56.969 9
E11                                                                  26673630.405 9 140170809.851 9     -2413.725 9        56.795 9  26673630.405 9 140170809.851 9     -2413.725 9        56.795 9
E20                                                                  27873499.399 9 146476149.368 9     -1683.256 9        56.413 9  27873499.399 9 146476149.368 9     -1683.256 9        56.413 9
E09                                                                  24991607.579 9 131331734.831 9      2566.102 9        57.361 9  24991607.579 9 131331734.831 9      2566.102 9        57.361 9
E10                                                                  23770047.684 9 124912407.641 9        -7.495 9        57.796 9  23770047.684 9 124912407.641 9        -7.495 9        57.796 9
E03                                                                  25036831.493 9 131569395.461 9      1945.783 9        57.345 9  25036831.493 9 131569395.461 9      1945.783 9        57.345 9
> 2026 02 03 10 01 29.0000000  0 18       0.000000000000
G02  20305426.602 9 106705715.948 9      -393.072 9        56.052 9                                                                  20305426.602 8 106705715.948 8      -393.072 8        53.052 8
G09  25282806.528 9 132861985.213 9     -2813.719 9        54.148 9                                                                  25282806.528 8 132861985.213 8     -2813.719 8        51.148 8
G13  25224505.260 9 132555600.374 9      1216.653 9        54.168 9                                                                  25224505.260 8 132555600.374 8      1216.653 8        51.168 8
G29  24872672.402 9 130706728.179 9      3071.221 9        54.290 9                                                                  24872672.402 8 130706728.179 8      3071.221 8        51.290 8
G10  22355356.158 9 117478154.605 9      3239.634 9        55.216 9                                                                  22355356.158 8 117478154.605 8      3239.634 8        52.216 8
G12  20802035.054 9 109315409.312 9       159.851 9        55.842 9                                                                  20802035.054 8 109315409.312 8       159.851 8        52.842 8
G17  24707233.649 9 129837322.075 9     -2954.175 9        54.348 9                                                                  24707233.649 8 129837322.075 8     -2954.175 8        51.348 8
G24  24334793.333 9 127880153.725 9      3053.816 9        54.480 9                                                                  24334793.333 8 127880153.725 8      3053.816 8        51.480 8
G30  22577283.925 9 118644395.643 9      2317.568 9        55.131 9                                                                  22577283.925 8 118644395.643 8      2317.568 8        52.131 8
G05  21257767.654 9 111710298.308 9       658.963 9        55.654 9                                                                  21257767.654 8 111710298.308 8       658.963 8        52.654 8
G04  21961148.272 9 115406582.521 9     -2480.480 9        55.371 9                                                                  21961148.272 8 115406582.521 8     -2480.480 8        52.371 8
E04                                                                  23384440.371 9 122886030.401 9      -156.801 9        57.938 9  23384440.371 9 122886030.401 9      -156.801 9        57.938 9
E05                                                                  26144288.358 9 137389098.851 9     -2061.585 9        56.969 9  26144288.358 9 137389098.851 9     -2061.585 9        56.969 9
E11                                                                  26674089.745 9 140173223.689 9     -2413.970 9        56.795 9  26674089.745 9 140173223.689 9     -2413.970 9        56.795 9
E20                                                                  27873819.741 9 146477832.772 9     -1683.564 9        56.413 9  27873819.741 9 146477832.772 9     -1683.564 9        56.413 9
E09                                                                  24991119.293 9 131329168.873 9      2565.825 9        57.361 9  24991119.293 9 131329168.873 9      2565.825 9        57.361 9
E10                                                                  23770049.155 9 124912415.371 9        -7.965 9        57.796 9  23770049.155 9 124912415.371 9        -7.965 9        57.796 9
E03                                                                  25036461.231 9 131567449.723 9      1945.694 9        57.345 9  25036461.231 9 131567449.723 9      1945.694 9        57.345 9
> 2026 02 03 10 01 30.0000000  0 18       0.000000000000
G02  20305501.439 9 106706109.216 9      -393.466 9        56.052 9                                                                  20305501.439 8 106706109.216 8      -393.466 8        53.052 8
G09  25283341.957 9 132864798.899 9     -2813.666 9        54.147 9                                                                  25283341.957 8 132864798.899 8     -2813.666 8        51.147 8
G13  25224273.782 9 132554383.953 9      1216.201 9        54.168 9                                                                  25224273.782 8 132554383.953 8      1216.201 8        51.168 8
G29  24872087.965 9 130703656.944 9      3071.247 9        54.290 9                                                                  24872087.965 8 130703656.944 8      3071.247 8        51.290 8
G10  22354739.706 9 117474915.133 9      3239.318 9        55.217 9                                                                  22354739.706 8 117474915.133 8      3239.318 8        52.217 8
G12  20802004.699 9 109315249.792 9       159.187 9        55.842 9                                                                  20802004.699 8 109315249.792 8       159.187 8        52.842 8
G17  24707795.821 9 129840276.296 9     -2954.300 9        54.347 9                                                                  24707795.821 8 129840276.296 8     -2954.300 8        51.347 8
G24  24334212.226 9 127877099.991 9      3053.652 9        54.480 9                                                                  24334212.226 8 127877099.991 8      3053.652 8        51.480 8
G30  22576842.952 9 118642078.318 9      2317.082 9        55.131 9                                                                  22576842.952 8 118642078.318 8      2317.082 8        52.131 8
G05  21257642.320 9 111709639.673 9       658.306 9        55.654 9                                                                  21257642.320 8 111709639.673 8       658.306 8        52.654 8
G04  21961620.309 9 115409063.087 9     -2480.666 9        55.371 9                                                                  21961620.309 8 115409063.087 8     -2480.666 8        52.371 8
E04                                                                  23384470.233 9 122886187.325 9      -157.049 9        57.938 9  23384470.233 9 122886187.325 9      -157.049 9        57.938 9
E05                                                                  26144680.680 9 137391160.511 9     -2061.756 9        56.969 9  26144680.680 9 137391160.511 9     -2061.756 9        56.969 9
E11                                                                  26674549.131 9 140175637.772 9     -2414.215 9        56.795 9  26674549.131 9 140175637.772 9     -2414.215 9        56.795 9
E20                                                                  27874140.142 9 146479516.483 9     -1683.871 9        56.412 9  27874140.142 9 146479516.483 9     -1683.871 9        56.412 9
E09                                                                  24990631.059 9 131326603.191 9      2565.548 9        57.361 9  24990631.059 9 131326603.191 9      2565.548 9        57.361 9
E10                                                                  23770050.716 9 124912423.572 9        -8.436 9        57.796 9  23770050.716 9 124912423.572 9        -8.436 9        57.796 9
E03                                                                  25036090.986 9 131565504.074 9      1945.605 9        57.345 9  25036090.986 9 131565504.074 9      1945.605 9        57.345 9
> 2026 02 03 10 01 31.0000000  0 18       0.000000000000
G02  20305576.350 9 106706502.877 9      -393.859 9        56.052 9                                                                  20305576.350 8 106706502.877 8      -393.859 8        53.052 8
G09  25283877.375 9 132867612.531 9     -2813.612 9        54.147 9                                                                  25283877.375 8 132867612.531 8     -2813.612 8        51.147 8
G13  25224042.390 9 132553167.984 9      1215.748 9        54.168 9                                                                  25224042.390 8 132553167.984 8      1215.748 8        51.168 8
G29  24871503.523 9 130700585.683 9      3071.273 9        54.290 9                                                                  24871503.523 8 130700585.683 8      3071.273 8        51.290 8
G10  22354123.314 9 117471675.978 9      3239.001 9        55.217 9                                                                  22354123.314 8 117471675.978 8      3239.001 8        52.217 8
G12  20801974.470 9 109315090.936 9       158.523 9        55.842 9                                                                  20801974.470 8 109315090.936 8       158.523 8        52.842 8
G17  24708358.017 9 129843230.642 9     -2954.424 9        54.347 9                                                                  24708358.017 8 129843230.642 8     -2954.424 8        51.347 8
G24  24333631.150 9 127874046.421 9      3053.488 9        54.480 9                                                                  24333631.150 8 127874046.421 8      3053.488 8        51.480 8
G30  22576402.072 9 118639761.480 9      2316.595 9        55.131 9                                                                  22576402.072 8 118639761.480 8      2316.595 8        52.131 8
G05  21257517.111 9 111708981.694 9       657.650 9        55.654 9                                                                  21257517.111 8 111708981.694 8       657.650 8        52.654 8
G04  21962092.382 9 115411543.840 9     -2480.852 9        55.371 9                                                                  21962092.382 8 115411543.840 8     -2480.852 8        52.371 8
E04                                                                  23384500.142 9 122886344.497 9      -157.297 9        57.938 9  23384500.142 9 122886344.497 9      -157.297 9        57.938 9
E05                                                                  26145073.035 9 137393222.343 9     -2061.926 9        56.969 9  26145073.035 9 137393222.343 9     -2061.926 9        56.969 9
E11                                                                  26675008.564 9 140178052.100 9     -2414.460 9        56.794 9  26675008.564 9 140178052.100 9     -2414.460 9        56.794 9
E20                                                                  27874460.602 9 146481200.501 9     -1684.178 9        56.412 9  27874460.602 9 146481200.501 9     -1684.178 9        56.412 9
E09                                                                  24990142.877 9 131324037.787 9      2565.271 9        57.361 9  24990142.877 9 131324037.787 9      2565.271 9        57.361 9
E10                                                                  23770052.366 9 124912432.243 9        -8.906 9        57.796 9  23770052.366 9 124912432.243 9        -8.906 9        57.796 9
E03                                                                  25035720.757 9 131563558.514 9      1945.516 9        57.345 9  25035720.757 9 131563558.514 9      1945.516 9        57.345 9
> 2026 02 03 10 01 32.0000000  0 18       0.000000000000
G02  20305651.336 9 106706896.932 9      -394.253 9        56.052 9                                                                  20305651.336 8 106706896.932 8      -394.253 8        53.052 8
G09  25284412.783 9 132870426.110 9     -2813.559 9        54.147 9                                                                  25284412.783 8 132870426.110 8     -2813.559 8        51.147 8
G13  25223811.084 9 132551952.468 9      1215.295 9        54.168 9                                                                  25223811.084 8 132551952.468 8      1215.295 8        51.168 8
G29  24870919.077 9 130697514.396 9      3071.299 9        54.290 9                                                                  24870919.077 8 130697514.396 8      3071.299 8        51.290 8
G10  22353506.983 9 117468437.139 9      3238.685 9        55.217 9                                                                  22353506.983 8 117468437.139 8      3238.685 8        52.217 8
G12  20801944.367 9 109314932.745 9       157.859 9        55.842 9                                                                  20801944.367 8 109314932.745 8       157.859 8        52.842 8
G17  24708920.237 9 129846185.113 9     -2954.549 9        54.347 9                                                                  24708920.237 8 129846185.113 8     -2954.549 8        51.347 8
G24  24333050.106 9 127870993.016 9      3053.324 9        54.480 9                                                                  24333050.106 8 127870993.016 8      3053.324 8        51.480 8
G30  22575961.285 9 118637445.128 9      2316.108 9        55.131 9                                                                  22575961.285 8 118637445.128 8      2316.108 8        52.131 8
G05  21257392.027 9 111708324.372 9       656.993 9        55.654 9                                                                  21257392.027 8 111708324.372 8       656.993 8        52.654 8
G04  21962564.490 9 115414024.779 9     -2481.039 9        55.370 9                                                                  21962564.490 8 115414024.779 8     -2481.039 8        52.370 8
E04                                                                  23384530.098 9 122886501.917 9      -157.545 9        57.938 9  23384530.098 9 122886501.917 9      -157.545 9        57.938 9
E05                                                                  26145465.423 9 137395284.344 9     -2062.096 9        56.969 9  26145465.423 9 137395284.344 9     -2062.096 9        56.969 9
E11                                                                  26675468.043 9 140180466.673 9     -2414.705 9        56.794 9  26675468.043 9 140180466.673 9     -2414.705 9        56.794 9
E20                                                                  27874781.120 9 146482884.827 9     -1684.486 9        56.412 9  27874781.120 9 146482884.827 9     -1684.486 9        56.412 9
E09                                                                  24989654.749 9 131321472.659 9      2564.994 9        57.361 9  24989654.749 9 131321472.659 9      2564.994 9        57.361 9
E10                                                                  23770054.105 9 124912441.385 9        -9.377 9        57.796 9  23770054.105 9 124912441.385 9        -9.377 9        57.796 9
E03                                                                  25035350.546 9 131561613.044 9      1945.426 9        57.345 9  25035350.546 9 131561613.044 9      1945.426 9        57.345 9
> 2026 02 03 10 01 33.0000000  0 18       0.000000000000
G02  20305726.398 9 106707291.381 9      -394.646 9        56.052 9                                                                  20305726.398 8 106707291.381 8      -394.646 8        53.052 8
G09  25284948.181 9 132873239.636 9     -2813.505 9        54.147 9                                                                  25284948.181 8 132873239.636 8     -2813.505 8        51.147 8
G13  25223579.865 9 132550737.405 9      1214.843 9        54.168 9                                                                  25223579.865 8 132550737.405 8      1214.843 8        51.168 8
G29  24870334.625 9 130694443.084 9      3071.324 9        54.290 9                                                                  24870334.625 8 130694443.084 8      3071.324 8        51.290 8
G10  22352890.712 9 117465198.617 9      3238.368 9        55.217 9                                                                  22352890.712 8 117465198.617 8      3238.368 8        52.217 8
G12  20801914.391 9 109314775.217 9       157.195 9        55.842 9                                                                  20801914.391 8 109314775.217 8       157.195 8        52.842 8
G17  24709482.480 9 129849139.708 9     -2954.674 9        54.347 9                                                                  24709482.480 8 129849139.708 8     -2954.674 8        51.347 8
G24  24332469.093 9 127867939.774 9      3053.160 9        54.480 9                                                                  24332469.093 8 127867939.774 8      3053.160 8        51.480 8
G30  22575520.590 9 118635129.263 9      2315.621 9        55.131 9                                                                  22575520.590 8 118635129.263 8      2315.621 8        52.131 8
G05  21257267.068 9 111707667.706 9       656.337 9        55.654 9                                                                  21257267.068 8 111707667.706 8       656.337 8        52.654 8
G04  21963036.633 9 115416505.905 9     -2481.225 9        55.370 9                                                                  21963036.633 8 115416505.905 8     -2481.225 8        52.370 8
E04                                                                  23384560.102 9 122886659.586 9      -157.793 9        57.938 9  23384560.102 9 122886659.586 9      -157.793 9        57.938 9
E05                                                                  26145857.842 9 137397346.515 9     -2062.266 9        56.968 9  26145857.842 9 137397346.515 9     -2062.266 9        56.968 9
E11                                                                  26675927.569 9 140182881.491 9     -2414.950 9        56.794 9  26675927.569 9 140182881.491 9     -2414.950 9        56.794 9
E20                                                                  27875101.697 9 146484569.459 9     -1684.793 9        56.412 9  27875101.697 9 146484569.459 9     -1684.793 9        56.412 9
E09                                                                  24989166.673 9 131318907.809 9      2564.717 9        57.361 9  24989166.673 9 131318907.809 9      2564.717 9        57.361 9
E10                                                                  23770055.934 9 124912450.997 9        -9.848 9        57.796 9  23770055.934 9 124912450.997 9        -9.848 9        57.796 9
E03                                                                  25034980.352 9 131559667.663 9      1945.337 9        57.346 9  25034980.352 9 131559667.663 9      1945.337 9        57.346 9
> 2026 02 03 10 01 34.0000000  0 18       0.000000000000
G02  20305801.534 9 106707686.223 9      -395.040 9        56.052 9                                                                  20305801.534 8 106707686.223 8      -395.040 8        53.052 8
G09  25285483.568 9 132876053.108 9     -2813.452 9        54.147 9                                                                  25285483.568 8 132876053.108 8     -2813.452 8        51.147 8
G13  25223348.731 9 132549522.794 9      1214.390 9        54.168 9                                                                  25223348.731 8 132549522.794 8      1214.390 8        51.168 8
G29  24869750.168 9 130691371.745 9      3071.350 9        54.291 9                                                                  24869750.168 8 130691371.745 8      3071.350 8        51.291 8
G10  22352274.501 9 117461960.412 9      3238.051 9        55.218 9                                                                  22352274.501 8 117461960.412 8      3238.051 8        52.218 8
G12  20801884.541 9 109314618.354 9       156.530 9        55.842 9                                                                  20801884.541 8 109314618.354 8       156.530 8        52.842 8
G17  24710044.747 9 129852094.429 9     -2954.799 9        54.347 9                                                                  24710044.747 8 129852094.429 8     -2954.799 8        51.347 8
G24  24331888.111 9 127864886.697 9      3052.995 9        54.481 9                                                                  24331888.111 8 127864886.697 8      3052.995 8        51.481 8
G30  22575079.988 9 118632813.885 9      2315.134 9        55.131 9                                                                  22575079.988 8 118632813.885 8      2315.134 8        52.131 8
G05  21257142.233 9 111707011.697 9       655.680 9        55.654 9                                                                  21257142.233 8 111707011.697 8       655.680 8        52.654 8
G04  21963508.812 9 115418987.217 9     -2481.411 9        55.370 9                                                                  21963508.812 8 115418987.217 8     -2481.411 8        52.370 8
E04                                                                  23384590.152 9 122886817.502 9      -158.042 9        57.938 9  23384590.152 9 122886817.502 9      -158.042 9        57.938 9
E05                                                                  26146250.294 9 137399408.857 9     -2062.437 9        56.968 9  26146250.294 9 137399408.857 9     -2062.437 9        56.968 9
E11                                                                  26676387.142 9 140185296.554 9     -2415.195 9        56.794 9  26676387.142 9 140185296.554 9     -2415.195 9        56.794 9
E20                                                                  27875422.332 9 146486254.399 9     -1685.100 9        56.412 9  27875422.332 9 146486254.399 9     -1685.100 9        56.412 9
E09                                                                  24988678.650 9 131316343.235 9      2564.440 9        57.362 9  24988678.650 9 131316343.235 9      2564.440 9        57.362 9
E10                                                                  23770057.853 9 124912461.080 9       -10.318 9        57.796 9  23770057.853 9 124912461.080 9       -10.318 9        57.796 9
E03                                                                  25034610.175 9 131557722.372 9      1945.248 9        57.346 9  25034610.175 9 131557722.372 9      1945.248 9        57.346 9
> 2026 02 03 10 01 35.0000000  0 18       0.000000000000
G02  20305876.745 9 106708081.458 9      -395.433 9        56.052 9                                                                  20305876.745 8 106708081.458 8      -395.433 8        53.052 8
G09  25286018.946 9 132878866.526 9     -2813.398 9        54.146 9                                                                  25286018.946 8 132878866.526 8     -2813.398 8        51.146 8
G13  25223117.684 9 132548308.636 9      1213.937 9        54.168 9                                                                  25223117.684 8 132548308.636 8      1213.937 8        51.168 8
G29  24869165.707 9 130688300.381 9      3071.376 9        54.291 9                                                                  24869165.707 8 130688300.381 8      3071.376 8        51.291 8
G10  22351658.351 9 117458722.524 9      3237.734 9        55.218 9                                                                  22351658.351 8 117458722.524 8      3237.734 8        52.218 8
G12  20801854.817 9 109314462.154 9       155.866 9        55.842 9                                                                  20801854.817 8 109314462.154 8       155.866 8        52.842 8
G17  24710607.038 9 129855049.274 9     -2954.923 9        54.346 9                                                                  24710607.038 8 129855049.274 8     -2954.923 8        51.346 8
G24  24331307.160 9 127861833.784 9      3052.831 9        54.481 9                                                                  24331307.160 8 127861833.784 8      3052.831 8        51.481 8
G30  22574639.478 9 118630498.994 9      2314.647 9        55.132 9                                                                  22574639.478 8 118630498.994 8      2314.647 8        52.132 8
G05  21257017.524 9 111706356.344 9       655.024 9        55.654 9                                                                  21257017.524 8 111706356.344 8       655.024 8        52.654 8
G04  21963981.026 9 115421468.715 9     -2481.597 9        55.370 9                                                                  21963981.026 8 115421468.715 8     -2481.597 8        52.370 8
E04                                                                  23384620.250 9 122886975.667 9      -158.290 9        57.938 9  23384620.250 9 122886975.667 9      -158.290 9        57.938 9
E05                                                                  26146642.779 9 137401471.369 9     -2062.607 9        56.968 9  26146642.779 9 137401471.369 9     -2062.607 9        56.968 9
E11                                                                  26676846.761 9 140187711.863 9     -2415.440 9        56.794 9  26676846.761 9 140187711.863 9     -2415.440 9        56.794 9
E20                                                                  27875743.025 9 146487939.646 9     -1685.407 9        56.412 9  27875743.025 9 146487939.646 9     -1685.407 9        56.412 9
E09                                                                  24988190.679 9 131313778.939 9      2564.163 9        57.362 9  24988190.679 9 131313778.939 9      2564.163 9        57.362 9
E10                                                                  23770059.861 9 124912471.634 9       -10.789 9        57.796 9  23770059.861 9 124912471.634 9       -10.789 9        57.796 9
E03                                                                  25034240.015 9 131555777.169 9      1945.159 9        57.346 9  25034240.015 9 131555777.169 9      1945.159 9        57.346 9
> 2026 02 03 10 01 36.0000000  0 18       0.000000000000
G02  20305952.031 9 106708477.087 9      -395.827 9        56.052 9                                                                  20305952.031 8 106708477.087 8      -395.827 8        53.052 8
G09  25286554.313 9 132881679.890 9     -2813.344 9        54.146 9                                                                  25286554.313 8 132881679.890 8     -2813.344 8        51.146 8
G13  25222886.722 9 132547094.931 9      1213.484 9        54.168 9                                                                  25222886.722 8 132547094.931 8      1213.484 8        51.168 8
G29  24868581.240 9 130685228.992 9      3071.402 9        54.291 9                                                                  24868581.240 8 130685228.992 8      3071.402 8        51.291 8
G10  22351042.261 9 117455484.953 9      3237.417 9        55.218 9                                                                  22351042.261 8 117455484.953 8      3237.417 8        52.218 8
G12  20801825.220 9 109314306.619 9       155.202 9        55.842 9                                                                  20801825.220 8 109314306.619 8       155.202 8        52.842 8
G17  24711169.352 9 129858004.244 9     -2955.048 9        54.346 9                                                                  24711169.352 8 129858004.244 8     -2955.048 8        51.346 8
G24  24330726.241 9 127858781.036 9      3052.667 9        54.481 9                                                                  24330726.241 8 127858781.036 8      3052.667 8        51.481 8
G30  22574199.062 9 118628184.591 9      2314.160 9        55.132 9                                                                  22574199.062 8 118628184.591 8      2314.160 8        52.132 8
G05  21256892.939 9 111705701.648 9       654.367 9        55.654 9                                                                  21256892.939 8 111705701.648 8       654.367 8        52.654 8
G04  21964453.276 9 115423950.399 9     -2481.784 9        55.370 9                                                                  21964453.276 8 115423950.399 8     -2481.784 8        52.370 8
E04                                                                  23384650.396 9 122887134.081 9      -158.538 9        57.938 9  23384650.396 9 122887134.081 9      -158.538 9        57.938 9
E05                                                                  26147035.296 9 137403534.051 9     -2062.777 9        56.968 9  26147035.296 9 137403534.051 9     -2062.777 9        56.968 9
E11                                                                  26677306.427 9 140190127.415 9     -2415.684 9        56.794 9  26677306.427 9 140190127.415 9     -2415.684 9        56.794 9
E20                                                                  27876063.777 9 146489625.200 9     -1685.714 9        56.412 9  27876063.777 9 146489625.200 9     -1685.714 9        56.412 9
E09                                                                  24987702.762 9 131311214.920 9      2563.886 9        57.362 9  24987702.762 9 131311214.920 9      2563.886 9        57.362 9
E10                                                                  23770061.959 9 124912482.658 9       -11.259 9        57.796 9  23770061.959 9 124912482.658 9       -11.259 9        57.796 9
E03                                                                  25033869.872 9 131553832.056 9      1945.069 9        57.346 9  25033869.872 9 131553832.056 9      1945.069 9        57.346 9
> 2026 02 03 10 01 37.0000000  0 18       0.000000000000
G02  20306027.391 9 106708873.110 9      -396.220 9        56.052 9                                                                  20306027.391 8 106708873.110 8      -396.220 8        53.052 8
G09  25287089.670 9 132884493.200 9     -2813.290 9        54.146 9                                                                  25287089.670 8 132884493.200 8     -2813.290 8        51.146 8
G13  25222655.847 9 132545881.679 9      1213.031 9        54.168 9                                                                  25222655.847 8 132545881.679 8      1213.031 8        51.168 8
G29  24867996.769 9 130682157.576 9      3071.427 9        54.291 9                                                                  24867996.769 8 130682157.576 8      3071.427 8        51.291 8
G10  22350426.231 9 117452247.700 9      3237.099 9        55.218 9                                                                  22350426.231 8 117452247.700 8      3237.099 8        52.218 8
G12  20801795.749 9 109314151.748 9       154.538 9        55.842 9                                                                  20801795.749 8 109314151.748 8       154.538 8        52.842 8
G17  24711731.690 9 129860959.338 9     -2955.173 9        54.346 9                                                                  24711731.690 8 129860959.338 8     -2955.173 8        51.346 8
G24  24330145.353 9 127855728.452 9      3052.502 9        54.481 9                                                                  24330145.353 8 127855728.452 8      3052.502 8        51.481 8
G30  22573758.738 9 118625870.674 9      2313.673 9        55.132 9                                                                  22573758.738 8 118625870.674 8      2313.673 8        52.132 8
G05  21256768.480 9 111705047.608 9       653.710 9        55.654 9                                                                  21256768.480 8 111705047.608 8       653.710 8        52.654 8
G04  21964925.561 9 115426432.269 9     -2481.970 9        55.369 9                                                                  21964925.561 8 115426432.269 8     -2481.970 8        52.369 8
E04                                                                  23384680.588 9 122887292.742 9      -158.787 9        57.938 9  23384680.588 9 122887292.742 9      -158.787 9        57.938 9
E05                                                                  26147427.845 9 137405596.903 9     -2062.947 9        56.968 9  26147427.845 9 137405596.903 9     -2062.947 9        56.968 9
E11                                                                  26677766.139 9 140192543.213 9     -2415.929 9        56.793 9  26677766.139 9 140192543.213 9     -2415.929 9        56.793 9
E20                                                                  27876384.587 9 146491311.060 9     -1686.020 9        56.412 9  27876384.587 9 146491311.060 9     -1686.020 9        56.412 9
E09                                                                  24987214.897 9 131308651.178 9      2563.608 9        57.362 9  24987214.897 9 131308651.178 9      2563.608 9        57.362 9
E10                                                                  23770064.147 9 124912494.152 9       -11.730 9        57.796 9  23770064.147 9 124912494.152 9       -11.730 9        57.796 9
E03                                                                  25033499.746 9 131551887.033 9      1944.980 9        57.346 9  25033499.746 9 131551887.033 9      1944.980 9        57.346 9
> 2026 02 03 10 01 38.0000000  0 18       0.000000000000
G02  20306102.827 9 106709269.525 9      -396.613 9        56.052 9                                                                  20306102.827 8 106709269.525 8      -396.613 8        53.052 8
G09  25287625.016 9 132887306.456 9     -2813.236 9        54.146 9                                                                  25287625.016 8 132887306.456 8     -2813.236 8        51.146 8
G13  25222425.059 9 132544668.880 9      1212.578 9        54.168 9                                                                  25222425.059 8 132544668.880 8      1212.578 8        51.168 8
G29  24867412.293 9 130679086.135 9      3071.453 9        54.291 9                                                                  24867412.293 8 130679086.135 8      3071.453 8        51.291 8
G10  22349810.262 9 117449010.763 9      3236.782 9        55.219 9                                                                  22349810.262 8 117449010.763 8      3236.782 8        52.219 8
G12  20801766.405 9 109313997.541 9       153.874 9        55.842 9                                                                  20801766.405 8 109313997.541 8       153.874 8        52.842 8
G17  24712294.052 9 129863914.557 9     -2955.298 9        54.346 9                                                                  24712294.052 8 129863914.557 8     -2955.298 8        51.346 8
G24  24329564.496 9 127852676.032 9      3052.338 9        54.481 9                                                                  24329564.496 8 127852676.032 8      3052.338 8        51.481 8
G30  22573318.506 9 118623557.245 9      2313.185 9        55.132 9                                                                  22573318.506 8 118623557.245 8      2313.185 8        52.132 8
G05  21256644.145 9 111704394.225 9       653.054 9        55.654 9                                                                  21256644.145 8 111704394.225 8       653.054 8        52.654 8
G04  21965397.881 9 115428914.325 9     -2482.156 9        55.369 9                                                                  21965397.881 8 115428914.325 8     -2482.156 8        52.369 8
E04                                                                  23384710.828 9 122887451.653 9      -159.035 9        57.938 9  23384710.828 9 122887451.653 9      -159.035 9        57.938 9
E05                                                                  26147820.426 9 137407659.926 9     -2063.118 9        56.968 9  26147820.426 9 137407659.926 9     -2063.118 9        56.968 9
E11                                                                  26678225.898 9 140194959.255 9     -2416.174 9        56.793 9  26678225.898 9 140194959.255 9     -2416.174 9        56.793 9
E20                                                                  27876705.456 9 146492997.228 9     -1686.327 9        56.412 9  27876705.456 9 146492997.228 9     -1686.327 9        56.412 9
E09                                                                  24986727.085 9 131306087.713 9      2563.331 9        57.362 9  24986727.085 9 131306087.713 9      2563.331 9        57.362 9
E10                                                                  23770066.423 9 124912506.118 9       -12.200 9        57.796 9  23770066.423 9 124912506.118 9       -12.200 9        57.796 9
E03                                                                  25033129.637 9 131549942.099 9      1944.890 9        57.346 9  25033129.637 9 131549942.099 9      1944.890 9        57.346 9
> 2026 02 03 10 01 39.0000000  0 18       0.000000000000
G02  20306178.337 9 106709666.334 9      -397.007 9        56.051 9                                                                  20306178.337 8 106709666.334 8      -397.007 8        53.051 8
G09  25288160.353 9 132890119.658 9     -2813.182 9        54.146 9                                                                  25288160.353 8 132890119.658 8     -2813.182 8        51.146 8
G13  25222194.356 9 132543456.534 9      1212.125 9        54.168 9                                                                  25222194.356 8 132543456.534 8      1212.125 8        51.168 8
G29  24866827.812 9 130676014.669 9      3071.478 9        54.292 9                                                                  24866827.812 8 130676014.669 8      3071.478 8        51.292 8
G10  22349194.353 9 117445774.144 9      3236.465 9        55.219 9                                                                  22349194.353 8 117445774.144 8      3236.465 8        52.219 8
G12  20801737.187 9 109313843.998 9       153.210 9        55.842 9                                                                  20801737.187 8 109313843.998 8       153.210 8        52.842 8
G17  24712856.438 9 129866869.901 9     -2955.422 9        54.346 9                                                                  24712856.438 8 129866869.901 8     -2955.422 8        51.346 8
G24  24328983.670 9 127849623.777 9      3052.173 9        54.482 9                                                                  24328983.670 8 127849623.777 8      3052.173 8        51.482 8
G30  22572878.368 9 118621244.304 9      2312.698 9        55.132 9                                                                  22572878.368 8 118621244.304 8      2312.698 8        52.132 8
G05  21256519.936 9 111703741.499 9       652.397 9        55.654 9                                                                  21256519.936 8 111703741.499 8       652.397 8        52.654 8
G04  21965870.237 9 115431396.567 9     -2482.341 9        55.369 9                                                                  21965870.237 8 115431396.567 8     -2482.341 8        52.369 8
E04                                                                  23384741.115 9 122887610.811 9      -159.283 9        57.938 9  23384741.115 9 122887610.811 9      -159.283 9        57.938 9
E05                                                                  26148213.040 9 137409723.119 9     -2063.288 9        56.968 9  26148213.040 9 137409723.119 9     -2063.288 9        56.968 9
E11                                                                  26678685.704 9 140197375.541 9     -2416.418 9        56.793 9  26678685.704 9 140197375.541 9     -2416.418 9        56.793 9
E20                                                                  27877026.383 9 146494683.702 9     -1686.634 9        56.412 9  27877026.383 9 146494683.702 9     -1686.634 9        56.412 9
E09                                                                  24986239.326 9 131303524.526 9      2563.054 9        57.362 9  24986239.326 9 131303524.526 9      2563.054 9        57.362 9
E10                                                                  23770068.790 9 124912518.553 9       -12.671 9        57.796 9  23770068.790 9 124912518.553 9       -12.671 9        57.796 9
E03                                                                  25032759.545 9 131547997.254 9      1944.801 9        57.346 9  25032759.545 9 131547997.254 9      1944.801 9        57.346 9
> 2026 02 03 10 01 40.0000000  0 18       0.000000000000
G02  20306253.923 9 106710063.536 9      -397.400 9        56.051 9                                                                  20306253.923 8 106710063.536 8      -397.400 8        53.051 8
G09  25288695.679 9 132892932.806 9     -2813.127 9        54.146 9                                                                  25288695.679 8 132892932.806 8     -2813.127 8        51.146 8
G13  25221963.740 9 132542244.641 9      1211.672 9        54.168 9                                                                  25221963.740 8 132542244.641 8      1211.672 8        51.168 8
G29  24866243.326 9 130672943.176 9      3071.504 9        54.292 9                                                                  24866243.326 8 130672943.176 8      3071.504 8        51.292 8
G10  22348578.504 9 117442537.842 9      3236.147 9        55.219 9                                                                  22348578.504 8 117442537.842 8      3236.147 8        52.219 8
G12  20801708.095 9 109313691.120 9       152.546 9        55.842 9                                                                  20801708.095 8 109313691.120 8       152.546 8        52.842 8
G17  24713418.847 9 129869825.370 9     -2955.547 9        54.345 9                                                                  24713418.847 8 129869825.370 8     -2955.547 8        51.345 8
G24  24328402.876 9 127846571.686 9      3052.009 9        54.482 9                                                                  24328402.876 8 127846571.686 8      3052.009 8        51.482 8
G30  22572438.322 9 118618931.849 9      2312.210 9        55.132 9                                                                  22572438.322 8 118618931.849 8      2312.210 8        52.132 8
G05  21256395.851 9 111703089.429 9       651.740 9        55.654 9                                                                  21256395.851 8 111703089.429 8       651.740 8        52.654 8
G04  21966342.628 9 115433878.995 9     -2482.527 9        55.369 9                                                                  21966342.628 8 115433878.995 8     -2482.527 8        52.369 8
E04                                                                  23384771.449 9 122887770.218 9      -159.532 9        57.938 9  23384771.449 9 122887770.218 9      -159.532 9        57.938 9
E05                                                                  26148605.687 9 137411786.482 9     -2063.458 9        56.968 9  26148605.687 9 137411786.482 9     -2063.458 9        56.968 9
E11                                                                  26679145.556 9 140199792.073 9     -2416.663 9        56.793 9  26679145.556 9 140199792.073 9     -2416.663 9        56.793 9
E20                                                                  27877347.368 9 146496370.483 9     -1686.941 9        56.411 9  27877347.368 9 146496370.483 9     -1686.941 9        56.411 9
E09                                                                  24985751.619 9 131300961.616 9      2562.776 9        57.363 9  24985751.619 9 131300961.616 9      2562.776 9        57.363 9
E10                                                                  23770071.246 9 124912531.459 9       -13.141 9        57.796 9  23770071.246 9 124912531.459 9       -13.141 9        57.796 9
E03                                                                  25032389.470 9 131546052.499 9      1944.711 9        57.346 9  25032389.470 9 131546052.499 9      1944.711 9        57.346 9
> 2026 02 03 10 01 41.0000000  0 18       0.000000000000
G02  20306329.583 9 106710461.132 9      -397.793 9        56.051 9                                                                  20306329.583 8 106710461.132 8      -397.793 8        53.051 8
G09  25289230.994 9 132895745.899 9     -2813.073 9        54.145 9                                                                  25289230.994 8 132895745.899 8     -2813.073 8        51.145 8
G13  25221733.210 9 132541033.202 9      1211.218 9        54.169 9                                                                  25221733.210 8 132541033.202 8      1211.218 8        51.169 8
G29  24865658.835 9 130669871.659 9      3071.530 9        54.292 9                                                                  24865658.835 8 130669871.659 8      3071.530 8        51.292 8
G10  22347962.716 9 117439301.858 9      3235.830 9        55.219 9                                                                  22347962.716 8 117439301.858 8      3235.830 8        52.219 8
G12  20801679.130 9 109313538.905 9       151.881 9        55.842 9                                                                  20801679.130 8 109313538.905 8       151.881 8        52.842 8
G17  24713981.280 9 129872780.962 9     -2955.671 9        54.345 9                                                                  24713981.280 8 129872780.962 8     -2955.671 8        51.345 8
G24  24327822.113 9 127843519.759 9      3051.844 9        54.482 9                                                                  24327822.113 8 127843519.759 8      3051.844 8        51.482 8
G30  22571998.369 9 118616619.883 9      2311.723 9        55.133 9                                                                  22571998.369 8 118616619.883 8      2311.723 8        52.133 8
G05  21256271.891 9 111702438.017 9       651.084 9        55.654 9                                                                  21256271.891 8 111702438.017 8       651.084 8        52.654 8
G04  21966815.055 9 115436361.609 9     -2482.713 9        55.369 9                                                                  21966815.055 8 115436361.609 8     -2482.713 8        52.369 8
E04                                                                  23384801.831 9 122887929.873 9      -159.780 9        57.938 9  23384801.831 9 122887929.873 9      -159.780 9        57.938 9
E05                                                                  26148998.366 9 137413850.016 9     -2063.628 9        56.967 9  26148998.366 9 137413850.016 9     -2063.628 9        56.967 9
E11                                                                  26679605.454 9 140202208.848 9     -2416.907 9        56.793 9  26679605.454 9 140202208.848 9     -2416.907 9        56.793 9
E20                                                                  27877668.411 9 146498057.570 9     -1687.247 9        56.411 9  27877668.411 9 146498057.570 9     -1687.247 9        56.411 9
E09                                                                  24985263.965 9 131298398.983 9      2562.499 9        57.363 9  24985263.965 9 131298398.983 9      2562.499 9        57.363 9
E10                                                                  23770073.791 9 124912544.836 9       -13.612 9        57.796 9  23770073.791 9 124912544.836 9       -13.612 9        57.796 9
E03                                                                  25032019.412 9 131544107.834 9      1944.621 9        57.347 9  25032019.412 9 131544107.834 9      1944.621 9        57.347 9
> 2026 02 03 10 01 42.0000000  0 18       0.000000000000
G02  20306405.318 9 106710859.120 9      -398.186 9        56.051 9                                                                  20306405.318 8 106710859.120 8      -398.186 8        53.051 8
G09  25289766.300 9 132898558.938 9     -2813.018 9        54.145 9                                                                  25289766.300 8 132898558.938 8     -2813.018 8        51.145 8
G13  25221502.766 9 132539822.216 9      1210.765 9        54.169 9                                                                  25221502.766 8 132539822.216 8      1210.765 8        51.169 8
G29  24865074.339 9 130666800.115 9      3071.555 9        54.292 9                                                                  24865074.339 8 130666800.115 8      3071.555 8        51.292 8
G10  22347346.989 9 117436066.191 9      3235.512 9        55.220 9                                                                  22347346.989 8 117436066.191 8      3235.512 8        52.220 8
G12  20801650.291 9 109313387.355 9       151.217 9        55.842 9                                                                  20801650.291 8 109313387.355 8       151.217 8        52.842 8
G17  24714543.737 9 129875736.680 9     -2955.796 9        54.345 9                                                                  24714543.737 8 129875736.680 8     -2955.796 8        51.345 8
G24  24327241.381 9 127840467.997 9      3051.680 9        54.482 9                                                                  24327241.381 8 127840467.997 8      3051.680 8        51.482 8
G30  22571558.509 9 118614308.404 9      2311.235 9        55.133 9                                                                  22571558.509 8 118614308.404 8      2311.235 8        52.133 8
G05  21256148.057 9 111701787.260 9       650.427 9        55.654 9                                                                  21256148.057 8 111701787.260 8       650.427 8        52.654 8
G04  21967287.517 9 115438844.409 9     -2482.899 9        55.369 9                                                                  21967287.517 8 115438844.409 8     -2482.899 8        52.369 8
E04                                                                  23384832.259 9 122888089.777 9      -160.029 9        57.938 9  23384832.259 9 122888089.777 9      -160.029 9        57.938 9
E05                                                                  26149391.077 9 137415913.720 9     -2063.799 9        56.967 9  26149391.077 9 137415913.720 9     -2063.799 9        56.967 9
E11                                                                  26680065.400 9 140204625.868 9     -2417.152 9        56.793 9  26680065.400 9 140204625.868 9     -2417.152 9        56.793 9
E20                                                                  27877989.513 9 146499744.964 9     -1687.554 9        56.411 9  27877989.513 9 146499744.964 9     -1687.554 9        56.411 9
E09                                                                  24984776.364 9 131295836.628 9      2562.221 9        57.363 9  24984776.364 9 131295836.628 9      2562.221 9        57.363 9
E10                                                                  23770076.426 9 124912558.683 9       -14.082 9        57.796 9  23770076.426 9 124912558.683 9       -14.082 9        57.796 9
E03                                                                  25031649.371 9 131542163.258 9      1944.532 9        57.347 9  25031649.371 9 131542163.258 9      1944.532 9        57.347 9
> 2026 02 03 10 01 43.0000000  0 18       0.000000000000
G02  20306481.127 9 106711257.502 9      -398.579 9        56.051 9                                                                  20306481.127 8 106711257.502 8      -398.579 8        53.051 8
G09  25290301.594 9 132901371.923 9     -2812.964 9        54.145 9                                                                  25290301.594 8 132901371.923 8     -2812.964 8        51.145 8
G13  25221272.408 9 132538611.683 9      1210.311 9        54.169 9                                                                  25221272.408 8 132538611.683 8      1210.311 8        51.169 8
G29  24864489.839 9 130663728.546 9      3071.581 9        54.292 9                                                                  24864489.839 8 130663728.546 8      3071.581 8        51.292 8
G10  22346731.322 9 117432830.843 9      3235.194 9        55.220 9                                                                  22346731.322 8 117432830.843 8      3235.194 8        52.220 8
G12  20801621.578 9 109313236.469 9       150.553 9        55.842 9                                                                  20801621.578 8 109313236.469 8       150.553 8        52.842 8
G17  24715106.218 9 129878692.522 9     -2955.921 9        54.345 9                                                                  24715106.218 8 129878692.522 8     -2955.921 8        51.345 8
G24  24326660.681 9 127837416.400 9      3051.515 9        54.482 9                                                                  24326660.681 8 127837416.400 8      3051.515 8        51.482 8
G30  22571118.742 9 118611997.413 9      2310.747 9        55.133 9                                                                  22571118.742 8 118611997.413 8      2310.747 8        52.133 8
G05  21256024.347 9 111701137.161 9       649.770 9        55.654 9                                                                  21256024.347 8 111701137.161 8       649.770 8        52.654 8
G04  21967760.014 9 115441327.394 9     -2483.085 9        55.368 9                                                                  21967760.014 8 115441327.394 8     -2483.085 8        52.368 8
E04                                                                  23384862.735 9 122888249.929 9      -160.277 9        57.938 9  23384862.735 9 122888249.929 9      -160.277 9        57.938 9
E05                                                                  26149783.821 9 137417977.593 9     -2063.969 9        56.967 9  26149783.821 9 137417977.593 9     -2063.969 9        56.967 9
E11                                                                  26680525.391 9 140207043.133 9     -2417.396 9        56.793 9  26680525.391 9 140207043.133 9     -2417.396 9        56.793 9
E20                                                                  27878310.674 9 146501432.664 9     -1687.860 9        56.411 9  27878310.674 9 146501432.664 9     -1687.860 9        56.411 9
E09                                                                  24984288.816 9 131293274.551 9      2561.944 9        57.363 9  24984288.816 9 131293274.551 9      2561.944 9        57.363 9
E10                                                                  23770079.151 9 124912573.000 9       -14.553 9        57.796 9  23770079.151 9 124912573.000 9       -14.553 9        57.796 9
E03                                                                  25031279.347 9 131540218.772 9      1944.442 9        57.347 9  25031279.347 9 131540218.772 9      1944.442 9        57.347 9
> 2026 02 03 10 01 44.0000000  0 18       0.000000000000
G02  20306557.012 9 106711656.277 9      -398.972 9        56.051 9                                                                  20306557.012 8 106711656.277 8      -398.972 8        53.051 8
G09  25290836.879 9 132904184.852 9     -2812.909 9        54.145 9                                                                  25290836.879 8 132904184.852 8     -2812.909 8        51.145 8
G13  25221042.137 9 132537401.604 9      1209.858 9        54.169 9                                                                  25221042.137 8 132537401.604 8      1209.858 8        51.169 8
G29  24863905.333 9 130660656.952 9      3071.606 9        54.293 9                                                                  24863905.333 8 130660656.952 8      3071.606 8        51.293 8
G10  22346115.715 9 117429595.812 9      3234.876 9        55.220 9                                                                  22346115.715 8 117429595.812 8      3234.876 8        52.220 8
G12  20801592.992 9 109313086.247 9       149.889 9        55.842 9                                                                  20801592.992 8 109313086.247 8       149.889 8        52.842 8
G17  24715668.722 9 129881648.489 9     -2956.045 9        54.345 9                                                                  24715668.722 8 129881648.489 8     -2956.045 8        51.345 8
G24  24326080.012 9 127834364.967 9      3051.351 9        54.483 9                                                                  24326080.012 8 127834364.967 8      3051.351 8        51.483 8
G30  22570679.067 9 118609686.909 9      2310.259 9        55.133 9                                                                  22570679.067 8 118609686.909 8      2310.259 8        52.133 8
G05  21255900.762 9 111700487.719 9       649.113 9        55.654 9                                                                  21255900.762 8 111700487.719 8       649.113 8        52.654 8
G04  21968232.547 9 115443810.565 9     -2483.270 9        55.368 9                                                                  21968232.547 8 115443810.565 8     -2483.270 8        52.368 8
E04                                                                  23384893.259 9 122888410.330 9      -160.526 9        57.938 9  23384893.259 9 122888410.330 9      -160.526 9        57.938 9
E05                                                                  26150176.597 9 137420041.637 9     -2064.139 9        56.967 9  26150176.597 9 137420041.637 9     -2064.139 9        56.967 9
E11                                                                  26680985.429 9 140209460.641 9     -2417.640 9        56.792 9  26680985.429 9 140209460.641 9     -2417.640 9        56.792 9
E20                                                                  27878631.892 9 146503120.671 9     -1688.167 9        56.411 9  27878631.892 9 146503120.671 9     -1688.167 9        56.411 9
E09                                                                  24983801.321 9 131290712.751 9      2561.666 9        57.363 9  24983801.321 9 131290712.751 9      2561.666 9        57.363 9
E10                                                                  23770081.965 9 124912587.788 9       -15.023 9        57.796 9  23770081.965 9 124912587.788 9       -15.023 9        57.796 9
E03                                                                  25030909.340 9 131538274.375 9      1944.353 9        57.347 9  25030909.340 9 131538274.375 9      1944.353 9        57.347 9
> 2026 02 03 10 01 45.0000000  0 18       0.000000000000
G02  20306632.971 9 106712055.445 9      -399.365 9        56.051 9                                                                  20306632.971 8 106712055.445 8      -399.365 8        53.051 8
G09  25291372.153 9 132906997.727 9     -2812.854 9        54.145 9                                                                  25291372.153 8 132906997.727 8     -2812.854 8        51.145 8
G13  25220811.952 9 132536191.979 9      1209.404 9        54.169 9                                                                  25220811.952 8 132536191.979 8      1209.404 8        51.169 8
G29  24863320.823 9 130657585.332 9      3071.631 9        54.293 9                                                                  24863320.823 8 130657585.332 8      3071.631 8        51.293 8
G10  22345500.169 9 117426361.099 9      3234.558 9        55.220 9                                                                  22345500.169 8 117426361.099 8      3234.558 8        52.220 8
G12  20801564.533 9 109312936.690 9       149.224 9        55.842 9                                                                  20801564.533 8 109312936.690 8       149.224 8        52.842 8
G17  24716231.250 9 129884604.580 9     -2956.170 9        54.344 9                                                                  24716231.250 8 129884604.580 8     -2956.170 8        51.344 8
G24  24325499.374 9 127831313.699 9      3051.186 9        54.483 9                                                                  24325499.374 8 127831313.699 8      3051.186 8        51.483 8
G30  22570239.486 9 118607376.894 9      2309.771 9        55.133 9                                                                  22570239.486 8 118607376.894 8      2309.771 8        52.133 8
G05  21255777.303 9 111699838.933 9       648.456 9        55.655 9                                                                  21255777.303 8 111699838.933 8       648.456 8        52.655 8
G04  21968705.115 9 115446293.922 9     -2483.456 9        55.368 9                                                                  21968705.115 8 115446293.922 8     -2483.456 8        52.368 8
E04                                                                  23384923.829 9 122888570.979 9      -160.774 9        57.938 9  23384923.829 9 122888570.979 9      -160.774 9        57.938 9
E05                                                                  26150569.405 9 137422105.852 9     -2064.309 9        56.967 9  26150569.405 9 137422105.852 9     -2064.309 9        56.967 9
E11                                                                  26681445.514 9 140211878.394 9     -2417.884 9        56.792 9  26681445.514 9 140211878.394 9     -2417.884 9        56.792 9
E20                                                                  27878953.169 9 146504808.985 9     -1688.473 9        56.411 9  27878953.169 9 146504808.985 9     -1688.473 9        56.411 9
E09                                                                  24983313.878 9 131288151.229 9      2561.388 9        57.363 9  24983313.878 9 131288151.229 9      2561.388 9        57.363 9
E10                                                                  23770084.868 9 124912603.046 9       -15.493 9        57.796 9  23770084.868 9 124912603.046 9       -15.493 9        57.796 9
E03                                                                  25030539.351 9 131536330.068 9      1944.263 9        57.347 9  25030539.351 9 131536330.068 9      1944.263 9        57.347 9
> 2026 02 03 10 01 46.0000000  0 18       0.000000000000
G02  20306709.005 9 106712455.006 9      -399.758 9        56.051 9                                                                  20306709.005 8 106712455.006 8      -399.758 8        53.051 8
G09  25291907.417 9 132909810.547 9     -2812.799 9        54.144 9                                                                  25291907.417 8 132909810.547 8     -2812.799 8        51.144 8
G13  25220581.854 9 132534982.807 9      1208.950 9        54.169 9                                                                  25220581.854 8 132534982.807 8      1208.950 8        51.169 8
G29  24862736.308 9 130654513.687 9      3071.657 9        54.293 9                                                                  24862736.308 8 130654513.687 8      3071.657 8        51.293 8
G10  22344884.683 9 117423126.704 9      3234.240 9        55.220 9                                                                  22344884.683 8 117423126.704 8      3234.240 8        52.220 8
G12  20801536.199 9 109312787.797 9       148.560 9        55.842 9                                                                  20801536.199 8 109312787.797 8       148.560 8        52.842 8
G17  24716793.802 9 129887560.796 9     -2956.294 9        54.344 9                                                                  24716793.802 8 129887560.796 8     -2956.294 8        51.344 8
G24  24324918.768 9 127828262.595 9      3051.022 9        54.483 9                                                                  24324918.768 8 127828262.595 8      3051.022 8        51.483 8
G30  22569799.997 9 118605067.367 9      2309.283 9        55.134 9                                                                  22569799.997 8 118605067.367 8      2309.283 8        52.134 8
G05  21255653.968 9 111699190.805 9       647.799 9        55.655 9                                                                  21255653.968 8 111699190.805 8       647.799 8        52.655 8
G04  21969177.718 9 115448777.464 9     -2483.641 9        55.368 9                                                                  21969177.718 8 115448777.464 8     -2483.641 8        52.368 8
E04                                                                  23384954.447 9 122888731.877 9      -161.023 9        57.938 9  23384954.447 9 122888731.877 9      -161.023 9        57.938 9
E05                                                                  26150962.246 9 137424170.237 9     -2064.479 9        56.967 9  26150962.246 9 137424170.237 9     -2064.479 9        56.967 9
E11                                                                  26681905.645 9 140214296.391 9     -2418.128 9        56.792 9  26681905.645 9 140214296.391 9     -2418.128 9        56.792 9
E20                                                                  27879274.505 9 146506497.604 9     -1688.779 9        56.411 9  27879274.505 9 146506497.604 9     -1688.779 9        56.411 9
E09                                                                  24982826.489 9 131285589.985 9      2561.111 9        57.364 9  24982826.489 9 131285589.985 9      2561.111 9        57.364 9
E10                                                                  23770087.861 9 124912618.775 9       -15.964 9        57.796 9  23770087.861 9 124912618.775 9       -15.964 9        57.796 9
E03                                                                  25030169.378 9 131534385.851 9      1944.173 9        57.347 9  25030169.378 9 131534385.851 9      1944.173 9        57.347 9
> 2026 02 03 10 01 47.0000000  0 18       0.000000000000
G02  20306785.114 9 106712854.959 9      -400.151 9        56.051 9                                                                  20306785.114 8 106712854.959 8      -400.151 8        53.051 8
G09  25292442.670 9 132912623.312 9     -2812.744 9        54.144 9                                                                  25292442.670 8 132912623.312 8     -2812.744 8        51.144 8
G13  25220351.842 9 132533774.089 9      1208.497 9        54.169 9                                                                  25220351.842 8 132533774.089 8      1208.497 8        51.169 8
G29  24862151.788 9 130651442.016 9      3071.682 9        54.293 9                                                                  24862151.788 8 130651442.016 8      3071.682 8        51.293 8
G10  22344269.258 9 117419892.627 9      3233.922 9        55.221 9                                                                  22344269.258 8 117419892.627 8      3233.922 8        52.221 8
G12  20801507.992 9 109312639.568 9       147.896 9        55.842 9                                                                  20801507.992 8 109312639.568 8       147.896 8        52.842 8
G17  24717356.377 9 129890517.137 9     -2956.419 9        54.344 9                                                                  24717356.377 8 129890517.137 8     -2956.419 8        51.344 8
G24  24324338.193 9 127825211.657 9      3050.857 9        54.483 9                                                                  24324338.193 8 127825211.657 8      3050.857 8        51.483 8
G30  22569360.601 9 118602758.328 9      2308.795 9        55.134 9                                                                  22569360.601 8 118602758.328 8      2308.795 8        52.134 8
G05  21255530.758 9 111698543.333 9       647.142 9        55.655 9                                                                  21255530.758 8 111698543.333 8       647.142 8        52.655 8
G04  21969650.356 9 115451261.192 9     -2483.827 9        55.368 9                                                                  21969650.356 8 115451261.192 8     -2483.827 8        52.368 8
E04                                                                  23384985.113 9 122888893.024 9      -161.271 9        57.938 9  23384985.113 9 122888893.024 9      -161.271 9        57.938 9
E05                                                                  26151355.119 9 137426234.791 9     -2064.650 9        56.967 9  26151355.119 9 137426234.791 9     -2064.650 9        56.967 9
E11                                                                  26682365.822 9 140216714.632 9     -2418.372 9        56.792 9  26682365.822 9 140216714.632 9     -2418.372 9        56.792 9
E20                                                                  27879595.898 9 146508186.530 9     -1689.085 9        56.411 9  27879595.898 9 146508186.530 9     -1689.085 9        56.411 9
E09                                                                  24982339.152 9 131283029.018 9      2560.833 9        57.364 9  24982339.152 9 131283029.018 9      2560.833 9        57.364 9
E10                                                                  23770090.944 9 124912634.974 9       -16.434 9        57.796 9  23770090.944 9 124912634.974 9       -16.434 9        57.796 9
E03                                                                  25029799.422 9 131532441.723 9      1944.083 9        57.347 9  25029799.422 9 131532441.723 9      1944.083 9        57.347 9
> 2026 02 03 10 01 48.0000000  0 18       0.000000000000
G02  20306861.298 9 106713255.306 9      -400.544 9        56.051 9                                                                  20306861.298 8 106713255.306 8      -400.544 8        53.051 8
G09  25292977.912 9 132915436.022 9     -2812.689 9        54.144 9                                                                  25292977.912 8 132915436.022 8     -2812.689 8        51.144 8
G13  25220121.916 9 132532565.825 9      1208.043 9        54.169 9                                                                  25220121.916 8 132532565.825 8      1208.043 8        51.169 8
G29  24861567.263 9 130648370.320 9      3071.708 9        54.293 9                                                                  24861567.263 8 130648370.320 8      3071.708 8        51.293 8
G10  22343653.893 9 117416658.869 9      3233.604 9        55.221 9                                                                  22343653.893 8 117416658.869 8      3233.604 8        52.221 8
G12  20801479.912 9 109312492.003 9       147.232 9        55.842 9                                                                  20801479.912 8 109312492.003 8       147.232 8        52.842 8
G17  24717918.976 9 129893473.602 9     -2956.543 9        54.344 9                                                                  24717918.976 8 129893473.602 8     -2956.543 8        51.344 8
G24  24323757.649 9 127822160.882 9      3050.692 9        54.483 9                                                                  24323757.649 8 127822160.882 8      3050.692 8        51.483 8
G30  22568921.298 9 118600449.776 9      2308.307 9        55.134 9                                                                  22568921.298 8 118600449.776 8      2308.307 8        52.134 8
G05  21255407.673 9 111697896.518 9       646.485 9        55.655 9                                                                  21255407.673 8 111697896.518 8       646.485 8        52.655 8
G04  21970123.030 9 115453745.105 9     -2484.012 9        55.367 9                                                                  21970123.030 8 115453745.105 8     -2484.012 8        52.367 8
E04                                                                  23385015.825 9 122889054.419 9      -161.520 9        57.938 9  23385015.825 9 122889054.419 9      -161.520 9        57.938 9
E05                                                                  26151748.024 9 137428299.516 9     -2064.820 9        56.966 9  26151748.024 9 137428299.516 9     -2064.820 9        56.966 9
E11                                                                  26682826.046 9 140219133.117 9     -2418.616 9        56.792 9  26682826.046 9 140219133.117 9     -2418.616 9        56.792 9
E20                                                                  27879917.350 9 146509875.762 9     -1689.391 9        56.411 9  27879917.350 9 146509875.762 9     -1689.391 9        56.411 9
E09                                                                  24981851.868 9 131280468.329 9      2560.555 9        57.364 9  24981851.868 9 131280468.329 9      2560.555 9        57.364 9
E10                                                                  23770094.116 9 124912651.644 9       -16.904 9        57.796 9  23770094.116 9 124912651.644 9       -16.904 9        57.796 9
E03                                                                  25029429.484 9 131530497.686 9      1943.994 9        57.347 9  25029429.484 9 131530497.686 9      1943.994 9        57.347 9
> 2026 02 03 10 01 49.0000000  0 18       0.000000000000
G02  20306937.556 9 106713656.046 9      -400.937 9        56.051 9                                                                  20306937.556 8 106713656.046 8      -400.937 8        53.051 8
G09  25293513.144 9 132918248.676 9     -2812.634 9        54.144 9                                                                  25293513.144 8 132918248.676 8     -2812.634 8        51.144 8
G13  25219892.076 9 132531358.015 9      1207.589 9        54.169 9                                                                  25219892.076 8 132531358.015 8      1207.589 8        51.169 8
G29  24860982.734 9 130645298.598 9      3071.733 9        54.294 9                                                                  24860982.734 8 130645298.598 8      3071.733 8        51.294 8
G10  22343038.589 9 117413425.429 9      3233.285 9        55.221 9                                                                  22343038.589 8 117413425.429 8      3233.285 8        52.221 8
G12  20801451.958 9 109312345.103 9       146.567 9        55.842 9                                                                  20801451.958 8 109312345.103 8       146.567 8        52.842 8
G17  24718481.599 9 129896430.191 9     -2956.668 9        54.344 9                                                                  24718481.599 8 129896430.191 8     -2956.668 8        51.344 8
G24  24323177.137 9 127819110.273 9      3050.528 9        54.484 9                                                                  24323177.137 8 127819110.273 8      3050.528 8        51.484 8
G30  22568482.088 9 118598141.714 9      2307.818 9        55.134 9                                                                  22568482.088 8 118598141.714 8      2307.818 8        52.134 8
G05  21255284.714 9 111697250.360 9       645.828 9        55.655 9                                                                  21255284.714 8 111697250.360 8       645.828 8        52.655 8
G04  21970595.739 9 115456229.203 9     -2484.197 9        55.367 9                                                                  21970595.739 8 115456229.203 8     -2484.197 8        52.367 8
E04                                                                  23385046.585 9 122889216.062 9      -161.769 9        57.938 9  23385046.585 9 122889216.062 9      -161.769 9        57.938 9
E05                                                                  26152140.962 9 137430364.412 9     -2064.990 9        56.966 9  26152140.962 9 137430364.412 9     -2064.990 9        56.966 9
E11                                                                  26683286.316 9 140221551.846 9     -2418.861 9        56.792 9  26683286.316 9 140221551.846 9     -2418.861 9        56.792 9
E20                                                                  27880238.860 9 146511565.300 9     -1689.697 9        56.411 9  27880238.860 9 146511565.300 9     -1689.697 9        56.411 9
E09                                                                  24981364.637 9 131277907.918 9      2560.277 9        57.364 9  24981364.637 9 131277907.918 9      2560.277 9        57.364 9
E10                                                                  23770097.377 9 124912668.783 9       -17.375 9        57.796 9  23770097.377 9 124912668.783 9       -17.375 9        57.796 9
E03                                                                  25029059.563 9 131528553.738 9      1943.904 9        57.348 9  25029059.563 9 131528553.738 9      1943.904 9        57.348 9
> 2026 02 03 10 01 50.0000000  0 18       0.000000000000
G02  20307013.889 9 106714057.178 9      -401.330 9        56.051 9                                                                  20307013.889 8 106714057.178 8      -401.330 8        53.051 8
G09  25294048.366 9 132921061.275 9     -2812.578 9        54.144 9                                                                  25294048.366 8 132921061.275 8     -2812.578 8        51.144 8
G13  25219662.323 9 132530150.658 9      1207.135 9        54.169 9                                                                  25219662.323 8 132530150.658 8      1207.135 8        51.169 8
G29  24860398.199 9 130642226.852 9      3071.758 9        54.294 9                                                                  24860398.199 8 130642226.852 8      3071.758 8        51.294 8
G10  22342423.346 9 117410192.307 9      3232.967 9        55.221 9                                                                  22342423.346 8 117410192.307 8      3232.967 8        52.221 8
G12  20801424.130 9 109312198.867 9       145.903 9        55.842 9                                                                  20801424.130 8 109312198.867 8       145.903 8        52.842 8
G17  24719044.245 9 129899386.905 9     -2956.792 9        54.343 9                                                                  24719044.245 8 129899386.905 8     -2956.792 8        51.343 8
G24  24322596.656 9 127816059.828 9      3050.363 9        54.484 9                                                                  24322596.656 8 127816059.828 8      3050.363 8        51.484 8
G30  22568042.971 9 118595834.139 9      2307.330 9        55.134 9                                                                  22568042.971 8 118595834.139 8      2307.330 8        52.134 8
G05  21255161.879 9 111696604.860 9       645.171 9        55.655 9                                                                  21255161.879 8 111696604.860 8       645.171 8        52.655 8
G04  21971068.484 9 115458713.487 9     -2484.383 9        55.367 9                                                                  21971068.484 8 115458713.487 8     -2484.383 8        52.367 8
E04                                                                  23385077.392 9 122889377.955 9      -162.017 9        57.938 9  23385077.392 9 122889377.955 9      -162.017 9        57.938 9
E05                                                                  26152533.933 9 137432429.477 9     -2065.160 9        56.966 9  26152533.933 9 137432429.477 9     -2065.160 9        56.966 9
E11                                                                  26683746.633 9 140223970.819 9     -2419.104 9        56.792 9  26683746.633 9 140223970.819 9     -2419.104 9        56.792 9
E20                                                                  27880560.428 9 146513255.144 9     -1690.003 9        56.410 9  27880560.428 9 146513255.144 9     -1690.003 9        56.410 9
E09                                                                  24980877.459 9 131275347.785 9      2559.999 9        57.364 9  24980877.459 9 131275347.785 9      2559.999 9        57.364 9
E10                                                                  23770100.728 9 124912686.393 9       -17.845 9        57.796 9  23770100.728 9 124912686.393 9       -17.845 9        57.796 9
E03                                                                  25028689.658 9 131526609.880 9      1943.814 9        57.348 9  25028689.658 9 131526609.880 9      1943.814 9        57.348 9
> 2026 02 03 10 01 51.0000000  0 18       0.000000000000
G02  20307090.297 9 106714458.704 9      -401.723 9        56.051 9                                                                  20307090.297 8 106714458.704 8      -401.723 8        53.051 8
G09  25294583.577 9 132923873.819 9     -2812.523 9        54.144 9                                                                  25294583.577 8 132923873.819 8     -2812.523 8        51.144 8
G13  25219432.657 9 132528943.756 9      1206.681 9        54.169 9                                                                  25219432.657 8 132528943.756 8      1206.681 8        51.169 8
G29  24859813.660 9 130639155.080 9      3071.784 9        54.294 9                                                                  24859813.660 8 130639155.080 8      3071.784 8        51.294 8
G10  22341808.163 9 117406959.504 9      3232.648 9        55.222 9                                                                  22341808.163 8 117406959.504 8      3232.648 8        52.222 8
G12  20801396.429 9 109312053.296 9       145.238 9        55.842 9                                                                  20801396.429 8 109312053.296 8       145.238 8        52.842 8
G17  24719606.915 9 129902343.743 9     -2956.916 9        54.343 9                                                                  24719606.915 8 129902343.743 8     -2956.916 8        51.343 8
G24  24322016.206 9 127813009.548 9      3050.198 9        54.484 9                                                                  24322016.206 8 127813009.548 8      3050.198 8        51.484 8
G30  22567603.947 9 118593527.053 9      2306.842 9        55.134 9                                                                  22567603.947 8 118593527.053 8      2306.842 8        52.134 8
G05  21255039.170 9 111695960.016 9       644.514 9        55.655 9                                                                  21255039.170 8 111695960.016 8       644.514 8        52.655 8
G04  21971541.263 9 115461197.956 9     -2484.568 9        55.367 9                                                                  21971541.263 8 115461197.956 8     -2484.568 8        52.367 8
E04                                                                  23385108.247 9 122889540.096 9      -162.266 9        57.938 9  23385108.247 9 122889540.096 9      -162.266 9        57.938 9
E05                                                                  26152926.936 9 137434494.712 9     -2065.330 9        56.966 9  26152926.936 9 137434494.712 9     -2065.330 9        56.966 9
E11                                                                  26684206.996 9 140226390.036 9     -2419.348 9        56.791 9  26684206.996 9 140226390.036 9     -2419.348 9        56.791 9
E20                                                                  27880882.054 9 146514945.294 9     -1690.309 9        56.410 9  27880882.054 9 146514945.294 9     -1690.309 9        56.410 9
E09                                                                  24980390.334 9 131272787.930 9      2559.721 9        57.364 9  24980390.334 9 131272787.930 9      2559.721 9        57.364 9
E10                                                                  23770104.169 9 124912704.474 9       -18.315 9        57.796 9  23770104.169 9 124912704.474 9       -18.315 9        57.796 9
E03                                                                  25028319.771 9 131524666.112 9      1943.724 9        57.348 9  25028319.771 9 131524666.112 9      1943.724 9        57.348 9
> 2026 02 03 10 01 52.0000000  0 18       0.000000000000
G02  20307166.780 9 106714860.622 9      -402.116 9        56.051 9                                                                  20307166.780 8 106714860.622 8      -402.116 8        53.051 8
G09  25295118.778 9 132926686.308 9     -2812.467 9        54.143 9                                                                  25295118.778 8 132926686.308 8     -2812.467 8        51.143 8
G13  25219203.076 9 132527737.308 9      1206.226 9        54.169 9                                                                  25219203.076 8 132527737.308 8      1206.226 8        51.169 8
G29  24859229.116 9 130636083.282 9      3071.809 9        54.294 9                                                                  24859229.116 8 130636083.282 8      3071.809 8        51.294 8
G10  22341193.041 9 117403727.019 9      3232.329 9        55.222 9                                                                  22341193.041 8 117403727.019 8      3232.329 8        52.222 8
G12  20801368.854 9 109311908.388 9       144.574 9        55.842 9                                                                  20801368.854 8 109311908.388 8       144.574 8        52.842 8
G17  24720169.609 9 129905300.705 9     -2957.041 9        54.343 9                                                                  24720169.609 8 129905300.705 8     -2957.041 8        51.343 8
G24  24321435.788 9 127809959.432 9      3050.033 9        54.484 9                                                                  24321435.788 8 127809959.432 8      3050.033 8        51.484 8
G30  22567165.016 9 118591220.456 9      2306.353 9        55.135 9                                                                  22567165.016 8 118591220.456 8      2306.353 8        52.135 8
G05  21254916.585 9 111695315.829 9       643.857 9        55.655 9                                                                  21254916.585 8 111695315.829 8       643.857 8        52.655 8
G04  21972014.078 9 115463682.610 9     -2484.753 9        55.367 9                                                                  21972014.078 8 115463682.610 8     -2484.753 8        52.367 8
E04                                                                  23385139.149 9 122889702.486 9      -162.515 9        57.938 9  23385139.149 9 122889702.486 9      -162.515 9        57.938 9
E05                                                                  26153319.971 9 137436560.119 9     -2065.501 9        56.966 9  26153319.971 9 137436560.119 9     -2065.501 9        56.966 9
E11                                                                  26684667.406 9 140228809.497 9     -2419.592 9        56.791 9  26684667.406 9 140228809.497 9     -2419.592 9        56.791 9
E20                                                                  27881203.739 9 146516635.749 9     -1690.615 9        56.410 9  27881203.739 9 146516635.749 9     -1690.615 9        56.410 9
E09                                                                  24979903.262 9 131270228.353 9      2559.443 9        57.365 9  24979903.262 9 131270228.353 9      2559.443 9        57.365 9
E10                                                                  23770107.699 9 124912723.025 9       -18.786 9        57.796 9  23770107.699 9 124912723.025 9       -18.786 9        57.796 9
E03                                                                  25027949.901 9 131522722.433 9      1943.634 9        57.348 9  25027949.901 9 131522722.433 9      1943.634 9        57.348 9
> 2026 02 03 10 01 53.0000000  0 18       0.000000000000
G02  20307243.337 9 106715262.933 9      -402.508 9        56.051 9                                                                  20307243.337 8 106715262.933 8      -402.508 8        53.051 8
G09  25295653.967 9 132929498.740 9     -2812.412 9        54.143 9                                                                  25295653.967 8 132929498.740 8     -2812.412 8        51.143 8
G13  25218973.583 9 132526531.314 9      1205.772 9        54.170 9                                                                  25218973.583 8 132526531.314 8      1205.772 8        51.170 8
G29  24858644.567 9 130633011.460 9      3071.834 9        54.295 9                                                                  24858644.567 8 130633011.460 8      3071.834 8        51.295 8
G10  22340577.979 9 117400494.854 9      3232.011 9        55.222 9                                                                  22340577.979 8 117400494.854 8      3232.011 8        52.222 8
G12  20801341.406 9 109311764.146 9       143.910 9        55.842 9                                                                  20801341.406 8 109311764.146 8       143.910 8        52.842 8
G17  24720732.326 9 129908257.792 9     -2957.165 9        54.343 9                                                                  24720732.326 8 129908257.792 8     -2957.165 8        51.343 8
G24  24320855.401 9 127806909.482 9      3049.868 9        54.484 9                                                                  24320855.401 8 127806909.482 8      3049.868 8        51.484 8
G30  22566726.177 9 118588914.347 9      2305.864 9        55.135 9                                                                  22566726.177 8 118588914.347 8      2305.864 8        52.135 8
G05  21254794.126 9 111694672.300 9       643.200 9        55.655 9                                                                  21254794.126 8 111694672.300 8       643.200 8        52.655 8
G04  21972486.928 9 115466167.449 9     -2484.938 9        55.366 9                                                                  21972486.928 8 115466167.449 8     -2484.938 8        52.366 8
E04                                                                  23385170.098 9 122889865.124 9      -162.764 9        57.938 9  23385170.098 9 122889865.124 9      -162.764 9        57.938 9
E05                                                                  26153713.038 9 137438625.695 9     -2065.671 9        56.966 9  26153713.038 9 137438625.695 9     -2065.671 9        56.966 9
E11                                                                  26685127.861 9 140231229.201 9     -2419.835 9        56.791 9  26685127.861 9 140231229.201 9     -2419.835 9        56.791 9
E20                                                                  27881525.482 9 146518326.511 9     -1690.921 9        56.410 9  27881525.482 9 146518326.511 9     -1690.921 9        56.410 9
E09                                                                  24979416.242 9 131267669.054 9      2559.165 9        57.365 9  24979416.242 9 131267669.054 9      2559.165 9        57.365 9
E10                                                                  23770111.319 9 124912742.046 9       -19.256 9        57.796 9  23770111.319 9 124912742.046 9       -19.256 9        57.796 9
E03                                                                  25027580.048 9 131520778.845 9      1943.544 9        57.348 9  25027580.048 9 131520778.845 9      1943.544 9        57.348 9
> 2026 02 03 10 01 54.0000000  0 18       0.000000000000
G02  20307319.970 9 106715665.636 9      -402.901 9        56.051 9                                                                  20307319.970 8 106715665.636 8      -402.901 8        53.051 8
G09  25296189.147 9 132932311.117 9     -2812.356 9        54.143 9                                                                  25296189.147 8 132932311.117 8     -2812.356 8        51.143 8
G13  25218744.175 9 132525325.775 9      1205.318 9        54.170 9                                                                  25218744.175 8 132525325.775 8      1205.318 8        51.170 8
G29  24858060.014 9 130629939.612 9      3071.859 9        54.295 9                                                                  24858060.014 8 130629939.612 8      3071.859 8        51.295 8
G10  22339962.979 9 117397263.007 9      3231.692 9        55.222 9                                                                  22339962.979 8 117397263.007 8      3231.692 8        52.222 8
G12  20801314.084 9 109311620.567 9       143.245 9        55.842 9                                                                  20801314.084 8 109311620.567 8       143.245 8        52.842 8
G17  24721295.067 9 129911215.004 9     -2957.290 9        54.343 9                                                                  24721295.067 8 129911215.004 8     -2957.290 8        51.343 8
G24  24320275.045 9 127803859.696 9      3049.704 9        54.485 9                                                                  24320275.045 8 127803859.696 8      3049.704 8        51.485 8
G30  22566287.432 9 118586608.727 9      2305.376 9        55.135 9                                                                  22566287.432 8 118586608.727 8      2305.376 8        52.135 8
G05  21254671.791 9 111694029.428 9       642.543 9        55.655 9                                                                  21254671.791 8 111694029.428 8       642.543 8        52.655 8
G04  21972959.814 9 115468652.474 9     -2485.123 9        55.366 9                                                                  21972959.814 8 115468652.474 8     -2485.123 8        52.366 8
E04                                                                  23385201.095 9 122890028.012 9      -163.012 9        57.938 9  23385201.095 9 122890028.012 9      -163.012 9        57.938 9
E05                                                                  26154106.138 9 137440691.441 9     -2065.841 9        56.966 9  26154106.138 9 137440691.441 9     -2065.841 9        56.966 9
E11                                                                  26685588.364 9 140233649.148 9     -2420.079 9        56.791 9  26685588.364 9 140233649.148 9     -2420.079 9        56.791 9
E20                                                                  27881847.283 9 146520017.579 9     -1691.227 9        56.410 9  27881847.283 9 146520017.579 9     -1691.227 9        56.410 9
E09                                                                  24978929.276 9 131265110.033 9      2558.887 9        57.365 9  24978929.276 9 131265110.033 9      2558.887 9        57.365 9
E10                                                                  23770115.028 9 124912761.537 9       -19.726 9        57.796 9  23770115.028 9 124912761.537 9       -19.726 9        57.796 9
E03                                                                  25027210.212 9 131518835.347 9      1943.454 9        57.348 9  25027210.212 9 131518835.347 9      1943.454 9        57.348 9
> 2026 02 03 10 01 55.0000000  0 18       0.000000000000
G02  20307396.676 9 106716068.733 9      -403.294 9        56.051 9                                                                  20307396.676 8 106716068.733 8      -403.294 8        53.051 8
G09  25296724.315 9 132935123.438 9     -2812.300 9        54.143 9                                                                  25296724.315 8 132935123.438 8     -2812.300 8        51.143 8
G13  25218514.854 9 132524120.689 9      1204.863 9        54.170 9                                                                  25218514.854 8 132524120.689 8      1204.863 8        51.170 8
G29  24857475.455 9 130626867.739 9      3071.885 9        54.295 9                                                                  24857475.455 8 130626867.739 8      3071.885 8        51.295 8
G10  22339348.039 9 117394031.479 9      3231.373 9        55.223 9                                                                  22339348.039 8 117394031.479 8      3231.373 8        52.223 8
G12  20801286.889 9 109311477.653 9       142.581 9        55.842 9                                                                  20801286.889 8 109311477.653 8       142.581 8        52.842 8
G17  24721857.832 9 129914172.339 9     -2957.414 9        54.342 9                                                                  24721857.832 8 129914172.339 8     -2957.414 8        51.342 8
G24  24319694.721 9 127800810.075 9      3049.539 9        54.485 9                                                                  24319694.721 8 127800810.075 8      3049.539 8        51.485 8
G30  22565848.780 9 118584303.596 9      2304.887 9        55.135 9                                                                  22565848.780 8 118584303.596 8      2304.887 8        52.135 8
G05  21254549.582 9 111693387.213 9       641.886 9        55.655 9                                                                  21254549.582 8 111693387.213 8       641.886 8        52.655 8
G04  21973432.734 9 115471137.683 9     -2485.308 9        55.366 9                                                                  21973432.734 8 115471137.683 8     -2485.308 8        52.366 8
E04                                                                  23385232.139 9 122890191.148 9      -163.261 9        57.938 9  23385232.139 9 122890191.148 9      -163.261 9        57.938 9
E05                                                                  26154499.270 9 137442757.357 9     -2066.011 9        56.966 9  26154499.270 9 137442757.357 9     -2066.011 9        56.966 9
E11                                                                  26686048.912 9 140236069.340 9     -2420.322 9        56.791 9  26686048.912 9 140236069.340 9     -2420.322 9        56.791 9
E20                                                                  27882169.142 9 146521708.952 9     -1691.532 9        56.410 9  27882169.142 9 146521708.952 9     -1691.532 9        56.410 9
E09                                                                  24978442.362 9 131262551.290 9      2558.609 9        57.365 9  24978442.362 9 131262551.290 9      2558.609 9        57.365 9
E10                                                                  23770118.826 9 124912781.499 9       -20.197 9        57.796 9  23770118.826 9 124912781.499 9       -20.197 9        57.796 9
E03                                                                  25026840.394 9 131516891.939 9      1943.364 9        57.348 9  25026840.394 9 131516891.939 9      1943.364 9        57.348 9
> 2026 02 03 10 01 56.0000000  0 18       0.000000000000
G02  20307473.458 9 106716472.222 9      -403.686 9        56.051 9                                                                  20307473.458 8 106716472.222 8      -403.686 8        53.051 8
G09  25297259.473 9 132937935.704 9     -2812.244 9        54.143 9                                                                  25297259.473 8 132937935.704 8     -2812.244 8        51.143 8
G13  25218285.620 9 132522916.059 9      1204.409 9        54.170 9                                                                  25218285.620 8 132522916.059 8      1204.409 8        51.170 8
G29  24856890.892 9 130623795.840 9      3071.910 9        54.295 9                                                                  24856890.892 8 130623795.840 8      3071.910 8        51.295 8
G10  22338733.159 9 117390800.270 9      3231.054 9        55.223 9                                                                  22338733.159 8 117390800.270 8      3231.054 8        52.223 8
G12  20801259.820 9 109311335.404 9       141.916 9        55.842 9                                                                  20801259.820 8 109311335.404 8       141.916 8        52.842 8
G17  24722420.620 9 129917129.800 9     -2957.538 9        54.342 9                                                                  24722420.620 8 129917129.800 8     -2957.538 8        51.342 8
G24  24319114.428 9 127797760.619 9      3049.374 9        54.485 9                                                                  24319114.428 8 127797760.619 8      3049.374 8        51.485 8
G30  22565410.221 9 118581998.954 9      2304.398 9        55.135 9                                                                  22565410.221 8 118581998.954 8      2304.398 8        52.135 8
G05  21254427.497 9 111692745.655 9       641.228 9        55.655 9                                                                  21254427.497 8 111692745.655 8       641.228 8        52.655 8
G04  21973905.690 9 115473623.078 9     -2485.493 9        55.366 9                                                                  21973905.690 8 115473623.078 8     -2485.493 8        52.366 8
E04                                                                  23385263.230 9 122890354.533 9      -163.510 9        57.938 9  23385263.230 9 122890354.533 9      -163.510 9        57.938 9
E05                                                                  26154892.435 9 137444823.444 9     -2066.182 9        56.965 9  26154892.435 9 137444823.444 9     -2066.182 9        56.965 9
E11                                                                  26686509.507 9 140238489.775 9     -2420.566 9        56.791 9  26686509.507 9 140238489.775 9     -2420.566 9        56.791 9
E20                                                                  27882491.059 9 146523400.630 9     -1691.838 9        56.410 9  27882491.059 9 146523400.630 9     -1691.838 9        56.410 9
E09                                                                  24977955.502 9 131259992.825 9      2558.331 9        57.365 9  24977955.502 9 131259992.825 9      2558.331 9        57.365 9
E10                                                                  23770122.714 9 124912801.930 9       -20.667 9        57.796 9  23770122.714 9 124912801.930 9       -20.667 9        57.796 9
E03                                                                  25026470.592 9 131514948.621 9      1943.274 9        57.348 9  25026470.592 9 131514948.621 9      1943.274 9        57.348 9
> 2026 02 03 10 01 57.0000000  0 18       0.000000000000
G02  20307550.314 9 106716876.103 9      -404.079 9        56.051 9                                                                  20307550.314 8 106716876.103 8      -404.079 8        53.051 8
G09  25297794.621 9 132940747.913 9     -2812.188 9        54.142 9                                                                  25297794.621 8 132940747.913 8     -2812.188 8        51.142 8
G13  25218056.472 9 132521711.883 9      1203.954 9        54.170 9                                                                  25218056.472 8 132521711.883 8      1203.954 8        51.170 8
G29  24856306.324 9 130620723.917 9      3071.935 9        54.295 9                                                                  24856306.324 8 130620723.917 8      3071.935 8        51.295 8
G10  22338118.341 9 117387569.380 9      3230.734 9        55.223 9                                                                  22338118.341 8 117387569.380 8      3230.734 8        52.223 8
G12  20801232.877 9 109311193.819 9       141.252 9        55.842 9                                                                  20801232.877 8 109311193.819 8       141.252 8        52.842 8
G17  24722983.432 9 129920087.384 9     -2957.663 9        54.342 9                                                                  24722983.432 8 129920087.384 8     -2957.663 8        51.342 8
G24  24318534.167 9 127794711.328 9      3049.209 9        54.485 9                                                                  24318534.167 8 127794711.328 8      3049.209 8        51.485 8
G30  22564971.755 9 118579694.800 9      2303.909 9        55.135 9                                                                  22564971.755 8 118579694.800 8      2303.909 8        52.135 8
G05  21254305.538 9 111692104.754 9       640.571 9        55.655 9                                                                  21254305.538 8 111692104.754 8       640.571 8        52.655 8
G04  21974378.681 9 115476108.657 9     -2485.678 9        55.366 9                                                                  21974378.681 8 115476108.657 8     -2485.678 8        52.366 8
E04                                                                  23385294.368 9 122890518.167 9      -163.759 9        57.938 9  23385294.368 9 122890518.167 9      -163.759 9        57.938 9
E05                                                                  26155285.632 9 137446889.701 9     -2066.352 9        56.965 9  26155285.632 9 137446889.701 9     -2066.352 9        56.965 9
E11                                                                  26686970.148 9 140240910.453 9     -2420.809 9        56.790 9  26686970.148 9 140240910.453 9     -2420.809 9        56.790 9
E20                                                                  27882813.035 9 146525092.615 9     -1692.144 9        56.410 9  27882813.035 9 146525092.615 9     -1692.144 9        56.410 9
E09                                                                  24977468.694 9 131257434.639 9      2558.052 9        57.366 9  24977468.694 9 131257434.639 9      2558.052 9        57.366 9
E10                                                                  23770126.692 9 124912822.833 9       -21.137 9        57.796 9  23770126.692 9 124912822.833 9       -21.137 9        57.796 9
E03                                                                  25026100.808 9 131513005.393 9      1943.184 9        57.349 9  25026100.808 9 131513005.393 9      1943.184 9        57.349 9
> 2026 02 03 10 01 58.0000000  0 18       0.000000000000
G02  20307627.245 9 106717280.377 9      -404.471 9        56.051 9                                                                  20307627.245 8 106717280.377 8      -404.471 8        53.051 8
G09  25298329.758 9 132943560.066 9     -2812.132 9        54.142 9                                                                  25298329.758 8 132943560.066 8     -2812.132 8        51.142 8
G13  25217827.411 9 132520508.161 9      1203.500 9        54.170 9                                                                  25217827.411 8 132520508.161 8      1203.500 8        51.170 8
G29  24855721.751 9 130617651.969 9      3071.960 9        54.296 9                                                                  24855721.751 8 130617651.969 8      3071.960 8        51.296 8
G10  22337503.583 9 117384338.810 9      3230.415 9        55.223 9                                                                  22337503.583 8 117384338.810 8      3230.415 8        52.223 8
G12  20801206.061 9 109311052.898 9       140.587 9        55.842 9                                                                  20801206.061 8 109311052.898 8       140.587 8        52.842 8
G17  24723546.268 9 129923045.093 9     -2957.787 9        54.342 9                                                                  24723546.268 8 129923045.093 8     -2957.787 8        51.342 8
G24  24317953.937 9 127791662.202 9      3049.044 9        54.486 9                                                                  24317953.937 8 127791662.202 8      3049.044 8        51.486 8
G30  22564533.381 9 118577391.136 9      2303.420 9        55.136 9                                                                  22564533.381 8 118577391.136 8      2303.420 8        52.136 8
G05  21254183.704 9 111691464.511 9       639.914 9        55.655 9                                                                  21254183.704 8 111691464.511 8       639.914 8        52.655 8
G04  21974851.707 9 115478594.421 9     -2485.863 9        55.366 9                                                                  21974851.707 8 115478594.421 8     -2485.863 8        52.366 8
E04                                                                  23385325.554 9 122890682.049 9      -164.008 9        57.938 9  23385325.554 9 122890682.049 9      -164.008 9        57.938 9
E05                                                                  26155678.862 9 137448956.128 9     -2066.522 9        56.965 9  26155678.862 9 137448956.128 9     -2066.522 9        56.965 9
E11                                                                  26687430.836 9 140243331.374 9     -2421.053 9        56.790 9  26687430.836 9 140243331.374 9     -2421.053 9        56.790 9
E20                                                                  27883135.069 9 146526784.904 9     -1692.449 9        56.410 9  27883135.069 9 146526784.904 9     -1692.449 9        56.410 9
E09                                                                  24976981.939 9 131254876.732 9      2557.774 9        57.366 9  24976981.939 9 131254876.732 9      2557.774 9        57.366 9
E10                                                                  23770130.759 9 124912844.205 9       -21.607 9        57.796 9  23770130.759 9 124912844.205 9       -21.607 9        57.796 9
E03                                                                  25025731.040 9 131511062.255 9      1943.094 9        57.349 9  25025731.040 9 131511062.255 9      1943.094 9        57.349 9
> 2026 02 03 10 01 59.0000000  0 18       0.000000000000
G02  20307704.251 9 106717685.043 9      -404.864 9        56.051 9                                                                  20307704.251 8 106717685.043 8      -404.864 8        53.051 8
G09  25298864.884 9 132946372.163 9     -2812.075 9        54.142 9                                                                  25298864.884 8 132946372.163 8     -2812.075 8        51.142 8
G13  25217598.436 9 132519304.894 9      1203.045 9        54.170 9                                                                  25217598.436 8 132519304.894 8      1203.045 8        51.170 8
G29  24855137.174 9 130614579.995 9      3071.985 9        54.296 9                                                                  24855137.174 8 130614579.995 8      3071.985 8        51.296 8
G10  22336888.885 9 117381108.559 9      3230.096 9        55.224 9                                                                  22336888.885 8 117381108.559 8      3230.096 8        52.224 8
G12  20801179.371 9 109310912.642 9       139.923 9        55.842 9                                                                  20801179.371 8 109310912.642 8       139.923 8        52.842 8
G17  24724109.127 9 129926002.926 9     -2957.911 9        54.342 9                                                                  24724109.127 8 129926002.926 8     -2957.911 8        51.342 8
G24  24317373.738 9 127788613.241 9      3048.879 9        54.486 9                                                                  24317373.738 8 127788613.241 8      3048.879 8        51.486 8
G30  22564095.101 9 118575087.961 9      2302.930 9        55.136 9                                                                  22564095.101 8 118575087.961 8      2302.930 8        52.136 8
G05  21254061.995 9 111690824.925 9       639.257 9        55.655 9                                                                  21254061.995 8 111690824.925 8       639.257 8        52.655 8
G04  21975324.768 9 115481080.371 9     -2486.048 9        55.365 9                                                                  21975324.768 8 115481080.371 8     -2486.048 8        52.365 8
E04                                                                  23385356.788 9 122890846.181 9      -164.257 9        57.938 9  23385356.788 9 122890846.181 9      -164.257 9        57.938 9
E05                                                                  26156072.124 9 137451022.725 9     -2066.692 9        56.965 9  26156072.124 9 137451022.725 9     -2066.692 9        56.965 9
E11                                                                  26687891.570 9 140245752.540 9     -2421.296 9        56.790 9  26687891.570 9 140245752.540 9     -2421.296 9        56.790 9
E20                                                                  27883457.160 9 146528477.500 9     -1692.754 9        56.410 9  27883457.160 9 146528477.500 9     -1692.754 9        56.410 9
E09                                                                  24976495.237 9 131252319.102 9      2557.495 9        57.366 9  24976495.237 9 131252319.102 9      2557.495 9        57.366 9
E10                                                                  23770134.915 9 124912866.047 9       -22.078 9        57.796 9  23770134.915 9 124912866.047 9       -22.078 9        57.796 9
E03                                                                  25025361.290 9 131509119.207 9      1943.004 9        57.349 9  25025361.290 9 131509119.207 9      1943.004 9        57.349 9
> 2026 02 03 10 02  0.0000000  0 18       0.000000000000
G02  20307781.331 9 106718090.102 9      -405.256 9        56.051 9                                                                  20307781.331 8 106718090.102 8      -405.256 8        53.051 8
G09  25299399.999 9 132949184.203 9     -2812.019 9        54.142 9                                                                  25299399.999 8 132949184.203 8     -2812.019 8        51.142 8
G13  25217369.547 9 132518102.082 9      1202.590 9        54.170 9                                                                  25217369.547 8 132518102.082 8      1202.590 8        51.170 8
G29  24854552.591 9 130611507.997 9      3072.010 9        54.296 9                                                                  24854552.591 8 130611507.997 8      3072.010 8        51.296 8
G10  22336274.249 9 117377878.627 9      3229.776 9        55.224 9                                                                  22336274.249 8 117377878.627 8      3229.776 8        52.224 8
G12  20801152.808 9 109310773.050 9       139.258 9        55.842 9                                                                  20801152.808 8 109310773.050 8       139.258 8        52.842 8
G17  24724672.010 9 129928960.883 9     -2958.036 9        54.341 9                                                                  24724672.010 8 129928960.883 8     -2958.036 8        51.341 8
G24  24316793.571 9 127785564.445 9      3048.714 9        54.486 9                                                                  24316793.571 8 127785564.445 8      3048.714 8        51.486 8
G30  22563656.915 9 118572785.275 9      2302.441 9        55.136 9                                                                  22563656.915 8 118572785.275 8      2302.441 8        52.136 8
G05  21253940.411 9 111690185.996 9       638.599 9        55.655 9                                                                  21253940.411 8 111690185.996 8       638.599 8        52.655 8
G04  21975797.865 9 115483566.504 9     -2486.232 9        55.365 9                                                                  21975797.865 8 115483566.504 8     -2486.232 8        52.365 8
E04                                                                  23385388.068 9 122891010.561 9      -164.506 9        57.938 9  23385388.068 9 122891010.561 9      -164.506 9        57.938 9
E05                                                                  26156465.418 9 137453089.493 9     -2066.862 9        56.965 9  26156465.418 9 137453089.493 9     -2066.862 9        56.965 9
E11                                                                  26688352.350 9 140248173.948 9     -2421.539 9        56.790 9  26688352.350 9 140248173.948 9     -2421.539 9        56.790 9
E20                                                                  27883779.310 9 146530170.400 9     -1693.060 9        56.409 9  27883779.310 9 146530170.400 9     -1693.060 9        56.409 9
E09                                                                  24976008.589 9 131249761.751 9      2557.217 9        57.366 9  24976008.589 9 131249761.751 9      2557.217 9        57.366 9
E10                                                                  23770139.161 9 124912888.360 9       -22.548 9        57.796 9  23770139.161 9 124912888.360 9       -22.548 9        57.796 9
E03                                                                  25024991.557 9 131507176.249 9      1942.913 9        57.349 9  25024991.557 9 131507176.249 9      1942.913 9        57.349 9
> 2026 02 03 10 02  1.0000000  0 18       0.000000000000
G02  20307858.486 9 106718495.554 9      -405.649 9        56.051 9                                                                  20307858.486 8 106718495.554 8      -405.649 8        53.051 8
G09  25299935.103 9 132951996.187 9     -2811.962 9        54.142 9                                                                  25299935.103 8 132951996.187 8     -2811.962 8        51.142 8
G13  25217140.746 9 132516899.724 9      1202.135 9        54.170 9                                                                  25217140.746 8 132516899.724 8      1202.135 8        51.170 8
G29  24853968.004 9 130608435.973 9      3072.035 9        54.296 9                                                                  24853968.004 8 130608435.973 8      3072.035 8        51.296 8
G10  22335659.674 9 117374649.015 9      3229.457 9        55.224 9                                                                  22335659.674 8 117374649.015 8      3229.457 8        52.224 8
G12  20801126.371 9 109310634.123 9       138.594 9        55.842 9                                                                  20801126.371 8 109310634.123 8       138.594 8        52.842 8
G17  24725234.917 9 129931918.964 9     -2958.160 9        54.341 9                                                                  24725234.917 8 129931918.964 8     -2958.160 8        51.341 8
G24  24316213.435 9 127782515.814 9      3048.549 9        54.486 9                                                                  24316213.435 8 127782515.814 8      3048.549 8        51.486 8
G30  22563218.821 9 118570483.078 9      2301.952 9        55.136 9                                                                  22563218.821 8 118570483.078 8      2301.952 8        52.136 8
G05  21253818.952 9 111689547.724 9       637.942 9        55.655 9                                                                  21253818.952 8 111689547.724 8       637.942 8        52.655 8
G04  21976270.996 9 115486052.823 9     -2486.417 9        55.365 9                                                                  21976270.996 8 115486052.823 8     -2486.417 8        52.365 8
E04                                                                  23385419.397 9 122891175.191 9      -164.755 9        57.938 9  23385419.397 9 122891175.191 9      -164.755 9        57.938 9
E05                                                                  26156858.744 9 137455156.430 9     -2067.032 9        56.965 9  26156858.744 9 137455156.430 9     -2067.032 9        56.965 9
E11                                                                  26688813.176 9 140250595.599 9     -2421.782 9        56.790 9  26688813.176 9 140250595.599 9     -2421.782 9        56.790 9
E20                                                                  27884101.518 9 146531863.606 9     -1693.365 9        56.409 9  27884101.518 9 146531863.606 9     -1693.365 9        56.409 9
E09                                                                  24975521.993 9 131247204.678 9      2556.938 9        57.366 9  24975521.993 9 131247204.678 9      2556.938 9        57.366 9
E10                                                                  23770143.497 9 124912911.143 9       -23.018 9        57.796 9  23770143.497 9 124912911.143 9       -23.018 9        57.796 9
E03                                                                  25024621.841 9 131505233.382 9      1942.823 9        57.349 9  25024621.841 9 131505233.382 9      1942.823 9        57.349 9
> 2026 02 03 10 02  2.0000000  0 18       0.000000000000
G02  20307935.716 9 106718901.397 9      -406.041 9        56.051 9                                                                  20307935.716 8 106718901.397 8      -406.041 8        53.051 8
G09  25300470.197 9 132954808.114 9     -2811.906 9        54.141 9                                                                  25300470.197 8 132954808.114 8     -2811.906 8        51.141 8
G13  25216912.030 9 132515697.822 9      1201.680 9        54.170 9                                                                  25216912.030 8 132515697.822 8      1201.680 8        51.170 8
G29  24853383.412 9 130605363.924 9      3072.060 9        54.296 9                                                                  24853383.412 8 130605363.924 8      3072.060 8        51.296 8
G10  22335045.159 9 117371419.723 9      3229.137 9        55.224 9                                                                  22335045.159 8 117371419.723 8      3229.137 8        52.224 8
G12  20801100.061 9 109310495.861 9       137.929 9        55.842 9                                                                  20801100.061 8 109310495.861 8       137.929 8        52.842 8
G17  24725797.847 9 129934877.170 9     -2958.284 9        54.341 9                                                                  24725797.847 8 129934877.170 8     -2958.284 8        51.341 8
G24  24315633.331 9 127779467.348 9      3048.384 9        54.486 9                                                                  24315633.331 8 127779467.348 8      3048.384 8        51.486 8
G30  22562780.820 9 118568181.371 9      2301.462 9        55.136 9                                                                  22562780.820 8 118568181.371 8      2301.462 8        52.136 8
G05  21253697.618 9 111688910.111 9       637.284 9        55.655 9                                                                  21253697.618 8 111688910.111 8       637.284 8        52.655 8
G04  21976744.163 9 115488539.326 9     -2486.602 9        55.365 9                                                                  21976744.163 8 115488539.326 8     -2486.602 8        52.365 8
E04                                                                  23385450.772 9 122891340.069 9      -165.004 9        57.938 9  23385450.772 9 122891340.069 9      -165.004 9        57.938 9
E05                                                                  26157252.103 9 137457223.538 9     -2067.203 9        56.965 9  26157252.103 9 137457223.538 9     -2067.203 9        56.965 9
E11                                                                  26689274.049 9 140253017.493 9     -2422.025 9        56.790 9  26689274.049 9 140253017.493 9     -2422.025 9        56.790 9
E20                                                                  27884423.784 9 146533557.117 9     -1693.670 9        56.409 9  27884423.784 9 146533557.117 9     -1693.670 9        56.409 9
E09                                                                  24975035.450 9 131244647.884 9      2556.660 9        57.366 9  24975035.450 9 131244647.884 9      2556.660 9        57.366 9
E10                                                                  23770147.922 9 124912934.396 9       -23.488 9        57.796 9  23770147.922 9 124912934.396 9       -23.488 9        57.796 9
E03                                                                  25024252.143 9 131503290.605 9      1942.733 9        57.349 9  25024252.143 9 131503290.605 9      1942.733 9        57.349 9
> 2026 02 03 10 02  3.0000000  0 18       0.000000000000
G02  20308013.020 9 106719307.634 9      -406.433 9        56.051 9                                                                  20308013.020 8 106719307.634 8      -406.433 8        53.051 8
G09  25301005.280 9 132957619.985 9     -2811.849 9        54.141 9                                                                  25301005.280 8 132957619.985 8     -2811.849 8        51.141 8
G13  25216683.402 9 132514496.375 9      1201.225 9        54.170 9                                                                  25216683.402 8 132514496.375 8      1201.225 8        51.170 8
G29  24852798.816 9 130602291.851 9      3072.085 9        54.297 9                                                                  24852798.816 8 130602291.851 8      3072.085 8        51.297 8
G10  22334430.705 9 117368190.750 9      3228.817 9        55.225 9                                                                  22334430.705 8 117368190.750 8      3228.817 8        52.225 8
G12  20801073.877 9 109310358.263 9       137.265 9        55.842 9                                                                  20801073.877 8 109310358.263 8       137.265 8        52.842 8
G17  24726360.801 9 129937835.500 9     -2958.408 9        54.341 9                                                                  24726360.801 8 129937835.500 8     -2958.408 8        51.341 8
G24  24315053.257 9 127776419.047 9      3048.219 9        54.487 9                                                                  24315053.257 8 127776419.047 8      3048.219 8        51.487 8
G30  22562342.913 9 118565880.153 9      2300.973 9        55.136 9                                                                  22562342.913 8 118565880.153 8      2300.973 8        52.136 8
G05  21253576.409 9 111688273.154 9       636.627 9        55.655 9                                                                  21253576.409 8 111688273.154 8       636.627 8        52.655 8
G04  21977217.365 9 115491026.013 9     -2486.786 9        55.365 9                                                                  21977217.365 8 115491026.013 8     -2486.786 8        52.365 8
E04                                                                  23385482.195 9 122891505.197 9      -165.253 9        57.938 9  23385482.195 9 122891505.197 9      -165.253 9        57.938 9
E05                                                                  26157645.495 9 137459290.816 9     -2067.373 9        56.964 9  26157645.495 9 137459290.816 9     -2067.373 9        56.964 9
E11                                                                  26689734.968 9 140255439.631 9     -2422.269 9        56.790 9  26689734.968 9 140255439.631 9     -2422.269 9        56.790 9
E20                                                                  27884746.108 9 146535250.933 9     -1693.975 9        56.409 9  27884746.108 9 146535250.933 9     -1693.975 9        56.409 9
E09                                                                  24974548.961 9 131242091.369 9      2556.381 9        57.367 9  24974548.961 9 131242091.369 9      2556.381 9        57.367 9
E10                                                                  23770152.436 9 124912958.119 9       -23.958 9        57.796 9  23770152.436 9 124912958.119 9       -23.958 9        57.796 9
E03                                                                  25023882.461 9 131501347.918 9      1942.643 9        57.349 9  25023882.461 9 131501347.918 9      1942.643 9        57.349 9
> 2026 02 03 10 02  4.0000000  0 18       0.000000000000
G02  20308090.399 9 106719714.262 9      -406.825 9        56.051 9                                                                  20308090.399 8 106719714.262 8      -406.825 8        53.051 8
G09  25301540.352 9 132960431.799 9     -2811.792 9        54.141 9                                                                  25301540.352 8 132960431.799 8     -2811.792 8        51.141 8
G13  25216454.860 9 132513295.382 9      1200.770 9        54.170 9                                                                  25216454.860 8 132513295.382 8      1200.770 8        51.170 8
G29  24852214.214 9 130599219.752 9      3072.110 9        54.297 9                                                                  24852214.214 8 130599219.752 8      3072.110 8        51.297 8
G10  22333816.312 9 117364962.098 9      3228.497 9        55.225 9                                                                  22333816.312 8 117364962.098 8      3228.497 8        52.225 8
G12  20801047.820 9 109310221.329 9       136.600 9        55.842 9                                                                  20801047.820 8 109310221.329 8       136.600 8        52.842 8
G17  24726923.779 9 129940793.954 9     -2958.532 9        54.341 9                                                                  24726923.779 8 129940793.954 8     -2958.532 8        51.341 8
G24  24314473.216 9 127773370.911 9      3048.053 9        54.487 9                                                                  24314473.216 8 127773370.911 8      3048.053 8        51.487 8
G30  22561905.098 9 118563579.426 9      2300.483 9        55.137 9                                                                  22561905.098 8 118563579.426 8      2300.483 8        52.137 8
G05  21253455.326 9 111687636.855 9       635.969 9        55.655 9                                                                  21253455.326 8 111687636.855 8       635.969 8        52.655 8
G04  21977690.602 9 115493512.885 9     -2486.971 9        55.364 9                                                                  21977690.602 8 115493512.885 8     -2486.971 8        52.364 8
E04                                                                  23385513.665 9 122891670.573 9      -165.502 9        57.938 9  23385513.665 9 122891670.573 9      -165.502 9        57.938 9
E05                                                                  26158038.919 9 137461358.264 9     -2067.543 9        56.964 9  26158038.919 9 137461358.264 9     -2067.543 9        56.964 9
E11                                                                  26690195.933 9 140257862.011 9     -2422.511 9        56.789 9  26690195.933 9 140257862.011 9     -2422.511 9        56.789 9
E20                                                                  27885068.491 9 146536945.055 9     -1694.280 9        56.409 9  27885068.491 9 146536945.055 9     -1694.280 9        56.409 9
E09                                                                  24974062.524 9 131239535.132 9      2556.102 9        57.367 9  24974062.524 9 131239535.132 9      2556.102 9        57.367 9
E10                                                                  23770157.040 9 124912982.312 9       -24.428 9        57.796 9  23770157.040 9 124912982.312 9       -24.428 9        57.796 9
E03                                                                  25023512.797 9 131499405.321 9      1942.552 9        57.350 9  25023512.797 9 131499405.321 9      1942.552 9        57.350 9
> 2026 02 03 10 02  5.0000000  0 18       0.000000000000
G02  20308167.853 9 106720121.283 9      -407.218 9        56.051 9                                                                  20308167.853 8 106720121.283 8      -407.218 8        53.051 8
G09  25302075.413 9 132963243.556 9     -2811.735 9        54.141 9                                                                  25302075.413 8 132963243.556 8     -2811.735 8        51.141 8
G13  25216226.404 9 132512094.845 9      1200.315 9        54.170 9                                                                  25216226.404 8 132512094.845 8      1200.315 8        51.170 8
G29  24851629.608 9 130596147.629 9      3072.135 9        54.297 9                                                                  24851629.608 8 130596147.629 8      3072.135 8        51.297 8
G10  22333201.980 9 117361733.765 9      3228.177 9        55.225 9                                                                  22333201.980 8 117361733.765 8      3228.177 8        52.225 8
G12  20801021.889 9 109310085.060 9       135.936 9        55.842 9                                                                  20801021.889 8 109310085.060 8       135.936 8        52.842 8
G17  24727486.780 9 129943752.533 9     -2958.657 9        54.340 9                                                                  24727486.780 8 129943752.533 8     -2958.657 8        51.340 8
G24  24313893.206 9 127770322.941 9      3047.888 9        54.487 9                                                                  24313893.206 8 127770322.941 8      3047.888 8        51.487 8
G30  22561467.377 9 118561279.187 9      2299.993 9        55.137 9                                                                  22561467.377 8 118561279.187 8      2299.993 8        52.137 8
G05  21253334.367 9 111687001.213 9       635.312 9        55.656 9                                                                  21253334.367 8 111687001.213 8       635.312 8        52.656 8
G04  21978163.874 9 115495999.942 9     -2487.155 9        55.364 9                                                                  21978163.874 8 115495999.942 8     -2487.155 8        52.364 8
E04                                                                  23385545.183 9 122891836.199 9      -165.751 9        57.938 9  23385545.183 9 122891836.199 9      -165.751 9        57.938 9
E05                                                                  26158432.375 9 137463425.883 9     -2067.713 9        56.964 9  26158432.375 9 137463425.883 9     -2067.713 9        56.964 9
E11                                                                  26690656.944 9 140260284.635 9     -2422.754 9        56.789 9  26690656.944 9 140260284.635 9     -2422.754 9        56.789 9
E20                                                                  27885390.931 9 146538639.481 9     -1694.585 9        56.409 9  27885390.931 9 146538639.481 9     -1694.585 9        56.409 9
E09                                                                  24973576.140 9 131236979.174 9      2555.824 9        57.367 9  24973576.140 9 131236979.174 9      2555.824 9        57.367 9
E10                                                                  23770161.733 9 124913006.976 9       -24.898 9        57.796 9  23770161.733 9 124913006.976 9       -24.898 9        57.796 9
E03                                                                  25023143.150 9 131497462.815 9      1942.462 9        57.350 9  25023143.150 9 131497462.815 9      1942.462 9        57.350 9
> 2026 02 03 10 02  6.0000000  0 18       0.000000000000
G02  20308245.381 9 106720528.695 9      -407.610 9        56.051 9                                                                  20308245.381 8 106720528.695 8      -407.610 8        53.051 8
G09  25302610.464 9 132966055.256 9     -2811.678 9        54.141 9                                                                  25302610.464 8 132966055.256 8     -2811.678 8        51.141 8
G13  25215998.035 9 132510894.763 9      1199.860 9        54.171 9                                                                  25215998.035 8 132510894.763 8      1199.860 8        51.171 8
G29  24851044.998 9 130593075.480 9      3072.160 9        54.297 9                                                                  24851044.998 8 130593075.480 8      3072.160 8        51.297 8
G10  22332587.709 9 117358505.752 9      3227.857 9        55.225 9                                                                  22332587.709 8 117358505.752 8      3227.857 8        52.225 8
G12  20800996.084 9 109309949.456 9       135.271 9        55.842 9                                                                  20800996.084 8 109309949.456 8       135.271 8        52.842 8
G17  24728049.805 9 129946711.235 9     -2958.781 9        54.340 9                                                                  24728049.805 8 129946711.235 8     -2958.781 8        51.340 8
G24  24313313.227 9 127767275.135 9      3047.723 9        54.487 9                                                                  24313313.227 8 127767275.135 8      3047.723 8        51.487 8
G30  22561029.749 9 118558979.439 9      2299.504 9        55.137 9                                                                  22561029.749 8 118558979.439 8      2299.504 8        52.137 8
G05  21253213.534 9 111686366.229 9       634.654 9        55.656 9                                                                  21253213.534 8 111686366.229 8       634.654 8        52.656 8
G04  21978637.181 9 115498487.183 9     -2487.340 9        55.364 9                                                                  21978637.181 8 115498487.183 8     -2487.340 8        52.364 8
E04                                                                  23385576.748 9 122892002.073 9      -166.000 9        57.938 9  23385576.748 9 122892002.073 9      -166.000 9        57.938 9
E05                                                                  26158825.863 9 137465493.672 9     -2067.884 9        56.964 9  26158825.863 9 137465493.672 9     -2067.884 9        56.964 9
E11                                                                  26691118.002 9 140262707.501 9     -2422.997 9        56.789 9  26691118.002 9 140262707.501 9     -2422.997 9        56.789 9
E20                                                                  27885713.429 9 146540334.212 9     -1694.890 9        56.409 9  27885713.429 9 146540334.212 9     -1694.890 9        56.409 9
E09                                                                  24973089.810 9 131234423.495 9      2555.545 9        57.367 9  24973089.810 9 131234423.495 9      2555.545 9        57.367 9
E10                                                                  23770166.516 9 124913032.110 9       -25.369 9        57.796 9  23770166.516 9 124913032.110 9       -25.369 9        57.796 9
E03                                                                  25022773.520 9 131495520.399 9      1942.372 9        57.350 9  25022773.520 9 131495520.399 9      1942.372 9        57.350 9
> 2026 02 03 10 02  7.0000000  0 18       0.000000000000
G02  20308322.984 9 106720936.500 9      -408.002 9        56.051 9                                                                  20308322.984 8 106720936.500 8      -408.002 8        53.051 8
G09  25303145.504 9 132968866.899 9     -2811.621 9        54.141 9                                                                  25303145.504 8 132968866.899 8     -2811.621 8        51.141 8
G13  25215769.753 9 132509695.136 9      1199.405 9        54.171 9                                                                  25215769.753 8 132509695.136 8      1199.405 8        51.171 8
G29  24850460.382 9 130590003.307 9      3072.185 9        54.297 9                                                                  24850460.382 8 130590003.307 8      3072.185 8        51.297 8
G10  22331973.499 9 117355278.059 9      3227.537 9        55.226 9                                                                  22331973.499 8 117355278.059 8      3227.537 8        52.226 8
G12  20800970.406 9 109309814.516 9       134.606 9        55.842 9                                                                  20800970.406 8 109309814.516 8       134.606 8        52.842 8
G17  24728612.853 9 129949670.062 9     -2958.905 9        54.340 9                                                                  24728612.853 8 129949670.062 8     -2958.905 8        51.340 8
G24  24312733.280 9 127764227.495 9      3047.558 9        54.487 9                                                                  24312733.280 8 127764227.495 8      3047.558 8        51.487 8
G30  22560592.215 9 118556680.180 9      2299.014 9        55.137 9                                                                  22560592.215 8 118556680.180 8      2299.014 8        52.137 8
G05  21253092.826 9 111685731.903 9       633.997 9        55.656 9                                                                  21253092.826 8 111685731.903 8       633.997 8        52.656 8
G04  21979110.523 9 115500974.608 9     -2487.524 9        55.364 9                                                                  21979110.523 8 115500974.608 8     -2487.524 8        52.364 8
E04                                                                  23385608.360 9 122892168.197 9      -166.249 9        57.937 9  23385608.360 9 122892168.197 9      -166.249 9        57.937 9
E05                                                                  26159219.384 9 137467561.630 9     -2068.054 9        56.964 9  26159219.384 9 137467561.630 9     -2068.054 9        56.964 9
E11                                                                  26691579.106 9 140265130.610 9     -2423.240 9        56.789 9  26691579.106 9 140265130.610 9     -2423.240 9        56.789 9
E20                                                                  27886035.985 9 146542029.248 9     -1695.195 9        56.409 9  27886035.985 9 146542029.248 9     -1695.195 9        56.409 9
E09                                                                  24972603.532 9 131231868.094 9      2555.266 9        57.367 9  24972603.532 9 131231868.094 9      2555.266 9        57.367 9
E10                                                                  23770171.388 9 124913057.713 9       -25.839 9        57.796 9  23770171.388 9 124913057.713 9       -25.839 9        57.796 9
E03                                                                  25022403.908 9 131493578.074 9      1942.281 9        57.350 9  25022403.908 9 131493578.074 9      1942.281 9        57.350 9
> 2026 02 03 10 02  8.0000000  0 18       0.000000000000
G02  20308400.662 9 106721344.698 9      -408.394 9        56.051 9                                                                  20308400.662 8 106721344.698 8      -408.394 8        53.051 8
G09  25303680.532 9 132971678.485 9     -2811.564 9        54.140 9                                                                  25303680.532 8 132971678.485 8     -2811.564 8        51.140 8
G13  25215541.558 9 132508495.965 9      1198.949 9        54.171 9                                                                  25215541.558 8 132508495.965 8      1198.949 8        51.171 8
G29  24849875.762 9 130586931.109 9      3072.209 9        54.298 9                                                                  24849875.762 8 130586931.109 8      3072.209 8        51.298 8
G10  22331359.349 9 117352050.687 9      3227.216 9        55.226 9                                                                  22331359.349 8 117352050.687 8      3227.216 8        52.226 8
G12  20800944.855 9 109309680.241 9       133.942 9        55.842 9                                                                  20800944.855 8 109309680.241 8       133.942 8        52.842 8
G17  24729175.925 9 129952629.012 9     -2959.029 9        54.340 9                                                                  24729175.925 8 129952629.012 8     -2959.029 8        51.340 8
G24  24312153.364 9 127761180.020 9      3047.393 9        54.488 9                                                                  24312153.364 8 127761180.020 8      3047.393 8        51.488 8
G30  22560154.773 9 118554381.411 9      2298.524 9        55.137 9                                                                  22560154.773 8 118554381.411 8      2298.524 8        52.137 8
G05  21252972.242 9 111685098.234 9       633.339 9        55.656 9                                                                  21252972.242 8 111685098.234 8       633.339 8        52.656 8
G04  21979583.900 9 115503462.218 9     -2487.708 9        55.364 9                                                                  21979583.900 8 115503462.218 8     -2487.708 8        52.364 8
E04                                                                  23385640.020 9 122892334.570 9      -166.498 9        57.937 9  23385640.020 9 122892334.570 9      -166.498 9        57.937 9
E05                                                                  26159612.938 9 137469629.759 9     -2068.224 9        56.964 9  26159612.938 9 137469629.759 9     -2068.224 9        56.964 9
E11                                                                  26692040.255 9 140267553.962 9     -2423.483 9        56.789 9  26692040.255 9 140267553.962 9     -2423.483 9        56.789 9
E20                                                                  27886358.600 9 146543724.589 9     -1695.500 9        56.409 9  27886358.600 9 146543724.589 9     -1695.500 9        56.409 9
E09                                                                  24972117.308 9 131229312.972 9      2554.987 9        57.367 9  24972117.308 9 131229312.972 9      2554.987 9        57.367 9
E10                                                                  23770176.350 9 124913083.787 9       -26.309 9        57.796 9  23770176.350 9 124913083.787 9       -26.309 9        57.796 9
E03                                                                  25022034.312 9 131491635.839 9      1942.190 9        57.350 9  25022034.312 9 131491635.839 9      1942.190 9        57.350 9
> 2026 02 03 10 02  9.0000000  0 18       0.000000000000
G02  20308478.414 9 106721753.287 9      -408.786 9        56.051 9                                                                  20308478.414 8 106721753.287 8      -408.786 8        53.051 8
G09  25304215.550 9 132974490.013 9     -2811.507 9        54.140 9                                                                  25304215.550 8 132974490.013 8     -2811.507 8        51.140 8
G13  25215313.449 9 132507297.249 9      1198.494 9        54.171 9                                                                  25215313.449 8 132507297.249 8      1198.494 8        51.171 8
G29  24849291.137 9 130583858.886 9      3072.234 9        54.298 9                                                                  24849291.137 8 130583858.886 8      3072.234 8        51.298 8
G10  22330745.261 9 117348823.635 9      3226.896 9        55.226 9                                                                  22330745.261 8 117348823.635 8      3226.896 8        52.226 8
G12  20800919.430 9 109309546.631 9       133.277 9        55.842 9                                                                  20800919.430 8 109309546.631 8       133.277 8        52.842 8
G17  24729739.021 9 129955588.087 9     -2959.153 9        54.340 9                                                                  24729739.021 8 129955588.087 8     -2959.153 8        51.340 8
G24  24311573.479 9 127758132.710 9      3047.228 9        54.488 9                                                                  24311573.479 8 127758132.710 8      3047.228 8        51.488 8
G30  22559717.425 9 118552083.132 9      2298.034 9        55.137 9                                                                  22559717.425 8 118552083.132 8      2298.034 8        52.137 8
G05  21252851.784 9 111684465.223 9       632.682 9        55.656 9                                                                  21252851.784 8 111684465.223 8       632.682 8        52.656 8
G04  21980057.312 9 115505950.012 9     -2487.892 9        55.363 9                                                                  21980057.312 8 115505950.012 8     -2487.892 8        52.363 8
E04                                                                  23385671.727 9 122892501.192 9      -166.747 9        57.937 9  23385671.727 9 122892501.192 9      -166.747 9        57.937 9
E05                                                                  26160006.523 9 137471698.058 9     -2068.394 9        56.964 9  26160006.523 9 137471698.058 9     -2068.394 9        56.964 9
E11                                                                  26692501.452 9 140269977.556 9     -2423.725 9        56.789 9  26692501.452 9 140269977.556 9     -2423.725 9        56.789 9
E20                                                                  27886681.272 9 146545420.235 9     -1695.805 9        56.409 9  27886681.272 9 146545420.235 9     -1695.805 9        56.409 9
E09                                                                  24971631.136 9 131226758.130 9      2554.708 9        57.368 9  24971631.136 9 131226758.130 9      2554.708 9        57.368 9
E10                                                                  23770181.401 9 124913110.331 9       -26.779 9        57.796 9  23770181.401 9 124913110.331 9       -26.779 9        57.796 9
E03                                                                  25021664.734 9 131489693.695 9      1942.100 9        57.350 9  25021664.734 9 131489693.695 9      1942.100 9        57.350 9
> 2026 02 03 10 02 10.0000000  0 18       0.000000000000
G02  20308556.240 9 106722162.268 9      -409.178 9        56.050 9                                                                  20308556.240 8 106722162.268 8      -409.178 8        53.050 8
G09  25304750.557 9 132977301.484 9     -2811.449 9        54.140 9                                                                  25304750.557 8 132977301.484 8     -2811.449 8        51.140 8
G13  25215085.427 9 132506098.988 9      1198.038 9        54.171 9                                                                  25215085.427 8 132506098.988 8      1198.038 8        51.171 8
G29  24848706.507 9 130580786.638 9      3072.259 9        54.298 9                                                                  24848706.507 8 130580786.638 8      3072.259 8        51.298 8
G10  22330131.234 9 117345596.904 9      3226.575 9        55.226 9                                                                  22330131.234 8 117345596.904 8      3226.575 8        52.226 8
G12  20800894.131 9 109309413.685 9       132.613 9        55.842 9                                                                  20800894.131 8 109309413.685 8       132.613 8        52.842 8
G17  24730302.140 9 129958547.286 9     -2959.277 9        54.339 9                                                                  24730302.140 8 129958547.286 8     -2959.277 8        51.339 8
G24  24310993.626 9 127755085.566 9      3047.062 9        54.488 9                                                                  24310993.626 8 127755085.566 8      3047.062 8        51.488 8
G30  22559280.170 9 118549785.344 9      2297.543 9        55.138 9                                                                  22559280.170 8 118549785.344 8      2297.543 8        52.138 8
G05  21252731.452 9 111683832.869 9       632.024 9        55.656 9                                                                  21252731.452 8 111683832.869 8       632.024 8        52.656 8
G04  21980530.760 9 115508437.990 9     -2488.076 9        55.363 9                                                                  21980530.760 8 115508437.990 8     -2488.076 8        52.363 8
E04                                                                  23385703.482 9 122892668.063 9      -166.997 9        57.937 9  23385703.482 9 122892668.063 9      -166.997 9        57.937 9
E05                                                                  26160400.142 9 137473766.528 9     -2068.564 9        56.964 9  26160400.142 9 137473766.528 9     -2068.564 9        56.964 9
E11                                                                  26692962.694 9 140272401.394 9     -2423.968 9        56.789 9  26692962.694 9 140272401.394 9     -2423.968 9        56.789 9
E20                                                                  27887004.002 9 146547116.186 9     -1696.109 9        56.408 9  27887004.002 9 146547116.186 9     -1696.109 9        56.408 9
E09                                                                  24971145.018 9 131224203.566 9      2554.429 9        57.368 9  24971145.018 9 131224203.566 9      2554.429 9        57.368 9
E10                                                                  23770186.541 9 124913137.344 9       -27.249 9        57.796 9  23770186.541 9 124913137.344 9       -27.249 9        57.796 9
E03                                                                  25021295.173 9 131487751.640 9      1942.010 9        57.350 9  25021295.173 9 131487751.640 9      1942.010 9        57.350 9
> 2026 02 03 10 02 11.0000000  0 18       0.000000000000
G02  20308634.142 9 106722571.641 9      -409.570 9        56.050 9                                                                  20308634.142 8 106722571.641 8      -409.570 8        53.050 8
G09  25305285.553 9 132980112.898 9     -2811.392 9        54.140 9                                                                  25305285.553 8 132980112.898 8     -2811.392 8        51.140 8
G13  25214857.491 9 132504901.184 9      1197.582 9        54.171 9                                                                  25214857.491 8 132504901.184 8      1197.582 8        51.171 8
G29  24848121.873 9 130577714.366 9      3072.284 9        54.298 9                                                                  24848121.873 8 130577714.366 8      3072.284 8        51.298 8
G10  22329517.267 9 117342370.493 9      3226.255 9        55.226 9                                                                  22329517.267 8 117342370.493 8      3226.255 8        52.226 8
G12  20800868.959 9 109309281.404 9       131.948 9        55.842 9                                                                  20800868.959 8 109309281.404 8       131.948 8        52.842 8
G17  24730865.283 9 129961506.609 9     -2959.401 9        54.339 9                                                                  24730865.283 8 129961506.609 8     -2959.401 8        51.339 8
G24  24310413.805 9 127752038.586 9      3046.897 9        54.488 9                                                                  24310413.805 8 127752038.586 8      3046.897 8        51.488 8
G30  22558843.008 9 118547488.045 9      2297.053 9        55.138 9                                                                  22558843.008 8 118547488.045 8      2297.053 8        52.138 8
G05  21252611.244 9 111683201.173 9       631.366 9        55.656 9                                                                  21252611.244 8 111683201.173 8       631.366 8        52.656 8
G04  21981004.242 9 115510926.152 9     -2488.261 9        55.363 9                                                                  21981004.242 8 115510926.152 8     -2488.261 8        52.363 8
E04                                                                  23385735.284 9 122892835.184 9      -167.246 9        57.937 9  23385735.284 9 122892835.184 9      -167.246 9        57.937 9
E05                                                                  26160793.792 9 137475835.167 9     -2068.734 9        56.963 9  26160793.792 9 137475835.167 9     -2068.734 9        56.963 9
E11                                                                  26693423.982 9 140274825.473 9     -2424.210 9        56.788 9  26693423.982 9 140274825.473 9     -2424.210 9        56.788 9
E20                                                                  27887326.790 9 146548812.441 9     -1696.414 9        56.408 9  27887326.790 9 146548812.441 9     -1696.414 9        56.408 9
E09                                                                  24970658.953 9 131221649.281 9      2554.150 9        57.368 9  24970658.953 9 131221649.281 9      2554.150 9        57.368 9
E10                                                                  23770191.771 9 124913164.828 9       -27.719 9        57.796 9  23770191.771 9 124913164.828 9       -27.719 9        57.796 9
E03                                                                  25020925.629 9 131485809.677 9      1941.919 9        57.350 9  25020925.629 9 131485809.677 9      1941.919 9        57.350 9
> 2026 02 03 10 02 12.0000000  0 18       0.000000000000
G02  20308712.118 9 106722981.407 9      -409.962 9        56.050 9                                                                  20308712.118 8 106722981.407 8      -409.962 8        53.050 8
G09  25305820.538 9 132982924.254 9     -2811.334 9        54.140 9                                                                  25305820.538 8 132982924.254 8     -2811.334 8        51.140 8
G13  25214629.642 9 132503703.834 9      1197.127 9        54.171 9                                                                  25214629.642 8 132503703.834 8      1197.127 8        51.171 8
G29  24847537.234 9 130574642.069 9      3072.308 9        54.298 9                                                                  24847537.234 8 130574642.069 8      3072.308 8        51.298 8
G10  22328903.362 9 117339144.403 9      3225.934 9        55.227 9                                                                  22328903.362 8 117339144.403 8      3225.934 8        52.227 8
G12  20800843.913 9 109309149.787 9       131.283 9        55.842 9                                                                  20800843.913 8 109309149.787 8       131.283 8        52.842 8
G17  24731428.450 9 129964466.056 9     -2959.525 9        54.339 9                                                                  24731428.450 8 129964466.056 8     -2959.525 8        51.339 8
G24  24309834.015 9 127748991.773 9      3046.731 9        54.488 9                                                                  24309834.015 8 127748991.773 8      3046.731 8        51.488 8
G30  22558405.940 9 118545191.237 9      2296.563 9        55.138 9                                                                  22558405.940 8 118545191.237 8      2296.563 8        52.138 8
G05  21252491.161 9 111682570.135 9       630.709 9        55.656 9                                                                  21252491.161 8 111682570.135 8       630.709 8        52.656 8
G04  21981477.760 9 115513414.498 9     -2488.445 9        55.363 9                                                                  21981477.760 8 115513414.498 8     -2488.445 8        52.363 8
E04                                                                  23385767.134 9 122893002.553 9      -167.495 9        57.937 9  23385767.134 9 122893002.553 9      -167.495 9        57.937 9
E05                                                                  26161187.475 9 137477903.977 9     -2068.904 9        56.963 9  26161187.475 9 137477903.977 9     -2068.904 9        56.963 9
E11                                                                  26693885.317 9 140277249.795 9     -2424.453 9        56.788 9  26693885.317 9 140277249.795 9     -2424.453 9        56.788 9
E20                                                                  27887649.636 9 146550509.000 9     -1696.718 9        56.408 9  27887649.636 9 146550509.000 9     -1696.718 9        56.408 9
E09                                                                  24970172.941 9 131219095.275 9      2553.871 9        57.368 9  24970172.941 9 131219095.275 9      2553.871 9        57.368 9
E10                                                                  23770197.091 9 124913192.782 9       -28.189 9        57.796 9  23770197.091 9 124913192.782 9       -28.189 9        57.796 9
E03                                                                  25020556.103 9 131483867.804 9      1941.828 9        57.351 9  25020556.103 9 131483867.804 9      1941.828 9        57.351 9
> 2026 02 03 10 02 13.0000000  0 18       0.000000000000
G02  20308790.168 9 106723391.564 9      -410.354 9        56.050 9                                                                  20308790.168 8 106723391.564 8      -410.354 8        53.050 8
G09  25306355.512 9 132985735.552 9     -2811.276 9        54.139 9                                                                  25306355.512 8 132985735.552 8     -2811.276 8        51.139 8
G13  25214401.880 9 132502506.941 9      1196.671 9        54.171 9                                                                  25214401.880 8 132502506.941 8      1196.671 8        51.171 8
G29  24846952.590 9 130571569.747 9      3072.333 9        54.299 9                                                                  24846952.590 8 130571569.747 8      3072.333 8        51.299 8
G10  22328289.518 9 117335918.633 9      3225.613 9        55.227 9                                                                  22328289.518 8 117335918.633 8      3225.613 8        52.227 8
G12  20800818.994 9 109309018.836 9       130.618 9        55.842 9                                                                  20800818.994 8 109309018.836 8       130.618 8        52.842 8
G17  24731991.640 9 129967425.627 9     -2959.649 9        54.339 9                                                                  24731991.640 8 129967425.627 8     -2959.649 8        51.339 8
G24  24309254.256 9 127745945.124 9      3046.566 9        54.489 9                                                                  24309254.256 8 127745945.124 8      3046.566 8        51.489 8
G30  22557968.965 9 118542894.919 9      2296.073 9        55.138 9                                                                  22557968.965 8 118542894.919 8      2296.073 8        52.138 8
G05  21252371.204 9 111681939.754 9       630.051 9        55.656 9                                                                  21252371.204 8 111681939.754 8       630.051 8        52.656 8
G04  21981951.312 9 115515903.028 9     -2488.629 9        55.363 9                                                                  21981951.312 8 115515903.028 8     -2488.629 8        52.363 8
E04                                                                  23385799.031 9 122893170.172 9      -167.744 9        57.937 9  23385799.031 9 122893170.172 9      -167.744 9        57.937 9
E05                                                                  26161581.190 9 137479972.957 9     -2069.075 9        56.963 9  26161581.190 9 137479972.957 9     -2069.075 9        56.963 9
E11                                                                  26694346.698 9 140279674.360 9     -2424.695 9        56.788 9  26694346.698 9 140279674.360 9     -2424.695 9        56.788 9
E20                                                                  27887972.541 9 146552205.865 9     -1697.023 9        56.408 9  27887972.541 9 146552205.865 9     -1697.023 9        56.408 9
E09                                                                  24969686.982 9 131216541.548 9      2553.592 9        57.368 9  24969686.982 9 131216541.548 9      2553.592 9        57.368 9
E10                                                                  23770202.499 9 124913221.206 9       -28.659 9        57.796 9  23770202.499 9 124913221.206 9       -28.659 9        57.796 9
E03                                                                  25020186.593 9 131481926.022 9      1941.738 9        57.351 9  25020186.593 9 131481926.022 9      1941.738 9        57.351 9
> 2026 02 03 10 02 14.0000000  0 18       0.000000000000
G02  20308868.293 9 106723802.113 9      -410.746 9        56.050 9                                                                  20308868.293 8 106723802.113 8      -410.746 8        53.050 8
G09  25306890.475 9 132988546.793 9     -2811.218 9        54.139 9                                                                  25306890.475 8 132988546.793 8     -2811.218 8        51.139 8
G13  25214174.205 9 132501310.503 9      1196.215 9        54.171 9                                                                  25214174.205 8 132501310.503 8      1196.215 8        51.171 8
G29  24846367.941 9 130568497.400 9      3072.358 9        54.299 9                                                                  24846367.941 8 130568497.400 8      3072.358 8        51.299 8
G10  22327675.734 9 117332693.185 9      3225.292 9        55.227 9                                                                  22327675.734 8 117332693.185 8      3225.292 8        52.227 8
G12  20800794.202 9 109308888.549 9       129.954 9        55.842 9                                                                  20800794.202 8 109308888.549 8       129.954 8        52.842 8
G17  24732554.854 9 129970385.322 9     -2959.773 9        54.339 9                                                                  24732554.854 8 129970385.322 8     -2959.773 8        51.339 8
G24  24308674.529 9 127742898.641 9      3046.401 9        54.489 9                                                                  24308674.529 8 127742898.641 8      3046.401 8        51.489 8
G30  22557532.083 9 118540599.092 9      2295.582 9        55.138 9                                                                  22557532.083 8 118540599.092 8      2295.582 8        52.138 8
G05  21252251.372 9 111681310.031 9       629.393 9        55.656 9                                                                  21252251.372 8 111681310.031 8       629.393 8        52.656 8
G04  21982424.900 9 115518391.742 9     -2488.812 9        55.363 9                                                                  21982424.900 8 115518391.742 8     -2488.812 8        52.363 8
E04                                                                  23385830.975 9 122893338.040 9      -167.994 9        57.937 9  23385830.975 9 122893338.040 9      -167.994 9        57.937 9
E05                                                                  26161974.938 9 137482042.107 9     -2069.245 9        56.963 9  26161974.938 9 137482042.107 9     -2069.245 9        56.963 9
E11                                                                  26694808.125 9 140282099.167 9     -2424.937 9        56.788 9  26694808.125 9 140282099.167 9     -2424.937 9        56.788 9
E20                                                                  27888295.503 9 146553903.033 9     -1697.327 9        56.408 9  27888295.503 9 146553903.033 9     -1697.327 9        56.408 9
E09                                                                  24969201.076 9 131213988.101 9      2553.313 9        57.368 9  24969201.076 9 131213988.101 9      2553.313 9        57.368 9
E10                                                                  23770207.998 9 124913250.100 9       -29.129 9        57.796 9  23770207.998 9 124913250.100 9       -29.129 9        57.796 9
E03                                                                  25019817.101 9 131479984.331 9      1941.647 9        57.351 9  25019817.101 9 131479984.331 9      1941.647 9        57.351 9
> 2026 02 03 10 02 15.0000000  0 18       0.000000000000
G02  20308946.493 9 106724213.054 9      -411.138 9        56.050 9                                                                  20308946.493 8 106724213.054 8      -411.138 8        53.050 8
G09  25307425.427 9 132991357.976 9     -2811.160 9        54.139 9                                                                  25307425.427 8 132991357.976 8     -2811.160 8        51.139 8
G13  25213946.616 9 132500114.522 9      1195.759 9        54.171 9                                                                  25213946.616 8 132500114.522 8      1195.759 8        51.171 8
G29  24845783.288 9 130565425.029 9      3072.383 9        54.299 9                                                                  24845783.288 8 130565425.029 8      3072.383 8        51.299 8
G10  22327062.012 9 117329468.057 9      3224.971 9        55.227 9                                                                  22327062.012 8 117329468.057 8      3224.971 8        52.227 8
G12  20800769.535 9 109308758.926 9       129.289 9        55.842 9                                                                  20800769.535 8 109308758.926 8       129.289 8        52.842 8
G17  24733118.091 9 129973345.142 9     -2959.897 9        54.338 9                                                                  24733118.091 8 129973345.142 8     -2959.897 8        51.338 8
G24  24308094.833 9 127739852.323 9      3046.235 9        54.489 9                                                                  24308094.833 8 127739852.323 8      3046.235 8        51.489 8
G30  22557095.295 9 118538303.755 9      2295.091 9        55.138 9                                                                  22557095.295 8 118538303.755 8      2295.091 8        52.138 8
G05  21252131.665 9 111680680.966 9       628.735 9        55.656 9                                                                  21252131.665 8 111680680.966 8       628.735 8        52.656 8
G04  21982898.522 9 115520880.640 9     -2488.996 9        55.362 9                                                                  21982898.522 8 115520880.640 8     -2488.996 8        52.362 8
E04                                                                  23385862.967 9 122893506.158 9      -168.243 9        57.937 9  23385862.967 9 122893506.158 9      -168.243 9        57.937 9
E05                                                                  26162368.718 9 137484111.427 9     -2069.415 9        56.963 9  26162368.718 9 137484111.427 9     -2069.415 9        56.963 9
E11                                                                  26695269.598 9 140284524.216 9     -2425.180 9        56.788 9  26695269.598 9 140284524.216 9     -2425.180 9        56.788 9
E20                                                                  27888618.523 9 146555600.506 9     -1697.632 9        56.408 9  27888618.523 9 146555600.506 9     -1697.632 9        56.408 9
E09                                                                  24968715.223 9 131211434.933 9      2553.034 9        57.369 9  24968715.223 9 131211434.933 9      2553.034 9        57.369 9
E10                                                                  23770213.585 9 124913279.464 9       -29.599 9        57.796 9  23770213.585 9 124913279.464 9       -29.599 9        57.796 9
E03                                                                  25019447.627 9 131478042.730 9      1941.556 9        57.351 9  25019447.627 9 131478042.730 9      1941.556 9        57.351 9
> 2026 02 03 10 02 16.0000000  0 18       0.000000000000
G02  20309024.767 9 106724624.387 9      -411.530 9        56.050 9                                                                  20309024.767 8 106724624.387 8      -411.530 8        53.050 8
G09  25307960.368 9 132994169.100 9     -2811.102 9        54.139 9                                                                  25307960.368 8 132994169.100 8     -2811.102 8        51.139 8
G13  25213719.115 9 132498918.996 9      1195.303 9        54.171 9                                                                  25213719.115 8 132498918.996 8      1195.303 8        51.171 8
G29  24845198.630 9 130562352.633 9      3072.407 9        54.299 9                                                                  24845198.630 8 130562352.633 8      3072.407 8        51.299 8
G10  22326448.351 9 117326243.250 9      3224.650 9        55.228 9                                                                  22326448.351 8 117326243.250 8      3224.650 8        52.228 8
G12  20800744.996 9 109308629.969 9       128.624 9        55.842 9                                                                  20800744.996 8 109308629.969 8       128.624 8        52.842 8
G17  24733681.352 9 129976305.084 9     -2960.021 9        54.338 9                                                                  24733681.352 8 129976305.084 8     -2960.021 8        51.338 8
G24  24307515.169 9 127736806.171 9      3046.070 9        54.489 9                                                                  24307515.169 8 127736806.171 8      3046.070 8        51.489 8
G30  22556658.600 9 118536008.909 9      2294.601 9        55.139 9                                                                  22556658.600 8 118536008.909 8      2294.601 8        52.139 8
G05  21252012.083 9 111680052.559 9       628.077 9        55.656 9                                                                  21252012.083 8 111680052.559 8       628.077 8        52.656 8
G04  21983372.179 9 115523369.722 9     -2489.180 9        55.362 9                                                                  21983372.179 8 115523369.722 8     -2489.180 8        52.362 8
E04                                                                  23385895.006 9 122893674.525 9      -168.492 9        57.937 9  23385895.006 9 122893674.525 9      -168.492 9        57.937 9
E05                                                                  26162762.530 9 137486180.917 9     -2069.585 9        56.963 9  26162762.530 9 137486180.917 9     -2069.585 9        56.963 9
E11                                                                  26695731.117 9 140286949.507 9     -2425.422 9        56.788 9  26695731.117 9 140286949.507 9     -2425.422 9        56.788 9
E20                                                                  27888941.600 9 146557298.283 9     -1697.936 9        56.408 9  27888941.600 9 146557298.283 9     -1697.936 9        56.408 9
E09                                                                  24968229.423 9 131208882.044 9      2552.754 9        57.369 9  24968229.423 9 131208882.044 9      2552.754 9        57.369 9
E10                                                                  23770219.263 9 124913309.298 9       -30.069 9        57.796 9  23770219.263 9 124913309.298 9       -30.069 9        57.796 9
E03                                                                  25019078.169 9 131476101.220 9      1941.465 9        57.351 9  25019078.169 9 131476101.220 9      1941.465 9        57.351 9
> 2026 02 03 10 02 17.0000000  0 18       0.000000000000
G02  20309103.116 9 106725036.111 9      -411.921 9        56.050 9                                                                  20309103.116 8 106725036.111 8      -411.921 8        53.050 8
G09  25308495.298 9 132996980.167 9     -2811.044 9        54.139 9                                                                  25308495.298 8 132996980.167 8     -2811.044 8        51.139 8
G13  25213491.700 9 132497723.926 9      1194.847 9        54.171 9                                                                  25213491.700 8 132497723.926 8      1194.847 8        51.171 8
G29  24844613.967 9 130559280.213 9      3072.432 9        54.299 9                                                                  24844613.967 8 130559280.213 8      3072.432 8        51.299 8
G10  22325834.751 9 117323018.765 9      3224.329 9        55.228 9                                                                  22325834.751 8 117323018.765 8      3224.329 8        52.228 8
G12  20800720.583 9 109308501.676 9       127.959 9        55.842 9                                                                  20800720.583 8 109308501.676 8       127.959 8        52.842 8
G17  24734244.636 9 129979265.152 9     -2960.145 9        54.338 9                                                                  24734244.636 8 129979265.152 8     -2960.145 8        51.338 8
G24  24306935.536 9 127733760.184 9      3045.904 9        54.489 9                                                                  24306935.536 8 127733760.184 8      3045.904 8        51.489 8
G30  22556221.998 9 118533714.553 9      2294.110 9        55.139 9                                                                  22556221.998 8 118533714.553 8      2294.110 8        52.139 8
G05  21251892.626 9 111679424.810 9       627.419 9        55.656 9                                                                  21251892.626 8 111679424.810 8       627.419 8        52.656 8
G04  21983845.872 9 115525858.988 9     -2489.364 9        55.362 9                                                                  21983845.872 8 115525858.988 8     -2489.364 8        52.362 8
E04                                                                  23385927.093 9 122893843.141 9      -168.742 9        57.937 9  23385927.093 9 122893843.141 9      -168.742 9        57.937 9
E05                                                                  26163156.375 9 137488250.578 9     -2069.756 9        56.963 9  26163156.375 9 137488250.578 9     -2069.756 9        56.963 9
E11                                                                  26696192.682 9 140289375.041 9     -2425.664 9        56.787 9  26696192.682 9 140289375.041 9     -2425.664 9        56.787 9
E20                                                                  27889264.736 9 146558996.365 9     -1698.240 9        56.408 9  27889264.736 9 146558996.365 9     -1698.240 9        56.408 9
E09                                                                  24967743.677 9 131206329.434 9      2552.475 9        57.369 9  24967743.677 9 131206329.434 9      2552.475 9        57.369 9
E10                                                                  23770225.029 9 124913339.601 9       -30.539 9        57.796 9  23770225.029 9 124913339.601 9       -30.539 9        57.796 9
E03                                                                  25018708.729 9 131474159.800 9      1941.375 9        57.351 9  25018708.729 9 131474159.800 9      1941.375 9        57.351 9
> 2026 02 03 10 02 18.0000000  0 18       0.000000000000
G02  20309181.539 9 106725448.228 9      -412.313 9        56.050 9                                                                  20309181.539 8 106725448.228 8      -412.313 8        53.050 8
G09  25309030.217 9 132999791.175 9     -2810.986 9        54.139 9                                                                  25309030.217 8 132999791.175 8     -2810.986 8        51.139 8
G13  25213264.372 9 132496529.313 9      1194.391 9        54.171 9                                                                  25213264.372 8 132496529.313 8      1194.391 8        51.171 8
G29  24844029.300 9 130556207.768 9      3072.456 9        54.300 9                                                                  24844029.300 8 130556207.768 8      3072.456 8        51.300 8
G10  22325221.212 9 117319794.601 9      3224.008 9        55.228 9                                                                  22325221.212 8 117319794.601 8      3224.008 8        52.228 8
G12  20800696.296 9 109308374.048 9       127.295 9        55.842 9                                                                  20800696.296 8 109308374.048 8       127.295 8        52.842 8
G17  24734807.944 9 129982225.342 9     -2960.269 9        54.338 9                                                                  24734807.944 8 129982225.342 8     -2960.269 8        51.338 8
G24  24306355.935 9 127730714.363 9      3045.739 9        54.490 9                                                                  24306355.935 8 127730714.363 8      3045.739 8        51.490 8
G30  22555785.490 9 118531420.689 9      2293.619 9        55.139 9                                                                  22555785.490 8 118531420.689 8      2293.619 8        52.139 8
G05  21251773.295 9 111678797.719 9       626.762 9        55.656 9                                                                  21251773.295 8 111678797.719 8       626.762 8        52.656 8
G04  21984319.599 9 115528348.437 9     -2489.548 9        55.362 9                                                                  21984319.599 8 115528348.437 8     -2489.548 8        52.362 8
E04                                                                  23385959.227 9 122894012.007 9      -168.991 9        57.937 9  23385959.227 9 122894012.007 9      -168.991 9        57.937 9
E05                                                                  26163550.252 9 137490320.408 9     -2069.925 9        56.963 9  26163550.252 9 137490320.408 9     -2069.925 9        56.963 9
E11                                                                  26696654.293 9 140291800.816 9     -2425.906 9        56.787 9  26696654.293 9 140291800.816 9     -2425.906 9        56.787 9
E20                                                                  27889587.930 9 146560694.750 9     -1698.544 9        56.408 9  27889587.930 9 146560694.750 9     -1698.544 9        56.408 9
E09                                                                  24967257.984 9 131203777.104 9      2552.196 9        57.369 9  24967257.984 9 131203777.104 9      2552.196 9        57.369 9
E10                                                                  23770230.885 9 124913370.375 9       -31.009 9        57.796 9  23770230.885 9 124913370.375 9       -31.009 9        57.796 9
E03                                                                  25018339.306 9 131472218.472 9      1941.284 9        57.351 9  25018339.306 9 131472218.472 9      1941.284 9        57.351 9
> 2026 02 03 10 02 19.0000000  0 18       0.000000000000
G02  20309260.037 9 106725860.736 9      -412.705 9        56.050 9                                                                  20309260.037 8 106725860.736 8      -412.705 8        53.050 8
G09  25309565.125 9 133002602.125 9     -2810.928 9        54.138 9                                                                  25309565.125 8 133002602.125 8     -2810.928 8        51.138 8
G13  25213037.130 9 132495335.156 9      1193.935 9        54.172 9                                                                  25213037.130 8 132495335.156 8      1193.935 8        51.172 8
G29  24843444.628 9 130553135.298 9      3072.481 9        54.300 9                                                                  24843444.628 8 130553135.298 8      3072.481 8        51.300 8
G10  22324607.735 9 117316570.758 9      3223.686 9        55.228 9                                                                  22324607.735 8 117316570.758 8      3223.686 8        52.228 8
G12  20800672.136 9 109308247.085 9       126.630 9        55.843 9                                                                  20800672.136 8 109308247.085 8       126.630 8        52.843 8
G17  24735371.276 9 129985185.657 9     -2960.393 9        54.338 9                                                                  24735371.276 8 129985185.657 8     -2960.393 8        51.338 8
G24  24305776.366 9 127727668.708 9      3045.573 9        54.490 9                                                                  24305776.366 8 127727668.708 8      3045.573 8        51.490 8
G30  22555349.075 9 118529127.315 9      2293.128 9        55.139 9                                                                  22555349.075 8 118529127.315 8      2293.128 8        52.139 8
G05  21251654.089 9 111678171.285 9       626.104 9        55.656 9                                                                  21251654.089 8 111678171.285 8       626.104 8        52.656 8
G04  21984793.361 9 115530838.070 9     -2489.731 9        55.362 9                                                                  21984793.361 8 115530838.070 8     -2489.731 8        52.362 8
E04                                                                  23385991.409 9 122894181.122 9      -169.240 9        57.937 9  23385991.409 9 122894181.122 9      -169.240 9        57.937 9
E05                                                                  26163944.162 9 137492390.409 9     -2070.096 9        56.962 9  26163944.162 9 137492390.409 9     -2070.096 9        56.962 9
E11                                                                  26697115.950 9 140294226.834 9     -2426.148 9        56.787 9  26697115.950 9 140294226.834 9     -2426.148 9        56.787 9
E20                                                                  27889911.181 9 146562393.440 9     -1698.848 9        56.408 9  27889911.181 9 146562393.440 9     -1698.848 9        56.408 9
E09                                                                  24966772.344 9 131201225.053 9      2551.916 9        57.369 9  24966772.344 9 131201225.053 9      2551.916 9        57.369 9
E10                                                                  23770236.831 9 124913401.619 9       -31.478 9        57.796 9  23770236.831 9 124913401.619 9       -31.478 9        57.796 9
E03                                                                  25017969.900 9 131470277.234 9      1941.193 9        57.351 9  25017969.900 9 131470277.234 9      1941.193 9        57.351 9
> 2026 02 03 10 02 20.0000000  0 18       0.000000000000
G02  20309338.609 9 106726273.635 9      -413.096 9        56.050 9                                                                  20309338.609 8 106726273.635 8      -413.096 8        53.050 8
G09  25310100.021 9 133005413.016 9     -2810.869 9        54.138 9                                                                  25310100.021 8 133005413.016 8     -2810.869 8        51.138 8
G13  25212809.976 9 132494141.455 9      1193.478 9        54.172 9                                                                  25212809.976 8 132494141.455 8      1193.478 8        51.172 8
G29  24842859.952 9 130550062.804 9      3072.505 9        54.300 9                                                                  24842859.952 8 130550062.804 8      3072.505 8        51.300 8
G10  22323994.318 9 117313347.237 9      3223.365 9        55.229 9                                                                  22323994.318 8 117313347.237 8      3223.365 8        52.229 8
G12  20800648.102 9 109308120.786 9       125.965 9        55.843 9                                                                  20800648.102 8 109308120.786 8       125.965 8        52.843 8
G17  24735934.631 9 129988146.096 9     -2960.517 9        54.337 9                                                                  24735934.631 8 129988146.096 8     -2960.517 8        51.337 8
G24  24305196.827 9 127724623.217 9      3045.408 9        54.490 9                                                                  24305196.827 8 127724623.217 8      3045.408 8        51.490 8
G30  22554912.754 9 118526834.432 9      2292.637 9        55.139 9                                                                  22554912.754 8 118526834.432 8      2292.637 8        52.139 8
G05  21251535.008 9 111677545.510 9       625.446 9        55.656 9                                                                  21251535.008 8 111677545.510 8       625.446 8        52.656 8
G04  21985267.159 9 115533327.886 9     -2489.915 9        55.361 9                                                                  21985267.159 8 115533327.886 8     -2489.915 8        52.361 8
E04                                                                  23386023.638 9 122894350.486 9      -169.490 9        57.937 9  23386023.638 9 122894350.486 9      -169.490 9        57.937 9
E05                                                                  26164338.104 9 137494460.580 9     -2070.266 9        56.962 9  26164338.104 9 137494460.580 9     -2070.266 9        56.962 9
E11                                                                  26697577.654 9 140296653.094 9     -2426.390 9        56.787 9  26697577.654 9 140296653.094 9     -2426.390 9        56.787 9
E20                                                                  27890234.491 9 146564092.434 9     -1699.152 9        56.407 9  27890234.491 9 146564092.434 9     -1699.152 9        56.407 9
E09                                                                  24966286.757 9 131198673.281 9      2551.637 9        57.369 9  24966286.757 9 131198673.281 9      2551.637 9        57.369 9
E10                                                                  23770242.866 9 124913433.332 9       -31.948 9        57.796 9  23770242.866 9 124913433.332 9       -31.948 9        57.796 9
E03                                                                  25017600.512 9 131468336.087 9      1941.102 9        57.352 9  25017600.512 9 131468336.087 9      1941.102 9        57.352 9
> 2026 02 03 10 02 21.0000000  0 18       0.000000000000
G02  20309417.256 9 106726686.926 9      -413.488 9        56.050 9                                                                  20309417.256 8 106726686.926 8      -413.488 8        53.050 8
G09  25310634.907 9 133008223.849 9     -2810.810 9        54.138 9                                                                  25310634.907 8 133008223.849 8     -2810.810 8        51.138 8
G13  25212582.908 9 132492948.210 9      1193.022 9        54.172 9                                                                  25212582.908 8 132492948.210 8      1193.022 8        51.172 8
G29  24842275.270 9 130546990.286 9      3072.530 9        54.300 9                                                                  24842275.270 8 130546990.286 8      3072.530 8        51.300 8
G10  22323380.963 9 117310124.037 9      3223.043 9        55.229 9                                                                  22323380.963 8 117310124.037 8      3223.043 8        52.229 8
G12  20800624.195 9 109307995.153 9       125.300 9        55.843 9                                                                  20800624.195 8 109307995.153 8       125.300 8        52.843 8
G17  24736498.010 9 129991106.659 9     -2960.641 9        54.337 9                                                                  24736498.010 8 129991106.659 8     -2960.641 8        51.337 8
G24  24304617.321 9 127721577.893 9      3045.242 9        54.490 9                                                                  24304617.321 8 127721577.893 8      3045.242 8        51.490 8
G30  22554476.526 9 118524542.040 9      2292.146 9        55.139 9                                                                  22554476.526 8 118524542.040 8      2292.146 8        52.139 8
G05  21251416.052 9 111676920.392 9       624.788 9        55.656 9                                                                  21251416.052 8 111676920.392 8       624.788 8        52.656 8
G04  21985740.991 9 115535817.886 9     -2490.098 9        55.361 9                                                                  21985740.991 8 115535817.886 8     -2490.098 8        52.361 8
E04                                                                  23386055.914 9 122894520.100 9      -169.739 9        57.937 9  23386055.914 9 122894520.100 9      -169.739 9        57.937 9
E05                                                                  26164732.078 9 137496530.921 9     -2070.436 9        56.962 9  26164732.078 9 137496530.921 9     -2070.436 9        56.962 9
E11                                                                  26698039.403 9 140299079.595 9     -2426.632 9        56.787 9  26698039.403 9 140299079.595 9     -2426.632 9        56.787 9
E20                                                                  27890557.858 9 146565791.731 9     -1699.456 9        56.407 9  27890557.858 9 146565791.731 9     -1699.456 9        56.407 9
E09                                                                  24965801.223 9 131196121.790 9      2551.357 9        57.370 9  24965801.223 9 131196121.790 9      2551.357 9        57.370 9
E10                                                                  23770248.990 9 124913465.515 9       -32.418 9        57.796 9  23770248.990 9 124913465.515 9       -32.418 9        57.796 9
E03                                                                  25017231.141 9 131466395.031 9      1941.011 9        57.352 9  25017231.141 9 131466395.031 9      1941.011 9        57.352 9
> 2026 02 03 10 02 22.0000000  0 18       0.000000000000
G02  20309495.978 9 106727100.609 9      -413.880 9        56.050 9                                                                  20309495.978 8 106727100.609 8      -413.880 8        53.050 8
G09  25311169.781 9 133011034.623 9     -2810.752 9        54.138 9                                                                  25311169.781 8 133011034.623 8     -2810.752 8        51.138 8
G13  25212355.927 9 132491755.422 9      1192.565 9        54.172 9                                                                  25212355.927 8 132491755.422 8      1192.565 8        51.172 8
G29  24841690.585 9 130543917.743 9      3072.554 9        54.300 9                                                                  24841690.585 8 130543917.743 8      3072.554 8        51.300 8
G10  22322767.669 9 117306901.159 9      3222.721 9        55.229 9                                                                  22322767.669 8 117306901.159 8      3222.721 8        52.229 8
G12  20800600.415 9 109307870.184 9       124.635 9        55.843 9                                                                  20800600.415 8 109307870.184 8       124.635 8        52.843 8
G17  24737061.412 9 129994067.345 9     -2960.765 9        54.337 9                                                                  24737061.412 8 129994067.345 8     -2960.765 8        51.337 8
G24  24304037.846 9 127718532.734 9      3045.076 9        54.490 9                                                                  24304037.846 8 127718532.734 8      3045.076 8        51.490 8
G30  22554040.391 9 118522250.140 9      2291.655 9        55.140 9                                                                  22554040.391 8 118522250.140 8      2291.655 8        52.140 8
G05  21251297.221 9 111676295.933 9       624.130 9        55.656 9                                                                  21251297.221 8 111676295.933 8       624.130 8        52.656 8
G04  21986214.858 9 115538308.070 9     -2490.282 9        55.361 9                                                                  21986214.858 8 115538308.070 8     -2490.282 8        52.361 8
E04                                                                  23386088.238 9 122894689.964 9      -169.989 9        57.937 9  23386088.238 9 122894689.964 9      -169.989 9        57.937 9
E05                                                                  26165126.084 9 137498601.432 9     -2070.606 9        56.962 9  26165126.084 9 137498601.432 9     -2070.606 9        56.962 9
E11                                                                  26698501.198 9 140301506.338 9     -2426.874 9        56.787 9  26698501.198 9 140301506.338 9     -2426.874 9        56.787 9
E20                                                                  27890881.283 9 146567491.333 9     -1699.760 9        56.407 9  27890881.283 9 146567491.333 9     -1699.760 9        56.407 9
E09                                                                  24965315.742 9 131193570.577 9      2551.077 9        57.370 9  24965315.742 9 131193570.577 9      2551.077 9        57.370 9
E10                                                                  23770255.203 9 124913498.169 9       -32.888 9        57.796 9  23770255.203 9 124913498.169 9       -32.888 9        57.796 9
E03                                                                  25016861.787 9 131464454.066 9      1940.920 9        57.352 9  25016861.787 9 131464454.066 9      1940.920 9        57.352 9
> 2026 02 03 10 02 23.0000000  0 18       0.000000000000
G02  20309574.774 9 106727514.684 9      -414.271 9        56.050 9                                                                  20309574.774 8 106727514.684 8      -414.271 8        53.050 8
G09  25311704.644 9 133013845.339 9     -2810.693 9        54.138 9                                                                  25311704.644 8 133013845.339 8     -2810.693 8        51.138 8
G13  25212129.033 9 132490563.090 9      1192.109 9        54.172 9                                                                  25212129.033 8 132490563.090 8      1192.109 8        51.172 8
G29  24841105.894 9 130540845.175 9      3072.579 9        54.301 9                                                                  24841105.894 8 130540845.175 8      3072.579 8        51.301 8
G10  22322154.436 9 117303678.603 9      3222.400 9        55.229 9                                                                  22322154.436 8 117303678.603 8      3222.400 8        52.229 8
G12  20800576.760 9 109307745.880 9       123.971 9        55.843 9                                                                  20800576.760 8 109307745.880 8       123.971 8        52.843 8
G17  24737624.838 9 129997028.156 9     -2960.889 9        54.337 9                                                                  24737624.838 8 129997028.156 8     -2960.889 8        51.337 8
G24  24303458.402 9 127715487.741 9      3044.911 9        54.491 9                                                                  24303458.402 8 127715487.741 8      3044.911 8        51.491 8
G30  22553604.350 9 118519958.730 9      2291.164 9        55.140 9                                                                  22553604.350 8 118519958.730 8      2291.164 8        52.140 8
G05  21251178.516 9 111675672.131 9       623.472 9        55.656 9                                                                  21251178.516 8 111675672.131 8       623.472 8        52.656 8
G04  21986688.760 9 115540798.437 9     -2490.465 9        55.361 9                                                                  21986688.760 8 115540798.437 8     -2490.465 8        52.361 8
E04                                                                  23386120.610 9 122894860.076 9      -170.238 9        57.937 9  23386120.610 9 122894860.076 9      -170.238 9        57.937 9
E05                                                                  26165520.123 9 137500672.114 9     -2070.776 9        56.962 9  26165520.123 9 137500672.114 9     -2070.776 9        56.962 9
E11                                                                  26698963.040 9 140303933.323 9     -2427.115 9        56.787 9  26698963.040 9 140303933.323 9     -2427.115 9        56.787 9
E20                                                                  27891204.766 9 146569191.239 9     -1700.064 9        56.407 9  27891204.766 9 146569191.239 9     -1700.064 9        56.407 9
E09                                                                  24964830.315 9 131191019.645 9      2550.798 9        57.370 9  24964830.315 9 131191019.645 9      2550.798 9        57.370 9
E10                                                                  23770261.507 9 124913531.292 9       -33.358 9        57.796 9  23770261.507 9 124913531.292 9       -33.358 9        57.796 9
E03                                                                  25016492.451 9 131462513.192 9      1940.829 9        57.352 9  25016492.451 9 131462513.192 9      1940.829 9        57.352 9
> 2026 02 03 10 02 24.0000000  0 18       0.000000000000
G02  20309653.644 9 106727929.150 9      -414.663 9        56.050 9                                                                  20309653.644 8 106727929.150 8      -414.663 8        53.050 8
G09  25312239.496 9 133016655.996 9     -2810.634 9        54.137 9                                                                  25312239.496 8 133016655.996 8     -2810.634 8        51.137 8
G13  25211902.226 9 132489371.215 9      1191.652 9        54.172 9                                                                  25211902.226 8 132489371.215 8      1191.652 8        51.172 8
G29  24840521.199 9 130537772.584 9      3072.603 9        54.301 9                                                                  24840521.199 8 130537772.584 8      3072.603 8        51.301 8
G10  22321541.264 9 117300456.368 9      3222.078 9        55.230 9                                                                  22321541.264 8 117300456.368 8      3222.078 8        52.230 8
G12  20800553.233 9 109307622.241 9       123.306 9        55.843 9                                                                  20800553.233 8 109307622.241 8       123.306 8        52.843 8
G17  24738188.288 9 129999989.090 9     -2961.012 9        54.337 9                                                                  24738188.288 8 129999989.090 8     -2961.012 8        51.337 8
G24  24302878.990 9 127712442.913 9      3044.745 9        54.491 9                                                                  24302878.990 8 127712442.913 8      3044.745 8        51.491 8
G30  22553168.403 9 118517667.813 9      2290.672 9        55.140 9                                                                  22553168.403 8 118517667.813 8      2290.672 8        52.140 8
G05  21251059.936 9 111675048.988 9       622.813 9        55.656 9                                                                  21251059.936 8 111675048.988 8       622.813 8        52.656 8
G04  21987162.697 9 115543288.987 9     -2490.648 9        55.361 9                                                                  21987162.697 8 115543288.987 8     -2490.648 8        52.361 8
E04                                                                  23386153.029 9 122895030.439 9      -170.488 9        57.937 9  23386153.029 9 122895030.439 9      -170.488 9        57.937 9
E05                                                                  26165914.195 9 137502742.965 9     -2070.947 9        56.962 9  26165914.195 9 137502742.965 9     -2070.947 9        56.962 9
E11                                                                  26699424.927 9 140306360.550 9     -2427.357 9        56.786 9  26699424.927 9 140306360.550 9     -2427.357 9        56.786 9
E20                                                                  27891528.306 9 146570891.448 9     -1700.368 9        56.407 9  27891528.306 9 146570891.448 9     -1700.368 9        56.407 9
E09                                                                  24964344.941 9 131188468.992 9      2550.518 9        57.370 9  24964344.941 9 131188468.992 9      2550.518 9        57.370 9
E10                                                                  23770267.899 9 124913564.885 9       -33.828 9        57.796 9  23770267.899 9 124913564.885 9       -33.828 9        57.796 9
E03                                                                  25016123.131 9 131460572.409 9      1940.739 9        57.352 9  25016123.131 9 131460572.409 9      1940.739 9        57.352 9
> 2026 02 03 10 02 25.0000000  0 18       0.000000000000
G02  20309732.589 9 106728344.007 9      -415.054 9        56.050 9                                                                  20309732.589 8 106728344.007 8      -415.054 8        53.050 8
G09  25312774.337 9 133019466.594 9     -2810.575 9        54.137 9                                                                  25312774.337 8 133019466.594 8     -2810.575 8        51.137 8
G13  25211675.506 9 132488179.797 9      1191.195 9        54.172 9                                                                  25211675.506 8 132488179.797 8      1191.195 8        51.172 8
G29  24839936.499 9 130534699.967 9      3072.627 9        54.301 9                                                                  24839936.499 8 130534699.967 8      3072.627 8        51.301 8
G10  22320928.154 9 117297234.456 9      3221.756 9        55.230 9                                                                  22320928.154 8 117297234.456 8      3221.756 8        52.230 8
G12  20800529.832 9 109307499.267 9       122.641 9        55.843 9                                                                  20800529.832 8 109307499.267 8       122.641 8        52.843 8
G17  24738751.761 9 130002950.148 9     -2961.136 9        54.337 9                                                                  24738751.761 8 130002950.148 8     -2961.136 8        51.337 8
G24  24302299.609 9 127709398.251 9      3044.579 9        54.491 9                                                                  24302299.609 8 127709398.251 8      3044.579 8        51.491 8
G30  22552732.549 9 118515377.386 9      2290.181 9        55.140 9                                                                  22552732.549 8 118515377.386 8      2290.181 8        52.140 8
G05  21250941.481 9 111674426.503 9       622.155 9        55.656 9                                                                  21250941.481 8 111674426.503 8       622.155 8        52.656 8
G04  21987636.668 9 115545779.721 9     -2490.832 9        55.360 9                                                                  21987636.668 8 115545779.721 8     -2490.832 8        52.360 8
E04                                                                  23386185.496 9 122895201.051 9      -170.738 9        57.937 9  23386185.496 9 122895201.051 9      -170.738 9        57.937 9
E05                                                                  26166308.299 9 137504813.987 9     -2071.117 9        56.962 9  26166308.299 9 137504813.987 9     -2071.117 9        56.962 9
E11                                                                  26699886.860 9 140308788.018 9     -2427.599 9        56.786 9  26699886.860 9 140308788.018 9     -2427.599 9        56.786 9
E20                                                                  27891851.905 9 146572591.961 9     -1700.671 9        56.407 9  27891851.905 9 146572591.961 9     -1700.671 9        56.407 9
E09                                                                  24963859.620 9 131185918.619 9      2550.238 9        57.370 9  24963859.620 9 131185918.619 9      2550.238 9        57.370 9
E10                                                                  23770274.381 9 124913598.948 9       -34.298 9        57.796 9  23770274.381 9 124913598.948 9       -34.298 9        57.796 9
E03                                                                  25015753.830 9 131458631.717 9      1940.647 9        57.352 9  25015753.830 9 131458631.717 9      1940.647 9        57.352 9
> 2026 02 03 10 02 26.0000000  0 18       0.000000000000
G02  20309811.608 9 106728759.256 9      -415.445 9        56.050 9                                                                  20309811.608 8 106728759.256 8      -415.445 8        53.050 8
G09  25313309.166 9 133022277.132 9     -2810.516 9        54.137 9                                                                  25313309.166 8 133022277.132 8     -2810.516 8        51.137 8
G13  25211448.873 9 132486988.835 9      1190.739 9        54.172 9                                                                  25211448.873 8 132486988.835 8      1190.739 8        51.172 8
G29  24839351.794 9 130531627.327 9      3072.652 9        54.301 9                                                                  24839351.794 8 130531627.327 8      3072.652 8        51.301 8
G10  22320315.105 9 117294012.866 9      3221.434 9        55.230 9                                                                  22320315.105 8 117294012.866 8      3221.434 8        52.230 8
G12  20800506.557 9 109307376.958 9       121.976 9        55.843 9                                                                  20800506.557 8 109307376.958 8       121.976 8        52.843 8
G17  24739315.257 9 130005911.330 9     -2961.260 9        54.336 9                                                                  24739315.257 8 130005911.330 8     -2961.260 8        51.336 8
G24  24301720.260 9 127706353.755 9      3044.414 9        54.491 9                                                                  24301720.260 8 127706353.755 8      3044.414 8        51.491 8
G30  22552296.788 9 118513087.451 9      2289.689 9        55.140 9                                                                  22552296.788 8 118513087.451 8      2289.689 8        52.140 8
G05  21250823.151 9 111673804.676 9       621.497 9        55.657 9                                                                  21250823.151 8 111673804.676 8       621.497 8        52.657 8
G04  21988110.675 9 115548270.638 9     -2491.015 9        55.360 9                                                                  21988110.675 8 115548270.638 8     -2491.015 8        52.360 8
E04                                                                  23386218.010 9 122895371.913 9      -170.987 9        57.937 9  23386218.010 9 122895371.913 9      -170.987 9        57.937 9
E05                                                                  26166702.435 9 137506885.179 9     -2071.287 9        56.961 9  26166702.435 9 137506885.179 9     -2071.287 9        56.961 9
E11                                                                  26700348.840 9 140311215.728 9     -2427.840 9        56.786 9  26700348.840 9 140311215.728 9     -2427.840 9        56.786 9
E20                                                                  27892175.561 9 146574292.777 9     -1700.975 9        56.407 9  27892175.561 9 146574292.777 9     -1700.975 9        56.407 9
E09                                                                  24963374.352 9 131183368.525 9      2549.958 9        57.370 9  24963374.352 9 131183368.525 9      2549.958 9        57.370 9
E10                                                                  23770280.952 9 124913633.480 9       -34.767 9        57.796 9  23770280.952 9 124913633.480 9       -34.767 9        57.796 9
E03                                                                  25015384.545 9 131456691.116 9      1940.556 9        57.352 9  25015384.545 9 131456691.116 9      1940.556 9        57.352 9
> 2026 02 03 10 02 27.0000000  0 18       0.000000000000
G02  20309890.702 9 106729174.896 9      -415.837 9        56.050 9                                                                  20309890.702 8 106729174.896 8      -415.837 8        53.050 8
G09  25313843.985 9 133025087.612 9     -2810.457 9        54.137 9                                                                  25313843.985 8 133025087.612 8     -2810.457 8        51.137 8
G13  25211222.326 9 132485798.330 9      1190.282 9        54.172 9                                                                  25211222.326 8 132485798.330 8      1190.282 8        51.172 8
G29  24838767.085 9 130528554.662 9      3072.676 9        54.301 9                                                                  24838767.085 8 130528554.662 8      3072.676 8        51.301 8
G10  22319702.117 9 117290791.597 9      3221.111 9        55.230 9                                                                  22319702.117 8 117290791.597 8      3221.111 8        52.230 8
G12  20800483.409 9 109307255.314 9       121.311 9        55.843 9                                                                  20800483.409 8 109307255.314 8       121.311 8        52.843 8
G17  24739878.778 9 130008872.635 9     -2961.384 9        54.336 9                                                                  24739878.778 8 130008872.635 8     -2961.384 8        51.336 8
G24  24301140.943 9 127703309.424 9      3044.248 9        54.492 9                                                                  24301140.943 8 127703309.424 8      3044.248 8        51.492 8
G30  22551861.121 9 118510798.007 9      2289.198 9        55.140 9                                                                  22551861.121 8 118510798.007 8      2289.198 8        52.140 8
G05  21250704.947 9 111673183.507 9       620.839 9        55.657 9                                                                  21250704.947 8 111673183.507 8       620.839 8        52.657 8
G04  21988584.716 9 115550761.738 9     -2491.198 9        55.360 9                                                                  21988584.716 8 115550761.738 8     -2491.198 8        52.360 8
E04                                                                  23386250.571 9 122895543.024 9      -171.237 9        57.937 9  23386250.571 9 122895543.024 9      -171.237 9        57.937 9
E05                                                                  26167096.604 9 137508956.541 9     -2071.457 9        56.961 9  26167096.604 9 137508956.541 9     -2071.457 9        56.961 9
E11                                                                  26700810.865 9 140313643.680 9     -2428.082 9        56.786 9  26700810.865 9 140313643.680 9     -2428.082 9        56.786 9
E20                                                                  27892499.275 9 146575993.897 9     -1701.278 9        56.407 9  27892499.275 9 146575993.897 9     -1701.278 9        56.407 9
E09                                                                  24962889.138 9 131180818.711 9      2549.679 9        57.371 9  24962889.138 9 131180818.711 9      2549.679 9        57.371 9
E10                                                                  23770287.613 9 124913668.483 9       -35.237 9        57.796 9  23770287.613 9 124913668.483 9       -35.237 9        57.796 9
E03                                                                  25015015.278 9 131454750.606 9      1940.465 9        57.352 9  25015015.278 9 131454750.606 9      1940.465 9        57.352 9
> 2026 02 03 10 02 28.0000000  0 18       0.000000000000
G02  20309969.871 9 106729590.927 9      -416.228 9        56.050 9                                                                  20309969.871 8 106729590.927 8      -416.228 8        53.050 8
G09  25314378.792 9 133027898.032 9     -2810.397 9        54.137 9                                                                  25314378.792 8 133027898.032 8     -2810.397 8        51.137 8
G13  25210995.867 9 132484608.282 9      1189.825 9        54.172 9                                                                  25210995.867 8 132484608.282 8      1189.825 8        51.172 8
G29  24838182.372 9 130525481.973 9      3072.700 9        54.302 9                                                                  24838182.372 8 130525481.973 8      3072.700 8        51.302 8
G10  22319089.191 9 117287570.651 9      3220.789 9        55.231 9                                                                  22319089.191 8 117287570.651 8      3220.789 8        52.231 8
G12  20800460.388 9 109307134.334 9       120.646 9        55.843 9                                                                  20800460.388 8 109307134.334 8       120.646 8        52.843 8
G17  24740442.321 9 130011834.064 9     -2961.507 9        54.336 9                                                                  24740442.321 8 130011834.064 8     -2961.507 8        51.336 8
G24  24300561.657 9 127700265.260 9      3044.082 9        54.492 9                                                                  24300561.657 8 127700265.260 8      3044.082 8        51.492 8
G30  22551425.548 9 118508509.056 9      2288.706 9        55.141 9                                                                  22551425.548 8 118508509.056 8      2288.706 8        52.141 8
G05  21250586.868 9 111672562.996 9       620.181 9        55.657 9                                                                  21250586.868 8 111672562.996 8       620.181 8        52.657 8
G04  21989058.793 9 115553253.021 9     -2491.381 9        55.360 9                                                                  21989058.793 8 115553253.021 8     -2491.381 8        52.360 8
E04                                                                  23386283.180 9 122895714.385 9      -171.487 9        57.937 9  23386283.180 9 122895714.385 9      -171.487 9        57.937 9
E05                                                                  26167490.804 9 137511028.073 9     -2071.627 9        56.961 9  26167490.804 9 137511028.073 9     -2071.627 9        56.961 9
E11                                                                  26701272.936 9 140316071.873 9     -2428.323 9        56.786 9  26701272.936 9 140316071.873 9     -2428.323 9        56.786 9
E20                                                                  27892823.047 9 146577695.321 9     -1701.582 9        56.407 9  27892823.047 9 146577695.321 9     -1701.582 9        56.407 9
E09                                                                  24962403.977 9 131178269.178 9      2549.399 9        57.371 9  24962403.977 9 131178269.178 9      2549.399 9        57.371 9
E10                                                                  23770294.363 9 124913703.955 9       -35.707 9        57.796 9  23770294.363 9 124913703.955 9       -35.707 9        57.796 9
E03                                                                  25014646.028 9 131452810.187 9      1940.374 9        57.353 9  25014646.028 9 131452810.187 9      1940.374 9        57.353 9
> 2026 02 03 10 02 29.0000000  0 18       0.000000000000
G02  20310049.113 9 106730007.350 9      -416.619 9        56.050 9                                                                  20310049.113 8 106730007.350 8      -416.619 8        53.050 8
G09  25314913.587 9 133030708.393 9     -2810.338 9        54.137 9                                                                  25314913.587 8 133030708.393 8     -2810.338 8        51.137 8
G13  25210769.494 9 132483418.691 9      1189.368 9        54.172 9                                                                  25210769.494 8 132483418.691 8      1189.368 8        51.172 8
G29  24837597.653 9 130522409.259 9      3072.725 9        54.302 9                                                                  24837597.653 8 130522409.259 8      3072.725 8        51.302 8
G10  22318476.326 9 117284350.028 9      3220.467 9        55.231 9                                                                  22318476.326 8 117284350.028 8      3220.467 8        52.231 8
G12  20800437.493 9 109307014.020 9       119.981 9        55.843 9                                                                  20800437.493 8 109307014.020 8       119.981 8        52.843 8
G17  24741005.889 9 130014795.618 9     -2961.631 9        54.336 9                                                                  24741005.889 8 130014795.618 8     -2961.631 8        51.336 8
G24  24299982.403 9 127697221.261 9      3043.916 9        54.492 9                                                                  24299982.403 8 127697221.261 8      3043.916 8        51.492 8
G30  22550990.068 9 118506220.596 9      2288.214 9        55.141 9                                                                  22550990.068 8 118506220.596 8      2288.214 8        52.141 8
G05  21250468.914 9 111671943.144 9       619.523 9        55.657 9                                                                  21250468.914 8 111671943.144 8       619.523 8        52.657 8
G04  21989532.904 9 115555744.487 9     -2491.564 9        55.360 9                                                                  21989532.904 8 115555744.487 8     -2491.564 8        52.360 8
E04                                                                  23386315.837 9 122895885.996 9      -171.736 9        57.937 9  23386315.837 9 122895885.996 9      -171.736 9        57.937 9
E05                                                                  26167885.038 9 137513099.775 9     -2071.797 9        56.961 9  26167885.038 9 137513099.775 9     -2071.797 9        56.961 9
E11                                                                  26701735.053 9 140318500.307 9     -2428.564 9        56.786 9  26701735.053 9 140318500.307 9     -2428.564 9        56.786 9
E20                                                                  27893146.876 9 146579397.048 9     -1701.885 9        56.407 9  27893146.876 9 146579397.048 9     -1701.885 9        56.407 9
E09                                                                  24961918.869 9 131175719.924 9      2549.119 9        57.371 9  24961918.869 9 131175719.924 9      2549.119 9        57.371 9
E10                                                                  23770301.203 9 124913739.897 9       -36.177 9        57.796 9  23770301.203 9 124913739.897 9       -36.177 9        57.796 9
E03                                                                  25014276.796 9 131450869.860 9      1940.283 9        57.353 9  25014276.796 9 131450869.860 9      1940.283 9        57.353 9
> 2026 02 03 10 02 30.0000000  0 17       0.000000000000
G02  20310128.431 9 106730424.164 9      -417.011 9        56.050 9                                                                  20310128.431 8 106730424.164 8      -417.011 8        53.050 8
G13  25210543.209 9 132482229.557 9      1188.911 9        54.172 9                                                                  25210543.209 8 132482229.557 8      1188.911 8        51.172 8
G29  24837012.930 9 130519336.522 9      3072.749 9        54.302 9                                                                  24837012.930 8 130519336.522 8      3072.749 8        51.302 8
G10  22317863.522 9 117281129.727 9      3220.144 9        55.231 9                                                                  22317863.522 8 117281129.727 8      3220.144 8        52.231 8
G12  20800414.725 9 109306894.370 9       119.316 9        55.843 9                                                                  20800414.725 8 109306894.370 8       119.316 8        52.843 8
G17  24741569.479 9 130017757.294 9     -2961.755 9        54.336 9                                                                  24741569.479 8 130017757.294 8     -2961.755 8        51.336 8
G24  24299403.180 9 127694177.428 9      3043.750 9        54.492 9                                                                  24299403.180 8 127694177.428 8      3043.750 8        51.492 8
G30  22550554.682 9 118503932.627 9      2287.722 9        55.141 9                                                                  22550554.682 8 118503932.627 8      2287.722 8        52.141 8
G05  21250351.085 9 111671323.949 9       618.864 9        55.657 9                                                                  21250351.085 8 111671323.949 8       618.864 8        52.657 8
G04  21990007.050 9 115558236.136 9     -2491.747 9        55.360 9                                                                  21990007.050 8 115558236.136 8     -2491.747 8        52.360 8
E04                                                                  23386348.541 9 122896057.856 9      -171.986 9        57.937 9  23386348.541 9 122896057.856 9      -171.986 9        57.937 9
E05                                                                  26168279.303 9 137515171.647 9     -2071.967 9        56.961 9  26168279.303 9 137515171.647 9     -2071.967 9        56.961 9
E11                                                                  26702197.216 9 140320928.983 9     -2428.806 9        56.786 9  26702197.216 9 140320928.983 9     -2428.806 9        56.786 9
E20                                                                  27893470.764 9 146581099.078 9     -1702.189 9        56.406 9  27893470.764 9 146581099.078 9     -1702.189 9        56.406 9
E09                                                                  24961433.814 9 131173170.950 9      2548.839 9        57.371 9  24961433.814 9 131173170.950 9      2548.839 9        57.371 9
E10                                                                  23770308.132 9 124913776.308 9       -36.646 9        57.796 9  23770308.132 9 124913776.308 9       -36.646 9        57.796 9
E03                                                                  25013907.581 9 131448929.623 9      1940.192 9        57.353 9  25013907.581 9 131448929.623 9      1940.192 9        57.353 9
> 2026 02 03 10 02 31.0000000  0 17       0.000000000000
G02  20310207.822 9 106730841.369 9      -417.402 9        56.050 9                                                                  20310207.822 8 106730841.369 8      -417.402 8        53.050 8
G13  25210317.011 9 132481040.880 9      1188.454 9        54.172 9                                                                  25210317.011 8 132481040.880 8      1188.454 8        51.172 8
G29  24836428.203 9 130516263.760 9      3072.773 9        54.302 9                                                                  24836428.203 8 130516263.760 8      3072.773 8        51.302 8
G10  22317250.780 9 117277909.748 9      3219.822 9        55.231 9                                                                  22317250.780 8 117277909.748 8      3219.822 8        52.231 8
G12  20800392.083 9 109306775.386 9       118.651 9        55.843 9                                                                  20800392.083 8 109306775.386 8       118.651 8        52.843 8
G17  24742133.094 9 130020719.095 9     -2961.879 9        54.335 9                                                                  24742133.094 8 130020719.095 8     -2961.879 8        51.335 8
G24  24298823.988 9 127691133.761 9      3043.585 9        54.492 9                                                                  24298823.988 8 127691133.761 8      3043.585 8        51.492 8
G30  22550119.389 9 118501645.151 9      2287.230 9        55.141 9                                                                  22550119.389 8 118501645.151 8      2287.230 8        52.141 8
G05  21250233.382 9 111670705.413 9       618.206 9        55.657 9                                                                  21250233.382 8 111670705.413 8       618.206 8        52.657 8
G04  21990481.231 9 115560727.969 9     -2491.930 9        55.359 9                                                                  21990481.231 8 115560727.969 8     -2491.930 8        52.359 8
E04                                                                  23386381.292 9 122896229.966 9      -172.236 9        57.937 9  23386381.292 9 122896229.966 9      -172.236 9        57.937 9
E05                                                                  26168673.602 9 137517243.690 9     -2072.138 9        56.961 9  26168673.602 9 137517243.690 9     -2072.138 9        56.961 9
E11                                                                  26702659.426 9 140323357.900 9     -2429.047 9        56.785 9  26702659.426 9 140323357.900 9     -2429.047 9        56.785 9
E20                                                                  27893794.709 9 146582801.412 9     -1702.492 9        56.406 9  27893794.709 9 146582801.412 9     -1702.492 9        56.406 9
E09                                                                  24960948.813 9 131170622.256 9      2548.559 9        57.371 9  24960948.813 9 131170622.256 9      2548.559 9        57.371 9
E10                                                                  23770315.150 9 124913813.190 9       -37.116 9        57.796 9  23770315.150 9 124913813.190 9       -37.116 9        57.796 9
E03                                                                  25013538.383 9 131446989.478 9      1940.101 9        57.353 9  25013538.383 9 131446989.478 9      1940.101 9        57.353 9
> 2026 02 03 10 02 32.0000000  0 17       0.000000000000
G02  20310287.289 9 106731258.965 9      -417.793 9        56.050 9                                                                  20310287.289 8 106731258.965 8      -417.793 8        53.050 8
G13  25210090.899 9 132479852.661 9      1187.996 9        54.173 9                                                                  25210090.899 8 132479852.661 8      1187.996 8        51.173 8
G29  24835843.471 9 130513190.974 9      3072.797 9        54.302 9                                                                  24835843.471 8 130513190.974 8      3072.797 8        51.302 8
G10  22316638.099 9 117274690.092 9      3219.499 9        55.231 9                                                                  22316638.099 8 117274690.092 8      3219.499 8        52.231 8
G12  20800369.568 9 109306657.066 9       117.986 9        55.843 9                                                                  20800369.568 8 109306657.066 8       117.986 8        52.843 8
G17  24742696.732 9 130023681.019 9     -2962.002 9        54.335 9                                                                  24742696.732 8 130023681.019 8     -2962.002 8        51.335 8
G24  24298244.829 9 127688090.260 9      3043.419 9        54.493 9                                                                  24298244.829 8 127688090.260 8      3043.419 8        51.493 8
G30  22549684.190 9 118499358.167 9      2286.738 9        55.141 9                                                                  22549684.190 8 118499358.167 8      2286.738 8        52.141 8
G05  21250115.803 9 111670087.536 9       617.548 9        55.657 9                                                                  21250115.803 8 111670087.536 8       617.548 8        52.657 8
G04  21990955.446 9 115563219.984 9     -2492.113 9        55.359 9                                                                  21990955.446 8 115563219.984 8     -2492.113 8        52.359 8
E04                                                                  23386414.091 9 122896402.326 9      -172.485 9        57.937 9  23386414.091 9 122896402.326 9      -172.485 9        57.937 9
E05                                                                  26169067.932 9 137519315.903 9     -2072.307 9        56.961 9  26169067.932 9 137519315.903 9     -2072.307 9        56.961 9
E11                                                                  26703121.680 9 140325787.058 9     -2429.288 9        56.785 9  26703121.680 9 140325787.058 9     -2429.288 9        56.785 9
E20                                                                  27894118.711 9 146584504.049 9     -1702.795 9        56.406 9  27894118.711 9 146584504.049 9     -1702.795 9        56.406 9
E09                                                                  24960463.865 9 131168073.843 9      2548.279 9        57.371 9  24960463.865 9 131168073.843 9      2548.279 9        57.371 9
E10                                                                  23770322.257 9 124913850.541 9       -37.586 9        57.796 9  23770322.257 9 124913850.541 9       -37.586 9        57.796 9
E03                                                                  25013169.202 9 131445049.424 9      1940.009 9        57.353 9  25013169.202 9 131445049.424 9      1940.009 9        57.353 9
> 2026 02 03 10 02 33.0000000  0 17       0.000000000000
G02  20310366.829 9 106731676.953 9      -418.184 9        56.050 9                                                                  20310366.829 8 106731676.953 8      -418.184 8        53.050 8
G13  25209864.875 9 132478664.899 9      1187.539 9        54.173 9                                                                  25209864.875 8 132478664.899 8      1187.539 8        51.173 8
G29  24835258.734 9 130510118.163 9      3072.821 9        54.303 9                                                                  24835258.734 8 130510118.163 8      3072.821 8        51.303 8
G10  22316025.479 9 117271470.759 9      3219.176 9        55.232 9                                                                  22316025.479 8 117271470.759 8      3219.176 8        52.232 8
G12  20800347.179 9 109306539.412 9       117.321 9        55.843 9                                                                  20800347.179 8 109306539.412 8       117.321 8        52.843 8
G17  24743260.393 9 130026643.067 9     -2962.126 9        54.335 9                                                                  24743260.393 8 130026643.067 8     -2962.126 8        51.335 8
G24  24297665.701 9 127685046.924 9      3043.253 9        54.493 9                                                                  24297665.701 8 127685046.924 8      3043.253 8        51.493 8
G30  22549249.085 9 118497071.675 9      2286.246 9        55.141 9                                                                  22549249.085 8 118497071.675 8      2286.246 8        52.141 8
G05  21249998.351 9 111669470.316 9       616.889 9        55.657 9                                                                  21249998.351 8 111669470.316 8       616.889 8        52.657 8
G04  21991429.697 9 115565712.182 9     -2492.296 9        55.359 9                                                                  21991429.697 8 115565712.182 8     -2492.296 8        52.359 8
E04                                                                  23386446.938 9 122896574.935 9      -172.735 9        57.937 9  23386446.938 9 122896574.935 9      -172.735 9        57.937 9
E05                                                                  26169462.295 9 137521388.285 9     -2072.478 9        56.961 9  26169462.295 9 137521388.285 9     -2072.478 9        56.961 9
E11                                                                  26703583.981 9 140328216.457 9     -2429.529 9        56.785 9  26703583.981 9 140328216.457 9     -2429.529 9        56.785 9
E20                                                                  27894442.772 9 146586206.989 9     -1703.098 9        56.406 9  27894442.772 9 146586206.989 9     -1703.098 9        56.406 9
E09                                                                  24959978.971 9 131165525.709 9      2547.998 9        57.372 9  24959978.971 9 131165525.709 9      2547.998 9        57.372 9
E10                                                                  23770329.454 9 124913888.362 9       -38.056 9        57.796 9  23770329.454 9 124913888.362 9       -38.056 9        57.796 9
E03                                                                  25012800.039 9 131443109.461 9      1939.918 9        57.353 9  25012800.039 9 131443109.461 9      1939.918 9        57.353 9
> 2026 02 03 10 02 34.0000000  0 17       0.000000000000
G02  20310446.444 9 106732095.331 9      -418.575 9        56.050 9                                                                  20310446.444 8 106732095.331 8      -418.575 8        53.050 8
G13  25209638.937 9 132477477.594 9      1187.082 9        54.173 9                                                                  25209638.937 8 132477477.594 8      1187.082 8        51.173 8
G29  24834673.992 9 130507045.329 9      3072.845 9        54.303 9                                                                  24834673.992 8 130507045.329 8      3072.845 8        51.303 8
G10  22315412.921 9 117268251.749 9      3218.853 9        55.232 9                                                                  22315412.921 8 117268251.749 8      3218.853 8        52.232 8
G12  20800324.917 9 109306422.422 9       116.656 9        55.843 9                                                                  20800324.917 8 109306422.422 8       116.656 8        52.843 8
G17  24743824.078 9 130029605.238 9     -2962.249 9        54.335 9                                                                  24743824.078 8 130029605.238 8     -2962.249 8        51.335 8
G24  24297086.604 9 127682003.755 9      3043.087 9        54.493 9                                                                  24297086.604 8 127682003.755 8      3043.087 8        51.493 8
G30  22548814.073 9 118494785.675 9      2285.754 9        55.142 9                                                                  22548814.073 8 118494785.675 8      2285.754 8        52.142 8
G05  21249881.023 9 111668853.756 9       616.231 9        55.657 9                                                                  21249881.023 8 111668853.756 8       616.231 8        52.657 8
G04  21991903.982 9 115568204.563 9     -2492.479 9        55.359 9                                                                  21991903.982 8 115568204.563 8     -2492.479 8        52.359 8
E04                                                                  23386479.832 9 122896747.795 9      -172.985 9        57.937 9  23386479.832 9 122896747.795 9      -172.985 9        57.937 9
E05                                                                  26169856.690 9 137523460.838 9     -2072.648 9        56.960 9  26169856.690 9 137523460.838 9     -2072.648 9        56.960 9
E11                                                                  26704046.328 9 140330646.097 9     -2429.770 9        56.785 9  26704046.328 9 140330646.097 9     -2429.770 9        56.785 9
E20                                                                  27894766.890 9 146587910.232 9     -1703.401 9        56.406 9  27894766.890 9 146587910.232 9     -1703.401 9        56.406 9
E09                                                                  24959494.129 9 131162977.856 9      2547.718 9        57.372 9  24959494.129 9 131162977.856 9      2547.718 9        57.372 9
E10                                                                  23770336.741 9 124913926.652 9       -38.525 9        57.796 9  23770336.741 9 124913926.652 9       -38.525 9        57.796 9
E03                                                                  25012430.894 9 131441169.590 9      1939.827 9        57.353 9  25012430.894 9 131441169.590 9      1939.827 9        57.353 9
> 2026 02 03 10 02 35.0000000  0 17       0.000000000000
G02  20310526.133 9 106732514.101 9      -418.966 9        56.050 9                                                                  20310526.133 8 106732514.101 8      -418.966 8        53.050 8
G13  25209413.087 9 132476290.746 9      1186.624 9        54.173 9                                                                  25209413.087 8 132476290.746 8      1186.624 8        51.173 8
G29  24834089.246 9 130503972.470 9      3072.870 9        54.303 9                                                                  24834089.246 8 130503972.470 8      3072.870 8        51.303 8
G10  22314800.425 9 117265033.062 9      3218.530 9        55.232 9                                                                  22314800.425 8 117265033.062 8      3218.530 8        52.232 8
G12  20800302.781 9 109306306.098 9       115.991 9        55.843 9                                                                  20800302.781 8 109306306.098 8       115.991 8        52.843 8
G17  24744387.787 9 130032567.533 9     -2962.373 9        54.335 9                                                                  24744387.787 8 130032567.533 8     -2962.373 8        51.335 8
G24  24296507.539 9 127678960.751 9      3042.921 9        54.493 9                                                                  24296507.539 8 127678960.751 8      3042.921 8        51.493 8
G30  22548379.155 9 118492500.167 9      2285.261 9        55.142 9                                                                  22548379.155 8 118492500.167 8      2285.261 8        52.142 8
G05  21249763.821 9 111668237.853 9       615.572 9        55.657 9                                                                  21249763.821 8 111668237.853 8       615.572 8        52.657 8
G04  21992378.302 9 115570697.126 9     -2492.661 9        55.359 9                                                                  21992378.302 8 115570697.126 8     -2492.661 8        52.359 8
E04                                                                  23386512.774 9 122896920.904 9      -173.235 9        57.937 9  23386512.774 9 122896920.904 9      -173.235 9        57.937 9
E05                                                                  26170251.117 9 137525533.561 9     -2072.818 9        56.960 9  26170251.117 9 137525533.561 9     -2072.818 9        56.960 9
E11                                                                  26704508.720 9 140333075.979 9     -2430.011 9        56.785 9  26704508.720 9 140333075.979 9     -2430.011 9        56.785 9
E20                                                                  27895091.065 9 146589613.778 9     -1703.704 9        56.406 9  27895091.065 9 146589613.778 9     -1703.704 9        56.406 9
E09                                                                  24959009.341 9 131160430.283 9      2547.438 9        57.372 9  24959009.341 9 131160430.283 9      2547.438 9        57.372 9
E10                                                                  23770344.117 9 124913965.412 9       -38.995 9        57.796 9  23770344.117 9 124913965.412 9       -38.995 9        57.796 9
E03                                                                  25012061.765 9 131439229.810 9      1939.735 9        57.353 9  25012061.765 9 131439229.810 9      1939.735 9        57.353 9
> 2026 02 03 10 02 36.0000000  0 17       0.000000000000
G02  20310605.897 9 106732933.261 9      -419.357 9        56.050 9                                                                  20310605.897 8 106732933.261 8      -419.357 8        53.050 8
G13  25209187.324 9 132475104.356 9      1186.167 9        54.173 9                                                                  25209187.324 8 132475104.356 8      1186.167 8        51.173 8
G29  24833504.496 9 130500899.588 9      3072.894 9        54.303 9                                                                  24833504.496 8 130500899.588 8      3072.894 8        51.303 8
G10  22314187.989 9 117261814.698 9      3218.207 9        55.232 9                                                                  22314187.989 8 117261814.698 8      3218.207 8        52.232 8
G12  20800280.772 9 109306190.438 9       115.326 9        55.843 9                                                                  20800280.772 8 109306190.438 8       115.326 8        52.843 8
G17  24744951.519 9 130035529.952 9     -2962.497 9        54.334 9                                                                  24744951.519 8 130035529.952 8     -2962.497 8        51.334 8
G24  24295928.506 9 127675917.914 9      3042.755 9        54.493 9                                                                  24295928.506 8 127675917.914 8      3042.755 8        51.493 8
G30  22547944.331 9 118490215.152 9      2284.769 9        55.142 9                                                                  22547944.331 8 118490215.152 8      2284.769 8        52.142 8
G05  21249646.744 9 111667622.609 9       614.914 9        55.657 9                                                                  21249646.744 8 111667622.609 8       614.914 8        52.657 8
G04  21992852.657 9 115573189.872 9     -2492.844 9        55.358 9                                                                  21992852.657 8 115573189.872 8     -2492.844 8        52.358 8
E04                                                                  23386545.763 9 122897094.263 9      -173.485 9        57.937 9  23386545.763 9 122897094.263 9      -173.485 9        57.937 9
E05                                                                  26170645.577 9 137527606.454 9     -2072.988 9        56.960 9  26170645.577 9 137527606.454 9     -2072.988 9        56.960 9
E11                                                                  26704971.159 9 140335506.101 9     -2430.252 9        56.785 9  26704971.159 9 140335506.101 9     -2430.252 9        56.785 9
E20                                                                  27895415.299 9 146591317.627 9     -1704.007 9        56.406 9  27895415.299 9 146591317.627 9     -1704.007 9        56.406 9
E09                                                                  24958524.606 9 131157882.990 9      2547.158 9        57.372 9  24958524.606 9 131157882.990 9      2547.158 9        57.372 9
E10                                                                  23770351.582 9 124914004.642 9       -39.465 9        57.796 9  23770351.582 9 124914004.642 9       -39.465 9        57.796 9
E03                                                                  25011692.655 9 131437290.121 9      1939.644 9        57.354 9  25011692.655 9 131437290.121 9      1939.644 9        57.354 9
> 2026 02 03 10 02 37.0000000  0 17       0.000000000000
G02  20310685.735 9 106733352.813 9      -419.748 9        56.050 9                                                                  20310685.735 8 106733352.813 8      -419.748 8        53.050 8
G13  25208961.647 9 132473918.424 9      1185.709 9        54.173 9                                                                  25208961.647 8 132473918.424 8      1185.709 8        51.173 8
G29  24832919.741 9 130497826.681 9      3072.918 9        54.304 9                                                                  24832919.741 8 130497826.681 8      3072.918 8        51.304 8
G10  22313575.616 9 117258596.657 9      3217.884 9        55.233 9                                                                  22313575.616 8 117258596.657 8      3217.884 8        52.233 8
G12  20800258.889 9 109306075.444 9       114.661 9        55.843 9                                                                  20800258.889 8 109306075.444 8       114.661 8        52.843 8
G17  24745515.274 9 130038492.494 9     -2962.620 9        54.334 9                                                                  24745515.274 8 130038492.494 8     -2962.620 8        51.334 8
G24  24295349.504 9 127672875.243 9      3042.589 9        54.494 9                                                                  24295349.504 8 127672875.243 8      3042.589 8        51.494 8
G30  22547509.601 9 118487930.629 9      2284.276 9        55.142 9                                                                  22547509.601 8 118487930.629 8      2284.276 8        52.142 8
G05  21249529.792 9 111667008.023 9       614.256 9        55.657 9                                                                  21249529.792 8 111667008.023 8       614.256 8        52.657 8
G04  21993327.046 9 115575682.801 9     -2493.027 9        55.358 9                                                                  21993327.046 8 115575682.801 8     -2493.027 8        52.358 8
E04                                                                  23386578.800 9 122897267.872 9      -173.735 9        57.937 9  23386578.800 9 122897267.872 9      -173.735 9        57.937 9
E05                                                                  26171040.070 9 137529679.517 9     -2073.158 9        56.960 9  26171040.070 9 137529679.517 9     -2073.158 9        56.960 9
E11                                                                  26705433.643 9 140337936.464 9     -2430.493 9        56.784 9  26705433.643 9 140337936.464 9     -2430.493 9        56.784 9
E20                                                                  27895739.589 9 146593021.779 9     -1704.310 9        56.406 9  27895739.589 9 146593021.779 9     -1704.310 9        56.406 9
E09                                                                  24958039.925 9 131155335.978 9      2546.877 9        57.372 9  24958039.925 9 131155335.978 9      2546.877 9        57.372 9
E10                                                                  23770359.136 9 124914044.342 9       -39.934 9        57.796 9  23770359.136 9 124914044.342 9       -39.934 9        57.796 9
E03                                                                  25011323.561 9 131435350.524 9      1939.552 9        57.354 9  25011323.561 9 131435350.524 9      1939.552 9        57.354 9
> 2026 02 03 10 02 38.0000000  0 17       0.000000000000
G02  20310765.648 9 106733772.756 9      -420.139 9        56.050 9                                                                  20310765.648 8 106733772.756 8      -420.139 8        53.050 8
G13  25208736.058 9 132472732.949 9      1185.251 9        54.173 9                                                                  25208736.058 8 132472732.949 8      1185.251 8        51.173 8
G29  24832334.981 9 130494753.751 9      3072.942 9        54.304 9                                                                  24832334.981 8 130494753.751 8      3072.942 8        51.304 8
G10  22312963.304 9 117255378.939 9      3217.560 9        55.233 9                                                                  22312963.304 8 117255378.939 8      3217.560 8        52.233 8
G12  20800237.133 9 109305961.115 9       113.996 9        55.843 9                                                                  20800237.133 8 109305961.115 8       113.996 8        52.843 8
G17  24746079.053 9 130041455.160 9     -2962.744 9        54.334 9                                                                  24746079.053 8 130041455.160 8     -2962.744 8        51.334 8
G24  24294770.534 9 127669832.737 9      3042.423 9        54.494 9                                                                  24294770.534 8 127669832.737 8      3042.423 8        51.494 8
G30  22547074.964 9 118485646.599 9      2283.784 9        55.142 9                                                                  22547074.964 8 118485646.599 8      2283.784 8        52.142 8
G05  21249412.966 9 111666394.096 9       613.597 9        55.657 9                                                                  21249412.966 8 111666394.096 8       613.597 8        52.657 8
G04  21993801.470 9 115578175.913 9     -2493.209 9        55.358 9                                                                  21993801.470 8 115578175.913 8     -2493.209 8        52.358 8
E04                                                                  23386611.884 9 122897441.730 9      -173.985 9        57.937 9  23386611.884 9 122897441.730 9      -173.985 9        57.937 9
E05                                                                  26171434.594 9 137531752.751 9     -2073.328 9        56.960 9  26171434.594 9 137531752.751 9     -2073.328 9        56.960 9
E11                                                                  26705896.173 9 140340367.068 9     -2430.734 9        56.784 9  26705896.173 9 140340367.068 9     -2430.734 9        56.784 9
E20                                                                  27896063.938 9 146594726.234 9     -1704.613 9        56.406 9  27896063.938 9 146594726.234 9     -1704.613 9        56.406 9
E09                                                                  24957555.297 9 131152789.246 9      2546.597 9        57.372 9  24957555.297 9 131152789.246 9      2546.597 9        57.372 9
E10                                                                  23770366.780 9 124914084.511 9       -40.404 9        57.796 9  23770366.780 9 124914084.511 9       -40.404 9        57.796 9
E03                                                                  25010954.485 9 131433411.018 9      1939.461 9        57.354 9  25010954.485 9 131433411.018 9      1939.461 9        57.354 9
> 2026 02 03 10 02 39.0000000  0 17       0.000000000000
G02  20310845.635 9 106734193.089 9      -420.530 9        56.049 9                                                                  20310845.635 8 106734193.089 8      -420.530 8        53.049 8
G13  25208510.556 9 132471547.932 9      1184.794 9        54.173 9                                                                  25208510.556 8 132471547.932 8      1184.794 8        51.173 8
G29  24831750.217 9 130491680.796 9      3072.966 9        54.304 9                                                                  24831750.217 8 130491680.796 8      3072.966 8        51.304 8
G10  22312351.053 9 117252161.545 9      3217.237 9        55.233 9                                                                  22312351.053 8 117252161.545 8      3217.237 8        52.233 8
G12  20800215.504 9 109305847.450 9       113.331 9        55.843 9                                                                  20800215.504 8 109305847.450 8       113.331 8        52.843 8
G17  24746642.856 9 130044417.949 9     -2962.867 9        54.334 9                                                                  24746642.856 8 130044417.949 8     -2962.867 8        51.334 8
G24  24294191.595 9 127666790.398 9      3042.257 9        54.494 9                                                                  24294191.595 8 127666790.398 8      3042.257 8        51.494 8
G30  22546640.421 9 118483363.061 9      2283.291 9        55.142 9                                                                  22546640.421 8 118483363.061 8      2283.291 8        52.142 8
G05  21249296.265 9 111665780.828 9       612.938 9        55.657 9                                                                  21249296.265 8 111665780.828 8       612.938 8        52.657 8
G04  21994275.929 9 115580669.207 9     -2493.392 9        55.358 9                                                                  21994275.929 8 115580669.207 8     -2493.392 8        52.358 8
E04                                                                  23386645.016 9 122897615.839 9      -174.234 9        57.937 9  23386645.016 9 122897615.839 9      -174.234 9        57.937 9
E05                                                                  26171829.151 9 137533826.154 9     -2073.498 9        56.960 9  26171829.151 9 137533826.154 9     -2073.498 9        56.960 9
E11                                                                  26706358.749 9 140342797.912 9     -2430.974 9        56.784 9  26706358.749 9 140342797.912 9     -2430.974 9        56.784 9
E20                                                                  27896388.344 9 146596430.992 9     -1704.916 9        56.406 9  27896388.344 9 146596430.992 9     -1704.916 9        56.406 9
E09                                                                  24957070.723 9 131150242.794 9      2546.316 9        57.373 9  24957070.723 9 131150242.794 9      2546.316 9        57.373 9
E10                                                                  23770374.514 9 124914125.150 9       -40.873 9        57.796 9  23770374.514 9 124914125.150 9       -40.873 9        57.796 9
E03                                                                  25010585.426 9 131431471.604 9      1939.369 9        57.354 9  25010585.426 9 131431471.604 9      1939.369 9        57.354 9
> 2026 02 03 10 02 40.0000000  0 17       0.000000000000
G02  20310925.696 9 106734613.813 9      -420.921 9        56.049 9                                                                  20310925.696 8 106734613.813 8      -420.921 8        53.049 8
G13  25208285.141 9 132470363.372 9      1184.336 9        54.173 9                                                                  25208285.141 8 132470363.372 8      1184.336 8        51.173 8
G29  24831165.448 9 130488607.818 9      3072.989 9        54.304 9                                                                  24831165.448 8 130488607.818 8      3072.989 8        51.304 8
G10  22311738.864 9 117248944.474 9      3216.913 9        55.233 9                                                                  22311738.864 8 117248944.474 8      3216.913 8        52.233 8
G12  20800194.001 9 109305734.451 9       112.666 9        55.843 9                                                                  20800194.001 8 109305734.451 8       112.666 8        52.843 8
G17  24747206.682 9 130047380.862 9     -2962.991 9        54.334 9                                                                  24747206.682 8 130047380.862 8     -2962.991 8        51.334 8
G24  24293612.688 9 127663748.225 9      3042.090 9        54.494 9                                                                  24293612.688 8 127663748.225 8      3042.090 8        51.494 8
G30  22546205.971 9 118481080.016 9      2282.798 9        55.143 9                                                                  22546205.971 8 118481080.016 8      2282.798 8        52.143 8
G05  21249179.689 9 111665168.218 9       612.280 9        55.657 9                                                                  21249179.689 8 111665168.218 8       612.280 8        52.657 8
G04  21994750.423 9 115583162.683 9     -2493.574 9        55.358 9                                                                  21994750.423 8 115583162.683 8     -2493.574 8        52.358 8
E04                                                                  23386678.196 9 122897790.198 9      -174.484 9        57.937 9  23386678.196 9 122897790.198 9      -174.484 9        57.937 9
E05                                                                  26172223.741 9 137535899.728 9     -2073.668 9        56.960 9  26172223.741 9 137535899.728 9     -2073.668 9        56.960 9
E11                                                                  26706821.370 9 140345228.998 9     -2431.215 9        56.784 9  26706821.370 9 140345228.998 9     -2431.215 9        56.784 9
E20                                                                  27896712.808 9 146598136.052 9     -1705.218 9        56.405 9  27896712.808 9 146598136.052 9     -1705.218 9        56.405 9
E09                                                                  24956586.201 9 131147696.623 9      2546.036 9        57.373 9  24956586.201 9 131147696.623 9      2546.036 9        57.373 9
E10                                                                  23770382.336 9 124914166.258 9       -41.343 9        57.796 9  23770382.336 9 124914166.258 9       -41.343 9        57.796 9
E03                                                                  25010216.385 9 131429532.282 9      1939.278 9        57.354 9  25010216.385 9 131429532.282 9      1939.278 9        57.354 9
> 2026 02 03 10 02 41.0000000  0 17       0.000000000000
G02  20311005.832 9 106735034.928 9      -421.311 9        56.049 9                                                                  20311005.832 8 106735034.928 8      -421.311 8        53.049 8
G13  25208059.813 9 132469179.271 9      1183.878 9        54.173 9                                                                  25208059.813 8 132469179.271 8      1183.878 8        51.173 8
G29  24830580.675 9 130485534.815 9      3073.014 9        54.304 9                                                                  24830580.675 8 130485534.815 8      3073.014 8        51.304 8
G10  22311126.737 9 117245727.726 9      3216.590 9        55.234 9                                                                  22311126.737 8 117245727.726 8      3216.590 8        52.234 8
G12  20800172.625 9 109305622.117 9       112.001 9        55.843 9                                                                  20800172.625 8 109305622.117 8       112.001 8        52.843 8
G17  24747770.531 9 130050343.899 9     -2963.115 9        54.333 9                                                                  24747770.531 8 130050343.899 8     -2963.115 8        51.333 8
G24  24293033.813 9 127660706.218 9      3041.924 9        54.494 9                                                                  24293033.813 8 127660706.218 8      3041.924 8        51.494 8
G30  22545771.616 9 118478797.464 9      2282.306 9        55.143 9                                                                  22545771.616 8 118478797.464 8      2282.306 8        52.143 8
G05  21249063.239 9 111664556.266 9       611.621 9        55.657 9                                                                  21249063.239 8 111664556.266 8       611.621 8        52.657 8
G04  21995224.951 9 115585656.342 9     -2493.756 9        55.357 9                                                                  21995224.951 8 115585656.342 8     -2493.756 8        52.357 8
E04                                                                  23386711.423 9 122897964.807 9      -174.734 9        57.937 9  23386711.423 9 122897964.807 9      -174.734 9        57.937 9
E05                                                                  26172618.363 9 137537973.472 9     -2073.839 9        56.960 9  26172618.363 9 137537973.472 9     -2073.839 9        56.960 9
E11                                                                  26707284.038 9 140347660.324 9     -2431.456 9        56.784 9  26707284.038 9 140347660.324 9     -2431.456 9        56.784 9
E20                                                                  27897037.329 9 146599841.415 9     -1705.521 9        56.405 9  27897037.329 9 146599841.415 9     -1705.521 9        56.405 9
E09                                                                  24956101.734 9 131145150.733 9      2545.755 9        57.373 9  24956101.734 9 131145150.733 9      2545.755 9        57.373 9
E10                                                                  23770390.248 9 124914207.836 9       -41.813 9        57.796 9  23770390.248 9 124914207.836 9       -41.813 9        57.796 9
E03                                                                  25009847.361 9 131427593.050 9      1939.186 9        57.354 9  25009847.361 9 131427593.050 9      1939.186 9        57.354 9
> 2026 02 03 10 02 42.0000000  0 17       0.000000000000
G02  20311086.042 9 106735456.434 9      -421.702 9        56.049 9                                                                  20311086.042 8 106735456.434 8      -421.702 8        53.049 8
G13  25207834.573 9 132467995.628 9      1183.420 9        54.173 9                                                                  25207834.573 8 132467995.628 8      1183.420 8        51.173 8
G29  24829995.897 9 130482461.789 9      3073.037 9        54.305 9                                                                  24829995.897 8 130482461.789 8      3073.037 8        51.305 8
G10  22310514.671 9 117242511.303 9      3216.266 9        55.234 9                                                                  22310514.671 8 117242511.303 8      3216.266 8        52.234 8
G12  20800151.375 9 109305510.448 9       111.335 9        55.843 9                                                                  20800151.375 8 109305510.448 8       111.335 8        52.843 8
G17  24748334.404 9 130053307.059 9     -2963.238 9        54.333 9                                                                  24748334.404 8 130053307.059 8     -2963.238 8        51.333 8
G24  24292454.969 9 127657664.377 9      3041.758 9        54.495 9                                                                  24292454.969 8 127657664.377 8      3041.758 8        51.495 8
G30  22545337.354 9 118476515.405 9      2281.813 9        55.143 9                                                                  22545337.354 8 118476515.405 8      2281.813 8        52.143 8
G05  21248946.913 9 111663944.973 9       610.963 9        55.657 9                                                                  21248946.913 8 111663944.973 8       610.963 8        52.657 8
G04  21995699.514 9 115588150.183 9     -2493.939 9        55.357 9                                                                  21995699.514 8 115588150.183 8     -2493.939 8        52.357 8
E04                                                                  23386744.697 9 122898139.665 9      -174.984 9        57.937 9  23386744.697 9 122898139.665 9      -174.984 9        57.937 9
E05                                                                  26173013.017 9 137540047.385 9     -2074.009 9        56.959 9  26173013.017 9 137540047.385 9     -2074.009 9        56.959 9
E11                                                                  26707746.751 9 140350091.890 9     -2431.696 9        56.784 9  26707746.751 9 140350091.890 9     -2431.696 9        56.784 9
E20                                                                  27897361.908 9 146601547.081 9     -1705.823 9        56.405 9  27897361.908 9 146601547.081 9     -1705.823 9        56.405 9
E09                                                                  24955617.319 9 131142605.123 9      2545.474 9        57.373 9  24955617.319 9 131142605.123 9      2545.474 9        57.373 9
E10                                                                  23770398.250 9 124914249.883 9       -42.282 9        57.796 9  23770398.250 9 124914249.883 9       -42.282 9        57.796 9
E03                                                                  25009478.355 9 131425653.911 9      1939.094 9        57.354 9  25009478.355 9 131425653.911 9      1939.094 9        57.354 9
> 2026 02 03 10 02 43.0000000  0 17       0.000000000000
G02  20311166.327 9 106735878.331 9      -422.093 9        56.049 9                                                                  20311166.327 8 106735878.331 8      -422.093 8        53.049 8
G13  25207609.419 9 132466812.442 9      1182.962 9        54.173 9                                                                  25207609.419 8 132466812.442 8      1182.962 8        51.173 8
G29  24829411.114 9 130479388.738 9      3073.061 9        54.305 9                                                                  24829411.114 8 130479388.738 8      3073.061 8        51.305 8
G10  22309902.667 9 117239295.203 9      3215.942 9        55.234 9                                                                  22309902.667 8 117239295.203 8      3215.942 8        52.234 8
G12  20800130.252 9 109305399.445 9       110.670 9        55.843 9                                                                  20800130.252 8 109305399.445 8       110.670 8        52.843 8
G17  24748898.301 9 130056270.342 9     -2963.361 9        54.333 9                                                                  24748898.301 8 130056270.342 8     -2963.361 8        51.333 8
G24  24291876.157 9 127654622.702 9      3041.592 9        54.495 9                                                                  24291876.157 8 127654622.702 8      3041.592 8        51.495 8
G30  22544903.186 9 118474233.839 9      2281.320 9        55.143 9                                                                  22544903.186 8 118474233.839 8      2281.320 8        52.143 8
G05  21248830.714 9 111663334.339 9       610.304 9        55.657 9                                                                  21248830.714 8 111663334.339 8       610.304 8        52.657 8
G04  21996174.112 9 115590644.206 9     -2494.121 9        55.357 9                                                                  21996174.112 8 115590644.206 8     -2494.121 8        52.357 8
E04                                                                  23386778.020 9 122898314.774 9      -175.234 9        57.937 9  23386778.020 9 122898314.774 9      -175.234 9        57.937 9
E05                                                                  26173407.703 9 137542121.469 9     -2074.179 9        56.959 9  26173407.703 9 137542121.469 9     -2074.179 9        56.959 9
E11                                                                  26708209.510 9 140352523.697 9     -2431.937 9        56.784 9  26708209.510 9 140352523.697 9     -2431.937 9        56.784 9
E20                                                                  27897686.545 9 146603253.049 9     -1706.126 9        56.405 9  27897686.545 9 146603253.049 9     -1706.126 9        56.405 9
E09                                                                  24955132.958 9 131140059.794 9      2545.194 9        57.373 9  24955132.958 9 131140059.794 9      2545.194 9        57.373 9
E10                                                                  23770406.340 9 124914292.400 9       -42.752 9        57.796 9  23770406.340 9 124914292.400 9       -42.752 9        57.796 9
E03                                                                  25009109.366 9 131423714.863 9      1939.003 9        57.355 9  25009109.366 9 131423714.863 9      1939.003 9        57.355 9
> 2026 02 03 10 02 44.0000000  0 17       0.000000000000
G02  20311246.685 9 106736300.618 9      -422.484 9        56.049 9                                                                  20311246.685 8 106736300.618 8      -422.484 8        53.049 8
G13  25207384.353 9 132465629.715 9      1182.504 9        54.174 9                                                                  25207384.353 8 132465629.715 8      1182.504 8        51.174 8
G29  24828826.327 9 130476315.664 9      3073.085 9        54.305 9                                                                  24828826.327 8 130476315.664 8      3073.085 8        51.305 8
G10  22309290.724 9 117236079.427 9      3215.618 9        55.234 9                                                                  22309290.724 8 117236079.427 8      3215.618 8        52.234 8
G12  20800109.255 9 109305289.106 9       110.005 9        55.843 9                                                                  20800109.255 8 109305289.106 8       110.005 8        52.843 8
G17  24749462.221 9 130059233.749 9     -2963.485 9        54.333 9                                                                  24749462.221 8 130059233.749 8     -2963.485 8        51.333 8
G24  24291297.377 9 127651581.194 9      3041.426 9        54.495 9                                                                  24291297.377 8 127651581.194 8      3041.426 8        51.495 8
G30  22544469.112 9 118471952.766 9      2280.827 9        55.143 9                                                                  22544469.112 8 118471952.766 8      2280.827 8        52.143 8
G05  21248714.639 9 111662724.364 9       609.645 9        55.657 9                                                                  21248714.639 8 111662724.364 8       609.645 8        52.657 8
G04  21996648.745 9 115593138.412 9     -2494.303 9        55.357 9                                                                  21996648.745 8 115593138.412 8     -2494.303 8        52.357 8
E04                                                                  23386811.389 9 122898490.133 9      -175.485 9        57.937 9  23386811.389 9 122898490.133 9      -175.485 9        57.937 9
E05                                                                  26173802.422 9 137544195.723 9     -2074.349 9        56.959 9  26173802.422 9 137544195.723 9     -2074.349 9        56.959 9
E11                                                                  26708672.315 9 140354955.744 9     -2432.177 9        56.783 9  26708672.315 9 140354955.744 9     -2432.177 9        56.783 9
E20                                                                  27898011.239 9 146604959.319 9     -1706.428 9        56.405 9  27898011.239 9 146604959.319 9     -1706.428 9        56.405 9
E09                                                                  24954648.651 9 131137514.746 9      2544.913 9        57.373 9  24954648.651 9 131137514.746 9      2544.913 9        57.373 9
E10                                                                  23770414.520 9 124914335.387 9       -43.221 9        57.796 9  23770414.520 9 124914335.387 9       -43.221 9        57.796 9
E03                                                                  25008740.394 9 131421775.907 9      1938.911 9        57.355 9  25008740.394 9 131421775.907 9      1938.911 9        57.355 9
> 2026 02 03 10 02 45.0000000  0 17       0.000000000000
G02  20311327.119 9 106736723.296 9      -422.874 9        56.049 9                                                                  20311327.119 8 106736723.296 8      -422.874 8        53.049 8
G13  25207159.374 9 132464447.446 9      1182.045 9        54.174 9                                                                  25207159.374 8 132464447.446 8      1182.045 8        51.174 8
G29  24828241.536 9 130473242.566 9      3073.109 9        54.305 9                                                                  24828241.536 8 130473242.566 8      3073.109 8        51.305 8
G10  22308678.843 9 117232863.975 9      3215.294 9        55.235 9                                                                  22308678.843 8 117232863.975 8      3215.294 8        52.235 8
G12  20800088.385 9 109305179.433 9       109.340 9        55.843 9                                                                  20800088.385 8 109305179.433 8       109.340 8        52.843 8
G17  24750026.165 9 130062197.279 9     -2963.608 9        54.333 9                                                                  24750026.165 8 130062197.279 8     -2963.608 8        51.333 8
G24  24290718.628 9 127648539.852 9      3041.259 9        54.495 9                                                                  24290718.628 8 127648539.852 8      3041.259 8        51.495 8
G30  22544035.132 9 118469672.185 9      2280.333 9        55.143 9                                                                  22544035.132 8 118469672.185 8      2280.333 8        52.143 8
G05  21248598.690 9 111662115.047 9       608.987 9        55.657 9                                                                  21248598.690 8 111662115.047 8       608.987 8        52.657 8
G04  21997123.412 9 115595632.800 9     -2494.485 9        55.357 9                                                                  21997123.412 8 115595632.800 8     -2494.485 8        52.357 8
E04                                                                  23386844.807 9 122898665.742 9      -175.735 9        57.937 9  23386844.807 9 122898665.742 9      -175.735 9        57.937 9
E05                                                                  26174197.173 9 137546270.147 9     -2074.519 9        56.959 9  26174197.173 9 137546270.147 9     -2074.519 9        56.959 9
E11                                                                  26709135.165 9 140357388.032 9     -2432.418 9        56.783 9  26709135.165 9 140357388.032 9     -2432.418 9        56.783 9
E20                                                                  27898335.991 9 146606665.892 9     -1706.731 9        56.405 9  27898335.991 9 146606665.892 9     -1706.731 9        56.405 9
E09                                                                  24954164.396 9 131134969.978 9      2544.632 9        57.374 9  24954164.396 9 131134969.978 9      2544.632 9        57.374 9
E10                                                                  23770422.790 9 124914378.843 9       -43.691 9        57.796 9  23770422.790 9 124914378.843 9       -43.691 9        57.796 9
E03                                                                  25008371.440 9 131419837.042 9      1938.820 9        57.355 9  25008371.440 9 131419837.042 9      1938.820 9        57.355 9
> 2026 02 03 10 02 46.0000000  0 17       0.000000000000
G02  20311407.626 9 106737146.364 9      -423.265 9        56.049 9                                                                  20311407.626 8 106737146.364 8      -423.265 8        53.049 8
G13  25206934.482 9 132463265.635 9      1181.587 9        54.174 9                                                                  25206934.482 8 132463265.635 8      1181.587 8        51.174 8
G29  24827656.740 9 130470169.444 9      3073.133 9        54.305 9                                                                  24827656.740 8 130470169.444 8      3073.133 8        51.305 8
G10  22308067.024 9 117229648.847 9      3214.970 9        55.235 9                                                                  22308067.024 8 117229648.847 8      3214.970 8        52.235 8
G12  20800067.642 9 109305070.424 9       108.675 9        55.843 9                                                                  20800067.642 8 109305070.424 8       108.675 8        52.843 8
G17  24750590.132 9 130065160.933 9     -2963.732 9        54.332 9                                                                  24750590.132 8 130065160.933 8     -2963.732 8        51.332 8
G24  24290139.910 9 127645498.676 9      3041.093 9        54.495 9                                                                  24290139.910 8 127645498.676 8      3041.093 8        51.495 8
G30  22543601.245 9 118467392.098 9      2279.840 9        55.144 9                                                                  22543601.245 8 118467392.098 8      2279.840 8        52.144 8
G05  21248482.867 9 111661506.389 9       608.328 9        55.657 9                                                                  21248482.867 8 111661506.389 8       608.328 8        52.657 8
G04  21997598.114 9 115598127.369 9     -2494.667 9        55.357 9                                                                  21997598.114 8 115598127.369 8     -2494.667 8        52.357 8
E04                                                                  23386878.272 9 122898841.601 9      -175.985 9        57.937 9  23386878.272 9 122898841.601 9      -175.985 9        57.937 9
E05                                                                  26174591.957 9 137548344.742 9     -2074.689 9        56.959 9  26174591.957 9 137548344.742 9     -2074.689 9        56.959 9
E11                                                                  26709598.061 9 140359820.560 9     -2432.658 9        56.783 9  26709598.061 9 140359820.560 9     -2432.658 9        56.783 9
E20                                                                  27898660.800 9 146608372.767 9     -1707.033 9        56.405 9  27898660.800 9 146608372.767 9     -1707.033 9        56.405 9
E09                                                                  24953680.196 9 131132425.491 9      2544.351 9        57.374 9  24953680.196 9 131132425.491 9      2544.351 9        57.374 9
E10                                                                  23770431.149 9 124914422.769 9       -44.160 9        57.796 9  23770431.149 9 124914422.769 9       -44.160 9        57.796 9
E03                                                                  25008002.504 9 131417898.270 9      1938.728 9        57.355 9  25008002.504 9 131417898.270 9      1938.728 9        57.355 9
> 2026 02 03 10 02 47.0000000  0 17       0.000000000000
G02  20311488.208 9 106737569.823 9      -423.655 9        56.049 9                                                                  20311488.208 8 106737569.823 8      -423.655 8        53.049 8
G13  25206709.677 9 132462084.283 9      1181.129 9        54.174 9                                                                  25206709.677 8 132462084.283 8      1181.129 8        51.174 8
G29  24827071.939 9 130467096.299 9      3073.156 9        54.306 9                                                                  24827071.939 8 130467096.299 8      3073.156 8        51.306 8
G10  22307455.266 9 117226434.043 9      3214.646 9        55.235 9                                                                  22307455.266 8 117226434.043 8      3214.646 8        52.235 8
G12  20800047.025 9 109304962.082 9       108.009 9        55.843 9                                                                  20800047.025 8 109304962.082 8       108.009 8        52.843 8
G17  24751154.122 9 130068124.710 9     -2963.855 9        54.332 9                                                                  24751154.122 8 130068124.710 8     -2963.855 8        51.332 8
G24  24289561.225 9 127642457.666 9      3040.927 9        54.496 9                                                                  24289561.225 8 127642457.666 8      3040.927 8        51.496 8
G30  22543167.453 9 118465112.505 9      2279.347 9        55.144 9                                                                  22543167.453 8 118465112.505 8      2279.347 8        52.144 8
G05  21248367.168 9 111660898.390 9       607.669 9        55.658 9                                                                  21248367.168 8 111660898.390 8       607.669 8        52.658 8
G04  21998072.850 9 115600622.121 9     -2494.849 9        55.356 9                                                                  21998072.850 8 115600622.121 8     -2494.849 8        52.356 8
E04                                                                  23386911.784 9 122899017.710 9      -176.235 9        57.937 9  23386911.784 9 122899017.710 9      -176.235 9        57.937 9
E05                                                                  26174986.773 9 137550419.506 9     -2074.859 9        56.959 9  26174986.773 9 137550419.506 9     -2074.859 9        56.959 9
E11                                                                  26710061.003 9 140362253.329 9     -2432.898 9        56.783 9  26710061.003 9 140362253.329 9     -2432.898 9        56.783 9
E20                                                                  27898985.667 9 146610079.944 9     -1707.335 9        56.405 9  27898985.667 9 146610079.944 9     -1707.335 9        56.405 9
E09                                                                  24953196.048 9 131129881.285 9      2544.070 9        57.374 9  24953196.048 9 131129881.285 9      2544.070 9        57.374 9
E10                                                                  23770439.597 9 124914467.164 9       -44.630 9        57.796 9  23770439.597 9 124914467.164 9       -44.630 9        57.796 9
E03                                                                  25007633.585 9 131415959.589 9      1938.636 9        57.355 9  25007633.585 9 131415959.589 9      1938.636 9        57.355 9
> 2026 02 03 10 02 48.0000000  0 17       0.000000000000
G02  20311568.864 9 106737993.673 9      -424.046 9        56.049 9                                                                  20311568.864 8 106737993.673 8      -424.046 8        53.049 8
G13  25206484.960 9 132460903.389 9      1180.670 9        54.174 9                                                                  25206484.960 8 132460903.389 8      1180.670 8        51.174 8
G29  24826487.134 9 130464023.129 9      3073.180 9        54.306 9                                                                  24826487.134 8 130464023.129 8      3073.180 8        51.306 8
G10  22306843.570 9 117223219.563 9      3214.322 9        55.235 9                                                                  22306843.570 8 117223219.563 8      3214.322 8        52.235 8
G12  20800026.535 9 109304854.404 9       107.344 9        55.843 9                                                                  20800026.535 8 109304854.404 8       107.344 8        52.843 8
G17  24751718.136 9 130071088.611 9     -2963.979 9        54.332 9                                                                  24751718.136 8 130071088.611 8     -2963.979 8        51.332 8
G24  24288982.571 9 127639416.823 9      3040.760 9        54.496 9                                                                  24288982.571 8 127639416.823 8      3040.760 8        51.496 8
G30  22542733.754 9 118462833.405 9      2278.853 9        55.144 9                                                                  22542733.754 8 118462833.405 8      2278.853 8        52.144 8
G05  21248251.595 9 111660291.049 9       607.010 9        55.658 9                                                                  21248251.595 8 111660291.049 8       607.010 8        52.658 8
G04  21998547.621 9 115603117.055 9     -2495.031 9        55.356 9                                                                  21998547.621 8 115603117.055 8     -2495.031 8        52.356 8
E04                                                                  23386945.345 9 122899194.069 9      -176.485 9        57.937 9  23386945.345 9 122899194.069 9      -176.485 9        57.937 9
E05                                                                  26175381.621 9 137552494.440 9     -2075.029 9        56.959 9  26175381.621 9 137552494.440 9     -2075.029 9        56.959 9
E11                                                                  26710523.991 9 140364686.337 9     -2433.138 9        56.783 9  26710523.991 9 140364686.337 9     -2433.138 9        56.783 9
E20                                                                  27899310.591 9 146611787.424 9     -1707.637 9        56.405 9  27899310.591 9 146611787.424 9     -1707.637 9        56.405 9
E09                                                                  24952711.955 9 131127337.360 9      2543.790 9        57.374 9  24952711.955 9 131127337.360 9      2543.790 9        57.374 9
E10                                                                  23770448.134 9 124914512.029 9       -45.099 9        57.796 9  23770448.134 9 124914512.029 9       -45.099 9        57.796 9
E03                                                                  25007264.683 9 131414020.999 9      1938.544 9        57.355 9  25007264.683 9 131414020.999 9      1938.544 9        57.355 9
> 2026 02 03 10 02 49.0000000  0 17       0.000000000000
G02  20311649.594 9 106738417.913 9      -424.436 9        56.049 9                                                                  20311649.594 8 106738417.913 8      -424.436 8        53.049 8
G13  25206260.330 9 132459722.953 9      1180.212 9        54.174 9                                                                  25206260.330 8 132459722.953 8      1180.212 8        51.174 8
G29  24825902.325 9 130460949.936 9      3073.204 9        54.306 9                                                                  24825902.325 8 130460949.936 8      3073.204 8        51.306 8
G10  22306231.936 9 117220005.408 9      3213.997 9        55.236 9                                                                  22306231.936 8 117220005.408 8      3213.997 8        52.236 8
G12  20800006.171 9 109304747.391 9       106.679 9        55.843 9                                                                  20800006.171 8 109304747.391 8       106.679 8        52.843 8
G17  24752282.174 9 130074052.634 9     -2964.102 9        54.332 9                                                                  24752282.174 8 130074052.634 8     -2964.102 8        51.332 8
G24  24288403.949 9 127636376.146 9      3040.594 9        54.496 9                                                                  24288403.949 8 127636376.146 8      3040.594 8        51.496 8
G30  22542300.149 9 118460554.798 9      2278.360 9        55.144 9                                                                  22542300.149 8 118460554.798 8      2278.360 8        52.144 8
G05  21248136.148 9 111659684.368 9       606.351 9        55.658 9                                                                  21248136.148 8 111659684.368 8       606.351 8        52.658 8
G04  21999022.427 9 115605612.171 9     -2495.213 9        55.356 9                                                                  21999022.427 8 115605612.171 8     -2495.213 8        52.356 8
E04                                                                  23386978.952 9 122899370.678 9      -176.735 9        57.937 9  23386978.952 9 122899370.678 9      -176.735 9        57.937 9
E05                                                                  26175776.502 9 137554569.545 9     -2075.199 9        56.958 9  26175776.502 9 137554569.545 9     -2075.199 9        56.958 9
E11                                                                  26710987.024 9 140367119.586 9     -2433.378 9        56.783 9  26710987.024 9 140367119.586 9     -2433.378 9        56.783 9
E20                                                                  27899635.572 9 146613495.205 9     -1707.939 9        56.405 9  27899635.572 9 146613495.205 9     -1707.939 9        56.405 9
E09                                                                  24952227.914 9 131124793.716 9      2543.508 9        57.374 9  24952227.914 9 131124793.716 9      2543.508 9        57.374 9
E10                                                                  23770456.761 9 124914557.363 9       -45.569 9        57.796 9  23770456.761 9 124914557.363 9       -45.569 9        57.796 9
E03                                                                  25006895.799 9 131412082.502 9      1938.452 9        57.355 9  25006895.799 9 131412082.502 9      1938.452 9        57.355 9
> 2026 02 03 10 02 50.0000000  0 17       0.000000000000
G02  20311730.399 9 106738842.543 9      -424.827 9        56.049 9                                                                  20311730.399 8 106738842.543 8      -424.827 8        53.049 8
G13  25206035.787 9 132458542.976 9      1179.753 9        54.174 9                                                                  25206035.787 8 132458542.976 8      1179.753 8        51.174 8
G29  24825317.510 9 130457876.720 9      3073.228 9        54.306 9                                                                  24825317.510 8 130457876.720 8      3073.228 8        51.306 8
G10  22305620.364 9 117216791.578 9      3213.673 9        55.236 9                                                                  22305620.364 8 117216791.578 8      3213.673 8        52.236 8
G12  20799985.934 9 109304641.044 9       106.014 9        55.843 9                                                                  20799985.934 8 109304641.044 8       106.014 8        52.843 8
G17  24752846.234 9 130077016.782 9     -2964.225 9        54.332 9                                                                  24752846.234 8 130077016.782 8     -2964.225 8        51.332 8
G24  24287825.358 9 127633335.636 9      3040.428 9        54.496 9                                                                  24287825.358 8 127633335.636 8      3040.428 8        51.496 8
G30  22541866.639 9 118458276.685 9      2277.866 9        55.144 9                                                                  22541866.639 8 118458276.685 8      2277.866 8        52.144 8
G05  21248020.825 9 111659078.345 9       605.693 9        55.658 9                                                                  21248020.825 8 111659078.345 8       605.693 8        52.658 8
G04  21999497.267 9 115608107.469 9     -2495.395 9        55.356 9                                                                  21999497.267 8 115608107.469 8     -2495.395 8        52.356 8
E04                                                                  23387012.608 9 122899547.538 9      -176.986 9        57.937 9  23387012.608 9 122899547.538 9      -176.986 9        57.937 9
E05                                                                  26176171.415 9 137556644.819 9     -2075.369 9        56.958 9  26176171.415 9 137556644.819 9     -2075.369 9        56.958 9
E11                                                                  26711450.103 9 140369553.074 9     -2433.618 9        56.783 9  26711450.103 9 140369553.074 9     -2433.618 9        56.783 9
E20                                                                  27899960.611 9 146615203.289 9     -1708.241 9        56.404 9  27899960.611 9 146615203.289 9     -1708.241 9        56.404 9
E09                                                                  24951743.927 9 131122250.353 9      2543.227 9        57.374 9  24951743.927 9 131122250.353 9      2543.227 9        57.374 9
E10                                                                  23770465.477 9 124914603.166 9       -46.038 9        57.796 9  23770465.477 9 124914603.166 9       -46.038 9        57.796 9
E03                                                                  25006526.932 9 131410144.096 9      1938.360 9        57.355 9  25006526.932 9 131410144.096 9      1938.360 9        57.355 9
> 2026 02 03 10 02 51.0000000  0 17       0.000000000000
G02  20311811.278 9 106739267.564 9      -425.217 9        56.049 9                                                                  20311811.278 8 106739267.564 8      -425.217 8        53.049 8
G13  25205811.331 9 132457363.458 9      1179.294 9        54.174 9                                                                  25205811.331 8 132457363.458 8      1179.294 8        51.174 8
G29  24824732.692 9 130454803.479 9      3073.251 9        54.306 9                                                                  24824732.692 8 130454803.479 8      3073.251 8        51.306 8
G10  22305008.853 9 117213578.072 9      3213.348 9        55.236 9                                                                  22305008.853 8 117213578.072 8      3213.348 8        52.236 8
G12  20799965.824 9 109304535.362 9       105.348 9        55.843 9                                                                  20799965.824 8 109304535.362 8       105.348 8        52.843 8
G17  24753410.319 9 130079981.052 9     -2964.348 9        54.331 9                                                                  24753410.319 8 130079981.052 8     -2964.348 8        51.331 8
G24  24287246.799 9 127630295.292 9      3040.261 9        54.496 9                                                                  24287246.799 8 127630295.292 8      3040.261 8        51.496 8
G30  22541433.222 9 118455999.066 9      2277.372 9        55.144 9                                                                  22541433.222 8 118455999.066 8      2277.372 8        52.144 8
G05  21247905.629 9 111658472.981 9       605.034 9        55.658 9                                                                  21247905.629 8 111658472.981 8       605.034 8        52.658 8
G04  21999972.142 9 115610602.948 9     -2495.577 9        55.356 9                                                                  21999972.142 8 115610602.948 8     -2495.577 8        52.356 8
E04                                                                  23387046.311 9 122899724.648 9      -177.236 9        57.937 9  23387046.311 9 122899724.648 9      -177.236 9        57.937 9
E05                                                                  26176566.361 9 137558720.264 9     -2075.539 9        56.958 9  26176566.361 9 137558720.264 9     -2075.539 9        56.958 9
E11                                                                  26711913.228 9 140371986.803 9     -2433.858 9        56.782 9  26711913.228 9 140371986.803 9     -2433.858 9        56.782 9
E20                                                                  27900285.708 9 146616911.675 9     -1708.543 9        56.404 9  27900285.708 9 146616911.675 9     -1708.543 9        56.404 9
E09                                                                  24951259.994 9 131119707.271 9      2542.946 9        57.375 9  24951259.994 9 131119707.271 9      2542.946 9        57.375 9
E10                                                                  23770474.282 9 124914649.439 9       -46.508 9        57.796 9  23770474.282 9 124914649.439 9       -46.508 9        57.796 9
E03                                                                  25006158.083 9 131408205.783 9      1938.268 9        57.356 9  25006158.083 9 131408205.783 9      1938.268 9        57.356 9
> 2026 02 03 10 02 52.0000000  0 17       0.000000000000
G02  20311892.231 9 106739692.976 9      -425.607 9        56.049 9                                                                  20311892.231 8 106739692.976 8      -425.607 8        53.049 8
G13  25205586.963 9 132456184.399 9      1178.836 9        54.174 9                                                                  25205586.963 8 132456184.399 8      1178.836 8        51.174 8
G29  24824147.869 9 130451730.215 9      3073.275 9        54.307 9                                                                  24824147.869 8 130451730.215 8      3073.275 8        51.307 8
G10  22304397.404 9 117210364.890 9      3213.023 9        55.236 9                                                                  22304397.404 8 117210364.890 8      3213.023 8        52.236 8
G12  20799945.840 9 109304430.345 9       104.683 9        55.843 9                                                                  20799945.840 8 109304430.345 8       104.683 8        52.843 8
G17  24753974.427 9 130082945.446 9     -2964.472 9        54.331 9                                                                  24753974.427 8 130082945.446 8     -2964.472 8        51.331 8
G24  24286668.272 9 127627255.114 9      3040.095 9        54.497 9                                                                  24286668.272 8 127627255.114 8      3040.095 8        51.497 8
G30  22540999.899 9 118453721.940 9      2276.879 9        55.145 9                                                                  22540999.899 8 118453721.940 8      2276.879 8        52.145 8
G05  21247790.557 9 111657868.276 9       604.375 9        55.658 9                                                                  21247790.557 8 111657868.276 8       604.375 8        52.658 8
G04  22000447.051 9 115613098.610 9     -2495.759 9        55.355 9                                                                  22000447.051 8 115613098.610 8     -2495.759 8        52.355 8
E04                                                                  23387080.062 9 122899902.008 9      -177.486 9        57.937 9  23387080.062 9 122899902.008 9      -177.486 9        57.937 9
E05                                                                  26176961.339 9 137560795.879 9     -2075.710 9        56.958 9  26176961.339 9 137560795.879 9     -2075.710 9        56.958 9
E11                                                                  26712376.398 9 140374420.771 9     -2434.098 9        56.782 9  26712376.398 9 140374420.771 9     -2434.098 9        56.782 9
E20                                                                  27900610.862 9 146618620.362 9     -1708.845 9        56.404 9  27900610.862 9 146618620.362 9     -1708.845 9        56.404 9
E09                                                                  24950776.114 9 131117164.470 9      2542.665 9        57.375 9  24950776.114 9 131117164.470 9      2542.665 9        57.375 9
E10                                                                  23770483.177 9 124914696.181 9       -46.977 9        57.796 9  23770483.177 9 124914696.181 9       -46.977 9        57.796 9
E03                                                                  25005789.251 9 131406267.561 9      1938.177 9        57.356 9  25005789.251 9 131406267.561 9      1938.177 9        57.356 9
> 2026 02 03 10 02 53.0000000  0 17       0.000000000000
G02  20311973.259 9 106740118.777 9      -425.998 9        56.049 9                                                                  20311973.259 8 106740118.777 8      -425.998 8        53.049 8
G13  25205362.682 9 132455005.798 9      1178.377 9        54.174 9                                                                  25205362.682 8 132455005.798 8      1178.377 8        51.174 8
G29  24823563.041 9 130448656.928 9      3073.298 9        54.307 9                                                                  24823563.041 8 130448656.928 8      3073.298 8        51.307 8
G10  22303786.017 9 117207152.034 9      3212.698 9        55.236 9                                                                  22303786.017 8 117207152.034 8      3212.698 8        52.236 8
G12  20799925.983 9 109304325.994 9       104.018 9        55.843 9                                                                  20799925.983 8 109304325.994 8       104.018 8        52.843 8
G17  24754538.558 9 130085909.963 9     -2964.595 9        54.331 9                                                                  24754538.558 8 130085909.963 8     -2964.595 8        51.331 8
G24  24286089.777 9 127624215.103 9      3039.928 9        54.497 9                                                                  24286089.777 8 127624215.103 8      3039.928 8        51.497 8
G30  22540566.670 9 118451445.309 9      2276.385 9        55.145 9                                                                  22540566.670 8 118451445.309 8      2276.385 8        52.145 8
G05  21247675.611 9 111657264.230 9       603.716 9        55.658 9                                                                  21247675.611 8 111657264.230 8       603.716 8        52.658 8
G04  22000921.995 9 115615594.453 9     -2495.940 9        55.355 9                                                                  22000921.995 8 115615594.453 8     -2495.940 8        52.355 8
E04                                                                  23387113.860 9 122900079.619 9      -177.736 9        57.937 9  23387113.860 9 122900079.619 9      -177.736 9        57.937 9
E05                                                                  26177356.349 9 137562871.663 9     -2075.880 9        56.958 9  26177356.349 9 137562871.663 9     -2075.880 9        56.958 9
E11                                                                  26712839.614 9 140376854.980 9     -2434.338 9        56.782 9  26712839.614 9 140376854.980 9     -2434.338 9        56.782 9
E20                                                                  27900936.074 9 146620329.352 9     -1709.147 9        56.404 9  27900936.074 9 146620329.352 9     -1709.147 9        56.404 9
E09                                                                  24950292.288 9 131114621.951 9      2542.384 9        57.375 9  24950292.288 9 131114621.951 9      2542.384 9        57.375 9
E10                                                                  23770492.161 9 124914743.393 9       -47.446 9        57.796 9  23770492.161 9 124914743.393 9       -47.446 9        57.796 9
E03                                                                  25005420.437 9 131404329.431 9      1938.085 9        57.356 9  25005420.437 9 131404329.431 9      1938.085 9        57.356 9
> 2026 02 03 10 02 54.0000000  0 17       0.000000000000
G02  20312054.361 9 106740544.969 9      -426.388 9        56.049 9                                                                  20312054.361 8 106740544.969 8      -426.388 8        53.049 8
G13  25205138.488 9 132453827.656 9      1177.918 9        54.174 9                                                                  25205138.488 8 132453827.656 8      1177.918 8        51.174 8
G29  24822978.209 9 130445583.616 9      3073.322 9        54.307 9                                                                  24822978.209 8 130445583.616 8      3073.322 8        51.307 8
G10  22303174.692 9 117203939.502 9      3212.374 9        55.237 9                                                                  22303174.692 8 117203939.502 8      3212.374 8        52.237 8
G12  20799906.252 9 109304222.308 9       103.353 9        55.843 9                                                                  20799906.252 8 109304222.308 8       103.353 8        52.843 8
G17  24755102.713 9 130088874.604 9     -2964.718 9        54.331 9                                                                  24755102.713 8 130088874.604 8     -2964.718 8        51.331 8
G24  24285511.313 9 127621175.258 9      3039.762 9        54.497 9                                                                  24285511.313 8 127621175.258 8      3039.762 8        51.497 8
G30  22540133.535 9 118449169.171 9      2275.891 9        55.145 9                                                                  22540133.535 8 118449169.171 8      2275.891 8        52.145 8
G05  21247560.790 9 111656660.843 9       603.057 9        55.658 9                                                                  21247560.790 8 111656660.843 8       603.057 8        52.658 8
G04  22001396.974 9 115618090.477 9     -2496.122 9        55.355 9                                                                  22001396.974 8 115618090.477 8     -2496.122 8        52.355 8
E04                                                                  23387147.706 9 122900257.479 9      -177.987 9        57.937 9  23387147.706 9 122900257.479 9      -177.987 9        57.937 9
E05                                                                  26177751.391 9 137564947.618 9     -2076.050 9        56.958 9  26177751.391 9 137564947.618 9     -2076.050 9        56.958 9
E11                                                                  26713302.875 9 140379289.428 9     -2434.577 9        56.782 9  26713302.875 9 140379289.428 9     -2434.577 9        56.782 9
E20                                                                  27901261.343 9 146622038.643 9     -1709.449 9        56.404 9  27901261.343 9 146622038.643 9     -1709.449 9        56.404 9
E09                                                                  24949808.515 9 131112079.712 9      2542.103 9        57.375 9  24949808.515 9 131112079.712 9      2542.103 9        57.375 9
E10                                                                  23770501.235 9 124914791.074 9       -47.916 9        57.796 9  23770501.235 9 124914791.074 9       -47.916 9        57.796 9
E03                                                                  25005051.640 9 131402391.394 9      1937.992 9        57.356 9  25005051.640 9 131402391.394 9      1937.992 9        57.356 9
> 2026 02 03 10 02 55.0000000  0 17       0.000000000000
G02  20312135.537 9 106740971.551 9      -426.778 9        56.049 9                                                                  20312135.537 8 106740971.551 8      -426.778 8        53.049 8
G13  25204914.382 9 132452649.973 9      1177.459 9        54.174 9                                                                  25204914.382 8 132452649.973 8      1177.459 8        51.174 8
G29  24822393.372 9 130442510.282 9      3073.345 9        54.307 9                                                                  24822393.372 8 130442510.282 8      3073.345 8        51.307 8
G10  22302563.428 9 117200727.295 9      3212.049 9        55.237 9                                                                  22302563.428 8 117200727.295 8      3212.049 8        52.237 8
G12  20799886.648 9 109304119.287 9       102.687 9        55.843 9                                                                  20799886.648 8 109304119.287 8       102.687 8        52.843 8
G17  24755666.891 9 130091839.367 9     -2964.842 9        54.331 9                                                                  24755666.891 8 130091839.367 8     -2964.842 8        51.331 8
G24  24284932.880 9 127618135.580 9      3039.595 9        54.497 9                                                                  24284932.880 8 127618135.580 8      3039.595 8        51.497 8
G30  22539700.494 9 118446893.527 9      2275.397 9        55.145 9                                                                  22539700.494 8 118446893.527 8      2275.397 8        52.145 8
G05  21247446.095 9 111656058.115 9       602.398 9        55.658 9                                                                  21247446.095 8 111656058.115 8       602.398 8        52.658 8
G04  22001871.987 9 115620586.684 9     -2496.304 9        55.355 9                                                                  22001871.987 8 115620586.684 8     -2496.304 8        52.355 8
E04                                                                  23387181.599 9 122900435.590 9      -178.237 9        57.937 9  23387181.599 9 122900435.590 9      -178.237 9        57.937 9
E05                                                                  26178146.466 9 137567023.743 9     -2076.220 9        56.958 9  26178146.466 9 137567023.743 9     -2076.220 9        56.958 9
E11                                                                  26713766.183 9 140381724.116 9     -2434.817 9        56.782 9  26713766.183 9 140381724.116 9     -2434.817 9        56.782 9
E20                                                                  27901586.669 9 146623748.235 9     -1709.750 9        56.404 9  27901586.669 9 146623748.235 9     -1709.750 9        56.404 9
E09                                                                  24949324.795 9 131109537.755 9      2541.822 9        57.375 9  24949324.795 9 131109537.755 9      2541.822 9        57.375 9
E10                                                                  23770510.397 9 124914839.225 9       -48.385 9        57.796 9  23770510.397 9 124914839.225 9       -48.385 9        57.796 9
E03                                                                  25004682.861 9 131400453.448 9      1937.901 9        57.356 9  25004682.861 9 131400453.448 9      1937.901 9        57.356 9
> 2026 02 03 10 02 56.0000000  0 17       0.000000000000
G02  20312216.787 9 106741398.523 9      -427.168 9        56.049 9                                                                  20312216.787 8 106741398.523 8      -427.168 8        53.049 8
G13  25204690.363 9 132451472.749 9      1177.000 9        54.174 9                                                                  25204690.363 8 132451472.749 8      1177.000 8        51.174 8
G29  24821808.531 9 130439436.923 9      3073.369 9        54.307 9                                                                  24821808.531 8 130439436.923 8      3073.369 8        51.307 8
G10  22301952.227 9 117197515.413 9      3211.723 9        55.237 9                                                                  22301952.227 8 117197515.413 8      3211.723 8        52.237 8
G12  20799867.171 9 109304016.931 9       102.022 9        55.843 9                                                                  20799867.171 8 109304016.931 8       102.022 8        52.843 8
G17  24756231.093 9 130094804.254 9     -2964.965 9        54.330 9                                                                  24756231.093 8 130094804.254 8     -2964.965 8        51.330 8
G24  24284354.480 9 127615096.068 9      3039.429 9        54.498 9                                                                  24284354.480 8 127615096.068 8      3039.429 8        51.498 8
G30  22539267.547 9 118444618.377 9      2274.903 9        55.145 9                                                                  22539267.547 8 118444618.377 8      2274.903 8        52.145 8
G05  21247331.525 9 111655456.046 9       601.739 9        55.658 9                                                                  21247331.525 8 111655456.046 8       601.739 8        52.658 8
G04  22002347.035 9 115623083.072 9     -2496.485 9        55.355 9                                                                  22002347.035 8 115623083.072 8     -2496.485 8        52.355 8
E04                                                                  23387215.540 9 122900613.952 9      -178.487 9        57.937 9  23387215.540 9 122900613.952 9      -178.487 9        57.937 9
E05                                                                  26178541.574 9 137569100.038 9     -2076.390 9        56.958 9  26178541.574 9 137569100.038 9     -2076.390 9        56.958 9
E11                                                                  26714229.535 9 140384159.043 9     -2435.057 9        56.782 9  26714229.535 9 140384159.043 9     -2435.057 9        56.782 9
E20                                                                  27901912.053 9 146625458.130 9     -1710.052 9        56.404 9  27901912.053 9 146625458.130 9     -1710.052 9        56.404 9
E09                                                                  24948841.130 9 131106996.079 9      2541.540 9        57.375 9  24948841.130 9 131106996.079 9      2541.540 9        57.375 9
E10                                                                  23770519.649 9 124914887.845 9       -48.854 9        57.796 9  23770519.649 9 124914887.845 9       -48.854 9        57.796 9
E03                                                                  25004314.099 9 131398515.594 9      1937.808 9        57.356 9  25004314.099 9 131398515.594 9      1937.808 9        57.356 9
> 2026 02 03 10 02 57.0000000  0 17       0.000000000000
G02  20312298.111 9 106741825.886 9      -427.559 9        56.049 9                                                                  20312298.111 8 106741825.886 8      -427.559 8        53.049 8
G13  25204466.431 9 132450295.984 9      1176.541 9        54.175 9                                                                  25204466.431 8 132450295.984 8      1176.541 8        51.175 8
G29  24821223.686 9 130436363.542 9      3073.392 9        54.308 9                                                                  24821223.686 8 130436363.542 8      3073.392 8        51.308 8
G10  22301341.087 9 117194303.857 9      3211.398 9        55.237 9                                                                  22301341.087 8 117194303.857 8      3211.398 8        52.237 8
G12  20799847.820 9 109303915.241 9       101.357 9        55.843 9                                                                  20799847.820 8 109303915.241 8       101.357 8        52.843 8
G17  24756795.318 9 130097769.264 9     -2965.088 9        54.330 9                                                                  24756795.318 8 130097769.264 8     -2965.088 8        51.330 8
G24  24283776.111 9 127612056.724 9      3039.262 9        54.498 9                                                                  24283776.111 8 127612056.724 8      3039.262 8        51.498 8
G30  22538834.694 9 118442343.722 9      2274.408 9        55.145 9                                                                  22538834.694 8 118442343.722 8      2274.408 8        52.145 8
G05  21247217.081 9 111654854.636 9       601.080 9        55.658 9                                                                  21247217.081 8 111654854.636 8       601.080 8        52.658 8
G04  22002822.117 9 115625579.641 9     -2496.666 9        55.354 9                                                                  22002822.117 8 115625579.641 8     -2496.666 8        52.354 8
E04                                                                  23387249.529 9 122900792.564 9      -178.738 9        57.937 9  23387249.529 9 122900792.564 9      -178.738 9        57.937 9
E05                                                                  26178936.713 9 137571176.503 9     -2076.560 9        56.957 9  26178936.713 9 137571176.503 9     -2076.560 9        56.957 9
E11                                                                  26714692.934 9 140386594.210 9     -2435.296 9        56.781 9  26714692.934 9 140386594.210 9     -2435.296 9        56.781 9
E20                                                                  27902237.494 9 146627168.326 9     -1710.353 9        56.404 9  27902237.494 9 146627168.326 9     -1710.353 9        56.404 9
E09                                                                  24948357.517 9 131104454.685 9      2541.259 9        57.376 9  24948357.517 9 131104454.685 9      2541.259 9        57.376 9
E10                                                                  23770528.991 9 124914936.934 9       -49.324 9        57.796 9  23770528.991 9 124914936.934 9       -49.324 9        57.796 9
E03                                                                  25003945.355 9 131396577.833 9      1937.716 9        57.356 9  25003945.355 9 131396577.833 9      1937.716 9        57.356 9
> 2026 02 03 10 02 58.0000000  0 17       0.000000000000
G02  20312379.510 9 106742253.638 9      -427.949 9        56.049 9                                                                  20312379.510 8 106742253.638 8      -427.949 8        53.049 8
G13  25204242.587 9 132449119.678 9      1176.081 9        54.175 9                                                                  25204242.587 8 132449119.678 8      1176.081 8        51.175 8
G29  24820638.836 9 130433290.136 9      3073.416 9        54.308 9                                                                  24820638.836 8 130433290.136 8      3073.416 8        51.308 8
G10  22300730.009 9 117191092.625 9      3211.073 9        55.238 9                                                                  22300730.009 8 117191092.625 8      3211.073 8        52.238 8
G12  20799828.596 9 109303814.216 9       100.691 9        55.843 9                                                                  20799828.596 8 109303814.216 8       100.691 8        52.843 8
G17  24757359.567 9 130100734.398 9     -2965.211 9        54.330 9                                                                  24757359.567 8 130100734.398 8     -2965.211 8        51.330 8
G24  24283197.774 9 127609017.545 9      3039.095 9        54.498 9                                                                  24283197.774 8 127609017.545 8      3039.095 8        51.498 8
G30  22538401.935 9 118440069.560 9      2273.914 9        55.146 9                                                                  22538401.935 8 118440069.560 8      2273.914 8        52.146 8
G05  21247102.762 9 111654253.885 9       600.420 9        55.658 9                                                                  21247102.762 8 111654253.885 8       600.420 8        52.658 8
G04  22003297.234 9 115628076.392 9     -2496.848 9        55.354 9                                                                  22003297.234 8 115628076.392 8     -2496.848 8        52.354 8
E04                                                                  23387283.566 9 122900971.426 9      -178.988 9        57.937 9  23387283.566 9 122900971.426 9      -178.988 9        57.937 9
E05                                                                  26179331.885 9 137573253.138 9     -2076.730 9        56.957 9  26179331.885 9 137573253.138 9     -2076.730 9        56.957 9
E11                                                                  26715156.378 9 140389029.617 9     -2435.536 9        56.781 9  26715156.378 9 140389029.617 9     -2435.536 9        56.781 9
E20                                                                  27902562.992 9 146628878.823 9     -1710.655 9        56.404 9  27902562.992 9 146628878.823 9     -1710.655 9        56.404 9
E09                                                                  24947873.959 9 131101913.572 9      2540.977 9        57.376 9  24947873.959 9 131101913.572 9      2540.977 9        57.376 9
E10                                                                  23770538.421 9 124914986.492 9       -49.793 9        57.796 9  23770538.421 9 124914986.492 9       -49.793 9        57.796 9
E03                                                                  25003576.628 9 131394640.163 9      1937.624 9        57.356 9  25003576.628 9 131394640.163 9      1937.624 9        57.356 9
> 2026 02 03 10 02 59.0000000  0 17       0.000000000000
G02  20312460.983 9 106742681.781 9      -428.339 9        56.049 9                                                                  20312460.983 8 106742681.781 8      -428.339 8        53.049 8
G13  25204018.830 9 132447943.832 9      1175.622 9        54.175 9                                                                  25204018.830 8 132447943.832 8      1175.622 8        51.175 8
G29  24820053.981 9 130430216.708 9      3073.439 9        54.308 9                                                                  24820053.981 8 130430216.708 8      3073.439 8        51.308 8
G10  22300118.994 9 117187881.720 9      3210.747 9        55.238 9                                                                  22300118.994 8 117187881.720 8      3210.747 8        52.238 8
G12  20799809.498 9 109303713.857 9       100.026 9        55.843 9                                                                  20799809.498 8 109303713.857 8       100.026 8        52.843 8
G17  24757923.839 9 130103699.654 9     -2965.334 9        54.330 9                                                                  24757923.839 8 130103699.654 8     -2965.334 8        51.330 8
G24  24282619.469 9 127605978.533 9      3038.929 9        54.498 9                                                                  24282619.469 8 127605978.533 8      3038.929 8        51.498 8
G30  22537969.271 9 118437795.894 9      2273.420 9        55.146 9                                                                  22537969.271 8 118437795.894 8      2273.420 8        52.146 8
G05  21246988.568 9 111653653.793 9       599.761 9        55.658 9                                                                  21246988.568 8 111653653.793 8       599.761 8        52.658 8
G04  22003772.385 9 115630573.323 9     -2497.029 9        55.354 9                                                                  22003772.385 8 115630573.323 8     -2497.029 8        52.354 8
E04                                                                  23387317.650 9 122901150.539 9      -179.239 9        57.937 9  23387317.650 9 122901150.539 9      -179.239 9        57.937 9
E05                                                                  26179727.090 9 137575329.944 9     -2076.900 9        56.957 9  26179727.090 9 137575329.944 9     -2076.900 9        56.957 9
E11                                                                  26715619.867 9 140391465.263 9     -2435.775 9        56.781 9  26715619.867 9 140391465.263 9     -2435.775 9        56.781 9
E20                                                                  27902888.548 9 146630589.622 9     -1710.956 9        56.403 9  27902888.548 9 146630589.622 9     -1710.956 9        56.403 9
E09                                                                  24947390.454 9 131099372.740 9      2540.696 9        57.376 9  24947390.454 9 131099372.740 9      2540.696 9        57.376 9
E10                                                                  23770547.941 9 124915036.520 9       -50.262 9        57.796 9  23770547.941 9 124915036.520 9       -50.262 9        57.796 9
E03                                                                  25003207.919 9 131392702.586 9      1937.532 9        57.357 9  25003207.919 9 131392702.586 9      1937.532 9        57.357 9
> 2026 02 03 10 03  0.0000000  0 17       0.000000000000
G02  20312542.531 9 106743110.314 9      -428.729 9        56.049 9                                                                  20312542.531 8 106743110.314 8      -428.729 8        53.049 8
G13  25203795.160 9 132446768.445 9      1175.163 9        54.175 9                                                                  25203795.160 8 132446768.445 8      1175.163 8        51.175 8
G29  24819469.122 9 130427143.256 9      3073.463 9        54.308 9                                                                  24819469.122 8 130427143.256 8      3073.463 8        51.308 8
G10  22299508.040 9 117184671.139 9      3210.422 9        55.238 9                                                                  22299508.040 8 117184671.139 8      3210.422 8        52.238 8
G12  20799790.527 9 109303614.163 9        99.360 9        55.843 9                                                                  20799790.527 8 109303614.163 8        99.360 8        52.843 8
G17  24758488.134 9 130106665.034 9     -2965.458 9        54.330 9                                                                  24758488.134 8 130106665.034 8     -2965.458 8        51.330 8
G24  24282041.195 9 127602939.688 9      3038.762 9        54.498 9                                                                  24282041.195 8 127602939.688 8      3038.762 8        51.498 8
G30  22537536.700 9 118435522.721 9      2272.925 9        55.146 9                                                                  22537536.700 8 118435522.721 8      2272.925 8        52.146 8
G05  21246874.500 9 111653054.361 9       599.102 9        55.658 9                                                                  21246874.500 8 111653054.361 8       599.102 8        52.658 8
G04  22004247.571 9 115633070.437 9     -2497.211 9        55.354 9                                                                  22004247.571 8 115633070.437 8     -2497.211 8        52.354 8
E04                                                                  23387351.782 9 122901329.902 9      -179.489 9        57.937 9  23387351.782 9 122901329.902 9      -179.489 9        57.937 9
E05                                                                  26180122.326 9 137577406.919 9     -2077.070 9        56.957 9  26180122.326 9 137577406.919 9     -2077.070 9        56.957 9
E11                                                                  26716083.402 9 140393901.148 9     -2436.015 9        56.781 9  26716083.402 9 140393901.148 9     -2436.015 9        56.781 9
E20                                                                  27903214.161 9 146632300.722 9     -1711.258 9        56.403 9  27903214.161 9 146632300.722 9     -1711.258 9        56.403 9
E09                                                                  24946907.002 9 131096832.191 9      2540.414 9        57.376 9  24946907.002 9 131096832.191 9      2540.414 9        57.376 9
E10                                                                  23770557.551 9 124915087.017 9       -50.732 9        57.796 9  23770557.551 9 124915087.017 9       -50.732 9        57.796 9
E03                                                                  25002839.228 9 131390765.101 9      1937.440 9        57.357 9  25002839.228 9 131390765.101 9      1937.440 9        57.357 9
> 2026 02 03 10 03  1.0000000  0 17       0.000000000000
G02  20312624.152 9 106743539.237 9      -429.119 9        56.049 9                                                                  20312624.152 8 106743539.237 8      -429.119 8        53.049 8
G13  25203571.578 9 132445593.517 9      1174.703 9        54.175 9                                                                  25203571.578 8 132445593.517 8      1174.703 8        51.175 8
G29  24818884.259 9 130424069.780 9      3073.486 9        54.308 9                                                                  24818884.259 8 130424069.780 8      3073.486 8        51.308 8
G10  22298897.148 9 117181460.884 9      3210.096 9        55.238 9                                                                  22298897.148 8 117181460.884 8      3210.096 8        52.238 8
G12  20799771.683 9 109303515.134 9        98.695 9        55.843 9                                                                  20799771.683 8 109303515.134 8        98.695 8        52.843 8
G17  24759052.453 9 130109630.537 9     -2965.581 9        54.329 9                                                                  24759052.453 8 130109630.537 8     -2965.581 8        51.329 8
G24  24281462.953 9 127599901.010 9      3038.595 9        54.499 9                                                                  24281462.953 8 127599901.010 8      3038.595 8        51.499 8
G30  22537104.224 9 118433250.043 9      2272.430 9        55.146 9                                                                  22537104.224 8 118433250.043 8      2272.430 8        52.146 8
G05  21246760.558 9 111652455.587 9       598.443 9        55.658 9                                                                  21246760.558 8 111652455.587 8       598.443 8        52.658 8
G04  22004722.791 9 115635567.732 9     -2497.392 9        55.354 9                                                                  22004722.791 8 115635567.732 8     -2497.392 8        52.354 8
E04                                                                  23387385.961 9 122901509.515 9      -179.740 9        57.937 9  23387385.961 9 122901509.515 9      -179.740 9        57.937 9
E05                                                                  26180517.595 9 137579484.064 9     -2077.240 9        56.957 9  26180517.595 9 137579484.064 9     -2077.240 9        56.957 9
E11                                                                  26716546.983 9 140396337.273 9     -2436.254 9        56.781 9  26716546.983 9 140396337.273 9     -2436.254 9        56.781 9
E20                                                                  27903539.832 9 146634012.124 9     -1711.559 9        56.403 9  27903539.832 9 146634012.124 9     -1711.559 9        56.403 9
E09                                                                  24946423.604 9 131094291.922 9      2540.132 9        57.376 9  24946423.604 9 131094291.922 9      2540.132 9        57.376 9
E10                                                                  23770567.249 9 124915137.984 9       -51.201 9        57.796 9  23770567.249 9 124915137.984 9       -51.201 9        57.796 9
E03                                                                  25002470.554 9 131388827.708 9      1937.347 9        57.357 9  25002470.554 9 131388827.708 9      1937.347 9        57.357 9
> 2026 02 03 10 03  2.0000000  0 17       0.000000000000
G02  20312705.848 9 106743968.549 9      -429.509 9        56.049 9                                                                  20312705.848 8 106743968.549 8      -429.509 8        53.049 8
G13  25203348.083 9 132444419.049 9      1174.244 9        54.175 9                                                                  25203348.083 8 132444419.049 8      1174.244 8        51.175 8
G29  24818299.391 9 130420996.281 9      3073.510 9        54.309 9                                                                  24818299.391 8 130420996.281 8      3073.510 8        51.309 8
G10  22298286.318 9 117178250.955 9      3209.771 9        55.239 9                                                                  22298286.318 8 117178250.955 8      3209.771 8        52.239 8
G12  20799752.965 9 109303416.771 9        98.030 9        55.843 9                                                                  20799752.965 8 109303416.771 8        98.030 8        52.843 8
G17  24759616.795 9 130112596.163 9     -2965.704 9        54.329 9                                                                  24759616.795 8 130112596.163 8     -2965.704 8        51.329 8
G24  24280884.743 9 127596862.498 9      3038.429 9        54.499 9                                                                  24280884.743 8 127596862.498 8      3038.429 8        51.499 8
G30  22536671.841 9 118430977.860 9      2271.936 9        55.146 9                                                                  22536671.841 8 118430977.860 8      2271.936 8        52.146 8
G05  21246646.740 9 111651857.473 9       597.784 9        55.658 9                                                                  21246646.740 8 111651857.473 8       597.784 8        52.658 8
G04  22005198.046 9 115638065.207 9     -2497.573 9        55.354 9                                                                  22005198.046 8 115638065.207 8     -2497.573 8        52.354 8
E04                                                                  23387420.188 9 122901689.380 9      -179.990 9        57.937 9  23387420.188 9 122901689.380 9      -179.990 9        57.937 9
E05                                                                  26180912.897 9 137581561.380 9     -2077.410 9        56.957 9  26180912.897 9 137581561.380 9     -2077.410 9        56.957 9
E11                                                                  26717010.609 9 140398773.637 9     -2436.493 9        56.781 9  26717010.609 9 140398773.637 9     -2436.493 9        56.781 9
E20                                                                  27903865.559 9 146635723.827 9     -1711.860 9        56.403 9  27903865.559 9 146635723.827 9     -1711.860 9        56.403 9
E09                                                                  24945940.260 9 131091751.936 9      2539.851 9        57.376 9  24945940.260 9 131091751.936 9      2539.851 9        57.376 9
E10                                                                  23770577.037 9 124915189.420 9       -51.670 9        57.796 9  23770577.037 9 124915189.420 9       -51.670 9        57.796 9
E03                                                                  25002101.897 9 131386890.408 9      1937.255 9        57.357 9  25002101.897 9 131386890.408 9      1937.255 9        57.357 9
> 2026 02 03 10 03  3.0000000  0 17       0.000000000000
G02  20312787.618 9 106744398.252 9      -429.899 9        56.049 9                                                                  20312787.618 8 106744398.252 8      -429.899 8        53.049 8
G13  25203124.676 9 132443245.040 9      1173.784 9        54.175 9                                                                  25203124.676 8 132443245.040 8      1173.784 8        51.175 8
G29  24817714.519 9 130417922.759 9      3073.533 9        54.309 9                                                                  24817714.519 8 130417922.759 8      3073.533 8        51.309 8
G10  22297675.550 9 117175041.352 9      3209.445 9        55.239 9                                                                  22297675.550 8 117175041.352 8      3209.445 8        52.239 8
G12  20799734.374 9 109303319.073 9        97.364 9        55.843 9                                                                  20799734.374 8 109303319.073 8        97.364 8        52.843 8
G17  24760181.161 9 130115561.911 9     -2965.827 9        54.329 9                                                                  24760181.161 8 130115561.911 8     -2965.827 8        51.329 8
G24  24280306.564 9 127593824.153 9      3038.262 9        54.499 9                                                                  24280306.564 8 127593824.153 8      3038.262 8        51.499 8
G30  22536239.553 9 118428706.171 9      2271.441 9        55.146 9                                                                  22536239.553 8 118428706.171 8      2271.441 8        52.146 8
G05  21246533.048 9 111651260.018 9       597.124 9        55.658 9                                                                  21246533.048 8 111651260.018 8       597.124 8        52.658 8
G04  22005673.335 9 115640562.864 9     -2497.754 9        55.353 9                                                                  22005673.335 8 115640562.864 8     -2497.754 8        52.353 8
E04                                                                  23387454.463 9 122901869.494 9      -180.241 9        57.937 9  23387454.463 9 122901869.494 9      -180.241 9        57.937 9
E05                                                                  26181308.231 9 137583638.865 9     -2077.580 9        56.957 9  26181308.231 9 137583638.865 9     -2077.580 9        56.957 9
E11                                                                  26717474.281 9 140401210.241 9     -2436.732 9        56.781 9  26717474.281 9 140401210.241 9     -2436.732 9        56.781 9
E20                                                                  27904191.345 9 146637435.831 9     -1712.161 9        56.403 9  27904191.345 9 146637435.831 9     -1712.161 9        56.403 9
E09                                                                  24945456.969 9 131089212.231 9      2539.569 9        57.377 9  24945456.969 9 131089212.231 9      2539.569 9        57.377 9
E10                                                                  23770586.914 9 124915241.325 9       -52.139 9        57.796 9  23770586.914 9 124915241.325 9       -52.139 9        57.796 9
E03                                                                  25001733.258 9 131384953.199 9      1937.163 9        57.357 9  25001733.258 9 131384953.199 9      1937.163 9        57.357 9
> 2026 02 03 10 03  4.0000000  0 17       0.000000000000
G02  20312869.462 9 106744828.344 9      -430.288 9        56.049 9                                                                  20312869.462 8 106744828.344 8      -430.288 8        53.049 8
G13  25202901.357 9 132442071.491 9      1173.325 9        54.175 9                                                                  25202901.357 8 132442071.491 8      1173.325 8        51.175 8
G29  24817129.642 9 130414849.214 9      3073.556 9        54.309 9                                                                  24817129.642 8 130414849.214 8      3073.556 8        51.309 8
G10  22297064.844 9 117171832.074 9      3209.119 9        55.239 9                                                                  22297064.844 8 117171832.074 8      3209.119 8        52.239 8
G12  20799715.909 9 109303222.041 9        96.699 9        55.843 9                                                                  20799715.909 8 109303222.041 8        96.699 8        52.843 8
G17  24760745.550 9 130118527.784 9     -2965.950 9        54.329 9                                                                  24760745.550 8 130118527.784 8     -2965.950 8        51.329 8
G24  24279728.418 9 127590785.975 9      3038.095 9        54.499 9                                                                  24279728.418 8 127590785.975 8      3038.095 8        51.499 8
G30  22535807.359 9 118426434.977 9      2270.946 9        55.147 9                                                                  22535807.359 8 118426434.977 8      2270.946 8        52.147 8
G05  21246419.482 9 111650663.222 9       596.465 9        55.658 9                                                                  21246419.482 8 111650663.222 8       596.465 8        52.658 8
G04  22006148.659 9 115643060.702 9     -2497.935 9        55.353 9                                                                  22006148.659 8 115643060.702 8     -2497.935 8        52.353 8
E04                                                                  23387488.786 9 122902049.860 9      -180.491 9        57.937 9  23387488.786 9 122902049.860 9      -180.491 9        57.937 9
E05                                                                  26181703.597 9 137585716.520 9     -2077.750 9        56.957 9  26181703.597 9 137585716.520 9     -2077.750 9        56.957 9
E11                                                                  26717937.998 9 140403647.083 9     -2436.971 9        56.780 9  26717937.998 9 140403647.083 9     -2436.971 9        56.780 9
E20                                                                  27904517.187 9 146639148.136 9     -1712.462 9        56.403 9  27904517.187 9 146639148.136 9     -1712.462 9        56.403 9
E09                                                                  24944973.732 9 131086672.808 9      2539.287 9        57.377 9  24944973.732 9 131086672.808 9      2539.287 9        57.377 9
E10                                                                  23770596.881 9 124915293.699 9       -52.609 9        57.796 9  23770596.881 9 124915293.699 9       -52.609 9        57.796 9
E03                                                                  25001364.637 9 131383016.084 9      1937.070 9        57.357 9  25001364.637 9 131383016.084 9      1937.070 9        57.357 9
> 2026 02 03 10 03  5.0000000  0 17       0.000000000000
G02  20312951.380 9 106745258.827 9      -430.678 9        56.049 9                                                                  20312951.380 8 106745258.827 8      -430.678 8        53.049 8
G13  25202678.124 9 132440898.402 9      1172.865 9        54.175 9                                                                  25202678.124 8 132440898.402 8      1172.865 8        51.175 8
G29  24816544.761 9 130411775.645 9      3073.579 9        54.309 9                                                                  24816544.761 8 130411775.645 8      3073.579 8        51.309 8
G10  22296454.200 9 117168623.123 9      3208.793 9        55.239 9                                                                  22296454.200 8 117168623.123 8      3208.793 8        52.239 8
G12  20799697.571 9 109303125.674 9        96.033 9        55.843 9                                                                  20799697.571 8 109303125.674 8        96.033 8        52.843 8
G17  24761309.963 9 130121493.779 9     -2966.073 9        54.329 9                                                                  24761309.963 8 130121493.779 8     -2966.073 8        51.329 8
G24  24279150.303 9 127587747.964 9      3037.928 9        54.499 9                                                                  24279150.303 8 127587747.964 8      3037.928 8        51.499 8
G30  22535375.259 9 118424164.279 9      2270.451 9        55.147 9                                                                  22535375.259 8 118424164.279 8      2270.451 8        52.147 8
G05  21246306.041 9 111650067.086 9       595.806 9        55.658 9                                                                  21246306.041 8 111650067.086 8       595.806 8        52.658 8
G04  22006624.017 9 115645558.721 9     -2498.116 9        55.353 9                                                                  22006624.017 8 115645558.721 8     -2498.116 8        52.353 8
E04                                                                  23387523.156 9 122902230.476 9      -180.742 9        57.937 9  23387523.156 9 122902230.476 9      -180.742 9        57.937 9
E05                                                                  26182098.996 9 137587794.346 9     -2077.920 9        56.956 9  26182098.996 9 137587794.346 9     -2077.920 9        56.956 9
E11                                                                  26718401.760 9 140406084.164 9     -2437.211 9        56.780 9  26718401.760 9 140406084.164 9     -2437.211 9        56.780 9
E20                                                                  27904843.087 9 146640860.742 9     -1712.763 9        56.403 9  27904843.087 9 146640860.742 9     -1712.763 9        56.403 9
E09                                                                  24944490.548 9 131084133.666 9      2539.005 9        57.377 9  24944490.548 9 131084133.666 9      2539.005 9        57.377 9
E10                                                                  23770606.936 9 124915346.542 9       -53.078 9        57.796 9  23770606.936 9 124915346.542 9       -53.078 9        57.796 9
E03                                                                  25000996.033 9 131381079.060 9      1936.978 9        57.357 9  25000996.033 9 131381079.060 9      1936.978 9        57.357 9
> 2026 02 03 10 03  6.0000000  0 17       0.000000000000
G02  20313033.372 9 106745689.699 9      -431.068 9        56.049 9                                                                  20313033.372 8 106745689.699 8      -431.068 8        53.049 8
G13  25202454.980 9 132439725.773 9      1172.405 9        54.175 9                                                                  25202454.980 8 132439725.773 8      1172.405 8        51.175 8
G29  24815959.876 9 130408702.053 9      3073.603 9        54.309 9                                                                  24815959.876 8 130408702.053 8      3073.603 8        51.309 8
G10  22295843.618 9 117165414.497 9      3208.467 9        55.240 9                                                                  22295843.618 8 117165414.497 8      3208.467 8        52.240 8
G12  20799679.360 9 109303029.972 9        95.368 9        55.843 9                                                                  20799679.360 8 109303029.972 8        95.368 8        52.843 8
G17  24761874.399 9 130124459.897 9     -2966.196 9        54.328 9                                                                  24761874.399 8 130124459.897 8     -2966.196 8        51.328 8
G24  24278572.219 9 127584710.119 9      3037.762 9        54.500 9                                                                  24278572.219 8 127584710.119 8      3037.762 8        51.500 8
G30  22534943.253 9 118421894.075 9      2269.956 9        55.147 9                                                                  22534943.253 8 118421894.075 8      2269.956 8        52.147 8
G05  21246192.726 9 111649471.609 9       595.147 9        55.658 9                                                                  21246192.726 8 111649471.609 8       595.147 8        52.658 8
G04  22007099.409 9 115648056.922 9     -2498.297 9        55.353 9                                                                  22007099.409 8 115648056.922 8     -2498.297 8        52.353 8
E04                                                                  23387557.574 9 122902411.342 9      -180.993 9        57.937 9  23387557.574 9 122902411.342 9      -180.993 9        57.937 9
E05                                                                  26182494.426 9 137589872.342 9     -2078.091 9        56.956 9  26182494.426 9 137589872.342 9     -2078.091 9        56.956 9
E11                                                                  26718865.569 9 140408521.485 9     -2437.450 9        56.780 9  26718865.569 9 140408521.485 9     -2437.450 9        56.780 9
E20                                                                  27905169.044 9 146642573.649 9     -1713.064 9        56.403 9  27905169.044 9 146642573.649 9     -1713.064 9        56.403 9
E09                                                                  24944007.418 9 131081594.806 9      2538.724 9        57.377 9  24944007.418 9 131081594.806 9      2538.724 9        57.377 9
E10                                                                  23770617.082 9 124915399.855 9       -53.547 9        57.796 9  23770617.082 9 124915399.855 9       -53.547 9        57.796 9
E03                                                                  25000627.447 9 131379142.129 9      1936.886 9        57.357 9  25000627.447 9 131379142.129 9      1936.886 9        57.357 9
> 2026 02 03 10 03  7.0000000  0 17       0.000000000000
G02  20313115.439 9 106746120.961 9      -431.458 9        56.049 9                                                                  20313115.439 8 106746120.961 8      -431.458 8        53.049 8
G13  25202231.922 9 132438553.603 9      1171.945 9        54.175 9                                                                  25202231.922 8 132438553.603 8      1171.945 8        51.175 8
G29  24815374.986 9 130405628.438 9      3073.626 9        54.310 9                                                                  24815374.986 8 130405628.438 8      3073.626 8        51.310 8
G10  22295233.098 9 117162206.198 9      3208.140 9        55.240 9                                                                  22295233.098 8 117162206.198 8      3208.140 8        52.240 8
G12  20799661.276 9 109302934.937 9        94.702 9        55.843 9                                                                  20799661.276 8 109302934.937 8        94.702 8        52.843 8
G17  24762438.858 9 130127426.138 9     -2966.319 9        54.328 9                                                                  24762438.858 8 130127426.138 8     -2966.319 8        51.328 8
G24  24277994.168 9 127581672.442 9      3037.595 9        54.500 9                                                                  24277994.168 8 127581672.442 8      3037.595 8        51.500 8
G30  22534511.341 9 118419624.366 9      2269.461 9        55.147 9                                                                  22534511.341 8 118419624.366 8      2269.461 8        52.147 8
G05  21246079.536 9 111648876.791 9       594.487 9        55.658 9                                                                  21246079.536 8 111648876.791 8       594.487 8        52.658 8
G04  22007574.836 9 115650555.302 9     -2498.478 9        55.353 9                                                                  22007574.836 8 115650555.302 8     -2498.478 8        52.353 8
E04                                                                  23387592.039 9 122902592.459 9      -181.243 9        57.937 9  23387592.039 9 122902592.459 9      -181.243 9        57.937 9
E05                                                                  26182889.890 9 137591950.507 9     -2078.261 9        56.956 9  26182889.890 9 137591950.507 9     -2078.261 9        56.956 9
E11                                                                  26719329.422 9 140410959.044 9     -2437.688 9        56.780 9  26719329.422 9 140410959.044 9     -2437.688 9        56.780 9
E20                                                                  27905495.058 9 146644286.857 9     -1713.365 9        56.403 9  27905495.058 9 146644286.857 9     -1713.365 9        56.403 9
E09                                                                  24943524.342 9 131079056.229 9      2538.442 9        57.377 9  24943524.342 9 131079056.229 9      2538.442 9        57.377 9
E10                                                                  23770627.316 9 124915453.636 9       -54.016 9        57.796 9  23770627.316 9 124915453.636 9       -54.016 9        57.796 9
E03                                                                  25000258.879 9 131377205.290 9      1936.793 9        57.358 9  25000258.879 9 131377205.290 9      1936.793 9        57.358 9
> 2026 02 03 10 03  8.0000000  0 17       0.000000000000
G02  20313197.580 9 106746552.612 9      -431.847 9        56.048 9                                                                  20313197.580 8 106746552.612 8      -431.847 8        53.048 8
G13  25202008.953 9 132437381.893 9      1171.485 9        54.175 9                                                                  25202008.953 8 132437381.893 8      1171.485 8        51.175 8
G29  24814790.091 9 130402554.799 9      3073.649 9        54.310 9                                                                  24814790.091 8 130402554.799 8      3073.649 8        51.310 8
G10  22294622.640 9 117158998.225 9      3207.814 9        55.240 9                                                                  22294622.640 8 117158998.225 8      3207.814 8        52.240 8
G12  20799643.318 9 109302840.566 9        94.037 9        55.843 9                                                                  20799643.318 8 109302840.566 8        94.037 8        52.843 8
G17  24763003.341 9 130130392.503 9     -2966.442 9        54.328 9                                                                  24763003.341 8 130130392.503 8     -2966.442 8        51.328 8
G24  24277416.148 9 127578634.931 9      3037.428 9        54.500 9                                                                  24277416.148 8 127578634.931 8      3037.428 8        51.500 8
G30  22534079.524 9 118417355.152 9      2268.966 9        55.147 9                                                                  22534079.524 8 118417355.152 8      2268.966 8        52.147 8
G05  21245966.471 9 111648282.633 9       593.828 9        55.659 9                                                                  21245966.471 8 111648282.633 8       593.828 8        52.659 8
G04  22008050.298 9 115653053.864 9     -2498.659 9        55.352 9                                                                  22008050.298 8 115653053.864 8     -2498.659 8        52.352 8
E04                                                                  23387626.553 9 122902773.827 9      -181.494 9        57.937 9  23387626.553 9 122902773.827 9      -181.494 9        57.937 9
E05                                                                  26183285.385 9 137594028.843 9     -2078.431 9        56.956 9  26183285.385 9 137594028.843 9     -2078.431 9        56.956 9
E11                                                                  26719793.321 9 140413396.843 9     -2437.927 9        56.780 9  26719793.321 9 140413396.843 9     -2437.927 9        56.780 9
E20                                                                  27905821.130 9 146646000.366 9     -1713.666 9        56.403 9  27905821.130 9 146646000.366 9     -1713.666 9        56.403 9
E09                                                                  24943041.320 9 131076517.933 9      2538.160 9        57.377 9  24943041.320 9 131076517.933 9      2538.160 9        57.377 9
E10                                                                  23770637.639 9 124915507.887 9       -54.485 9        57.796 9  23770637.639 9 124915507.887 9       -54.485 9        57.796 9
E03                                                                  24999890.328 9 131375268.544 9      1936.701 9        57.358 9  24999890.328 9 131375268.544 9      1936.701 9        57.358 9
> 2026 02 03 10 03  9.0000000  0 17       0.000000000000
G02  20313279.795 9 106746984.653 9      -432.237 9        56.048 9                                                                  20313279.795 8 106746984.653 8      -432.237 8        53.048 8
G13  25201786.070 9 132436210.643 9      1171.025 9        54.175 9                                                                  25201786.070 8 132436210.643 8      1171.025 8        51.175 8
G29  24814205.193 9 130399481.138 9      3073.672 9        54.310 9                                                                  24814205.193 8 130399481.138 8      3073.672 8        51.310 8
G10  22294012.245 9 117155790.578 9      3207.488 9        55.240 9                                                                  22294012.245 8 117155790.578 8      3207.488 8        52.240 8
G12  20799625.486 9 109302746.861 9        93.371 9        55.843 9                                                                  20799625.486 8 109302746.861 8        93.371 8        52.843 8
G17  24763567.847 9 130133358.990 9     -2966.565 9        54.328 9                                                                  24763567.847 8 130133358.990 8     -2966.565 8        51.328 8
G24  24276838.160 9 127575597.587 9      3037.261 9        54.500 9                                                                  24276838.160 8 127575597.587 8      3037.261 8        51.500 8
G30  22533647.801 9 118415086.433 9      2268.471 9        55.147 9                                                                  22533647.801 8 118415086.433 8      2268.471 8        52.147 8
G05  21245853.532 9 111647689.134 9       593.168 9        55.659 9                                                                  21245853.532 8 111647689.134 8       593.168 8        52.659 8
G04  22008525.794 9 115655552.607 9     -2498.839 9        55.352 9                                                                  22008525.794 8 115655552.607 8     -2498.839 8        52.352 8
E04                                                                  23387661.114 9 122902955.446 9      -181.745 9        57.937 9  23387661.114 9 122902955.446 9      -181.745 9        57.937 9
E05                                                                  26183680.913 9 137596107.349 9     -2078.601 9        56.956 9  26183680.913 9 137596107.349 9     -2078.601 9        56.956 9
E11                                                                  26720257.266 9 140415834.880 9     -2438.166 9        56.780 9  26720257.266 9 140415834.880 9     -2438.166 9        56.780 9
E20                                                                  27906147.258 9 146647714.175 9     -1713.966 9        56.402 9  27906147.258 9 146647714.175 9     -1713.966 9        56.402 9
E09                                                                  24942558.351 9 131073979.919 9      2537.878 9        57.378 9  24942558.351 9 131073979.919 9      2537.878 9        57.378 9
E10                                                                  23770648.052 9 124915562.608 9       -54.955 9        57.796 9  23770648.052 9 124915562.608 9       -54.955 9        57.796 9
E03                                                                  24999521.794 9 131373331.890 9      1936.608 9        57.358 9  24999521.794 9 131373331.890 9      1936.608 9        57.358 9
> 2026 02 03 10 03 10.0000000  0 17       0.000000000000
G02  20313362.084 9 106747417.084 9      -432.627 9        56.048 9                                                                  20313362.084 8 106747417.084 8      -432.627 8        53.048 8
G13  25201563.276 9 132435039.854 9      1170.565 9        54.176 9                                                                  25201563.276 8 132435039.854 8      1170.565 8        51.176 8
G29  24813620.289 9 130396407.453 9      3073.695 9        54.310 9                                                                  24813620.289 8 130396407.453 8      3073.695 8        51.310 8
G10  22293401.911 9 117152583.258 9      3207.161 9        55.241 9                                                                  22293401.911 8 117152583.258 8      3207.161 8        52.241 8
G12  20799607.782 9 109302653.822 9        92.706 9        55.843 9                                                                  20799607.782 8 109302653.822 8        92.706 8        52.843 8
G17  24764132.377 9 130136325.600 9     -2966.688 9        54.328 9                                                                  24764132.377 8 130136325.600 8     -2966.688 8        51.328 8
G24  24276260.204 9 127572560.410 9      3037.094 9        54.500 9                                                                  24276260.204 8 127572560.410 8      3037.094 8        51.500 8
G30  22533216.172 9 118412818.210 9      2267.976 9        55.148 9                                                                  22533216.172 8 118412818.210 8      2267.976 8        52.148 8
G05  21245740.719 9 111647096.294 9       592.509 9        55.659 9                                                                  21245740.719 8 111647096.294 8       592.509 8        52.659 8
G04  22009001.324 9 115658051.530 9     -2499.020 9        55.352 9                                                                  22009001.324 8 115658051.530 8     -2499.020 8        52.352 8
E04                                                                  23387695.722 9 122903137.315 9      -181.995 9        57.937 9  23387695.722 9 122903137.315 9      -181.995 9        57.937 9
E05                                                                  26184076.474 9 137598186.025 9     -2078.771 9        56.956 9  26184076.474 9 137598186.025 9     -2078.771 9        56.956 9
E11                                                                  26720721.256 9 140418273.156 9     -2438.405 9        56.780 9  26720721.256 9 140418273.156 9     -2438.405 9        56.780 9
E20                                                                  27906473.444 9 146649428.286 9     -1714.267 9        56.402 9  27906473.444 9 146649428.286 9     -1714.267 9        56.402 9
E09                                                                  24942075.435 9 131071442.188 9      2537.595 9        57.378 9  24942075.435 9 131071442.188 9      2537.595 9        57.378 9
E10                                                                  23770658.554 9 124915617.797 9       -55.424 9        57.796 9  23770658.554 9 124915617.797 9       -55.424 9        57.796 9
E03                                                                  24999153.279 9 131371395.329 9      1936.516 9        57.358 9  24999153.279 9 131371395.329 9      1936.516 9        57.358 9
> 2026 02 03 10 03 11.0000000  0 17       0.000000000000
G02  20313444.447 9 106747849.905 9      -433.016 9        56.048 9                                                                  20313444.447 8 106747849.905 8      -433.016 8        53.048 8
G13  25201340.569 9 132433869.524 9      1170.105 9        54.176 9                                                                  25201340.569 8 132433869.524 8      1170.105 8        51.176 8
G29  24813035.382 9 130393333.745 9      3073.718 9        54.310 9                                                                  24813035.382 8 130393333.745 8      3073.718 8        51.310 8
G10  22292791.640 9 117149376.264 9      3206.835 9        55.241 9                                                                  22292791.640 8 117149376.264 8      3206.835 8        52.241 8
G12  20799590.204 9 109302561.448 9        92.040 9        55.843 9                                                                  20799590.204 8 109302561.448 8        92.040 8        52.843 8
G17  24764696.930 9 130139292.333 9     -2966.811 9        54.327 9                                                                  24764696.930 8 130139292.333 8     -2966.811 8        51.327 8
G24  24275682.279 9 127569523.400 9      3036.927 9        54.501 9                                                                  24275682.279 8 127569523.400 8      3036.927 8        51.501 8
G30  22532784.638 9 118410550.482 9      2267.480 9        55.148 9                                                                  22532784.638 8 118410550.482 8      2267.480 8        52.148 8
G05  21245628.031 9 111646504.114 9       591.849 9        55.659 9                                                                  21245628.031 8 111646504.114 8       591.849 8        52.659 8
G04  22009476.888 9 115660550.634 9     -2499.201 9        55.352 9                                                                  22009476.888 8 115660550.634 8     -2499.201 8        52.352 8
E04                                                                  23387730.379 9 122903319.435 9      -182.246 9        57.937 9  23387730.379 9 122903319.435 9      -182.246 9        57.937 9
E05                                                                  26184472.066 9 137600264.870 9     -2078.941 9        56.956 9  26184472.066 9 137600264.870 9     -2078.941 9        56.956 9
E11                                                                  26721185.291 9 140420711.670 9     -2438.643 9        56.779 9  26721185.291 9 140420711.670 9     -2438.643 9        56.779 9
E20                                                                  27906799.687 9 146651142.696 9     -1714.568 9        56.402 9  27906799.687 9 146651142.696 9     -1714.568 9        56.402 9
E09                                                                  24941592.574 9 131068904.738 9      2537.313 9        57.378 9  24941592.574 9 131068904.738 9      2537.313 9        57.378 9
E10                                                                  23770669.146 9 124915673.455 9       -55.893 9        57.796 9  23770669.146 9 124915673.455 9       -55.893 9        57.796 9
E03                                                                  24998784.781 9 131369458.861 9      1936.423 9        57.358 9  24998784.781 9 131369458.861 9      1936.423 9        57.358 9
> 2026 02 03 10 03 12.0000000  0 17       0.000000000000
G02  20313526.884 9 106748283.115 9      -433.406 9        56.048 9                                                                  20313526.884 8 106748283.115 8      -433.406 8        53.048 8
G13  25201117.949 9 132432699.655 9      1169.644 9        54.176 9                                                                  25201117.949 8 132432699.655 8      1169.644 8        51.176 8
G29  24812450.470 9 130390260.014 9      3073.741 9        54.311 9                                                                  24812450.470 8 130390260.014 8      3073.741 8        51.311 8
G10  22292181.431 9 117146169.597 9      3206.508 9        55.241 9                                                                  22292181.431 8 117146169.597 8      3206.508 8        52.241 8
G12  20799572.752 9 109302469.740 9        91.375 9        55.843 9                                                                  20799572.752 8 109302469.740 8        91.375 8        52.843 8
G17  24765261.507 9 130142259.190 9     -2966.934 9        54.327 9                                                                  24765261.507 8 130142259.190 8     -2966.934 8        51.327 8
G24  24275104.387 9 127566486.557 9      3036.760 9        54.501 9                                                                  24275104.387 8 127566486.557 8      3036.760 8        51.501 8
G30  22532353.197 9 118408283.250 9      2266.985 9        55.148 9                                                                  22532353.197 8 118408283.250 8      2266.985 8        52.148 8
G05  21245515.468 9 111645912.594 9       591.190 9        55.659 9                                                                  21245515.468 8 111645912.594 8       591.190 8        52.659 8
G04  22009952.487 9 115663049.919 9     -2499.382 9        55.352 9                                                                  22009952.487 8 115663049.919 8     -2499.382 8        52.352 8
E04                                                                  23387765.083 9 122903501.806 9      -182.497 9        57.937 9  23387765.083 9 122903501.806 9      -182.497 9        57.937 9
E05                                                                  26184867.691 9 137602343.886 9     -2079.111 9        56.955 9  26184867.691 9 137602343.886 9     -2079.111 9        56.955 9
E11                                                                  26721649.372 9 140423150.423 9     -2438.882 9        56.779 9  26721649.372 9 140423150.423 9     -2438.882 9        56.779 9
E20                                                                  27907125.988 9 146652857.408 9     -1714.868 9        56.402 9  27907125.988 9 146652857.408 9     -1714.868 9        56.402 9
E09                                                                  24941109.766 9 131066367.571 9      2537.031 9        57.378 9  24941109.766 9 131066367.571 9      2537.031 9        57.378 9
E10                                                                  23770679.827 9 124915729.582 9       -56.362 9        57.796 9  23770679.827 9 124915729.582 9       -56.362 9        57.796 9
E03                                                                  24998416.300 9 131367522.485 9      1936.330 9        57.358 9  24998416.300 9 131367522.485 9      1936.330 9        57.358 9
> 2026 02 03 10 03 13.0000000  0 17       0.000000000000
G02  20313609.396 9 106748716.714 9      -433.795 9        56.048 9                                                                  20313609.396 8 106748716.714 8      -433.795 8        53.048 8
G13  25200895.417 9 132431530.246 9      1169.184 9        54.176 9                                                                  25200895.417 8 132431530.246 8      1169.184 8        51.176 8
G29  24811865.554 9 130387186.260 9      3073.764 9        54.311 9                                                                  24811865.554 8 130387186.260 8      3073.764 8        51.311 8
G10  22291571.284 9 117142963.257 9      3206.181 9        55.241 9                                                                  22291571.284 8 117142963.257 8      3206.181 8        52.241 8
G12  20799555.428 9 109302378.697 9        90.709 9        55.843 9                                                                  20799555.428 8 109302378.697 8        90.709 8        52.843 8
G17  24765826.106 9 130145226.168 9     -2967.057 9        54.327 9                                                                  24765826.106 8 130145226.168 8     -2967.057 8        51.327 8
G24  24274526.526 9 127563449.881 9      3036.593 9        54.501 9                                                                  24274526.526 8 127563449.881 8      3036.593 8        51.501 8
G30  22531921.851 9 118406016.513 9      2266.489 9        55.148 9                                                                  22531921.851 8 118406016.513 8      2266.489 8        52.148 8
G05  21245403.031 9 111645321.733 9       590.530 9        55.659 9                                                                  21245403.031 8 111645321.733 8       590.530 8        52.659 8
G04  22010428.121 9 115665549.384 9     -2499.562 9        55.351 9                                                                  22010428.121 8 115665549.384 8     -2499.562 8        52.351 8
E04                                                                  23387799.835 9 122903684.427 9      -182.748 9        57.937 9  23387799.835 9 122903684.427 9      -182.748 9        57.937 9
E05                                                                  26185263.349 9 137604423.072 9     -2079.281 9        56.955 9  26185263.349 9 137604423.072 9     -2079.281 9        56.955 9
E11                                                                  26722113.498 9 140425589.416 9     -2439.121 9        56.779 9  26722113.498 9 140425589.416 9     -2439.121 9        56.779 9
E20                                                                  27907452.345 9 146654572.420 9     -1715.169 9        56.402 9  27907452.345 9 146654572.420 9     -1715.169 9        56.402 9
E09                                                                  24940627.012 9 131063830.686 9      2536.749 9        57.378 9  24940627.012 9 131063830.686 9      2536.749 9        57.378 9
E10                                                                  23770690.597 9 124915786.179 9       -56.831 9        57.796 9  23770690.597 9 124915786.179 9       -56.831 9        57.796 9
E03                                                                  24998047.837 9 131365586.201 9      1936.238 9        57.358 9  24998047.837 9 131365586.201 9      1936.238 9        57.358 9
> 2026 02 03 10 03 14.0000000  0 17       0.000000000000
G02  20313691.981 9 106749150.703 9      -434.185 9        56.048 9                                                                  20313691.981 8 106749150.703 8      -434.185 8        53.048 8
G13  25200672.973 9 132430361.298 9      1168.724 9        54.176 9                                                                  25200672.973 8 132430361.298 8      1168.724 8        51.176 8
G29  24811280.633 9 130384112.483 9      3073.788 9        54.311 9                                                                  24811280.633 8 130384112.483 8      3073.788 8        51.311 8
G10  22290961.199 9 117139757.244 9      3205.854 9        55.241 9                                                                  22290961.199 8 117139757.244 8      3205.854 8        52.241 8
G12  20799538.230 9 109302288.320 9        90.043 9        55.843 9                                                                  20799538.230 8 109302288.320 8        90.043 8        52.843 8
G17  24766390.730 9 130148193.271 9     -2967.180 9        54.327 9                                                                  24766390.730 8 130148193.271 8     -2967.180 8        51.327 8
G24  24273948.697 9 127560413.372 9      3036.426 9        54.501 9                                                                  24273948.697 8 127560413.372 8      3036.426 8        51.501 8
G30  22531490.600 9 118403750.272 9      2265.993 9        55.148 9                                                                  22531490.600 8 118403750.272 8      2265.993 8        52.148 8
G05  21245290.720 9 111644731.532 9       589.871 9        55.659 9                                                                  21245290.720 8 111644731.532 8       589.871 8        52.659 8
G04  22010903.788 9 115668049.030 9     -2499.743 9        55.351 9                                                                  22010903.788 8 115668049.030 8     -2499.743 8        52.351 8
E04                                                                  23387834.634 9 122903867.300 9      -182.999 9        57.937 9  23387834.634 9 122903867.300 9      -182.999 9        57.937 9
E05                                                                  26185659.039 9 137606502.428 9     -2079.451 9        56.955 9  26185659.039 9 137606502.428 9     -2079.451 9        56.955 9
E11                                                                  26722577.670 9 140428028.646 9     -2439.359 9        56.779 9  26722577.670 9 140428028.646 9     -2439.359 9        56.779 9
E20                                                                  27907778.760 9 146656287.732 9     -1715.469 9        56.402 9  27907778.760 9 146656287.732 9     -1715.469 9        56.402 9
E09                                                                  24940144.311 9 131061294.083 9      2536.467 9        57.378 9  24940144.311 9 131061294.083 9      2536.467 9        57.378 9
E10                                                                  23770701.456 9 124915843.245 9       -57.300 9        57.796 9  23770701.456 9 124915843.245 9       -57.300 9        57.796 9
E03                                                                  24997679.392 9 131363650.011 9      1936.145 9        57.358 9  24997679.392 9 131363650.011 9      1936.145 9        57.358 9
> 2026 02 03 10 03 15.0000000  0 17       0.000000000000
G02  20313774.641 9 106749585.082 9      -434.574 9        56.048 9                                                                  20313774.641 8 106749585.082 8      -434.574 8        53.048 8
G13  25200450.616 9 132429192.810 9      1168.263 9        54.176 9                                                                  25200450.616 8 132429192.810 8      1168.263 8        51.176 8
G29  24810695.708 9 130381038.683 9      3073.810 9        54.311 9                                                                  24810695.708 8 130381038.683 8      3073.810 8        51.311 8
G10  22290351.176 9 117136551.558 9      3205.527 9        55.242 9                                                                  22290351.176 8 117136551.558 8      3205.527 8        52.242 8
G12  20799521.158 9 109302198.608 9        89.378 9        55.843 9                                                                  20799521.158 8 109302198.608 8        89.378 8        52.843 8
G17  24766955.376 9 130151160.495 9     -2967.303 9        54.327 9                                                                  24766955.376 8 130151160.495 8     -2967.303 8        51.327 8
G24  24273370.900 9 127557377.030 9      3036.259 9        54.501 9                                                                  24273370.900 8 127557377.030 8      3036.259 8        51.501 8
G30  22531059.442 9 118401484.526 9      2265.497 9        55.148 9                                                                  22531059.442 8 118401484.526 8      2265.497 8        52.148 8
G05  21245178.534 9 111644141.990 9       589.211 9        55.659 9                                                                  21245178.534 8 111644141.990 8       589.211 8        52.659 8
G04  22011379.490 9 115670548.856 9     -2499.923 9        55.351 9                                                                  22011379.490 8 115670548.856 8     -2499.923 8        52.351 8
E04                                                                  23387869.482 9 122904050.423 9      -183.249 9        57.937 9  23387869.482 9 122904050.423 9      -183.249 9        57.937 9
E05                                                                  26186054.761 9 137608581.954 9     -2079.621 9        56.955 9  26186054.761 9 137608581.954 9     -2079.621 9        56.955 9
E11                                                                  26723041.887 9 140430468.114 9     -2439.597 9        56.779 9  26723041.887 9 140430468.114 9     -2439.597 9        56.779 9
E20                                                                  27908105.232 9 146658003.345 9     -1715.769 9        56.402 9  27908105.232 9 146658003.345 9     -1715.769 9        56.402 9
E09                                                                  24939661.665 9 131058757.763 9      2536.184 9        57.379 9  24939661.665 9 131058757.763 9      2536.184 9        57.379 9
E10                                                                  23770712.404 9 124915900.779 9       -57.769 9        57.796 9  23770712.404 9 124915900.779 9       -57.769 9        57.796 9
E03                                                                  24997310.964 9 131361713.913 9      1936.052 9        57.359 9  24997310.964 9 131361713.913 9      1936.052 9        57.359 9
> 2026 02 03 10 03 16.0000000  0 17       0.000000000000
G02  20313857.375 9 106750019.850 9      -434.964 9        56.048 9                                                                  20313857.375 8 106750019.850 8      -434.964 8        53.048 8
G13  25200228.347 9 132428024.782 9      1167.803 9        54.176 9                                                                  25200228.347 8 132428024.782 8      1167.803 8        51.176 8
G29  24810110.778 9 130377964.860 9      3073.833 9        54.311 9                                                                  24810110.778 8 130377964.860 8      3073.833 8        51.311 8
G10  22289741.216 9 117133346.198 9      3205.200 9        55.242 9                                                                  22289741.216 8 117133346.198 8      3205.200 8        52.242 8
G12  20799504.214 9 109302109.562 9        88.712 9        55.843 9                                                                  20799504.214 8 109302109.562 8        88.712 8        52.843 8
G17  24767520.046 9 130154127.843 9     -2967.426 9        54.326 9                                                                  24767520.046 8 130154127.843 8     -2967.426 8        51.326 8
G24  24272793.134 9 127554340.855 9      3036.092 9        54.502 9                                                                  24272793.134 8 127554340.855 8      3036.092 8        51.502 8
G30  22530628.379 9 118399219.277 9      2265.002 9        55.149 9                                                                  22530628.379 8 118399219.277 8      2265.002 8        52.149 8
G05  21245066.473 9 111643553.107 9       588.552 9        55.659 9                                                                  21245066.473 8 111643553.107 8       588.552 8        52.659 8
G04  22011855.227 9 115673048.863 9     -2500.103 9        55.351 9                                                                  22011855.227 8 115673048.863 8     -2500.103 8        52.351 8
E04                                                                  23387904.377 9 122904233.797 9      -183.500 9        57.937 9  23387904.377 9 122904233.797 9      -183.500 9        57.937 9
E05                                                                  26186450.515 9 137610661.650 9     -2079.791 9        56.955 9  26186450.515 9 137610661.650 9     -2079.791 9        56.955 9
E11                                                                  26723506.149 9 140432907.822 9     -2439.836 9        56.779 9  26723506.149 9 140432907.822 9     -2439.836 9        56.779 9
E20                                                                  27908431.761 9 146659719.258 9     -1716.070 9        56.402 9  27908431.761 9 146659719.258 9     -1716.070 9        56.402 9
E09                                                                  24939179.072 9 131056221.724 9      2535.902 9        57.379 9  24939179.072 9 131056221.724 9      2535.902 9        57.379 9
E10                                                                  23770723.442 9 124915958.783 9       -58.238 9        57.796 9  23770723.442 9 124915958.783 9       -58.238 9        57.796 9
E03                                                                  24996942.554 9 131359777.908 9      1935.960 9        57.359 9  24996942.554 9 131359777.908 9      1935.960 9        57.359 9
> 2026 02 03 10 03 17.0000000  0 17       0.000000000000
G02  20313940.183 9 106750455.007 9      -435.353 9        56.048 9                                                                  20313940.183 8 106750455.007 8      -435.353 8        53.048 8
G13  25200006.166 9 132426857.215 9      1167.342 9        54.176 9                                                                  25200006.166 8 132426857.215 8      1167.342 8        51.176 8
G29  24809525.844 9 130374891.015 9      3073.856 9        54.312 9                                                                  24809525.844 8 130374891.015 8      3073.856 8        51.312 8
G10  22289131.318 9 117130141.166 9      3204.873 9        55.242 9                                                                  22289131.318 8 117130141.166 8      3204.873 8        52.242 8
G12  20799487.396 9 109302021.182 9        88.047 9        55.843 9                                                                  20799487.396 8 109302021.182 8        88.047 8        52.843 8
G17  24768084.740 9 130157095.314 9     -2967.548 9        54.326 9                                                                  24768084.740 8 130157095.314 8     -2967.548 8        51.326 8
G24  24272215.400 9 127551304.848 9      3035.924 9        54.502 9                                                                  24272215.400 8 127551304.848 8      3035.924 8        51.502 8
G30  22530197.411 9 118396954.523 9      2264.506 9        55.149 9                                                                  22530197.411 8 118396954.523 8      2264.506 8        52.149 8
G05  21244954.538 9 111642964.885 9       587.892 9        55.659 9                                                                  21244954.538 8 111642964.885 8       587.892 8        52.659 8
G04  22012330.997 9 115675549.050 9     -2500.284 9        55.351 9                                                                  22012330.997 8 115675549.050 8     -2500.284 8        52.351 8
E04                                                                  23387939.320 9 122904417.422 9      -183.751 9        57.937 9  23387939.320 9 122904417.422 9      -183.751 9        57.937 9
E05                                                                  26186846.302 9 137612741.516 9     -2079.961 9        56.955 9  26186846.302 9 137612741.516 9     -2079.961 9        56.955 9
E11                                                                  26723970.457 9 140435347.767 9     -2440.074 9        56.778 9  26723970.457 9 140435347.767 9     -2440.074 9        56.778 9
E20                                                                  27908758.347 9 146661435.471 9     -1716.370 9        56.402 9  27908758.347 9 146661435.471 9     -1716.370 9        56.402 9
E09                                                                  24938696.532 9 131053685.968 9      2535.619 9        57.379 9  24938696.532 9 131053685.968 9      2535.619 9        57.379 9
E10                                                                  23770734.569 9 124916017.256 9       -58.707 9        57.796 9  23770734.569 9 124916017.256 9       -58.707 9        57.796 9
E03                                                                  24996574.162 9 131357841.995 9      1935.867 9        57.359 9  24996574.162 9 131357841.995 9      1935.867 9        57.359 9
> 2026 02 03 10 03 18.0000000  0 17       0.000000000000
G02  20314023.064 9 106750890.554 9      -435.742 9        56.048 9                                                                  20314023.064 8 106750890.554 8      -435.742 8        53.048 8
G13  25199784.072 9 132425690.109 9      1166.881 9        54.176 9                                                                  25199784.072 8 132425690.109 8      1166.881 8        51.176 8
G29  24808940.906 9 130371817.146 9      3073.879 9        54.312 9                                                                  24808940.906 8 130371817.146 8      3073.879 8        51.312 8
G10  22288521.482 9 117126936.462 9      3204.545 9        55.242 9                                                                  22288521.482 8 117126936.462 8      3204.545 8        52.242 8
G12  20799470.704 9 109301933.467 9        87.381 9        55.843 9                                                                  20799470.704 8 109301933.467 8        87.381 8        52.843 8
G17  24768649.456 9 130160062.907 9     -2967.671 9        54.326 9                                                                  24768649.456 8 130160062.907 8     -2967.671 8        51.326 8
G24  24271637.698 9 127548269.007 9      3035.757 9        54.502 9                                                                  24271637.698 8 127548269.007 8      3035.757 8        51.502 8
G30  22529766.536 9 118394690.265 9      2264.010 9        55.149 9                                                                  22529766.536 8 118394690.265 8      2264.010 8        52.149 8
G05  21244842.729 9 111642377.322 9       587.232 9        55.659 9                                                                  21244842.729 8 111642377.322 8       587.232 8        52.659 8
G04  22012806.802 9 115678049.417 9     -2500.464 9        55.351 9                                                                  22012806.802 8 115678049.417 8     -2500.464 8        52.351 8
E04                                                                  23387974.310 9 122904601.298 9      -184.002 9        57.937 9  23387974.310 9 122904601.298 9      -184.002 9        57.937 9
E05                                                                  26187242.121 9 137614821.552 9     -2080.131 9        56.955 9  26187242.121 9 137614821.552 9     -2080.131 9        56.955 9
E11                                                                  26724434.810 9 140437787.951 9     -2440.312 9        56.778 9  26724434.810 9 140437787.951 9     -2440.312 9        56.778 9
E20                                                                  27909084.990 9 146663151.984 9     -1716.670 9        56.402 9  27909084.990 9 146663151.984 9     -1716.670 9        56.402 9
E09                                                                  24938214.047 9 131051150.495 9      2535.337 9        57.379 9  24938214.047 9 131051150.495 9      2535.337 9        57.379 9
E10                                                                  23770745.785 9 124916076.198 9       -59.176 9        57.796 9  23770745.785 9 124916076.198 9       -59.176 9        57.796 9
E03                                                                  24996205.788 9 131355906.176 9      1935.774 9        57.359 9  24996205.788 9 131355906.176 9      1935.774 9        57.359 9
> 2026 02 03 10 03 19.0000000  0 17       0.000000000000
G02  20314106.020 9 106751326.489 9      -436.131 9        56.048 9                                                                  20314106.020 8 106751326.489 8      -436.131 8        53.048 8
G13  25199562.066 9 132424523.463 9      1166.420 9        54.176 9                                                                  25199562.066 8 132424523.463 8      1166.420 8        51.176 8
G29  24808355.964 9 130368743.254 9      3073.902 9        54.312 9                                                                  24808355.964 8 130368743.254 8      3073.902 8        51.312 8
G10  22287911.708 9 117123732.084 9      3204.218 9        55.243 9                                                                  22287911.708 8 117123732.084 8      3204.218 8        52.243 8
G12  20799454.140 9 109301846.418 9        86.715 9        55.843 9                                                                  20799454.140 8 109301846.418 8        86.715 8        52.843 8
G17  24769214.196 9 130163030.623 9     -2967.794 9        54.326 9                                                                  24769214.196 8 130163030.623 8     -2967.794 8        51.326 8
G24  24271060.028 9 127545233.334 9      3035.590 9        54.502 9                                                                  24271060.028 8 127545233.334 8      3035.590 8        51.502 8
G30  22529335.757 9 118392426.504 9      2263.513 9        55.149 9                                                                  22529335.757 8 118392426.504 8      2263.513 8        52.149 8
G05  21244731.045 9 111641790.419 9       586.572 9        55.659 9                                                                  21244731.045 8 111641790.419 8       586.572 8        52.659 8
G04  22013282.642 9 115680549.964 9     -2500.644 9        55.350 9                                                                  22013282.642 8 115680549.964 8     -2500.644 8        52.350 8
E04                                                                  23388009.348 9 122904785.425 9      -184.253 9        57.937 9  23388009.348 9 122904785.425 9      -184.253 9        57.937 9
E05                                                                  26187637.973 9 137616901.758 9     -2080.301 9        56.955 9  26187637.973 9 137616901.758 9     -2080.301 9        56.955 9
E11                                                                  26724899.208 9 140440228.372 9     -2440.550 9        56.778 9  26724899.208 9 140440228.372 9     -2440.550 9        56.778 9
E20                                                                  27909411.691 9 146664868.798 9     -1716.970 9        56.401 9  27909411.691 9 146664868.798 9     -1716.970 9        56.401 9
E09                                                                  24937731.615 9 131048615.305 9      2535.054 9        57.379 9  24937731.615 9 131048615.305 9      2535.054 9        57.379 9
E10                                                                  23770757.091 9 124916135.608 9       -59.645 9        57.796 9  23770757.091 9 124916135.608 9       -59.645 9        57.796 9
E03                                                                  24995837.431 9 131353970.449 9      1935.681 9        57.359 9  24995837.431 9 131353970.449 9      1935.681 9        57.359 9
> 2026 02 03 10 03 20.0000000  0 17       0.000000000000
G02  20314189.051 9 106751762.814 9      -436.521 9        56.048 9                                                                  20314189.051 8 106751762.814 8      -436.521 8        53.048 8
G13  25199340.148 9 132423357.279 9      1165.960 9        54.176 9                                                                  25199340.148 8 132423357.279 8      1165.960 8        51.176 8
G29  24807771.017 9 130365669.339 9      3073.925 9        54.312 9                                                                  24807771.017 8 130365669.339 8      3073.925 8        51.312 8
G10  22287301.997 9 117120528.034 9      3203.890 9        55.243 9                                                                  22287301.997 8 117120528.034 8      3203.890 8        52.243 8
G12  20799437.701 9 109301760.035 9        86.050 9        55.843 9                                                                  20799437.701 8 109301760.035 8        86.050 8        52.843 8
G17  24769778.960 9 130165998.462 9     -2967.917 9        54.326 9                                                                  24769778.960 8 130165998.462 8     -2967.917 8        51.326 8
G24  24270482.390 9 127542197.828 9      3035.423 9        54.502 9                                                                  24270482.390 8 127542197.828 8      3035.423 8        51.502 8
G30  22528905.071 9 118390163.238 9      2263.017 9        55.149 9                                                                  22528905.071 8 118390163.238 8      2263.017 8        52.149 8
G05  21244619.487 9 111641204.175 9       585.913 9        55.659 9                                                                  21244619.487 8 111641204.175 8       585.913 8        52.659 8
G04  22013758.515 9 115683050.692 9     -2500.824 9        55.350 9                                                                  22013758.515 8 115683050.692 8     -2500.824 8        52.350 8
E04                                                                  23388044.435 9 122904969.803 9      -184.504 9        57.937 9  23388044.435 9 122904969.803 9      -184.504 9        57.937 9
E05                                                                  26188033.857 9 137618982.134 9     -2080.471 9        56.954 9  26188033.857 9 137618982.134 9     -2080.471 9        56.954 9
E11                                                                  26725363.652 9 140442669.033 9     -2440.789 9        56.778 9  26725363.652 9 140442669.033 9     -2440.789 9        56.778 9
E20                                                                  27909738.448 9 146666585.911 9     -1717.270 9        56.401 9  27909738.448 9 146666585.911 9     -1717.270 9        56.401 9
E09                                                                  24937249.237 9 131046080.396 9      2534.772 9        57.380 9  24937249.237 9 131046080.396 9      2534.772 9        57.380 9
E10                                                                  23770768.485 9 124916195.488 9       -60.114 9        57.796 9  23770768.485 9 124916195.488 9       -60.114 9        57.796 9
E03                                                                  24995469.091 9 131352034.815 9      1935.588 9        57.359 9  24995469.091 9 131352034.815 9      1935.588 9        57.359 9
> 2026 02 03 10 03 21.0000000  0 17       0.000000000000
G02  20314272.155 9 106752199.529 9      -436.910 9        56.048 9                                                                  20314272.155 8 106752199.529 8      -436.910 8        53.048 8
G13  25199118.317 9 132422191.555 9      1165.499 9        54.176 9                                                                  25199118.317 8 132422191.555 8      1165.499 8        51.176 8
G29  24807186.066 9 130362595.402 9      3073.948 9        54.313 9                                                                  24807186.066 8 130362595.402 8      3073.948 8        51.313 8
G10  22286692.348 9 117117324.312 9      3203.563 9        55.243 9                                                                  22286692.348 8 117117324.312 8      3203.563 8        52.243 8
G12  20799421.390 9 109301674.317 9        85.384 9        55.843 9                                                                  20799421.390 8 109301674.317 8        85.384 8        52.843 8
G17  24770343.747 9 130168966.424 9     -2968.039 9        54.325 9                                                                  24770343.747 8 130168966.424 8     -2968.039 8        51.325 8
G24  24269904.784 9 127539162.489 9      3035.256 9        54.503 9                                                                  24269904.784 8 127539162.489 8      3035.256 8        51.503 8
G30  22528474.480 9 118387900.469 9      2262.521 9        55.149 9                                                                  22528474.480 8 118387900.469 8      2262.521 8        52.149 8
G05  21244508.054 9 111640618.592 9       585.253 9        55.659 9                                                                  21244508.054 8 111640618.592 8       585.253 8        52.659 8
G04  22014234.423 9 115685551.600 9     -2501.004 9        55.350 9                                                                  22014234.423 8 115685551.600 8     -2501.004 8        52.350 8
E04                                                                  23388079.568 9 122905154.432 9      -184.755 9        57.937 9  23388079.568 9 122905154.432 9      -184.755 9        57.937 9
E05                                                                  26188429.773 9 137621062.680 9     -2080.641 9        56.954 9  26188429.773 9 137621062.680 9     -2080.641 9        56.954 9
E11                                                                  26725828.141 9 140445109.931 9     -2441.027 9        56.778 9  26725828.141 9 140445109.931 9     -2441.027 9        56.778 9
E20                                                                  27910065.263 9 146668303.325 9     -1717.570 9        56.401 9  27910065.263 9 146668303.325 9     -1717.570 9        56.401 9
E09                                                                  24936766.913 9 131043545.771 9      2534.489 9        57.380 9  24936766.913 9 131043545.771 9      2534.489 9        57.380 9
E10                                                                  23770779.969 9 124916255.837 9       -60.583 9        57.796 9  23770779.969 9 124916255.837 9       -60.583 9        57.796 9
E03                                                                  24995100.770 9 131350099.274 9      1935.495 9        57.359 9  24995100.770 9 131350099.274 9      1935.495 9        57.359 9
> 2026 02 03 10 03 22.0000000  0 17       0.000000000000
G02  20314355.333 9 106752636.632 9      -437.299 9        56.048 9                                                                  20314355.333 8 106752636.632 8      -437.299 8        53.048 8
G13  25198896.574 9 132421026.292 9      1165.038 9        54.176 9                                                                  25198896.574 8 132421026.292 8      1165.038 8        51.176 8
G29  24806601.110 9 130359521.442 9      3073.971 9        54.313 9                                                                  24806601.110 8 130359521.442 8      3073.971 8        51.313 8
G10  22286082.762 9 117114120.917 9      3203.235 9        55.243 9                                                                  22286082.762 8 117114120.917 8      3203.235 8        52.243 8
G12  20799405.205 9 109301589.265 9        84.718 9        55.843 9                                                                  20799405.205 8 109301589.265 8        84.718 8        52.843 8
G17  24770908.557 9 130171934.508 9     -2968.162 9        54.325 9                                                                  24770908.557 8 130171934.508 8     -2968.162 8        51.325 8
G24  24269327.209 9 127536127.318 9      3035.088 9        54.503 9                                                                  24269327.209 8 127536127.318 8      3035.088 8        51.503 8
G30  22528043.984 9 118385638.196 9      2262.025 9        55.150 9                                                                  22528043.984 8 118385638.196 8      2262.025 8        52.150 8
G05  21244396.747 9 111640033.668 9       584.593 9        55.659 9                                                                  21244396.747 8 111640033.668 8       584.593 8        52.659 8
G04  22014710.365 9 115688052.688 9     -2501.184 9        55.350 9                                                                  22014710.365 8 115688052.688 8     -2501.184 8        52.350 8
E04                                                                  23388114.750 9 122905339.312 9      -185.006 9        57.937 9  23388114.750 9 122905339.312 9      -185.006 9        57.937 9
E05                                                                  26188825.722 9 137623143.396 9     -2080.811 9        56.954 9  26188825.722 9 137623143.396 9     -2080.811 9        56.954 9
E11                                                                  26726292.675 9 140447551.067 9     -2441.265 9        56.778 9  26726292.675 9 140447551.067 9     -2441.265 9        56.778 9
E20                                                                  27910392.134 9 146670021.038 9     -1717.870 9        56.401 9  27910392.134 9 146670021.038 9     -1717.870 9        56.401 9
E09                                                                  24936284.643 9 131041011.428 9      2534.206 9        57.380 9  24936284.643 9 131041011.428 9      2534.206 9        57.380 9
E10                                                                  23770791.543 9 124916316.655 9       -61.052 9        57.796 9  23770791.543 9 124916316.655 9       -61.052 9        57.796 9
E03                                                                  24994732.466 9 131348163.826 9      1935.402 9        57.360 9  24994732.466 9 131348163.826 9      1935.402 9        57.360 9
> 2026 02 03 10 03 23.0000000  0 17       0.000000000000
G02  20314438.585 9 106753074.124 9      -437.688 9        56.048 9                                                                  20314438.585 8 106753074.124 8      -437.688 8        53.048 8
G13  25198674.919 9 132419861.490 9      1164.576 9        54.177 9                                                                  25198674.919 8 132419861.490 8      1164.576 8        51.177 8
G29  24806016.150 9 130356447.459 9      3073.993 9        54.313 9                                                                  24806016.150 8 130356447.459 8      3073.993 8        51.313 8
G10  22285473.238 9 117110917.850 9      3202.907 9        55.244 9                                                                  22285473.238 8 117110917.850 8      3202.907 8        52.244 8
G12  20799389.147 9 109301504.878 9        84.053 9        55.843 9                                                                  20799389.147 8 109301504.878 8        84.053 8        52.843 8
G17  24771473.390 9 130174902.716 9     -2968.285 9        54.325 9                                                                  24771473.390 8 130174902.716 8     -2968.285 8        51.325 8
G24  24268749.666 9 127533092.313 9      3034.921 9        54.503 9                                                                  24268749.666 8 127533092.313 8      3034.921 8        51.503 8
G30  22527613.582 9 118383376.420 9      2261.528 9        55.150 9                                                                  22527613.582 8 118383376.420 8      2261.528 8        52.150 8
G05  21244285.565 9 111639449.404 9       583.933 9        55.659 9                                                                  21244285.565 8 111639449.404 8       583.933 8        52.659 8
G04  22015186.341 9 115690553.955 9     -2501.364 9        55.350 9                                                                  22015186.341 8 115690553.955 8     -2501.364 8        52.350 8
E04                                                                  23388149.979 9 122905524.443 9      -185.257 9        57.937 9  23388149.979 9 122905524.443 9      -185.257 9        57.937 9
E05                                                                  26189221.703 9 137625224.282 9     -2080.981 9        56.954 9  26189221.703 9 137625224.282 9     -2080.981 9        56.954 9
E11                                                                  26726757.254 9 140449992.441 9     -2441.503 9        56.778 9  26726757.254 9 140449992.441 9     -2441.503 9        56.778 9
E20                                                                  27910719.063 9 146671739.051 9     -1718.170 9        56.401 9  27910719.063 9 146671739.051 9     -1718.170 9        56.401 9
E09                                                                  24935802.426 9 131038477.368 9      2533.924 9        57.380 9  24935802.426 9 131038477.368 9      2533.924 9        57.380 9
E10                                                                  23770803.205 9 124916377.941 9       -61.521 9        57.796 9  23770803.205 9 124916377.941 9       -61.521 9        57.796 9
E03                                                                  24994364.180 9 131346228.471 9      1935.309 9        57.360 9  24994364.180 9 131346228.471 9      1935.309 9        57.360 9
> 2026 02 03 10 03 24.0000000  0 17       0.000000000000
G02  20314521.911 9 106753512.006 9      -438.077 9        56.048 9                                                                  20314521.911 8 106753512.006 8      -438.077 8        53.048 8
G13  25198453.352 9 132418697.150 9      1164.115 9        54.177 9                                                                  25198453.352 8 132418697.150 8      1164.115 8        51.177 8
G29  24805431.186 9 130353373.453 9      3074.016 9        54.313 9                                                                  24805431.186 8 130353373.453 8      3074.016 8        51.313 8
G10  22284863.776 9 117107715.111 9      3202.579 9        55.244 9                                                                  22284863.776 8 117107715.111 8      3202.579 8        52.244 8
G12  20799373.216 9 109301421.158 9        83.387 9        55.843 9                                                                  20799373.216 8 109301421.158 8        83.387 8        52.843 8
G17  24772038.247 9 130177871.046 9     -2968.408 9        54.325 9                                                                  24772038.247 8 130177871.046 8     -2968.408 8        51.325 8
G24  24268172.155 9 127530057.476 9      3034.754 9        54.503 9                                                                  24268172.155 8 127530057.476 8      3034.754 8        51.503 8
G30  22527183.274 9 118381115.140 9      2261.032 9        55.150 9                                                                  22527183.274 8 118381115.140 8      2261.032 8        52.150 8
G05  21244174.509 9 111638865.800 9       583.273 9        55.659 9                                                                  21244174.509 8 111638865.800 8       583.273 8        52.659 8
G04  22015662.352 9 115693055.403 9     -2501.544 9        55.349 9                                                                  22015662.352 8 115693055.403 8     -2501.544 8        52.349 8
E04                                                                  23388185.257 9 122905709.825 9      -185.508 9        57.937 9  23388185.257 9 122905709.825 9      -185.508 9        57.937 9
E05                                                                  26189617.716 9 137627305.338 9     -2081.151 9        56.954 9  26189617.716 9 137627305.338 9     -2081.151 9        56.954 9
E11                                                                  26727221.879 9 140452434.052 9     -2441.740 9        56.777 9  26727221.879 9 140452434.052 9     -2441.740 9        56.777 9
E20                                                                  27911046.049 9 146673457.364 9     -1718.469 9        56.401 9  27911046.049 9 146673457.364 9     -1718.469 9        56.401 9
E09                                                                  24935320.263 9 131035943.590 9      2533.641 9        57.380 9  24935320.263 9 131035943.590 9      2533.641 9        57.380 9
E10                                                                  23770814.957 9 124916439.697 9       -61.990 9        57.796 9  23770814.957 9 124916439.697 9       -61.990 9        57.796 9
E03                                                                  24993995.911 9 131344293.209 9      1935.216 9        57.360 9  24993995.911 9 131344293.209 9      1935.216 9        57.360 9
> 2026 02 03 10 03 25.0000000  0 17       0.000000000000
G02  20314605.312 9 106753950.277 9      -438.466 9        56.048 9                                                                  20314605.312 8 106753950.277 8      -438.466 8        53.048 8
G13  25198231.872 9 132417533.271 9      1163.654 9        54.177 9                                                                  25198231.872 8 132417533.271 8      1163.654 8        51.177 8
G29  24804846.217 9 130350299.425 9      3074.039 9        54.313 9                                                                  24804846.217 8 130350299.425 8      3074.039 8        51.313 8
G10  22284254.376 9 117104512.700 9      3202.251 9        55.244 9                                                                  22284254.376 8 117104512.700 8      3202.251 8        52.244 8
G12  20799357.411 9 109301338.103 9        82.721 9        55.843 9                                                                  20799357.411 8 109301338.103 8        82.721 8        52.843 8
G17  24772603.128 9 130180839.498 9     -2968.530 9        54.325 9                                                                  24772603.128 8 130180839.498 8     -2968.530 8        51.325 8
G24  24267594.676 9 127527022.807 9      3034.586 9        54.504 9                                                                  24267594.676 8 127527022.807 8      3034.586 8        51.504 8
G30  22526753.061 9 118378854.356 9      2260.535 9        55.150 9                                                                  22526753.061 8 118378854.356 8      2260.535 8        52.150 8
G05  21244063.578 9 111638282.855 9       582.614 9        55.659 9                                                                  21244063.578 8 111638282.855 8       582.614 8        52.659 8
G04  22016138.397 9 115695557.031 9     -2501.724 9        55.349 9                                                                  22016138.397 8 115695557.031 8     -2501.724 8        52.349 8
E04                                                                  23388220.582 9 122905895.458 9      -185.759 9        57.937 9  23388220.582 9 122905895.458 9      -185.759 9        57.937 9
E05                                                                  26190013.762 9 137629386.564 9     -2081.321 9        56.954 9  26190013.762 9 137629386.564 9     -2081.321 9        56.954 9
E11                                                                  26727686.549 9 140454875.902 9     -2441.978 9        56.777 9  26727686.549 9 140454875.902 9     -2441.978 9        56.777 9
E20                                                                  27911373.091 9 146675175.977 9     -1718.769 9        56.401 9  27911373.091 9 146675175.977 9     -1718.769 9        56.401 9
E09                                                                  24934838.154 9 131033410.096 9      2533.358 9        57.380 9  24934838.154 9 131033410.096 9      2533.358 9        57.380 9
E10                                                                  23770826.798 9 124916501.921 9       -62.459 9        57.796 9  23770826.798 9 124916501.921 9       -62.459 9        57.796 9
E03                                                                  24993627.660 9 131342358.040 9      1935.123 9        57.360 9  24993627.660 9 131342358.040 9      1935.123 9        57.360 9
> 2026 02 03 10 03 26.0000000  0 17       0.000000000000
G02  20314688.786 9 106754388.936 9      -438.855 9        56.048 9                                                                  20314688.786 8 106754388.936 8      -438.855 8        53.048 8
G13  25198010.480 9 132416369.852 9      1163.193 9        54.177 9                                                                  25198010.480 8 132416369.852 8      1163.193 8        51.177 8
G29  24804261.244 9 130347225.374 9      3074.062 9        54.314 9                                                                  24804261.244 8 130347225.374 8      3074.062 8        51.314 8
G10  22283645.040 9 117101310.617 9      3201.923 9        55.244 9                                                                  22283645.040 8 117101310.617 8      3201.923 8        52.244 8
G12  20799341.733 9 109301255.714 9        82.055 9        55.843 9                                                                  20799341.733 8 109301255.714 8        82.055 8        52.843 8
G17  24773168.031 9 130183808.073 9     -2968.653 9        54.324 9                                                                  24773168.031 8 130183808.073 8     -2968.653 8        51.324 8
G24  24267017.229 9 127523988.305 9      3034.419 9        54.504 9                                                                  24267017.229 8 127523988.305 8      3034.419 8        51.504 8
G30  22526322.942 9 118376594.070 9      2260.038 9        55.150 9                                                                  22526322.942 8 118376594.070 8      2260.038 8        52.150 8
G05  21243952.773 9 111637700.571 9       581.954 9        55.659 9                                                                  21243952.773 8 111637700.571 8       581.954 8        52.659 8
G04  22016614.476 9 115698058.838 9     -2501.904 9        55.349 9                                                                  22016614.476 8 115698058.838 8     -2501.904 8        52.349 8
E04                                                                  23388255.954 9 122906081.342 9      -186.011 9        57.937 9  23388255.954 9 122906081.342 9      -186.011 9        57.937 9
E05                                                                  26190409.839 9 137631467.960 9     -2081.491 9        56.954 9  26190409.839 9 137631467.960 9     -2081.491 9        56.954 9
E11                                                                  26728151.264 9 140457317.989 9     -2442.216 9        56.777 9  26728151.264 9 140457317.989 9     -2442.216 9        56.777 9
E20                                                                  27911700.191 9 146676894.889 9     -1719.069 9        56.401 9  27911700.191 9 146676894.889 9     -1719.069 9        56.401 9
E09                                                                  24934356.099 9 131030876.884 9      2533.075 9        57.381 9  24934356.099 9 131030876.884 9      2533.075 9        57.381 9
E10                                                                  23770838.728 9 124916564.614 9       -62.928 9        57.796 9  23770838.728 9 124916564.614 9       -62.928 9        57.796 9
E03                                                                  24993259.427 9 131340422.964 9      1935.030 9        57.360 9  24993259.427 9 131340422.964 9      1935.030 9        57.360 9
> 2026 02 03 10 03 27.0000000  0 17       0.000000000000
G02  20314772.334 9 106754827.985 9      -439.244 9        56.048 9                                                                  20314772.334 8 106754827.985 8      -439.244 8        53.048 8
G13  25197789.176 9 132415206.896 9      1162.731 9        54.177 9                                                                  25197789.176 8 132415206.896 8      1162.731 8        51.177 8
G29  24803676.267 9 130344151.300 9      3074.084 9        54.314 9                                                                  24803676.267 8 130344151.300 8      3074.084 8        51.314 8
G10  22283035.765 9 117098108.862 9      3201.595 9        55.245 9                                                                  22283035.765 8 117098108.862 8      3201.595 8        52.245 8
G12  20799326.182 9 109301173.990 9        81.390 9        55.843 9                                                                  20799326.182 8 109301173.990 8        81.390 8        52.843 8
G17  24773732.958 9 130186776.771 9     -2968.776 9        54.324 9                                                                  24773732.958 8 130186776.771 8     -2968.776 8        51.324 8
G24  24266439.814 9 127520953.970 9      3034.251 9        54.504 9                                                                  24266439.814 8 127520953.970 8      3034.251 8        51.504 8
G30  22525892.918 9 118374334.280 9      2259.541 9        55.150 9                                                                  22525892.918 8 118374334.280 8      2259.541 8        52.150 8
G05  21243842.094 9 111637118.946 9       581.294 9        55.659 9                                                                  21243842.094 8 111637118.946 8       581.294 8        52.659 8
G04  22017090.589 9 115700560.826 9     -2502.084 9        55.349 9                                                                  22017090.589 8 115700560.826 8     -2502.084 8        52.349 8
E04                                                                  23388291.375 9 122906267.478 9      -186.262 9        57.937 9  23388291.375 9 122906267.478 9      -186.262 9        57.937 9
E05                                                                  26190805.950 9 137633549.527 9     -2081.661 9        56.953 9  26190805.950 9 137633549.527 9     -2081.661 9        56.953 9
E11                                                                  26728616.025 9 140459760.314 9     -2442.454 9        56.777 9  26728616.025 9 140459760.314 9     -2442.454 9        56.777 9
E20                                                                  27912027.348 9 146678614.101 9     -1719.368 9        56.401 9  27912027.348 9 146678614.101 9     -1719.368 9        56.401 9
E09                                                                  24933874.098 9 131028343.955 9      2532.792 9        57.381 9  24933874.098 9 131028343.955 9      2532.792 9        57.381 9
E10                                                                  23770850.747 9 124916627.777 9       -63.397 9        57.796 9  23770850.747 9 124916627.777 9       -63.397 9        57.796 9
E03                                                                  24992891.212 9 131338487.981 9      1934.937 9        57.360 9  24992891.212 9 131338487.981 9      1934.937 9        57.360 9
> 2026 02 03 10 03 28.0000000  0 17       0.000000000000
G02  20314855.957 9 106755267.422 9      -439.633 9        56.048 9                                                                  20314855.957 8 106755267.422 8      -439.633 8        53.048 8
G13  25197567.960 9 132414044.401 9      1162.270 9        54.177 9                                                                  25197567.960 8 132414044.401 8      1162.270 8        51.177 8
G29  24803091.286 9 130341077.204 9      3074.107 9        54.314 9                                                                  24803091.286 8 130341077.204 8      3074.107 8        51.314 8
G10  22282426.553 9 117094907.436 9      3201.267 9        55.245 9                                                                  22282426.553 8 117094907.436 8      3201.267 8        52.245 8
G12  20799310.758 9 109301092.932 9        80.724 9        55.843 9                                                                  20799310.758 8 109301092.932 8        80.724 8        52.843 8
G17  24774297.908 9 130189745.592 9     -2968.898 9        54.324 9                                                                  24774297.908 8 130189745.592 8     -2968.898 8        51.324 8
G24  24265862.430 9 127517919.802 9      3034.084 9        54.504 9                                                                  24265862.430 8 127517919.802 8      3034.084 8        51.504 8
G30  22525462.989 9 118372074.987 9      2259.044 9        55.151 9                                                                  22525462.989 8 118372074.987 8      2259.044 8        52.151 8
G05  21243731.540 9 111636537.982 9       580.634 9        55.659 9                                                                  21243731.540 8 111636537.982 8       580.634 8        52.659 8
G04  22017566.737 9 115703062.993 9     -2502.263 9        55.349 9                                                                  22017566.737 8 115703062.993 8     -2502.263 8        52.349 8
E04                                                                  23388326.843 9 122906453.864 9      -186.513 9        57.936 9  23388326.843 9 122906453.864 9      -186.513 9        57.936 9
E05                                                                  26191202.093 9 137635631.263 9     -2081.831 9        56.953 9  26191202.093 9 137635631.263 9     -2081.831 9        56.953 9
E11                                                                  26729080.831 9 140462202.877 9     -2442.691 9        56.777 9  26729080.831 9 140462202.877 9     -2442.691 9        56.777 9
E20                                                                  27912354.562 9 146680333.612 9     -1719.668 9        56.401 9  27912354.562 9 146680333.612 9     -1719.668 9        56.401 9
E09                                                                  24933392.151 9 131025811.310 9      2532.509 9        57.381 9  24933392.151 9 131025811.310 9      2532.509 9        57.381 9
E10                                                                  23770862.856 9 124916691.408 9       -63.865 9        57.796 9  23770862.856 9 124916691.408 9       -63.865 9        57.796 9
E03                                                                  24992523.014 9 131336553.092 9      1934.844 9        57.360 9  24992523.014 9 131336553.092 9      1934.844 9        57.360 9
> 2026 02 03 10 03 29.0000000  0 17       0.000000000000
G02  20314939.653 9 106755707.248 9      -440.022 9        56.048 9                                                                  20314939.653 8 106755707.248 8      -440.022 8        53.048 8
G13  25197346.831 9 132412882.367 9      1161.808 9        54.177 9                                                                  25197346.831 8 132412882.367 8      1161.808 8        51.177 8
G29  24802506.300 9 130338003.085 9      3074.129 9        54.314 9                                                                  24802506.300 8 130338003.085 8      3074.129 8        51.314 8
G10  22281817.404 9 117091706.337 9      3200.938 9        55.245 9                                                                  22281817.404 8 117091706.337 8      3200.938 8        52.245 8
G12  20799295.460 9 109301012.541 9        80.058 9        55.843 9                                                                  20799295.460 8 109301012.541 8        80.058 8        52.843 8
G17  24774862.882 9 130192714.535 9     -2969.021 9        54.324 9                                                                  24774862.882 8 130192714.535 8     -2969.021 8        51.324 8
G24  24265285.078 9 127514885.802 9      3033.917 9        54.504 9                                                                  24265285.078 8 127514885.802 8      3033.917 8        51.504 8
G30  22525033.154 9 118369816.191 9      2258.547 9        55.151 9                                                                  22525033.154 8 118369816.191 8      2258.547 8        52.151 8
G05  21243621.112 9 111635957.677 9       579.974 9        55.659 9                                                                  21243621.112 8 111635957.677 8       579.974 8        52.659 8
G04  22018042.918 9 115705565.339 9     -2502.443 9        55.348 9                                                                  22018042.918 8 115705565.339 8     -2502.443 8        52.348 8
E04                                                                  23388362.359 9 122906640.502 9      -186.764 9        57.936 9  23388362.359 9 122906640.502 9      -186.764 9        57.936 9
E05                                                                  26191598.268 9 137637713.168 9     -2082.001 9        56.953 9  26191598.268 9 137637713.168 9     -2082.001 9        56.953 9
E11                                                                  26729545.681 9 140464645.677 9     -2442.928 9        56.777 9  26729545.681 9 140464645.677 9     -2442.928 9        56.777 9
E20                                                                  27912681.832 9 146682053.423 9     -1719.967 9        56.400 9  27912681.832 9 146682053.423 9     -1719.967 9        56.400 9
E09                                                                  24932910.257 9 131023278.947 9      2532.226 9        57.381 9  24932910.257 9 131023278.947 9      2532.226 9        57.381 9
E10                                                                  23770875.053 9 124916755.508 9       -64.334 9        57.796 9  23770875.053 9 124916755.508 9       -64.334 9        57.796 9
E03                                                                  24992154.834 9 131334618.296 9      1934.751 9        57.360 9  24992154.834 9 131334618.296 9      1934.751 9        57.360 9
> 2026 02 03 10 03 30.0000000  0 17       0.000000000000
G02  20315023.423 9 106756147.463 9      -440.411 9        56.048 9                                                                  20315023.423 8 106756147.463 8      -440.411 8        53.048 8
G13  25197125.791 9 132411720.795 9      1161.347 9        54.177 9                                                                  25197125.791 8 132411720.795 8      1161.347 8        51.177 8
G29  24801921.310 9 130334928.943 9      3074.152 9        54.314 9                                                                  24801921.310 8 130334928.943 8      3074.152 8        51.314 8
G10  22281208.317 9 117088505.568 9      3200.610 9        55.245 9                                                                  22281208.317 8 117088505.568 8      3200.610 8        52.245 8
G12  20799280.288 9 109300932.814 9        79.392 9        55.843 9                                                                  20799280.288 8 109300932.814 8        79.392 8        52.843 8
G17  24775427.879 9 130195683.601 9     -2969.144 9        54.324 9                                                                  24775427.879 8 130195683.601 8     -2969.144 8        51.324 8
G24  24264707.759 9 127511851.970 9      3033.749 9        54.505 9                                                                  24264707.759 8 127511851.970 8      3033.749 8        51.505 8
G30  22524603.414 9 118367557.892 9      2258.050 9        55.151 9                                                                  22524603.414 8 118367557.892 8      2258.050 8        52.151 8
G05  21243510.809 9 111635378.033 9       579.314 9        55.660 9                                                                  21243510.809 8 111635378.033 8       579.314 8        52.660 8
G04  22018519.134 9 115708067.866 9     -2502.623 9        55.348 9                                                                  22018519.134 8 115708067.866 8     -2502.623 8        52.348 8
E04                                                                  23388397.923 9 122906827.391 9      -187.015 9        57.936 9  23388397.923 9 122906827.391 9      -187.015 9        57.936 9
E05                                                                  26191994.475 9 137639795.245 9     -2082.171 9        56.953 9  26191994.475 9 137639795.245 9     -2082.171 9        56.953 9
E11                                                                  26730010.578 9 140467088.715 9     -2443.166 9        56.776 9  26730010.578 9 140467088.715 9     -2443.166 9        56.776 9
E20                                                                  27913009.160 9 146683773.533 9     -1720.266 9        56.400 9  27913009.160 9 146683773.533 9     -1720.266 9        56.400 9
E09                                                                  24932428.417 9 131020746.867 9      2531.943 9        57.381 9  24932428.417 9 131020746.867 9      2531.943 9        57.381 9
E10                                                                  23770887.340 9 124916820.076 9       -64.803 9        57.796 9  23770887.340 9 124916820.076 9       -64.803 9        57.796 9
E03                                                                  24991786.672 9 131332683.592 9      1934.658 9        57.361 9  24991786.672 9 131332683.592 9      1934.658 9        57.361 9
> 2026 02 03 10 03 31.0000000  0 17       0.000000000000
G02  20315107.268 9 106756588.067 9      -440.799 9        56.048 9                                                                  20315107.268 8 106756588.067 8      -440.799 8        53.048 8
G13  25196904.838 9 132410559.684 9      1160.885 9        54.177 9                                                                  25196904.838 8 132410559.684 8      1160.885 8        51.177 8
G29  24801336.315 9 130331854.779 9      3074.174 9        54.315 9                                                                  24801336.315 8 130331854.779 8      3074.174 8        51.315 8
G10  22280599.292 9 117085305.127 9      3200.281 9        55.246 9                                                                  22280599.292 8 117085305.127 8      3200.281 8        52.246 8
G12  20799265.244 9 109300853.754 9        78.726 9        55.843 9                                                                  20799265.244 8 109300853.754 8        78.726 8        52.843 8
G17  24775992.899 9 130198652.789 9     -2969.266 9        54.323 9                                                                  24775992.899 8 130198652.789 8     -2969.266 8        51.323 8
G24  24264130.471 9 127508818.305 9      3033.581 9        54.505 9                                                                  24264130.471 8 127508818.305 8      3033.581 8        51.505 8
G30  22524173.768 9 118365300.090 9      2257.553 9        55.151 9                                                                  22524173.768 8 118365300.090 8      2257.553 8        52.151 8
G05  21243400.632 9 111634799.048 9       578.654 9        55.660 9                                                                  21243400.632 8 111634799.048 8       578.654 8        52.660 8
G04  22018995.384 9 115710570.571 9     -2502.802 9        55.348 9                                                                  22018995.384 8 115710570.571 8     -2502.802 8        52.348 8
E04                                                                  23388433.535 9 122907014.531 9      -187.267 9        57.936 9  23388433.535 9 122907014.531 9      -187.267 9        57.936 9
E05                                                                  26192390.715 9 137641877.491 9     -2082.341 9        56.953 9  26192390.715 9 137641877.491 9     -2082.341 9        56.953 9
E11                                                                  26730475.519 9 140469531.990 9     -2443.403 9        56.776 9  26730475.519 9 140469531.990 9     -2443.403 9        56.776 9
E20                                                                  27913336.545 9 146685493.943 9     -1720.566 9        56.400 9  27913336.545 9 146685493.943 9     -1720.566 9        56.400 9
E09                                                                  24931946.631 9 131018215.071 9      2531.660 9        57.381 9  24931946.631 9 131018215.071 9      2531.660 9        57.381 9
E10                                                                  23770899.717 9 124916885.114 9       -65.272 9        57.796 9  23770899.717 9 124916885.114 9       -65.272 9        57.796 9
E03                                                                  24991418.528 9 131330748.982 9      1934.564 9        57.361 9  24991418.528 9 131330748.982 9      1934.564 9        57.361 9
> 2026 02 03 10 03 32.0000000  0 17       0.000000000000
G02  20315191.186 9 106757029.060 9      -441.188 9        56.048 9                                                                  20315191.186 8 106757029.060 8      -441.188 8        53.048 8
G13  25196683.973 9 132409399.035 9      1160.423 9        54.177 9                                                                  25196683.973 8 132409399.035 8      1160.423 8        51.177 8
G29  24800751.316 9 130328780.592 9      3074.197 9        54.315 9                                                                  24800751.316 8 130328780.592 8      3074.197 8        51.315 8
G10  22279990.330 9 117082105.014 9      3199.952 9        55.246 9                                                                  22279990.330 8 117082105.014 8      3199.952 8        52.246 8
G12  20799250.326 9 109300775.360 9        78.061 9        55.843 9                                                                  20799250.326 8 109300775.360 8        78.061 8        52.843 8
G17  24776557.943 9 130201622.100 9     -2969.389 9        54.323 9                                                                  24776557.943 8 130201622.100 8     -2969.389 8        51.323 8
G24  24263553.215 9 127505784.808 9      3033.414 9        54.505 9                                                                  24263553.215 8 127505784.808 8      3033.414 8        51.505 8
G30  22523744.217 9 118363042.785 9      2257.056 9        55.151 9                                                                  22523744.217 8 118363042.785 8      2257.056 8        52.151 8
G05  21243290.581 9 111634220.724 9       577.994 9        55.660 9                                                                  21243290.581 8 111634220.724 8       577.994 8        52.660 8
G04  22019471.668 9 115713073.457 9     -2502.982 9        55.348 9                                                                  22019471.668 8 115713073.457 8     -2502.982 8        52.348 8
E04                                                                  23388469.195 9 122907201.923 9      -187.518 9        57.936 9  23388469.195 9 122907201.923 9      -187.518 9        57.936 9
E05                                                                  26192786.987 9 137643959.907 9     -2082.511 9        56.953 9  26192786.987 9 137643959.907 9     -2082.511 9        56.953 9
E11                                                                  26730940.505 9 140471975.502 9     -2443.641 9        56.776 9  26730940.505 9 140471975.502 9     -2443.641 9        56.776 9
E20                                                                  27913663.986 9 146687214.651 9     -1720.865 9        56.400 9  27913663.986 9 146687214.651 9     -1720.865 9        56.400 9
E09                                                                  24931464.900 9 131015683.558 9      2531.377 9        57.382 9  24931464.900 9 131015683.558 9      2531.377 9        57.382 9
E10                                                                  23770912.182 9 124916950.620 9       -65.741 9        57.796 9  23770912.182 9 124916950.620 9       -65.741 9        57.796 9
E03                                                                  24991050.401 9 131328814.466 9      1934.471 9        57.361 9  24991050.401 9 131328814.466 9      1934.471 9        57.361 9
> 2026 02 03 10 03 33.0000000  0 17       0.000000000000
G02  20315275.178 9 106757470.441 9      -441.577 9        56.048 9                                                                  20315275.178 8 106757470.441 8      -441.577 8        53.048 8
G13  25196463.196 9 132408238.848 9      1159.961 9        54.177 9                                                                  25196463.196 8 132408238.848 8      1159.961 8        51.177 8
G29  24800166.314 9 130325706.383 9      3074.219 9        54.315 9                                                                  24800166.314 8 130325706.383 8      3074.219 8        51.315 8
G10  22279381.431 9 117078905.230 9      3199.624 9        55.246 9                                                                  22279381.431 8 117078905.230 8      3199.624 8        52.246 8
G12  20799235.535 9 109300697.631 9        77.395 9        55.843 9                                                                  20799235.535 8 109300697.631 8        77.395 8        52.843 8
G17  24777123.010 9 130204591.534 9     -2969.511 9        54.323 9                                                                  24777123.010 8 130204591.534 8     -2969.511 8        51.323 8
G24  24262975.990 9 127502751.478 9      3033.246 9        54.505 9                                                                  24262975.990 8 127502751.478 8      3033.246 8        51.505 8
G30  22523314.760 9 118360785.978 9      2256.559 9        55.151 9                                                                  22523314.760 8 118360785.978 8      2256.559 8        52.151 8
G05  21243180.655 9 111633643.059 9       577.333 9        55.660 9                                                                  21243180.655 8 111633643.059 8       577.333 8        52.660 8
G04  22019947.986 9 115715576.521 9     -2503.161 9        55.348 9                                                                  22019947.986 8 115715576.521 8     -2503.161 8        52.348 8
E04                                                                  23388504.902 9 122907389.566 9      -187.769 9        57.936 9  23388504.902 9 122907389.566 9      -187.769 9        57.936 9
E05                                                                  26193183.291 9 137646042.493 9     -2082.681 9        56.953 9  26193183.291 9 137646042.493 9     -2082.681 9        56.953 9
E11                                                                  26731405.537 9 140474419.252 9     -2443.878 9        56.776 9  26731405.537 9 140474419.252 9     -2443.878 9        56.776 9
E20                                                                  27913991.485 9 146688935.659 9     -1721.164 9        56.400 9  27913991.485 9 146688935.659 9     -1721.164 9        56.400 9
E09                                                                  24930983.222 9 131013152.328 9      2531.093 9        57.382 9  24930983.222 9 131013152.328 9      2531.093 9        57.382 9
E10                                                                  23770924.737 9 124917016.595 9       -66.209 9        57.796 9  23770924.737 9 124917016.595 9       -66.209 9        57.796 9
E03                                                                  24990682.292 9 131326880.043 9      1934.377 9        57.361 9  24990682.292 9 131326880.043 9      1934.377 9        57.361 9
> 2026 02 03 10 03 34.0000000  0 17       0.000000000000
G02  20315359.245 9 106757912.211 9      -441.965 9        56.048 9                                                                  20315359.245 8 106757912.211 8      -441.965 8        53.048 8
G13  25196242.507 9 132407079.123 9      1159.499 9        54.177 9                                                                  25196242.507 8 132407079.123 8      1159.499 8        51.177 8
G29  24799581.306 9 130322632.152 9      3074.242 9        54.315 9                                                                  24799581.306 8 130322632.152 8      3074.242 8        51.315 8
G10  22278772.594 9 117075705.775 9      3199.295 9        55.246 9                                                                  22278772.594 8 117075705.775 8      3199.295 8        52.246 8
G12  20799220.871 9 109300620.568 9        76.729 9        55.843 9                                                                  20799220.871 8 109300620.568 8        76.729 8        52.843 8
G17  24777688.100 9 130207561.090 9     -2969.634 9        54.323 9                                                                  24777688.100 8 130207561.090 8     -2969.634 8        51.323 8
G24  24262398.798 9 127499718.315 9      3033.079 9        54.505 9                                                                  24262398.798 8 127499718.315 8      3033.079 8        51.505 8
G30  22522885.398 9 118358529.668 9      2256.061 9        55.152 9                                                                  22522885.398 8 118358529.668 8      2256.061 8        52.152 8
G05  21243070.855 9 111633066.055 9       576.673 9        55.660 9                                                                  21243070.855 8 111633066.055 8       576.673 8        52.660 8
G04  22020424.339 9 115718079.766 9     -2503.340 9        55.348 9                                                                  22020424.339 8 115718079.766 8     -2503.340 8        52.348 8
E04                                                                  23388540.657 9 122907577.460 9      -188.021 9        57.936 9  23388540.657 9 122907577.460 9      -188.021 9        57.936 9
E05                                                                  26193579.628 9 137648125.249 9     -2082.851 9        56.953 9  26193579.628 9 137648125.249 9     -2082.851 9        56.953 9
E11                                                                  26731870.614 9 140476863.239 9     -2444.115 9        56.776 9  26731870.614 9 140476863.239 9     -2444.115 9        56.776 9
E20                                                                  27914319.040 9 146690656.966 9     -1721.463 9        56.400 9  27914319.040 9 146690656.966 9     -1721.463 9        56.400 9
E09                                                                  24930501.597 9 131010621.381 9      2530.810 9        57.382 9  24930501.597 9 131010621.381 9      2530.810 9        57.382 9
E10                                                                  23770937.380 9 124917083.039 9       -66.678 9        57.796 9  23770937.380 9 124917083.039 9       -66.678 9        57.796 9
E03                                                                  24990314.201 9 131324945.712 9      1934.284 9        57.361 9  24990314.201 9 131324945.712 9      1934.284 9        57.361 9
> 2026 02 03 10 03 35.0000000  0 17       0.000000000000
G02  20315443.385 9 106758354.370 9      -442.354 9        56.048 9                                                                  20315443.385 8 106758354.370 8      -442.354 8        53.048 8
G13  25196021.906 9 132405919.860 9      1159.037 9        54.177 9                                                                  25196021.906 8 132405919.860 8      1159.037 8        51.177 8
G29  24798996.295 9 130319557.897 9      3074.264 9        54.315 9                                                                  24798996.295 8 130319557.897 8      3074.264 8        51.315 8
G10  22278163.820 9 117072506.649 9      3198.966 9        55.246 9                                                                  22278163.820 8 117072506.649 8      3198.966 8        52.246 8
G12  20799206.333 9 109300544.171 9        76.063 9        55.843 9                                                                  20799206.333 8 109300544.171 8        76.063 8        52.843 8
G17  24778253.214 9 130210530.769 9     -2969.756 9        54.323 9                                                                  24778253.214 8 130210530.769 8     -2969.756 8        51.323 8
G24  24261821.638 9 127496685.321 9      3032.911 9        54.506 9                                                                  24261821.638 8 127496685.321 8      3032.911 8        51.506 8
G30  22522456.131 9 118356273.855 9      2255.564 9        55.152 9                                                                  22522456.131 8 118356273.855 8      2255.564 8        52.152 8
G05  21242961.181 9 111632489.711 9       576.013 9        55.660 9                                                                  21242961.181 8 111632489.711 8       576.013 8        52.660 8
G04  22020900.725 9 115720583.189 9     -2503.520 9        55.347 9                                                                  22020900.725 8 115720583.189 8     -2503.520 8        52.347 8
E04                                                                  23388576.460 9 122907765.606 9      -188.272 9        57.936 9  23388576.460 9 122907765.606 9      -188.272 9        57.936 9
E05                                                                  26193975.997 9 137650208.175 9     -2083.021 9        56.952 9  26193975.997 9 137650208.175 9     -2083.021 9        56.952 9
E11                                                                  26732335.735 9 140479307.463 9     -2444.352 9        56.776 9  26732335.735 9 140479307.463 9     -2444.352 9        56.776 9
E20                                                                  27914646.653 9 146692378.572 9     -1721.762 9        56.400 9  27914646.653 9 146692378.572 9     -1721.762 9        56.400 9
E09                                                                  24930020.027 9 131008090.717 9      2530.527 9        57.382 9  24930020.027 9 131008090.717 9      2530.527 9        57.382 9
E10                                                                  23770950.114 9 124917149.952 9       -67.147 9        57.796 9  23770950.114 9 124917149.952 9       -67.147 9        57.796 9
E03                                                                  24989946.127 9 131323011.476 9      1934.191 9        57.361 9  24989946.127 9 131323011.476 9      1934.191 9        57.361 9
> 2026 02 03 10 03 36.0000000  0 17       0.000000000000
G02  20315527.599 9 106758796.917 9      -442.742 9        56.047 9                                                                  20315527.599 8 106758796.917 8      -442.742 8        53.047 8
G13  25195801.393 9 132404761.059 9      1158.575 9        54.177 9                                                                  25195801.393 8 132404761.059 8      1158.575 8        51.177 8
G29  24798411.279 9 130316483.621 9      3074.287 9        54.316 9                                                                  24798411.279 8 130316483.621 8      3074.287 8        51.316 8
G10  22277555.108 9 117069307.853 9      3198.636 9        55.247 9                                                                  22277555.108 8 117069307.853 8      3198.636 8        52.247 8
G12  20799191.922 9 109300468.440 9        75.397 9        55.843 9                                                                  20799191.922 8 109300468.440 8        75.397 8        52.843 8
G17  24778818.350 9 130213500.570 9     -2969.879 9        54.322 9                                                                  24778818.350 8 130213500.570 8     -2969.879 8        51.322 8
G24  24261244.509 9 127493652.494 9      3032.743 9        54.506 9                                                                  24261244.509 8 127493652.494 8      3032.743 8        51.506 8
G30  22522026.959 9 118354018.540 9      2255.066 9        55.152 9                                                                  22522026.959 8 118354018.540 8      2255.066 8        52.152 8
G05  21242851.632 9 111631914.027 9       575.353 9        55.660 9                                                                  21242851.632 8 111631914.027 8       575.353 8        52.660 8
G04  22021377.146 9 115723086.792 9     -2503.699 9        55.347 9                                                                  22021377.146 8 115723086.792 8     -2503.699 8        52.347 8
E04                                                                  23388612.311 9 122907954.003 9      -188.523 9        57.936 9  23388612.311 9 122907954.003 9      -188.523 9        57.936 9
E05                                                                  26194372.399 9 137652291.271 9     -2083.191 9        56.952 9  26194372.399 9 137652291.271 9     -2083.191 9        56.952 9
E11                                                                  26732800.902 9 140481751.924 9     -2444.589 9        56.776 9  26732800.902 9 140481751.924 9     -2444.589 9        56.776 9
E20                                                                  27914974.322 9 146694100.476 9     -1722.061 9        56.400 9  27914974.322 9 146694100.476 9     -1722.061 9        56.400 9
E09                                                                  24929538.511 9 131005560.337 9      2530.243 9        57.382 9  24929538.511 9 131005560.337 9      2530.243 9        57.382 9
E10                                                                  23770962.936 9 124917217.333 9       -67.616 9        57.796 9  23770962.936 9 124917217.333 9       -67.616 9        57.796 9
E03                                                                  24989578.072 9 131321077.333 9      1934.097 9        57.361 9  24989578.072 9 131321077.333 9      1934.097 9        57.361 9
> 2026 02 03 10 03 37.0000000  0 17       0.000000000000
G02  20315611.887 9 106759239.853 9      -443.131 9        56.047 9                                                                  20315611.887 8 106759239.853 8      -443.131 8        53.047 8
G13  25195580.967 9 132403602.720 9      1158.113 9        54.178 9                                                                  25195580.967 8 132403602.720 8      1158.113 8        51.178 8
G29  24797826.259 9 130313409.322 9      3074.309 9        54.316 9                                                                  24797826.259 8 130313409.322 8      3074.309 8        51.316 8
G10  22276946.459 9 117066109.385 9      3198.307 9        55.247 9                                                                  22276946.459 8 117066109.385 8      3198.307 8        52.247 8
G12  20799177.638 9 109300393.375 9        74.731 9        55.843 9                                                                  20799177.638 8 109300393.375 8        74.731 8        52.843 8
G17  24779383.511 9 130216470.493 9     -2970.001 9        54.322 9                                                                  24779383.511 8 130216470.493 8     -2970.001 8        51.322 8
G24  24260667.413 9 127490619.834 9      3032.576 9        54.506 9                                                                  24260667.413 8 127490619.834 8      3032.576 8        51.506 8
G30  22521597.881 9 118351763.722 9      2254.569 9        55.152 9                                                                  22521597.881 8 118351763.722 8      2254.569 8        52.152 8
G05  21242742.208 9 111631339.004 9       574.693 9        55.660 9                                                                  21242742.208 8 111631339.004 8       574.693 8        52.660 8
G04  22021853.601 9 115725590.574 9     -2503.878 9        55.347 9                                                                  22021853.601 8 115725590.574 8     -2503.878 8        52.347 8
E04                                                                  23388648.210 9 122908142.651 9      -188.775 9        57.936 9  23388648.210 9 122908142.651 9      -188.775 9        57.936 9
E05                                                                  26194768.833 9 137654374.537 9     -2083.361 9        56.952 9  26194768.833 9 137654374.537 9     -2083.361 9        56.952 9
E11                                                                  26733266.115 9 140484196.622 9     -2444.826 9        56.775 9  26733266.115 9 140484196.622 9     -2444.826 9        56.775 9
E20                                                                  27915302.048 9 146695822.680 9     -1722.360 9        56.400 9  27915302.048 9 146695822.680 9     -1722.360 9        56.400 9
E09                                                                  24929057.049 9 131003030.241 9      2529.960 9        57.382 9  24929057.049 9 131003030.241 9      2529.960 9        57.382 9
E10                                                                  23770975.847 9 124917285.183 9       -68.084 9        57.796 9  23770975.847 9 124917285.183 9       -68.084 9        57.796 9
E03                                                                  24989210.034 9 131319143.283 9      1934.004 9        57.361 9  24989210.034 9 131319143.283 9      1934.004 9        57.361 9
> 2026 02 03 10 03 38.0000000  0 17       0.000000000000
G02  20315696.249 9 106759683.177 9      -443.520 9        56.047 9                                                                  20315696.249 8 106759683.177 8      -443.520 8        53.047 8
G13  25195360.630 9 132402444.844 9      1157.651 9        54.178 9                                                                  25195360.630 8 132402444.844 8      1157.651 8        51.178 8
G29  24797241.235 9 130310335.001 9      3074.331 9        54.316 9                                                                  24797241.235 8 130310335.001 8      3074.331 8        51.316 8
G10  22276337.873 9 117062911.247 9      3197.978 9        55.247 9                                                                  22276337.873 8 117062911.247 8      3197.978 8        52.247 8
G12  20799163.480 9 109300318.976 9        74.065 9        55.843 9                                                                  20799163.480 8 109300318.976 8        74.065 8        52.843 8
G17  24779948.694 9 130219440.539 9     -2970.124 9        54.322 9                                                                  24779948.694 8 130219440.539 8     -2970.124 8        51.322 8
G24  24260090.348 9 127487587.343 9      3032.408 9        54.506 9                                                                  24260090.348 8 127487587.343 8      3032.408 8        51.506 8
G30  22521168.898 9 118349509.403 9      2254.071 9        55.152 9                                                                  22521168.898 8 118349509.403 8      2254.071 8        52.152 8
G05  21242632.911 9 111630764.640 9       574.032 9        55.660 9                                                                  21242632.911 8 111630764.640 8       574.032 8        52.660 8
G04  22022330.090 9 115728094.535 9     -2504.057 9        55.347 9                                                                  22022330.090 8 115728094.535 8     -2504.057 8        52.347 8
E04                                                                  23388684.156 9 122908331.551 9      -189.026 9        57.936 9  23388684.156 9 122908331.551 9      -189.026 9        57.936 9
E05                                                                  26195165.299 9 137656457.973 9     -2083.531 9        56.952 9  26195165.299 9 137656457.973 9     -2083.531 9        56.952 9
E11                                                                  26733731.372 9 140486641.557 9     -2445.063 9        56.775 9  26733731.372 9 140486641.557 9     -2445.063 9        56.775 9
E20                                                                  27915629.831 9 146697545.183 9     -1722.659 9        56.400 9  27915629.831 9 146697545.183 9     -1722.659 9        56.400 9
E09                                                                  24928575.640 9 131000500.428 9      2529.676 9        57.383 9  24928575.640 9 131000500.428 9      2529.676 9        57.383 9
E10                                                                  23770988.848 9 124917353.502 9       -68.553 9        57.796 9  23770988.848 9 124917353.502 9       -68.553 9        57.796 9
E03                                                                  24988842.014 9 131317209.327 9      1933.910 9        57.362 9  24988842.014 9 131317209.327 9      1933.910 9        57.362 9
> 2026 02 03 10 03 39.0000000  0 17       0.000000000000
G02  20315780.685 9 106760126.890 9      -443.908 9        56.047 9                                                                  20315780.685 8 106760126.890 8      -443.908 8        53.047 8
G13  25195140.381 9 132401287.429 9      1157.189 9        54.178 9                                                                  25195140.381 8 132401287.429 8      1157.189 8        51.178 8
G29  24796656.206 9 130307260.657 9      3074.354 9        54.316 9                                                                  24796656.206 8 130307260.657 8      3074.354 8        51.316 8
G10  22275729.349 9 117059713.438 9      3197.649 9        55.247 9                                                                  22275729.349 8 117059713.438 8      3197.649 8        52.247 8
G12  20799149.449 9 109300245.242 9        73.400 9        55.843 9                                                                  20799149.449 8 109300245.242 8        73.400 8        52.843 8
G17  24780513.901 9 130222410.708 9     -2970.246 9        54.322 9                                                                  24780513.901 8 130222410.708 8     -2970.246 8        51.322 8
G24  24259513.315 9 127484555.019 9      3032.240 9        54.506 9                                                                  24259513.315 8 127484555.019 8      3032.240 8        51.506 8
G30  22520740.010 9 118347255.581 9      2253.573 9        55.152 9                                                                  22520740.010 8 118347255.581 8      2253.573 8        52.152 8
G05  21242523.739 9 111630190.937 9       573.372 9        55.660 9                                                                  21242523.739 8 111630190.937 8       573.372 8        52.660 8
G04  22022806.613 9 115730598.675 9     -2504.236 9        55.347 9                                                                  22022806.613 8 115730598.675 8     -2504.236 8        52.347 8
E04                                                                  23388720.151 9 122908520.703 9      -189.278 9        57.936 9  23388720.151 9 122908520.703 9      -189.278 9        57.936 9
E05                                                                  26195561.797 9 137658541.578 9     -2083.701 9        56.952 9  26195561.797 9 137658541.578 9     -2083.701 9        56.952 9
E11                                                                  26734196.674 9 140489086.729 9     -2445.300 9        56.775 9  26734196.674 9 140489086.729 9     -2445.300 9        56.775 9
E20                                                                  27915957.671 9 146699267.984 9     -1722.957 9        56.399 9  27915957.671 9 146699267.984 9     -1722.957 9        56.399 9
E09                                                                  24928094.286 9 130997970.898 9      2529.393 9        57.383 9  24928094.286 9 130997970.898 9      2529.393 9        57.383 9
E10                                                                  23771001.938 9 124917422.289 9       -69.022 9        57.796 9  23771001.938 9 124917422.289 9       -69.022 9        57.796 9
E03                                                                  24988474.012 9 131315275.464 9      1933.817 9        57.362 9  24988474.012 9 131315275.464 9      1933.817 9        57.362 9
> 2026 02 03 10 03 40.0000000  0 17       0.000000000000
G02  20315865.195 9 106760570.991 9      -444.296 9        56.047 9                                                                  20315865.195 8 106760570.991 8      -444.296 8        53.047 8
G13  25194920.219 9 132400130.477 9      1156.726 9        54.178 9                                                                  25194920.219 8 132400130.477 8      1156.726 8        51.178 8
G29  24796071.173 9 130304186.292 9      3074.376 9        54.316 9                                                                  24796071.173 8 130304186.292 8      3074.376 8        51.316 8
G10  22275120.889 9 117056515.958 9      3197.319 9        55.248 9                                                                  22275120.889 8 117056515.958 8      3197.319 8        52.248 8
G12  20799135.545 9 109300172.175 9        72.734 9        55.843 9                                                                  20799135.545 8 109300172.175 8        72.734 8        52.843 8
G17  24781079.131 9 130225380.998 9     -2970.368 9        54.322 9                                                                  24781079.131 8 130225380.998 8     -2970.368 8        51.322 8
G24  24258936.315 9 127481522.863 9      3032.073 9        54.507 9                                                                  24258936.315 8 127481522.863 8      3032.073 8        51.507 8
G30  22520311.216 9 118345002.257 9      2253.075 9        55.153 9                                                                  22520311.216 8 118345002.257 8      2253.075 8        52.153 8
G05  21242414.692 9 111629617.894 9       572.712 9        55.660 9                                                                  21242414.692 8 111629617.894 8       572.712 8        52.660 8
G04  22023283.170 9 115733102.994 9     -2504.415 9        55.346 9                                                                  22023283.170 8 115733102.994 8     -2504.415 8        52.346 8
E04                                                                  23388756.193 9 122908710.105 9      -189.529 9        57.936 9  23388756.193 9 122908710.105 9      -189.529 9        57.936 9
E05                                                                  26195958.328 9 137660625.354 9     -2083.871 9        56.952 9  26195958.328 9 137660625.354 9     -2083.871 9        56.952 9
E11                                                                  26734662.021 9 140491532.138 9     -2445.537 9        56.775 9  26734662.021 9 140491532.138 9     -2445.537 9        56.775 9
E20                                                                  27916285.567 9 146700991.084 9     -1723.256 9        56.399 9  27916285.567 9 146700991.084 9     -1723.256 9        56.399 9
E09                                                                  24927612.985 9 130995441.652 9      2529.109 9        57.383 9  24927612.985 9 130995441.652 9      2529.109 9        57.383 9
E10                                                                  23771015.117 9 124917491.545 9       -69.490 9        57.796 9  23771015.117 9 124917491.545 9       -69.490 9        57.796 9
E03                                                                  24988106.027 9 131313341.695 9      1933.723 9        57.362 9  24988106.027 9 131313341.695 9      1933.723 9        57.362 9
> 2026 02 03 10 03 41.0000000  0 17       0.000000000000
G02  20315949.778 9 106761015.480 9      -444.685 9        56.047 9                                                                  20315949.778 8 106761015.480 8      -444.685 8        53.047 8
G13  25194700.146 9 132398973.987 9      1156.264 9        54.178 9                                                                  25194700.146 8 132398973.987 8      1156.264 8        51.178 8
G29  24795486.136 9 130301111.903 9      3074.398 9        54.317 9                                                                  24795486.136 8 130301111.903 8      3074.398 8        51.317 8
G10  22274512.490 9 117053318.808 9      3196.989 9        55.248 9                                                                  22274512.490 8 117053318.808 8      3196.989 8        52.248 8
G12  20799121.768 9 109300099.773 9        72.068 9        55.843 9                                                                  20799121.768 8 109300099.773 8        72.068 8        52.843 8
G17  24781644.384 9 130228351.412 9     -2970.491 9        54.321 9                                                                  24781644.384 8 130228351.412 8     -2970.491 8        51.321 8
G24  24258359.346 9 127478490.874 9      3031.905 9        54.507 9                                                                  24258359.346 8 127478490.874 8      3031.905 8        51.507 8
G30  22519882.517 9 118342749.431 9      2252.577 9        55.153 9                                                                  22519882.517 8 118342749.431 8      2252.577 8        52.153 8
G05  21242305.772 9 111629045.512 9       572.051 9        55.660 9                                                                  21242305.772 8 111629045.512 8       572.051 8        52.660 8
G04  22023759.761 9 115735607.492 9     -2504.594 9        55.346 9                                                                  22023759.761 8 115735607.492 8     -2504.594 8        52.346 8
E04                                                                  23388792.283 9 122908899.760 9      -189.781 9        57.936 9  23388792.283 9 122908899.760 9      -189.781 9        57.936 9
E05                                                                  26196354.891 9 137662709.300 9     -2084.041 9        56.952 9  26196354.891 9 137662709.300 9     -2084.041 9        56.952 9
E11                                                                  26735127.414 9 140493977.784 9     -2445.774 9        56.775 9  26735127.414 9 140493977.784 9     -2445.774 9        56.775 9
E20                                                                  27916613.521 9 146702714.482 9     -1723.554 9        56.399 9  27916613.521 9 146702714.482 9     -1723.554 9        56.399 9
E09                                                                  24927131.739 9 130992912.690 9      2528.825 9        57.383 9  24927131.739 9 130992912.690 9      2528.825 9        57.383 9
E10                                                                  23771028.385 9 124917561.270 9       -69.959 9        57.796 9  23771028.385 9 124917561.270 9       -69.959 9        57.796 9
E03                                                                  24987738.061 9 131311408.019 9      1933.630 9        57.362 9  24987738.061 9 131311408.019 9      1933.630 9        57.362 9
> 2026 02 03 10 03 42.0000000  0 17       0.000000000000
G02  20316034.436 9 106761460.358 9      -445.073 9        56.047 9                                                                  20316034.436 8 106761460.358 8      -445.073 8        53.047 8
G13  25194480.160 9 132397817.960 9      1155.801 9        54.178 9                                                                  25194480.160 8 132397817.960 8      1155.801 8        51.178 8
G29  24794901.095 9 130298037.493 9      3074.420 9        54.317 9                                                                  24794901.095 8 130298037.493 8      3074.420 8        51.317 8
G10  22273904.155 9 117050121.988 9      3196.660 9        55.248 9                                                                  22273904.155 8 117050121.988 8      3196.660 8        52.248 8
G12  20799108.117 9 109300028.038 9        71.402 9        55.843 9                                                                  20799108.117 8 109300028.038 8        71.402 8        52.843 8
G17  24782209.661 9 130231321.947 9     -2970.613 9        54.321 9                                                                  24782209.661 8 130231321.947 8     -2970.613 8        51.321 8
G24  24257782.409 9 127475459.054 9      3031.737 9        54.507 9                                                                  24257782.409 8 127475459.054 8      3031.737 8        51.507 8
G30  22519453.913 9 118340497.103 9      2252.079 9        55.153 9                                                                  22519453.913 8 118340497.103 8      2252.079 8        52.153 8
G05  21242196.977 9 111628473.790 9       571.391 9        55.660 9                                                                  21242196.977 8 111628473.790 8       571.391 8        52.660 8
G04  22024236.386 9 115738112.169 9     -2504.773 9        55.346 9                                                                  22024236.386 8 115738112.169 8     -2504.773 8        52.346 8
E04                                                                  23388828.421 9 122909089.666 9      -190.032 9        57.936 9  23388828.421 9 122909089.666 9      -190.032 9        57.936 9
E05                                                                  26196751.487 9 137664793.416 9     -2084.211 9        56.952 9  26196751.487 9 137664793.416 9     -2084.211 9        56.952 9
E11                                                                  26735592.851 9 140496423.666 9     -2446.010 9        56.775 9  26735592.851 9 140496423.666 9     -2446.010 9        56.775 9
E20                                                                  27916941.531 9 146704438.180 9     -1723.853 9        56.399 9  27916941.531 9 146704438.180 9     -1723.853 9        56.399 9
E09                                                                  24926650.546 9 130990384.011 9      2528.542 9        57.383 9  24926650.546 9 130990384.011 9      2528.542 9        57.383 9
E10                                                                  23771041.742 9 124917631.463 9       -70.428 9        57.796 9  23771041.742 9 124917631.463 9       -70.428 9        57.796 9
E03                                                                  24987370.112 9 131309474.437 9      1933.536 9        57.362 9  24987370.112 9 131309474.437 9      1933.536 9        57.362 9
> 2026 02 03 10 03 43.0000000  0 17       0.000000000000
G02  20316119.168 9 106761905.624 9      -445.461 9        56.047 9                                                                  20316119.168 8 106761905.624 8      -445.461 8        53.047 8
G13  25194260.263 9 132396662.395 9      1155.339 9        54.178 9                                                                  25194260.263 8 132396662.395 8      1155.339 8        51.178 8
G29  24794316.049 9 130294963.061 9      3074.443 9        54.317 9                                                                  24794316.049 8 130294963.061 8      3074.443 8        51.317 8
G10  22273295.882 9 117046925.497 9      3196.330 9        55.248 9                                                                  22273295.882 8 117046925.497 8      3196.330 8        52.248 8
G12  20799094.593 9 109299956.968 9        70.736 9        55.843 9                                                                  20799094.593 8 109299956.968 8        70.736 8        52.843 8
G17  24782774.961 9 130234292.605 9     -2970.736 9        54.321 9                                                                  24782774.961 8 130234292.605 8     -2970.736 8        51.321 8
G24  24257205.504 9 127472427.401 9      3031.569 9        54.507 9                                                                  24257205.504 8 127472427.401 8      3031.569 8        51.507 8
G30  22519025.404 9 118338245.273 9      2251.581 9        55.153 9                                                                  22519025.404 8 118338245.273 8      2251.581 8        52.153 8
G05  21242088.307 9 111627902.728 9       570.731 9        55.660 9                                                                  21242088.307 8 111627902.728 8       570.731 8        52.660 8
G04  22024713.045 9 115740617.025 9     -2504.952 9        55.346 9                                                                  22024713.045 8 115740617.025 8     -2504.952 8        52.346 8
E04                                                                  23388864.607 9 122909279.823 9      -190.284 9        57.936 9  23388864.607 9 122909279.823 9      -190.284 9        57.936 9
E05                                                                  26197148.115 9 137666877.701 9     -2084.381 9        56.951 9  26197148.115 9 137666877.701 9     -2084.381 9        56.951 9
E11                                                                  26736058.334 9 140498869.785 9     -2446.247 9        56.775 9  26736058.334 9 140498869.785 9     -2446.247 9        56.775 9
E20                                                                  27917269.598 9 146706162.175 9     -1724.151 9        56.399 9  27917269.598 9 146706162.175 9     -1724.151 9        56.399 9
E09                                                                  24926169.408 9 130987855.617 9      2528.258 9        57.383 9  24926169.408 9 130987855.617 9      2528.258 9        57.383 9
E10                                                                  23771055.189 9 124917702.125 9       -70.896 9        57.796 9  23771055.189 9 124917702.125 9       -70.896 9        57.796 9
E03                                                                  24987002.181 9 131307540.949 9      1933.442 9        57.362 9  24987002.181 9 131307540.949 9      1933.442 9        57.362 9
> 2026 02 03 10 03 44.0000000  0 17       0.000000000000
G02  20316203.973 9 106762351.279 9      -445.850 9        56.047 9                                                                  20316203.973 8 106762351.279 8      -445.850 8        53.047 8
G13  25194040.453 9 132395507.293 9      1154.876 9        54.178 9                                                                  25194040.453 8 132395507.293 8      1154.876 8        51.178 8
G29  24793731.000 9 130291888.606 9      3074.465 9        54.317 9                                                                  24793731.000 8 130291888.606 8      3074.465 8        51.317 8
G10  22272687.672 9 117043729.337 9      3196.000 9        55.249 9                                                                  22272687.672 8 117043729.337 8      3196.000 8        52.249 8
G12  20799081.196 9 109299886.564 9        70.070 9        55.843 9                                                                  20799081.196 8 109299886.564 8        70.070 8        52.843 8
G17  24783340.284 9 130237263.385 9     -2970.858 9        54.321 9                                                                  24783340.284 8 130237263.385 8     -2970.858 8        51.321 8
G24  24256628.631 9 127469395.917 9      3031.401 9        54.507 9                                                                  24256628.631 8 127469395.917 8      3031.401 8        51.507 8
G30  22518596.989 9 118335993.941 9      2251.082 9        55.153 9                                                                  22518596.989 8 118335993.941 8      2251.082 8        52.153 8
G05  21241979.764 9 111627332.327 9       570.070 9        55.660 9                                                                  21241979.764 8 111627332.327 8       570.070 8        52.660 8
G04  22025189.738 9 115743122.060 9     -2505.131 9        55.346 9                                                                  22025189.738 8 115743122.060 8     -2505.131 8        52.346 8
E04                                                                  23388900.841 9 122909470.232 9      -190.536 9        57.936 9  23388900.841 9 122909470.232 9      -190.536 9        57.936 9
E05                                                                  26197544.775 9 137668962.157 9     -2084.551 9        56.951 9  26197544.775 9 137668962.157 9     -2084.551 9        56.951 9
E11                                                                  26736523.861 9 140501316.141 9     -2446.484 9        56.774 9  26736523.861 9 140501316.141 9     -2446.484 9        56.774 9
E20                                                                  27917597.722 9 146707886.469 9     -1724.450 9        56.399 9  27917597.722 9 146707886.469 9     -1724.450 9        56.399 9
E09                                                                  24925688.323 9 130985327.505 9      2527.974 9        57.384 9  24925688.323 9 130985327.505 9      2527.974 9        57.384 9
E10                                                                  23771068.724 9 124917773.256 9       -71.365 9        57.795 9  23771068.724 9 124917773.256 9       -71.365 9        57.795 9
E03                                                                  24986634.268 9 131305607.554 9      1933.349 9        57.362 9  24986634.268 9 131305607.554 9      1933.349 9        57.362 9
> 2026 02 03 10 03 45.0000000  0 17       0.000000000000
G02  20316288.852 9 106762797.322 9      -446.238 9        56.047 9                                                                  20316288.852 8 106762797.322 8      -446.238 8        53.047 8
G13  25193820.732 9 132394352.654 9      1154.413 9        54.178 9                                                                  25193820.732 8 132394352.654 8      1154.413 8        51.178 8
G29  24793145.946 9 130288814.129 9      3074.487 9        54.317 9                                                                  24793145.946 8 130288814.129 8      3074.487 8        51.317 8
G10  22272079.525 9 117040533.506 9      3195.670 9        55.249 9                                                                  22272079.525 8 117040533.506 8      3195.670 8        52.249 8
G12  20799067.926 9 109299816.826 9        69.404 9        55.843 9                                                                  20799067.926 8 109299816.826 8        69.404 8        52.843 8
G17  24783905.630 9 130240234.288 9     -2970.980 9        54.321 9                                                                  24783905.630 8 130240234.288 8     -2970.980 8        51.321 8
G24  24256051.790 9 127466364.600 9      3031.233 9        54.508 9                                                                  24256051.790 8 127466364.600 8      3031.233 8        51.508 8
G30  22518168.670 9 118333743.108 9      2250.584 9        55.153 9                                                                  22518168.670 8 118333743.108 8      2250.584 8        52.153 8
G05  21241871.346 9 111626762.586 9       569.410 9        55.660 9                                                                  21241871.346 8 111626762.586 8       569.410 8        52.660 8
G04  22025666.465 9 115745627.274 9     -2505.310 9        55.345 9                                                                  22025666.465 8 115745627.274 8     -2505.310 8        52.345 8
E04                                                                  23388937.123 9 122909660.893 9      -190.787 9        57.936 9  23388937.123 9 122909660.893 9      -190.787 9        57.936 9
E05                                                                  26197941.468 9 137671046.783 9     -2084.721 9        56.951 9  26197941.468 9 137671046.783 9     -2084.721 9        56.951 9
E11                                                                  26736989.434 9 140503762.733 9     -2446.720 9        56.774 9  26736989.434 9 140503762.733 9     -2446.720 9        56.774 9
E20                                                                  27917925.903 9 146709611.062 9     -1724.748 9        56.399 9  27917925.903 9 146709611.062 9     -1724.748 9        56.399 9
E09                                                                  24925207.293 9 130982799.678 9      2527.690 9        57.384 9  24925207.293 9 130982799.678 9      2527.690 9        57.384 9
E10                                                                  23771082.349 9 124917844.855 9       -71.833 9        57.795 9  23771082.349 9 124917844.855 9       -71.833 9        57.795 9
E03                                                                  24986266.372 9 131303674.254 9      1933.255 9        57.362 9  24986266.372 9 131303674.254 9      1933.255 9        57.362 9
> 2026 02 03 10 03 46.0000000  0 17       0.000000000000
G02  20316373.805 9 106763243.752 9      -446.626 9        56.047 9                                                                  20316373.805 8 106763243.752 8      -446.626 8        53.047 8
G13  25193601.099 9 132393198.478 9      1153.950 9        54.178 9                                                                  25193601.099 8 132393198.478 8      1153.950 8        51.178 8
G29  24792560.888 9 130285739.630 9      3074.509 9        54.318 9                                                                  24792560.888 8 130285739.630 8      3074.509 8        51.318 8
G10  22271471.441 9 117037338.005 9      3195.340 9        55.249 9                                                                  22271471.441 8 117037338.005 8      3195.340 8        52.249 8
G12  20799054.782 9 109299747.755 9        68.738 9        55.843 9                                                                  20799054.782 8 109299747.755 8        68.738 8        52.843 8
G17  24784471.000 9 130243205.313 9     -2971.102 9        54.320 9                                                                  24784471.000 8 130243205.313 8     -2971.102 8        51.320 8
G24  24255474.981 9 127463333.451 9      3031.065 9        54.508 9                                                                  24255474.981 8 127463333.451 8      3031.065 8        51.508 8
G30  22517740.445 9 118331492.773 9      2250.086 9        55.154 9                                                                  22517740.445 8 118331492.773 8      2250.086 8        52.154 8
G05  21241763.053 9 111626193.505 9       568.749 9        55.660 9                                                                  21241763.053 8 111626193.505 8       568.749 8        52.660 8
G04  22026143.227 9 115748132.666 9     -2505.488 9        55.345 9                                                                  22026143.227 8 115748132.666 8     -2505.488 8        52.345 8
E04                                                                  23388973.452 9 122909851.805 9      -191.039 9        57.936 9  23388973.452 9 122909851.805 9      -191.039 9        57.936 9
E05                                                                  26198338.193 9 137673131.578 9     -2084.890 9        56.951 9  26198338.193 9 137673131.578 9     -2084.890 9        56.951 9
E11                                                                  26737455.051 9 140506209.561 9     -2446.956 9        56.774 9  26737455.051 9 140506209.561 9     -2446.956 9        56.774 9
E20                                                                  27918254.140 9 146711335.952 9     -1725.046 9        56.399 9  27918254.140 9 146711335.952 9     -1725.046 9        56.399 9
E09                                                                  24924726.316 9 130980272.135 9      2527.406 9        57.384 9  24924726.316 9 130980272.135 9      2527.406 9        57.384 9
E10                                                                  23771096.063 9 124917916.922 9       -72.302 9        57.795 9  23771096.063 9 124917916.922 9       -72.302 9        57.795 9
E03                                                                  24985898.495 9 131301741.047 9      1933.161 9        57.363 9  24985898.495 9 131301741.047 9      1933.161 9        57.363 9
> 2026 02 03 10 03 47.0000000  0 17       0.000000000000
G02  20316458.832 9 106763690.571 9      -447.014 9        56.047 9                                                                  20316458.832 8 106763690.571 8      -447.014 8        53.047 8
G13  25193381.554 9 132392044.764 9      1153.487 9        54.178 9                                                                  25193381.554 8 132392044.764 8      1153.487 8        51.178 8
G29  24791975.825 9 130282665.109 9      3074.531 9        54.318 9                                                                  24791975.825 8 130282665.109 8      3074.531 8        51.318 8
G10  22270863.419 9 117034142.835 9      3195.010 9        55.249 9                                                                  22270863.419 8 117034142.835 8      3195.010 8        52.249 8
G12  20799041.765 9 109299679.349 9        68.072 9        55.843 9                                                                  20799041.765 8 109299679.349 8        68.072 8        52.843 8
G17  24785036.393 9 130246176.460 9     -2971.225 9        54.320 9                                                                  24785036.393 8 130246176.460 8     -2971.225 8        51.320 8
G24  24254898.203 9 127460302.469 9      3030.897 9        54.508 9                                                                  24254898.203 8 127460302.469 8      3030.897 8        51.508 8
G30  22517312.315 9 118329242.936 9      2249.587 9        55.154 9                                                                  22517312.315 8 118329242.936 8      2249.587 8        52.154 8
G05  21241654.887 9 111625625.085 9       568.089 9        55.660 9                                                                  21241654.887 8 111625625.085 8       568.089 8        52.660 8
G04  22026620.022 9 115750638.237 9     -2505.667 9        55.345 9                                                                  22026620.022 8 115750638.237 8     -2505.667 8        52.345 8
E04                                                                  23389009.830 9 122910042.969 9      -191.291 9        57.936 9  23389009.830 9 122910042.969 9      -191.291 9        57.936 9
E05                                                                  26198734.950 9 137675216.544 9     -2085.060 9        56.951 9  26198734.950 9 137675216.544 9     -2085.060 9        56.951 9
E11                                                                  26737920.713 9 140508656.626 9     -2447.193 9        56.774 9  26737920.713 9 140508656.626 9     -2447.193 9        56.774 9
E20                                                                  27918582.434 9 146713061.141 9     -1725.345 9        56.399 9  27918582.434 9 146713061.141 9     -1725.345 9        56.399 9
E09                                                                  24924245.394 9 130977744.876 9      2527.122 9        57.384 9  24924245.394 9 130977744.876 9      2527.122 9        57.384 9
E10                                                                  23771109.866 9 124917989.459 9       -72.770 9        57.795 9  23771109.866 9 124917989.459 9       -72.770 9        57.795 9
E03                                                                  24985530.635 9 131299807.934 9      1933.067 9        57.363 9  24985530.635 9 131299807.934 9      1933.067 9        57.363 9
> 2026 02 03 10 03 48.0000000  0 17       0.000000000000
G02  20316543.933 9 106764137.778 9      -447.402 9        56.047 9                                                                  20316543.933 8 106764137.778 8      -447.402 8        53.047 8
G13  25193162.097 9 132390891.513 9      1153.024 9        54.178 9                                                                  25193162.097 8 132390891.513 8      1153.024 8        51.178 8
G29  24791390.759 9 130279590.566 9      3074.553 9        54.318 9                                                                  24791390.759 8 130279590.566 8      3074.553 8        51.318 8
G10  22270255.461 9 117030947.995 9      3194.679 9        55.250 9                                                                  22270255.461 8 117030947.995 8      3194.679 8        52.250 8
G12  20799028.875 9 109299611.609 9        67.406 9        55.843 9                                                                  20799028.875 8 109299611.609 8        67.406 8        52.843 8
G17  24785601.810 9 130249147.729 9     -2971.347 9        54.320 9                                                                  24785601.810 8 130249147.729 8     -2971.347 8        51.320 8
G24  24254321.458 9 127457271.656 9      3030.729 9        54.508 9                                                                  24254321.458 8 127457271.656 8      3030.729 8        51.508 8
G30  22516884.280 9 118326993.599 9      2249.088 9        55.154 9                                                                  22516884.280 8 118326993.599 8      2249.088 8        52.154 8
G05  21241546.846 9 111625057.326 9       567.428 9        55.660 9                                                                  21241546.846 8 111625057.326 8       567.428 8        52.660 8
G04  22027096.851 9 115753143.986 9     -2505.845 9        55.345 9                                                                  22027096.851 8 115753143.986 8     -2505.845 8        52.345 8
E04                                                                  23389046.255 9 122910234.385 9      -191.542 9        57.936 9  23389046.255 9 122910234.385 9      -191.542 9        57.936 9
E05                                                                  26199131.739 9 137677301.679 9     -2085.231 9        56.951 9  26199131.739 9 137677301.679 9     -2085.231 9        56.951 9
E11                                                                  26738386.421 9 140511103.928 9     -2447.429 9        56.774 9  26738386.421 9 140511103.928 9     -2447.429 9        56.774 9
E20                                                                  27918910.785 9 146714786.628 9     -1725.643 9        56.399 9  27918910.785 9 146714786.628 9     -1725.643 9        56.399 9
E09                                                                  24923764.526 9 130975217.900 9      2526.838 9        57.384 9  24923764.526 9 130975217.900 9      2526.838 9        57.384 9
E10                                                                  23771123.759 9 124918062.463 9       -73.239 9        57.795 9  23771123.759 9 124918062.463 9       -73.239 9        57.795 9
E03                                                                  24985162.793 9 131297874.914 9      1932.973 9        57.363 9  24985162.793 9 131297874.914 9      1932.973 9        57.363 9
> 2026 02 03 10 03 49.0000000  0 17       0.000000000000
G02  20316629.108 9 106764585.373 9      -447.790 9        56.047 9                                                                  20316629.108 8 106764585.373 8      -447.790 8        53.047 8
G13  25192942.728 9 132389738.726 9      1152.561 9        54.178 9                                                                  25192942.728 8 132389738.726 8      1152.561 8        51.178 8
G29  24790805.688 9 130276516.000 9      3074.575 9        54.318 9                                                                  24790805.688 8 130276516.000 8      3074.575 8        51.318 8
G10  22269647.565 9 117027753.485 9      3194.349 9        55.250 9                                                                  22269647.565 8 117027753.485 8      3194.349 8        52.250 8
G12  20799016.111 9 109299544.536 9        66.740 9        55.843 9                                                                  20799016.111 8 109299544.536 8        66.740 8        52.843 8
G17  24786167.249 9 130252119.121 9     -2971.469 9        54.320 9                                                                  24786167.249 8 130252119.121 8     -2971.469 8        51.320 8
G24  24253744.745 9 127454241.011 9      3030.561 9        54.508 9                                                                  24253744.745 8 127454241.011 8      3030.561 8        51.508 8
G30  22516456.340 9 118324744.759 9      2248.590 9        55.154 9                                                                  22516456.340 8 118324744.759 8      2248.590 8        52.154 8
G05  21241438.931 9 111624490.227 9       566.768 9        55.660 9                                                                  21241438.931 8 111624490.227 8       566.768 8        52.660 8
G04  22027573.714 9 115755649.914 9     -2506.024 9        55.345 9                                                                  22027573.714 8 115755649.914 8     -2506.024 8        52.345 8
E04                                                                  23389082.728 9 122910426.052 9      -191.794 9        57.936 9  23389082.728 9 122910426.052 9      -191.794 9        57.936 9
E05                                                                  26199528.561 9 137679386.985 9     -2085.400 9        56.951 9  26199528.561 9 137679386.985 9     -2085.400 9        56.951 9
E11                                                                  26738852.173 9 140513551.465 9     -2447.665 9        56.774 9  26738852.173 9 140513551.465 9     -2447.665 9        56.774 9
E20                                                                  27919239.193 9 146716512.413 9     -1725.941 9        56.398 9  27919239.193 9 146716512.413 9     -1725.941 9        56.398 9
E09                                                                  24923283.711 9 130972691.209 9      2526.554 9        57.384 9  24923283.711 9 130972691.209 9      2526.554 9        57.384 9
E10                                                                  23771137.740 9 124918135.937 9       -73.708 9        57.795 9  23771137.740 9 124918135.937 9       -73.708 9        57.795 9
E03                                                                  24984794.969 9 131295941.988 9      1932.879 9        57.363 9  24984794.969 9 131295941.988 9      1932.879 9        57.363 9
> 2026 02 03 10 03 50.0000000  0 17       0.000000000000
G02  20316714.357 9 106765033.356 9      -448.178 9        56.047 9                                                                  20316714.357 8 106765033.356 8      -448.178 8        53.047 8
G13  25192723.447 9 132388586.401 9      1152.098 9        54.179 9                                                                  25192723.447 8 132388586.401 8      1152.098 8        51.179 8
G29  24790220.613 9 130273441.413 9      3074.597 9        54.318 9                                                                  24790220.613 8 130273441.413 8      3074.597 8        51.318 8
G10  22269039.732 9 117024559.305 9      3194.018 9        55.250 9                                                                  22269039.732 8 117024559.305 8      3194.018 8        52.250 8
G12  20799003.474 9 109299478.128 9        66.074 9        55.843 9                                                                  20799003.474 8 109299478.128 8        66.074 8        52.843 8
G17  24786732.712 9 130255090.635 9     -2971.591 9        54.320 9                                                                  24786732.712 8 130255090.635 8     -2971.591 8        51.320 8
G24  24253168.064 9 127451210.534 9      3030.393 9        54.509 9                                                                  24253168.064 8 127451210.534 8      3030.393 8        51.509 8
G30  22516028.494 9 118322496.419 9      2248.091 9        55.154 9                                                                  22516028.494 8 118322496.419 8      2248.091 8        52.154 8
G05  21241331.141 9 111623923.789 9       566.107 9        55.660 9                                                                  21241331.141 8 111623923.789 8       566.107 8        52.660 8
G04  22028050.611 9 115758156.021 9     -2506.202 9        55.345 9                                                                  22028050.611 8 115758156.021 8     -2506.202 8        52.345 8
E04                                                                  23389119.249 9 122910617.971 9      -192.046 9        57.936 9  23389119.249 9 122910617.971 9      -192.046 9        57.936 9
E05                                                                  26199925.416 9 137681472.460 9     -2085.570 9        56.950 9  26199925.416 9 137681472.460 9     -2085.570 9        56.950 9
E11                                                                  26739317.971 9 140515999.239 9     -2447.901 9        56.773 9  26739317.971 9 140515999.239 9     -2447.901 9        56.773 9
E20                                                                  27919567.657 9 146718238.496 9     -1726.239 9        56.398 9  27919567.657 9 146718238.496 9     -1726.239 9        56.398 9
E09                                                                  24922802.951 9 130970164.802 9      2526.270 9        57.385 9  24922802.951 9 130970164.802 9      2526.270 9        57.385 9
E10                                                                  23771151.811 9 124918209.878 9       -74.176 9        57.795 9  23771151.811 9 124918209.878 9       -74.176 9        57.795 9
E03                                                                  24984427.163 9 131294009.157 9      1932.785 9        57.363 9  24984427.163 9 131294009.157 9      1932.785 9        57.363 9
> 2026 02 03 10 03 51.0000000  0 17       0.000000000000
G02  20316799.679 9 106765481.728 9      -448.566 9        56.047 9                                                                  20316799.679 8 106765481.728 8      -448.566 8        53.047 8
G13  25192504.254 9 132387434.539 9      1151.635 9        54.179 9                                                                  25192504.254 8 132387434.539 8      1151.635 8        51.179 8
G29  24789635.534 9 130270366.804 9      3074.619 9        54.319 9                                                                  24789635.534 8 130270366.804 8      3074.619 8        51.319 8
G10  22268431.962 9 117021365.457 9      3193.688 9        55.250 9                                                                  22268431.962 8 117021365.457 8      3193.688 8        52.250 8
G12  20798990.964 9 109299412.386 9        65.408 9        55.843 9                                                                  20798990.964 8 109299412.386 8        65.408 8        52.843 8
G17  24787298.198 9 130258062.271 9     -2971.714 9        54.319 9                                                                  24787298.198 8 130258062.271 8     -2971.714 8        51.319 8
G24  24252591.414 9 127448180.225 9      3030.225 9        54.509 9                                                                  24252591.414 8 127448180.225 8      3030.225 8        51.509 8
G30  22515600.744 9 118320248.577 9      2247.592 9        55.154 9                                                                  22515600.744 8 118320248.577 8      2247.592 8        52.154 8
G05  21241223.477 9 111623358.011 9       565.446 9        55.660 9                                                                  21241223.477 8 111623358.011 8       565.446 8        52.660 8
G04  22028527.542 9 115760662.306 9     -2506.381 9        55.344 9                                                                  22028527.542 8 115760662.306 8     -2506.381 8        52.344 8
E04                                                                  23389155.818 9 122910810.142 9      -192.298 9        57.936 9  23389155.818 9 122910810.142 9      -192.298 9        57.936 9
E05                                                                  26200322.302 9 137683558.106 9     -2085.740 9        56.950 9  26200322.302 9 137683558.106 9     -2085.740 9        56.950 9
E11                                                                  26739783.813 9 140518447.249 9     -2448.138 9        56.773 9  26739783.813 9 140518447.249 9     -2448.138 9        56.773 9
E20                                                                  27919896.178 9 146719964.877 9     -1726.537 9        56.398 9  27919896.178 9 146719964.877 9     -1726.537 9        56.398 9
E09                                                                  24922322.245 9 130967638.679 9      2525.986 9        57.385 9  24922322.245 9 130967638.679 9      2525.986 9        57.385 9
E10                                                                  23771165.971 9 124918284.289 9       -74.645 9        57.795 9  23771165.971 9 124918284.289 9       -74.645 9        57.795 9
E03                                                                  24984059.375 9 131292076.419 9      1932.692 9        57.363 9  24984059.375 9 131292076.419 9      1932.692 9        57.363 9
> 2026 02 03 10 03 52.0000000  0 17       0.000000000000
G02  20316885.075 9 106765930.487 9      -448.954 9        56.047 9                                                                  20316885.075 8 106765930.487 8      -448.954 8        53.047 8
G13  25192285.150 9 132386283.141 9      1151.172 9        54.179 9                                                                  25192285.150 8 132386283.141 8      1151.172 8        51.179 8
G29  24789050.451 9 130267292.173 9      3074.641 9        54.319 9                                                                  24789050.451 8 130267292.173 8      3074.641 8        51.319 8
G10  22267824.255 9 117018171.938 9      3193.357 9        55.250 9                                                                  22267824.255 8 117018171.938 8      3193.357 8        52.250 8
G12  20798978.581 9 109299347.311 9        64.741 9        55.843 9                                                                  20798978.581 8 109299347.311 8        64.741 8        52.843 8
G17  24787863.707 9 130261034.029 9     -2971.836 9        54.319 9                                                                  24787863.707 8 130261034.029 8     -2971.836 8        51.319 8
G24  24252014.797 9 127445150.084 9      3030.057 9        54.509 9                                                                  24252014.797 8 127445150.084 8      3030.057 8        51.509 8
G30  22515173.089 9 118318001.235 9      2247.093 9        55.155 9                                                                  22515173.089 8 118318001.235 8      2247.093 8        52.155 8
G05  21241115.939 9 111622792.894 9       564.786 9        55.661 9                                                                  21241115.939 8 111622792.894 8       564.786 8        52.661 8
G04  22029004.507 9 115763168.769 9     -2506.559 9        55.344 9                                                                  22029004.507 8 115763168.769 8     -2506.559 8        52.344 8
E04                                                                  23389192.435 9 122911002.565 9      -192.549 9        57.936 9  23389192.435 9 122911002.565 9      -192.549 9        57.936 9
E05                                                                  26200719.221 9 137685643.921 9     -2085.910 9        56.950 9  26200719.221 9 137685643.921 9     -2085.910 9        56.950 9
E11                                                                  26740249.700 9 140520895.494 9     -2448.374 9        56.773 9  26740249.700 9 140520895.494 9     -2448.374 9        56.773 9
E20                                                                  27920224.756 9 146721691.556 9     -1726.834 9        56.398 9  27920224.756 9 146721691.556 9     -1726.834 9        56.398 9
E09                                                                  24921841.593 9 130965112.841 9      2525.701 9        57.385 9  24921841.593 9 130965112.841 9      2525.701 9        57.385 9
E10                                                                  23771180.219 9 124918359.167 9       -75.113 9        57.795 9  23771180.219 9 124918359.167 9       -75.113 9        57.795 9
E03                                                                  24983691.605 9 131290143.775 9      1932.598 9        57.363 9  24983691.605 9 131290143.775 9      1932.598 9        57.363 9
> 2026 02 03 10 03 53.0000000  0 17       0.000000000000
G02  20316970.545 9 106766379.633 9      -449.342 9        56.047 9                                                                  20316970.545 8 106766379.633 8      -449.342 8        53.047 8
G13  25192066.133 9 132385132.206 9      1150.708 9        54.179 9                                                                  25192066.133 8 132385132.206 8      1150.708 8        51.179 8
G29  24788465.363 9 130264217.519 9      3074.663 9        54.319 9                                                                  24788465.363 8 130264217.519 8      3074.663 8        51.319 8
G10  22267216.611 9 117014978.751 9      3193.026 9        55.251 9                                                                  22267216.611 8 117014978.751 8      3193.026 8        52.251 8
G12  20798966.324 9 109299282.902 9        64.075 9        55.843 9                                                                  20798966.324 8 109299282.902 8        64.075 8        52.843 8
G17  24788429.240 9 130264005.910 9     -2971.958 9        54.319 9                                                                  24788429.240 8 130264005.910 8     -2971.958 8        51.319 8
G24  24251438.212 9 127442120.111 9      3029.889 9        54.509 9                                                                  24251438.212 8 127442120.111 8      3029.889 8        51.509 8
G30  22514745.528 9 118315754.391 9      2246.594 9        55.155 9                                                                  22514745.528 8 118315754.391 8      2246.594 8        52.155 8
G05  21241008.527 9 111622228.438 9       564.125 9        55.661 9                                                                  21241008.527 8 111622228.438 8       564.125 8        52.661 8
G04  22029481.506 9 115765675.411 9     -2506.737 9        55.344 9                                                                  22029481.506 8 115765675.411 8     -2506.737 8        52.344 8
E04                                                                  23389229.100 9 122911195.239 9      -192.801 9        57.936 9  23389229.100 9 122911195.239 9      -192.801 9        57.936 9
E05                                                                  26201116.172 9 137687729.906 9     -2086.080 9        56.950 9  26201116.172 9 137687729.906 9     -2086.080 9        56.950 9
E11                                                                  26740715.632 9 140523343.976 9     -2448.609 9        56.773 9  26740715.632 9 140523343.976 9     -2448.609 9        56.773 9
E20                                                                  27920553.390 9 146723418.533 9     -1727.132 9        56.398 9  27920553.390 9 146723418.533 9     -1727.132 9        56.398 9
E09                                                                  24921360.995 9 130962587.286 9      2525.417 9        57.385 9  24921360.995 9 130962587.286 9      2525.417 9        57.385 9
E10                                                                  23771194.558 9 124918434.515 9       -75.581 9        57.795 9  23771194.558 9 124918434.515 9       -75.581 9        57.795 9
E03                                                                  24983323.853 9 131288211.225 9      1932.504 9        57.363 9  24983323.853 9 131288211.225 9      1932.504 9        57.363 9
> 2026 02 03 10 03 54.0000000  0 17       0.000000000000
G02  20317056.089 9 106766829.168 9      -449.730 9        56.047 9                                                                  20317056.089 8 106766829.168 8      -449.730 8        53.047 8
G13  25191847.205 9 132383981.735 9      1150.245 9        54.179 9                                                                  25191847.205 8 132383981.735 8      1150.245 8        51.179 8
G29  24787880.272 9 130261142.844 9      3074.685 9        54.319 9                                                                  24787880.272 8 130261142.844 8      3074.685 8        51.319 8
G10  22266609.030 9 117011785.895 9      3192.695 9        55.251 9                                                                  22266609.030 8 117011785.895 8      3192.695 8        52.251 8
G12  20798954.195 9 109299219.158 9        63.409 9        55.843 9                                                                  20798954.195 8 109299219.158 8        63.409 8        52.843 8
G17  24788994.796 9 130266977.913 9     -2972.080 9        54.319 9                                                                  24788994.796 8 130266977.913 8     -2972.080 8        51.319 8
G24  24250861.658 9 127439090.307 9      3029.721 9        54.510 9                                                                  24250861.658 8 127439090.307 8      3029.721 8        51.510 8
G30  22514318.063 9 118313508.046 9      2246.095 9        55.155 9                                                                  22514318.063 8 118313508.046 8      2246.095 8        52.155 8
G05  21240901.240 9 111621664.642 9       563.464 9        55.661 9                                                                  21240901.240 8 111621664.642 8       563.464 8        52.661 8
G04  22029958.539 9 115768182.230 9     -2506.915 9        55.344 9                                                                  22029958.539 8 115768182.230 8     -2506.915 8        52.344 8
E04                                                                  23389265.813 9 122911388.165 9      -193.053 9        57.936 9  23389265.813 9 122911388.165 9      -193.053 9        57.936 9
E05                                                                  26201513.156 9 137689816.061 9     -2086.250 9        56.950 9  26201513.156 9 137689816.061 9     -2086.250 9        56.950 9
E11                                                                  26741181.609 9 140525792.694 9     -2448.845 9        56.773 9  26741181.609 9 140525792.694 9     -2448.845 9        56.773 9
E20                                                                  27920882.081 9 146725145.808 9     -1727.430 9        56.398 9  27920882.081 9 146725145.808 9     -1727.430 9        56.398 9
E09                                                                  24920880.451 9 130960062.016 9      2525.133 9        57.385 9  24920880.451 9 130960062.016 9      2525.133 9        57.385 9
E10                                                                  23771208.985 9 124918510.330 9       -76.050 9        57.795 9  23771208.985 9 124918510.330 9       -76.050 9        57.795 9
E03                                                                  24982956.118 9 131286278.770 9      1932.409 9        57.364 9  24982956.118 9 131286278.770 9      1932.409 9        57.364 9
> 2026 02 03 10 03 55.0000000  0 17       0.000000000000
G02  20317141.707 9 106767279.091 9      -450.117 9        56.047 9                                                                  20317141.707 8 106767279.091 8      -450.117 8        53.047 8
G13  25191628.365 9 132382831.727 9      1149.782 9        54.179 9                                                                  25191628.365 8 132382831.727 8      1149.782 8        51.179 8
G29  24787295.176 9 130258068.147 9      3074.707 9        54.319 9                                                                  24787295.176 8 130258068.147 8      3074.707 8        51.319 8
G10  22266001.512 9 117008593.369 9      3192.364 9        55.251 9                                                                  22266001.512 8 117008593.369 8      3192.364 8        52.251 8
G12  20798942.192 9 109299156.081 9        62.743 9        55.843 9                                                                  20798942.192 8 109299156.081 8        62.743 8        52.843 8
G17  24789560.375 9 130269950.037 9     -2972.202 9        54.319 9                                                                  24789560.375 8 130269950.037 8     -2972.202 8        51.319 8
G24  24250285.137 9 127436060.670 9      3029.553 9        54.510 9                                                                  24250285.137 8 127436060.670 8      3029.553 8        51.510 8
G30  22513890.692 9 118311262.201 9      2245.596 9        55.155 9                                                                  22513890.692 8 118311262.201 8      2245.596 8        52.155 8
G05  21240794.079 9 111621101.507 9       562.804 9        55.661 9                                                                  21240794.079 8 111621101.507 8       562.804 8        52.661 8
G04  22030435.606 9 115770689.228 9     -2507.094 9        55.344 9                                                                  22030435.606 8 115770689.228 8     -2507.094 8        52.344 8
E04                                                                  23389302.574 9 122911581.344 9      -193.305 9        57.936 9  23389302.574 9 122911581.344 9      -193.305 9        57.936 9
E05                                                                  26201910.172 9 137691902.386 9     -2086.420 9        56.950 9  26201910.172 9 137691902.386 9     -2086.420 9        56.950 9
E11                                                                  26741647.631 9 140528241.648 9     -2449.081 9        56.773 9  26741647.631 9 140528241.648 9     -2449.081 9        56.773 9
E20                                                                  27921210.829 9 146726873.380 9     -1727.728 9        56.398 9  27921210.829 9 146726873.380 9     -1727.728 9        56.398 9
E09                                                                  24920399.961 9 130957537.030 9      2524.849 9        57.385 9  24920399.961 9 130957537.030 9      2524.849 9        57.385 9
E10                                                                  23771223.501 9 124918586.614 9       -76.518 9        57.795 9  23771223.501 9 124918586.614 9       -76.518 9        57.795 9
E03                                                                  24982588.401 9 131284346.408 9      1932.316 9        57.364 9  24982588.401 9 131284346.408 9      1932.316 9        57.364 9
> 2026 02 03 10 03 56.0000000  0 17       0.000000000000
G02  20317227.398 9 106767729.401 9      -450.505 9        56.047 9                                                                  20317227.398 8 106767729.401 8      -450.505 8        53.047 8
G13  25191409.613 9 132381682.182 9      1149.318 9        54.179 9                                                                  25191409.613 8 132381682.182 8      1149.318 8        51.179 8
G29  24786710.076 9 130254993.429 9      3074.729 9        54.320 9                                                                  24786710.076 8 130254993.429 8      3074.729 8        51.320 8
G10  22265394.056 9 117005401.175 9      3192.033 9        55.251 9                                                                  22265394.056 8 117005401.175 8      3192.033 8        52.251 8
G12  20798930.315 9 109299093.670 9        62.077 9        55.843 9                                                                  20798930.315 8 109299093.670 8        62.077 8        52.843 8
G17  24790125.977 9 130272922.284 9     -2972.324 9        54.318 9                                                                  24790125.977 8 130272922.284 8     -2972.324 8        51.318 8
G24  24249708.648 9 127433031.202 9      3029.385 9        54.510 9                                                                  24249708.648 8 127433031.202 8      3029.385 8        51.510 8
G30  22513463.417 9 118309016.855 9      2245.096 9        55.155 9                                                                  22513463.417 8 118309016.855 8      2245.096 8        52.155 8
G05  21240687.044 9 111620539.033 9       562.143 9        55.661 9                                                                  21240687.044 8 111620539.033 8       562.143 8        52.661 8
G04  22030912.706 9 115773196.404 9     -2507.272 9        55.343 9                                                                  22030912.706 8 115773196.404 8     -2507.272 8        52.343 8
E04                                                                  23389339.382 9 122911774.774 9      -193.557 9        57.936 9  23389339.382 9 122911774.774 9      -193.557 9        57.936 9
E05                                                                  26202307.220 9 137693988.881 9     -2086.590 9        56.950 9  26202307.220 9 137693988.881 9     -2086.590 9        56.950 9
E11                                                                  26742113.698 9 140530690.837 9     -2449.317 9        56.773 9  26742113.698 9 140530690.837 9     -2449.317 9        56.773 9
E20                                                                  27921539.633 9 146728601.250 9     -1728.025 9        56.398 9  27921539.633 9 146728601.250 9     -1728.025 9        56.398 9
E09                                                                  24919919.526 9 130955012.329 9      2524.564 9        57.386 9  24919919.526 9 130955012.329 9      2524.564 9        57.386 9
E10                                                                  23771238.107 9 124918663.367 9       -76.987 9        57.795 9  23771238.107 9 124918663.367 9       -76.987 9        57.795 9
E03                                                                  24982220.703 9 131282414.140 9      1932.221 9        57.364 9  24982220.703 9 131282414.140 9      1932.221 9        57.364 9
> 2026 02 03 10 03 57.0000000  0 17       0.000000000000
G02  20317313.163 9 106768180.099 9      -450.893 9        56.047 9                                                                  20317313.163 8 106768180.099 8      -450.893 8        53.047 8
G13  25191190.949 9 132380533.101 9      1148.854 9        54.179 9                                                                  25191190.949 8 132380533.101 8      1148.854 8        51.179 8
G29  24786124.972 9 130251918.688 9      3074.751 9        54.320 9                                                                  24786124.972 8 130251918.688 8      3074.751 8        51.320 8
G10  22264786.664 9 117002209.311 9      3191.702 9        55.252 9                                                                  22264786.664 8 117002209.311 8      3191.702 8        52.252 8
G12  20798918.566 9 109299031.925 9        61.411 9        55.843 9                                                                  20798918.566 8 109299031.925 8        61.411 8        52.843 8
G17  24790691.603 9 130275894.653 9     -2972.447 9        54.318 9                                                                  24790691.603 8 130275894.653 8     -2972.447 8        51.318 8
G24  24249132.190 9 127430001.902 9      3029.216 9        54.510 9                                                                  24249132.190 8 127430001.902 8      3029.216 8        51.510 8
G30  22513036.236 9 118306772.008 9      2244.597 9        55.155 9                                                                  22513036.236 8 118306772.008 8      2244.597 8        52.155 8
G05  21240580.135 9 111619977.220 9       561.482 9        55.661 9                                                                  21240580.135 8 111619977.220 8       561.482 8        52.661 8
G04  22031389.841 9 115775703.759 9     -2507.450 9        55.343 9                                                                  22031389.841 8 115775703.759 8     -2507.450 8        52.343 8
E04                                                                  23389376.239 9 122911968.456 9      -193.809 9        57.936 9  23389376.239 9 122911968.456 9      -193.809 9        57.936 9
E05                                                                  26202704.301 9 137696075.546 9     -2086.760 9        56.950 9  26202704.301 9 137696075.546 9     -2086.760 9        56.950 9
E11                                                                  26742579.810 9 140533140.262 9     -2449.553 9        56.772 9  26742579.810 9 140533140.262 9     -2449.553 9        56.772 9
E20                                                                  27921868.494 9 146730329.417 9     -1728.323 9        56.398 9  27921868.494 9 146730329.417 9     -1728.323 9        56.398 9
E09                                                                  24919439.144 9 130952487.912 9      2524.279 9        57.386 9  24919439.144 9 130952487.912 9      2524.279 9        57.386 9
E10                                                                  23771252.801 9 124918740.588 9       -77.455 9        57.795 9  23771252.801 9 124918740.588 9       -77.455 9        57.795 9
E03                                                                  24981853.022 9 131280481.967 9      1932.127 9        57.364 9  24981853.022 9 131280481.967 9      1932.127 9        57.364 9
> 2026 02 03 10 03 58.0000000  0 17       0.000000000000
G02  20317399.002 9 106768631.185 9      -451.281 9        56.047 9                                                                  20317399.002 8 106768631.185 8      -451.281 8        53.047 8
G13  25190972.374 9 132379384.484 9      1148.391 9        54.179 9                                                                  25190972.374 8 132379384.484 8      1148.391 8        51.179 8
G29  24785539.864 9 130248843.926 9      3074.772 9        54.320 9                                                                  24785539.864 8 130248843.926 8      3074.772 8        51.320 8
G10  22264179.335 9 116999017.779 9      3191.371 9        55.252 9                                                                  22264179.335 8 116999017.779 8      3191.371 8        52.252 8
G12  20798906.943 9 109298970.846 9        60.745 9        55.843 9                                                                  20798906.943 8 109298970.846 8        60.745 8        52.843 8
G17  24791257.251 9 130278867.144 9     -2972.569 9        54.318 9                                                                  24791257.251 8 130278867.144 8     -2972.569 8        51.318 8
G24  24248555.765 9 127426972.770 9      3029.048 9        54.510 9                                                                  24248555.765 8 127426972.770 8      3029.048 8        51.510 8
G30  22512609.151 9 118304527.661 9      2244.098 9        55.156 9                                                                  22512609.151 8 118304527.661 8      2244.098 8        52.156 8
G05  21240473.351 9 111619416.067 9       560.821 9        55.661 9                                                                  21240473.351 8 111619416.067 8       560.821 8        52.661 8
G04  22031867.009 9 115778211.291 9     -2507.628 9        55.343 9                                                                  22031867.009 8 115778211.291 8     -2507.628 8        52.343 8
E04                                                                  23389413.144 9 122912162.390 9      -194.061 9        57.936 9  23389413.144 9 122912162.390 9      -194.061 9        57.936 9
E05                                                                  26203101.414 9 137698162.381 9     -2086.930 9        56.949 9  26203101.414 9 137698162.381 9     -2086.930 9        56.949 9
E11                                                                  26743045.966 9 140535589.924 9     -2449.789 9        56.772 9  26743045.966 9 140535589.924 9     -2449.789 9        56.772 9
E20                                                                  27922197.412 9 146732057.882 9     -1728.620 9        56.397 9  27922197.412 9 146732057.882 9     -1728.620 9        56.397 9
E09                                                                  24918958.817 9 130949963.779 9      2523.995 9        57.386 9  24918958.817 9 130949963.779 9      2523.995 9        57.386 9
E10                                                                  23771267.585 9 124918818.277 9       -77.923 9        57.795 9  23771267.585 9 124918818.277 9       -77.923 9        57.795 9
E03                                                                  24981485.359 9 131278549.888 9      1932.033 9        57.364 9  24981485.359 9 131278549.888 9      1932.033 9        57.364 9
> 2026 02 03 10 03 59.0000000  0 17       0.000000000000
G02  20317484.915 9 106769082.658 9      -451.668 9        56.047 9                                                                  20317484.915 8 106769082.658 8      -451.668 8        53.047 8
G13  25190753.887 9 132378236.331 9      1147.927 9        54.179 9                                                                  25190753.887 8 132378236.331 8      1147.927 8        51.179 8
G29  24784954.751 9 130245769.142 9      3074.794 9        54.320 9                                                                  24784954.751 8 130245769.142 8      3074.794 8        51.320 8
G10  22263572.069 9 116995826.578 9      3191.039 9        55.252 9                                                                  22263572.069 8 116995826.578 8      3191.039 8        52.252 8
G12  20798895.447 9 109298910.433 9        60.079 9        55.843 9                                                                  20798895.447 8 109298910.433 8        60.079 8        52.843 8
G17  24791822.923 9 130281839.757 9     -2972.691 9        54.318 9                                                                  24791822.923 8 130281839.757 8     -2972.691 8        51.318 8
G24  24247979.372 9 127423943.806 9      3028.880 9        54.511 9                                                                  24247979.372 8 127423943.806 8      3028.880 8        51.511 8
G30  22512182.160 9 118302283.813 9      2243.598 9        55.156 9                                                                  22512182.160 8 118302283.813 8      2243.598 8        52.156 8
G05  21240366.693 9 111618855.575 9       560.160 9        55.661 9                                                                  21240366.693 8 111618855.575 8       560.160 8        52.661 8
G04  22032344.212 9 115780719.001 9     -2507.806 9        55.343 9                                                                  22032344.212 8 115780719.001 8     -2507.806 8        52.343 8
E04                                                                  23389450.096 9 122912356.576 9      -194.313 9        57.936 9  23389450.096 9 122912356.576 9      -194.313 9        57.936 9
E05                                                                  26203498.559 9 137700249.385 9     -2087.100 9        56.949 9  26203498.559 9 137700249.385 9     -2087.100 9        56.949 9
E11                                                                  26743512.167 9 140538039.820 9     -2450.024 9        56.772 9  26743512.167 9 140538039.820 9     -2450.024 9        56.772 9
E20                                                                  27922526.386 9 146733786.644 9     -1728.918 9        56.397 9  27922526.386 9 146733786.644 9     -1728.918 9        56.397 9
E09                                                                  24918478.543 9 130947439.932 9      2523.710 9        57.386 9  24918478.543 9 130947439.932 9      2523.710 9        57.386 9
E10                                                                  23771282.458 9 124918896.434 9       -78.392 9        57.795 9  23771282.458 9 124918896.434 9       -78.392 9        57.795 9
E03                                                                  24981117.714 9 131276617.903 9      1931.939 9        57.364 9  24981117.714 9 131276617.903 9      1931.939 9        57.364 9
> 2026 02 03 10 04  0.0000000  0 17       0.000000000000
G02  20317570.901 9 106769534.519 9      -452.056 9        56.047 9                                                                  20317570.901 8 106769534.519 8      -452.056 8        53.047 8
G13  25190535.488 9 132377088.641 9      1147.463 9        54.179 9                                                                  25190535.488 8 132377088.641 8      1147.463 8        51.179 8
G29  24784369.635 9 130242694.336 9      3074.816 9        54.321 9                                                                  24784369.635 8 130242694.336 8      3074.816 8        51.321 8
G10  22262964.866 9 116992635.709 9      3190.708 9        55.252 9                                                                  22262964.866 8 116992635.709 8      3190.708 8        52.252 8
G12  20798884.078 9 109298850.687 9        59.412 9        55.843 9                                                                  20798884.078 8 109298850.687 8        59.412 8        52.843 8
G17  24792388.618 9 130284812.492 9     -2972.813 9        54.318 9                                                                  24792388.618 8 130284812.492 8     -2972.813 8        51.318 8
G24  24247403.011 9 127420915.011 9      3028.711 9        54.511 9                                                                  24247403.011 8 127420915.011 8      3028.711 8        51.511 8
G30  22511755.265 9 118300040.464 9      2243.098 9        55.156 9                                                                  22511755.265 8 118300040.464 8      2243.098 8        52.156 8
G05  21240260.161 9 111618295.745 9       559.500 9        55.661 9                                                                  21240260.161 8 111618295.745 8       559.500 8        52.661 8
G04  22032821.448 9 115783226.889 9     -2507.984 9        55.343 9                                                                  22032821.448 8 115783226.889 8     -2507.984 8        52.343 8
E04                                                                  23389487.096 9 122912551.014 9      -194.565 9        57.936 9  23389487.096 9 122912551.014 9      -194.565 9        57.936 9
E05                                                                  26203895.737 9 137702336.560 9     -2087.270 9        56.949 9  26203895.737 9 137702336.560 9     -2087.270 9        56.949 9
E11                                                                  26743978.413 9 140540489.952 9     -2450.260 9        56.772 9  26743978.413 9 140540489.952 9     -2450.260 9        56.772 9
E20                                                                  27922855.417 9 146735515.703 9     -1729.215 9        56.397 9  27922855.417 9 146735515.703 9     -1729.215 9        56.397 9
E09                                                                  24917998.324 9 130944916.369 9      2523.426 9        57.386 9  24917998.324 9 130944916.369 9      2523.426 9        57.386 9
E10                                                                  23771297.420 9 124918975.060 9       -78.860 9        57.795 9  23771297.420 9 124918975.060 9       -78.860 9        57.795 9
E03                                                                  24980750.087 9 131274686.012 9      1931.844 9        57.364 9  24980750.087 9 131274686.012 9      1931.844 9        57.364 9
> 2026 02 03 10 04  1.0000000  0 17       0.000000000000
G02  20317656.962 9 106769986.768 9      -452.443 9        56.047 9                                                                  20317656.962 8 106769986.768 8      -452.443 8        53.047 8
G13  25190317.178 9 132375941.415 9      1146.999 9        54.179 9                                                                  25190317.178 8 132375941.415 8      1146.999 8        51.179 8
G29  24783784.514 9 130239619.508 9      3074.838 9        54.321 9                                                                  24783784.514 8 130239619.508 8      3074.838 8        51.321 8
G10  22262357.726 9 116989445.172 9      3190.376 9        55.253 9                                                                  22262357.726 8 116989445.172 8      3190.376 8        52.253 8
G12  20798872.835 9 109298791.607 9        58.746 9        55.843 9                                                                  20798872.835 8 109298791.607 8        58.746 8        52.843 8
G17  24792954.337 9 130287785.350 9     -2972.935 9        54.317 9                                                                  24792954.337 8 130287785.350 8     -2972.935 8        51.317 8
G24  24246826.681 9 127417886.384 9      3028.543 9        54.511 9                                                                  24246826.681 8 127417886.384 8      3028.543 8        51.511 8
G30  22511328.465 9 118297797.616 9      2242.599 9        55.156 9                                                                  22511328.465 8 118297797.616 8      2242.599 8        52.156 8
G05  21240153.754 9 111617736.574 9       558.839 9        55.661 9                                                                  21240153.754 8 111617736.574 8       558.839 8        52.661 8
G04  22033298.718 9 115785734.955 9     -2508.162 9        55.342 9                                                                  22033298.718 8 115785734.955 8     -2508.162 8        52.342 8
E04                                                                  23389524.145 9 122912745.704 9      -194.817 9        57.936 9  23389524.145 9 122912745.704 9      -194.817 9        57.936 9
E05                                                                  26204292.947 9 137704423.904 9     -2087.439 9        56.949 9  26204292.947 9 137704423.904 9     -2087.439 9        56.949 9
E11                                                                  26744444.704 9 140542940.320 9     -2450.495 9        56.772 9  26744444.704 9 140542940.320 9     -2450.495 9        56.772 9
E20                                                                  27923184.504 9 146737245.060 9     -1729.512 9        56.397 9  27923184.504 9 146737245.060 9     -1729.512 9        56.397 9
E09                                                                  24917518.159 9 130942393.090 9      2523.141 9        57.386 9  24917518.159 9 130942393.090 9      2523.141 9        57.386 9
E10                                                                  23771312.471 9 124919054.155 9       -79.328 9        57.795 9  23771312.471 9 124919054.155 9       -79.328 9        57.795 9
E03                                                                  24980382.478 9 131272754.216 9      1931.750 9        57.364 9  24980382.478 9 131272754.216 9      1931.750 9        57.364 9
