     3.05           OBSERVATION DATA    M: MIXED            RINEX VERSION / TYPE
PosApp V10.02.00.WFS_02_TS2770Spirent             20260203 100018 UTC PGM / RUN BY / DATE 
                                                            MARKER NAME         
GEODETIC                                                    MARKER TYPE         
                    Spirent                                 OBSERVER / AGENCY   
rec_num             rec_type            rec_vers            REC # / TYPE / VERS 
2                   ant_type                                ANT # / TYPE        
     1.000                                                  INTERVAL            
  2026     2     3    10     0    0.0000000     GPS         TIME OF FIRST OBS   
  4840172.4965  -314045.1687  4128964.5590                  APPROX POSITION XYZ 
        0.0000        0.0000        0.0000                  ANTENNA: DELTA H/E/N
G   12 C1C L1C D1C S1C C1X L1X D1X S1X C1P L1P D1P S1P      SYS / # / OBS TYPES 
E   12 C1A L1A D1A S1A C1B L1B D1B S1B C1C L1C D1C S1C      SYS / # / OBS TYPES 
GNSS SIMULATOR OUTPUTS ALIGNED CARRIER PHASES.              COMMENT             
NO FURTHER PHASE SHIFTS APPLIED IN THE RINEX ENCODER.       COMMENT             
G L1C                                                       SYS / PHASE SHIFT   
G L1X  0.00000                                              SYS / PHASE SHIFT   
G L1P  0.00000                                              SYS / PHASE SHIFT   
E L1A  0.00000                                              SYS / PHASE SHIFT   
E L1B                                                       SYS / PHASE SHIFT   
E L1C  0.00000                                              SYS / PHASE SHIFT   
DBHZ                                                        SIGNAL STRENGTH UNIT
                                                            END OF HEADER       
> 2026 02 03 10 00  0.0000000  0 18       0.000000000000
G02  20299067.040 9 106672296.310 9      -357.878 9        56.055 9                                                                  20299067.040 8 106672296.310 8      -357.878 8        53.055 8
G09  25235115.232 9 132611366.576 9     -2817.936 9        54.164 9                                                                  25235115.232 8 132611366.576 8     -2817.936 8        51.164 8
G13  25245449.853 9 132665664.567 9      1256.566 9        54.160 9                                                                  25245449.853 8 132665664.567 8      1256.566 8        51.160 8
G29  24924666.944 9 130979961.146 9      3068.762 9        54.271 9                                                                  24924666.944 8 130979961.146 8      3068.762 8        51.271 8
G10  22410459.364 9 117767723.533 9      3267.393 9        55.195 9                                                                  22410459.364 8 117767723.533 8      3267.393 8        52.195 8
G12  20805242.363 9 109332263.907 9       218.879 9        55.841 9                                                                  20805242.363 8 109332263.907 8       218.879 8        52.841 8
G17  24657295.894 9 129574898.529 9     -2942.958 9        54.365 9                                                                  24657295.894 8 129574898.529 8     -2942.958 8        51.365 8
G24  24386636.377 9 128152590.452 9      3068.292 9        54.461 9                                                                  24386636.377 8 128152590.452 8      3068.292 8        51.461 8
G30  22616899.350 9 118852575.955 9      2360.526 9        55.115 9                                                                  22616899.350 8 118852575.955 8      2360.526 8        52.115 8
G05  21269421.895 9 111771541.789 9       717.251 9        55.649 9                                                                  21269421.895 8 111771541.789 8       717.251 8        52.649 8
G04  21919280.340 9 115186565.463 9     -2463.650 9        55.388 9                                                                  21919280.340 8 115186565.463 8     -2463.650 8        52.388 8
E04                                                                  23381971.213 9 122873054.945 9      -134.817 9        57.939 9  23381971.213 9 122873054.945 9      -134.817 9        57.939 9
E05                                                                  26109501.484 9 137206293.274 9     -2046.418 9        56.981 9  26109501.484 9 137206293.274 9     -2046.418 9        56.981 9
E11                                                                  26633392.584 9 139959359.339 9     -2391.887 9        56.808 9  26633392.584 9 139959359.339 9     -2391.887 9        56.808 9
E20                                                                  27845539.725 9 146329221.021 9     -1655.926 9        56.421 9  27845539.725 9 146329221.021 9     -1655.926 9        56.421 9
E09                                                                  25034782.026 9 131558617.614 9      2590.254 9        57.346 9  25034782.026 9 131558617.614 9      2590.254 9        57.346 9
E10                                                                  23770269.251 9 124913571.966 9        33.974 9        57.796 9  23770269.251 9 124913571.966 9        33.974 9        57.796 9
E03                                                                  25069480.228 9 131740965.531 9      1953.498 9        57.334 9  25069480.228 9 131740965.531 9      1953.498 9        57.334 9
> 2026 02 03 10 00  1.0000000  0 18       0.000000000000
G02  20299135.179 9 106672654.385 9      -358.275 9        56.055 9                                                                  20299135.179 8 106672654.385 8      -358.275 8        53.055 8
G09  25235651.484 9 132614184.590 9     -2817.999 9        54.164 9                                                                  25235651.484 8 132614184.590 8     -2817.999 8        51.164 8
G13  25245210.771 9 132664408.183 9      1256.167 9        54.160 9                                                                  25245210.771 8 132664408.183 8      1256.167 8        51.160 8
G29  24924082.965 9 130976892.318 9      3068.841 9        54.272 9                                                                  24924082.965 8 130976892.318 8      3068.841 8        51.272 8
G10  22409837.628 9 117764456.292 9      3267.091 9        55.195 9                                                                  22409837.628 8 117764456.292 8      3267.091 8        52.195 8
G12  20805200.775 9 109332045.358 9       218.216 9        55.841 9                                                                  20805200.775 8 109332045.358 8       218.216 8        52.841 8
G17  24657855.939 9 129577841.571 9     -2943.121 9        54.365 9                                                                  24657855.939 8 129577841.571 8     -2943.121 8        51.365 8
G24  24386052.511 9 128149522.217 9      3068.154 9        54.461 9                                                                  24386052.511 8 128149522.217 8      3068.154 8        51.461 8
G30  22616450.201 9 118850215.664 9      2360.052 9        55.116 9                                                                  22616450.201 8 118850215.664 8      2360.052 8        52.116 8
G05  21269285.469 9 111770824.864 9       716.598 9        55.649 9                                                                  21269285.469 8 111770824.864 8       716.598 8        52.649 8
G04  21919749.176 9 115189029.208 9     -2463.846 9        55.387 9                                                                  21919749.176 8 115189029.208 8     -2463.846 8        52.387 8
E04                                                                  23381996.891 9 122873189.884 9      -135.063 9        57.939 9  23381996.891 9 122873189.884 9      -135.063 9        57.939 9
E05                                                                  26109890.922 9 137208339.776 9     -2046.596 9        56.980 9  26109890.922 9 137208339.776 9     -2046.596 9        56.980 9
E11                                                                  26633847.770 9 139961751.352 9     -2392.148 9        56.808 9  26633847.770 9 139961751.352 9     -2392.148 9        56.808 9
E20                                                                  27845854.872 9 146330877.121 9     -1656.263 9        56.421 9  27845854.872 9 146330877.121 9     -1656.263 9        56.421 9
E09                                                                  25034289.142 9 131556027.497 9      2589.987 9        57.346 9  25034289.142 9 131556027.497 9      2589.987 9        57.346 9
E10                                                                  23770262.831 9 124913538.228 9        33.502 9        57.796 9  23770262.831 9 124913538.228 9        33.502 9        57.796 9
E03                                                                  25069108.497 9 131739012.074 9      1953.415 9        57.334 9  25069108.497 9 131739012.074 9      1953.415 9        57.334 9
> 2026 02 03 10 00  2.0000000  0 18       0.000000000000
G02  20299203.395 9 106673012.858 9      -358.673 9        56.054 9                                                                  20299203.395 8 106673012.858 8      -358.673 8        53.054 8
G09  25236187.728 9 132617002.560 9     -2817.955 9        54.164 9                                                                  25236187.728 8 132617002.560 8     -2817.955 8        51.164 8
G13  25244971.773 9 132663152.245 9      1255.721 9        54.161 9                                                                  25244971.773 8 132663152.245 8      1255.721 8        51.161 8
G29  24923498.980 9 130973823.461 9      3068.870 9        54.272 9                                                                  24923498.980 8 130973823.461 8      3068.870 8        51.272 8
G10  22409215.950 9 117761189.359 9      3266.784 9        55.196 9                                                                  22409215.950 8 117761189.359 8      3266.784 8        52.196 8
G12  20805159.313 9 109331827.472 9       217.554 9        55.841 9                                                                  20805159.313 8 109331827.472 8       217.554 8        52.841 8
G17  24658416.008 9 129580784.740 9     -2943.248 9        54.365 9                                                                  24658416.008 8 129580784.740 8     -2943.248 8        51.365 8
G24  24385468.676 9 128146454.144 9      3067.992 9        54.461 9                                                                  24385468.676 8 128146454.144 8      3067.992 8        51.461 8
G30  22616001.144 9 118847855.851 9      2359.573 9        55.116 9                                                                  22616001.144 8 118847855.851 8      2359.573 8        52.116 8
G05  21269149.167 9 111770108.592 9       715.945 9        55.649 9                                                                  21269149.167 8 111770108.592 8       715.945 8        52.649 8
G04  21920218.048 9 115191493.143 9     -2464.038 9        55.387 9                                                                  21920218.048 8 115191493.143 8     -2464.038 8        52.387 8
E04                                                                  23382022.616 9 122873325.069 9      -135.309 9        57.939 9  23382022.616 9 122873325.069 9      -135.309 9        57.939 9
E05                                                                  26110280.392 9 137210386.447 9     -2046.766 9        56.980 9  26110280.392 9 137210386.447 9     -2046.766 9        56.980 9
E11                                                                  26634303.004 9 139964143.616 9     -2392.398 9        56.808 9  26634303.004 9 139964143.616 9     -2392.398 9        56.808 9
E20                                                                  27846170.078 9 146332533.534 9     -1656.576 9        56.421 9  27846170.078 9 146332533.534 9     -1656.576 9        56.421 9
E09                                                                  25033796.310 9 131553437.652 9      2589.714 9        57.346 9  25033796.310 9 131553437.652 9      2589.714 9        57.346 9
E10                                                                  23770256.500 9 124913504.962 9        33.030 9        57.796 9  23770256.500 9 124913504.962 9        33.030 9        57.796 9
E03                                                                  25068736.783 9 131737058.704 9      1953.328 9        57.334 9  25068736.783 9 131737058.704 9      1953.328 9        57.334 9
> 2026 02 03 10 00  3.0000000  0 18       0.000000000000
G02  20299271.686 9 106673371.729 9      -359.070 9        56.054 9                                                                  20299271.686 8 106673371.729 8      -359.070 8        53.054 8
G09  25236723.963 9 132619820.487 9     -2817.911 9        54.163 9                                                                  25236723.963 8 132619820.487 8     -2817.911 8        51.163 8
G13  25244732.859 9 132661896.753 9      1255.275 9        54.161 9                                                                  25244732.859 8 132661896.753 8      1255.275 8        51.161 8
G29  24922914.990 9 130970754.576 9      3068.898 9        54.272 9                                                                  24922914.990 8 130970754.576 8      3068.898 8        51.272 8
G10  22408594.331 9 117757922.733 9      3266.476 9        55.196 9                                                                  22408594.331 8 117757922.733 8      3266.476 8        52.196 8
G12  20805117.977 9 109331610.249 9       216.891 9        55.841 9                                                                  20805117.977 8 109331610.249 8       216.891 8        52.841 8
G17  24658976.100 9 129583728.035 9     -2943.374 9        54.365 9                                                                  24658976.100 8 129583728.035 8     -2943.374 8        51.365 8
G24  24384884.871 9 128143386.233 9      3067.831 9        54.462 9                                                                  24384884.871 8 128143386.233 8      3067.831 8        51.462 8
G30  22615552.177 9 118845496.518 9      2359.094 9        55.116 9                                                                  22615552.177 8 118845496.518 8      2359.094 8        52.116 8
G05  21269012.989 9 111769392.973 9       715.291 9        55.649 9                                                                  21269012.989 8 111769392.973 8       715.291 8        52.649 8
G04  21920686.957 9 115193957.271 9     -2464.229 9        55.387 9                                                                  21920686.957 8 115193957.271 8     -2464.229 8        52.387 8
E04                                                                  23382048.388 9 122873460.500 9      -135.555 9        57.939 9  23382048.388 9 122873460.500 9      -135.555 9        57.939 9
E05                                                                  26110669.894 9 137212433.289 9     -2046.937 9        56.980 9  26110669.894 9 137212433.289 9     -2046.937 9        56.980 9
E11                                                                  26634758.286 9 139966536.130 9     -2392.649 9        56.807 9  26634758.286 9 139966536.130 9     -2392.649 9        56.807 9
E20                                                                  27846485.344 9 146334190.260 9     -1656.889 9        56.421 9  27846485.344 9 146334190.260 9     -1656.889 9        56.421 9
E09                                                                  25033303.530 9 131550848.079 9      2589.442 9        57.346 9  25033303.530 9 131550848.079 9      2589.442 9        57.346 9
E10                                                                  23770250.260 9 124913472.168 9        32.559 9        57.796 9  23770250.260 9 124913472.168 9        32.559 9        57.796 9
E03                                                                  25068365.084 9 131735105.419 9      1953.242 9        57.334 9  25068365.084 9 131735105.419 9      1953.242 9        57.334 9
> 2026 02 03 10 00  4.0000000  0 18       0.000000000000
G02  20299340.052 9 106673730.996 9      -359.467 9        56.054 9                                                                  20299340.052 8 106673730.996 8      -359.467 8        53.054 8
G09  25237260.190 9 132622638.369 9     -2817.866 9        54.163 9                                                                  25237260.190 8 132622638.369 8     -2817.866 8        51.163 8
G13  25244494.031 9 132660641.706 9      1254.830 9        54.161 9                                                                  25244494.031 8 132660641.706 8      1254.830 8        51.161 8
G29  24922330.995 9 130967685.663 9      3068.926 9        54.272 9                                                                  24922330.995 8 130967685.663 8      3068.926 8        51.272 8
G10  22407972.771 9 117754656.415 9      3266.168 9        55.196 9                                                                  22407972.771 8 117754656.415 8      3266.168 8        52.196 8
G12  20805076.767 9 109331393.688 9       216.229 9        55.841 9                                                                  20805076.767 8 109331393.688 8       216.229 8        52.841 8
G17  24659536.217 9 129586671.456 9     -2943.500 9        54.364 9                                                                  24659536.217 8 129586671.456 8     -2943.500 8        51.364 8
G24  24384301.097 9 128140318.483 9      3067.669 9        54.462 9                                                                  24384301.097 8 128140318.483 8      3067.669 8        51.462 8
G30  22615103.302 9 118843137.664 9      2358.615 9        55.116 9                                                                  22615103.302 8 118843137.664 8      2358.615 8        52.116 8
G05  21268876.936 9 111768678.008 9       714.637 9        55.649 9                                                                  21268876.936 8 111768678.008 8       714.637 8        52.649 8
G04  21921155.902 9 115196421.590 9     -2464.421 9        55.387 9                                                                  21921155.902 8 115196421.590 8     -2464.421 8        52.387 8
E04                                                                  23382074.206 9 122873596.177 9      -135.801 9        57.939 9  23382074.206 9 122873596.177 9      -135.801 9        57.939 9
E05                                                                  26111059.429 9 137214480.302 9     -2047.107 9        56.980 9  26111059.429 9 137214480.302 9     -2047.107 9        56.980 9
E11                                                                  26635213.616 9 139968928.896 9     -2392.900 9        56.807 9  26635213.616 9 139968928.896 9     -2392.900 9        56.807 9
E20                                                                  27846800.670 9 146335847.300 9     -1657.202 9        56.421 9  27846800.670 9 146335847.300 9     -1657.202 9        56.421 9
E09                                                                  25032810.801 9 131548258.778 9      2589.170 9        57.346 9  25032810.801 9 131548258.778 9      2589.170 9        57.346 9
E10                                                                  23770244.109 9 124913439.845 9        32.087 9        57.796 9  23770244.109 9 124913439.845 9        32.087 9        57.796 9
E03                                                                  25067993.403 9 131733152.221 9      1953.156 9        57.334 9  25067993.403 9 131733152.221 9      1953.156 9        57.334 9
> 2026 02 03 10 00  5.0000000  0 18       0.000000000000
G02  20299408.494 9 106674090.660 9      -359.864 9        56.054 9                                                                  20299408.494 8 106674090.660 8      -359.864 8        53.054 8
G09  25237796.409 9 132625456.206 9     -2817.822 9        54.163 9                                                                  25237796.409 8 132625456.206 8     -2817.822 8        51.163 8
G13  25244255.288 9 132659387.105 9      1254.384 9        54.161 9                                                                  25244255.288 8 132659387.105 8      1254.384 8        51.161 8
G29  24921746.995 9 130964616.722 9      3068.954 9        54.272 9                                                                  24921746.995 8 130964616.722 8      3068.954 8        51.272 8
G10  22407351.269 9 117751390.405 9      3265.860 9        55.196 9                                                                  22407351.269 8 117751390.405 8      3265.860 8        52.196 8
G12  20805035.683 9 109331177.790 9       215.566 9        55.841 9                                                                  20805035.683 8 109331177.790 8       215.566 8        52.841 8
G17  24660096.358 9 129589615.003 9     -2943.627 9        54.364 9                                                                  24660096.358 8 129589615.003 8     -2943.627 8        51.364 8
G24  24383717.354 9 128137250.896 9      3067.507 9        54.462 9                                                                  24383717.354 8 128137250.896 8      3067.507 8        51.462 8
G30  22614654.518 9 118840779.289 9      2358.135 9        55.116 9                                                                  22614654.518 8 118840779.289 8      2358.135 8        52.116 8
G05  21268741.007 9 111767963.697 9       713.984 9        55.649 9                                                                  21268741.007 8 111767963.697 8       713.984 8        52.649 8
G04  21921624.884 9 115198886.100 9     -2464.612 9        55.387 9                                                                  21921624.884 8 115198886.100 8     -2464.612 8        52.387 8
E04                                                                  23382100.072 9 122873732.100 9      -136.047 9        57.939 9  23382100.072 9 122873732.100 9      -136.047 9        57.939 9
E05                                                                  26111448.997 9 137216527.485 9     -2047.279 9        56.980 9  26111448.997 9 137216527.485 9     -2047.279 9        56.980 9
E11                                                                  26635668.993 9 139971321.912 9     -2393.150 9        56.807 9  26635668.993 9 139971321.912 9     -2393.150 9        56.807 9
E20                                                                  27847116.055 9 146337504.652 9     -1657.515 9        56.421 9  27847116.055 9 146337504.652 9     -1657.515 9        56.421 9
E09                                                                  25032318.125 9 131545669.750 9      2588.897 9        57.346 9  25032318.125 9 131545669.750 9      2588.897 9        57.346 9
E10                                                                  23770238.048 9 124913407.995 9        31.615 9        57.796 9  23770238.048 9 124913407.995 9        31.615 9        57.796 9
E03                                                                  25067621.738 9 131731199.110 9      1953.069 9        57.334 9  25067621.738 9 131731199.110 9      1953.069 9        57.334 9
> 2026 02 03 10 00  6.0000000  0 18       0.000000000000
G02  20299477.012 9 106674450.721 9      -360.261 9        56.054 9                                                                  20299477.012 8 106674450.721 8      -360.261 8        53.054 8
G09  25238332.618 9 132628273.999 9     -2817.778 9        54.163 9                                                                  25238332.618 8 132628273.999 8     -2817.778 8        51.163 8
G13  25244016.629 9 132658132.950 9      1253.938 9        54.161 9                                                                  25244016.629 8 132658132.950 8      1253.938 8        51.161 8
G29  24921162.989 9 130961547.752 9      3068.982 9        54.273 9                                                                  24921162.989 8 130961547.752 8      3068.982 8        51.273 8
G10  22406729.826 9 117748124.703 9      3265.552 9        55.196 9                                                                  22406729.826 8 117748124.703 8      3265.552 8        52.196 8
G12  20804994.725 9 109330962.554 9       214.904 9        55.841 9                                                                  20804994.725 8 109330962.554 8       214.904 8        52.841 8
G17  24660656.523 9 129592558.677 9     -2943.753 9        54.364 9                                                                  24660656.523 8 129592558.677 8     -2943.753 8        51.364 8
G24  24383133.641 9 128134183.470 9      3067.345 9        54.462 9                                                                  24383133.641 8 128134183.470 8      3067.345 8        51.462 8
G30  22614205.825 9 118838421.393 9      2357.656 9        55.116 9                                                                  22614205.825 8 118838421.393 8      2357.656 8        52.116 8
G05  21268605.203 9 111767250.039 9       713.330 9        55.649 9                                                                  21268605.203 8 111767250.039 8       713.330 8        52.649 8
G04  21922093.902 9 115201350.801 9     -2464.803 9        55.386 9                                                                  21922093.902 8 115201350.801 8     -2464.803 8        52.386 8
E04                                                                  23382125.984 9 122873868.269 9      -136.293 9        57.939 9  23382125.984 9 122873868.269 9      -136.293 9        57.939 9
E05                                                                  26111838.597 9 137218574.837 9     -2047.448 9        56.980 9  26111838.597 9 137218574.837 9     -2047.448 9        56.980 9
E11                                                                  26636124.418 9 139973715.178 9     -2393.401 9        56.807 9  26636124.418 9 139973715.178 9     -2393.401 9        56.807 9
E20                                                                  27847431.500 9 146339162.316 9     -1657.828 9        56.421 9  27847431.500 9 146339162.316 9     -1657.828 9        56.421 9
E09                                                                  25031825.500 9 131543080.994 9      2588.625 9        57.347 9  25031825.500 9 131543080.994 9      2588.625 9        57.347 9
E10                                                                  23770232.077 9 124913376.616 9        31.143 9        57.796 9  23770232.077 9 124913376.616 9        31.143 9        57.796 9
E03                                                                  25067250.089 9 131729246.084 9      1952.983 9        57.334 9  25067250.089 9 131729246.084 9      1952.983 9        57.334 9
> 2026 02 03 10 00  7.0000000  0 18       0.000000000000
G02  20299545.605 9 106674811.180 9      -360.658 9        56.054 9                                                                  20299545.605 8 106674811.180 8      -360.658 8        53.054 8
G09  25238868.820 9 132631091.748 9     -2817.733 9        54.163 9                                                                  25238868.820 8 132631091.748 8     -2817.733 8        51.163 8
G13  25243778.055 9 132656879.240 9      1253.492 9        54.161 9                                                                  25243778.055 8 132656879.240 8      1253.492 8        51.161 8
G29  24920578.978 9 130958478.755 9      3069.010 9        54.273 9                                                                  24920578.978 8 130958478.755 8      3069.010 8        51.273 8
G10  22406108.441 9 117744859.309 9      3265.244 9        55.197 9                                                                  22406108.441 8 117744859.309 8      3265.244 8        52.197 8
G12  20804953.893 9 109330747.980 9       214.241 9        55.841 9                                                                  20804953.893 8 109330747.980 8       214.241 8        52.841 8
G17  24661216.712 9 129595502.477 9     -2943.879 9        54.364 9                                                                  24661216.712 8 129595502.477 8     -2943.879 8        51.364 8
G24  24382549.960 9 128131116.206 9      3067.183 9        54.462 9                                                                  24382549.960 8 128131116.206 8      3067.183 8        51.462 8
G30  22613757.223 9 118836063.976 9      2357.177 9        55.117 9                                                                  22613757.223 8 118836063.976 8      2357.177 8        52.117 8
G05  21268469.523 9 111766537.035 9       712.677 9        55.649 9                                                                  21268469.523 8 111766537.035 8       712.677 8        52.649 8
G04  21922562.956 9 115203815.694 9     -2464.995 9        55.386 9                                                                  21922562.956 8 115203815.694 8     -2464.995 8        52.386 8
E04                                                                  23382151.943 9 122874004.684 9      -136.539 9        57.939 9  23382151.943 9 122874004.684 9      -136.539 9        57.939 9
E05                                                                  26112228.229 9 137220622.361 9     -2047.619 9        56.980 9  26112228.229 9 137220622.361 9     -2047.619 9        56.980 9
E11                                                                  26636579.890 9 139976108.695 9     -2393.652 9        56.807 9  26636579.890 9 139976108.695 9     -2393.652 9        56.807 9
E20                                                                  27847747.004 9 146340820.294 9     -1658.140 9        56.421 9  27847747.004 9 146340820.294 9     -1658.140 9        56.421 9
E09                                                                  25031332.927 9 131540492.511 9      2588.352 9        57.347 9  25031332.927 9 131540492.511 9      2588.352 9        57.347 9
E10                                                                  23770226.195 9 124913345.709 9        30.672 9        57.796 9  23770226.195 9 124913345.709 9        30.672 9        57.796 9
E03                                                                  25066878.456 9 131727293.145 9      1952.897 9        57.334 9  25066878.456 9 131727293.145 9      1952.897 9        57.334 9
> 2026 02 03 10 00  8.0000000  0 18       0.000000000000
G02  20299614.273 9 106675172.035 9      -361.055 9        56.054 9                                                                  20299614.273 8 106675172.035 8      -361.055 8        53.054 8
G09  25239405.013 9 132633909.452 9     -2817.688 9        54.162 9                                                                  25239405.013 8 132633909.452 8     -2817.688 8        51.162 8
G13  25243539.566 9 132655625.977 9      1253.046 9        54.161 9                                                                  25243539.566 8 132655625.977 8      1253.046 8        51.161 8
G29  24919994.961 9 130955409.730 9      3069.038 9        54.273 9                                                                  24919994.961 8 130955409.730 8      3069.038 8        51.273 8
G10  22405487.115 9 117741594.224 9      3264.936 9        55.197 9                                                                  22405487.115 8 117741594.224 8      3264.936 8        52.197 8
G12  20804913.188 9 109330534.070 9       213.579 9        55.841 9                                                                  20804913.188 8 109330534.070 8       213.579 8        52.841 8
G17  24661776.925 9 129598446.404 9     -2944.006 9        54.364 9                                                                  24661776.925 8 129598446.404 8     -2944.006 8        51.364 8
G24  24381966.309 9 128128049.103 9      3067.022 9        54.463 9                                                                  24381966.309 8 128128049.103 8      3067.022 8        51.463 8
G30  22613308.712 9 118833707.039 9      2356.697 9        55.117 9                                                                  22613308.712 8 118833707.039 8      2356.697 8        52.117 8
G05  21268333.967 9 111765824.684 9       712.023 9        55.649 9                                                                  21268333.967 8 111765824.684 8       712.023 8        52.649 8
G04  21923032.047 9 115206280.778 9     -2465.186 9        55.386 9                                                                  21923032.047 8 115206280.778 8     -2465.186 8        52.386 8
E04                                                                  23382177.949 9 122874141.345 9      -136.785 9        57.939 9  23382177.949 9 122874141.345 9      -136.785 9        57.939 9
E05                                                                  26112617.894 9 137222670.055 9     -2047.789 9        56.979 9  26112617.894 9 137222670.055 9     -2047.789 9        56.979 9
E11                                                                  26637035.411 9 139978502.462 9     -2393.902 9        56.807 9  26637035.411 9 139978502.462 9     -2393.902 9        56.807 9
E20                                                                  27848062.568 9 146342478.585 9     -1658.453 9        56.421 9  27848062.568 9 146342478.585 9     -1658.453 9        56.421 9
E09                                                                  25030840.406 9 131537904.300 9      2588.080 9        57.347 9  25030840.406 9 131537904.300 9      2588.080 9        57.347 9
E10                                                                  23770220.403 9 124913315.273 9        30.200 9        57.796 9  23770220.403 9 124913315.273 9        30.200 9        57.796 9
E03                                                                  25066506.841 9 131725340.293 9      1952.810 9        57.335 9  25066506.841 9 131725340.293 9      1952.810 9        57.335 9
> 2026 02 03 10 00  9.0000000  0 18       0.000000000000
G02  20299683.018 9 106675533.287 9      -361.451 9        56.054 9                                                                  20299683.018 8 106675533.287 8      -361.451 8        53.054 8
G09  25239941.197 9 132636727.111 9     -2817.643 9        54.162 9                                                                  25239941.197 8 132636727.111 8     -2817.643 8        51.162 8
G13  25243301.162 9 132654373.160 9      1252.600 9        54.161 9                                                                  25243301.162 8 132654373.160 8      1252.600 8        51.161 8
G29  24919410.939 9 130952340.677 9      3069.066 9        54.273 9                                                                  24919410.939 8 130952340.677 8      3069.066 8        51.273 8
G10  22404865.848 9 117738329.446 9      3264.628 9        55.197 9                                                                  22404865.848 8 117738329.446 8      3264.628 8        52.197 8
G12  20804872.608 9 109330320.821 9       212.916 9        55.841 9                                                                  20804872.608 8 109330320.821 8       212.916 8        52.841 8
G17  24662337.162 9 129601390.457 9     -2944.132 9        54.363 9                                                                  24662337.162 8 129601390.457 8     -2944.132 8        51.363 8
G24  24381382.689 9 128124982.163 9      3066.860 9        54.463 9                                                                  24381382.689 8 128124982.163 8      3066.860 8        51.463 8
G30  22612860.293 9 118831350.582 9      2356.218 9        55.117 9                                                                  22612860.293 8 118831350.582 8      2356.218 8        52.117 8
G05  21268198.535 9 111765112.987 9       711.369 9        55.649 9                                                                  21268198.535 8 111765112.987 8       711.369 8        52.649 8
G04  21923501.174 9 115208746.053 9     -2465.377 9        55.386 9                                                                  21923501.174 8 115208746.053 8     -2465.377 8        52.386 8
E04                                                                  23382204.001 9 122874278.252 9      -137.031 9        57.939 9  23382204.001 9 122874278.252 9      -137.031 9        57.939 9
E05                                                                  26113007.591 9 137224717.919 9     -2047.959 9        56.979 9  26113007.591 9 137224717.919 9     -2047.959 9        56.979 9
E11                                                                  26637490.978 9 139980896.480 9     -2394.152 9        56.807 9  26637490.978 9 139980896.480 9     -2394.152 9        56.807 9
E20                                                                  27848378.191 9 146344137.188 9     -1658.766 9        56.420 9  27848378.191 9 146344137.188 9     -1658.766 9        56.420 9
E09                                                                  25030347.936 9 131535316.362 9      2587.807 9        57.347 9  25030347.936 9 131535316.362 9      2587.807 9        57.347 9
E10                                                                  23770214.701 9 124913285.309 9        29.728 9        57.796 9  23770214.701 9 124913285.309 9        29.728 9        57.796 9
E03                                                                  25066135.241 9 131723387.527 9      1952.723 9        57.335 9  25066135.241 9 131723387.527 9      1952.723 9        57.335 9
> 2026 02 03 10 00 10.0000000  0 18       0.000000000000
G02  20299751.837 9 106675894.936 9      -361.848 9        56.054 9                                                                  20299751.837 8 106675894.936 8      -361.848 8        53.054 8
G09  25240477.373 9 132639544.726 9     -2817.599 9        54.162 9                                                                  25240477.373 8 132639544.726 8     -2817.599 8        51.162 8
G13  25243062.843 9 132653120.789 9      1252.153 9        54.161 9                                                                  25243062.843 8 132653120.789 8      1252.153 8        51.161 8
G29  24918826.912 9 130949271.595 9      3069.094 9        54.274 9                                                                  24918826.912 8 130949271.595 8      3069.094 8        51.274 8
G10  22404244.639 9 117735064.977 9      3264.319 9        55.197 9                                                                  22404244.639 8 117735064.977 8      3264.319 8        52.197 8
G12  20804832.154 9 109330108.236 9       212.253 9        55.841 9                                                                  20804832.154 8 109330108.236 8       212.253 8        52.841 8
G17  24662897.423 9 129604334.636 9     -2944.258 9        54.363 9                                                                  24662897.423 8 129604334.636 8     -2944.258 8        51.363 8
G24  24380799.100 9 128121915.384 9      3066.698 9        54.463 9                                                                  24380799.100 8 128121915.384 8      3066.698 8        51.463 8
G30  22612411.965 9 118828994.604 9      2355.738 9        55.117 9                                                                  22612411.965 8 118828994.604 8      2355.738 8        52.117 8
G05  21268063.229 9 111764401.944 9       710.715 9        55.649 9                                                                  21268063.229 8 111764401.944 8       710.715 8        52.649 8
G04  21923970.338 9 115211211.519 9     -2465.568 9        55.386 9                                                                  21923970.338 8 115211211.519 8     -2465.568 8        52.386 8
E04                                                                  23382230.101 9 122874415.405 9      -137.277 9        57.939 9  23382230.101 9 122874415.405 9      -137.277 9        57.939 9
E05                                                                  26113397.320 9 137226765.954 9     -2048.130 9        56.979 9  26113397.320 9 137226765.954 9     -2048.130 9        56.979 9
E11                                                                  26637946.594 9 139983290.748 9     -2394.402 9        56.806 9  26637946.594 9 139983290.748 9     -2394.402 9        56.806 9
E20                                                                  27848693.874 9 146345796.103 9     -1659.078 9        56.420 9  27848693.874 9 146345796.103 9     -1659.078 9        56.420 9
E09                                                                  25029855.519 9 131532728.696 9      2587.534 9        57.347 9  25029855.519 9 131532728.696 9      2587.534 9        57.347 9
E10                                                                  23770209.089 9 124913255.817 9        29.256 9        57.796 9  23770209.089 9 124913255.817 9        29.256 9        57.796 9
E03                                                                  25065763.658 9 131721434.848 9      1952.637 9        57.335 9  25065763.658 9 131721434.848 9      1952.637 9        57.335 9
> 2026 02 03 10 00 11.0000000  0 18       0.000000000000
G02  20299820.733 9 106676256.982 9      -362.245 9        56.054 9                                                                  20299820.733 8 106676256.982 8      -362.245 8        53.054 8
G09  25241013.541 9 132642362.295 9     -2817.553 9        54.162 9                                                                  25241013.541 8 132642362.295 8     -2817.553 8        51.162 8
G13  25242824.609 9 132651868.865 9      1251.707 9        54.161 9                                                                  25242824.609 8 132651868.865 8      1251.707 8        51.161 8
G29  24918242.880 9 130946202.486 9      3069.122 9        54.274 9                                                                  24918242.880 8 130946202.486 8      3069.122 8        51.274 8
G10  22403623.489 9 117731800.816 9      3264.011 9        55.198 9                                                                  22403623.489 8 117731800.816 8      3264.011 8        52.198 8
G12  20804791.827 9 109329896.313 9       211.591 9        55.841 9                                                                  20804791.827 8 109329896.313 8       211.591 8        52.841 8
G17  24663457.708 9 129607278.941 9     -2944.384 9        54.363 9                                                                  24663457.708 8 129607278.941 8     -2944.384 8        51.363 8
G24  24380215.541 9 128118848.768 9      3066.536 9        54.463 9                                                                  24380215.541 8 128118848.768 8      3066.536 8        51.463 8
G30  22611963.728 9 118826639.105 9      2355.258 9        55.117 9                                                                  22611963.728 8 118826639.105 8      2355.258 8        52.117 8
G05  21267928.046 9 111763691.555 9       710.062 9        55.650 9                                                                  21267928.046 8 111763691.555 8       710.062 8        52.650 8
G04  21924439.537 9 115213677.177 9     -2465.759 9        55.385 9                                                                  21924439.537 8 115213677.177 8     -2465.759 8        52.385 8
E04                                                                  23382256.247 9 122874552.804 9      -137.523 9        57.939 9  23382256.247 9 122874552.804 9      -137.523 9        57.939 9
E05                                                                  26113787.082 9 137228814.159 9     -2048.300 9        56.979 9  26113787.082 9 137228814.159 9     -2048.300 9        56.979 9
E11                                                                  26638402.257 9 139985685.266 9     -2394.653 9        56.806 9  26638402.257 9 139985685.266 9     -2394.653 9        56.806 9
E20                                                                  27849009.616 9 146347455.332 9     -1659.391 9        56.420 9  27849009.616 9 146347455.332 9     -1659.391 9        56.420 9
E09                                                                  25029363.153 9 131530141.304 9      2587.262 9        57.347 9  25029363.153 9 131530141.304 9      2587.262 9        57.347 9
E10                                                                  23770203.567 9 124913226.797 9        28.785 9        57.796 9  23770203.567 9 124913226.797 9        28.785 9        57.796 9
E03                                                                  25065392.092 9 131719482.255 9      1952.550 9        57.335 9  25065392.092 9 131719482.255 9      1952.550 9        57.335 9
> 2026 02 03 10 00 12.0000000  0 18       0.000000000000
G02  20299889.703 9 106676619.424 9      -362.642 9        56.054 9                                                                  20299889.703 8 106676619.424 8      -362.642 8        53.054 8
G09  25241549.699 9 132645179.819 9     -2817.508 9        54.162 9                                                                  25241549.699 8 132645179.819 8     -2817.508 8        51.162 8
G13  25242586.460 9 132650617.387 9      1251.261 9        54.161 9                                                                  25242586.460 8 132650617.387 8      1251.261 8        51.161 8
G29  24917658.842 9 130943133.348 9      3069.150 9        54.274 9                                                                  24917658.842 8 130943133.348 8      3069.150 8        51.274 8
G10  22403002.398 9 117728536.964 9      3263.702 9        55.198 9                                                                  22403002.398 8 117728536.964 8      3263.702 8        52.198 8
G12  20804751.625 9 109329685.052 9       210.928 9        55.841 9                                                                  20804751.625 8 109329685.052 8       210.928 8        52.841 8
G17  24664018.017 9 129610223.373 9     -2944.511 9        54.363 9                                                                  24664018.017 8 129610223.373 8     -2944.511 8        51.363 8
G24  24379632.014 9 128115782.313 9      3066.374 9        54.464 9                                                                  24379632.014 8 128115782.313 8      3066.374 8        51.464 8
G30  22611515.583 9 118824284.087 9      2354.779 9        55.117 9                                                                  22611515.583 8 118824284.087 8      2354.779 8        52.117 8
G05  21267792.988 9 111762981.819 9       709.408 9        55.650 9                                                                  21267792.988 8 111762981.819 8       709.408 8        52.650 8
G04  21924908.774 9 115216143.025 9     -2465.950 9        55.385 9                                                                  21924908.774 8 115216143.025 8     -2465.950 8        52.385 8
E04                                                                  23382282.440 9 122874690.449 9      -137.769 9        57.939 9  23382282.440 9 122874690.449 9      -137.769 9        57.939 9
E05                                                                  26114176.877 9 137230862.535 9     -2048.470 9        56.979 9  26114176.877 9 137230862.535 9     -2048.470 9        56.979 9
E11                                                                  26638857.968 9 139988080.034 9     -2394.903 9        56.806 9  26638857.968 9 139988080.034 9     -2394.903 9        56.806 9
E20                                                                  27849325.418 9 146349114.872 9     -1659.703 9        56.420 9  27849325.418 9 146349114.872 9     -1659.703 9        56.420 9
E09                                                                  25028870.840 9 131527554.184 9      2586.989 9        57.348 9  25028870.840 9 131527554.184 9      2586.989 9        57.348 9
E10                                                                  23770198.134 9 124913198.248 9        28.313 9        57.796 9  23770198.134 9 124913198.248 9        28.313 9        57.796 9
E03                                                                  25065020.542 9 131717529.749 9      1952.464 9        57.335 9  25065020.542 9 131717529.749 9      1952.464 9        57.335 9
> 2026 02 03 10 00 13.0000000  0 18       0.000000000000
G02  20299958.749 9 106676982.263 9      -363.039 9        56.054 9                                                                  20299958.749 8 106676982.263 8      -363.039 8        53.054 8
G09  25242085.850 9 132647997.298 9     -2817.463 9        54.162 9                                                                  25242085.850 8 132647997.298 8     -2817.463 8        51.162 8
G13  25242348.396 9 132649366.355 9      1250.814 9        54.161 9                                                                  25242348.396 8 132649366.355 8      1250.814 8        51.161 8
G29  24917074.799 9 130940064.183 9      3069.178 9        54.274 9                                                                  24917074.799 8 130940064.183 8      3069.178 8        51.274 8
G10  22402381.366 9 117725273.421 9      3263.393 9        55.198 9                                                                  22402381.366 8 117725273.421 8      3263.393 8        52.198 8
G12  20804711.550 9 109329474.454 9       210.266 9        55.841 9                                                                  20804711.550 8 109329474.454 8       210.266 8        52.841 8
G17  24664578.350 9 129613167.930 9     -2944.637 9        54.363 9                                                                  24664578.350 8 129613167.930 8     -2944.637 8        51.363 8
G24  24379048.517 9 128112716.021 9      3066.212 9        54.464 9                                                                  24379048.517 8 128112716.021 8      3066.212 8        51.464 8
G30  22611067.528 9 118821929.548 9      2354.299 9        55.118 9                                                                  22611067.528 8 118821929.548 8      2354.299 8        52.118 8
G05  21267658.054 9 111762272.738 9       708.754 9        55.650 9                                                                  21267658.054 8 111762272.738 8       708.754 8        52.650 8
G04  21925378.046 9 115218609.064 9     -2466.141 9        55.385 9                                                                  21925378.046 8 115218609.064 8     -2466.141 8        52.385 8
E04                                                                  23382308.680 9 122874828.341 9      -138.015 9        57.939 9  23382308.680 9 122874828.341 9      -138.015 9        57.939 9
E05                                                                  26114566.704 9 137232911.081 9     -2048.641 9        56.979 9  26114566.704 9 137232911.081 9     -2048.641 9        56.979 9
E11                                                                  26639313.726 9 139990475.053 9     -2395.153 9        56.806 9  26639313.726 9 139990475.053 9     -2395.153 9        56.806 9
E20                                                                  27849641.279 9 146350774.725 9     -1660.016 9        56.420 9  27849641.279 9 146350774.725 9     -1660.016 9        56.420 9
E09                                                                  25028378.578 9 131524967.337 9      2586.716 9        57.348 9  25028378.578 9 131524967.337 9      2586.716 9        57.348 9
E10                                                                  23770192.791 9 124913170.171 9        27.841 9        57.796 9  23770192.791 9 124913170.171 9        27.841 9        57.796 9
E03                                                                  25064649.008 9 131715577.330 9      1952.377 9        57.335 9  25064649.008 9 131715577.330 9      1952.377 9        57.335 9
> 2026 02 03 10 00 14.0000000  0 18       0.000000000000
G02  20300027.871 9 106677345.499 9      -363.435 9        56.054 9                                                                  20300027.871 8 106677345.499 8      -363.435 8        53.054 8
G09  25242621.991 9 132650814.732 9     -2817.418 9        54.161 9                                                                  25242621.991 8 132650814.732 8     -2817.418 8        51.161 8
G13  25242110.416 9 132648115.770 9      1250.368 9        54.162 9                                                                  25242110.416 8 132648115.770 8      1250.368 8        51.162 8
G29  24916490.750 9 130936994.990 9      3069.206 9        54.274 9                                                                  24916490.750 8 130936994.990 8      3069.206 8        51.274 8
G10  22401760.392 9 117722010.186 9      3263.085 9        55.198 9                                                                  22401760.392 8 117722010.186 8      3263.085 8        52.198 8
G12  20804671.601 9 109329264.519 9       209.603 9        55.841 9                                                                  20804671.601 8 109329264.519 8       209.603 8        52.841 8
G17  24665138.707 9 129616112.614 9     -2944.763 9        54.362 9                                                                  24665138.707 8 129616112.614 8     -2944.763 8        51.362 8
G24  24378465.051 9 128109649.890 9      3066.050 9        54.464 9                                                                  24378465.051 8 128109649.890 8      3066.050 8        51.464 8
G30  22610619.566 9 118819575.489 9      2353.819 9        55.118 9                                                                  22610619.566 8 118819575.489 8      2353.819 8        52.118 8
G05  21267523.245 9 111761564.310 9       708.100 9        55.650 9                                                                  21267523.245 8 111761564.310 8       708.100 8        52.650 8
G04  21925847.355 9 115221075.294 9     -2466.332 9        55.385 9                                                                  21925847.355 8 115221075.294 8     -2466.332 8        52.385 8
E04                                                                  23382334.967 9 122874966.479 9      -138.262 9        57.939 9  23382334.967 9 122874966.479 9      -138.262 9        57.939 9
E05                                                                  26114956.563 9 137234959.798 9     -2048.811 9        56.979 9  26114956.563 9 137234959.798 9     -2048.811 9        56.979 9
E11                                                                  26639769.532 9 139992870.321 9     -2395.403 9        56.806 9  26639769.532 9 139992870.321 9     -2395.403 9        56.806 9
E20                                                                  27849957.199 9 146352434.891 9     -1660.328 9        56.420 9  27849957.199 9 146352434.891 9     -1660.328 9        56.420 9
E09                                                                  25027886.368 9 131522380.762 9      2586.443 9        57.348 9  25027886.368 9 131522380.762 9      2586.443 9        57.348 9
E10                                                                  23770187.538 9 124913142.566 9        27.370 9        57.796 9  23770187.538 9 124913142.566 9        27.370 9        57.796 9
E03                                                                  25064277.491 9 131713624.997 9      1952.290 9        57.335 9  25064277.491 9 131713624.997 9      1952.290 9        57.335 9
> 2026 02 03 10 00 15.0000000  0 18       0.000000000000
G02  20300097.068 9 106677709.132 9      -363.832 9        56.054 9                                                                  20300097.068 8 106677709.132 8      -363.832 8        53.054 8
G09  25243158.124 9 132653632.121 9     -2817.372 9        54.161 9                                                                  25243158.124 8 132653632.121 8     -2817.372 8        51.161 8
G13  25241872.522 9 132646865.631 9      1249.921 9        54.162 9                                                                  25241872.522 8 132646865.631 8      1249.921 8        51.162 8
G29  24915906.697 9 130933925.769 9      3069.234 9        54.275 9                                                                  24915906.697 8 130933925.769 8      3069.234 8        51.275 8
G10  22401139.477 9 117718747.261 9      3262.776 9        55.199 9                                                                  22401139.477 8 117718747.261 8      3262.776 8        52.199 8
G12  20804631.778 9 109329055.247 9       208.940 9        55.841 9                                                                  20804631.778 8 109329055.247 8       208.940 8        52.841 8
G17  24665699.089 9 129619057.424 9     -2944.889 9        54.362 9                                                                  24665699.089 8 129619057.424 8     -2944.889 8        51.362 8
G24  24377881.616 9 128106583.922 9      3065.888 9        54.464 9                                                                  24377881.616 8 128106583.922 8      3065.888 8        51.464 8
G30  22610171.694 9 118817221.911 9      2353.339 9        55.118 9                                                                  22610171.694 8 118817221.911 8      2353.339 8        52.118 8
G05  21267388.560 9 111760856.536 9       707.446 9        55.650 9                                                                  21267388.560 8 111760856.536 8       707.446 8        52.650 8
G04  21926316.700 9 115223541.715 9     -2466.523 9        55.385 9                                                                  21926316.700 8 115223541.715 8     -2466.523 8        52.385 8
E04                                                                  23382361.301 9 122875104.862 9      -138.508 9        57.939 9  23382361.301 9 122875104.862 9      -138.508 9        57.939 9
E05                                                                  26115346.454 9 137237008.684 9     -2048.982 9        56.979 9  26115346.454 9 137237008.684 9     -2048.982 9        56.979 9
E11                                                                  26640225.385 9 139995265.840 9     -2395.653 9        56.806 9  26640225.385 9 139995265.840 9     -2395.653 9        56.806 9
E20                                                                  27850273.179 9 146354095.368 9     -1660.640 9        56.420 9  27850273.179 9 146354095.368 9     -1660.640 9        56.420 9
E09                                                                  25027394.211 9 131519794.461 9      2586.170 9        57.348 9  25027394.211 9 131519794.461 9      2586.170 9        57.348 9
E10                                                                  23770182.375 9 124913115.432 9        26.898 9        57.796 9  23770182.375 9 124913115.432 9        26.898 9        57.796 9
E03                                                                  25063905.991 9 131711672.751 9      1952.203 9        57.335 9  25063905.991 9 131711672.751 9      1952.203 9        57.335 9
> 2026 02 03 10 00 16.0000000  0 18       0.000000000000
G02  20300166.341 9 106678073.161 9      -364.228 9        56.054 9                                                                  20300166.341 8 106678073.161 8      -364.228 8        53.054 8
G09  25243694.248 9 132656449.464 9     -2817.327 9        54.161 9                                                                  25243694.248 8 132656449.464 8     -2817.327 8        51.161 8
G13  25241634.713 9 132645615.939 9      1249.474 9        54.162 9                                                                  25241634.713 8 132645615.939 8      1249.474 8        51.162 8
G29  24915322.638 9 130930856.521 9      3069.262 9        54.275 9                                                                  24915322.638 8 130930856.521 8      3069.262 8        51.275 8
G10  22400518.621 9 117715484.644 9      3262.467 9        55.199 9                                                                  22400518.621 8 117715484.644 8      3262.467 8        52.199 8
G12  20804592.081 9 109328846.637 9       208.277 9        55.841 9                                                                  20804592.081 8 109328846.637 8       208.277 8        52.841 8
G17  24666259.494 9 129622002.360 9     -2945.015 9        54.362 9                                                                  24666259.494 8 129622002.360 8     -2945.015 8        51.362 8
G24  24377298.212 9 128103518.115 9      3065.726 9        54.464 9                                                                  24377298.212 8 128103518.115 8      3065.726 8        51.464 8
G30  22609723.914 9 118814868.812 9      2352.858 9        55.118 9                                                                  22609723.914 8 118814868.812 8      2352.858 8        52.118 8
G05  21267254.000 9 111760149.416 9       706.792 9        55.650 9                                                                  21267254.000 8 111760149.416 8       706.792 8        52.650 8
G04  21926786.082 9 115226008.327 9     -2466.713 9        55.385 9                                                                  21926786.082 8 115226008.327 8     -2466.713 8        52.385 8
E04                                                                  23382387.681 9 122875243.493 9      -138.754 9        57.939 9  23382387.681 9 122875243.493 9      -138.754 9        57.939 9
E05                                                                  26115736.378 9 137239057.741 9     -2049.152 9        56.978 9  26115736.378 9 137239057.741 9     -2049.152 9        56.978 9
E11                                                                  26640681.286 9 139997661.608 9     -2395.902 9        56.806 9  26640681.286 9 139997661.608 9     -2395.902 9        56.806 9
E20                                                                  27850589.219 9 146355756.158 9     -1660.952 9        56.420 9  27850589.219 9 146355756.158 9     -1660.952 9        56.420 9
E09                                                                  25026902.105 9 131517208.433 9      2585.897 9        57.348 9  25026902.105 9 131517208.433 9      2585.897 9        57.348 9
E10                                                                  23770177.301 9 124913088.769 9        26.427 9        57.796 9  23770177.301 9 124913088.769 9        26.427 9        57.796 9
E03                                                                  25063534.507 9 131709720.592 9      1952.117 9        57.336 9  25063534.507 9 131709720.592 9      1952.117 9        57.336 9
> 2026 02 03 10 00 17.0000000  0 18       0.000000000000
G02  20300235.689 9 106678437.587 9      -364.625 9        56.054 9                                                                  20300235.689 8 106678437.587 8      -364.625 8        53.054 8
G09  25244230.364 9 132659266.761 9     -2817.281 9        54.161 9                                                                  25244230.364 8 132659266.761 8     -2817.281 8        51.161 8
G13  25241396.988 9 132644366.694 9      1249.028 9        54.162 9                                                                  25241396.988 8 132644366.694 8      1249.028 8        51.162 8
G29  24914738.573 9 130927787.244 9      3069.289 9        54.275 9                                                                  24914738.573 8 130927787.244 8      3069.289 8        51.275 8
G10  22399897.824 9 117712222.336 9      3262.157 9        55.199 9                                                                  22399897.824 8 117712222.336 8      3262.157 8        52.199 8
G12  20804552.510 9 109328638.690 9       207.615 9        55.841 9                                                                  20804552.510 8 109328638.690 8       207.615 8        52.841 8
G17  24666819.923 9 129624947.423 9     -2945.141 9        54.362 9                                                                  24666819.923 8 129624947.423 8     -2945.141 8        51.362 8
G24  24376714.838 9 128100452.471 9      3065.564 9        54.465 9                                                                  24376714.838 8 128100452.471 8      3065.564 8        51.465 8
G30  22609276.225 9 118812516.194 9      2352.378 9        55.118 9                                                                  22609276.225 8 118812516.194 8      2352.378 8        52.118 8
G05  21267119.564 9 111759442.950 9       706.138 9        55.650 9                                                                  21267119.564 8 111759442.950 8       706.138 8        52.650 8
G04  21927255.499 9 115228475.130 9     -2466.904 9        55.384 9                                                                  21927255.499 8 115228475.130 8     -2466.904 8        52.384 8
E04                                                                  23382414.109 9 122875382.369 9      -139.000 9        57.939 9  23382414.109 9 122875382.369 9      -139.000 9        57.939 9
E05                                                                  26116126.335 9 137241106.969 9     -2049.322 9        56.978 9  26116126.335 9 137241106.969 9     -2049.322 9        56.978 9
E11                                                                  26641137.235 9 140000057.626 9     -2396.152 9        56.805 9  26641137.235 9 140000057.626 9     -2396.152 9        56.805 9
E20                                                                  27850905.317 9 146357417.260 9     -1661.264 9        56.420 9  27850905.317 9 146357417.260 9     -1661.264 9        56.420 9
E09                                                                  25026410.051 9 131514622.677 9      2585.624 9        57.349 9  25026410.051 9 131514622.677 9      2585.624 9        57.349 9
E10                                                                  23770172.317 9 124913062.579 9        25.955 9        57.796 9  23770172.317 9 124913062.579 9        25.955 9        57.796 9
E03                                                                  25063163.040 9 131707768.519 9      1952.030 9        57.336 9  25063163.040 9 131707768.519 9      1952.030 9        57.336 9
> 2026 02 03 10 00 18.0000000  0 18       0.000000000000
G02  20300305.113 9 106678802.409 9      -365.021 9        56.054 9                                                                  20300305.113 8 106678802.409 8      -365.021 8        53.054 8
G09  25244766.471 9 132662084.013 9     -2817.235 9        54.161 9                                                                  25244766.471 8 132662084.013 8     -2817.235 8        51.161 8
G13  25241159.349 9 132643117.895 9      1248.581 9        54.162 9                                                                  25241159.349 8 132643117.895 8      1248.581 8        51.162 8
G29  24914154.504 9 130924717.940 9      3069.317 9        54.275 9                                                                  24914154.504 8 130924717.940 8      3069.317 8        51.275 8
G10  22399277.085 9 117708960.338 9      3261.848 9        55.199 9                                                                  22399277.085 8 117708960.338 8      3261.848 8        52.199 8
G12  20804513.065 9 109328431.406 9       206.952 9        55.841 9                                                                  20804513.065 8 109328431.406 8       206.952 8        52.841 8
G17  24667380.376 9 129627892.611 9     -2945.267 9        54.362 9                                                                  24667380.376 8 129627892.611 8     -2945.267 8        51.362 8
G24  24376131.496 9 128097386.989 9      3065.401 9        54.465 9                                                                  24376131.496 8 128097386.989 8      3065.401 8        51.465 8
G30  22608828.628 9 118810164.056 9      2351.898 9        55.118 9                                                                  22608828.628 8 118810164.056 8      2351.898 8        52.118 8
G05  21266985.252 9 111758737.138 9       705.484 9        55.650 9                                                                  21266985.252 8 111758737.138 8       705.484 8        52.650 8
G04  21927724.953 9 115230942.123 9     -2467.095 9        55.384 9                                                                  21927724.953 8 115230942.123 8     -2467.095 8        52.384 8
E04                                                                  23382440.583 9 122875521.492 9      -139.247 9        57.939 9  23382440.583 9 122875521.492 9      -139.247 9        57.939 9
E05                                                                  26116516.324 9 137243156.367 9     -2049.493 9        56.978 9  26116516.324 9 137243156.367 9     -2049.493 9        56.978 9
E11                                                                  26641593.231 9 140002453.894 9     -2396.402 9        56.805 9  26641593.231 9 140002453.894 9     -2396.402 9        56.805 9
E20                                                                  27851221.476 9 146359078.674 9     -1661.577 9        56.420 9  27851221.476 9 146359078.674 9     -1661.577 9        56.420 9
E09                                                                  25025918.049 9 131512037.195 9      2585.351 9        57.349 9  25025918.049 9 131512037.195 9      2585.351 9        57.349 9
E10                                                                  23770167.423 9 124913036.860 9        25.483 9        57.796 9  23770167.423 9 124913036.860 9        25.483 9        57.796 9
E03                                                                  25062791.589 9 131705816.534 9      1951.943 9        57.336 9  25062791.589 9 131705816.534 9      1951.943 9        57.336 9
> 2026 02 03 10 00 19.0000000  0 18       0.000000000000
G02  20300374.612 9 106679167.628 9      -365.418 9        56.054 9                                                                  20300374.612 8 106679167.628 8      -365.418 8        53.054 8
G09  25245302.569 9 132664901.218 9     -2817.190 9        54.160 9                                                                  25245302.569 8 132664901.218 8     -2817.190 8        51.160 8
G13  25240921.795 9 132641869.544 9      1248.134 9        54.162 9                                                                  25240921.795 8 132641869.544 8      1248.134 8        51.162 8
G29  24913570.429 9 130921648.607 9      3069.345 9        54.275 9                                                                  24913570.429 8 130921648.607 8      3069.345 8        51.275 8
G10  22398656.405 9 117705698.649 9      3261.539 9        55.200 9                                                                  22398656.405 8 117705698.649 8      3261.539 8        52.200 8
G12  20804473.747 9 109328224.784 9       206.289 9        55.841 9                                                                  20804473.747 8 109328224.784 8       206.289 8        52.841 8
G17  24667940.853 9 129630837.926 9     -2945.393 9        54.361 9                                                                  24667940.853 8 129630837.926 8     -2945.393 8        51.361 8
G24  24375548.184 9 128094321.669 9      3065.239 9        54.465 9                                                                  24375548.184 8 128094321.669 8      3065.239 8        51.465 8
G30  22608381.122 9 118807812.398 9      2351.417 9        55.119 9                                                                  22608381.122 8 118807812.398 8      2351.417 8        52.119 8
G05  21266851.065 9 111758031.980 9       704.830 9        55.650 9                                                                  21266851.065 8 111758031.980 8       704.830 8        52.650 8
G04  21928194.444 9 115233409.306 9     -2467.285 9        55.384 9                                                                  21928194.444 8 115233409.306 8     -2467.285 8        52.384 8
E04                                                                  23382467.104 9 122875660.861 9      -139.493 9        57.939 9  23382467.104 9 122875660.861 9      -139.493 9        57.939 9
E05                                                                  26116906.345 9 137245205.935 9     -2049.663 9        56.978 9  26116906.345 9 137245205.935 9     -2049.663 9        56.978 9
E11                                                                  26642049.274 9 140004850.411 9     -2396.652 9        56.805 9  26642049.274 9 140004850.411 9     -2396.652 9        56.805 9
E20                                                                  27851537.693 9 146360740.401 9     -1661.888 9        56.419 9  27851537.693 9 146360740.401 9     -1661.888 9        56.419 9
E09                                                                  25025426.099 9 131509451.986 9      2585.078 9        57.349 9  25025426.099 9 131509451.986 9      2585.078 9        57.349 9
E10                                                                  23770162.618 9 124913011.612 9        25.012 9        57.796 9  23770162.618 9 124913011.612 9        25.012 9        57.796 9
E03                                                                  25062420.154 9 131703864.635 9      1951.856 9        57.336 9  25062420.154 9 131703864.635 9      1951.856 9        57.336 9
> 2026 02 03 10 00 20.0000000  0 18       0.000000000000
G02  20300444.186 9 106679533.243 9      -365.814 9        56.054 9                                                                  20300444.186 8 106679533.243 8      -365.814 8        53.054 8
G09  25245838.659 9 132667718.378 9     -2817.144 9        54.160 9                                                                  25245838.659 8 132667718.378 8     -2817.144 8        51.160 8
G13  25240684.326 9 132640621.639 9      1247.687 9        54.162 9                                                                  25240684.326 8 132640621.639 8      1247.687 8        51.162 8
G29  24912986.349 9 130918579.248 9      3069.373 9        54.276 9                                                                  24912986.349 8 130918579.248 8      3069.373 8        51.276 8
G10  22398035.785 9 117702437.269 9      3261.229 9        55.200 9                                                                  22398035.785 8 117702437.269 8      3261.229 8        52.200 8
G12  20804434.554 9 109328018.825 9       205.626 9        55.841 9                                                                  20804434.554 8 109328018.825 8       205.626 8        52.841 8
G17  24668501.354 9 129633783.366 9     -2945.519 9        54.361 9                                                                  24668501.354 8 129633783.366 8     -2945.519 8        51.361 8
G24  24374964.903 9 128091256.511 9      3065.077 9        54.465 9                                                                  24374964.903 8 128091256.511 8      3065.077 8        51.465 8
G30  22607933.708 9 118805461.221 9      2350.937 9        55.119 9                                                                  22607933.708 8 118805461.221 8      2350.937 8        52.119 8
G05  21266717.003 9 111757327.476 9       704.176 9        55.650 9                                                                  21266717.003 8 111757327.476 8       704.176 8        52.650 8
G04  21928663.970 9 115235876.680 9     -2467.476 9        55.384 9                                                                  21928663.970 8 115235876.680 8     -2467.476 8        52.384 8
E04                                                                  23382493.672 9 122875800.476 9      -139.739 9        57.939 9  23382493.672 9 122875800.476 9      -139.739 9        57.939 9
E05                                                                  26117296.399 9 137247255.674 9     -2049.833 9        56.978 9  26117296.399 9 137247255.674 9     -2049.833 9        56.978 9
E11                                                                  26642505.365 9 140007247.179 9     -2396.901 9        56.805 9  26642505.365 9 140007247.179 9     -2396.901 9        56.805 9
E20                                                                  27851853.970 9 146362402.439 9     -1662.200 9        56.419 9  27851853.970 9 146362402.439 9     -1662.200 9        56.419 9
E09                                                                  25024934.201 9 131506867.050 9      2584.804 9        57.349 9  25024934.201 9 131506867.050 9      2584.804 9        57.349 9
E10                                                                  23770157.904 9 124912986.837 9        24.540 9        57.796 9  23770157.904 9 124912986.837 9        24.540 9        57.796 9
E03                                                                  25062048.736 9 131701912.823 9      1951.769 9        57.336 9  25062048.736 9 131701912.823 9      1951.769 9        57.336 9
> 2026 02 03 10 00 21.0000000  0 18       0.000000000000
G02  20300513.836 9 106679899.254 9      -366.211 9        56.054 9                                                                  20300513.836 8 106679899.254 8      -366.211 8        53.054 8
G09  25246374.739 9 132670535.492 9     -2817.098 9        54.160 9                                                                  25246374.739 8 132670535.492 8     -2817.098 8        51.160 8
G13  25240446.942 9 132639374.182 9      1247.240 9        54.162 9                                                                  25240446.942 8 132639374.182 8      1247.240 8        51.162 8
G29  24912402.263 9 130915509.860 9      3069.400 9        54.276 9                                                                  24912402.263 8 130915509.860 8      3069.400 8        51.276 8
G10  22397415.223 9 117699176.199 9      3260.920 9        55.200 9                                                                  22397415.223 8 117699176.199 8      3260.920 8        52.200 8
G12  20804395.488 9 109327813.529 9       204.964 9        55.841 9                                                                  20804395.488 8 109327813.529 8       204.964 8        52.841 8
G17  24669061.879 9 129636728.933 9     -2945.646 9        54.361 9                                                                  24669061.879 8 129636728.933 8     -2945.646 8        51.361 8
G24  24374381.653 9 128088191.515 9      3064.915 9        54.465 9                                                                  24374381.653 8 128088191.515 8      3064.915 8        51.465 8
G30  22607486.385 9 118803110.524 9      2350.456 9        55.119 9                                                                  22607486.385 8 118803110.524 8      2350.456 8        52.119 8
G05  21266583.065 9 111756623.627 9       703.522 9        55.650 9                                                                  21266583.065 8 111756623.627 8       703.522 8        52.650 8
G04  21929133.533 9 115238344.245 9     -2467.666 9        55.384 9                                                                  21929133.533 8 115238344.245 8     -2467.666 8        52.384 8
E04                                                                  23382520.287 9 122875940.338 9      -139.986 9        57.939 9  23382520.287 9 122875940.338 9      -139.986 9        57.939 9
E05                                                                  26117686.485 9 137249305.583 9     -2050.004 9        56.978 9  26117686.485 9 137249305.583 9     -2050.004 9        56.978 9
E11                                                                  26642961.504 9 140009644.196 9     -2397.151 9        56.805 9  26642961.504 9 140009644.196 9     -2397.151 9        56.805 9
E20                                                                  27852170.306 9 146364064.789 9     -1662.512 9        56.419 9  27852170.306 9 146364064.789 9     -1662.512 9        56.419 9
E09                                                                  25024442.355 9 131504282.387 9      2584.531 9        57.349 9  25024442.355 9 131504282.387 9      2584.531 9        57.349 9
E10                                                                  23770153.279 9 124912962.532 9        24.069 9        57.796 9  23770153.279 9 124912962.532 9        24.069 9        57.796 9
E03                                                                  25061677.335 9 131699961.098 9      1951.683 9        57.336 9  25061677.335 9 131699961.098 9      1951.683 9        57.336 9
> 2026 02 03 10 00 22.0000000  0 18       0.000000000000
G02  20300583.561 9 106680265.662 9      -366.607 9        56.054 9                                                                  20300583.561 8 106680265.662 8      -366.607 8        53.054 8
G09  25246910.811 9 132673352.560 9     -2817.051 9        54.160 9                                                                  25246910.811 8 132673352.560 8     -2817.051 8        51.160 8
G13  25240209.643 9 132638127.171 9      1246.792 9        54.162 9                                                                  25240209.643 8 132638127.171 8      1246.792 8        51.162 8
G29  24911818.173 9 130912440.445 9      3069.428 9        54.276 9                                                                  24911818.173 8 130912440.445 8      3069.428 8        51.276 8
G10  22396794.720 9 117695915.438 9      3260.610 9        55.200 9                                                                  22396794.720 8 117695915.438 8      3260.610 8        52.200 8
G12  20804356.548 9 109327608.896 9       204.301 9        55.841 9                                                                  20804356.548 8 109327608.896 8       204.301 8        52.841 8
G17  24669622.428 9 129639674.626 9     -2945.772 9        54.361 9                                                                  24669622.428 8 129639674.626 8     -2945.772 8        51.361 8
G24  24373798.434 9 128085126.682 9      3064.752 9        54.466 9                                                                  24373798.434 8 128085126.682 8      3064.752 8        51.466 8
G30  22607039.153 9 118800760.308 9      2349.976 9        55.119 9                                                                  22607039.153 8 118800760.308 8      2349.976 8        52.119 8
G05  21266449.251 9 111755920.431 9       702.868 9        55.650 9                                                                  21266449.251 8 111755920.431 8       702.868 8        52.650 8
G04  21929603.132 9 115240812.000 9     -2467.856 9        55.383 9                                                                  21929603.132 8 115240812.000 8     -2467.856 8        52.383 8
E04                                                                  23382546.949 9 122876080.446 9      -140.232 9        57.939 9  23382546.949 9 122876080.446 9      -140.232 9        57.939 9
E05                                                                  26118076.604 9 137251355.663 9     -2050.174 9        56.978 9  26118076.604 9 137251355.663 9     -2050.174 9        56.978 9
E11                                                                  26643417.690 9 140012041.462 9     -2397.400 9        56.805 9  26643417.690 9 140012041.462 9     -2397.400 9        56.805 9
E20                                                                  27852486.702 9 146365727.450 9     -1662.824 9        56.419 9  27852486.702 9 146365727.450 9     -1662.824 9        56.419 9
E09                                                                  25023950.561 9 131501697.998 9      2584.258 9        57.349 9  25023950.561 9 131501697.998 9      2584.258 9        57.349 9
E10                                                                  23770148.743 9 124912938.699 9        23.597 9        57.796 9  23770148.743 9 124912938.699 9        23.597 9        57.796 9
E03                                                                  25061305.950 9 131698009.460 9      1951.595 9        57.336 9  25061305.950 9 131698009.460 9      1951.595 9        57.336 9
> 2026 02 03 10 00 23.0000000  0 18       0.000000000000
G02  20300653.362 9 106680632.467 9      -367.003 9        56.054 9                                                                  20300653.362 8 106680632.467 8      -367.003 8        53.054 8
G09  25247446.874 9 132676169.582 9     -2817.005 9        54.160 9                                                                  25247446.874 8 132676169.582 8     -2817.005 8        51.160 8
G13  25239972.429 9 132636880.608 9      1246.345 9        54.162 9                                                                  25239972.429 8 132636880.608 8      1246.345 8        51.162 8
G29  24911234.077 9 130909371.002 9      3069.456 9        54.276 9                                                                  24911234.077 8 130909371.002 8      3069.456 8        51.276 8
G10  22396174.276 9 117692654.987 9      3260.301 9        55.201 9                                                                  22396174.276 8 117692654.987 8      3260.301 8        52.201 8
G12  20804317.734 9 109327404.926 9       203.638 9        55.841 9                                                                  20804317.734 8 109327404.926 8       203.638 8        52.841 8
G17  24670183.001 9 129642620.445 9     -2945.898 9        54.361 9                                                                  24670183.001 8 129642620.445 8     -2945.898 8        51.361 8
G24  24373215.246 9 128082062.011 9      3064.590 9        54.466 9                                                                  24373215.246 8 128082062.011 8      3064.590 8        51.466 8
G30  22606592.013 9 118798410.573 9      2349.495 9        55.119 9                                                                  22606592.013 8 118798410.573 8      2349.495 8        52.119 8
G05  21266315.562 9 111755217.890 9       702.213 9        55.650 9                                                                  21266315.562 8 111755217.890 8       702.213 8        52.650 8
G04  21930072.767 9 115243279.945 9     -2468.047 9        55.383 9                                                                  21930072.767 8 115243279.945 8     -2468.047 8        52.383 8
E04                                                                  23382573.658 9 122876220.801 9      -140.479 9        57.939 9  23382573.658 9 122876220.801 9      -140.479 9        57.939 9
E05                                                                  26118466.755 9 137253405.912 9     -2050.345 9        56.978 9  26118466.755 9 137253405.912 9     -2050.345 9        56.978 9
E11                                                                  26643873.924 9 140014438.978 9     -2397.650 9        56.805 9  26643873.924 9 140014438.978 9     -2397.650 9        56.805 9
E20                                                                  27852803.157 9 146367390.424 9     -1663.136 9        56.419 9  27852803.157 9 146367390.424 9     -1663.136 9        56.419 9
E09                                                                  25023458.819 9 131499113.882 9      2583.984 9        57.350 9  25023458.819 9 131499113.882 9      2583.984 9        57.350 9
E10                                                                  23770144.298 9 124912915.338 9        23.126 9        57.796 9  23770144.298 9 124912915.338 9        23.126 9        57.796 9
E03                                                                  25060934.582 9 131696057.909 9      1951.508 9        57.337 9  25060934.582 9 131696057.909 9      1951.508 9        57.337 9
> 2026 02 03 10 00 24.0000000  0 18       0.000000000000
G02  20300723.238 9 106680999.667 9      -367.400 9        56.054 9                                                                  20300723.238 8 106680999.667 8      -367.400 8        53.054 8
G09  25247982.929 9 132678986.557 9     -2816.959 9        54.160 9                                                                  25247982.929 8 132678986.557 8     -2816.959 8        51.160 8
G13  25239735.300 9 132635634.492 9      1245.898 9        54.162 9                                                                  25239735.300 8 132635634.492 8      1245.898 8        51.162 8
G29  24910649.975 9 130906301.532 9      3069.483 9        54.276 9                                                                  24910649.975 8 130906301.532 8      3069.483 8        51.276 8
G10  22395553.891 9 117689394.846 9      3259.991 9        55.201 9                                                                  22395553.891 8 117689394.846 8      3259.991 8        52.201 8
G12  20804279.046 9 109327201.619 9       202.975 9        55.841 9                                                                  20804279.046 8 109327201.619 8       202.975 8        52.841 8
G17  24670743.598 9 129645566.389 9     -2946.024 9        54.360 9                                                                  24670743.598 8 129645566.389 8     -2946.024 8        51.360 8
G24  24372632.089 9 128078997.502 9      3064.428 9        54.466 9                                                                  24372632.089 8 128078997.502 8      3064.428 8        51.466 8
G30  22606144.964 9 118796061.319 9      2349.014 9        55.120 9                                                                  22606144.964 8 118796061.319 8      2349.014 8        52.120 8
G05  21266181.997 9 111754516.003 9       701.559 9        55.650 9                                                                  21266181.997 8 111754516.003 8       701.559 8        52.650 8
G04  21930542.439 9 115245748.081 9     -2468.237 9        55.383 9                                                                  21930542.439 8 115245748.081 8     -2468.237 8        52.383 8
E04                                                                  23382600.414 9 122876361.402 9      -140.725 9        57.939 9  23382600.414 9 122876361.402 9      -140.725 9        57.939 9
E05                                                                  26118856.938 9 137255456.332 9     -2050.515 9        56.977 9  26118856.938 9 137255456.332 9     -2050.515 9        56.977 9
E11                                                                  26644330.204 9 140016836.743 9     -2397.899 9        56.804 9  26644330.204 9 140016836.743 9     -2397.899 9        56.804 9
E20                                                                  27853119.671 9 146369053.709 9     -1663.447 9        56.419 9  27853119.671 9 146369053.709 9     -1663.447 9        56.419 9
E09                                                                  25022967.129 9 131496530.040 9      2583.711 9        57.350 9  25022967.129 9 131496530.040 9      2583.711 9        57.350 9
E10                                                                  23770139.942 9 124912892.448 9        22.654 9        57.796 9  23770139.942 9 124912892.448 9        22.654 9        57.796 9
E03                                                                  25060563.230 9 131694106.445 9      1951.421 9        57.337 9  25060563.230 9 131694106.445 9      1951.421 9        57.337 9
> 2026 02 03 10 00 25.0000000  0 18       0.000000000000
G02  20300793.190 9 106681367.264 9      -367.796 9        56.054 9                                                                  20300793.190 8 106681367.264 8      -367.796 8        53.054 8
G09  25248518.974 9 132681803.485 9     -2816.912 9        54.159 9                                                                  25248518.974 8 132681803.485 8     -2816.912 8        51.159 8
G13  25239498.256 9 132634388.824 9      1245.450 9        54.162 9                                                                  25239498.256 8 132634388.824 8      1245.450 8        51.162 8
G29  24910065.869 9 130903232.033 9      3069.511 9        54.277 9                                                                  24910065.869 8 130903232.033 8      3069.511 8        51.277 8
G10  22394933.565 9 117686135.015 9      3259.681 9        55.201 9                                                                  22394933.565 8 117686135.015 8      3259.681 8        52.201 8
G12  20804240.484 9 109326998.974 9       202.312 9        55.841 9                                                                  20804240.484 8 109326998.974 8       202.312 8        52.841 8
G17  24671304.219 9 129648512.460 9     -2946.150 9        54.360 9                                                                  24671304.219 8 129648512.460 8     -2946.150 8        51.360 8
G24  24372048.962 9 128075933.155 9      3064.266 9        54.466 9                                                                  24372048.962 8 128075933.155 8      3064.266 8        51.466 8
G30  22605698.007 9 118793712.545 9      2348.533 9        55.120 9                                                                  22605698.007 8 118793712.545 8      2348.533 8        52.120 8
G05  21266048.557 9 111753814.770 9       700.905 9        55.650 9                                                                  21266048.557 8 111753814.770 8       700.905 8        52.650 8
G04  21931012.146 9 115248216.407 9     -2468.427 9        55.383 9                                                                  21931012.146 8 115248216.407 8     -2468.427 8        52.383 8
E04                                                                  23382627.216 9 122876502.249 9      -140.971 9        57.939 9  23382627.216 9 122876502.249 9      -140.971 9        57.939 9
E05                                                                  26119247.154 9 137257506.923 9     -2050.685 9        56.977 9  26119247.154 9 137257506.923 9     -2050.685 9        56.977 9
E11                                                                  26644786.533 9 140019234.757 9     -2398.149 9        56.804 9  26644786.533 9 140019234.757 9     -2398.149 9        56.804 9
E20                                                                  27853436.244 9 146370717.306 9     -1663.759 9        56.419 9  27853436.244 9 146370717.306 9     -1663.759 9        56.419 9
E09                                                                  25022475.491 9 131493946.470 9      2583.438 9        57.350 9  25022475.491 9 131493946.470 9      2583.438 9        57.350 9
E10                                                                  23770135.676 9 124912870.030 9        22.183 9        57.796 9  23770135.676 9 124912870.030 9        22.183 9        57.796 9
E03                                                                  25060191.895 9 131692155.067 9      1951.335 9        57.337 9  25060191.895 9 131692155.067 9      1951.335 9        57.337 9
> 2026 02 03 10 00 26.0000000  0 18       0.000000000000
G02  20300863.216 9 106681735.257 9      -368.192 9        56.054 9                                                                  20300863.216 8 106681735.257 8      -368.192 8        53.054 8
G09  25249055.011 9 132684620.368 9     -2816.866 9        54.159 9                                                                  25249055.011 8 132684620.368 8     -2816.866 8        51.159 8
G13  25239261.298 9 132633143.603 9      1245.003 9        54.163 9                                                                  25239261.298 8 132633143.603 8      1245.003 8        51.163 8
G29  24909481.757 9 130900162.508 9      3069.538 9        54.277 9                                                                  24909481.757 8 130900162.508 8      3069.538 8        51.277 8
G10  22394313.298 9 117682875.494 9      3259.371 9        55.201 9                                                                  22394313.298 8 117682875.494 8      3259.371 8        52.201 8
G12  20804202.048 9 109326796.992 9       201.649 9        55.841 9                                                                  20804202.048 8 109326796.992 8       201.649 8        52.841 8
G17  24671864.864 9 129651458.657 9     -2946.276 9        54.360 9                                                                  24671864.864 8 129651458.657 8     -2946.276 8        51.360 8
G24  24371465.867 9 128072868.971 9      3064.103 9        54.466 9                                                                  24371465.867 8 128072868.971 8      3064.103 8        51.466 8
G30  22605251.142 9 118791364.253 9      2348.052 9        55.120 9                                                                  22605251.142 8 118791364.253 8      2348.052 8        52.120 8
G05  21265915.242 9 111753114.191 9       700.251 9        55.650 9                                                                  21265915.242 8 111753114.191 8       700.251 8        52.650 8
G04  21931481.890 9 115250684.923 9     -2468.617 9        55.383 9                                                                  21931481.890 8 115250684.923 8     -2468.617 8        52.383 8
E04                                                                  23382654.065 9 122876643.343 9      -141.218 9        57.939 9  23382654.065 9 122876643.343 9      -141.218 9        57.939 9
E05                                                                  26119637.402 9 137259557.684 9     -2050.856 9        56.977 9  26119637.402 9 137259557.684 9     -2050.856 9        56.977 9
E11                                                                  26645242.909 9 140021633.021 9     -2398.398 9        56.804 9  26645242.909 9 140021633.021 9     -2398.398 9        56.804 9
E20                                                                  27853752.877 9 146372381.214 9     -1664.071 9        56.419 9  27853752.877 9 146372381.214 9     -1664.071 9        56.419 9
E09                                                                  25021983.906 9 131491363.175 9      2583.164 9        57.350 9  25021983.906 9 131491363.175 9      2583.164 9        57.350 9
E10                                                                  23770131.499 9 124912848.083 9        21.711 9        57.796 9  23770131.499 9 124912848.083 9        21.711 9        57.796 9
E03                                                                  25059820.577 9 131690203.777 9      1951.247 9        57.337 9  25059820.577 9 131690203.777 9      1951.247 9        57.337 9
> 2026 02 03 10 00 27.0000000  0 18       0.000000000000
G02  20300933.319 9 106682103.646 9      -368.588 9        56.054 9                                                                  20300933.319 8 106682103.646 8      -368.588 8        53.054 8
G09  25249591.038 9 132687437.203 9     -2816.819 9        54.159 9                                                                  25249591.038 8 132687437.203 8     -2816.819 8        51.159 8
G13  25239024.424 9 132631898.830 9      1244.555 9        54.163 9                                                                  25239024.424 8 132631898.830 8      1244.555 8        51.163 8
G29  24908897.640 9 130897092.955 9      3069.566 9        54.277 9                                                                  24908897.640 8 130897092.955 8      3069.566 8        51.277 8
G10  22393693.090 9 117679616.282 9      3259.061 9        55.202 9                                                                  22393693.090 8 117679616.282 8      3259.061 8        52.202 8
G12  20804163.739 9 109326595.673 9       200.986 9        55.841 9                                                                  20804163.739 8 109326595.673 8       200.986 8        52.841 8
G17  24672425.533 9 129654404.979 9     -2946.402 9        54.360 9                                                                  24672425.533 8 129654404.979 8     -2946.402 8        51.360 8
G24  24370882.802 9 128069804.949 9      3063.941 9        54.467 9                                                                  24370882.802 8 128069804.949 8      3063.941 8        51.467 8
G30  22604804.368 9 118789016.441 9      2347.571 9        55.120 9                                                                  22604804.368 8 118789016.441 8      2347.571 8        52.120 8
G05  21265782.051 9 111752414.267 9       699.596 9        55.650 9                                                                  21265782.051 8 111752414.267 8       699.596 8        52.650 8
G04  21931951.670 9 115253153.629 9     -2468.808 9        55.383 9                                                                  21931951.670 8 115253153.629 8     -2468.808 8        52.383 8
E04                                                                  23382680.962 9 122876784.684 9      -141.465 9        57.939 9  23382680.962 9 122876784.684 9      -141.465 9        57.939 9
E05                                                                  26120027.683 9 137261608.615 9     -2051.026 9        56.977 9  26120027.683 9 137261608.615 9     -2051.026 9        56.977 9
E11                                                                  26645699.332 9 140024031.534 9     -2398.647 9        56.804 9  26645699.332 9 140024031.534 9     -2398.647 9        56.804 9
E20                                                                  27854069.569 9 146374045.434 9     -1664.382 9        56.419 9  27854069.569 9 146374045.434 9     -1664.382 9        56.419 9
E09                                                                  25021492.372 9 131488780.153 9      2582.890 9        57.350 9  25021492.372 9 131488780.153 9      2582.890 9        57.350 9
E10                                                                  23770127.413 9 124912826.608 9        21.240 9        57.796 9  23770127.413 9 124912826.608 9        21.240 9        57.796 9
E03                                                                  25059449.275 9 131688252.574 9      1951.160 9        57.337 9  25059449.275 9 131688252.574 9      1951.160 9        57.337 9
> 2026 02 03 10 00 28.0000000  0 18       0.000000000000
G02  20301003.497 9 106682472.432 9      -368.984 9        56.054 9                                                                  20301003.497 8 106682472.432 8      -368.984 8        53.054 8
G09  25250127.057 9 132690253.992 9     -2816.772 9        54.159 9                                                                  25250127.057 8 132690253.992 8     -2816.772 8        51.159 8
G13  25238787.636 9 132630654.504 9      1244.108 9        54.163 9                                                                  25238787.636 8 132630654.504 8      1244.108 8        51.163 8
G29  24908313.518 9 130894023.374 9      3069.593 9        54.277 9                                                                  24908313.518 8 130894023.374 8      3069.593 8        51.277 8
G10  22393072.941 9 117676357.382 9      3258.750 9        55.202 9                                                                  22393072.941 8 117676357.382 8      3258.750 8        52.202 8
G12  20804125.555 9 109326395.018 9       200.323 9        55.841 9                                                                  20804125.555 8 109326395.018 8       200.323 8        52.841 8
G17  24672986.226 9 129657351.428 9     -2946.527 9        54.360 9                                                                  24672986.226 8 129657351.428 8     -2946.527 8        51.360 8
G24  24370299.769 9 128066741.090 9      3063.778 9        54.467 9                                                                  24370299.769 8 128066741.090 8      3063.778 8        51.467 8
G30  22604357.685 9 118786669.111 9      2347.089 9        55.120 9                                                                  22604357.685 8 118786669.111 8      2347.089 8        52.120 8
G05  21265648.984 9 111751714.997 9       698.942 9        55.650 9                                                                  21265648.984 8 111751714.997 8       698.942 8        52.650 8
G04  21932421.487 9 115255622.525 9     -2468.998 9        55.382 9                                                                  21932421.487 8 115255622.525 8     -2468.998 8        52.382 8
E04                                                                  23382707.905 9 122876926.271 9      -141.711 9        57.939 9  23382707.905 9 122876926.271 9      -141.711 9        57.939 9
E05                                                                  26120417.996 9 137263659.717 9     -2051.197 9        56.977 9  26120417.996 9 137263659.717 9     -2051.197 9        56.977 9
E11                                                                  26646155.803 9 140026430.296 9     -2398.896 9        56.804 9  26646155.803 9 140026430.296 9     -2398.896 9        56.804 9
E20                                                                  27854386.321 9 146375709.965 9     -1664.693 9        56.419 9  27854386.321 9 146375709.965 9     -1664.693 9        56.419 9
E09                                                                  25021000.890 9 131486197.404 9      2582.617 9        57.350 9  25021000.890 9 131486197.404 9      2582.617 9        57.350 9
E10                                                                  23770123.416 9 124912805.604 9        20.768 9        57.796 9  23770123.416 9 124912805.604 9        20.768 9        57.796 9
E03                                                                  25059077.989 9 131686301.458 9      1951.073 9        57.337 9  25059077.989 9 131686301.458 9      1951.073 9        57.337 9
> 2026 02 03 10 00 29.0000000  0 18       0.000000000000
G02  20301073.750 9 106682841.613 9      -369.380 9        56.054 9                                                                  20301073.750 8 106682841.613 8      -369.380 8        53.054 8
G09  25250663.067 9 132693070.734 9     -2816.725 9        54.159 9                                                                  25250663.067 8 132693070.734 8     -2816.725 8        51.159 8
G13  25238550.933 9 132629410.626 9      1243.660 9        54.163 9                                                                  25238550.933 8 132629410.626 8      1243.660 8        51.163 8
G29  24907729.391 9 130890953.766 9      3069.621 9        54.277 9                                                                  24907729.391 8 130890953.766 8      3069.621 8        51.277 8
G10  22392452.851 9 117673098.791 9      3258.440 9        55.202 9                                                                  22392452.851 8 117673098.791 8      3258.440 8        52.202 8
G12  20804087.498 9 109326195.025 9       199.661 9        55.841 9                                                                  20804087.498 8 109326195.025 8       199.661 8        52.841 8
G17  24673546.943 9 129660298.002 9     -2946.653 9        54.359 9                                                                  24673546.943 8 129660298.002 8     -2946.653 8        51.359 8
G24  24369716.766 9 128063677.393 9      3063.616 9        54.467 9                                                                  24369716.766 8 128063677.393 8      3063.616 8        51.467 8
G30  22603911.095 9 118784322.262 9      2346.608 9        55.120 9                                                                  22603911.095 8 118784322.262 8      2346.608 8        52.120 8
G05  21265516.042 9 111751016.382 9       698.288 9        55.651 9                                                                  21265516.042 8 111751016.382 8       698.288 8        52.651 8
G04  21932891.339 9 115258091.611 9     -2469.188 9        55.382 9                                                                  21932891.339 8 115258091.611 8     -2469.188 8        52.382 8
E04                                                                  23382734.895 9 122877068.104 9      -141.958 9        57.939 9  23382734.895 9 122877068.104 9      -141.958 9        57.939 9
E05                                                                  26120808.342 9 137265710.989 9     -2051.367 9        56.977 9  26120808.342 9 137265710.989 9     -2051.367 9        56.977 9
E11                                                                  26646612.321 9 140028829.307 9     -2399.145 9        56.804 9  26646612.321 9 140028829.307 9     -2399.145 9        56.804 9
E20                                                                  27854703.131 9 146377374.808 9     -1665.005 9        56.419 9  27854703.131 9 146377374.808 9     -1665.005 9        56.419 9
E09                                                                  25020509.460 9 131483614.929 9      2582.343 9        57.351 9  25020509.460 9 131483614.929 9      2582.343 9        57.351 9
E10                                                                  23770119.509 9 124912785.072 9        20.297 9        57.796 9  23770119.509 9 124912785.072 9        20.297 9        57.796 9
E03                                                                  25058706.720 9 131684350.430 9      1950.986 9        57.337 9  25058706.720 9 131684350.430 9      1950.986 9        57.337 9
> 2026 02 03 10 00 30.0000000  0 18       0.000000000000
G02  20301144.078 9 106683211.191 9      -369.776 9        56.054 9                                                                  20301144.078 8 106683211.191 8      -369.776 8        53.054 8
G09  25251199.068 9 132695887.429 9     -2816.678 9        54.158 9                                                                  25251199.068 8 132695887.429 8     -2816.678 8        51.158 8
G13  25238314.316 9 132628167.195 9      1243.212 9        54.163 9                                                                  25238314.316 8 132628167.195 8      1243.212 8        51.163 8
G29  24907145.258 9 130887884.130 9      3069.648 9        54.278 9                                                                  24907145.258 8 130887884.130 8      3069.648 8        51.278 8
G10  22391832.820 9 117669840.511 9      3258.129 9        55.202 9                                                                  22391832.820 8 117669840.511 8      3258.129 8        52.202 8
G12  20804049.567 9 109325995.695 9       198.998 9        55.841 9                                                                  20804049.567 8 109325995.695 8       198.998 8        52.841 8
G17  24674107.684 9 129663244.703 9     -2946.779 9        54.359 9                                                                  24674107.684 8 129663244.703 8     -2946.779 8        51.359 8
G24  24369133.794 9 128060613.859 9      3063.453 9        54.467 9                                                                  24369133.794 8 128060613.859 8      3063.453 8        51.467 8
G30  22603464.595 9 118781975.895 9      2346.127 9        55.121 9                                                                  22603464.595 8 118781975.895 8      2346.127 8        52.121 8
G05  21265383.224 9 111750318.421 9       697.633 9        55.651 9                                                                  21265383.224 8 111750318.421 8       697.633 8        52.651 8
G04  21933361.227 9 115260560.888 9     -2469.377 9        55.382 9                                                                  21933361.227 8 115260560.888 8     -2469.377 8        52.382 8
E04                                                                  23382761.932 9 122877210.185 9      -142.204 9        57.939 9  23382761.932 9 122877210.185 9      -142.204 9        57.939 9
E05                                                                  26121198.719 9 137267762.431 9     -2051.537 9        56.977 9  26121198.719 9 137267762.431 9     -2051.537 9        56.977 9
E11                                                                  26647068.886 9 140031228.567 9     -2399.394 9        56.803 9  26647068.886 9 140031228.567 9     -2399.394 9        56.803 9
E20                                                                  27855020.001 9 146379039.962 9     -1665.316 9        56.418 9  27855020.001 9 146379039.962 9     -1665.316 9        56.418 9
E09                                                                  25020018.083 9 131481032.728 9      2582.069 9        57.351 9  25020018.083 9 131481032.728 9      2582.069 9        57.351 9
E10                                                                  23770115.691 9 124912765.011 9        19.825 9        57.796 9  23770115.691 9 124912765.011 9        19.825 9        57.796 9
E03                                                                  25058335.468 9 131682399.489 9      1950.899 9        57.337 9  25058335.468 9 131682399.489 9      1950.899 9        57.337 9
> 2026 02 03 10 00 31.0000000  0 18       0.000000000000
G02  20301214.482 9 106683581.164 9      -370.172 9        56.054 9                                                                  20301214.482 8 106683581.164 8      -370.172 8        53.054 8
G09  25251735.060 9 132698704.077 9     -2816.631 9        54.158 9                                                                  25251735.060 8 132698704.077 8     -2816.631 8        51.158 8
G13  25238077.783 9 132626924.213 9      1242.764 9        54.163 9                                                                  25238077.783 8 132626924.213 8      1242.764 8        51.163 8
G29  24906561.120 9 130884814.467 9      3069.676 9        54.278 9                                                                  24906561.120 8 130884814.467 8      3069.676 8        51.278 8
G10  22391212.848 9 117666582.541 9      3257.819 9        55.203 9                                                                  22391212.848 8 117666582.541 8      3257.819 8        52.203 8
G12  20804011.762 9 109325797.028 9       198.335 9        55.841 9                                                                  20804011.762 8 109325797.028 8       198.335 8        52.841 8
G17  24674668.449 9 129666191.529 9     -2946.905 9        54.359 9                                                                  24674668.449 8 129666191.529 8     -2946.905 8        51.359 8
G24  24368550.853 9 128057550.487 9      3063.291 9        54.467 9                                                                  24368550.853 8 128057550.487 8      3063.291 8        51.467 8
G30  22603018.188 9 118779630.009 9      2345.645 9        55.121 9                                                                  22603018.188 8 118779630.009 8      2345.645 8        52.121 8
G05  21265250.531 9 111749621.114 9       696.979 9        55.651 9                                                                  21265250.531 8 111749621.114 8       696.979 8        52.651 8
G04  21933831.152 9 115263030.354 9     -2469.567 9        55.382 9                                                                  21933831.152 8 115263030.354 8     -2469.567 8        52.382 8
E04                                                                  23382789.016 9 122877352.512 9      -142.451 9        57.939 9  23382789.016 9 122877352.512 9      -142.451 9        57.939 9
E05                                                                  26121589.130 9 137269814.044 9     -2051.707 9        56.976 9  26121589.130 9 137269814.044 9     -2051.707 9        56.976 9
E11                                                                  26647525.499 9 140033628.076 9     -2399.643 9        56.803 9  26647525.499 9 140033628.076 9     -2399.643 9        56.803 9
E20                                                                  27855336.930 9 146380705.427 9     -1665.627 9        56.418 9  27855336.930 9 146380705.427 9     -1665.627 9        56.418 9
E09                                                                  25019526.757 9 131478450.801 9      2581.795 9        57.351 9  25019526.757 9 131478450.801 9      2581.795 9        57.351 9
E10                                                                  23770111.963 9 124912745.421 9        19.354 9        57.796 9  23770111.963 9 124912745.421 9        19.354 9        57.796 9
E03                                                                  25057964.233 9 131680448.635 9      1950.811 9        57.338 9  25057964.233 9 131680448.635 9      1950.811 9        57.338 9
> 2026 02 03 10 00 32.0000000  0 18       0.000000000000
G02  20301284.961 9 106683951.534 9      -370.568 9        56.054 9                                                                  20301284.961 8 106683951.534 8      -370.568 8        53.054 8
G09  25252271.043 9 132701520.678 9     -2816.584 9        54.158 9                                                                  25252271.043 8 132701520.678 8     -2816.584 8        51.158 8
G13  25237841.336 9 132625681.678 9      1242.316 9        54.163 9                                                                  25237841.336 8 132625681.678 8      1242.316 8        51.163 8
G29  24905976.977 9 130881744.776 9      3069.703 9        54.278 9                                                                  24905976.977 8 130881744.776 8      3069.703 8        51.278 8
G10  22390592.935 9 117663324.882 9      3257.508 9        55.203 9                                                                  22390592.935 8 117663324.882 8      3257.508 8        52.203 8
G12  20803974.083 9 109325599.024 9       197.672 9        55.841 9                                                                  20803974.083 8 109325599.024 8       197.672 8        52.841 8
G17  24675229.238 9 129669138.481 9     -2947.031 9        54.359 9                                                                  24675229.238 8 129669138.481 8     -2947.031 8        51.359 8
G24  24367967.943 9 128054487.278 9      3063.128 9        54.468 9                                                                  24367967.943 8 128054487.278 8      3063.128 8        51.468 8
G30  22602571.872 9 118777284.604 9      2345.164 9        55.121 9                                                                  22602571.872 8 118777284.604 8      2345.164 8        52.121 8
G05  21265117.963 9 111748924.462 9       696.324 9        55.651 9                                                                  21265117.963 8 111748924.462 8       696.324 8        52.651 8
G04  21934301.113 9 115265500.010 9     -2469.757 9        55.382 9                                                                  21934301.113 8 115265500.010 8     -2469.757 8        52.382 8
E04                                                                  23382816.147 9 122877495.085 9      -142.698 9        57.939 9  23382816.147 9 122877495.085 9      -142.698 9        57.939 9
E05                                                                  26121979.573 9 137271865.827 9     -2051.878 9        56.976 9  26121979.573 9 137271865.827 9     -2051.878 9        56.976 9
E11                                                                  26647982.159 9 140036027.834 9     -2399.892 9        56.803 9  26647982.159 9 140036027.834 9     -2399.892 9        56.803 9
E20                                                                  27855653.918 9 146382371.204 9     -1665.938 9        56.418 9  27855653.918 9 146382371.204 9     -1665.938 9        56.418 9
E09                                                                  25019035.484 9 131475869.147 9      2581.522 9        57.351 9  25019035.484 9 131475869.147 9      2581.522 9        57.351 9
E10                                                                  23770108.325 9 124912726.303 9        18.883 9        57.796 9  23770108.325 9 124912726.303 9        18.883 9        57.796 9
E03                                                                  25057593.013 9 131678497.867 9      1950.724 9        57.338 9  25057593.013 9 131678497.867 9      1950.724 9        57.338 9
> 2026 02 03 10 00 33.0000000  0 18       0.000000000000
G02  20301355.516 9 106684322.299 9      -370.964 9        56.054 9                                                                  20301355.516 8 106684322.299 8      -370.964 8        53.054 8
G09  25252807.017 9 132704337.231 9     -2816.536 9        54.158 9                                                                  25252807.017 8 132704337.231 8     -2816.536 8        51.158 8
G13  25237604.974 9 132624439.591 9      1241.868 9        54.163 9                                                                  25237604.974 8 132624439.591 8      1241.868 8        51.163 8
G29  24905392.829 9 130878675.058 9      3069.731 9        54.278 9                                                                  24905392.829 8 130878675.058 8      3069.731 8        51.278 8
G10  22389973.082 9 117660067.533 9      3257.198 9        55.203 9                                                                  22389973.082 8 117660067.533 8      3257.198 8        52.203 8
G12  20803936.531 9 109325401.683 9       197.009 9        55.841 9                                                                  20803936.531 8 109325401.683 8       197.009 8        52.841 8
G17  24675790.050 9 129672085.559 9     -2947.157 9        54.359 9                                                                  24675790.050 8 129672085.559 8     -2947.157 8        51.359 8
G24  24367385.064 9 128051424.231 9      3062.966 9        54.468 9                                                                  24367385.064 8 128051424.231 8      3062.966 8        51.468 8
G30  22602125.647 9 118774939.681 9      2344.682 9        55.121 9                                                                  22602125.647 8 118774939.681 8      2344.682 8        52.121 8
G05  21264985.519 9 111748228.464 9       695.670 9        55.651 9                                                                  21264985.519 8 111748228.464 8       695.670 8        52.651 8
G04  21934771.110 9 115267969.855 9     -2469.947 9        55.381 9                                                                  21934771.110 8 115267969.855 8     -2469.947 8        52.381 8
E04                                                                  23382843.325 9 122877637.905 9      -142.944 9        57.939 9  23382843.325 9 122877637.905 9      -142.944 9        57.939 9
E05                                                                  26122370.048 9 137273917.780 9     -2052.048 9        56.976 9  26122370.048 9 137273917.780 9     -2052.048 9        56.976 9
E11                                                                  26648438.867 9 140038427.841 9     -2400.140 9        56.803 9  26648438.867 9 140038427.841 9     -2400.140 9        56.803 9
E20                                                                  27855970.966 9 146384037.291 9     -1666.249 9        56.418 9  27855970.966 9 146384037.291 9     -1666.249 9        56.418 9
E09                                                                  25018544.263 9 131473287.768 9      2581.248 9        57.351 9  25018544.263 9 131473287.768 9      2581.248 9        57.351 9
E10                                                                  23770104.777 9 124912707.657 9        18.411 9        57.796 9  23770104.777 9 124912707.657 9        18.411 9        57.796 9
E03                                                                  25057221.811 9 131676547.188 9      1950.637 9        57.338 9  25057221.811 9 131676547.188 9      1950.637 9        57.338 9
> 2026 02 03 10 00 34.0000000  0 18       0.000000000000
G02  20301426.145 9 106684693.460 9      -371.360 9        56.054 9                                                                  20301426.145 8 106684693.460 8      -371.360 8        53.054 8
G09  25253342.982 9 132707153.737 9     -2816.489 9        54.158 9                                                                  25253342.982 8 132707153.737 8     -2816.489 8        51.158 8
G13  25237368.697 9 132623197.953 9      1241.420 9        54.163 9                                                                  25237368.697 8 132623197.953 8      1241.420 8        51.163 8
G29  24904808.675 9 130875605.313 9      3069.758 9        54.278 9                                                                  24904808.675 8 130875605.313 8      3069.758 8        51.278 8
G10  22389353.287 9 117656810.496 9      3256.887 9        55.203 9                                                                  22389353.287 8 117656810.496 8      3256.887 8        52.203 8
G12  20803899.104 9 109325205.005 9       196.345 9        55.841 9                                                                  20803899.104 8 109325205.005 8       196.345 8        52.841 8
G17  24676350.887 9 129675032.763 9     -2947.283 9        54.358 9                                                                  24676350.887 8 129675032.763 8     -2947.283 8        51.358 8
G24  24366802.216 9 128048361.347 9      3062.803 9        54.468 9                                                                  24366802.216 8 128048361.347 8      3062.803 8        51.468 8
G30  22601679.515 9 118772595.240 9      2344.200 9        55.121 9                                                                  22601679.515 8 118772595.240 8      2344.200 8        52.121 8
G05  21264853.200 9 111747533.121 9       695.015 9        55.651 9                                                                  21264853.200 8 111747533.121 8       695.015 8        52.651 8
G04  21935241.143 9 115270439.890 9     -2470.136 9        55.381 9                                                                  21935241.143 8 115270439.890 8     -2470.136 8        52.381 8
E04                                                                  23382870.550 9 122877780.972 9      -143.191 9        57.939 9  23382870.550 9 122877780.972 9      -143.191 9        57.939 9
E05                                                                  26122760.555 9 137275969.904 9     -2052.219 9        56.976 9  26122760.555 9 137275969.904 9     -2052.219 9        56.976 9
E11                                                                  26648895.622 9 140040828.096 9     -2400.389 9        56.803 9  26648895.622 9 140040828.096 9     -2400.389 9        56.803 9
E20                                                                  27856288.073 9 146385703.689 9     -1666.560 9        56.418 9  27856288.073 9 146385703.689 9     -1666.560 9        56.418 9
E09                                                                  25018053.094 9 131470706.662 9      2580.974 9        57.351 9  25018053.094 9 131470706.662 9      2580.974 9        57.351 9
E10                                                                  23770101.318 9 124912689.481 9        17.940 9        57.796 9  23770101.318 9 124912689.481 9        17.940 9        57.796 9
E03                                                                  25056850.625 9 131674596.596 9      1950.549 9        57.338 9  25056850.625 9 131674596.596 9      1950.549 9        57.338 9
> 2026 02 03 10 00 35.0000000  0 18       0.000000000000
G02  20301496.851 9 106685065.018 9      -371.756 9        56.053 9                                                                  20301496.851 8 106685065.018 8      -371.756 8        53.053 8
G09  25253878.938 9 132709970.196 9     -2816.442 9        54.157 9                                                                  25253878.938 8 132709970.196 8     -2816.442 8        51.157 8
G13  25237132.505 9 132621956.763 9      1240.972 9        54.163 9                                                                  25237132.505 8 132621956.763 8      1240.972 8        51.163 8
G29  24904224.516 9 130872535.541 9      3069.785 9        54.279 9                                                                  24904224.516 8 130872535.541 8      3069.785 8        51.279 8
G10  22388733.552 9 117653553.769 9      3256.576 9        55.203 9                                                                  22388733.552 8 117653553.769 8      3256.576 8        52.203 8
G12  20803861.804 9 109325008.990 9       195.682 9        55.841 9                                                                  20803861.804 8 109325008.990 8       195.682 8        52.841 8
G17  24676911.748 9 129677980.092 9     -2947.408 9        54.358 9                                                                  24676911.748 8 129677980.092 8     -2947.408 8        51.358 8
G24  24366219.398 9 128045298.625 9      3062.641 9        54.468 9                                                                  24366219.398 8 128045298.625 8      3062.641 8        51.468 8
G30  22601233.474 9 118770251.280 9      2343.718 9        55.121 9                                                                  22601233.474 8 118770251.280 8      2343.718 8        52.121 8
G05  21264721.005 9 111746838.432 9       694.360 9        55.651 9                                                                  21264721.005 8 111746838.432 8       694.360 8        52.651 8
G04  21935711.212 9 115272910.116 9     -2470.326 9        55.381 9                                                                  21935711.212 8 115272910.116 8     -2470.326 8        52.381 8
E04                                                                  23382897.822 9 122877924.286 9      -143.438 9        57.939 9  23382897.822 9 122877924.286 9      -143.438 9        57.939 9
E05                                                                  26123151.095 9 137278022.199 9     -2052.389 9        56.976 9  26123151.095 9 137278022.199 9     -2052.389 9        56.976 9
E11                                                                  26649352.424 9 140043228.601 9     -2400.638 9        56.803 9  26649352.424 9 140043228.601 9     -2400.638 9        56.803 9
E20                                                                  27856605.238 9 146387370.399 9     -1666.871 9        56.418 9  27856605.238 9 146387370.399 9     -1666.871 9        56.418 9
E09                                                                  25017561.977 9 131468125.831 9      2580.700 9        57.352 9  25017561.977 9 131468125.831 9      2580.700 9        57.352 9
E10                                                                  23770097.949 9 124912671.777 9        17.468 9        57.796 9  23770097.949 9 124912671.777 9        17.468 9        57.796 9
E03                                                                  25056479.456 9 131672646.091 9      1950.462 9        57.338 9  25056479.456 9 131672646.091 9      1950.462 9        57.338 9
> 2026 02 03 10 00 36.0000000  0 18       0.000000000000
G02  20301567.631 9 106685436.971 9      -372.152 9        56.053 9                                                                  20301567.631 8 106685436.971 8      -372.152 8        53.053 8
G09  25254414.885 9 132712786.607 9     -2816.394 9        54.157 9                                                                  25254414.885 8 132712786.607 8     -2816.394 8        51.157 8
G13  25236896.399 9 132620716.020 9      1240.524 9        54.163 9                                                                  25236896.399 8 132620716.020 8      1240.524 8        51.163 8
G29  24903640.353 9 130869465.741 9      3069.812 9        54.279 9                                                                  24903640.353 8 130869465.741 8      3069.812 8        51.279 8
G10  22388113.876 9 117650297.353 9      3256.265 9        55.204 9                                                                  22388113.876 8 117650297.353 8      3256.265 8        52.204 8
G12  20803824.630 9 109324813.638 9       195.019 9        55.841 9                                                                  20803824.630 8 109324813.638 8       195.019 8        52.841 8
G17  24677472.632 9 129680927.548 9     -2947.534 9        54.358 9                                                                  24677472.632 8 129680927.548 8     -2947.534 8        51.358 8
G24  24365636.612 9 128042236.066 9      3062.478 9        54.469 9                                                                  24365636.612 8 128042236.066 8      3062.478 8        51.469 8
G30  22600787.525 9 118767907.803 9      2343.236 9        55.122 9                                                                  22600787.525 8 118767907.803 8      2343.236 8        52.122 8
G05  21264588.935 9 111746144.399 9       693.706 9        55.651 9                                                                  21264588.935 8 111746144.399 8       693.706 8        52.651 8
G04  21936181.317 9 115275380.530 9     -2470.516 9        55.381 9                                                                  21936181.317 8 115275380.530 8     -2470.516 8        52.381 8
E04                                                                  23382925.141 9 122878067.847 9      -143.685 9        57.938 9  23382925.141 9 122878067.847 9      -143.685 9        57.938 9
E05                                                                  26123541.668 9 137280074.663 9     -2052.559 9        56.976 9  26123541.668 9 137280074.663 9     -2052.559 9        56.976 9
E11                                                                  26649809.273 9 140045629.353 9     -2400.886 9        56.803 9  26649809.273 9 140045629.353 9     -2400.886 9        56.803 9
E20                                                                  27856922.463 9 146389037.419 9     -1667.182 9        56.418 9  27856922.463 9 146389037.419 9     -1667.182 9        56.418 9
E09                                                                  25017070.912 9 131465545.273 9      2580.426 9        57.352 9  25017070.912 9 131465545.273 9      2580.426 9        57.352 9
E10                                                                  23770094.670 9 124912654.545 9        16.997 9        57.796 9  23770094.670 9 124912654.545 9        16.997 9        57.796 9
E03                                                                  25056108.304 9 131670695.673 9      1950.375 9        57.338 9  25056108.304 9 131670695.673 9      1950.375 9        57.338 9
> 2026 02 03 10 00 37.0000000  0 18       0.000000000000
G02  20301638.487 9 106685809.319 9      -372.548 9        56.053 9                                                                  20301638.487 8 106685809.319 8      -372.548 8        53.053 8
G09  25254950.823 9 132715602.970 9     -2816.346 9        54.157 9                                                                  25254950.823 8 132715602.970 8     -2816.346 8        51.157 8
G13  25236660.378 9 132619475.727 9      1240.075 9        54.163 9                                                                  25236660.378 8 132619475.727 8      1240.075 8        51.163 8
G29  24903056.183 9 130866395.914 9      3069.840 9        54.279 9                                                                  24903056.183 8 130866395.914 8      3069.840 8        51.279 8
G10  22387494.259 9 117647041.248 9      3255.953 9        55.204 9                                                                  22387494.259 8 117647041.248 8      3255.953 8        52.204 8
G12  20803787.582 9 109324618.949 9       194.356 9        55.841 9                                                                  20803787.582 8 109324618.949 8       194.356 8        52.841 8
G17  24678033.540 9 129683875.129 9     -2947.660 9        54.358 9                                                                  24678033.540 8 129683875.129 8     -2947.660 8        51.358 8
G24  24365053.857 9 128039173.670 9      3062.315 9        54.469 9                                                                  24365053.857 8 128039173.670 8      3062.315 8        51.469 8
G30  22600341.667 9 118765564.807 9      2342.755 9        55.122 9                                                                  22600341.667 8 118765564.807 8      2342.755 8        52.122 8
G05  21264456.989 9 111745451.019 9       693.051 9        55.651 9                                                                  21264456.989 8 111745451.019 8       693.051 8        52.651 8
G04  21936651.458 9 115277851.134 9     -2470.705 9        55.381 9                                                                  21936651.458 8 115277851.134 8     -2470.705 8        52.381 8
E04                                                                  23382952.506 9 122878211.654 9      -143.931 9        57.938 9  23382952.506 9 122878211.654 9      -143.931 9        57.938 9
E05                                                                  26123932.273 9 137282127.298 9     -2052.730 9        56.976 9  26123932.273 9 137282127.298 9     -2052.730 9        56.976 9
E11                                                                  26650266.170 9 140048030.354 9     -2401.135 9        56.802 9  26650266.170 9 140048030.354 9     -2401.135 9        56.802 9
E20                                                                  27857239.748 9 146390704.750 9     -1667.493 9        56.418 9  27857239.748 9 146390704.750 9     -1667.493 9        56.418 9
E09                                                                  25016579.899 9 131462964.990 9      2580.152 9        57.352 9  25016579.899 9 131462964.990 9      2580.152 9        57.352 9
E10                                                                  23770091.480 9 124912637.783 9        16.526 9        57.796 9  23770091.480 9 124912637.783 9        16.526 9        57.796 9
E03                                                                  25055737.168 9 131668745.343 9      1950.287 9        57.338 9  25055737.168 9 131668745.343 9      1950.287 9        57.338 9
> 2026 02 03 10 00 38.0000000  0 18       0.000000000000
G02  20301709.418 9 106686182.064 9      -372.943 9        56.053 9                                                                  20301709.418 8 106686182.064 8      -372.943 8        53.053 8
G09  25255486.752 9 132718419.286 9     -2816.298 9        54.157 9                                                                  25255486.752 8 132718419.286 8     -2816.298 8        51.157 8
G13  25236424.443 9 132618235.881 9      1239.627 9        54.164 9                                                                  25236424.443 8 132618235.881 8      1239.627 8        51.164 8
G29  24902472.009 9 130863326.059 9      3069.867 9        54.279 9                                                                  24902472.009 8 130863326.059 8      3069.867 8        51.279 8
G10  22386874.701 9 117643785.455 9      3255.642 9        55.204 9                                                                  22386874.701 8 117643785.455 8      3255.642 8        52.204 8
G12  20803750.660 9 109324424.924 9       193.693 9        55.841 9                                                                  20803750.660 8 109324424.924 8       193.693 8        52.841 8
G17  24678594.473 9 129686822.836 9     -2947.786 9        54.358 9                                                                  24678594.473 8 129686822.836 8     -2947.786 8        51.358 8
G24  24364471.133 9 128036111.437 9      3062.152 9        54.469 9                                                                  24364471.133 8 128036111.437 8      3062.152 8        51.469 8
G30  22599895.901 9 118763222.294 9      2342.272 9        55.122 9                                                                  22599895.901 8 118763222.294 8      2342.272 8        52.122 8
G05  21264325.168 9 111744758.295 9       692.396 9        55.651 9                                                                  21264325.168 8 111744758.295 8       692.396 8        52.651 8
G04  21937121.635 9 115280321.928 9     -2470.895 9        55.380 9                                                                  21937121.635 8 115280321.928 8     -2470.895 8        52.380 8
E04                                                                  23382979.919 9 122878355.708 9      -144.178 9        57.938 9  23382979.919 9 122878355.708 9      -144.178 9        57.938 9
E05                                                                  26124322.910 9 137284180.103 9     -2052.900 9        56.976 9  26124322.910 9 137284180.103 9     -2052.900 9        56.976 9
E11                                                                  26650723.114 9 140050431.604 9     -2401.383 9        56.802 9  26650723.114 9 140050431.604 9     -2401.383 9        56.802 9
E20                                                                  27857557.091 9 146392372.392 9     -1667.804 9        56.418 9  27857557.091 9 146392372.392 9     -1667.804 9        56.418 9
E09                                                                  25016088.939 9 131460384.980 9      2579.877 9        57.352 9  25016088.939 9 131460384.980 9      2579.877 9        57.352 9
E10                                                                  23770088.380 9 124912621.493 9        16.054 9        57.796 9  23770088.380 9 124912621.493 9        16.054 9        57.796 9
E03                                                                  25055366.049 9 131666795.101 9      1950.200 9        57.338 9  25055366.049 9 131666795.101 9      1950.200 9        57.338 9
> 2026 02 03 10 00 39.0000000  0 18       0.000000000000
G02  20301780.424 9 106686555.204 9      -373.339 9        56.053 9                                                                  20301780.424 8 106686555.204 8      -373.339 8        53.053 8
G09  25256022.671 9 132721235.554 9     -2816.250 9        54.157 9                                                                  25256022.671 8 132721235.554 8     -2816.250 8        51.157 8
G13  25236188.592 9 132616996.484 9      1239.178 9        54.164 9                                                                  25236188.592 8 132616996.484 8      1239.178 8        51.164 8
G29  24901887.830 9 130860256.177 9      3069.894 9        54.279 9                                                                  24901887.830 8 130860256.177 8      3069.894 8        51.279 8
G10  22386255.203 9 117640529.973 9      3255.331 9        55.204 9                                                                  22386255.203 8 117640529.973 8      3255.331 8        52.204 8
G12  20803713.865 9 109324231.561 9       193.030 9        55.841 9                                                                  20803713.865 8 109324231.561 8       193.030 8        52.841 8
G17  24679155.429 9 129689770.669 9     -2947.912 9        54.357 9                                                                  24679155.429 8 129689770.669 8     -2947.912 8        51.357 8
G24  24363888.439 9 128033049.366 9      3061.990 9        54.469 9                                                                  24363888.439 8 128033049.366 8      3061.990 8        51.469 8
G30  22599450.227 9 118760880.262 9      2341.790 9        55.122 9                                                                  22599450.227 8 118760880.262 8      2341.790 8        52.122 8
G05  21264193.472 9 111744066.225 9       691.742 9        55.651 9                                                                  21264193.472 8 111744066.225 8       691.742 8        52.651 8
G04  21937591.849 9 115282792.911 9     -2471.084 9        55.380 9                                                                  21937591.849 8 115282792.911 8     -2471.084 8        52.380 8
E04                                                                  23383007.379 9 122878500.009 9      -144.425 9        57.938 9  23383007.379 9 122878500.009 9      -144.425 9        57.938 9
E05                                                                  26124713.580 9 137286233.079 9     -2053.070 9        56.975 9  26124713.580 9 137286233.079 9     -2053.070 9        56.975 9
E11                                                                  26651180.106 9 140052833.103 9     -2401.632 9        56.802 9  26651180.106 9 140052833.103 9     -2401.632 9        56.802 9
E20                                                                  27857874.493 9 146394040.345 9     -1668.114 9        56.418 9  27857874.493 9 146394040.345 9     -1668.114 9        56.418 9
E09                                                                  25015598.031 9 131457805.245 9      2579.603 9        57.352 9  25015598.031 9 131457805.245 9      2579.603 9        57.352 9
E10                                                                  23770085.370 9 124912605.675 9        15.583 9        57.796 9  23770085.370 9 124912605.675 9        15.583 9        57.796 9
E03                                                                  25054994.946 9 131664844.946 9      1950.112 9        57.339 9  25054994.946 9 131664844.946 9      1950.112 9        57.339 9
> 2026 02 03 10 00 40.0000000  0 18       0.000000000000
G02  20301851.506 9 106686928.740 9      -373.735 9        56.053 9                                                                  20301851.506 8 106686928.740 8      -373.735 8        53.053 8
G09  25256558.582 9 132724051.773 9     -2816.202 9        54.157 9                                                                  25256558.582 8 132724051.773 8     -2816.202 8        51.157 8
G13  25235952.828 9 132615757.536 9      1238.730 9        54.164 9                                                                  25235952.828 8 132615757.536 8      1238.730 8        51.164 8
G29  24901303.645 9 130857186.269 9      3069.921 9        54.280 9                                                                  24901303.645 8 130857186.269 8      3069.921 8        51.280 8
G10  22385635.764 9 117637274.802 9      3255.019 9        55.205 9                                                                  22385635.764 8 117637274.802 8      3255.019 8        52.205 8
G12  20803677.195 9 109324038.862 9       192.367 9        55.841 9                                                                  20803677.195 8 109324038.862 8       192.367 8        52.841 8
G17  24679716.409 9 129692718.627 9     -2948.037 9        54.357 9                                                                  24679716.409 8 129692718.627 8     -2948.037 8        51.357 8
G24  24363305.777 9 128029987.458 9      3061.827 9        54.469 9                                                                  24363305.777 8 128029987.458 8      3061.827 8        51.469 8
G30  22599004.645 9 118758538.713 9      2341.308 9        55.122 9                                                                  22599004.645 8 118758538.713 8      2341.308 8        52.122 8
G05  21264061.900 9 111743374.810 9       691.087 9        55.651 9                                                                  21264061.900 8 111743374.810 8       691.087 8        52.651 8
G04  21938062.098 9 115285264.083 9     -2471.273 9        55.380 9                                                                  21938062.098 8 115285264.083 8     -2471.273 8        52.380 8
E04                                                                  23383034.886 9 122878644.557 9      -144.672 9        57.938 9  23383034.886 9 122878644.557 9      -144.672 9        57.938 9
E05                                                                  26125104.282 9 137288286.224 9     -2053.241 9        56.975 9  26125104.282 9 137288286.224 9     -2053.241 9        56.975 9
E11                                                                  26651637.144 9 140055234.849 9     -2401.880 9        56.802 9  26651637.144 9 140055234.849 9     -2401.880 9        56.802 9
E20                                                                  27858191.955 9 146395708.608 9     -1668.425 9        56.417 9  27858191.955 9 146395708.608 9     -1668.425 9        56.417 9
E09                                                                  25015107.174 9 131455225.784 9      2579.329 9        57.352 9  25015107.174 9 131455225.784 9      2579.329 9        57.352 9
E10                                                                  23770082.450 9 124912590.327 9        15.112 9        57.796 9  23770082.450 9 124912590.327 9        15.112 9        57.796 9
E03                                                                  25054623.860 9 131662894.878 9      1950.025 9        57.339 9  25054623.860 9 131662894.878 9      1950.025 9        57.339 9
> 2026 02 03 10 00 41.0000000  0 18       0.000000000000
G02  20301922.663 9 106687302.671 9      -374.130 9        56.053 9                                                                  20301922.663 8 106687302.671 8      -374.130 8        53.053 8
G09  25257094.483 9 132726867.945 9     -2816.154 9        54.156 9                                                                  25257094.483 8 132726867.945 8     -2816.154 8        51.156 8
G13  25235717.148 9 132614519.036 9      1238.281 9        54.164 9                                                                  25235717.148 8 132614519.036 8      1238.281 8        51.164 8
G29  24900719.455 9 130854116.332 9      3069.949 9        54.280 9                                                                  24900719.455 8 130854116.332 8      3069.949 8        51.280 8
G10  22385016.384 9 117634019.943 9      3254.708 9        55.205 9                                                                  22385016.384 8 117634019.943 8      3254.708 8        52.205 8
G12  20803640.652 9 109323846.826 9       191.704 9        55.841 9                                                                  20803640.652 8 109323846.826 8       191.704 8        52.841 8
G17  24680277.414 9 129695666.711 9     -2948.163 9        54.357 9                                                                  24680277.414 8 129695666.711 8     -2948.163 8        51.357 8
G24  24362723.145 9 128026925.712 9      3061.664 9        54.470 9                                                                  24362723.145 8 128026925.712 8      3061.664 8        51.470 8
G30  22598559.154 9 118756197.646 9      2340.826 9        55.122 9                                                                  22598559.154 8 118756197.646 8      2340.826 8        52.122 8
G05  21263930.453 9 111742684.050 9       690.432 9        55.651 9                                                                  21263930.453 8 111742684.050 8       690.432 8        52.651 8
G04  21938532.383 9 115287735.445 9     -2471.463 9        55.380 9                                                                  21938532.383 8 115287735.445 8     -2471.463 8        52.380 8
E04                                                                  23383062.439 9 122878789.351 9      -144.919 9        57.938 9  23383062.439 9 122878789.351 9      -144.919 9        57.938 9
E05                                                                  26125495.016 9 137290339.540 9     -2053.411 9        56.975 9  26125495.016 9 137290339.540 9     -2053.411 9        56.975 9
E11                                                                  26652094.230 9 140057636.844 9     -2402.128 9        56.802 9  26652094.230 9 140057636.844 9     -2402.128 9        56.802 9
E20                                                                  27858509.475 9 146397377.182 9     -1668.735 9        56.417 9  27858509.475 9 146397377.182 9     -1668.735 9        56.417 9
E09                                                                  25014616.371 9 131452646.597 9      2579.055 9        57.353 9  25014616.371 9 131452646.597 9      2579.055 9        57.353 9
E10                                                                  23770079.619 9 124912575.451 9        14.641 9        57.796 9  23770079.619 9 124912575.451 9        14.641 9        57.796 9
E03                                                                  25054252.791 9 131660944.898 9      1949.937 9        57.339 9  25054252.791 9 131660944.898 9      1949.937 9        57.339 9
> 2026 02 03 10 00 42.0000000  0 18       0.000000000000
G02  20301993.895 9 106687676.998 9      -374.526 9        56.053 9                                                                  20301993.895 8 106687676.998 8      -374.526 8        53.053 8
G09  25257630.375 9 132729684.068 9     -2816.106 9        54.156 9                                                                  25257630.375 8 132729684.068 8     -2816.106 8        51.156 8
G13  25235481.554 9 132613280.985 9      1237.832 9        54.164 9                                                                  25235481.554 8 132613280.985 8      1237.832 8        51.164 8
G29  24900135.260 9 130851046.369 9      3069.976 9        54.280 9                                                                  24900135.260 8 130851046.369 8      3069.976 8        51.280 8
G10  22384397.063 9 117630765.395 9      3254.396 9        55.205 9                                                                  22384397.063 8 117630765.395 8      3254.396 8        52.205 8
G12  20803604.235 9 109323655.453 9       191.040 9        55.841 9                                                                  20803604.235 8 109323655.453 8       191.040 8        52.841 8
G17  24680838.442 9 129698614.921 9     -2948.288 9        54.357 9                                                                  24680838.442 8 129698614.921 8     -2948.288 8        51.357 8
G24  24362140.545 9 128023864.130 9      3061.501 9        54.470 9                                                                  24362140.545 8 128023864.130 8      3061.501 8        51.470 8
G30  22598113.755 9 118753857.062 9      2340.343 9        55.123 9                                                                  22598113.755 8 118753857.062 8      2340.343 8        52.123 8
G05  21263799.130 9 111741993.944 9       689.777 9        55.651 9                                                                  21263799.130 8 111741993.944 8       689.777 8        52.651 8
G04  21939002.705 9 115290206.996 9     -2471.652 9        55.380 9                                                                  21939002.705 8 115290206.996 8     -2471.652 8        52.380 8
E04                                                                  23383090.040 9 122878934.393 9      -145.166 9        57.938 9  23383090.040 9 122878934.393 9      -145.166 9        57.938 9
E05                                                                  26125885.783 9 137292393.027 9     -2053.581 9        56.975 9  26125885.783 9 137292393.027 9     -2053.581 9        56.975 9
E11                                                                  26652551.363 9 140060039.087 9     -2402.377 9        56.802 9  26652551.363 9 140060039.087 9     -2402.377 9        56.802 9
E20                                                                  27858827.055 9 146399046.066 9     -1669.046 9        56.417 9  27858827.055 9 146399046.066 9     -1669.046 9        56.417 9
E09                                                                  25014125.619 9 131450067.685 9      2578.780 9        57.353 9  25014125.619 9 131450067.685 9      2578.780 9        57.353 9
E10                                                                  23770076.878 9 124912561.047 9        14.169 9        57.796 9  23770076.878 9 124912561.047 9        14.169 9        57.796 9
E03                                                                  25053881.738 9 131658995.006 9      1949.849 9        57.339 9  25053881.738 9 131658995.006 9      1949.849 9        57.339 9
> 2026 02 03 10 00 43.0000000  0 18       0.000000000000
G02  20302065.203 9 106688051.721 9      -374.921 9        56.053 9                                                                  20302065.203 8 106688051.721 8      -374.921 8        53.053 8
G09  25258166.258 9 132732500.143 9     -2816.057 9        54.156 9                                                                  25258166.258 8 132732500.143 8     -2816.057 8        51.156 8
G13  25235246.045 9 132612043.383 9      1237.384 9        54.164 9                                                                  25235246.045 8 132612043.383 8      1237.384 8        51.164 8
G29  24899551.060 9 130847976.379 9      3070.003 9        54.280 9                                                                  24899551.060 8 130847976.379 8      3070.003 8        51.280 8
G10  22383777.802 9 117627511.159 9      3254.084 9        55.205 9                                                                  22383777.802 8 117627511.159 8      3254.084 8        52.205 8
G12  20803567.945 9 109323464.743 9       190.377 9        55.841 9                                                                  20803567.945 8 109323464.743 8       190.377 8        52.841 8
G17  24681399.494 9 129701563.256 9     -2948.414 9        54.357 9                                                                  24681399.494 8 129701563.256 8     -2948.414 8        51.357 8
G24  24361557.976 9 128020802.710 9      3061.339 9        54.470 9                                                                  24361557.976 8 128020802.710 8      3061.339 8        51.470 8
G30  22597668.449 9 118751516.960 9      2339.861 9        55.123 9                                                                  22597668.449 8 118751516.960 8      2339.861 8        52.123 8
G05  21263667.932 9 111741304.494 9       689.122 9        55.651 9                                                                  21263667.932 8 111741304.494 8       689.122 8        52.651 8
G04  21939473.062 9 115292678.736 9     -2471.841 9        55.380 9                                                                  21939473.062 8 115292678.736 8     -2471.841 8        52.380 8
E04                                                                  23383117.687 9 122879079.681 9      -145.413 9        57.938 9  23383117.687 9 122879079.681 9      -145.413 9        57.938 9
E05                                                                  26126276.583 9 137294446.684 9     -2053.752 9        56.975 9  26126276.583 9 137294446.684 9     -2053.752 9        56.975 9
E11                                                                  26653008.543 9 140062441.579 9     -2402.625 9        56.802 9  26653008.543 9 140062441.579 9     -2402.625 9        56.802 9
E20                                                                  27859144.694 9 146400715.261 9     -1669.356 9        56.417 9  27859144.694 9 146400715.261 9     -1669.356 9        56.417 9
E09                                                                  25013634.919 9 131447489.047 9      2578.506 9        57.353 9  25013634.919 9 131447489.047 9      2578.506 9        57.353 9
E10                                                                  23770074.226 9 124912547.113 9        13.698 9        57.796 9  23770074.226 9 124912547.113 9        13.698 9        57.796 9
E03                                                                  25053510.702 9 131657045.201 9      1949.762 9        57.339 9  25053510.702 9 131657045.201 9      1949.762 9        57.339 9
> 2026 02 03 10 00 44.0000000  0 18       0.000000000000
G02  20302136.586 9 106688426.839 9      -375.317 9        56.053 9                                                                  20302136.586 8 106688426.839 8      -375.317 8        53.053 8
G09  25258702.132 9 132735316.169 9     -2816.009 9        54.156 9                                                                  25258702.132 8 132735316.169 8     -2816.009 8        51.156 8
G13  25235010.622 9 132610806.229 9      1236.935 9        54.164 9                                                                  25235010.622 8 132610806.229 8      1236.935 8        51.164 8
G29  24898966.855 9 130844906.362 9      3070.030 9        54.280 9                                                                  24898966.855 8 130844906.362 8      3070.030 8        51.280 8
G10  22383158.600 9 117624257.235 9      3253.772 9        55.206 9                                                                  22383158.600 8 117624257.235 8      3253.772 8        52.206 8
G12  20803531.780 9 109323274.697 9       189.714 9        55.841 9                                                                  20803531.780 8 109323274.697 8       189.714 8        52.841 8
G17  24681960.569 9 129704511.717 9     -2948.540 9        54.356 9                                                                  24681960.569 8 129704511.717 8     -2948.540 8        51.356 8
G24  24360975.437 9 128017741.454 9      3061.176 9        54.470 9                                                                  24360975.437 8 128017741.454 8      3061.176 8        51.470 8
G30  22597223.233 9 118749177.341 9      2339.378 9        55.123 9                                                                  22597223.233 8 118749177.341 8      2339.378 8        52.123 8
G05  21263536.859 9 111740615.698 9       688.467 9        55.651 9                                                                  21263536.859 8 111740615.698 8       688.467 8        52.651 8
G04  21939943.456 9 115295150.665 9     -2472.030 9        55.379 9                                                                  21939943.456 8 115295150.665 8     -2472.030 8        52.379 8
E04                                                                  23383145.382 9 122879225.217 9      -145.660 9        57.938 9  23383145.382 9 122879225.217 9      -145.660 9        57.938 9
E05                                                                  26126667.414 9 137296500.511 9     -2053.922 9        56.975 9  26126667.414 9 137296500.511 9     -2053.922 9        56.975 9
E11                                                                  26653465.771 9 140064844.318 9     -2402.873 9        56.801 9  26653465.771 9 140064844.318 9     -2402.873 9        56.801 9
E20                                                                  27859462.392 9 146402384.766 9     -1669.667 9        56.417 9  27859462.392 9 146402384.766 9     -1669.667 9        56.417 9
E09                                                                  25013144.272 9 131444910.684 9      2578.231 9        57.353 9  25013144.272 9 131444910.684 9      2578.231 9        57.353 9
E10                                                                  23770071.664 9 124912533.651 9        13.227 9        57.796 9  23770071.664 9 124912533.651 9        13.227 9        57.796 9
E03                                                                  25053139.683 9 131655095.484 9      1949.674 9        57.339 9  25053139.683 9 131655095.484 9      1949.674 9        57.339 9
> 2026 02 03 10 00 45.0000000  0 18       0.000000000000
G02  20302208.044 9 106688802.352 9      -375.712 9        56.053 9                                                                  20302208.044 8 106688802.352 8      -375.712 8        53.053 8
G09  25259237.997 9 132738132.147 9     -2815.960 9        54.156 9                                                                  25259237.997 8 132738132.147 8     -2815.960 8        51.156 8
G13  25234775.284 9 132609569.525 9      1236.486 9        54.164 9                                                                  25234775.284 8 132609569.525 8      1236.486 8        51.164 8
G29  24898382.644 9 130841836.317 9      3070.057 9        54.281 9                                                                  24898382.644 8 130841836.317 8      3070.057 8        51.281 8
G10  22382539.457 9 117621003.623 9      3253.461 9        55.206 9                                                                  22382539.457 8 117621003.623 8      3253.461 8        52.206 8
G12  20803495.742 9 109323085.313 9       189.051 9        55.841 9                                                                  20803495.742 8 109323085.313 8       189.051 8        52.841 8
G17  24682521.669 9 129707460.304 9     -2948.666 9        54.356 9                                                                  24682521.669 8 129707460.304 8     -2948.666 8        51.356 8
G24  24360392.930 9 128014680.360 9      3061.013 9        54.470 9                                                                  24360392.930 8 128014680.360 8      3061.013 8        51.470 8
G30  22596778.110 9 118746838.204 9      2338.895 9        55.123 9                                                                  22596778.110 8 118746838.204 8      2338.895 8        52.123 8
G05  21263405.910 9 111739927.557 9       687.812 9        55.651 9                                                                  21263405.910 8 111739927.557 8       687.812 8        52.651 8
G04  21940413.885 9 115297622.784 9     -2472.219 9        55.379 9                                                                  21940413.885 8 115297622.784 8     -2472.219 8        52.379 8
E04                                                                  23383173.124 9 122879370.999 9      -145.907 9        57.938 9  23383173.124 9 122879370.999 9      -145.907 9        57.938 9
E05                                                                  26127058.279 9 137298554.508 9     -2054.092 9        56.975 9  26127058.279 9 137298554.508 9     -2054.092 9        56.975 9
E11                                                                  26653923.046 9 140067247.305 9     -2403.121 9        56.801 9  26653923.046 9 140067247.305 9     -2403.121 9        56.801 9
E20                                                                  27859780.149 9 146404054.581 9     -1669.977 9        56.417 9  27859780.149 9 146404054.581 9     -1669.977 9        56.417 9
E09                                                                  25012653.677 9 131442332.595 9      2577.957 9        57.353 9  25012653.677 9 131442332.595 9      2577.957 9        57.353 9
E10                                                                  23770069.192 9 124912520.660 9        12.756 9        57.796 9  23770069.192 9 124912520.660 9        12.756 9        57.796 9
E03                                                                  25052768.680 9 131653145.855 9      1949.586 9        57.339 9  25052768.680 9 131653145.855 9      1949.586 9        57.339 9
> 2026 02 03 10 00 46.0000000  0 18       0.000000000000
G02  20302279.577 9 106689178.261 9      -376.108 9        56.053 9                                                                  20302279.577 8 106689178.261 8      -376.108 8        53.053 8
G09  25259773.852 9 132740948.077 9     -2815.912 9        54.155 9                                                                  25259773.852 8 132740948.077 8     -2815.912 8        51.155 8
G13  25234540.032 9 132608333.270 9      1236.037 9        54.164 9                                                                  25234540.032 8 132608333.270 8      1236.037 8        51.164 8
G29  24897798.429 9 130838766.246 9      3070.084 9        54.281 9                                                                  24897798.429 8 130838766.246 8      3070.084 8        51.281 8
G10  22381920.374 9 117617750.323 9      3253.148 9        55.206 9                                                                  22381920.374 8 117617750.323 8      3253.148 8        52.206 8
G12  20803459.830 9 109322896.593 9       188.388 9        55.841 9                                                                  20803459.830 8 109322896.593 8       188.388 8        52.841 8
G17  24683082.793 9 129710409.016 9     -2948.791 9        54.356 9                                                                  24683082.793 8 129710409.016 8     -2948.791 8        51.356 8
G24  24359810.453 9 128011619.429 9      3060.850 9        54.471 9                                                                  24359810.453 8 128011619.429 8      3060.850 8        51.471 8
G30  22596333.079 9 118744499.550 9      2338.412 9        55.123 9                                                                  22596333.079 8 118744499.550 8      2338.412 8        52.123 8
G05  21263275.086 9 111739240.072 9       687.157 9        55.651 9                                                                  21263275.086 8 111739240.072 8       687.157 8        52.651 8
G04  21940884.350 9 115300095.091 9     -2472.408 9        55.379 9                                                                  21940884.350 8 115300095.091 8     -2472.408 8        52.379 8
E04                                                                  23383200.912 9 122879517.029 9      -146.154 9        57.938 9  23383200.912 9 122879517.029 9      -146.154 9        57.938 9
E05                                                                  26127449.175 9 137300608.677 9     -2054.263 9        56.975 9  26127449.175 9 137300608.677 9     -2054.263 9        56.975 9
E11                                                                  26654380.368 9 140069650.541 9     -2403.369 9        56.801 9  26654380.368 9 140069650.541 9     -2403.369 9        56.801 9
E20                                                                  27860097.964 9 146405724.707 9     -1670.287 9        56.417 9  27860097.964 9 146405724.707 9     -1670.287 9        56.417 9
E09                                                                  25012163.134 9 131439754.780 9      2577.682 9        57.353 9  25012163.134 9 131439754.780 9      2577.682 9        57.353 9
E10                                                                  23770066.810 9 124912508.140 9        12.284 9        57.796 9  23770066.810 9 124912508.140 9        12.284 9        57.796 9
E03                                                                  25052397.695 9 131651196.313 9      1949.499 9        57.339 9  25052397.695 9 131651196.313 9      1949.499 9        57.339 9
> 2026 02 03 10 00 47.0000000  0 18       0.000000000000
G02  20302351.185 9 106689554.566 9      -376.503 9        56.053 9                                                                  20302351.185 8 106689554.566 8      -376.503 8        53.053 8
G09  25260309.698 9 132743763.957 9     -2815.863 9        54.155 9                                                                  25260309.698 8 132743763.957 8     -2815.863 8        51.155 8
G13  25234304.865 9 132607097.463 9      1235.587 9        54.164 9                                                                  25234304.865 8 132607097.463 8      1235.587 8        51.164 8
G29  24897214.208 9 130835696.147 9      3070.111 9        54.281 9                                                                  24897214.208 8 130835696.147 8      3070.111 8        51.281 8
G10  22381301.350 9 117614497.335 9      3252.836 9        55.206 9                                                                  22381301.350 8 117614497.335 8      3252.836 8        52.206 8
G12  20803424.044 9 109322708.536 9       187.724 9        55.841 9                                                                  20803424.044 8 109322708.536 8       187.724 8        52.841 8
G17  24683643.941 9 129713357.854 9     -2948.917 9        54.356 9                                                                  24683643.941 8 129713357.854 8     -2948.917 8        51.356 8
G24  24359228.008 9 128008558.661 9      3060.687 9        54.471 9                                                                  24359228.008 8 128008558.661 8      3060.687 8        51.471 8
G30  22595888.139 9 118742161.379 9      2337.929 9        55.123 9                                                                  22595888.139 8 118742161.379 8      2337.929 8        52.123 8
G05  21263144.386 9 111738553.241 9       686.502 9        55.652 9                                                                  21263144.386 8 111738553.241 8       686.502 8        52.652 8
G04  21941354.851 9 115302567.587 9     -2472.597 9        55.379 9                                                                  21941354.851 8 115302567.587 8     -2472.597 8        52.379 8
E04                                                                  23383228.748 9 122879663.305 9      -146.401 9        57.938 9  23383228.748 9 122879663.305 9      -146.401 9        57.938 9
E05                                                                  26127840.104 9 137302663.015 9     -2054.433 9        56.974 9  26127840.104 9 137302663.015 9     -2054.433 9        56.974 9
E11                                                                  26654837.737 9 140072054.024 9     -2403.617 9        56.801 9  26654837.737 9 140072054.024 9     -2403.617 9        56.801 9
E20                                                                  27860415.839 9 146407395.143 9     -1670.597 9        56.417 9  27860415.839 9 146407395.143 9     -1670.597 9        56.417 9
E09                                                                  25011672.644 9 131437177.241 9      2577.408 9        57.354 9  25011672.644 9 131437177.241 9      2577.408 9        57.354 9
E10                                                                  23770064.517 9 124912496.092 9        11.813 9        57.796 9  23770064.517 9 124912496.092 9        11.813 9        57.796 9
E03                                                                  25052026.725 9 131649246.859 9      1949.411 9        57.340 9  25052026.725 9 131649246.859 9      1949.411 9        57.340 9
> 2026 02 03 10 00 48.0000000  0 18       0.000000000000
G02  20302422.869 9 106689931.265 9      -376.898 9        56.053 9                                                                  20302422.869 8 106689931.265 8      -376.898 8        53.053 8
G09  25260845.535 9 132746579.789 9     -2815.814 9        54.155 9                                                                  25260845.535 8 132746579.789 8     -2815.814 8        51.155 8
G13  25234069.783 9 132605862.106 9      1235.138 9        54.164 9                                                                  25234069.783 8 132605862.106 8      1235.138 8        51.164 8
G29  24896629.982 9 130832626.022 9      3070.138 9        54.281 9                                                                  24896629.982 8 130832626.022 8      3070.138 8        51.281 8
G10  22380682.386 9 117611244.659 9      3252.524 9        55.207 9                                                                  22380682.386 8 117611244.659 8      3252.524 8        52.207 8
G12  20803388.384 9 109322521.143 9       187.061 9        55.841 9                                                                  20803388.384 8 109322521.143 8       187.061 8        52.841 8
G17  24684205.112 9 129716306.818 9     -2949.042 9        54.356 9                                                                  24684205.112 8 129716306.818 8     -2949.042 8        51.356 8
G24  24358645.593 9 128005498.056 9      3060.524 9        54.471 9                                                                  24358645.593 8 128005498.056 8      3060.524 8        51.471 8
G30  22595443.292 9 118739823.691 9      2337.446 9        55.124 9                                                                  22595443.292 8 118739823.691 8      2337.446 8        52.124 8
G05  21263013.811 9 111737867.065 9       685.847 9        55.652 9                                                                  21263013.811 8 111737867.065 8       685.847 8        52.652 8
G04  21941825.389 9 115305040.272 9     -2472.786 9        55.379 9                                                                  21941825.389 8 115305040.272 8     -2472.786 8        52.379 8
E04                                                                  23383256.631 9 122879809.829 9      -146.648 9        57.938 9  23383256.631 9 122879809.829 9      -146.648 9        57.938 9
E05                                                                  26128231.066 9 137304717.523 9     -2054.603 9        56.974 9  26128231.066 9 137304717.523 9     -2054.603 9        56.974 9
E11                                                                  26655295.153 9 140074457.755 9     -2403.864 9        56.801 9  26655295.153 9 140074457.755 9     -2403.864 9        56.801 9
E20                                                                  27860733.773 9 146409065.889 9     -1670.907 9        56.417 9  27860733.773 9 146409065.889 9     -1670.907 9        56.417 9
E09                                                                  25011182.206 9 131434599.976 9      2577.133 9        57.354 9  25011182.206 9 131434599.976 9      2577.133 9        57.354 9
E10                                                                  23770062.314 9 124912484.514 9        11.342 9        57.796 9  23770062.314 9 124912484.514 9        11.342 9        57.796 9
E03                                                                  25051655.773 9 131647297.493 9      1949.323 9        57.340 9  25051655.773 9 131647297.493 9      1949.323 9        57.340 9
> 2026 02 03 10 00 49.0000000  0 18       0.000000000000
G02  20302494.628 9 106690308.360 9      -377.294 9        56.053 9                                                                  20302494.628 8 106690308.360 8      -377.294 8        53.053 8
G09  25261381.362 9 132749395.572 9     -2815.765 9        54.155 9                                                                  25261381.362 8 132749395.572 8     -2815.765 8        51.155 8
G13  25233834.787 9 132604627.198 9      1234.689 9        54.164 9                                                                  25233834.787 8 132604627.198 8      1234.689 8        51.164 8
G29  24896045.751 9 130829555.869 9      3070.165 9        54.281 9                                                                  24896045.751 8 130829555.869 8      3070.165 8        51.281 8
G10  22380063.481 9 117607992.295 9      3252.212 9        55.207 9                                                                  22380063.481 8 117607992.295 8      3252.212 8        52.207 8
G12  20803352.851 9 109322334.413 9       186.398 9        55.841 9                                                                  20803352.851 8 109322334.413 8       186.398 8        52.841 8
G17  24684766.308 9 129719255.907 9     -2949.168 9        54.355 9                                                                  24684766.308 8 129719255.907 8     -2949.168 8        51.355 8
G24  24358063.210 9 128002437.614 9      3060.361 9        54.471 9                                                                  24358063.210 8 128002437.614 8      3060.361 8        51.471 8
G30  22594998.536 9 118737486.486 9      2336.963 9        55.124 9                                                                  22594998.536 8 118737486.486 8      2336.963 8        52.124 8
G05  21262883.361 9 111737181.544 9       685.192 9        55.652 9                                                                  21262883.361 8 111737181.544 8       685.192 8        52.652 8
G04  21942295.962 9 115307513.146 9     -2472.975 9        55.378 9                                                                  21942295.962 8 115307513.146 8     -2472.975 8        52.378 8
E04                                                                  23383284.560 9 122879956.600 9      -146.895 9        57.938 9  23383284.560 9 122879956.600 9      -146.895 9        57.938 9
E05                                                                  26128622.060 9 137306772.202 9     -2054.774 9        56.974 9  26128622.060 9 137306772.202 9     -2054.774 9        56.974 9
E11                                                                  26655752.617 9 140076861.734 9     -2404.112 9        56.801 9  26655752.617 9 140076861.734 9     -2404.112 9        56.801 9
E20                                                                  27861051.766 9 146410736.945 9     -1671.217 9        56.417 9  27861051.766 9 146410736.945 9     -1671.217 9        56.417 9
E09                                                                  25010691.820 9 131432022.985 9      2576.858 9        57.354 9  25010691.820 9 131432022.985 9      2576.858 9        57.354 9
E10                                                                  23770060.200 9 124912473.408 9        10.871 9        57.796 9  23770060.200 9 124912473.408 9        10.871 9        57.796 9
E03                                                                  25051284.837 9 131645348.215 9      1949.235 9        57.340 9  25051284.837 9 131645348.215 9      1949.235 9        57.340 9
> 2026 02 03 10 00 50.0000000  0 18       0.000000000000
G02  20302566.462 9 106690685.850 9      -377.689 9        56.053 9                                                                  20302566.462 8 106690685.850 8      -377.689 8        53.053 8
G09  25261917.180 9 132752211.306 9     -2815.716 9        54.155 9                                                                  25261917.180 8 132752211.306 8     -2815.716 8        51.155 8
G13  25233599.877 9 132603392.740 9      1234.240 9        54.164 9                                                                  25233599.877 8 132603392.740 8      1234.240 8        51.164 8
G29  24895461.515 9 130826485.690 9      3070.192 9        54.282 9                                                                  24895461.515 8 130826485.690 8      3070.192 8        51.282 8
G10  22379444.635 9 117604740.244 9      3251.899 9        55.207 9                                                                  22379444.635 8 117604740.244 8      3251.899 8        52.207 8
G12  20803317.444 9 109322148.346 9       185.734 9        55.841 9                                                                  20803317.444 8 109322148.346 8       185.734 8        52.841 8
G17  24685327.527 9 129722205.121 9     -2949.293 9        54.355 9                                                                  24685327.527 8 129722205.121 8     -2949.293 8        51.355 8
G24  24357480.858 9 127999377.335 9      3060.198 9        54.471 9                                                                  24357480.858 8 127999377.335 8      3060.198 8        51.471 8
G30  22594553.872 9 118735149.764 9      2336.480 9        55.124 9                                                                  22594553.872 8 118735149.764 8      2336.480 8        52.124 8
G05  21262753.036 9 111736496.679 9       684.537 9        55.652 9                                                                  21262753.036 8 111736496.679 8       684.537 8        52.652 8
G04  21942766.571 9 115309986.209 9     -2473.163 9        55.378 9                                                                  21942766.571 8 115309986.209 8     -2473.163 8        52.378 8
E04                                                                  23383312.537 9 122880103.617 9      -147.142 9        57.938 9  23383312.537 9 122880103.617 9      -147.142 9        57.938 9
E05                                                                  26129013.086 9 137308827.051 9     -2054.944 9        56.974 9  26129013.086 9 137308827.051 9     -2054.944 9        56.974 9
E11                                                                  26656210.127 9 140079265.961 9     -2404.360 9        56.801 9  26656210.127 9 140079265.961 9     -2404.360 9        56.801 9
E20                                                                  27861369.818 9 146412408.311 9     -1671.527 9        56.416 9  27861369.818 9 146412408.311 9     -1671.527 9        56.416 9
E09                                                                  25010201.486 9 131429446.270 9      2576.583 9        57.354 9  25010201.486 9 131429446.270 9      2576.583 9        57.354 9
E10                                                                  23770058.177 9 124912462.773 9        10.400 9        57.796 9  23770058.177 9 124912462.773 9        10.400 9        57.796 9
E03                                                                  25050913.918 9 131643399.024 9      1949.147 9        57.340 9  25050913.918 9 131643399.024 9      1949.147 9        57.340 9
> 2026 02 03 10 00 51.0000000  0 18       0.000000000000
G02  20302638.372 9 106691063.736 9      -378.084 9        56.053 9                                                                  20302638.372 8 106691063.736 8      -378.084 8        53.053 8
G09  25262452.989 9 132755026.990 9     -2815.667 9        54.155 9                                                                  25262452.989 8 132755026.990 8     -2815.667 8        51.155 8
G13  25233365.052 9 132602158.730 9      1233.790 9        54.165 9                                                                  25233365.052 8 132602158.730 8      1233.790 8        51.165 8
G29  24894877.274 9 130823415.483 9      3070.219 9        54.282 9                                                                  24894877.274 8 130823415.483 8      3070.219 8        51.282 8
G10  22378825.849 9 117601488.506 9      3251.587 9        55.207 9                                                                  22378825.849 8 117601488.506 8      3251.587 8        52.207 8
G12  20803282.163 9 109321962.942 9       185.071 9        55.841 9                                                                  20803282.163 8 109321962.942 8       185.071 8        52.841 8
G17  24685888.770 9 129725154.461 9     -2949.419 9        54.355 9                                                                  24685888.770 8 129725154.461 8     -2949.419 8        51.355 8
G24  24356898.536 9 127996317.219 9      3060.035 9        54.472 9                                                                  24356898.536 8 127996317.219 8      3060.035 8        51.472 8
G30  22594109.301 9 118732813.526 9      2335.997 9        55.124 9                                                                  22594109.301 8 118732813.526 8      2335.997 8        52.124 8
G05  21262622.835 9 111735812.468 9       683.882 9        55.652 9                                                                  21262622.835 8 111735812.468 8       683.882 8        52.652 8
G04  21943237.216 9 115312459.461 9     -2473.352 9        55.378 9                                                                  21943237.216 8 115312459.461 8     -2473.352 8        52.378 8
E04                                                                  23383340.561 9 122880250.882 9      -147.389 9        57.938 9  23383340.561 9 122880250.882 9      -147.389 9        57.938 9
E05                                                                  26129404.144 9 137310882.071 9     -2055.114 9        56.974 9  26129404.144 9 137310882.071 9     -2055.114 9        56.974 9
E11                                                                  26656667.685 9 140081670.435 9     -2404.607 9        56.800 9  26656667.685 9 140081670.435 9     -2404.607 9        56.800 9
E20                                                                  27861687.929 9 146414079.986 9     -1671.837 9        56.416 9  27861687.929 9 146414079.986 9     -1671.837 9        56.416 9
E09                                                                  25009711.205 9 131426869.829 9      2576.308 9        57.354 9  25009711.205 9 131426869.829 9      2576.308 9        57.354 9
E10                                                                  23770056.242 9 124912452.609 9         9.928 9        57.796 9  23770056.242 9 124912452.609 9         9.928 9        57.796 9
E03                                                                  25050543.016 9 131641449.922 9      1949.059 9        57.340 9  25050543.016 9 131641449.922 9      1949.059 9        57.340 9
> 2026 02 03 10 00 52.0000000  0 18       0.000000000000
G02  20302710.356 9 106691442.016 9      -378.479 9        56.053 9                                                                  20302710.356 8 106691442.016 8      -378.479 8        53.053 8
G09  25262988.788 9 132757842.626 9     -2815.617 9        54.154 9                                                                  25262988.788 8 132757842.626 8     -2815.617 8        51.154 8
G13  25233130.312 9 132600925.171 9      1233.341 9        54.165 9                                                                  25233130.312 8 132600925.171 8      1233.341 8        51.165 8
G29  24894293.027 9 130820345.250 9      3070.246 9        54.282 9                                                                  24894293.027 8 130820345.250 8      3070.246 8        51.282 8
G10  22378207.122 9 117598237.080 9      3251.274 9        55.208 9                                                                  22378207.122 8 117598237.080 8      3251.274 8        52.208 8
G12  20803247.008 9 109321778.202 9       184.408 9        55.841 9                                                                  20803247.008 8 109321778.202 8       184.408 8        52.841 8
G17  24686450.037 9 129728103.927 9     -2949.544 9        54.355 9                                                                  24686450.037 8 129728103.927 8     -2949.544 8        51.355 8
G24  24356316.246 9 127993257.267 9      3059.871 9        54.472 9                                                                  24356316.246 8 127993257.267 8      3059.871 8        51.472 8
G30  22593664.821 9 118730477.770 9      2335.514 9        55.124 9                                                                  22593664.821 8 118730477.770 8      2335.514 8        52.124 8
G05  21262492.759 9 111735128.913 9       683.227 9        55.652 9                                                                  21262492.759 8 111735128.913 8       683.227 8        52.652 8
G04  21943707.897 9 115314932.901 9     -2473.541 9        55.378 9                                                                  21943707.897 8 115314932.901 8     -2473.541 8        52.378 8
E04                                                                  23383368.631 9 122880398.394 9      -147.636 9        57.938 9  23383368.631 9 122880398.394 9      -147.636 9        57.938 9
E05                                                                  26129795.235 9 137312937.261 9     -2055.285 9        56.974 9  26129795.235 9 137312937.261 9     -2055.285 9        56.974 9
E11                                                                  26657125.290 9 140084075.157 9     -2404.855 9        56.800 9  26657125.290 9 140084075.157 9     -2404.855 9        56.800 9
E20                                                                  27862006.099 9 146415751.972 9     -1672.147 9        56.416 9  27862006.099 9 146415751.972 9     -1672.147 9        56.416 9
E09                                                                  25009220.976 9 131424293.663 9      2576.033 9        57.354 9  25009220.976 9 131424293.663 9      2576.033 9        57.354 9
E10                                                                  23770054.398 9 124912442.916 9         9.457 9        57.796 9  23770054.398 9 124912442.916 9         9.457 9        57.796 9
E03                                                                  25050172.130 9 131639500.907 9      1948.971 9        57.340 9  25050172.130 9 131639500.907 9      1948.971 9        57.340 9
> 2026 02 03 10 00 53.0000000  0 18       0.000000000000
G02  20302782.416 9 106691820.692 9      -378.874 9        56.053 9                                                                  20302782.416 8 106691820.692 8      -378.874 8        53.053 8
G09  25263524.578 9 132760658.212 9     -2815.568 9        54.154 9                                                                  25263524.578 8 132760658.212 8     -2815.568 8        51.154 8
G13  25232895.659 9 132599692.061 9      1232.891 9        54.165 9                                                                  25232895.659 8 132599692.061 8      1232.891 8        51.165 8
G29  24893708.776 9 130817274.990 9      3070.272 9        54.282 9                                                                  24893708.776 8 130817274.990 8      3070.272 8        51.282 8
G10  22377588.455 9 117594985.967 9      3250.961 9        55.208 9                                                                  22377588.455 8 117594985.967 8      3250.961 8        52.208 8
G12  20803211.980 9 109321594.125 9       183.744 9        55.841 9                                                                  20803211.980 8 109321594.125 8       183.744 8        52.841 8
G17  24687011.328 9 129731053.518 9     -2949.670 9        54.355 9                                                                  24687011.328 8 129731053.518 8     -2949.670 8        51.355 8
G24  24355733.987 9 127990197.477 9      3059.708 9        54.472 9                                                                  24355733.987 8 127990197.477 8      3059.708 8        51.472 8
G30  22593220.433 9 118728142.498 9      2335.030 9        55.124 9                                                                  22593220.433 8 118728142.498 8      2335.030 8        52.124 8
G05  21262362.807 9 111734446.013 9       682.572 9        55.652 9                                                                  21262362.807 8 111734446.013 8       682.572 8        52.652 8
G04  21944178.614 9 115317406.530 9     -2473.729 9        55.378 9                                                                  21944178.614 8 115317406.530 8     -2473.729 8        52.378 8
E04                                                                  23383396.749 9 122880546.154 9      -147.884 9        57.938 9  23383396.749 9 122880546.154 9      -147.884 9        57.938 9
E05                                                                  26130186.359 9 137314992.621 9     -2055.455 9        56.974 9  26130186.359 9 137314992.621 9     -2055.455 9        56.974 9
E11                                                                  26657582.942 9 140086480.127 9     -2405.103 9        56.800 9  26657582.942 9 140086480.127 9     -2405.103 9        56.800 9
E20                                                                  27862324.328 9 146417424.268 9     -1672.457 9        56.416 9  27862324.328 9 146417424.268 9     -1672.457 9        56.416 9
E09                                                                  25008730.799 9 131421717.772 9      2575.759 9        57.355 9  25008730.799 9 131421717.772 9      2575.759 9        57.355 9
E10                                                                  23770052.643 9 124912433.695 9         8.986 9        57.796 9  23770052.643 9 124912433.695 9         8.986 9        57.796 9
E03                                                                  25049801.262 9 131637551.981 9      1948.884 9        57.340 9  25049801.262 9 131637551.981 9      1948.884 9        57.340 9
> 2026 02 03 10 00 54.0000000  0 18       0.000000000000
G02  20302854.551 9 106692199.763 9      -379.269 9        56.053 9                                                                  20302854.551 8 106692199.763 8      -379.269 8        53.053 8
G09  25264060.359 9 132763473.748 9     -2815.518 9        54.154 9                                                                  25264060.359 8 132763473.748 8     -2815.518 8        51.154 8
G13  25232661.090 9 132598459.400 9      1232.441 9        54.165 9                                                                  25232661.090 8 132598459.400 8      1232.441 8        51.165 8
G29  24893124.519 9 130814204.703 9      3070.299 9        54.282 9                                                                  24893124.519 8 130814204.703 8      3070.299 8        51.282 8
G10  22376969.848 9 117591735.166 9      3250.648 9        55.208 9                                                                  22376969.848 8 117591735.166 8      3250.648 8        52.208 8
G12  20803177.077 9 109321410.712 9       183.081 9        55.841 9                                                                  20803177.077 8 109321410.712 8       183.081 8        52.841 8
G17  24687572.643 9 129734003.234 9     -2949.795 9        54.354 9                                                                  24687572.643 8 129734003.234 8     -2949.795 8        51.354 8
G24  24355151.758 9 127987137.851 9      3059.545 9        54.472 9                                                                  24355151.758 8 127987137.851 8      3059.545 8        51.472 8
G30  22592776.137 9 118725807.710 9      2334.547 9        55.125 9                                                                  22592776.137 8 118725807.710 8      2334.547 8        52.125 8
G05  21262232.980 9 111733763.768 9       681.916 9        55.652 9                                                                  21262232.980 8 111733763.768 8       681.916 8        52.652 8
G04  21944649.366 9 115319880.347 9     -2473.918 9        55.377 9                                                                  21944649.366 8 115319880.347 8     -2473.918 8        52.377 8
E04                                                                  23383424.914 9 122880694.160 9      -148.131 9        57.938 9  23383424.914 9 122880694.160 9      -148.131 9        57.938 9
E05                                                                  26130577.515 9 137317048.151 9     -2055.625 9        56.973 9  26130577.515 9 137317048.151 9     -2055.625 9        56.973 9
E11                                                                  26658040.640 9 140088885.344 9     -2405.350 9        56.800 9  26658040.640 9 140088885.344 9     -2405.350 9        56.800 9
E20                                                                  27862642.616 9 146419096.873 9     -1672.766 9        56.416 9  27862642.616 9 146419096.873 9     -1672.766 9        56.416 9
E09                                                                  25008240.674 9 131419142.156 9      2575.484 9        57.355 9  25008240.674 9 131419142.156 9      2575.484 9        57.355 9
E10                                                                  23770050.978 9 124912424.944 9         8.515 9        57.796 9  23770050.978 9 124912424.944 9         8.515 9        57.796 9
E03                                                                  25049430.410 9 131635603.142 9      1948.795 9        57.341 9  25049430.410 9 131635603.142 9      1948.795 9        57.341 9
> 2026 02 03 10 00 55.0000000  0 18       0.000000000000
G02  20302926.761 9 106692579.229 9      -379.664 9        56.053 9                                                                  20302926.761 8 106692579.229 8      -379.664 8        53.053 8
G09  25264596.130 9 132766289.235 9     -2815.469 9        54.154 9                                                                  25264596.130 8 132766289.235 8     -2815.469 8        51.154 8
G13  25232426.607 9 132597227.190 9      1231.991 9        54.165 9                                                                  25232426.607 8 132597227.190 8      1231.991 8        51.165 8
G29  24892540.258 9 130811134.389 9      3070.326 9        54.283 9                                                                  24892540.258 8 130811134.389 8      3070.326 8        51.283 8
G10  22376351.300 9 117588484.679 9      3250.335 9        55.208 9                                                                  22376351.300 8 117588484.679 8      3250.335 8        52.208 8
G12  20803142.301 9 109321227.962 9       182.417 9        55.841 9                                                                  20803142.301 8 109321227.962 8       182.417 8        52.841 8
G17  24688133.981 9 129736953.077 9     -2949.921 9        54.354 9                                                                  24688133.981 8 129736953.077 8     -2949.921 8        51.354 8
G24  24354569.561 9 127984078.387 9      3059.382 9        54.472 9                                                                  24354569.561 8 127984078.387 8      3059.382 8        51.472 8
G30  22592331.933 9 118723473.405 9      2334.063 9        55.125 9                                                                  22592331.933 8 118723473.405 8      2334.063 8        52.125 8
G05  21262103.278 9 111733082.178 9       681.261 9        55.652 9                                                                  21262103.278 8 111733082.178 8       681.261 8        52.652 8
G04  21945120.155 9 115322354.353 9     -2474.106 9        55.377 9                                                                  21945120.155 8 115322354.353 8     -2474.106 8        52.377 8
E04                                                                  23383453.126 9 122880842.414 9      -148.378 9        57.938 9  23383453.126 9 122880842.414 9      -148.378 9        57.938 9
E05                                                                  26130968.703 9 137319103.852 9     -2055.796 9        56.973 9  26130968.703 9 137319103.852 9     -2055.796 9        56.973 9
E11                                                                  26658498.387 9 140091290.808 9     -2405.597 9        56.800 9  26658498.387 9 140091290.808 9     -2405.597 9        56.800 9
E20                                                                  27862960.962 9 146420769.788 9     -1673.076 9        56.416 9  27862960.962 9 146420769.788 9     -1673.076 9        56.416 9
E09                                                                  25007750.602 9 131416566.816 9      2575.208 9        57.355 9  25007750.602 9 131416566.816 9      2575.208 9        57.355 9
E10                                                                  23770049.402 9 124912416.665 9         8.044 9        57.796 9  23770049.402 9 124912416.665 9         8.044 9        57.796 9
E03                                                                  25049059.574 9 131633654.392 9      1948.707 9        57.341 9  25049059.574 9 131633654.392 9      1948.707 9        57.341 9
> 2026 02 03 10 00 56.0000000  0 18       0.000000000000
G02  20302999.046 9 106692959.090 9      -380.059 9        56.053 9                                                                  20302999.046 8 106692959.090 8      -380.059 8        53.053 8
G09  25265131.891 9 132769104.672 9     -2815.419 9        54.154 9                                                                  25265131.891 8 132769104.672 8     -2815.419 8        51.154 8
G13  25232192.210 9 132595995.429 9      1231.542 9        54.165 9                                                                  25232192.210 8 132595995.429 8      1231.542 8        51.165 8
G29  24891955.991 9 130808064.049 9      3070.353 9        54.283 9                                                                  24891955.991 8 130808064.049 8      3070.353 8        51.283 8
G10  22375732.811 9 117585234.504 9      3250.022 9        55.209 9                                                                  22375732.811 8 117585234.504 8      3250.022 8        52.209 8
G12  20803107.652 9 109321045.875 9       181.754 9        55.841 9                                                                  20803107.652 8 109321045.875 8       181.754 8        52.841 8
G17  24688695.344 9 129739903.044 9     -2950.046 9        54.354 9                                                                  24688695.344 8 129739903.044 8     -2950.046 8        51.354 8
G24  24353987.395 9 127981019.087 9      3059.219 9        54.473 9                                                                  24353987.395 8 127981019.087 8      3059.219 8        51.473 8
G30  22591887.822 9 118721139.584 9      2333.579 9        55.125 9                                                                  22591887.822 8 118721139.584 8      2333.579 8        52.125 8
G05  21261973.701 9 111732401.244 9       680.606 9        55.652 9                                                                  21261973.701 8 111732401.244 8       680.606 8        52.652 8
G04  21945590.979 9 115324828.547 9     -2474.295 9        55.377 9                                                                  21945590.979 8 115324828.547 8     -2474.295 8        52.377 8
E04                                                                  23383481.385 9 122880990.915 9      -148.625 9        57.938 9  23383481.385 9 122880990.915 9      -148.625 9        57.938 9
E05                                                                  26131359.924 9 137321159.724 9     -2055.966 9        56.973 9  26131359.924 9 137321159.724 9     -2055.966 9        56.973 9
E11                                                                  26658956.180 9 140093696.520 9     -2405.845 9        56.800 9  26658956.180 9 140093696.520 9     -2405.845 9        56.800 9
E20                                                                  27863279.368 9 146422443.012 9     -1673.386 9        56.416 9  27863279.368 9 146422443.012 9     -1673.386 9        56.416 9
E09                                                                  25007260.582 9 131413991.749 9      2574.933 9        57.355 9  25007260.582 9 131413991.749 9      2574.933 9        57.355 9
E10                                                                  23770047.916 9 124912408.857 9         7.573 9        57.796 9  23770047.916 9 124912408.857 9         7.573 9        57.796 9
E03                                                                  25048688.756 9 131631705.729 9      1948.619 9        57.341 9  25048688.756 9 131631705.729 9      1948.619 9        57.341 9
> 2026 02 03 10 00 57.0000000  0 18       0.000000000000
G02  20303071.407 9 106693339.346 9      -380.454 9        56.053 9                                                                  20303071.407 8 106693339.346 8      -380.454 8        53.053 8
G09  25265667.644 9 132771920.060 9     -2815.369 9        54.153 9                                                                  25265667.644 8 132771920.060 8     -2815.369 8        51.153 8
G13  25231957.899 9 132594764.118 9      1231.092 9        54.165 9                                                                  25231957.899 8 132594764.118 8      1231.092 8        51.165 8
G29  24891371.719 9 130804993.681 9      3070.380 9        54.283 9                                                                  24891371.719 8 130804993.681 8      3070.380 8        51.283 8
G10  22375114.382 9 117581984.643 9      3249.709 9        55.209 9                                                                  22375114.382 8 117581984.643 8      3249.709 8        52.209 8
G12  20803073.128 9 109320864.452 9       181.090 9        55.842 9                                                                  20803073.128 8 109320864.452 8       181.090 8        52.842 8
G17  24689256.730 9 129742853.137 9     -2950.172 9        54.354 9                                                                  24689256.730 8 129742853.137 8     -2950.172 8        51.354 8
G24  24353405.260 9 127977959.950 9      3059.056 9        54.473 9                                                                  24353405.260 8 127977959.950 8      3059.056 8        51.473 8
G30  22591443.802 9 118718806.246 9      2333.096 9        55.125 9                                                                  22591443.802 8 118718806.246 8      2333.096 8        52.125 8
G05  21261844.248 9 111731720.964 9       679.951 9        55.652 9                                                                  21261844.248 8 111731720.964 8       679.951 8        52.652 8
G04  21946061.839 9 115327302.930 9     -2474.483 9        55.377 9                                                                  21946061.839 8 115327302.930 8     -2474.483 8        52.377 8
E04                                                                  23383509.691 9 122881139.664 9      -148.873 9        57.938 9  23383509.691 9 122881139.664 9      -148.873 9        57.938 9
E05                                                                  26131751.177 9 137323215.765 9     -2056.136 9        56.973 9  26131751.177 9 137323215.765 9     -2056.136 9        56.973 9
E11                                                                  26659414.020 9 140096102.479 9     -2406.092 9        56.799 9  26659414.020 9 140096102.479 9     -2406.092 9        56.799 9
E20                                                                  27863597.833 9 146424116.546 9     -1673.695 9        56.416 9  27863597.833 9 146424116.546 9     -1673.695 9        56.416 9
E09                                                                  25006770.615 9 131411416.959 9      2574.658 9        57.355 9  25006770.615 9 131411416.959 9      2574.658 9        57.355 9
E10                                                                  23770046.520 9 124912401.519 9         7.102 9        57.796 9  23770046.520 9 124912401.519 9         7.102 9        57.796 9
E03                                                                  25048317.954 9 131629757.155 9      1948.531 9        57.341 9  25048317.954 9 131629757.155 9      1948.531 9        57.341 9
> 2026 02 03 10 00 58.0000000  0 18       0.000000000000
G02  20303143.842 9 106693719.996 9      -380.849 9        56.053 9                                                                  20303143.842 8 106693719.996 8      -380.849 8        53.053 8
G09  25266203.386 9 132774735.397 9     -2815.319 9        54.153 9                                                                  25266203.386 8 132774735.397 8     -2815.319 8        51.153 8
G13  25231723.673 9 132593533.256 9      1230.642 9        54.165 9                                                                  25231723.673 8 132593533.256 8      1230.642 8        51.165 8
G29  24890787.442 9 130801923.288 9      3070.406 9        54.283 9                                                                  24890787.442 8 130801923.288 8      3070.406 8        51.283 8
G10  22374496.013 9 117578735.095 9      3249.396 9        55.209 9                                                                  22374496.013 8 117578735.095 8      3249.396 8        52.209 8
G12  20803038.731 9 109320683.693 9       180.427 9        55.842 9                                                                  20803038.731 8 109320683.693 8       180.427 8        52.842 8
G17  24689818.141 9 129745803.355 9     -2950.297 9        54.354 9                                                                  24689818.141 8 129745803.355 8     -2950.297 8        51.354 8
G24  24352823.156 9 127974900.977 9      3058.892 9        54.473 9                                                                  24352823.156 8 127974900.977 8      3058.892 8        51.473 8
G30  22590999.874 9 118716473.392 9      2332.612 9        55.125 9                                                                  22590999.874 8 118716473.392 8      2332.612 8        52.125 8
G05  21261714.920 9 111731041.341 9       679.295 9        55.652 9                                                                  21261714.920 8 111731041.341 8       679.295 8        52.652 8
G04  21946532.735 9 115329777.501 9     -2474.671 9        55.377 9                                                                  21946532.735 8 115329777.501 8     -2474.671 8        52.377 8
E04                                                                  23383538.044 9 122881288.659 9      -149.120 9        57.938 9  23383538.044 9 122881288.659 9      -149.120 9        57.938 9
E05                                                                  26132142.463 9 137325271.976 9     -2056.306 9        56.973 9  26132142.463 9 137325271.976 9     -2056.306 9        56.973 9
E11                                                                  26659871.907 9 140098508.685 9     -2406.339 9        56.799 9  26659871.907 9 140098508.685 9     -2406.339 9        56.799 9
E20                                                                  27863916.356 9 146425790.390 9     -1674.005 9        56.416 9  27863916.356 9 146425790.390 9     -1674.005 9        56.416 9
E09                                                                  25006280.700 9 131408842.444 9      2574.383 9        57.355 9  25006280.700 9 131408842.444 9      2574.383 9        57.355 9
E10                                                                  23770045.214 9 124912394.653 9         6.631 9        57.796 9  23770045.214 9 124912394.653 9         6.631 9        57.796 9
E03                                                                  25047947.169 9 131627808.668 9      1948.443 9        57.341 9  25047947.169 9 131627808.668 9      1948.443 9        57.341 9
> 2026 02 03 10 00 59.0000000  0 18       0.000000000000
G02  20303216.353 9 106694101.042 9      -381.244 9        56.053 9                                                                  20303216.353 8 106694101.042 8      -381.244 8        53.053 8
G09  25266739.119 9 132777550.685 9     -2815.269 9        54.153 9                                                                  25266739.119 8 132777550.685 8     -2815.269 8        51.153 8
G13  25231489.533 9 132592302.845 9      1230.192 9        54.165 9                                                                  25231489.533 8 132592302.845 8      1230.192 8        51.165 8
G29  24890203.160 9 130798852.867 9      3070.433 9        54.283 9                                                                  24890203.160 8 130798852.867 8      3070.433 8        51.283 8
G10  22373877.704 9 117575485.860 9      3249.083 9        55.209 9                                                                  22373877.704 8 117575485.860 8      3249.083 8        52.209 8
G12  20803004.460 9 109320503.596 9       179.763 9        55.842 9                                                                  20803004.460 8 109320503.596 8       179.763 8        52.842 8
G17  24690379.575 9 129748753.699 9     -2950.422 9        54.354 9                                                                  24690379.575 8 129748753.699 8     -2950.422 8        51.354 8
G24  24352241.083 9 127971842.166 9      3058.729 9        54.473 9                                                                  24352241.083 8 127971842.166 8      3058.729 8        51.473 8
G30  22590556.039 9 118714141.022 9      2332.128 9        55.126 9                                                                  22590556.039 8 118714141.022 8      2332.128 8        52.126 8
G05  21261585.717 9 111730362.372 9       678.640 9        55.652 9                                                                  21261585.717 8 111730362.372 8       678.640 8        52.652 8
G04  21947003.667 9 115332252.260 9     -2474.860 9        55.377 9                                                                  21947003.667 8 115332252.260 8     -2474.860 8        52.377 8
E04                                                                  23383566.444 9 122881437.903 9      -149.367 9        57.938 9  23383566.444 9 122881437.903 9      -149.367 9        57.938 9
E05                                                                  26132533.780 9 137327328.358 9     -2056.477 9        56.973 9  26132533.780 9 137327328.358 9     -2056.477 9        56.973 9
E11                                                                  26660329.841 9 140100915.138 9     -2406.586 9        56.799 9  26660329.841 9 140100915.138 9     -2406.586 9        56.799 9
E20                                                                  27864234.938 9 146427464.542 9     -1674.314 9        56.416 9  27864234.938 9 146427464.542 9     -1674.314 9        56.416 9
E09                                                                  25005790.837 9 131406268.203 9      2574.108 9        57.356 9  25005790.837 9 131406268.203 9      2574.108 9        57.356 9
E10                                                                  23770043.997 9 124912388.258 9         6.160 9        57.796 9  23770043.997 9 124912388.258 9         6.160 9        57.796 9
E03                                                                  25047576.401 9 131625860.270 9      1948.355 9        57.341 9  25047576.401 9 131625860.270 9      1948.355 9        57.341 9
> 2026 02 03 10 01  0.0000000  0 18       0.000000000000
G02  20303288.939 9 106694482.483 9      -381.639 9        56.053 9                                                                  20303288.939 8 106694482.483 8      -381.639 8        53.053 8
G09  25267274.843 9 132780365.922 9     -2815.219 9        54.153 9                                                                  25267274.843 8 132780365.922 8     -2815.219 8        51.153 8
G13  25231255.478 9 132591072.884 9      1229.742 9        54.165 9                                                                  25231255.478 8 132591072.884 8      1229.742 8        51.165 8
G29  24889618.873 9 130795782.420 9      3070.460 9        54.284 9                                                                  24889618.873 8 130795782.420 8      3070.460 8        51.284 8
G10  22373259.454 9 117572236.939 9      3248.769 9        55.209 9                                                                  22373259.454 8 117572236.939 8      3248.769 8        52.209 8
G12  20802970.315 9 109320324.164 9       179.100 9        55.842 9                                                                  20802970.315 8 109320324.164 8       179.100 8        52.842 8
G17  24690941.033 9 129751704.168 9     -2950.548 9        54.353 9                                                                  24690941.033 8 129751704.168 8     -2950.548 8        51.353 8
G24  24351659.041 9 127968783.520 9      3058.566 9        54.473 9                                                                  24351659.041 8 127968783.520 8      3058.566 8        51.473 8
G30  22590112.295 9 118711809.136 9      2331.644 9        55.126 9                                                                  22590112.295 8 118711809.136 8      2331.644 8        52.126 8
G05  21261456.638 9 111729684.059 9       677.984 9        55.652 9                                                                  21261456.638 8 111729684.059 8       677.984 8        52.652 8
G04  21947474.635 9 115334727.207 9     -2475.048 9        55.376 9                                                                  21947474.635 8 115334727.207 8     -2475.048 8        52.376 8
E04                                                                  23383594.891 9 122881587.393 9      -149.615 9        57.938 9  23383594.891 9 122881587.393 9      -149.615 9        57.938 9
E05                                                                  26132925.131 9 137329384.911 9     -2056.647 9        56.973 9  26132925.131 9 137329384.911 9     -2056.647 9        56.973 9
E11                                                                  26660787.823 9 140103321.839 9     -2406.833 9        56.799 9  26660787.823 9 140103321.839 9     -2406.833 9        56.799 9
E20                                                                  27864553.579 9 146429139.004 9     -1674.623 9        56.415 9  27864553.579 9 146429139.004 9     -1674.623 9        56.415 9
E09                                                                  25005301.027 9 131403694.238 9      2573.832 9        57.356 9  25005301.027 9 131403694.238 9      2573.832 9        57.356 9
E10                                                                  23770042.869 9 124912382.334 9         5.689 9        57.796 9  23770042.869 9 124912382.334 9         5.689 9        57.796 9
E03                                                                  25047205.649 9 131623911.960 9      1948.267 9        57.341 9  25047205.649 9 131623911.960 9      1948.267 9        57.341 9
> 2026 02 03 10 01  1.0000000  0 18       0.000000000000
G02  20303361.600 9 106694864.318 9      -382.034 9        56.053 9                                                                  20303361.600 8 106694864.318 8      -382.034 8        53.053 8
G09  25267810.557 9 132783181.109 9     -2815.169 9        54.153 9                                                                  25267810.557 8 132783181.109 8     -2815.169 8        51.153 8
G13  25231021.509 9 132589843.374 9      1229.291 9        54.165 9                                                                  25231021.509 8 132589843.374 8      1229.291 8        51.165 8
G29  24889034.581 9 130792711.945 9      3070.486 9        54.284 9                                                                  24889034.581 8 130792711.945 8      3070.486 8        51.284 8
G10  22372641.263 9 117568988.331 9      3248.455 9        55.210 9                                                                  22372641.263 8 117568988.331 8      3248.455 8        52.210 8
G12  20802936.296 9 109320145.395 9       178.436 9        55.842 9                                                                  20802936.296 8 109320145.395 8       178.436 8        52.842 8
G17  24691502.515 9 129754654.762 9     -2950.673 9        54.353 9                                                                  24691502.515 8 129754654.762 8     -2950.673 8        51.353 8
G24  24351077.031 9 127965725.036 9      3058.402 9        54.474 9                                                                  24351077.031 8 127965725.036 8      3058.402 8        51.474 8
G30  22589668.644 9 118709477.735 9      2331.160 9        55.126 9                                                                  22589668.644 8 118709477.735 8      2331.160 8        52.126 8
G05  21261327.684 9 111729006.402 9       677.329 9        55.652 9                                                                  21261327.684 8 111729006.402 8       677.329 8        52.652 8
G04  21947945.639 9 115337202.343 9     -2475.236 9        55.376 9                                                                  21947945.639 8 115337202.343 8     -2475.236 8        52.376 8
E04                                                                  23383623.386 9 122881737.131 9      -149.862 9        57.938 9  23383623.386 9 122881737.131 9      -149.862 9        57.938 9
E05                                                                  26133316.514 9 137331441.634 9     -2056.817 9        56.973 9  26133316.514 9 137331441.634 9     -2056.817 9        56.973 9
E11                                                                  26661245.851 9 140105728.786 9     -2407.080 9        56.799 9  26661245.851 9 140105728.786 9     -2407.080 9        56.799 9
E20                                                                  27864872.279 9 146430813.776 9     -1674.932 9        56.415 9  27864872.279 9 146430813.776 9     -1674.932 9        56.415 9
E09                                                                  25004811.269 9 131401120.549 9      2573.557 9        57.356 9  25004811.269 9 131401120.549 9      2573.557 9        57.356 9
E10                                                                  23770041.832 9 124912376.881 9         5.218 9        57.796 9  23770041.832 9 124912376.881 9         5.218 9        57.796 9
E03                                                                  25046834.914 9 131621963.739 9      1948.178 9        57.341 9  25046834.914 9 131621963.739 9      1948.178 9        57.341 9
> 2026 02 03 10 01  2.0000000  0 18       0.000000000000
G02  20303434.336 9 106695246.548 9      -382.429 9        56.053 9                                                                  20303434.336 8 106695246.548 8      -382.429 8        53.053 8
G09  25268346.262 9 132785996.246 9     -2815.118 9        54.153 9                                                                  25268346.262 8 132785996.246 8     -2815.118 8        51.153 8
G13  25230787.626 9 132588614.313 9      1228.841 9        54.165 9                                                                  25230787.626 8 132588614.313 8      1228.841 8        51.165 8
G29  24888450.283 9 130789641.445 9      3070.513 9        54.284 9                                                                  24888450.283 8 130789641.445 8      3070.513 8        51.284 8
G10  22372023.133 9 117565740.037 9      3248.142 9        55.210 9                                                                  22372023.133 8 117565740.037 8      3248.142 8        52.210 8
G12  20802902.404 9 109319967.289 9       177.773 9        55.842 9                                                                  20802902.404 8 109319967.289 8       177.773 8        52.842 8
G17  24692064.020 9 129757605.481 9     -2950.798 9        54.353 9                                                                  24692064.020 8 129757605.481 8     -2950.798 8        51.353 8
G24  24350495.051 9 127962666.716 9      3058.239 9        54.474 9                                                                  24350495.051 8 127962666.716 8      3058.239 8        51.474 8
G30  22589225.085 9 118707146.817 9      2330.675 9        55.126 9                                                                  22589225.085 8 118707146.817 8      2330.675 8        52.126 8
G05  21261198.855 9 111728329.400 9       676.673 9        55.652 9                                                                  21261198.855 8 111728329.400 8       676.673 8        52.652 8
G04  21948416.678 9 115339677.666 9     -2475.424 9        55.376 9                                                                  21948416.678 8 115339677.666 8     -2475.424 8        52.376 8
E04                                                                  23383651.927 9 122881887.116 9      -150.110 9        57.938 9  23383651.927 9 122881887.116 9      -150.110 9        57.938 9
E05                                                                  26133707.929 9 137333498.526 9     -2056.988 9        56.972 9  26133707.929 9 137333498.526 9     -2056.988 9        56.972 9
E11                                                                  26661703.926 9 140108135.980 9     -2407.327 9        56.799 9  26661703.926 9 140108135.980 9     -2407.327 9        56.799 9
E20                                                                  27865191.038 9 146432488.856 9     -1675.242 9        56.415 9  27865191.038 9 146432488.856 9     -1675.242 9        56.415 9
E09                                                                  25004321.564 9 131398547.135 9      2573.282 9        57.356 9  25004321.564 9 131398547.135 9      2573.282 9        57.356 9
E10                                                                  23770040.883 9 124912371.899 9         4.747 9        57.796 9  23770040.883 9 124912371.899 9         4.747 9        57.796 9
E03                                                                  25046464.197 9 131620015.605 9      1948.090 9        57.342 9  25046464.197 9 131620015.605 9      1948.090 9        57.342 9
> 2026 02 03 10 01  3.0000000  0 18       0.000000000000
G02  20303507.148 9 106695629.173 9      -382.823 9        56.053 9                                                                  20303507.148 8 106695629.173 8      -382.823 8        53.053 8
G09  25268881.956 9 132788811.333 9     -2815.068 9        54.152 9                                                                  25268881.956 8 132788811.333 8     -2815.068 8        51.152 8
G13  25230553.828 9 132587385.703 9      1228.391 9        54.166 9                                                                  25230553.828 8 132587385.703 8      1228.391 8        51.166 8
G29  24887865.981 9 130786570.918 9      3070.539 9        54.284 9                                                                  24887865.981 8 130786570.918 8      3070.539 8        51.284 8
G10  22371405.062 9 117562492.056 9      3247.828 9        55.210 9                                                                  22371405.062 8 117562492.056 8      3247.828 8        52.210 8
G12  20802868.638 9 109319789.847 9       177.109 9        55.842 9                                                                  20802868.638 8 109319789.847 8       177.109 8        52.842 8
G17  24692625.550 9 129760556.326 9     -2950.924 9        54.353 9                                                                  24692625.550 8 129760556.326 8     -2950.924 8        51.353 8
G24  24349913.102 9 127959608.559 9      3058.075 9        54.474 9                                                                  24349913.102 8 127959608.559 8      3058.075 8        51.474 8
G30  22588781.618 9 118704816.384 9      2330.191 9        55.126 9                                                                  22588781.618 8 118704816.384 8      2330.191 8        52.126 8
G05  21261070.151 9 111727653.054 9       676.018 9        55.652 9                                                                  21261070.151 8 111727653.054 8       676.018 8        52.652 8
G04  21948887.753 9 115342153.178 9     -2475.612 9        55.376 9                                                                  21948887.753 8 115342153.178 8     -2475.612 8        52.376 8
E04                                                                  23383680.515 9 122882037.349 9      -150.357 9        57.938 9  23383680.515 9 122882037.349 9      -150.357 9        57.938 9
E05                                                                  26134099.376 9 137335555.590 9     -2057.158 9        56.972 9  26134099.376 9 137335555.590 9     -2057.158 9        56.972 9
E11                                                                  26662162.049 9 140110543.422 9     -2407.574 9        56.799 9  26662162.049 9 140110543.422 9     -2407.574 9        56.799 9
E20                                                                  27865509.856 9 146434164.246 9     -1675.551 9        56.415 9  27865509.856 9 146434164.246 9     -1675.551 9        56.415 9
E09                                                                  25003831.911 9 131395973.996 9      2573.006 9        57.356 9  25003831.911 9 131395973.996 9      2573.006 9        57.356 9
E10                                                                  23770040.025 9 124912367.388 9         4.276 9        57.796 9  23770040.025 9 124912367.388 9         4.276 9        57.796 9
E03                                                                  25046093.495 9 131618067.560 9      1948.002 9        57.342 9  25046093.495 9 131618067.560 9      1948.002 9        57.342 9
> 2026 02 03 10 01  4.0000000  0 18       0.000000000000
G02  20303580.034 9 106696012.193 9      -383.218 9        56.053 9                                                                  20303580.034 8 106696012.193 8      -383.218 8        53.053 8
G09  25269417.642 9 132791626.369 9     -2815.017 9        54.152 9                                                                  25269417.642 8 132791626.369 8     -2815.017 8        51.152 8
G13  25230320.116 9 132586157.543 9      1227.940 9        54.166 9                                                                  25230320.116 8 132586157.543 8      1227.940 8        51.166 8
G29  24887281.674 9 130783500.364 9      3070.566 9        54.285 9                                                                  24887281.674 8 130783500.364 8      3070.566 8        51.285 8
G10  22370787.051 9 117559244.390 9      3247.514 9        55.210 9                                                                  22370787.051 8 117559244.390 8      3247.514 8        52.210 8
G12  20802834.999 9 109319613.069 9       176.446 9        55.842 9                                                                  20802834.999 8 109319613.069 8       176.446 8        52.842 8
G17  24693187.103 9 129763507.297 9     -2951.049 9        54.353 9                                                                  24693187.103 8 129763507.297 8     -2951.049 8        51.353 8
G24  24349331.185 9 127956550.566 9      3057.912 9        54.474 9                                                                  24349331.185 8 127956550.566 8      3057.912 8        51.474 8
G30  22588338.243 9 118702486.435 9      2329.707 9        55.126 9                                                                  22588338.243 8 118702486.435 8      2329.707 8        52.126 8
G05  21260941.571 9 111726977.363 9       675.362 9        55.652 9                                                                  21260941.571 8 111726977.363 8       675.362 8        52.652 8
G04  21949358.864 9 115344628.878 9     -2475.800 9        55.376 9                                                                  21949358.864 8 115344628.878 8     -2475.800 8        52.376 8
E04                                                                  23383709.151 9 122882187.829 9      -150.605 9        57.938 9  23383709.151 9 122882187.829 9      -150.605 9        57.938 9
E05                                                                  26134490.856 9 137337612.824 9     -2057.328 9        56.972 9  26134490.856 9 137337612.824 9     -2057.328 9        56.972 9
E11                                                                  26662620.218 9 140112951.110 9     -2407.821 9        56.798 9  26662620.218 9 140112951.110 9     -2407.821 9        56.798 9
E20                                                                  27865828.732 9 146435839.945 9     -1675.860 9        56.415 9  27865828.732 9 146435839.945 9     -1675.860 9        56.415 9
E09                                                                  25003342.310 9 131393401.133 9      2572.731 9        57.357 9  25003342.310 9 131393401.133 9      2572.731 9        57.357 9
E10                                                                  23770039.256 9 124912363.348 9         3.805 9        57.796 9  23770039.256 9 124912363.348 9         3.805 9        57.796 9
E03                                                                  25045722.811 9 131616119.603 9      1947.913 9        57.342 9  25045722.811 9 131616119.603 9      1947.913 9        57.342 9
> 2026 02 03 10 01  5.0000000  0 18       0.000000000000
G02  20303652.996 9 106696395.607 9      -383.613 9        56.053 9                                                                  20303652.996 8 106696395.607 8      -383.613 8        53.053 8
G09  25269953.317 9 132794441.354 9     -2814.967 9        54.152 9                                                                  25269953.317 8 132794441.354 8     -2814.967 8        51.152 8
G13  25230086.490 9 132584929.834 9      1227.490 9        54.166 9                                                                  25230086.490 8 132584929.834 8      1227.490 8        51.166 8
G29  24886697.361 9 130780429.784 9      3070.593 9        54.285 9                                                                  24886697.361 8 130780429.784 8      3070.593 8        51.285 8
G10  22370169.099 9 117555997.037 9      3247.200 9        55.211 9                                                                  22370169.099 8 117555997.037 8      3247.200 8        52.211 8
G12  20802801.485 9 109319436.954 9       175.782 9        55.842 9                                                                  20802801.485 8 109319436.954 8       175.782 8        52.842 8
G17  24693748.681 9 129766458.392 9     -2951.174 9        54.352 9                                                                  24693748.681 8 129766458.392 8     -2951.174 8        51.352 8
G24  24348749.299 9 127953492.736 9      3057.749 9        54.475 9                                                                  24348749.299 8 127953492.736 8      3057.749 8        51.475 8
G30  22587894.960 9 118700156.970 9      2329.222 9        55.127 9                                                                  22587894.960 8 118700156.970 8      2329.222 8        52.127 8
G05  21260813.116 9 111726302.327 9       674.707 9        55.652 9                                                                  21260813.116 8 111726302.327 8       674.707 8        52.652 8
G04  21949830.010 9 115347104.765 9     -2475.988 9        55.375 9                                                                  21949830.010 8 115347104.765 8     -2475.988 8        52.375 8
E04                                                                  23383737.834 9 122882338.557 9      -150.852 9        57.938 9  23383737.834 9 122882338.557 9      -150.852 9        57.938 9
E05                                                                  26134882.369 9 137339670.227 9     -2057.499 9        56.972 9  26134882.369 9 137339670.227 9     -2057.499 9        56.972 9
E11                                                                  26663078.434 9 140115359.044 9     -2408.067 9        56.798 9  26663078.434 9 140115359.044 9     -2408.067 9        56.798 9
E20                                                                  27866147.667 9 146437515.953 9     -1676.169 9        56.415 9  27866147.667 9 146437515.953 9     -1676.169 9        56.415 9
E09                                                                  25002852.762 9 131390828.545 9      2572.455 9        57.357 9  25002852.762 9 131390828.545 9      2572.455 9        57.357 9
E10                                                                  23770038.577 9 124912359.779 9         3.334 9        57.796 9  23770038.577 9 124912359.779 9         3.334 9        57.796 9
E03                                                                  25045352.144 9 131614171.735 9      1947.825 9        57.342 9  25045352.144 9 131614171.735 9      1947.825 9        57.342 9
> 2026 02 03 10 01  6.0000000  0 18       0.000000000000
G02  20303726.032 9 106696779.416 9      -384.007 9        56.053 9                                                                  20303726.032 8 106696779.416 8      -384.007 8        53.053 8
G09  25270488.983 9 132797256.289 9     -2814.916 9        54.152 9                                                                  25270488.983 8 132797256.289 8     -2814.916 8        51.152 8
G13  25229852.950 9 132583702.576 9      1227.039 9        54.166 9                                                                  25229852.950 8 132583702.576 8      1227.039 8        51.166 8
G29  24886113.044 9 130777359.177 9      3070.619 9        54.285 9                                                                  24886113.044 8 130777359.177 8      3070.619 8        51.285 8
G10  22369551.207 9 117552749.998 9      3246.886 9        55.211 9                                                                  22369551.207 8 117552749.998 8      3246.886 8        52.211 8
G12  20802768.098 9 109319261.502 9       175.119 9        55.842 9                                                                  20802768.098 8 109319261.502 8       175.119 8        52.842 8
G17  24694310.282 9 129769409.613 9     -2951.299 9        54.352 9                                                                  24694310.282 8 129769409.613 8     -2951.299 8        51.352 8
G24  24348167.443 9 127950435.069 9      3057.585 9        54.475 9                                                                  24348167.443 8 127950435.069 8      3057.585 8        51.475 8
G30  22587451.770 9 118697827.990 9      2328.738 9        55.127 9                                                                  22587451.770 8 118697827.990 8      2328.738 8        52.127 8
G05  21260684.786 9 111725627.948 9       674.051 9        55.653 9                                                                  21260684.786 8 111725627.948 8       674.051 8        52.653 8
G04  21950301.193 9 115349580.841 9     -2476.176 9        55.375 9                                                                  21950301.193 8 115349580.841 8     -2476.176 8        52.375 8
E04                                                                  23383766.563 9 122882489.532 9      -151.100 9        57.938 9  23383766.563 9 122882489.532 9      -151.100 9        57.938 9
E05                                                                  26135273.914 9 137341727.801 9     -2057.669 9        56.972 9  26135273.914 9 137341727.801 9     -2057.669 9        56.972 9
E11                                                                  26663536.697 9 140117767.226 9     -2408.314 9        56.798 9  26663536.697 9 140117767.226 9     -2408.314 9        56.798 9
E20                                                                  27866466.662 9 146439192.269 9     -1676.478 9        56.415 9  27866466.662 9 146439192.269 9     -1676.478 9        56.415 9
E09                                                                  25002363.266 9 131388256.233 9      2572.179 9        57.357 9  25002363.266 9 131388256.233 9      2572.179 9        57.357 9
E10                                                                  23770037.987 9 124912356.681 9         2.863 9        57.796 9  23770037.987 9 124912356.681 9         2.863 9        57.796 9
E03                                                                  25044981.493 9 131612223.955 9      1947.737 9        57.342 9  25044981.493 9 131612223.955 9      1947.737 9        57.342 9
> 2026 02 03 10 01  7.0000000  0 18       0.000000000000
G02  20303799.144 9 106697163.619 9      -384.402 9        56.053 9                                                                  20303799.144 8 106697163.619 8      -384.402 8        53.053 8
G09  25271024.640 9 132800071.173 9     -2814.865 9        54.152 9                                                                  25271024.640 8 132800071.173 8     -2814.865 8        51.152 8
G13  25229619.495 9 132582475.768 9      1226.588 9        54.166 9                                                                  25229619.495 8 132582475.768 8      1226.588 8        51.166 8
G29  24885528.721 9 130774288.543 9      3070.645 9        54.285 9                                                                  24885528.721 8 130774288.543 8      3070.645 8        51.285 8
G10  22368933.375 9 117549503.273 9      3246.572 9        55.211 9                                                                  22368933.375 8 117549503.273 8      3246.572 8        52.211 8
G12  20802734.837 9 109319086.715 9       174.455 9        55.842 9                                                                  20802734.837 8 109319086.715 8       174.455 8        52.842 8
G17  24694871.906 9 129772360.959 9     -2951.425 9        54.352 9                                                                  24694871.906 8 129772360.959 8     -2951.425 8        51.352 8
G24  24347585.619 9 127947377.566 9      3057.421 9        54.475 9                                                                  24347585.619 8 127947377.566 8      3057.421 8        51.475 8
G30  22587008.671 9 118695499.495 9      2328.253 9        55.127 9                                                                  22587008.671 8 118695499.495 8      2328.253 8        52.127 8
G05  21260556.581 9 111724954.224 9       673.395 9        55.653 9                                                                  21260556.581 8 111724954.224 8       673.395 8        52.653 8
G04  21950772.411 9 115352057.104 9     -2476.363 9        55.375 9                                                                  21950772.411 8 115352057.104 8     -2476.363 8        52.375 8
E04                                                                  23383795.340 9 122882640.755 9      -151.347 9        57.938 9  23383795.340 9 122882640.755 9      -151.347 9        57.938 9
E05                                                                  26135665.491 9 137343785.546 9     -2057.839 9        56.972 9  26135665.491 9 137343785.546 9     -2057.839 9        56.972 9
E11                                                                  26663995.007 9 140120175.654 9     -2408.561 9        56.798 9  26663995.007 9 140120175.654 9     -2408.561 9        56.798 9
E20                                                                  27866785.714 9 146440868.895 9     -1676.786 9        56.415 9  27866785.714 9 146440868.895 9     -1676.786 9        56.415 9
E09                                                                  25001873.823 9 131385684.197 9      2571.904 9        57.357 9  25001873.823 9 131385684.197 9      2571.904 9        57.357 9
E10                                                                  23770037.487 9 124912354.053 9         2.392 9        57.796 9  23770037.487 9 124912354.053 9         2.392 9        57.796 9
E03                                                                  25044610.859 9 131610276.263 9      1947.648 9        57.342 9  25044610.859 9 131610276.263 9      1947.648 9        57.342 9
> 2026 02 03 10 01  8.0000000  0 18       0.000000000000
G02  20303872.331 9 106697548.217 9      -384.796 9        56.052 9                                                                  20303872.331 8 106697548.217 8      -384.796 8        53.052 8
G09  25271560.286 9 132802886.006 9     -2814.814 9        54.151 9                                                                  25271560.286 8 132802886.006 8     -2814.814 8        51.151 8
G13  25229386.127 9 132581249.410 9      1226.137 9        54.166 9                                                                  25229386.127 8 132581249.410 8      1226.137 8        51.166 8
G29  24884944.394 9 130771217.884 9      3070.672 9        54.285 9                                                                  24884944.394 8 130771217.884 8      3070.672 8        51.285 8
G10  22368315.603 9 117546256.863 9      3246.258 9        55.211 9                                                                  22368315.603 8 117546256.863 8      3246.258 8        52.211 8
G12  20802701.703 9 109318912.591 9       173.791 9        55.842 9                                                                  20802701.703 8 109318912.591 8       173.791 8        52.842 8
G17  24695433.555 9 129775312.430 9     -2951.550 9        54.352 9                                                                  24695433.555 8 129775312.430 8     -2951.550 8        51.352 8
G24  24347003.826 9 127944320.227 9      3057.258 9        54.475 9                                                                  24347003.826 8 127944320.227 8      3057.258 8        51.475 8
G30  22586565.665 9 118693171.484 9      2327.768 9        55.127 9                                                                  22586565.665 8 118693171.484 8      2327.768 8        52.127 8
G05  21260428.500 9 111724281.155 9       672.740 9        55.653 9                                                                  21260428.500 8 111724281.155 8       672.740 8        52.653 8
G04  21951243.665 9 115354533.555 9     -2476.551 9        55.375 9                                                                  21951243.665 8 115354533.555 8     -2476.551 8        52.375 8
E04                                                                  23383824.164 9 122882792.226 9      -151.595 9        57.938 9  23383824.164 9 122882792.226 9      -151.595 9        57.938 9
E05                                                                  26136057.100 9 137345843.461 9     -2058.010 9        56.972 9  26136057.100 9 137345843.461 9     -2058.010 9        56.972 9
E11                                                                  26664453.364 9 140122584.329 9     -2408.807 9        56.798 9  26664453.364 9 140122584.329 9     -2408.807 9        56.798 9
E20                                                                  27867104.826 9 146442545.829 9     -1677.095 9        56.415 9  27867104.826 9 146442545.829 9     -1677.095 9        56.415 9
E09                                                                  25001384.432 9 131383112.436 9      2571.628 9        57.357 9  25001384.432 9 131383112.436 9      2571.628 9        57.357 9
E10                                                                  23770037.077 9 124912351.897 9         1.921 9        57.796 9  23770037.077 9 124912351.897 9         1.921 9        57.796 9
E03                                                                  25044240.242 9 131608328.660 9      1947.560 9        57.342 9  25044240.242 9 131608328.660 9      1947.560 9        57.342 9
> 2026 02 03 10 01  9.0000000  0 18       0.000000000000
G02  20303945.592 9 106697933.210 9      -385.191 9        56.052 9                                                                  20303945.592 8 106697933.210 8      -385.191 8        53.052 8
G09  25272095.923 9 132805700.787 9     -2814.763 9        54.151 9                                                                  25272095.923 8 132805700.787 8     -2814.763 8        51.151 8
G13  25229152.843 9 132580023.504 9      1225.687 9        54.166 9                                                                  25229152.843 8 132580023.504 8      1225.687 8        51.166 8
G29  24884360.061 9 130768147.197 9      3070.698 9        54.286 9                                                                  24884360.061 8 130768147.197 8      3070.698 8        51.286 8
G10  22367697.891 9 117543010.767 9      3245.943 9        55.212 9                                                                  22367697.891 8 117543010.767 8      3245.943 8        52.212 8
G12  20802668.695 9 109318739.130 9       173.128 9        55.842 9                                                                  20802668.695 8 109318739.130 8       173.128 8        52.842 8
G17  24695995.228 9 129778264.026 9     -2951.675 9        54.352 9                                                                  24695995.228 8 129778264.026 8     -2951.675 8        51.352 8
G24  24346422.064 9 127941263.051 9      3057.094 9        54.475 9                                                                  24346422.064 8 127941263.051 8      3057.094 8        51.475 8
G30  22586122.752 9 118690843.958 9      2327.283 9        55.127 9                                                                  22586122.752 8 118690843.958 8      2327.283 8        52.127 8
G05  21260300.544 9 111723608.742 9       672.084 9        55.653 9                                                                  21260300.544 8 111723608.742 8       672.084 8        52.653 8
G04  21951714.954 9 115357010.193 9     -2476.739 9        55.375 9                                                                  21951714.954 8 115357010.193 8     -2476.739 8        52.375 8
E04                                                                  23383853.035 9 122882943.944 9      -151.843 9        57.938 9  23383853.035 9 122882943.944 9      -151.843 9        57.938 9
E05                                                                  26136448.742 9 137347901.546 9     -2058.180 9        56.972 9  26136448.742 9 137347901.546 9     -2058.180 9        56.972 9
E11                                                                  26664911.768 9 140124993.250 9     -2409.054 9        56.798 9  26664911.768 9 140124993.250 9     -2409.054 9        56.798 9
E20                                                                  27867423.996 9 146444223.072 9     -1677.404 9        56.415 9  27867423.996 9 146444223.072 9     -1677.404 9        56.415 9
E09                                                                  25000895.094 9 131380540.951 9      2571.352 9        57.357 9  25000895.094 9 131380540.951 9      2571.352 9        57.357 9
E10                                                                  23770036.756 9 124912350.212 9         1.450 9        57.796 9  23770036.756 9 124912350.212 9         1.450 9        57.796 9
E03                                                                  25043869.642 9 131606381.145 9      1947.471 9        57.342 9  25043869.642 9 131606381.145 9      1947.471 9        57.342 9
> 2026 02 03 10 01 10.0000000  0 18       0.000000000000
G02  20304018.929 9 106698318.597 9      -385.585 9        56.052 9                                                                  20304018.929 8 106698318.597 8      -385.585 8        53.052 8
G09  25272631.550 9 132808515.518 9     -2814.712 9        54.151 9                                                                  25272631.550 8 132808515.518 8     -2814.712 8        51.151 8
G13  25228919.646 9 132578798.049 9      1225.236 9        54.166 9                                                                  25228919.646 8 132578798.049 8      1225.236 8        51.166 8
G29  24883775.724 9 130765076.485 9      3070.725 9        54.286 9                                                                  24883775.724 8 130765076.485 8      3070.725 8        51.286 8
G10  22367080.238 9 117539764.985 9      3245.629 9        55.212 9                                                                  22367080.238 8 117539764.985 8      3245.629 8        52.212 8
G12  20802635.813 9 109318566.334 9       172.464 9        55.842 9                                                                  20802635.813 8 109318566.334 8       172.464 8        52.842 8
G17  24696556.924 9 129781215.748 9     -2951.800 9        54.351 9                                                                  24696556.924 8 129781215.748 8     -2951.800 8        51.351 8
G24  24345840.334 9 127938206.039 9      3056.931 9        54.476 9                                                                  24345840.334 8 127938206.039 8      3056.931 8        51.476 8
G30  22585679.930 9 118688516.917 9      2326.799 9        55.127 9                                                                  22585679.930 8 118688516.917 8      2326.799 8        52.127 8
G05  21260172.713 9 111722936.986 9       671.428 9        55.653 9                                                                  21260172.713 8 111722936.986 8       671.428 8        52.653 8
G04  21952186.280 9 115359487.020 9     -2476.926 9        55.374 9                                                                  21952186.280 8 115359487.020 8     -2476.926 8        52.374 8
E04                                                                  23383881.954 9 122883095.909 9      -152.090 9        57.938 9  23383881.954 9 122883095.909 9      -152.090 9        57.938 9
E05                                                                  26136840.417 9 137349959.801 9     -2058.350 9        56.971 9  26136840.417 9 137349959.801 9     -2058.350 9        56.971 9
E11                                                                  26665370.219 9 140127402.418 9     -2409.300 9        56.798 9  26665370.219 9 140127402.418 9     -2409.300 9        56.798 9
E20                                                                  27867743.225 9 146445900.624 9     -1677.712 9        56.414 9  27867743.225 9 146445900.624 9     -1677.712 9        56.414 9
E09                                                                  25000405.808 9 131377969.742 9      2571.076 9        57.358 9  25000405.808 9 131377969.742 9      2571.076 9        57.358 9
E10                                                                  23770036.525 9 124912348.997 9         0.979 9        57.796 9  23770036.525 9 124912348.997 9         0.979 9        57.796 9
E03                                                                  25043499.059 9 131604433.719 9      1947.383 9        57.343 9  25043499.059 9 131604433.719 9      1947.383 9        57.343 9
> 2026 02 03 10 01 11.0000000  0 18       0.000000000000
G02  20304092.341 9 106698704.378 9      -385.980 9        56.052 9                                                                  20304092.341 8 106698704.378 8      -385.980 8        53.052 8
G09  25273167.168 9 132811330.198 9     -2814.660 9        54.151 9                                                                  25273167.168 8 132811330.198 8     -2814.660 8        51.151 8
G13  25228686.535 9 132577573.044 9      1224.785 9        54.166 9                                                                  25228686.535 8 132577573.044 8      1224.785 8        51.166 8
G29  24883191.381 9 130762005.746 9      3070.751 9        54.286 9                                                                  24883191.381 8 130762005.746 8      3070.751 8        51.286 8
G10  22366462.646 9 117536519.519 9      3245.314 9        55.212 9                                                                  22366462.646 8 117536519.519 8      3245.314 8        52.212 8
G12  20802603.057 9 109318394.201 9       171.800 9        55.842 9                                                                  20802603.057 8 109318394.201 8       171.800 8        52.842 8
G17  24697118.644 9 129784167.595 9     -2951.925 9        54.351 9                                                                  24697118.644 8 129784167.595 8     -2951.925 8        51.351 8
G24  24345258.634 9 127935149.191 9      3056.767 9        54.476 9                                                                  24345258.634 8 127935149.191 8      3056.767 8        51.476 8
G30  22585237.201 9 118686190.361 9      2326.313 9        55.128 9                                                                  22585237.201 8 118686190.361 8      2326.313 8        52.128 8
G05  21260045.007 9 111722265.884 9       670.772 9        55.653 9                                                                  21260045.007 8 111722265.884 8       670.772 8        52.653 8
G04  21952657.640 9 115361964.033 9     -2477.114 9        55.374 9                                                                  21952657.640 8 115361964.033 8     -2477.114 8        52.374 8
E04                                                                  23383910.919 9 122883248.123 9      -152.338 9        57.938 9  23383910.919 9 122883248.123 9      -152.338 9        57.938 9
E05                                                                  26137232.124 9 137352018.227 9     -2058.520 9        56.971 9  26137232.124 9 137352018.227 9     -2058.520 9        56.971 9
E11                                                                  26665828.717 9 140129811.832 9     -2409.547 9        56.797 9  26665828.717 9 140129811.832 9     -2409.547 9        56.797 9
E20                                                                  27868062.513 9 146447578.484 9     -1678.021 9        56.414 9  27868062.513 9 146447578.484 9     -1678.021 9        56.414 9
E09                                                                  24999916.575 9 131375398.809 9      2570.800 9        57.358 9  24999916.575 9 131375398.809 9      2570.800 9        57.358 9
E10                                                                  23770036.384 9 124912348.254 9         0.508 9        57.796 9  23770036.384 9 124912348.254 9         0.508 9        57.796 9
E03                                                                  25043128.492 9 131602486.381 9      1947.294 9        57.343 9  25043128.492 9 131602486.381 9      1947.294 9        57.343 9
> 2026 02 03 10 01 12.0000000  0 18       0.000000000000
G02  20304165.828 9 106699090.554 9      -386.374 9        56.052 9                                                                  20304165.828 8 106699090.554 8      -386.374 8        53.052 8
G09  25273702.776 9 132814144.826 9     -2814.609 9        54.151 9                                                                  25273702.776 8 132814144.826 8     -2814.609 8        51.151 8
G13  25228453.509 9 132576348.490 9      1224.334 9        54.166 9                                                                  25228453.509 8 132576348.490 8      1224.334 8        51.166 8
G29  24882607.033 9 130758934.980 9      3070.777 9        54.286 9                                                                  24882607.033 8 130758934.980 8      3070.777 8        51.286 8
G10  22365845.113 9 117533274.366 9      3244.999 9        55.212 9                                                                  22365845.113 8 117533274.366 8      3244.999 8        52.212 8
G12  20802570.428 9 109318222.731 9       171.136 9        55.842 9                                                                  20802570.428 8 109318222.731 8       171.136 8        52.842 8
G17  24697680.388 9 129787119.567 9     -2952.051 9        54.351 9                                                                  24697680.388 8 129787119.567 8     -2952.051 8        51.351 8
G24  24344676.966 9 127932092.506 9      3056.603 9        54.476 9                                                                  24344676.966 8 127932092.506 8      3056.603 8        51.476 8
G30  22584794.564 9 118683864.290 9      2325.828 9        55.128 9                                                                  22584794.564 8 118683864.290 8      2325.828 8        52.128 8
G05  21259917.426 9 111721595.439 9       670.117 9        55.653 9                                                                  21259917.426 8 111721595.439 8       670.117 8        52.653 8
G04  21953129.037 9 115364441.235 9     -2477.301 9        55.374 9                                                                  21953129.037 8 115364441.235 8     -2477.301 8        52.374 8
E04                                                                  23383939.932 9 122883400.584 9      -152.586 9        57.938 9  23383939.932 9 122883400.584 9      -152.586 9        57.938 9
E05                                                                  26137623.863 9 137354076.823 9     -2058.691 9        56.971 9  26137623.863 9 137354076.823 9     -2058.691 9        56.971 9
E11                                                                  26666287.261 9 140132221.492 9     -2409.793 9        56.797 9  26666287.261 9 140132221.492 9     -2409.793 9        56.797 9
E20                                                                  27868381.860 9 146449256.653 9     -1678.330 9        56.414 9  27868381.860 9 146449256.653 9     -1678.330 9        56.414 9
E09                                                                  24999427.394 9 131372828.152 9      2570.524 9        57.358 9  24999427.394 9 131372828.152 9      2570.524 9        57.358 9
E10                                                                  23770036.332 9 124912347.981 9         0.037 9        57.796 9  23770036.332 9 124912347.981 9         0.037 9        57.796 9
E03                                                                  25042757.943 9 131600539.132 9      1947.206 9        57.343 9  25042757.943 9 131600539.132 9      1947.206 9        57.343 9
> 2026 02 03 10 01 13.0000000  0 18       0.000000000000
G02  20304239.390 9 106699477.124 9      -386.768 9        56.052 9                                                                  20304239.390 8 106699477.124 8      -386.768 8        53.052 8
G09  25274238.373 9 132816959.402 9     -2814.558 9        54.151 9                                                                  25274238.373 8 132816959.402 8     -2814.558 8        51.151 8
G13  25228220.569 9 132575124.388 9      1223.882 9        54.166 9                                                                  25228220.569 8 132575124.388 8      1223.882 8        51.166 8
G29  24882022.681 9 130755864.189 9      3070.804 9        54.286 9                                                                  24882022.681 8 130755864.189 8      3070.804 8        51.286 8
G10  22365227.640 9 117530029.528 9      3244.685 9        55.213 9                                                                  22365227.640 8 117530029.528 8      3244.685 8        52.213 8
G12  20802537.925 9 109318051.926 9       170.473 9        55.842 9                                                                  20802537.925 8 109318051.926 8       170.473 8        52.842 8
G17  24698242.156 9 129790071.664 9     -2952.176 9        54.351 9                                                                  24698242.156 8 129790071.664 8     -2952.176 8        51.351 8
G24  24344095.328 9 127929035.985 9      3056.440 9        54.476 9                                                                  24344095.328 8 127929035.985 8      3056.440 8        51.476 8
G30  22584352.019 9 118681538.704 9      2325.343 9        55.128 9                                                                  22584352.019 8 118681538.704 8      2325.343 8        52.128 8
G05  21259789.969 9 111720925.650 9       669.461 9        55.653 9                                                                  21259789.969 8 111720925.650 8       669.461 8        52.653 8
G04  21953600.469 9 115366918.623 9     -2477.489 9        55.374 9                                                                  21953600.469 8 115366918.623 8     -2477.489 8        52.374 8
E04                                                                  23383968.991 9 122883553.293 9      -152.833 9        57.938 9  23383968.991 9 122883553.293 9      -152.833 9        57.938 9
E05                                                                  26138015.635 9 137356135.589 9     -2058.861 9        56.971 9  26138015.635 9 137356135.589 9     -2058.861 9        56.971 9
E11                                                                  26666745.853 9 140134631.399 9     -2410.039 9        56.797 9  26666745.853 9 140134631.399 9     -2410.039 9        56.797 9
E20                                                                  27868701.265 9 146450935.130 9     -1678.638 9        56.414 9  27868701.265 9 146450935.130 9     -1678.638 9        56.414 9
E09                                                                  24998938.266 9 131370257.771 9      2570.248 9        57.358 9  24998938.266 9 131370257.771 9      2570.248 9        57.358 9
E10                                                                  23770036.369 9 124912348.179 9        -0.433 9        57.796 9  23770036.369 9 124912348.179 9        -0.433 9        57.796 9
E03                                                                  25042387.410 9 131598591.972 9      1947.117 9        57.343 9  25042387.410 9 131598591.972 9      1947.117 9        57.343 9
> 2026 02 03 10 01 14.0000000  0 18       0.000000000000
G02  20304313.027 9 106699864.088 9      -387.162 9        56.052 9                                                                  20304313.027 8 106699864.088 8      -387.162 8        53.052 8
G09  25274773.961 9 132819773.927 9     -2814.506 9        54.150 9                                                                  25274773.961 8 132819773.927 8     -2814.506 8        51.150 8
G13  25227987.716 9 132573900.737 9      1223.431 9        54.166 9                                                                  25227987.716 8 132573900.737 8      1223.431 8        51.166 8
G29  24881438.323 9 130752793.371 9      3070.830 9        54.287 9                                                                  24881438.323 8 130752793.371 8      3070.830 8        51.287 8
G10  22364610.227 9 117526785.006 9      3244.370 9        55.213 9                                                                  22364610.227 8 117526785.006 8      3244.370 8        52.213 8
G12  20802505.548 9 109317881.784 9       169.809 9        55.842 9                                                                  20802505.548 8 109317881.784 8       169.809 8        52.842 8
G17  24698803.948 9 129793023.886 9     -2952.301 9        54.351 9                                                                  24698803.948 8 129793023.886 8     -2952.301 8        51.351 8
G24  24343513.722 9 127925979.627 9      3056.276 9        54.476 9                                                                  24343513.722 8 127925979.627 8      3056.276 8        51.476 8
G30  22583909.567 9 118679213.603 9      2324.858 9        55.128 9                                                                  22583909.567 8 118679213.603 8      2324.858 8        52.128 8
G05  21259662.637 9 111720256.516 9       668.805 9        55.653 9                                                                  21259662.637 8 111720256.516 8       668.805 8        52.653 8
G04  21954071.937 9 115369396.200 9     -2477.676 9        55.374 9                                                                  21954071.937 8 115369396.200 8     -2477.676 8        52.374 8
E04                                                                  23383998.098 9 122883706.249 9      -153.081 9        57.938 9  23383998.098 9 122883706.249 9      -153.081 9        57.938 9
E05                                                                  26138407.439 9 137358194.526 9     -2059.031 9        56.971 9  26138407.439 9 137358194.526 9     -2059.031 9        56.971 9
E11                                                                  26667204.491 9 140137041.552 9     -2410.285 9        56.797 9  26667204.491 9 140137041.552 9     -2410.285 9        56.797 9
E20                                                                  27869020.729 9 146452613.916 9     -1678.946 9        56.414 9  27869020.729 9 146452613.916 9     -1678.946 9        56.414 9
E09                                                                  24998449.190 9 131367687.665 9      2569.972 9        57.358 9  24998449.190 9 131367687.665 9      2569.972 9        57.358 9
E10                                                                  23770036.497 9 124912348.848 9        -0.904 9        57.796 9  23770036.497 9 124912348.848 9        -0.904 9        57.796 9
E03                                                                  25042016.894 9 131596644.900 9      1947.028 9        57.343 9  25042016.894 9 131596644.900 9      1947.028 9        57.343 9
> 2026 02 03 10 01 15.0000000  0 18       0.000000000000
G02  20304386.739 9 106700251.447 9      -387.557 9        56.052 9                                                                  20304386.739 8 106700251.447 8      -387.557 8        53.052 8
G09  25275309.540 9 132822588.401 9     -2814.454 9        54.150 9                                                                  25275309.540 8 132822588.401 8     -2814.454 8        51.150 8
G13  25227754.948 9 132572677.537 9      1222.980 9        54.166 9                                                                  25227754.948 8 132572677.537 8      1222.980 8        51.166 8
G29  24880853.961 9 130749722.527 9      3070.856 9        54.287 9                                                                  24880853.961 8 130749722.527 8      3070.856 8        51.287 8
G10  22363992.874 9 117523540.798 9      3244.055 9        55.213 9                                                                  22363992.874 8 117523540.798 8      3244.055 8        52.213 8
G12  20802473.297 9 109317712.306 9       169.145 9        55.842 9                                                                  20802473.297 8 109317712.306 8       169.145 8        52.842 8
G17  24699365.763 9 129795976.233 9     -2952.426 9        54.350 9                                                                  24699365.763 8 129795976.233 8     -2952.426 8        51.350 8
G24  24342932.147 9 127922923.433 9      3056.112 9        54.477 9                                                                  24342932.147 8 127922923.433 8      3056.112 8        51.477 8
G30  22583467.207 9 118676888.988 9      2324.373 9        55.128 9                                                                  22583467.207 8 118676888.988 8      2324.373 8        52.128 8
G05  21259535.430 9 111719588.038 9       668.149 9        55.653 9                                                                  21259535.430 8 111719588.038 8       668.149 8        52.653 8
G04  21954543.441 9 115371873.963 9     -2477.863 9        55.374 9                                                                  21954543.441 8 115371873.963 8     -2477.863 8        52.374 8
E04                                                                  23384027.252 9 122883859.454 9      -153.329 9        57.938 9  23384027.252 9 122883859.454 9      -153.329 9        57.938 9
E05                                                                  26138799.275 9 137360253.632 9     -2059.202 9        56.971 9  26138799.275 9 137360253.632 9     -2059.202 9        56.971 9
E11                                                                  26667663.176 9 140139451.951 9     -2410.531 9        56.797 9  26667663.176 9 140139451.951 9     -2410.531 9        56.797 9
E20                                                                  27869340.251 9 146454293.010 9     -1679.255 9        56.414 9  27869340.251 9 146454293.010 9     -1679.255 9        56.414 9
E09                                                                  24997960.167 9 131365117.836 9      2569.696 9        57.358 9  24997960.167 9 131365117.836 9      2569.696 9        57.358 9
E10                                                                  23770036.714 9 124912349.988 9        -1.375 9        57.796 9  23770036.714 9 124912349.988 9        -1.375 9        57.796 9
E03                                                                  25041646.395 9 131594697.917 9      1946.939 9        57.343 9  25041646.395 9 131594697.917 9      1946.939 9        57.343 9
> 2026 02 03 10 01 16.0000000  0 18       0.000000000000
G02  20304460.526 9 106700639.200 9      -387.951 9        56.052 9                                                                  20304460.526 8 106700639.200 8      -387.951 8        53.052 8
G09  25275845.108 9 132825402.822 9     -2814.402 9        54.150 9                                                                  25275845.108 8 132825402.822 8     -2814.402 8        51.150 8
G13  25227522.265 9 132571454.788 9      1222.528 9        54.167 9                                                                  25227522.265 8 132571454.788 8      1222.528 8        51.167 8
G29  24880269.593 9 130746651.656 9      3070.883 9        54.287 9                                                                  24880269.593 8 130746651.656 8      3070.883 8        51.287 8
G10  22363375.581 9 117520296.905 9      3243.740 9        55.213 9                                                                  22363375.581 8 117520296.905 8      3243.740 8        52.213 8
G12  20802441.173 9 109317543.492 9       168.481 9        55.842 9                                                                  20802441.173 8 109317543.492 8       168.481 8        52.842 8
G17  24699927.602 9 129798928.705 9     -2952.551 9        54.350 9                                                                  24699927.602 8 129798928.705 8     -2952.551 8        51.350 8
G24  24342350.603 9 127919867.403 9      3055.948 9        54.477 9                                                                  24342350.603 8 127919867.403 8      3055.948 8        51.477 8
G30  22583024.939 9 118674564.858 9      2323.887 9        55.128 9                                                                  22583024.939 8 118674564.858 8      2323.887 8        52.128 8
G05  21259408.348 9 111718920.217 9       667.493 9        55.653 9                                                                  21259408.348 8 111718920.217 8       667.493 8        52.653 8
G04  21955014.980 9 115374351.914 9     -2478.051 9        55.373 9                                                                  21955014.980 8 115374351.914 8     -2478.051 8        52.373 8
E04                                                                  23384056.453 9 122884012.906 9      -153.577 9        57.938 9  23384056.453 9 122884012.906 9      -153.577 9        57.938 9
E05                                                                  26139191.144 9 137362312.909 9     -2059.372 9        56.971 9  26139191.144 9 137362312.909 9     -2059.372 9        56.971 9
E11                                                                  26668121.908 9 140141862.595 9     -2410.777 9        56.797 9  26668121.908 9 140141862.595 9     -2410.777 9        56.797 9
E20                                                                  27869659.832 9 146455972.412 9     -1679.563 9        56.414 9  27869659.832 9 146455972.412 9     -1679.563 9        56.414 9
E09                                                                  24997471.196 9 131362548.283 9      2569.420 9        57.359 9  24997471.196 9 131362548.283 9      2569.420 9        57.359 9
E10                                                                  23770037.020 9 124912351.598 9        -1.846 9        57.796 9  23770037.020 9 124912351.598 9        -1.846 9        57.796 9
E03                                                                  25041275.913 9 131592751.023 9      1946.851 9        57.343 9  25041275.913 9 131592751.023 9      1946.851 9        57.343 9
> 2026 02 03 10 01 17.0000000  0 18       0.000000000000
G02  20304534.389 9 106701027.347 9      -388.345 9        56.052 9                                                                  20304534.389 8 106701027.347 8      -388.345 8        53.052 8
G09  25276380.667 9 132828217.192 9     -2814.350 9        54.150 9                                                                  25276380.667 8 132828217.192 8     -2814.350 8        51.150 8
G13  25227289.669 9 132570232.491 9      1222.077 9        54.167 9                                                                  25227289.669 8 132570232.491 8      1222.077 8        51.167 8
G29  24879685.220 9 130743580.760 9      3070.909 9        54.287 9                                                                  24879685.220 8 130743580.760 8      3070.909 8        51.287 8
G10  22362758.348 9 117517053.327 9      3243.424 9        55.214 9                                                                  22362758.348 8 117517053.327 8      3243.424 8        52.214 8
G12  20802409.175 9 109317375.341 9       167.818 9        55.842 9                                                                  20802409.175 8 109317375.341 8       167.818 8        52.842 8
G17  24700489.465 9 129801881.302 9     -2952.676 9        54.350 9                                                                  24700489.465 8 129801881.302 8     -2952.676 8        51.350 8
G24  24341769.091 9 127916811.537 9      3055.784 9        54.477 9                                                                  24341769.091 8 127916811.537 8      3055.784 8        51.477 8
G30  22582582.764 9 118672241.213 9      2323.402 9        55.129 9                                                                  22582582.764 8 118672241.213 8      2323.402 8        52.129 8
G05  21259281.391 9 111718253.051 9       666.837 9        55.653 9                                                                  21259281.391 8 111718253.051 8       666.837 8        52.653 8
G04  21955486.555 9 115376830.052 9     -2478.238 9        55.373 9                                                                  21955486.555 8 115376830.052 8     -2478.238 8        52.373 8
E04                                                                  23384085.701 9 122884166.606 9      -153.825 9        57.938 9  23384085.701 9 122884166.606 9      -153.825 9        57.938 9
E05                                                                  26139583.045 9 137364372.357 9     -2059.542 9        56.971 9  26139583.045 9 137364372.357 9     -2059.542 9        56.971 9
E11                                                                  26668580.687 9 140144273.487 9     -2411.023 9        56.796 9  26668580.687 9 140144273.487 9     -2411.023 9        56.796 9
E20                                                                  27869979.472 9 146457652.123 9     -1679.871 9        56.414 9  27869979.472 9 146457652.123 9     -1679.871 9        56.414 9
E09                                                                  24996982.278 9 131359979.006 9      2569.144 9        57.359 9  24996982.278 9 131359979.006 9      2569.144 9        57.359 9
E10                                                                  23770037.416 9 124912353.680 9        -2.317 9        57.796 9  23770037.416 9 124912353.680 9        -2.317 9        57.796 9
E03                                                                  25040905.448 9 131590804.217 9      1946.762 9        57.343 9  25040905.448 9 131590804.217 9      1946.762 9        57.343 9
> 2026 02 03 10 01 18.0000000  0 18       0.000000000000
G02  20304608.326 9 106701415.888 9      -388.739 9        56.052 9                                                                  20304608.326 8 106701415.888 8      -388.739 8        53.052 8
G09  25276916.215 9 132831031.510 9     -2814.298 9        54.150 9                                                                  25276916.215 8 132831031.510 8     -2814.298 8        51.150 8
G13  25227057.159 9 132569010.646 9      1221.625 9        54.167 9                                                                  25227057.159 8 132569010.646 8      1221.625 8        51.167 8
G29  24879100.843 9 130740509.837 9      3070.935 9        54.287 9                                                                  24879100.843 8 130740509.837 8      3070.935 8        51.287 8
G10  22362141.175 9 117513810.065 9      3243.109 9        55.214 9                                                                  22362141.175 8 117513810.065 8      3243.109 8        52.214 8
G12  20802377.304 9 109317207.855 9       167.154 9        55.842 9                                                                  20802377.304 8 109317207.855 8       167.154 8        52.842 8
G17  24701051.352 9 129804834.025 9     -2952.801 9        54.350 9                                                                  24701051.352 8 129804834.025 8     -2952.801 8        51.350 8
G24  24341187.609 9 127913755.835 9      3055.621 9        54.477 9                                                                  24341187.609 8 127913755.835 8      3055.621 8        51.477 8
G30  22582140.682 9 118669918.054 9      2322.916 9        55.129 9                                                                  22582140.682 8 118669918.054 8      2322.916 8        52.129 8
G05  21259154.558 9 111717586.541 9       666.181 9        55.653 9                                                                  21259154.558 8 111717586.541 8       666.181 8        52.653 8
G04  21955958.165 9 115379308.377 9     -2478.425 9        55.373 9                                                                  21955958.165 8 115379308.377 8     -2478.425 8        52.373 8
E04                                                                  23384114.997 9 122884320.553 9      -154.072 9        57.938 9  23384114.997 9 122884320.553 9      -154.072 9        57.938 9
E05                                                                  26139974.979 9 137366431.974 9     -2059.712 9        56.970 9  26139974.979 9 137366431.974 9     -2059.712 9        56.970 9
E11                                                                  26669039.512 9 140146684.624 9     -2411.269 9        56.796 9  26669039.512 9 140146684.624 9     -2411.269 9        56.796 9
E20                                                                  27870299.171 9 146459332.141 9     -1680.179 9        56.414 9  27870299.171 9 146459332.141 9     -1680.179 9        56.414 9
E09                                                                  24996493.412 9 131357410.006 9      2568.867 9        57.359 9  24996493.412 9 131357410.006 9      2568.867 9        57.359 9
E10                                                                  23770037.902 9 124912356.232 9        -2.787 9        57.796 9  23770037.902 9 124912356.232 9        -2.787 9        57.796 9
E03                                                                  25040535.000 9 131588857.500 9      1946.673 9        57.344 9  25040535.000 9 131588857.500 9      1946.673 9        57.344 9
> 2026 02 03 10 01 19.0000000  0 18       0.000000000000
G02  20304682.338 9 106701804.823 9      -389.133 9        56.052 9                                                                  20304682.338 8 106701804.823 8      -389.133 8        53.052 8
G09  25277451.754 9 132833845.775 9     -2814.246 9        54.149 9                                                                  25277451.754 8 132833845.775 8     -2814.246 8        51.149 8
G13  25226824.735 9 132567789.252 9      1221.174 9        54.167 9                                                                  25226824.735 8 132567789.252 8      1221.174 8        51.167 8
G29  24878516.460 9 130737438.888 9      3070.961 9        54.288 9                                                                  24878516.460 8 130737438.888 8      3070.961 8        51.288 8
G10  22361524.062 9 117510567.118 9      3242.794 9        55.214 9                                                                  22361524.062 8 117510567.118 8      3242.794 8        52.214 8
G12  20802345.559 9 109317041.032 9       166.490 9        55.842 9                                                                  20802345.559 8 109317041.032 8       166.490 8        52.842 8
G17  24701613.263 9 129807786.872 9     -2952.926 9        54.350 9                                                                  24701613.263 8 129807786.872 8     -2952.926 8        51.350 8
G24  24340606.159 9 127910700.297 9      3055.457 9        54.477 9                                                                  24340606.159 8 127910700.297 8      3055.457 8        51.477 8
G30  22581698.691 9 118667595.381 9      2322.430 9        55.129 9                                                                  22581698.691 8 118667595.381 8      2322.430 8        52.129 8
G05  21259027.850 9 111716920.687 9       665.525 9        55.653 9                                                                  21259027.850 8 111716920.687 8       665.525 8        52.653 8
G04  21956429.811 9 115381786.889 9     -2478.612 9        55.373 9                                                                  21956429.811 8 115381786.889 8     -2478.612 8        52.373 8
E04                                                                  23384144.339 9 122884474.749 9      -154.320 9        57.938 9  23384144.339 9 122884474.749 9      -154.320 9        57.938 9
E05                                                                  26140366.945 9 137368491.762 9     -2059.883 9        56.970 9  26140366.945 9 137368491.762 9     -2059.883 9        56.970 9
E11                                                                  26669498.385 9 140149096.006 9     -2411.515 9        56.796 9  26669498.385 9 140149096.006 9     -2411.515 9        56.796 9
E20                                                                  27870618.928 9 146461012.468 9     -1680.487 9        56.414 9  27870618.928 9 146461012.468 9     -1680.487 9        56.414 9
E09                                                                  24996004.600 9 131354841.282 9      2568.591 9        57.359 9  24996004.600 9 131354841.282 9      2568.591 9        57.359 9
E10                                                                  23770038.477 9 124912359.255 9        -3.258 9        57.796 9  23770038.477 9 124912359.255 9        -3.258 9        57.796 9
E03                                                                  25040164.568 9 131586910.872 9      1946.584 9        57.344 9  25040164.568 9 131586910.872 9      1946.584 9        57.344 9
> 2026 02 03 10 01 20.0000000  0 18       0.000000000000
G02  20304756.425 9 106702194.153 9      -389.527 9        56.052 9                                                                  20304756.425 8 106702194.153 8      -389.527 8        53.052 8
G09  25277987.283 9 132836659.989 9     -2814.194 9        54.149 9                                                                  25277987.283 8 132836659.989 8     -2814.194 8        51.149 8
G13  25226592.396 9 132566568.309 9      1220.722 9        54.167 9                                                                  25226592.396 8 132566568.309 8      1220.722 8        51.167 8
G29  24877932.073 9 130734367.912 9      3070.987 9        54.288 9                                                                  24877932.073 8 130734367.912 8      3070.987 8        51.288 8
G10  22360907.009 9 117507324.486 9      3242.478 9        55.214 9                                                                  22360907.009 8 117507324.486 8      3242.478 8        52.214 8
G12  20802313.940 9 109316874.873 9       165.826 9        55.842 9                                                                  20802313.940 8 109316874.873 8       165.826 8        52.842 8
G17  24702175.197 9 129810739.845 9     -2953.051 9        54.349 9                                                                  24702175.197 8 129810739.845 8     -2953.051 8        51.349 8
G24  24340024.740 9 127907644.922 9      3055.293 9        54.478 9                                                                  24340024.740 8 127907644.922 8      3055.293 8        51.478 8
G30  22581256.793 9 118665273.193 9      2321.945 9        55.129 9                                                                  22581256.793 8 118665273.193 8      2321.945 8        52.129 8
G05  21258901.268 9 111716255.490 9       664.869 9        55.653 9                                                                  21258901.268 8 111716255.490 8       664.869 8        52.653 8
G04  21956901.493 9 115384265.588 9     -2478.799 9        55.373 9                                                                  21956901.493 8 115384265.588 8     -2478.799 8        52.373 8
E04                                                                  23384173.729 9 122884629.192 9      -154.568 9        57.938 9  23384173.729 9 122884629.192 9      -154.568 9        57.938 9
E05                                                                  26140758.943 9 137370551.720 9     -2060.053 9        56.970 9  26140758.943 9 137370551.720 9     -2060.053 9        56.970 9
E11                                                                  26669957.304 9 140151507.635 9     -2411.761 9        56.796 9  26669957.304 9 140151507.635 9     -2411.761 9        56.796 9
E20                                                                  27870938.744 9 146462693.103 9     -1680.795 9        56.413 9  27870938.744 9 146462693.103 9     -1680.795 9        56.413 9
E09                                                                  24995515.839 9 131352272.834 9      2568.315 9        57.359 9  24995515.839 9 131352272.834 9      2568.315 9        57.359 9
E10                                                                  23770039.142 9 124912362.749 9        -3.729 9        57.796 9  23770039.142 9 124912362.749 9        -3.729 9        57.796 9
E03                                                                  25039794.154 9 131584964.333 9      1946.495 9        57.344 9  25039794.154 9 131584964.333 9      1946.495 9        57.344 9
> 2026 02 03 10 01 21.0000000  0 18       0.000000000000
G02  20304830.587 9 106702583.876 9      -389.921 9        56.052 9                                                                  20304830.587 8 106702583.876 8      -389.921 8        53.052 8
G09  25278522.801 9 132839474.150 9     -2814.142 9        54.149 9                                                                  25278522.801 8 132839474.150 8     -2814.142 8        51.149 8
G13  25226360.144 9 132565347.819 9      1220.270 9        54.167 9                                                                  25226360.144 8 132565347.819 8      1220.270 8        51.167 8
G29  24877347.680 9 130731296.911 9      3071.013 9        54.288 9                                                                  24877347.680 8 130731296.911 8      3071.013 8        51.288 8
G10  22360290.016 9 117504082.170 9      3242.163 9        55.215 9                                                                  22360290.016 8 117504082.170 8      3242.163 8        52.215 8
G12  20802282.447 9 109316709.378 9       165.162 9        55.842 9                                                                  20802282.447 8 109316709.378 8       165.162 8        52.842 8
G17  24702737.155 9 129813692.942 9     -2953.176 9        54.349 9                                                                  24702737.155 8 129813692.942 8     -2953.176 8        51.349 8
G24  24339443.352 9 127904589.712 9      3055.129 9        54.478 9                                                                  24339443.352 8 127904589.712 8      3055.129 8        51.478 8
G30  22580814.988 9 118662951.492 9      2321.459 9        55.129 9                                                                  22580814.988 8 118662951.492 8      2321.459 8        52.129 8
G05  21258774.810 9 111715590.948 9       664.213 9        55.653 9                                                                  21258774.810 8 111715590.948 8       664.213 8        52.653 8
G04  21957373.210 9 115386744.475 9     -2478.986 9        55.372 9                                                                  21957373.210 8 115386744.475 8     -2478.986 8        52.372 8
E04                                                                  23384203.166 9 122884783.884 9      -154.816 9        57.938 9  23384203.166 9 122884783.884 9      -154.816 9        57.938 9
E05                                                                  26141150.974 9 137372611.849 9     -2060.223 9        56.970 9  26141150.974 9 137372611.849 9     -2060.223 9        56.970 9
E11                                                                  26670416.270 9 140153919.509 9     -2412.007 9        56.796 9  26670416.270 9 140153919.509 9     -2412.007 9        56.796 9
E20                                                                  27871258.618 9 146464374.045 9     -1681.103 9        56.413 9  27871258.618 9 146464374.045 9     -1681.103 9        56.413 9
E09                                                                  24995027.131 9 131349704.662 9      2568.038 9        57.359 9  24995027.131 9 131349704.662 9      2568.038 9        57.359 9
E10                                                                  23770039.896 9 124912366.713 9        -4.200 9        57.796 9  23770039.896 9 124912366.713 9        -4.200 9        57.796 9
E03                                                                  25039423.756 9 131583017.883 9      1946.407 9        57.344 9  25039423.756 9 131583017.883 9      1946.407 9        57.344 9
> 2026 02 03 10 01 22.0000000  0 18       0.000000000000
G02  20304904.824 9 106702973.993 9      -390.315 9        56.052 9                                                                  20304904.824 8 106702973.993 8      -390.315 8        53.052 8
G09  25279058.310 9 132842288.259 9     -2814.089 9        54.149 9                                                                  25279058.310 8 132842288.259 8     -2814.089 8        51.149 8
G13  25226127.977 9 132564127.780 9      1219.818 9        54.167 9                                                                  25226127.977 8 132564127.780 8      1219.818 8        51.167 8
G29  24876763.282 9 130728225.884 9      3071.039 9        54.288 9                                                                  24876763.282 8 130728225.884 8      3071.039 8        51.288 8
G10  22359673.083 9 117500840.169 9      3241.847 9        55.215 9                                                                  22359673.083 8 117500840.169 8      3241.847 8        52.215 8
G12  20802251.081 9 109316544.547 9       164.498 9        55.842 9                                                                  20802251.081 8 109316544.547 8       164.498 8        52.842 8
G17  24703299.137 9 129816646.164 9     -2953.301 9        54.349 9                                                                  24703299.137 8 129816646.164 8     -2953.301 8        51.349 8
G24  24338861.995 9 127901534.665 9      3054.965 9        54.478 9                                                                  24338861.995 8 127901534.665 8      3054.965 8        51.478 8
G30  22580373.275 9 118660630.276 9      2320.973 9        55.129 9                                                                  22580373.275 8 118660630.276 8      2320.973 8        52.129 8
G05  21258648.476 9 111714927.063 9       663.557 9        55.653 9                                                                  21258648.476 8 111714927.063 8       663.557 8        52.653 8
G04  21957844.963 9 115389223.548 9     -2479.173 9        55.372 9                                                                  21957844.963 8 115389223.548 8     -2479.173 8        52.372 8
E04                                                                  23384232.650 9 122884938.823 9      -155.064 9        57.938 9  23384232.650 9 122884938.823 9      -155.064 9        57.938 9
E05                                                                  26141543.037 9 137374672.148 9     -2060.393 9        56.970 9  26141543.037 9 137374672.148 9     -2060.393 9        56.970 9
E11                                                                  26670875.282 9 140156331.629 9     -2412.252 9        56.796 9  26670875.282 9 140156331.629 9     -2412.252 9        56.796 9
E20                                                                  27871578.551 9 146466055.296 9     -1681.411 9        56.413 9  27871578.551 9 146466055.296 9     -1681.411 9        56.413 9
E09                                                                  24994538.476 9 131347136.767 9      2567.762 9        57.360 9  24994538.476 9 131347136.767 9      2567.762 9        57.360 9
E10                                                                  23770040.740 9 124912371.149 9        -4.670 9        57.796 9  23770040.740 9 124912371.149 9        -4.670 9        57.796 9
E03                                                                  25039053.376 9 131581071.522 9      1946.318 9        57.344 9  25039053.376 9 131581071.522 9      1946.318 9        57.344 9
> 2026 02 03 10 01 23.0000000  0 18       0.000000000000
G02  20304979.136 9 106703364.505 9      -390.709 9        56.052 9                                                                  20304979.136 8 106703364.505 8      -390.709 8        53.052 8
G09  25279593.809 9 132845102.315 9     -2814.037 9        54.149 9                                                                  25279593.809 8 132845102.315 8     -2814.037 8        51.149 8
G13  25225895.897 9 132562908.193 9      1219.366 9        54.167 9                                                                  25225895.897 8 132562908.193 8      1219.366 8        51.167 8
G29  24876178.880 9 130725154.830 9      3071.065 9        54.288 9                                                                  24876178.880 8 130725154.830 8      3071.065 8        51.288 8
G10  22359056.210 9 117497598.484 9      3241.531 9        55.215 9                                                                  22359056.210 8 117497598.484 8      3241.531 8        52.215 8
G12  20802219.841 9 109316380.379 9       163.834 9        55.842 9                                                                  20802219.841 8 109316380.379 8       163.834 8        52.842 8
G17  24703861.143 9 129819599.511 9     -2953.426 9        54.349 9                                                                  24703861.143 8 129819599.511 8     -2953.426 8        51.349 8
G24  24338280.670 9 127898479.782 9      3054.801 9        54.478 9                                                                  24338280.670 8 127898479.782 8      3054.801 8        51.478 8
G30  22579931.654 9 118658309.546 9      2320.487 9        55.130 9                                                                  22579931.654 8 118658309.546 8      2320.487 8        52.130 8
G05  21258522.268 9 111714263.833 9       662.900 9        55.653 9                                                                  21258522.268 8 111714263.833 8       662.900 8        52.653 8
G04  21958316.752 9 115391702.808 9     -2479.360 9        55.372 9                                                                  21958316.752 8 115391702.808 8     -2479.360 8        52.372 8
E04                                                                  23384262.181 9 122885094.011 9      -155.312 9        57.938 9  23384262.181 9 122885094.011 9      -155.312 9        57.938 9
E05                                                                  26141935.133 9 137376732.616 9     -2060.564 9        56.970 9  26141935.133 9 137376732.616 9     -2060.564 9        56.970 9
E11                                                                  26671334.342 9 140158743.995 9     -2412.498 9        56.796 9  26671334.342 9 140158743.995 9     -2412.498 9        56.796 9
E20                                                                  27871898.542 9 146467736.854 9     -1681.719 9        56.413 9  27871898.542 9 146467736.854 9     -1681.719 9        56.413 9
E09                                                                  24994049.874 9 131344569.149 9      2567.485 9        57.360 9  24994049.874 9 131344569.149 9      2567.485 9        57.360 9
E10                                                                  23770041.674 9 124912376.055 9        -5.141 9        57.796 9  23770041.674 9 124912376.055 9        -5.141 9        57.796 9
E03                                                                  25038683.012 9 131579125.249 9      1946.229 9        57.344 9  25038683.012 9 131579125.249 9      1946.229 9        57.344 9
> 2026 02 03 10 01 24.0000000  0 18       0.000000000000
G02  20305053.523 9 106703755.410 9      -391.103 9        56.052 9                                                                  20305053.523 8 106703755.410 8      -391.103 8        53.052 8
G09  25280129.298 9 132847916.319 9     -2813.984 9        54.148 9                                                                  25280129.298 8 132847916.319 8     -2813.984 8        51.148 8
G13  25225663.902 9 132561689.058 9      1218.914 9        54.167 9                                                                  25225663.902 8 132561689.058 8      1218.914 8        51.167 8
G29  24875594.473 9 130722083.751 9      3071.091 9        54.289 9                                                                  24875594.473 8 130722083.751 8      3071.091 8        51.289 8
G10  22358439.397 9 117494357.115 9      3241.215 9        55.215 9                                                                  22358439.397 8 117494357.115 8      3241.215 8        52.215 8
G12  20802188.728 9 109316216.876 9       163.171 9        55.842 9                                                                  20802188.728 8 109316216.876 8       163.171 8        52.842 8
G17  24704423.172 9 129822552.983 9     -2953.551 9        54.349 9                                                                  24704423.172 8 129822552.983 8     -2953.551 8        51.349 8
G24  24337699.375 9 127895425.063 9      3054.637 9        54.478 9                                                                  24337699.375 8 127895425.063 8      3054.637 8        51.478 8
G30  22579490.126 9 118655989.303 9      2320.001 9        55.130 9                                                                  22579490.126 8 118655989.303 8      2320.001 8        52.130 8
G05  21258396.185 9 111713601.260 9       662.244 9        55.653 9                                                                  21258396.185 8 111713601.260 8       662.244 8        52.653 8
G04  21958788.576 9 115394182.255 9     -2479.547 9        55.372 9                                                                  21958788.576 8 115394182.255 8     -2479.547 8        52.372 8
E04                                                                  23384291.760 9 122885249.446 9      -155.560 9        57.938 9  23384291.760 9 122885249.446 9      -155.560 9        57.938 9
E05                                                                  26142327.261 9 137378793.256 9     -2060.734 9        56.970 9  26142327.261 9 137378793.256 9     -2060.734 9        56.970 9
E11                                                                  26671793.448 9 140161156.606 9     -2412.743 9        56.795 9  26671793.448 9 140161156.606 9     -2412.743 9        56.795 9
E20                                                                  27872218.592 9 146469418.720 9     -1682.026 9        56.413 9  27872218.592 9 146469418.720 9     -1682.026 9        56.413 9
E09                                                                  24993561.324 9 131342001.806 9      2567.209 9        57.360 9  24993561.324 9 131342001.806 9      2567.209 9        57.360 9
E10                                                                  23770042.697 9 124912381.431 9        -5.612 9        57.796 9  23770042.697 9 124912381.431 9        -5.612 9        57.796 9
E03                                                                  25038312.665 9 131577179.066 9      1946.140 9        57.344 9  25038312.665 9 131577179.066 9      1946.140 9        57.344 9
> 2026 02 03 10 01 25.0000000  0 18       0.000000000000
G02  20305127.985 9 106704146.709 9      -391.497 9        56.052 9                                                                  20305127.985 8 106704146.709 8      -391.497 8        53.052 8
G09  25280664.777 9 132850730.270 9     -2813.931 9        54.148 9                                                                  25280664.777 8 132850730.270 8     -2813.931 8        51.148 8
G13  25225431.994 9 132560470.376 9      1218.462 9        54.167 9                                                                  25225431.994 8 132560470.376 8      1218.462 8        51.167 8
G29  24875010.060 9 130719012.645 9      3071.117 9        54.289 9                                                                  24875010.060 8 130719012.645 8      3071.117 8        51.289 8
G10  22357822.644 9 117491116.062 9      3240.899 9        55.215 9                                                                  22357822.644 8 117491116.062 8      3240.899 8        52.215 8
G12  20802157.741 9 109316054.036 9       162.507 9        55.842 9                                                                  20802157.741 8 109316054.036 8       162.507 8        52.842 8
G17  24704985.226 9 129825506.580 9     -2953.676 9        54.348 9                                                                  24704985.226 8 129825506.580 8     -2953.676 8        51.348 8
G24  24337118.112 9 127892370.509 9      3054.473 9        54.479 9                                                                  24337118.112 8 127892370.509 8      3054.473 8        51.479 8
G30  22579048.691 9 118653669.545 9      2319.514 9        55.130 9                                                                  22579048.691 8 118653669.545 8      2319.514 8        52.130 8
G05  21258270.226 9 111712939.344 9       661.588 9        55.653 9                                                                  21258270.226 8 111712939.344 8       661.588 8        52.653 8
G04  21959260.435 9 115396661.888 9     -2479.733 9        55.372 9                                                                  21959260.435 8 115396661.888 8     -2479.733 8        52.372 8
E04                                                                  23384321.386 9 122885405.129 9      -155.808 9        57.938 9  23384321.386 9 122885405.129 9      -155.808 9        57.938 9
E05                                                                  26142719.422 9 137380854.065 9     -2060.904 9        56.969 9  26142719.422 9 137380854.065 9     -2060.904 9        56.969 9
E11                                                                  26672252.601 9 140163569.463 9     -2412.989 9        56.795 9  26672252.601 9 140163569.463 9     -2412.989 9        56.795 9
E20                                                                  27872538.701 9 146471100.894 9     -1682.334 9        56.413 9  27872538.701 9 146471100.894 9     -1682.334 9        56.413 9
E09                                                                  24993072.826 9 131339434.741 9      2566.932 9        57.360 9  24993072.826 9 131339434.741 9      2566.932 9        57.360 9
E10                                                                  23770043.809 9 124912387.279 9        -6.083 9        57.796 9  23770043.809 9 124912387.279 9        -6.083 9        57.796 9
E03                                                                  25037942.335 9 131575232.971 9      1946.051 9        57.344 9  25037942.335 9 131575232.971 9      1946.051 9        57.344 9
> 2026 02 03 10 01 26.0000000  0 18       0.000000000000
G02  20305202.522 9 106704538.402 9      -391.891 9        56.052 9                                                                  20305202.522 8 106704538.402 8      -391.891 8        53.052 8
G09  25281200.246 9 132853544.168 9     -2813.878 9        54.148 9                                                                  25281200.246 8 132853544.168 8     -2813.878 8        51.148 8
G13  25225200.171 9 132559252.145 9      1218.010 9        54.167 9                                                                  25225200.171 8 132559252.145 8      1218.010 8        51.167 8
G29  24874425.643 9 130715941.514 9      3071.143 9        54.289 9                                                                  24874425.643 8 130715941.514 8      3071.143 8        51.289 8
G10  22357205.952 9 117487875.325 9      3240.583 9        55.216 9                                                                  22357205.952 8 117487875.325 8      3240.583 8        52.216 8
G12  20802126.880 9 109315891.861 9       161.843 9        55.842 9                                                                  20802126.880 8 109315891.861 8       161.843 8        52.842 8
G17  24705547.303 9 129828460.302 9     -2953.801 9        54.348 9                                                                  24705547.303 8 129828460.302 8     -2953.801 8        51.348 8
G24  24336536.880 9 127889316.118 9      3054.309 9        54.479 9                                                                  24336536.880 8 127889316.118 8      3054.309 8        51.479 8
G30  22578607.348 9 118651350.274 9      2319.028 9        55.130 9                                                                  22578607.348 8 118651350.274 8      2319.028 8        52.130 8
G05  21258144.393 9 111712278.083 9       660.932 9        55.654 9                                                                  21258144.393 8 111712278.083 8       660.932 8        52.654 8
G04  21959732.330 9 115399141.709 9     -2479.920 9        55.372 9                                                                  21959732.330 8 115399141.709 8     -2479.920 8        52.372 8
E04                                                                  23384351.059 9 122885561.061 9      -156.056 9        57.938 9  23384351.059 9 122885561.061 9      -156.056 9        57.938 9
E05                                                                  26143111.615 9 137382915.045 9     -2061.075 9        56.969 9  26143111.615 9 137382915.045 9     -2061.075 9        56.969 9
E11                                                                  26672711.800 9 140165982.565 9     -2413.234 9        56.795 9  26672711.800 9 140165982.565 9     -2413.234 9        56.795 9
E20                                                                  27872858.868 9 146472783.375 9     -1682.642 9        56.413 9  27872858.868 9 146472783.375 9     -1682.642 9        56.413 9
E09                                                                  24992584.382 9 131336867.953 9      2566.655 9        57.360 9  24992584.382 9 131336867.953 9      2566.655 9        57.360 9
E10                                                                  23770045.012 9 124912393.597 9        -6.553 9        57.796 9  23770045.012 9 124912393.597 9        -6.553 9        57.796 9
E03                                                                  25037572.022 9 131573286.966 9      1945.962 9        57.345 9  25037572.022 9 131573286.966 9      1945.962 9        57.345 9
> 2026 02 03 10 01 27.0000000  0 18       0.000000000000
G02  20305277.134 9 106704930.488 9      -392.284 9        56.052 9                                                                  20305277.134 8 106704930.488 8      -392.284 8        53.052 8
G09  25281735.704 9 132856358.013 9     -2813.825 9        54.148 9                                                                  25281735.704 8 132856358.013 8     -2813.825 8        51.148 8
G13  25224968.435 9 132558034.366 9      1217.558 9        54.167 9                                                                  25224968.435 8 132558034.366 8      1217.558 8        51.167 8
G29  24873841.221 9 130712870.357 9      3071.169 9        54.289 9                                                                  24873841.221 8 130712870.357 8      3071.169 8        51.289 8
G10  22356589.319 9 117484634.905 9      3240.267 9        55.216 9                                                                  22356589.319 8 117484634.905 8      3240.267 8        52.216 8
G12  20802096.145 9 109315730.349 9       161.179 9        55.842 9                                                                  20802096.145 8 109315730.349 8       161.179 8        52.842 8
G17  24706109.404 9 129831414.149 9     -2953.925 9        54.348 9                                                                  24706109.404 8 129831414.149 8     -2953.925 8        51.348 8
G24  24335955.680 9 127886261.892 9      3054.145 9        54.479 9                                                                  24335955.680 8 127886261.892 8      3054.145 8        51.479 8
G30  22578166.097 9 118649031.489 9      2318.541 9        55.130 9                                                                  22578166.097 8 118649031.489 8      2318.541 8        52.130 8
G05  21258018.684 9 111711617.479 9       660.275 9        55.654 9                                                                  21258018.684 8 111711617.479 8       660.275 8        52.654 8
G04  21960204.261 9 115401621.715 9     -2480.107 9        55.371 9                                                                  21960204.261 8 115401621.715 8     -2480.107 8        52.371 8
E04                                                                  23384380.779 9 122885717.240 9      -156.304 9        57.938 9  23384380.779 9 122885717.240 9      -156.304 9        57.938 9
E05                                                                  26143503.840 9 137384976.195 9     -2061.245 9        56.969 9  26143503.840 9 137384976.195 9     -2061.245 9        56.969 9
E11                                                                  26673171.046 9 140168395.912 9     -2413.479 9        56.795 9  26673171.046 9 140168395.912 9     -2413.479 9        56.795 9
E20                                                                  27873179.094 9 146474466.164 9     -1682.949 9        56.413 9  27873179.094 9 146474466.164 9     -1682.949 9        56.413 9
E09                                                                  24992095.990 9 131334301.441 9      2566.379 9        57.360 9  24992095.990 9 131334301.441 9      2566.379 9        57.360 9
E10                                                                  23770046.304 9 124912400.385 9        -7.024 9        57.796 9  23770046.304 9 124912400.385 9        -7.024 9        57.796 9
E03                                                                  25037201.726 9 131571341.050 9      1945.872 9        57.345 9  25037201.726 9 131571341.050 9      1945.872 9        57.345 9
> 2026 02 03 10 01 28.0000000  0 18       0.000000000000
G02  20305351.820 9 106705322.969 9      -392.678 9        56.052 9                                                                  20305351.820 8 106705322.969 8      -392.678 8        53.052 8
G09  25282271.153 9 132859171.805 9     -2813.772 9        54.148 9                                                                  25282271.153 8 132859171.805 8     -2813.772 8        51.148 8
G13  25224736.785 9 132556817.040 9      1217.106 9        54.168 9                                                                  25224736.785 8 132556817.040 8      1217.106 8        51.168 8
G29  24873256.794 9 130709799.173 9      3071.195 9        54.289 9                                                                  24873256.794 8 130709799.173 8      3071.195 8        51.289 8
G10  22355972.747 9 117481394.800 9      3239.951 9        55.216 9                                                                  22355972.747 8 117481394.800 8      3239.951 8        52.216 8
G12  20802065.537 9 109315569.502 9       160.515 9        55.842 9                                                                  20802065.537 8 109315569.502 8       160.515 8        52.842 8
G17  24706671.528 9 129834368.121 9     -2954.050 9        54.348 9                                                                  24706671.528 8 129834368.121 8     -2954.050 8        51.348 8
G24  24335374.510 9 127883207.829 9      3053.981 9        54.479 9                                                                  24335374.510 8 127883207.829 8      3053.981 8        51.479 8
G30  22577724.940 9 118646713.191 9      2318.055 9        55.130 9                                                                  22577724.940 8 118646713.191 8      2318.055 8        52.130 8
G05  21257893.100 9 111710957.531 9       659.619 9        55.654 9                                                                  21257893.100 8 111710957.531 8       659.619 8        52.654 8
G04  21960676.227 9 115404101.909 9     -2480.293 9        55.371 9                                                                  21960676.227 8 115404101.909 8     -2480.293 8        52.371 8
E04                                                                  23384410.546 9 122885873.668 9      -156.552 9        57.938 9  23384410.546 9 122885873.668 9      -156.552 9        57.938 9
E05                                                                  26143896.098 9 137387037.515 9     -2061.415 9        56.969 9  26143896.098 9 137387037.515 9     -2061.415 9        56.969 9
E11                                                                  26673630.339 9 140170809.505 9     -2413.725 9        56.795 9  26673630.339 9 140170809.505 9     -2413.725 9        56.795 9
E20                                                                  27873499.378 9 146476149.260 9     -1683.256 9        56.413 9  27873499.378 9 146476149.260 9     -1683.256 9        56.413 9
E09                                                                  24991607.650 9 131331735.205 9      2566.102 9        57.361 9  24991607.650 9 131331735.205 9      2566.102 9        57.361 9
E10                                                                  23770047.685 9 124912407.645 9        -7.495 9        57.796 9  23770047.685 9 124912407.645 9        -7.495 9        57.796 9
E03                                                                  25036831.447 9 131569395.223 9      1945.783 9        57.345 9  25036831.447 9 131569395.223 9      1945.783 9        57.345 9
> 2026 02 03 10 01 29.0000000  0 18       0.000000000000
G02  20305426.582 9 106705715.843 9      -393.072 9        56.052 9                                                                  20305426.582 8 106705715.843 8      -393.072 8        53.052 8
G09  25282806.591 9 132861985.544 9     -2813.719 9        54.148 9                                                                  25282806.591 8 132861985.544 8     -2813.719 8        51.148 8
G13  25224505.221 9 132555600.166 9      1216.653 9        54.168 9                                                                  25224505.221 8 132555600.166 8      1216.653 8        51.168 8
G29  24872672.362 9 130706727.964 9      3071.221 9        54.290 9                                                                  24872672.362 8 130706727.964 8      3071.221 8        51.290 8
G10  22355356.235 9 117478155.012 9      3239.634 9        55.216 9                                                                  22355356.235 8 117478155.012 8      3239.634 8        52.216 8
G12  20802035.055 9 109315409.318 9       159.851 9        55.842 9                                                                  20802035.055 8 109315409.318 8       159.851 8        52.842 8
G17  24707233.676 9 129837322.217 9     -2954.175 9        54.348 9                                                                  24707233.676 8 129837322.217 8     -2954.175 8        51.348 8
G24  24334793.372 9 127880153.931 9      3053.816 9        54.480 9                                                                  24334793.372 8 127880153.931 8      3053.816 8        51.480 8
G30  22577283.874 9 118644395.379 9      2317.568 9        55.131 9                                                                  22577283.874 8 118644395.379 8      2317.568 8        52.131 8
G05  21257767.641 9 111710298.239 9       658.963 9        55.654 9                                                                  21257767.641 8 111710298.239 8       658.963 8        52.654 8
G04  21961148.228 9 115406582.289 9     -2480.480 9        55.371 9                                                                  21961148.228 8 115406582.289 8     -2480.480 8        52.371 8
E04                                                                  23384440.361 9 122886030.344 9      -156.801 9        57.938 9  23384440.361 9 122886030.344 9      -156.801 9        57.938 9
E05                                                                  26144288.388 9 137389099.006 9     -2061.585 9        56.969 9  26144288.388 9 137389099.006 9     -2061.585 9        56.969 9
E11                                                                  26674089.679 9 140173223.343 9     -2413.970 9        56.795 9  26674089.679 9 140173223.343 9     -2413.970 9        56.795 9
E20                                                                  27873819.721 9 146477832.664 9     -1683.564 9        56.413 9  27873819.721 9 146477832.664 9     -1683.564 9        56.413 9
E09                                                                  24991119.364 9 131329169.247 9      2565.825 9        57.361 9  24991119.364 9 131329169.247 9      2565.825 9        57.361 9
E10                                                                  23770049.156 9 124912415.375 9        -7.965 9        57.796 9  23770049.156 9 124912415.375 9        -7.965 9        57.796 9
E03                                                                  25036461.185 9 131567449.485 9      1945.694 9        57.345 9  25036461.185 9 131567449.485 9      1945.694 9        57.345 9
> 2026 02 03 10 01 30.0000000  0 18       0.000000000000
G02  20305501.419 9 106706109.110 9      -393.466 9        56.052 9                                                                  20305501.419 8 106706109.110 8      -393.466 8        53.052 8
G09  25283342.020 9 132864799.230 9     -2813.666 9        54.147 9                                                                  25283342.020 8 132864799.230 8     -2813.666 8        51.147 8
G13  25224273.742 9 132554383.745 9      1216.201 9        54.168 9                                                                  25224273.742 8 132554383.745 8      1216.201 8        51.168 8
G29  24872087.924 9 130703656.729 9      3071.247 9        54.290 9                                                                  24872087.924 8 130703656.729 8      3071.247 8        51.290 8
G10  22354739.783 9 117474915.540 9      3239.318 9        55.217 9                                                                  22354739.783 8 117474915.540 8      3239.318 8        52.217 8
G12  20802004.700 9 109315249.798 9       159.187 9        55.842 9                                                                  20802004.700 8 109315249.798 8       159.187 8        52.842 8
G17  24707795.848 9 129840276.439 9     -2954.300 9        54.347 9                                                                  24707795.848 8 129840276.439 8     -2954.300 8        51.347 8
G24  24334212.265 9 127877100.197 9      3053.652 9        54.480 9                                                                  24334212.265 8 127877100.197 8      3053.652 8        51.480 8
G30  22576842.902 9 118642078.054 9      2317.082 9        55.131 9                                                                  22576842.902 8 118642078.054 8      2317.082 8        52.131 8
G05  21257642.307 9 111709639.604 9       658.306 9        55.654 9                                                                  21257642.307 8 111709639.604 8       658.306 8        52.654 8
G04  21961620.265 9 115409062.856 9     -2480.666 9        55.371 9                                                                  21961620.265 8 115409062.856 8     -2480.666 8        52.371 8
E04                                                                  23384470.222 9 122886187.268 9      -157.049 9        57.938 9  23384470.222 9 122886187.268 9      -157.049 9        57.938 9
E05                                                                  26144680.710 9 137391160.667 9     -2061.756 9        56.969 9  26144680.710 9 137391160.667 9     -2061.756 9        56.969 9
E11                                                                  26674549.065 9 140175637.426 9     -2414.215 9        56.795 9  26674549.065 9 140175637.426 9     -2414.215 9        56.795 9
E20                                                                  27874140.122 9 146479516.375 9     -1683.871 9        56.412 9  27874140.122 9 146479516.375 9     -1683.871 9        56.412 9
E09                                                                  24990631.130 9 131326603.565 9      2565.548 9        57.361 9  24990631.130 9 131326603.565 9      2565.548 9        57.361 9
E10                                                                  23770050.716 9 124912423.575 9        -8.436 9        57.796 9  23770050.716 9 124912423.575 9        -8.436 9        57.796 9
E03                                                                  25036090.940 9 131565503.836 9      1945.605 9        57.345 9  25036090.940 9 131565503.836 9      1945.605 9        57.345 9
> 2026 02 03 10 01 31.0000000  0 18       0.000000000000
G02  20305576.330 9 106706502.772 9      -393.859 9        56.052 9                                                                  20305576.330 8 106706502.772 8      -393.859 8        53.052 8
G09  25283877.438 9 132867612.863 9     -2813.613 9        54.147 9                                                                  25283877.438 8 132867612.863 8     -2813.613 8        51.147 8
G13  25224042.350 9 132553167.776 9      1215.748 9        54.168 9                                                                  25224042.350 8 132553167.776 8      1215.748 8        51.168 8
G29  24871503.483 9 130700585.468 9      3071.273 9        54.290 9                                                                  24871503.483 8 130700585.468 8      3071.273 8        51.290 8
G10  22354123.392 9 117471676.385 9      3239.001 9        55.217 9                                                                  22354123.392 8 117471676.385 8      3239.001 8        52.217 8
G12  20801974.471 9 109315090.943 9       158.523 9        55.842 9                                                                  20801974.471 8 109315090.943 8       158.523 8        52.842 8
G17  24708358.044 9 129843230.785 9     -2954.425 9        54.347 9                                                                  24708358.044 8 129843230.785 8     -2954.425 8        51.347 8
G24  24333631.190 9 127874046.627 9      3053.488 9        54.480 9                                                                  24333631.190 8 127874046.627 8      3053.488 8        51.480 8
G30  22576402.022 9 118639761.215 9      2316.595 9        55.131 9                                                                  22576402.022 8 118639761.215 8      2316.595 8        52.131 8
G05  21257517.098 9 111708981.625 9       657.650 9        55.654 9                                                                  21257517.098 8 111708981.625 8       657.650 8        52.654 8
G04  21962092.338 9 115411543.609 9     -2480.852 9        55.371 9                                                                  21962092.338 8 115411543.609 8     -2480.852 8        52.371 8
E04                                                                  23384500.131 9 122886344.440 9      -157.297 9        57.938 9  23384500.131 9 122886344.440 9      -157.297 9        57.938 9
E05                                                                  26145073.065 9 137393222.498 9     -2061.926 9        56.969 9  26145073.065 9 137393222.498 9     -2061.926 9        56.969 9
E11                                                                  26675008.498 9 140178051.754 9     -2414.460 9        56.794 9  26675008.498 9 140178051.754 9     -2414.460 9        56.794 9
E20                                                                  27874460.582 9 146481200.394 9     -1684.178 9        56.412 9  27874460.582 9 146481200.394 9     -1684.178 9        56.412 9
E09                                                                  24990142.948 9 131324038.161 9      2565.271 9        57.361 9  24990142.948 9 131324038.161 9      2565.271 9        57.361 9
E10                                                                  23770052.366 9 124912432.247 9        -8.906 9        57.796 9  23770052.366 9 124912432.247 9        -8.906 9        57.796 9
E03                                                                  25035720.712 9 131563558.277 9      1945.516 9        57.345 9  25035720.712 9 131563558.277 9      1945.516 9        57.345 9
> 2026 02 03 10 01 32.0000000  0 18       0.000000000000
G02  20305651.316 9 106706896.827 9      -394.253 9        56.052 9                                                                  20305651.316 8 106706896.827 8      -394.253 8        53.052 8
G09  25284412.846 9 132870426.442 9     -2813.559 9        54.147 9                                                                  25284412.846 8 132870426.442 8     -2813.559 8        51.147 8
G13  25223811.045 9 132551952.260 9      1215.296 9        54.168 9                                                                  25223811.045 8 132551952.260 8      1215.296 8        51.168 8
G29  24870919.036 9 130697514.181 9      3071.299 9        54.290 9                                                                  24870919.036 8 130697514.181 8      3071.299 8        51.290 8
G10  22353507.061 9 117468437.546 9      3238.685 9        55.217 9                                                                  22353507.061 8 117468437.546 8      3238.685 8        52.217 8
G12  20801944.368 9 109314932.751 9       157.859 9        55.842 9                                                                  20801944.368 8 109314932.751 8       157.859 8        52.842 8
G17  24708920.264 9 129846185.256 9     -2954.549 9        54.347 9                                                                  24708920.264 8 129846185.256 8     -2954.549 8        51.347 8
G24  24333050.145 9 127870993.221 9      3053.324 9        54.480 9                                                                  24333050.145 8 127870993.221 8      3053.324 8        51.480 8
G30  22575961.234 9 118637444.864 9      2316.108 9        55.131 9                                                                  22575961.234 8 118637444.864 8      2316.108 8        52.131 8
G05  21257392.014 9 111708324.303 9       656.993 9        55.654 9                                                                  21257392.014 8 111708324.303 8       656.993 8        52.654 8
G04  21962564.445 9 115414024.548 9     -2481.039 9        55.370 9                                                                  21962564.445 8 115414024.548 8     -2481.039 8        52.370 8
E04                                                                  23384530.087 9 122886501.860 9      -157.545 9        57.938 9  23384530.087 9 122886501.860 9      -157.545 9        57.938 9
E05                                                                  26145465.452 9 137395284.499 9     -2062.096 9        56.969 9  26145465.452 9 137395284.499 9     -2062.096 9        56.969 9
E11                                                                  26675467.977 9 140180466.327 9     -2414.705 9        56.794 9  26675467.977 9 140180466.327 9     -2414.705 9        56.794 9
E20                                                                  27874781.100 9 146482884.719 9     -1684.486 9        56.412 9  27874781.100 9 146482884.719 9     -1684.486 9        56.412 9
E09                                                                  24989654.820 9 131321473.033 9      2564.994 9        57.361 9  24989654.820 9 131321473.033 9      2564.994 9        57.361 9
E10                                                                  23770054.106 9 124912441.388 9        -9.377 9        57.796 9  23770054.106 9 124912441.388 9        -9.377 9        57.796 9
E03                                                                  25035350.501 9 131561612.806 9      1945.426 9        57.345 9  25035350.501 9 131561612.806 9      1945.426 9        57.345 9
> 2026 02 03 10 01 33.0000000  0 18       0.000000000000
G02  20305726.378 9 106707291.275 9      -394.646 9        56.052 9                                                                  20305726.378 8 106707291.275 8      -394.646 8        53.052 8
G09  25284948.244 9 132873239.967 9     -2813.505 9        54.147 9                                                                  25284948.244 8 132873239.967 8     -2813.505 8        51.147 8
G13  25223579.825 9 132550737.196 9      1214.843 9        54.168 9                                                                  25223579.825 8 132550737.196 8      1214.843 8        51.168 8
G29  24870334.584 9 130694442.869 9      3071.324 9        54.290 9                                                                  24870334.584 8 130694442.869 8      3071.324 8        51.290 8
G10  22352890.790 9 117465199.025 9      3238.368 9        55.217 9                                                                  22352890.790 8 117465199.025 8      3238.368 8        52.217 8
G12  20801914.392 9 109314775.224 9       157.194 9        55.842 9                                                                  20801914.392 8 109314775.224 8       157.194 8        52.842 8
G17  24709482.507 9 129849139.851 9     -2954.674 9        54.347 9                                                                  24709482.507 8 129849139.851 8     -2954.674 8        51.347 8
G24  24332469.132 9 127867939.980 9      3053.160 9        54.480 9                                                                  24332469.132 8 127867939.980 8      3053.160 8        51.480 8
G30  22575520.540 9 118635128.999 9      2315.621 9        55.131 9                                                                  22575520.540 8 118635128.999 8      2315.621 8        52.131 8
G05  21257267.054 9 111707667.637 9       656.337 9        55.654 9                                                                  21257267.054 8 111707667.637 8       656.337 8        52.654 8
G04  21963036.589 9 115416505.673 9     -2481.225 9        55.370 9                                                                  21963036.589 8 115416505.673 8     -2481.225 8        52.370 8
E04                                                                  23384560.091 9 122886659.529 9      -157.793 9        57.938 9  23384560.091 9 122886659.529 9      -157.793 9        57.938 9
E05                                                                  26145857.872 9 137397346.671 9     -2062.266 9        56.968 9  26145857.872 9 137397346.671 9     -2062.266 9        56.968 9
E11                                                                  26675927.503 9 140182881.145 9     -2414.950 9        56.794 9  26675927.503 9 140182881.145 9     -2414.950 9        56.794 9
E20                                                                  27875101.676 9 146484569.352 9     -1684.793 9        56.412 9  27875101.676 9 146484569.352 9     -1684.793 9        56.412 9
E09                                                                  24989166.744 9 131318908.183 9      2564.717 9        57.361 9  24989166.744 9 131318908.183 9      2564.717 9        57.361 9
E10                                                                  23770055.935 9 124912451.001 9        -9.848 9        57.796 9  23770055.935 9 124912451.001 9        -9.848 9        57.796 9
E03                                                                  25034980.307 9 131559667.426 9      1945.337 9        57.346 9  25034980.307 9 131559667.426 9      1945.337 9        57.346 9
> 2026 02 03 10 01 34.0000000  0 18       0.000000000000
G02  20305801.514 9 106707686.117 9      -395.040 9        56.052 9                                                                  20305801.514 8 106707686.117 8      -395.040 8        53.052 8
G09  25285483.631 9 132876053.439 9     -2813.452 9        54.147 9                                                                  25285483.631 8 132876053.439 8     -2813.452 8        51.147 8
G13  25223348.691 9 132549522.585 9      1214.390 9        54.168 9                                                                  25223348.691 8 132549522.585 8      1214.390 8        51.168 8
G29  24869750.127 9 130691371.530 9      3071.350 9        54.291 9                                                                  24869750.127 8 130691371.530 8      3071.350 8        51.291 8
G10  22352274.579 9 117461960.820 9      3238.051 9        55.218 9                                                                  22352274.579 8 117461960.820 8      3238.051 8        52.218 8
G12  20801884.542 9 109314618.361 9       156.530 9        55.842 9                                                                  20801884.542 8 109314618.361 8       156.530 8        52.842 8
G17  24710044.774 9 129852094.572 9     -2954.799 9        54.347 9                                                                  24710044.774 8 129852094.572 8     -2954.799 8        51.347 8
G24  24331888.150 9 127864886.902 9      3052.995 9        54.481 9                                                                  24331888.150 8 127864886.902 8      3052.995 8        51.481 8
G30  22575079.937 9 118632813.621 9      2315.134 9        55.131 9                                                                  22575079.937 8 118632813.621 8      2315.134 8        52.131 8
G05  21257142.220 9 111707011.628 9       655.680 9        55.654 9                                                                  21257142.220 8 111707011.628 8       655.680 8        52.654 8
G04  21963508.768 9 115418986.985 9     -2481.411 9        55.370 9                                                                  21963508.768 8 115418986.985 8     -2481.411 8        52.370 8
E04                                                                  23384590.142 9 122886817.446 9      -158.042 9        57.938 9  23384590.142 9 122886817.446 9      -158.042 9        57.938 9
E05                                                                  26146250.324 9 137399409.012 9     -2062.437 9        56.968 9  26146250.324 9 137399409.012 9     -2062.437 9        56.968 9
E11                                                                  26676387.076 9 140185296.208 9     -2415.195 9        56.794 9  26676387.076 9 140185296.208 9     -2415.195 9        56.794 9
E20                                                                  27875422.311 9 146486254.292 9     -1685.100 9        56.412 9  27875422.311 9 146486254.292 9     -1685.100 9        56.412 9
E09                                                                  24988678.721 9 131316343.609 9      2564.440 9        57.362 9  24988678.721 9 131316343.609 9      2564.440 9        57.362 9
E10                                                                  23770057.854 9 124912461.084 9       -10.318 9        57.796 9  23770057.854 9 124912461.084 9       -10.318 9        57.796 9
E03                                                                  25034610.130 9 131557722.134 9      1945.248 9        57.346 9  25034610.130 9 131557722.134 9      1945.248 9        57.346 9
> 2026 02 03 10 01 35.0000000  0 18       0.000000000000
G02  20305876.725 9 106708081.353 9      -395.433 9        56.052 9                                                                  20305876.725 8 106708081.353 8      -395.433 8        53.052 8
G09  25286019.009 9 132878866.857 9     -2813.398 9        54.146 9                                                                  25286019.009 8 132878866.857 8     -2813.398 8        51.146 8
G13  25223117.644 9 132548308.427 9      1213.937 9        54.168 9                                                                  25223117.644 8 132548308.427 8      1213.937 8        51.168 8
G29  24869165.666 9 130688300.167 9      3071.376 9        54.291 9                                                                  24869165.666 8 130688300.167 8      3071.376 8        51.291 8
G10  22351658.429 9 117458722.932 9      3237.734 9        55.218 9                                                                  22351658.429 8 117458722.932 8      3237.734 8        52.218 8
G12  20801854.819 9 109314462.161 9       155.866 9        55.842 9                                                                  20801854.819 8 109314462.161 8       155.866 8        52.842 8
G17  24710607.065 9 129855049.417 9     -2954.924 9        54.346 9                                                                  24710607.065 8 129855049.417 8     -2954.924 8        51.346 8
G24  24331307.199 9 127861833.990 9      3052.831 9        54.481 9                                                                  24331307.199 8 127861833.990 8      3052.831 8        51.481 8
G30  22574639.428 9 118630498.730 9      2314.647 9        55.132 9                                                                  22574639.428 8 118630498.730 8      2314.647 8        52.132 8
G05  21257017.511 9 111706356.275 9       655.024 9        55.654 9                                                                  21257017.511 8 111706356.275 8       655.024 8        52.654 8
G04  21963980.982 9 115421468.483 9     -2481.597 9        55.370 9                                                                  21963980.982 8 115421468.483 8     -2481.597 8        52.370 8
E04                                                                  23384620.240 9 122886975.611 9      -158.290 9        57.938 9  23384620.240 9 122886975.611 9      -158.290 9        57.938 9
E05                                                                  26146642.808 9 137401471.525 9     -2062.607 9        56.968 9  26146642.808 9 137401471.525 9     -2062.607 9        56.968 9
E11                                                                  26676846.695 9 140187711.516 9     -2415.440 9        56.794 9  26676846.695 9 140187711.516 9     -2415.440 9        56.794 9
E20                                                                  27875743.005 9 146487939.539 9     -1685.407 9        56.412 9  27875743.005 9 146487939.539 9     -1685.407 9        56.412 9
E09                                                                  24988190.751 9 131313779.312 9      2564.163 9        57.362 9  24988190.751 9 131313779.312 9      2564.163 9        57.362 9
E10                                                                  23770059.862 9 124912471.637 9       -10.789 9        57.796 9  23770059.862 9 124912471.637 9       -10.789 9        57.796 9
E03                                                                  25034239.970 9 131555776.931 9      1945.159 9        57.346 9  25034239.970 9 131555776.931 9      1945.159 9        57.346 9
> 2026 02 03 10 01 36.0000000  0 18       0.000000000000
G02  20305952.011 9 106708476.982 9      -395.827 9        56.052 9                                                                  20305952.011 8 106708476.982 8      -395.827 8        53.052 8
G09  25286554.376 9 132881680.221 9     -2813.344 9        54.146 9                                                                  25286554.376 8 132881680.221 8     -2813.344 8        51.146 8
G13  25222886.683 9 132547094.722 9      1213.484 9        54.168 9                                                                  25222886.683 8 132547094.722 8      1213.484 8        51.168 8
G29  24868581.199 9 130685228.777 9      3071.402 9        54.291 9                                                                  24868581.199 8 130685228.777 8      3071.402 8        51.291 8
G10  22351042.338 9 117455485.361 9      3237.417 9        55.218 9                                                                  22351042.338 8 117455485.361 8      3237.417 8        52.218 8
G12  20801825.221 9 109314306.626 9       155.202 9        55.842 9                                                                  20801825.221 8 109314306.626 8       155.202 8        52.842 8
G17  24711169.379 9 129858004.387 9     -2955.048 9        54.346 9                                                                  24711169.379 8 129858004.387 8     -2955.048 8        51.346 8
G24  24330726.280 9 127858781.241 9      3052.667 9        54.481 9                                                                  24330726.280 8 127858781.241 8      3052.667 8        51.481 8
G30  22574199.011 9 118628184.327 9      2314.160 9        55.132 9                                                                  22574199.011 8 118628184.327 8      2314.160 8        52.132 8
G05  21256892.926 9 111705701.579 9       654.367 9        55.654 9                                                                  21256892.926 8 111705701.579 8       654.367 8        52.654 8
G04  21964453.232 9 115423950.167 9     -2481.784 9        55.370 9                                                                  21964453.232 8 115423950.167 8     -2481.784 8        52.370 8
E04                                                                  23384650.385 9 122887134.024 9      -158.538 9        57.938 9  23384650.385 9 122887134.024 9      -158.538 9        57.938 9
E05                                                                  26147035.325 9 137403534.207 9     -2062.777 9        56.968 9  26147035.325 9 137403534.207 9     -2062.777 9        56.968 9
E11                                                                  26677306.361 9 140190127.069 9     -2415.684 9        56.794 9  26677306.361 9 140190127.069 9     -2415.684 9        56.794 9
E20                                                                  27876063.756 9 146489625.092 9     -1685.714 9        56.412 9  27876063.756 9 146489625.092 9     -1685.714 9        56.412 9
E09                                                                  24987702.833 9 131311215.293 9      2563.886 9        57.362 9  24987702.833 9 131311215.293 9      2563.886 9        57.362 9
E10                                                                  23770061.960 9 124912482.661 9       -11.259 9        57.796 9  23770061.960 9 124912482.661 9       -11.259 9        57.796 9
E03                                                                  25033869.827 9 131553831.819 9      1945.069 9        57.346 9  25033869.827 9 131553831.819 9      1945.069 9        57.346 9
> 2026 02 03 10 01 37.0000000  0 18       0.000000000000
G02  20306027.371 9 106708873.004 9      -396.220 9        56.052 9                                                                  20306027.371 8 106708873.004 8      -396.220 8        53.052 8
G09  25287089.733 9 132884493.532 9     -2813.290 9        54.146 9                                                                  25287089.733 8 132884493.532 8     -2813.290 8        51.146 8
G13  25222655.808 9 132545881.470 9      1213.031 9        54.168 9                                                                  25222655.808 8 132545881.470 8      1213.031 8        51.168 8
G29  24867996.728 9 130682157.361 9      3071.427 9        54.291 9                                                                  24867996.728 8 130682157.361 8      3071.427 8        51.291 8
G10  22350426.309 9 117452248.107 9      3237.100 9        55.218 9                                                                  22350426.309 8 117452248.107 8      3237.100 8        52.218 8
G12  20801795.751 9 109314151.755 9       154.538 9        55.842 9                                                                  20801795.751 8 109314151.755 8       154.538 8        52.842 8
G17  24711731.718 9 129860959.481 9     -2955.173 9        54.346 9                                                                  24711731.718 8 129860959.481 8     -2955.173 8        51.346 8
G24  24330145.392 9 127855728.657 9      3052.502 9        54.481 9                                                                  24330145.392 8 127855728.657 8      3052.502 8        51.481 8
G30  22573758.687 9 118625870.410 9      2313.673 9        55.132 9                                                                  22573758.687 8 118625870.410 8      2313.673 8        52.132 8
G05  21256768.467 9 111705047.540 9       653.710 9        55.654 9                                                                  21256768.467 8 111705047.540 8       653.710 8        52.654 8
G04  21964925.517 9 115426432.037 9     -2481.970 9        55.369 9                                                                  21964925.517 8 115426432.037 8     -2481.970 8        52.369 8
E04                                                                  23384680.577 9 122887292.686 9      -158.787 9        57.938 9  23384680.577 9 122887292.686 9      -158.787 9        57.938 9
E05                                                                  26147427.874 9 137405597.059 9     -2062.947 9        56.968 9  26147427.874 9 137405597.059 9     -2062.947 9        56.968 9
E11                                                                  26677766.073 9 140192542.866 9     -2415.929 9        56.793 9  26677766.073 9 140192542.866 9     -2415.929 9        56.793 9
E20                                                                  27876384.567 9 146491310.953 9     -1686.021 9        56.412 9  27876384.567 9 146491310.953 9     -1686.021 9        56.412 9
E09                                                                  24987214.968 9 131308651.551 9      2563.608 9        57.362 9  24987214.968 9 131308651.551 9      2563.608 9        57.362 9
E10                                                                  23770064.147 9 124912494.156 9       -11.730 9        57.796 9  23770064.147 9 124912494.156 9       -11.730 9        57.796 9
E03                                                                  25033499.701 9 131551886.795 9      1944.980 9        57.346 9  25033499.701 9 131551886.795 9      1944.980 9        57.346 9
> 2026 02 03 10 01 38.0000000  0 18       0.000000000000
G02  20306102.807 9 106709269.419 9      -396.613 9        56.052 9                                                                  20306102.807 8 106709269.419 8      -396.613 8        53.052 8
G09  25287625.080 9 132887306.788 9     -2813.236 9        54.146 9                                                                  25287625.080 8 132887306.788 8     -2813.236 8        51.146 8
G13  25222425.019 9 132544668.671 9      1212.578 9        54.168 9                                                                  25222425.019 8 132544668.671 8      1212.578 8        51.168 8
G29  24867412.252 9 130679085.920 9      3071.453 9        54.291 9                                                                  24867412.252 8 130679085.920 8      3071.453 8        51.291 8
G10  22349810.339 9 117449011.170 9      3236.782 9        55.219 9                                                                  22349810.339 8 117449011.170 8      3236.782 8        52.219 8
G12  20801766.406 9 109313997.548 9       153.874 9        55.842 9                                                                  20801766.406 8 109313997.548 8       153.874 8        52.842 8
G17  24712294.080 9 129863914.700 9     -2955.298 9        54.346 9                                                                  24712294.080 8 129863914.700 8     -2955.298 8        51.346 8
G24  24329564.535 9 127852676.237 9      3052.338 9        54.481 9                                                                  24329564.535 8 127852676.237 8      3052.338 8        51.481 8
G30  22573318.456 9 118623556.981 9      2313.185 9        55.132 9                                                                  22573318.456 8 118623556.981 8      2313.185 8        52.132 8
G05  21256644.132 9 111704394.157 9       653.054 9        55.654 9                                                                  21256644.132 8 111704394.157 8       653.054 8        52.654 8
G04  21965397.837 9 115428914.094 9     -2482.156 9        55.369 9                                                                  21965397.837 8 115428914.094 8     -2482.156 8        52.369 8
E04                                                                  23384710.817 9 122887451.596 9      -159.035 9        57.938 9  23384710.817 9 122887451.596 9      -159.035 9        57.938 9
E05                                                                  26147820.456 9 137407660.082 9     -2063.118 9        56.968 9  26147820.456 9 137407660.082 9     -2063.118 9        56.968 9
E11                                                                  26678225.832 9 140194958.909 9     -2416.174 9        56.793 9  26678225.832 9 140194958.909 9     -2416.174 9        56.793 9
E20                                                                  27876705.435 9 146492997.120 9     -1686.327 9        56.412 9  27876705.435 9 146492997.120 9     -1686.327 9        56.412 9
E09                                                                  24986727.156 9 131306088.087 9      2563.331 9        57.362 9  24986727.156 9 131306088.087 9      2563.331 9        57.362 9
E10                                                                  23770066.424 9 124912506.121 9       -12.200 9        57.796 9  23770066.424 9 124912506.121 9       -12.200 9        57.796 9
E03                                                                  25033129.592 9 131549941.861 9      1944.890 9        57.346 9  25033129.592 9 131549941.861 9      1944.890 9        57.346 9
> 2026 02 03 10 01 39.0000000  0 18       0.000000000000
G02  20306178.317 9 106709666.228 9      -397.006 9        56.051 9                                                                  20306178.317 8 106709666.228 8      -397.006 8        53.051 8
G09  25288160.416 9 132890119.990 9     -2813.182 9        54.146 9                                                                  25288160.416 8 132890119.990 8     -2813.182 8        51.146 8
G13  25222194.316 9 132543456.325 9      1212.125 9        54.168 9                                                                  25222194.316 8 132543456.325 8      1212.125 8        51.168 8
G29  24866827.771 9 130676014.454 9      3071.478 9        54.292 9                                                                  24866827.771 8 130676014.454 8      3071.478 8        51.292 8
G10  22349194.430 9 117445774.551 9      3236.465 9        55.219 9                                                                  22349194.430 8 117445774.551 8      3236.465 8        52.219 8
G12  20801737.188 9 109313844.006 9       153.210 9        55.842 9                                                                  20801737.188 8 109313844.006 8       153.210 8        52.842 8
G17  24712856.465 9 129866870.044 9     -2955.422 9        54.346 9                                                                  24712856.465 8 129866870.044 8     -2955.422 8        51.346 8
G24  24328983.709 9 127849623.982 9      3052.173 9        54.482 9                                                                  24328983.709 8 127849623.982 8      3052.173 8        51.482 8
G30  22572878.318 9 118621244.040 9      2312.698 9        55.132 9                                                                  22572878.318 8 118621244.040 8      2312.698 8        52.132 8
G05  21256519.923 9 111703741.430 9       652.397 9        55.654 9                                                                  21256519.923 8 111703741.430 8       652.397 8        52.654 8
G04  21965870.193 9 115431396.336 9     -2482.341 9        55.369 9                                                                  21965870.193 8 115431396.336 8     -2482.341 8        52.369 8
E04                                                                  23384741.104 9 122887610.754 9      -159.283 9        57.938 9  23384741.104 9 122887610.754 9      -159.283 9        57.938 9
E05                                                                  26148213.070 9 137409723.275 9     -2063.288 9        56.968 9  26148213.070 9 137409723.275 9     -2063.288 9        56.968 9
E11                                                                  26678685.638 9 140197375.195 9     -2416.418 9        56.793 9  26678685.638 9 140197375.195 9     -2416.418 9        56.793 9
E20                                                                  27877026.362 9 146494683.595 9     -1686.634 9        56.412 9  27877026.362 9 146494683.595 9     -1686.634 9        56.412 9
E09                                                                  24986239.397 9 131303524.899 9      2563.054 9        57.362 9  24986239.397 9 131303524.899 9      2563.054 9        57.362 9
E10                                                                  23770068.790 9 124912518.556 9       -12.671 9        57.796 9  23770068.790 9 124912518.556 9       -12.671 9        57.796 9
E03                                                                  25032759.500 9 131547997.016 9      1944.801 9        57.346 9  25032759.500 9 131547997.016 9      1944.801 9        57.346 9
> 2026 02 03 10 01 40.0000000  0 18       0.000000000000
G02  20306253.902 9 106710063.430 9      -397.400 9        56.051 9                                                                  20306253.902 8 106710063.430 8      -397.400 8        53.051 8
G09  25288695.742 9 132892933.138 9     -2813.127 9        54.146 9                                                                  25288695.742 8 132892933.138 8     -2813.127 8        51.146 8
G13  25221963.700 9 132542244.432 9      1211.672 9        54.168 9                                                                  25221963.700 8 132542244.432 8      1211.672 8        51.168 8
G29  24866243.285 9 130672942.961 9      3071.504 9        54.292 9                                                                  24866243.285 8 130672942.961 8      3071.504 8        51.292 8
G10  22348578.582 9 117442538.249 9      3236.147 9        55.219 9                                                                  22348578.582 8 117442538.249 8      3236.147 8        52.219 8
G12  20801708.096 9 109313691.127 9       152.546 9        55.842 9                                                                  20801708.096 8 109313691.127 8       152.546 8        52.842 8
G17  24713418.875 9 129869825.513 9     -2955.547 9        54.345 9                                                                  24713418.875 8 129869825.513 8     -2955.547 8        51.345 8
G24  24328402.915 9 127846571.891 9      3052.009 9        54.482 9                                                                  24328402.915 8 127846571.891 8      3052.009 8        51.482 8
G30  22572438.272 9 118618931.585 9      2312.210 9        55.132 9                                                                  22572438.272 8 118618931.585 8      2312.210 8        52.132 8
G05  21256395.838 9 111703089.361 9       651.740 9        55.654 9                                                                  21256395.838 8 111703089.361 8       651.740 8        52.654 8
G04  21966342.584 9 115433878.764 9     -2482.527 9        55.369 9                                                                  21966342.584 8 115433878.764 8     -2482.527 8        52.369 8
E04                                                                  23384771.438 9 122887770.161 9      -159.532 9        57.938 9  23384771.438 9 122887770.161 9      -159.532 9        57.938 9
E05                                                                  26148605.717 9 137411786.638 9     -2063.458 9        56.968 9  26148605.717 9 137411786.638 9     -2063.458 9        56.968 9
E11                                                                  26679145.490 9 140199791.726 9     -2416.663 9        56.793 9  26679145.490 9 140199791.726 9     -2416.663 9        56.793 9
E20                                                                  27877347.347 9 146496370.375 9     -1686.941 9        56.411 9  27877347.347 9 146496370.375 9     -1686.941 9        56.411 9
E09                                                                  24985751.690 9 131300961.989 9      2562.776 9        57.363 9  24985751.690 9 131300961.989 9      2562.776 9        57.363 9
E10                                                                  23770071.246 9 124912531.462 9       -13.141 9        57.796 9  23770071.246 9 124912531.462 9       -13.141 9        57.796 9
E03                                                                  25032389.425 9 131546052.262 9      1944.711 9        57.346 9  25032389.425 9 131546052.262 9      1944.711 9        57.346 9
> 2026 02 03 10 01 41.0000000  0 18       0.000000000000
G02  20306329.563 9 106710461.026 9      -397.793 9        56.051 9                                                                  20306329.563 8 106710461.026 8      -397.793 8        53.051 8
G09  25289231.057 9 132895746.231 9     -2813.073 9        54.145 9                                                                  25289231.057 8 132895746.231 8     -2813.073 8        51.145 8
G13  25221733.170 9 132541032.993 9      1211.218 9        54.169 9                                                                  25221733.170 8 132541032.993 8      1211.218 8        51.169 8
G29  24865658.794 9 130669871.444 9      3071.530 9        54.292 9                                                                  24865658.794 8 130669871.444 8      3071.530 8        51.292 8
G10  22347962.794 9 117439302.265 9      3235.830 9        55.219 9                                                                  22347962.794 8 117439302.265 8      3235.830 8        52.219 8
G12  20801679.131 9 109313538.913 9       151.881 9        55.842 9                                                                  20801679.131 8 109313538.913 8       151.881 8        52.842 8
G17  24713981.308 9 129872781.106 9     -2955.671 9        54.345 9                                                                  24713981.308 8 129872781.106 8     -2955.671 8        51.345 8
G24  24327822.152 9 127843519.964 9      3051.844 9        54.482 9                                                                  24327822.152 8 127843519.964 8      3051.844 8        51.482 8
G30  22571998.319 9 118616619.619 9      2311.723 9        55.133 9                                                                  22571998.319 8 118616619.619 8      2311.723 8        52.133 8
G05  21256271.878 9 111702437.948 9       651.084 9        55.654 9                                                                  21256271.878 8 111702437.948 8       651.084 8        52.654 8
G04  21966815.011 9 115436361.378 9     -2482.713 9        55.369 9                                                                  21966815.011 8 115436361.378 8     -2482.713 8        52.369 8
E04                                                                  23384801.820 9 122887929.817 9      -159.780 9        57.938 9  23384801.820 9 122887929.817 9      -159.780 9        57.938 9
E05                                                                  26148998.395 9 137413850.172 9     -2063.628 9        56.967 9  26148998.395 9 137413850.172 9     -2063.628 9        56.967 9
E11                                                                  26679605.388 9 140202208.502 9     -2416.907 9        56.793 9  26679605.388 9 140202208.502 9     -2416.907 9        56.793 9
E20                                                                  27877668.391 9 146498057.463 9     -1687.247 9        56.411 9  27877668.391 9 146498057.463 9     -1687.247 9        56.411 9
E09                                                                  24985264.036 9 131298399.357 9      2562.499 9        57.363 9  24985264.036 9 131298399.357 9      2562.499 9        57.363 9
E10                                                                  23770073.792 9 124912544.839 9       -13.612 9        57.796 9  23770073.792 9 124912544.839 9       -13.612 9        57.796 9
E03                                                                  25032019.367 9 131544107.596 9      1944.621 9        57.347 9  25032019.367 9 131544107.596 9      1944.621 9        57.347 9
> 2026 02 03 10 01 42.0000000  0 18       0.000000000000
G02  20306405.297 9 106710859.014 9      -398.186 9        56.051 9                                                                  20306405.297 8 106710859.014 8      -398.186 8        53.051 8
G09  25289766.363 9 132898559.270 9     -2813.018 9        54.145 9                                                                  25289766.363 8 132898559.270 8     -2813.018 8        51.145 8
G13  25221502.726 9 132539822.007 9      1210.765 9        54.169 9                                                                  25221502.726 8 132539822.007 8      1210.765 8        51.169 8
G29  24865074.298 9 130666799.900 9      3071.555 9        54.292 9                                                                  24865074.298 8 130666799.900 8      3071.555 8        51.292 8
G10  22347347.066 9 117436066.598 9      3235.512 9        55.220 9                                                                  22347347.066 8 117436066.598 8      3235.512 8        52.220 8
G12  20801650.292 9 109313387.363 9       151.217 9        55.842 9                                                                  20801650.292 8 109313387.363 8       151.217 8        52.842 8
G17  24714543.765 9 129875736.823 9     -2955.796 9        54.345 9                                                                  24714543.765 8 129875736.823 8     -2955.796 8        51.345 8
G24  24327241.420 9 127840468.202 9      3051.680 9        54.482 9                                                                  24327241.420 8 127840468.202 8      3051.680 8        51.482 8
G30  22571558.459 9 118614308.140 9      2311.235 9        55.133 9                                                                  22571558.459 8 118614308.140 8      2311.235 8        52.133 8
G05  21256148.044 9 111701787.192 9       650.427 9        55.654 9                                                                  21256148.044 8 111701787.192 8       650.427 8        52.654 8
G04  21967287.473 9 115438844.177 9     -2482.899 9        55.369 9                                                                  21967287.473 8 115438844.177 8     -2482.899 8        52.369 8
E04                                                                  23384832.249 9 122888089.720 9      -160.029 9        57.938 9  23384832.249 9 122888089.720 9      -160.029 9        57.938 9
E05                                                                  26149391.107 9 137415913.876 9     -2063.799 9        56.967 9  26149391.107 9 137415913.876 9     -2063.799 9        56.967 9
E11                                                                  26680065.334 9 140204625.522 9     -2417.152 9        56.793 9  26680065.334 9 140204625.522 9     -2417.152 9        56.793 9
E20                                                                  27877989.493 9 146499744.857 9     -1687.554 9        56.411 9  27877989.493 9 146499744.857 9     -1687.554 9        56.411 9
E09                                                                  24984776.435 9 131295837.002 9      2562.221 9        57.363 9  24984776.435 9 131295837.002 9      2562.221 9        57.363 9
E10                                                                  23770076.427 9 124912558.686 9       -14.082 9        57.796 9  23770076.427 9 124912558.686 9       -14.082 9        57.796 9
E03                                                                  25031649.326 9 131542163.020 9      1944.532 9        57.347 9  25031649.326 9 131542163.020 9      1944.532 9        57.347 9
> 2026 02 03 10 01 43.0000000  0 18       0.000000000000
G02  20306481.107 9 106711257.396 9      -398.579 9        56.051 9                                                                  20306481.107 8 106711257.396 8      -398.579 8        53.051 8
G09  25290301.658 9 132901372.254 9     -2812.964 9        54.145 9                                                                  25290301.658 8 132901372.254 8     -2812.964 8        51.145 8
G13  25221272.369 9 132538611.474 9      1210.311 9        54.169 9                                                                  25221272.369 8 132538611.474 8      1210.311 8        51.169 8
G29  24864489.798 9 130663728.331 9      3071.581 9        54.292 9                                                                  24864489.798 8 130663728.331 8      3071.581 8        51.292 8
G10  22346731.399 9 117432831.250 9      3235.194 9        55.220 9                                                                  22346731.399 8 117432831.250 8      3235.194 8        52.220 8
G12  20801621.580 9 109313236.477 9       150.553 9        55.842 9                                                                  20801621.580 8 109313236.477 8       150.553 8        52.842 8
G17  24715106.245 9 129878692.666 9     -2955.921 9        54.345 9                                                                  24715106.245 8 129878692.666 8     -2955.921 8        51.345 8
G24  24326660.720 9 127837416.605 9      3051.515 9        54.482 9                                                                  24326660.720 8 127837416.605 8      3051.515 8        51.482 8
G30  22571118.692 9 118611997.149 9      2310.747 9        55.133 9                                                                  22571118.692 8 118611997.149 8      2310.747 8        52.133 8
G05  21256024.334 9 111701137.093 9       649.770 9        55.654 9                                                                  21256024.334 8 111701137.093 8       649.770 8        52.654 8
G04  21967759.970 9 115441327.163 9     -2483.085 9        55.368 9                                                                  21967759.970 8 115441327.163 8     -2483.085 8        52.368 8
E04                                                                  23384862.725 9 122888249.873 9      -160.277 9        57.938 9  23384862.725 9 122888249.873 9      -160.277 9        57.938 9
E05                                                                  26149783.850 9 137417977.749 9     -2063.969 9        56.967 9  26149783.850 9 137417977.749 9     -2063.969 9        56.967 9
E11                                                                  26680525.325 9 140207042.786 9     -2417.396 9        56.793 9  26680525.325 9 140207042.786 9     -2417.396 9        56.793 9
E20                                                                  27878310.653 9 146501432.557 9     -1687.860 9        56.411 9  27878310.653 9 146501432.557 9     -1687.860 9        56.411 9
E09                                                                  24984288.887 9 131293274.925 9      2561.944 9        57.363 9  24984288.887 9 131293274.925 9      2561.944 9        57.363 9
E10                                                                  23770079.151 9 124912573.003 9       -14.552 9        57.796 9  23770079.151 9 124912573.003 9       -14.552 9        57.796 9
E03                                                                  25031279.302 9 131540218.534 9      1944.442 9        57.347 9  25031279.302 9 131540218.534 9      1944.442 9        57.347 9
> 2026 02 03 10 01 44.0000000  0 18       0.000000000000
G02  20306556.992 9 106711656.171 9      -398.972 9        56.051 9                                                                  20306556.992 8 106711656.171 8      -398.972 8        53.051 8
G09  25290836.942 9 132904185.184 9     -2812.909 9        54.145 9                                                                  25290836.942 8 132904185.184 8     -2812.909 8        51.145 8
G13  25221042.097 9 132537401.395 9      1209.858 9        54.169 9                                                                  25221042.097 8 132537401.395 8      1209.858 8        51.169 8
G29  24863905.292 9 130660656.737 9      3071.606 9        54.293 9                                                                  24863905.292 8 130660656.737 8      3071.606 8        51.293 8
G10  22346115.792 9 117429596.219 9      3234.876 9        55.220 9                                                                  22346115.792 8 117429596.219 8      3234.876 8        52.220 8
G12  20801592.994 9 109313086.255 9       149.889 9        55.842 9                                                                  20801592.994 8 109313086.255 8       149.889 8        52.842 8
G17  24715668.749 9 129881648.633 9     -2956.045 9        54.345 9                                                                  24715668.749 8 129881648.633 8     -2956.045 8        51.345 8
G24  24326080.051 9 127834365.172 9      3051.351 9        54.483 9                                                                  24326080.051 8 127834365.172 8      3051.351 8        51.483 8
G30  22570679.017 9 118609686.646 9      2310.259 9        55.133 9                                                                  22570679.017 8 118609686.646 8      2310.259 8        52.133 8
G05  21255900.749 9 111700487.651 9       649.113 9        55.654 9                                                                  21255900.749 8 111700487.651 8       649.113 8        52.654 8
G04  21968232.503 9 115443810.334 9     -2483.270 9        55.368 9                                                                  21968232.503 8 115443810.334 8     -2483.270 8        52.368 8
E04                                                                  23384893.248 9 122888410.273 9      -160.526 9        57.938 9  23384893.248 9 122888410.273 9      -160.526 9        57.938 9
E05                                                                  26150176.626 9 137420041.793 9     -2064.139 9        56.967 9  26150176.626 9 137420041.793 9     -2064.139 9        56.967 9
E11                                                                  26680985.363 9 140209460.295 9     -2417.640 9        56.792 9  26680985.363 9 140209460.295 9     -2417.640 9        56.792 9
E20                                                                  27878631.872 9 146503120.564 9     -1688.167 9        56.411 9  27878631.872 9 146503120.564 9     -1688.167 9        56.411 9
E09                                                                  24983801.392 9 131290713.125 9      2561.666 9        57.363 9  24983801.392 9 131290713.125 9      2561.666 9        57.363 9
E10                                                                  23770081.965 9 124912587.791 9       -15.023 9        57.796 9  23770081.965 9 124912587.791 9       -15.023 9        57.796 9
E03                                                                  25030909.295 9 131538274.137 9      1944.353 9        57.347 9  25030909.295 9 131538274.137 9      1944.353 9        57.347 9
> 2026 02 03 10 01 45.0000000  0 18       0.000000000000
G02  20306632.951 9 106712055.338 9      -399.365 9        56.051 9                                                                  20306632.951 8 106712055.338 8      -399.365 8        53.051 8
G09  25291372.216 9 132906998.059 9     -2812.854 9        54.145 9                                                                  25291372.216 8 132906998.059 8     -2812.854 8        51.145 8
G13  25220811.913 9 132536191.770 9      1209.404 9        54.169 9                                                                  25220811.913 8 132536191.770 8      1209.404 8        51.169 8
G29  24863320.782 9 130657585.117 9      3071.632 9        54.293 9                                                                  24863320.782 8 130657585.117 8      3071.632 8        51.293 8
G10  22345500.246 9 117426361.506 9      3234.558 9        55.220 9                                                                  22345500.246 8 117426361.506 8      3234.558 8        52.220 8
G12  20801564.534 9 109312936.698 9       149.224 9        55.842 9                                                                  20801564.534 8 109312936.698 8       149.224 8        52.842 8
G17  24716231.277 9 129884604.724 9     -2956.170 9        54.344 9                                                                  24716231.277 8 129884604.724 8     -2956.170 8        51.344 8
G24  24325499.413 9 127831313.904 9      3051.186 9        54.483 9                                                                  24325499.413 8 127831313.904 8      3051.186 8        51.483 8
G30  22570239.436 9 118607376.630 9      2309.771 9        55.133 9                                                                  22570239.436 8 118607376.630 8      2309.771 8        52.133 8
G05  21255777.290 9 111699838.865 9       648.456 9        55.655 9                                                                  21255777.290 8 111699838.865 8       648.456 8        52.655 8
G04  21968705.071 9 115446293.690 9     -2483.456 9        55.368 9                                                                  21968705.071 8 115446293.690 8     -2483.456 8        52.368 8
E04                                                                  23384923.819 9 122888570.923 9      -160.774 9        57.938 9  23384923.819 9 122888570.923 9      -160.774 9        57.938 9
E05                                                                  26150569.435 9 137422106.008 9     -2064.309 9        56.967 9  26150569.435 9 137422106.008 9     -2064.309 9        56.967 9
E11                                                                  26681445.448 9 140211878.048 9     -2417.884 9        56.792 9  26681445.448 9 140211878.048 9     -2417.884 9        56.792 9
E20                                                                  27878953.149 9 146504808.878 9     -1688.473 9        56.411 9  27878953.149 9 146504808.878 9     -1688.473 9        56.411 9
E09                                                                  24983313.950 9 131288151.602 9      2561.388 9        57.363 9  24983313.950 9 131288151.602 9      2561.388 9        57.363 9
E10                                                                  23770084.869 9 124912603.049 9       -15.493 9        57.796 9  23770084.869 9 124912603.049 9       -15.493 9        57.796 9
E03                                                                  25030539.305 9 131536329.830 9      1944.263 9        57.347 9  25030539.305 9 131536329.830 9      1944.263 9        57.347 9
> 2026 02 03 10 01 46.0000000  0 18       0.000000000000
G02  20306708.985 9 106712454.899 9      -399.758 9        56.051 9                                                                  20306708.985 8 106712454.899 8      -399.758 8        53.051 8
G09  25291907.480 9 132909810.879 9     -2812.799 9        54.144 9                                                                  25291907.480 8 132909810.879 8     -2812.799 8        51.144 8
G13  25220581.814 9 132534982.598 9      1208.950 9        54.169 9                                                                  25220581.814 8 132534982.598 8      1208.950 8        51.169 8
G29  24862736.267 9 130654513.471 9      3071.657 9        54.293 9                                                                  24862736.267 8 130654513.471 8      3071.657 8        51.293 8
G10  22344884.760 9 117423127.111 9      3234.240 9        55.220 9                                                                  22344884.760 8 117423127.111 8      3234.240 8        52.220 8
G12  20801536.201 9 109312787.805 9       148.560 9        55.842 9                                                                  20801536.201 8 109312787.805 8       148.560 8        52.842 8
G17  24716793.829 9 129887560.940 9     -2956.294 9        54.344 9                                                                  24716793.829 8 129887560.940 8     -2956.294 8        51.344 8
G24  24324918.807 9 127828262.800 9      3051.022 9        54.483 9                                                                  24324918.807 8 127828262.800 8      3051.022 8        51.483 8
G30  22569799.947 9 118605067.103 9      2309.283 9        55.134 9                                                                  22569799.947 8 118605067.103 8      2309.283 8        52.134 8
G05  21255653.955 9 111699190.737 9       647.799 9        55.655 9                                                                  21255653.955 8 111699190.737 8       647.799 8        52.655 8
G04  21969177.674 9 115448777.232 9     -2483.641 9        55.368 9                                                                  21969177.674 8 115448777.232 8     -2483.641 8        52.368 8
E04                                                                  23384954.437 9 122888731.821 9      -161.023 9        57.938 9  23384954.437 9 122888731.821 9      -161.023 9        57.938 9
E05                                                                  26150962.275 9 137424170.393 9     -2064.479 9        56.967 9  26150962.275 9 137424170.393 9     -2064.479 9        56.967 9
E11                                                                  26681905.579 9 140214296.045 9     -2418.128 9        56.792 9  26681905.579 9 140214296.045 9     -2418.128 9        56.792 9
E20                                                                  27879274.484 9 146506497.497 9     -1688.779 9        56.411 9  27879274.484 9 146506497.497 9     -1688.779 9        56.411 9
E09                                                                  24982826.560 9 131285590.358 9      2561.111 9        57.364 9  24982826.560 9 131285590.358 9      2561.111 9        57.364 9
E10                                                                  23770087.862 9 124912618.778 9       -15.964 9        57.796 9  23770087.862 9 124912618.778 9       -15.964 9        57.796 9
E03                                                                  25030169.333 9 131534385.613 9      1944.173 9        57.347 9  25030169.333 9 131534385.613 9      1944.173 9        57.347 9
> 2026 02 03 10 01 47.0000000  0 18       0.000000000000
G02  20306785.094 9 106712854.853 9      -400.151 9        56.051 9                                                                  20306785.094 8 106712854.853 8      -400.151 8        53.051 8
G09  25292442.733 9 132912623.644 9     -2812.744 9        54.144 9                                                                  25292442.733 8 132912623.644 8     -2812.744 8        51.144 8
G13  25220351.802 9 132533773.880 9      1208.497 9        54.169 9                                                                  25220351.802 8 132533773.880 8      1208.497 8        51.169 8
G29  24862151.747 9 130651441.801 9      3071.682 9        54.293 9                                                                  24862151.747 8 130651441.801 8      3071.682 8        51.293 8
G10  22344269.335 9 117419893.034 9      3233.922 9        55.221 9                                                                  22344269.335 8 117419893.034 8      3233.922 8        52.221 8
G12  20801507.994 9 109312639.576 9       147.896 9        55.842 9                                                                  20801507.994 8 109312639.576 8       147.896 8        52.842 8
G17  24717356.404 9 129890517.280 9     -2956.419 9        54.344 9                                                                  24717356.404 8 129890517.280 8     -2956.419 8        51.344 8
G24  24324338.232 9 127825211.861 9      3050.857 9        54.483 9                                                                  24324338.232 8 127825211.861 8      3050.857 8        51.483 8
G30  22569360.551 9 118602758.064 9      2308.795 9        55.134 9                                                                  22569360.551 8 118602758.064 8      2308.795 8        52.134 8
G05  21255530.745 9 111698543.265 9       647.142 9        55.655 9                                                                  21255530.745 8 111698543.265 8       647.142 8        52.655 8
G04  21969650.312 9 115451260.960 9     -2483.827 9        55.368 9                                                                  21969650.312 8 115451260.960 8     -2483.827 8        52.368 8
E04                                                                  23384985.102 9 122888892.967 9      -161.272 9        57.938 9  23384985.102 9 122888892.967 9      -161.272 9        57.938 9
E05                                                                  26151355.149 9 137426234.947 9     -2064.650 9        56.967 9  26151355.149 9 137426234.947 9     -2064.650 9        56.967 9
E11                                                                  26682365.756 9 140216714.286 9     -2418.372 9        56.792 9  26682365.756 9 140216714.286 9     -2418.372 9        56.792 9
E20                                                                  27879595.878 9 146508186.423 9     -1689.085 9        56.411 9  27879595.878 9 146508186.423 9     -1689.085 9        56.411 9
E09                                                                  24982339.223 9 131283029.391 9      2560.833 9        57.364 9  24982339.223 9 131283029.391 9      2560.833 9        57.364 9
E10                                                                  23770090.944 9 124912634.977 9       -16.434 9        57.796 9  23770090.944 9 124912634.977 9       -16.434 9        57.796 9
E03                                                                  25029799.377 9 131532441.486 9      1944.083 9        57.347 9  25029799.377 9 131532441.486 9      1944.083 9        57.347 9
> 2026 02 03 10 01 48.0000000  0 18       0.000000000000
G02  20306861.278 9 106713255.200 9      -400.544 9        56.051 9                                                                  20306861.278 8 106713255.200 8      -400.544 8        53.051 8
G09  25292977.975 9 132915436.354 9     -2812.689 9        54.144 9                                                                  25292977.975 8 132915436.354 8     -2812.689 8        51.144 8
G13  25220121.876 9 132532565.616 9      1208.043 9        54.169 9                                                                  25220121.876 8 132532565.616 8      1208.043 8        51.169 8
G29  24861567.222 9 130648370.105 9      3071.708 9        54.293 9                                                                  24861567.222 8 130648370.105 8      3071.708 8        51.293 8
G10  22343653.971 9 117416659.275 9      3233.604 9        55.221 9                                                                  22343653.971 8 117416659.275 8      3233.604 8        52.221 8
G12  20801479.914 9 109312492.011 9       147.231 9        55.842 9                                                                  20801479.914 8 109312492.011 8       147.231 8        52.842 8
G17  24717919.003 9 129893473.745 9     -2956.543 9        54.344 9                                                                  24717919.003 8 129893473.745 8     -2956.543 8        51.344 8
G24  24323757.688 9 127822161.087 9      3050.692 9        54.483 9                                                                  24323757.688 8 127822161.087 8      3050.692 8        51.483 8
G30  22568921.248 9 118600449.513 9      2308.307 9        55.134 9                                                                  22568921.248 8 118600449.513 8      2308.307 8        52.134 8
G05  21255407.661 9 111697896.450 9       646.485 9        55.655 9                                                                  21255407.661 8 111697896.450 8       646.485 8        52.655 8
G04  21970122.986 9 115453744.873 9     -2484.012 9        55.367 9                                                                  21970122.986 8 115453744.873 8     -2484.012 8        52.367 8
E04                                                                  23385015.815 9 122889054.362 9      -161.520 9        57.938 9  23385015.815 9 122889054.362 9      -161.520 9        57.938 9
E05                                                                  26151748.054 9 137428299.672 9     -2064.820 9        56.966 9  26151748.054 9 137428299.672 9     -2064.820 9        56.966 9
E11                                                                  26682825.980 9 140219132.771 9     -2418.616 9        56.792 9  26682825.980 9 140219132.771 9     -2418.616 9        56.792 9
E20                                                                  27879917.329 9 146509875.655 9     -1689.391 9        56.411 9  27879917.329 9 146509875.655 9     -1689.391 9        56.411 9
E09                                                                  24981851.939 9 131280468.703 9      2560.555 9        57.364 9  24981851.939 9 131280468.703 9      2560.555 9        57.364 9
E10                                                                  23770094.116 9 124912651.646 9       -16.904 9        57.796 9  23770094.116 9 124912651.646 9       -16.904 9        57.796 9
E03                                                                  25029429.439 9 131530497.448 9      1943.994 9        57.347 9  25029429.439 9 131530497.448 9      1943.994 9        57.347 9
> 2026 02 03 10 01 49.0000000  0 18       0.000000000000
G02  20306937.536 9 106713655.940 9      -400.937 9        56.051 9                                                                  20306937.536 8 106713655.940 8      -400.937 8        53.051 8
G09  25293513.208 9 132918249.008 9     -2812.634 9        54.144 9                                                                  25293513.208 8 132918249.008 8     -2812.634 8        51.144 8
G13  25219892.037 9 132531357.805 9      1207.589 9        54.169 9                                                                  25219892.037 8 132531357.805 8      1207.589 8        51.169 8
G29  24860982.693 9 130645298.383 9      3071.733 9        54.294 9                                                                  24860982.693 8 130645298.383 8      3071.733 8        51.294 8
G10  22343038.667 9 117413425.835 9      3233.285 9        55.221 9                                                                  22343038.667 8 117413425.835 8      3233.285 8        52.221 8
G12  20801451.959 9 109312345.111 9       146.567 9        55.842 9                                                                  20801451.959 8 109312345.111 8       146.567 8        52.842 8
G17  24718481.626 9 129896430.334 9     -2956.668 9        54.344 9                                                                  24718481.626 8 129896430.334 8     -2956.668 8        51.344 8
G24  24323177.176 9 127819110.477 9      3050.528 9        54.484 9                                                                  24323177.176 8 127819110.477 8      3050.528 8        51.484 8
G30  22568482.038 9 118598141.450 9      2307.818 9        55.134 9                                                                  22568482.038 8 118598141.450 8      2307.818 8        52.134 8
G05  21255284.701 9 111697250.293 9       645.828 9        55.655 9                                                                  21255284.701 8 111697250.293 8       645.828 8        52.655 8
G04  21970595.695 9 115456228.972 9     -2484.197 9        55.367 9                                                                  21970595.695 8 115456228.972 8     -2484.197 8        52.367 8
E04                                                                  23385046.575 9 122889216.006 9      -161.769 9        57.938 9  23385046.575 9 122889216.006 9      -161.769 9        57.938 9
E05                                                                  26152140.992 9 137430364.568 9     -2064.990 9        56.966 9  26152140.992 9 137430364.568 9     -2064.990 9        56.966 9
E11                                                                  26683286.250 9 140221551.500 9     -2418.861 9        56.792 9  26683286.250 9 140221551.500 9     -2418.861 9        56.792 9
E20                                                                  27880238.839 9 146511565.193 9     -1689.698 9        56.411 9  27880238.839 9 146511565.193 9     -1689.698 9        56.411 9
E09                                                                  24981364.708 9 131277908.291 9      2560.277 9        57.364 9  24981364.708 9 131277908.291 9      2560.277 9        57.364 9
E10                                                                  23770097.378 9 124912668.786 9       -17.375 9        57.796 9  23770097.378 9 124912668.786 9       -17.375 9        57.796 9
E03                                                                  25029059.517 9 131528553.500 9      1943.904 9        57.348 9  25029059.517 9 131528553.500 9      1943.904 9        57.348 9
> 2026 02 03 10 01 50.0000000  0 18       0.000000000000
G02  20307013.869 9 106714057.072 9      -401.330 9        56.051 9                                                                  20307013.869 8 106714057.072 8      -401.330 8        53.051 8
G09  25294048.429 9 132921061.607 9     -2812.578 9        54.144 9                                                                  25294048.429 8 132921061.607 8     -2812.578 8        51.144 8
G13  25219662.283 9 132530150.449 9      1207.135 9        54.169 9                                                                  25219662.283 8 132530150.449 8      1207.135 8        51.169 8
G29  24860398.158 9 130642226.636 9      3071.758 9        54.294 9                                                                  24860398.158 8 130642226.636 8      3071.758 8        51.294 8
G10  22342423.423 9 117410192.713 9      3232.967 9        55.221 9                                                                  22342423.423 8 117410192.713 8      3232.967 8        52.221 8
G12  20801424.132 9 109312198.875 9       145.903 9        55.842 9                                                                  20801424.132 8 109312198.875 8       145.903 8        52.842 8
G17  24719044.272 9 129899387.048 9     -2956.792 9        54.343 9                                                                  24719044.272 8 129899387.048 8     -2956.792 8        51.343 8
G24  24322596.695 9 127816060.032 9      3050.363 9        54.484 9                                                                  24322596.695 8 127816060.032 8      3050.363 8        51.484 8
G30  22568042.921 9 118595833.876 9      2307.330 9        55.134 9                                                                  22568042.921 8 118595833.876 8      2307.330 8        52.134 8
G05  21255161.866 9 111696604.792 9       645.171 9        55.655 9                                                                  21255161.866 8 111696604.792 8       645.171 8        52.655 8
G04  21971068.440 9 115458713.255 9     -2484.383 9        55.367 9                                                                  21971068.440 8 115458713.255 8     -2484.383 8        52.367 8
E04                                                                  23385077.382 9 122889377.899 9      -162.018 9        57.938 9  23385077.382 9 122889377.899 9      -162.018 9        57.938 9
E05                                                                  26152533.963 9 137432429.633 9     -2065.160 9        56.966 9  26152533.963 9 137432429.633 9     -2065.160 9        56.966 9
E11                                                                  26683746.567 9 140223970.473 9     -2419.104 9        56.792 9  26683746.567 9 140223970.473 9     -2419.104 9        56.792 9
E20                                                                  27880560.408 9 146513255.037 9     -1690.004 9        56.410 9  27880560.408 9 146513255.037 9     -1690.004 9        56.410 9
E09                                                                  24980877.530 9 131275348.158 9      2559.999 9        57.364 9  24980877.530 9 131275348.158 9      2559.999 9        57.364 9
E10                                                                  23770100.729 9 124912686.396 9       -17.845 9        57.796 9  23770100.729 9 124912686.396 9       -17.845 9        57.796 9
E03                                                                  25028689.613 9 131526609.642 9      1943.814 9        57.348 9  25028689.613 9 131526609.642 9      1943.814 9        57.348 9
> 2026 02 03 10 01 51.0000000  0 18       0.000000000000
G02  20307090.277 9 106714458.597 9      -401.723 9        56.051 9                                                                  20307090.277 8 106714458.597 8      -401.723 8        53.051 8
G09  25294583.640 9 132923874.151 9     -2812.523 9        54.144 9                                                                  25294583.640 8 132923874.151 8     -2812.523 8        51.144 8
G13  25219432.617 9 132528943.547 9      1206.681 9        54.169 9                                                                  25219432.617 8 132528943.547 8      1206.681 8        51.169 8
G29  24859813.619 9 130639154.864 9      3071.784 9        54.294 9                                                                  24859813.619 8 130639154.864 8      3071.784 8        51.294 8
G10  22341808.240 9 117406959.910 9      3232.648 9        55.222 9                                                                  22341808.240 8 117406959.910 8      3232.648 8        52.222 8
G12  20801396.431 9 109312053.304 9       145.238 9        55.842 9                                                                  20801396.431 8 109312053.304 8       145.238 8        52.842 8
G17  24719606.942 9 129902343.886 9     -2956.917 9        54.343 9                                                                  24719606.942 8 129902343.886 8     -2956.917 8        51.343 8
G24  24322016.245 9 127813009.752 9      3050.198 9        54.484 9                                                                  24322016.245 8 127813009.752 8      3050.198 8        51.484 8
G30  22567603.897 9 118593526.790 9      2306.842 9        55.134 9                                                                  22567603.897 8 118593526.790 8      2306.842 8        52.134 8
G05  21255039.157 9 111695959.948 9       644.514 9        55.655 9                                                                  21255039.157 8 111695959.948 8       644.514 8        52.655 8
G04  21971541.219 9 115461197.724 9     -2484.568 9        55.367 9                                                                  21971541.219 8 115461197.724 8     -2484.568 8        52.367 8
E04                                                                  23385108.236 9 122889540.040 9      -162.266 9        57.938 9  23385108.236 9 122889540.040 9      -162.266 9        57.938 9
E05                                                                  26152926.965 9 137434494.869 9     -2065.331 9        56.966 9  26152926.965 9 137434494.869 9     -2065.331 9        56.966 9
E11                                                                  26684206.930 9 140226389.689 9     -2419.348 9        56.791 9  26684206.930 9 140226389.689 9     -2419.348 9        56.791 9
E20                                                                  27880882.034 9 146514945.187 9     -1690.309 9        56.410 9  27880882.034 9 146514945.187 9     -1690.309 9        56.410 9
E09                                                                  24980390.405 9 131272788.303 9      2559.721 9        57.364 9  24980390.405 9 131272788.303 9      2559.721 9        57.364 9
E10                                                                  23770104.170 9 124912704.476 9       -18.315 9        57.796 9  23770104.170 9 124912704.476 9       -18.315 9        57.796 9
E03                                                                  25028319.726 9 131524665.874 9      1943.724 9        57.348 9  25028319.726 9 131524665.874 9      1943.724 9        57.348 9
> 2026 02 03 10 01 52.0000000  0 18       0.000000000000
G02  20307166.760 9 106714860.516 9      -402.115 9        56.051 9                                                                  20307166.760 8 106714860.516 8      -402.115 8        53.051 8
G09  25295118.841 9 132926686.640 9     -2812.467 9        54.143 9                                                                  25295118.841 8 132926686.640 8     -2812.467 8        51.143 8
G13  25219203.037 9 132527737.099 9      1206.227 9        54.169 9                                                                  25219203.037 8 132527737.099 8      1206.227 8        51.169 8
G29  24859229.075 9 130636083.067 9      3071.809 9        54.294 9                                                                  24859229.075 8 130636083.067 8      3071.809 8        51.294 8
G10  22341193.118 9 117403727.426 9      3232.330 9        55.222 9                                                                  22341193.118 8 117403727.426 8      3232.330 8        52.222 8
G12  20801368.856 9 109311908.397 9       144.574 9        55.842 9                                                                  20801368.856 8 109311908.397 8       144.574 8        52.842 8
G17  24720169.636 9 129905300.849 9     -2957.041 9        54.343 9                                                                  24720169.636 8 129905300.849 8     -2957.041 8        51.343 8
G24  24321435.827 9 127809959.637 9      3050.033 9        54.484 9                                                                  24321435.827 8 127809959.637 8      3050.033 8        51.484 8
G30  22567164.965 9 118591220.192 9      2306.353 9        55.135 9                                                                  22567164.965 8 118591220.192 8      2306.353 8        52.135 8
G05  21254916.572 9 111695315.762 9       643.857 9        55.655 9                                                                  21254916.572 8 111695315.762 8       643.857 8        52.655 8
G04  21972014.034 9 115463682.379 9     -2484.753 9        55.367 9                                                                  21972014.034 8 115463682.379 8     -2484.753 8        52.367 8
E04                                                                  23385139.138 9 122889702.430 9      -162.515 9        57.938 9  23385139.138 9 122889702.430 9      -162.515 9        57.938 9
E05                                                                  26153320.000 9 137436560.275 9     -2065.501 9        56.966 9  26153320.000 9 137436560.275 9     -2065.501 9        56.966 9
E11                                                                  26684667.340 9 140228809.150 9     -2419.592 9        56.791 9  26684667.340 9 140228809.150 9     -2419.592 9        56.791 9
E20                                                                  27881203.719 9 146516635.643 9     -1690.615 9        56.410 9  27881203.719 9 146516635.643 9     -1690.615 9        56.410 9
E09                                                                  24979903.333 9 131270228.726 9      2559.443 9        57.365 9  24979903.333 9 131270228.726 9      2559.443 9        57.365 9
E10                                                                  23770107.700 9 124912723.027 9       -18.786 9        57.796 9  23770107.700 9 124912723.027 9       -18.786 9        57.796 9
E03                                                                  25027949.856 9 131522722.196 9      1943.634 9        57.348 9  25027949.856 9 131522722.196 9      1943.634 9        57.348 9
> 2026 02 03 10 01 53.0000000  0 18       0.000000000000
G02  20307243.317 9 106715262.826 9      -402.508 9        56.051 9                                                                  20307243.317 8 106715262.826 8      -402.508 8        53.051 8
G09  25295654.031 9 132929499.072 9     -2812.412 9        54.143 9                                                                  25295654.031 8 132929499.072 8     -2812.412 8        51.143 8
G13  25218973.543 9 132526531.105 9      1205.772 9        54.170 9                                                                  25218973.543 8 132526531.105 8      1205.772 8        51.170 8
G29  24858644.526 9 130633011.244 9      3071.834 9        54.295 9                                                                  24858644.526 8 130633011.244 8      3071.834 8        51.295 8
G10  22340578.057 9 117400495.260 9      3232.011 9        55.222 9                                                                  22340578.057 8 117400495.260 8      3232.011 8        52.222 8
G12  20801341.408 9 109311764.154 9       143.910 9        55.842 9                                                                  20801341.408 8 109311764.154 8       143.910 8        52.842 8
G17  24720732.353 9 129908257.936 9     -2957.165 9        54.343 9                                                                  24720732.353 8 129908257.936 8     -2957.165 8        51.343 8
G24  24320855.440 9 127806909.686 9      3049.868 9        54.484 9                                                                  24320855.440 8 127806909.686 8      3049.868 8        51.484 8
G30  22566726.127 9 118588914.084 9      2305.864 9        55.135 9                                                                  22566726.127 8 118588914.084 8      2305.864 8        52.135 8
G05  21254794.113 9 111694672.233 9       643.200 9        55.655 9                                                                  21254794.113 8 111694672.233 8       643.200 8        52.655 8
G04  21972486.884 9 115466167.218 9     -2484.938 9        55.366 9                                                                  21972486.884 8 115466167.218 8     -2484.938 8        52.366 8
E04                                                                  23385170.087 9 122889865.068 9      -162.764 9        57.938 9  23385170.087 9 122889865.068 9      -162.764 9        57.938 9
E05                                                                  26153713.068 9 137438625.851 9     -2065.671 9        56.966 9  26153713.068 9 137438625.851 9     -2065.671 9        56.966 9
E11                                                                  26685127.795 9 140231228.854 9     -2419.835 9        56.791 9  26685127.795 9 140231228.854 9     -2419.835 9        56.791 9
E20                                                                  27881525.462 9 146518326.405 9     -1690.921 9        56.410 9  27881525.462 9 146518326.405 9     -1690.921 9        56.410 9
E09                                                                  24979416.313 9 131267669.427 9      2559.165 9        57.365 9  24979416.313 9 131267669.427 9      2559.165 9        57.365 9
E10                                                                  23770111.319 9 124912742.048 9       -19.256 9        57.796 9  23770111.319 9 124912742.048 9       -19.256 9        57.796 9
E03                                                                  25027580.003 9 131520778.607 9      1943.544 9        57.348 9  25027580.003 9 131520778.607 9      1943.544 9        57.348 9
> 2026 02 03 10 01 54.0000000  0 18       0.000000000000
G02  20307319.949 9 106715665.530 9      -402.901 9        56.051 9                                                                  20307319.949 8 106715665.530 8      -402.901 8        53.051 8
G09  25296189.210 9 132932311.449 9     -2812.356 9        54.143 9                                                                  25296189.210 8 132932311.449 8     -2812.356 8        51.143 8
G13  25218744.135 9 132525325.565 9      1205.318 9        54.170 9                                                                  25218744.135 8 132525325.565 8      1205.318 8        51.170 8
G29  24858059.973 9 130629939.396 9      3071.859 9        54.295 9                                                                  24858059.973 8 130629939.396 8      3071.859 8        51.295 8
G10  22339963.056 9 117397263.413 9      3231.692 9        55.222 9                                                                  22339963.056 8 117397263.413 8      3231.692 8        52.222 8
G12  20801314.086 9 109311620.576 9       143.245 9        55.842 9                                                                  20801314.086 8 109311620.576 8       143.245 8        52.842 8
G17  24721295.095 9 129911215.148 9     -2957.290 9        54.343 9                                                                  24721295.095 8 129911215.148 8     -2957.290 8        51.343 8
G24  24320275.084 9 127803859.900 9      3049.704 9        54.485 9                                                                  24320275.084 8 127803859.900 8      3049.704 8        51.485 8
G30  22566287.382 9 118586608.464 9      2305.376 9        55.135 9                                                                  22566287.382 8 118586608.464 8      2305.376 8        52.135 8
G05  21254671.778 9 111694029.360 9       642.543 9        55.655 9                                                                  21254671.778 8 111694029.360 8       642.543 8        52.655 8
G04  21972959.770 9 115468652.242 9     -2485.123 9        55.366 9                                                                  21972959.770 8 115468652.242 8     -2485.123 8        52.366 8
E04                                                                  23385201.084 9 122890027.956 9      -163.013 9        57.938 9  23385201.084 9 122890027.956 9      -163.013 9        57.938 9
E05                                                                  26154106.168 9 137440691.597 9     -2065.841 9        56.966 9  26154106.168 9 137440691.597 9     -2065.841 9        56.966 9
E11                                                                  26685588.298 9 140233648.802 9     -2420.079 9        56.791 9  26685588.298 9 140233648.802 9     -2420.079 9        56.791 9
E20                                                                  27881847.263 9 146520017.472 9     -1691.227 9        56.410 9  27881847.263 9 146520017.472 9     -1691.227 9        56.410 9
E09                                                                  24978929.347 9 131265110.406 9      2558.887 9        57.365 9  24978929.347 9 131265110.406 9      2558.887 9        57.365 9
E10                                                                  23770115.028 9 124912761.539 9       -19.726 9        57.796 9  23770115.028 9 124912761.539 9       -19.726 9        57.796 9
E03                                                                  25027210.167 9 131518835.109 9      1943.454 9        57.348 9  25027210.167 9 131518835.109 9      1943.454 9        57.348 9
> 2026 02 03 10 01 55.0000000  0 18       0.000000000000
G02  20307396.656 9 106716068.626 9      -403.294 9        56.051 9                                                                  20307396.656 8 106716068.626 8      -403.294 8        53.051 8
G09  25296724.379 9 132935123.771 9     -2812.300 9        54.143 9                                                                  25296724.379 8 132935123.771 8     -2812.300 8        51.143 8
G13  25218514.814 9 132524120.480 9      1204.864 9        54.170 9                                                                  25218514.814 8 132524120.480 8      1204.864 8        51.170 8
G29  24857475.414 9 130626867.523 9      3071.885 9        54.295 9                                                                  24857475.414 8 130626867.523 8      3071.885 8        51.295 8
G10  22339348.116 9 117394031.885 9      3231.373 9        55.223 9                                                                  22339348.116 8 117394031.885 8      3231.373 8        52.223 8
G12  20801286.890 9 109311477.662 9       142.581 9        55.842 9                                                                  20801286.890 8 109311477.662 8       142.581 8        52.842 8
G17  24721857.859 9 129914172.483 9     -2957.414 9        54.342 9                                                                  24721857.859 8 129914172.483 8     -2957.414 8        51.342 8
G24  24319694.760 9 127800810.280 9      3049.539 9        54.485 9                                                                  24319694.760 8 127800810.280 8      3049.539 8        51.485 8
G30  22565848.730 9 118584303.333 9      2304.887 9        55.135 9                                                                  22565848.730 8 118584303.333 8      2304.887 8        52.135 8
G05  21254549.569 9 111693387.145 9       641.886 9        55.655 9                                                                  21254549.569 8 111693387.145 8       641.886 8        52.655 8
G04  21973432.690 9 115471137.452 9     -2485.308 9        55.366 9                                                                  21973432.690 8 115471137.452 8     -2485.308 8        52.366 8
E04                                                                  23385232.128 9 122890191.092 9      -163.261 9        57.938 9  23385232.128 9 122890191.092 9      -163.261 9        57.938 9
E05                                                                  26154499.300 9 137442757.514 9     -2066.011 9        56.966 9  26154499.300 9 137442757.514 9     -2066.011 9        56.966 9
E11                                                                  26686048.846 9 140236068.993 9     -2420.322 9        56.791 9  26686048.846 9 140236068.993 9     -2420.322 9        56.791 9
E20                                                                  27882169.122 9 146521708.845 9     -1691.532 9        56.410 9  27882169.122 9 146521708.845 9     -1691.532 9        56.410 9
E09                                                                  24978442.433 9 131262551.663 9      2558.609 9        57.365 9  24978442.433 9 131262551.663 9      2558.609 9        57.365 9
E10                                                                  23770118.827 9 124912781.501 9       -20.197 9        57.796 9  23770118.827 9 124912781.501 9       -20.197 9        57.796 9
E03                                                                  25026840.348 9 131516891.701 9      1943.364 9        57.348 9  25026840.348 9 131516891.701 9      1943.364 9        57.348 9
> 2026 02 03 10 01 56.0000000  0 18       0.000000000000
G02  20307473.438 9 106716472.115 9      -403.686 9        56.051 9                                                                  20307473.438 8 106716472.115 8      -403.686 8        53.051 8
G09  25297259.537 9 132937936.036 9     -2812.244 9        54.143 9                                                                  25297259.537 8 132937936.036 8     -2812.244 8        51.143 8
G13  25218285.580 9 132522915.849 9      1204.409 9        54.170 9                                                                  25218285.580 8 132522915.849 8      1204.409 8        51.170 8
G29  24856890.851 9 130623795.625 9      3071.910 9        54.295 9                                                                  24856890.851 8 130623795.625 8      3071.910 8        51.295 8
G10  22338733.237 9 117390800.676 9      3231.054 9        55.223 9                                                                  22338733.237 8 117390800.676 8      3231.054 8        52.223 8
G12  20801259.821 9 109311335.412 9       141.916 9        55.842 9                                                                  20801259.821 8 109311335.412 8       141.916 8        52.842 8
G17  24722420.648 9 129917129.943 9     -2957.539 9        54.342 9                                                                  24722420.648 8 129917129.943 8     -2957.539 8        51.342 8
G24  24319114.467 9 127797760.824 9      3049.374 9        54.485 9                                                                  24319114.467 8 127797760.824 8      3049.374 8        51.485 8
G30  22565410.171 9 118581998.690 9      2304.398 9        55.135 9                                                                  22565410.171 8 118581998.690 8      2304.398 8        52.135 8
G05  21254427.484 9 111692745.587 9       641.228 9        55.655 9                                                                  21254427.484 8 111692745.587 8       641.228 8        52.655 8
G04  21973905.646 9 115473622.846 9     -2485.493 9        55.366 9                                                                  21973905.646 8 115473622.846 8     -2485.493 8        52.366 8
E04                                                                  23385263.219 9 122890354.477 9      -163.510 9        57.938 9  23385263.219 9 122890354.477 9      -163.510 9        57.938 9
E05                                                                  26154892.465 9 137444823.601 9     -2066.182 9        56.965 9  26154892.465 9 137444823.601 9     -2066.182 9        56.965 9
E11                                                                  26686509.441 9 140238489.428 9     -2420.566 9        56.791 9  26686509.441 9 140238489.428 9     -2420.566 9        56.791 9
E20                                                                  27882491.039 9 146523400.524 9     -1691.838 9        56.410 9  27882491.039 9 146523400.524 9     -1691.838 9        56.410 9
E09                                                                  24977955.573 9 131259993.199 9      2558.331 9        57.365 9  24977955.573 9 131259993.199 9      2558.331 9        57.365 9
E10                                                                  23770122.715 9 124912801.933 9       -20.667 9        57.796 9  23770122.715 9 124912801.933 9       -20.667 9        57.796 9
E03                                                                  25026470.547 9 131514948.383 9      1943.274 9        57.348 9  25026470.547 9 131514948.383 9      1943.274 9        57.348 9
> 2026 02 03 10 01 57.0000000  0 18       0.000000000000
G02  20307550.294 9 106716875.996 9      -404.079 9        56.051 9                                                                  20307550.294 8 106716875.996 8      -404.079 8        53.051 8
G09  25297794.684 9 132940748.245 9     -2812.188 9        54.142 9                                                                  25297794.684 8 132940748.245 8     -2812.188 8        51.142 8
G13  25218056.432 9 132521711.673 9      1203.954 9        54.170 9                                                                  25218056.432 8 132521711.673 8      1203.954 8        51.170 8
G29  24856306.283 9 130620723.702 9      3071.935 9        54.295 9                                                                  24856306.283 8 130620723.702 8      3071.935 8        51.295 8
G10  22338118.418 9 117387569.787 9      3230.734 9        55.223 9                                                                  22338118.418 8 117387569.787 8      3230.734 8        52.223 8
G12  20801232.879 9 109311193.827 9       141.252 9        55.842 9                                                                  20801232.879 8 109311193.827 8       141.252 8        52.842 8
G17  24722983.460 9 129920087.528 9     -2957.663 9        54.342 9                                                                  24722983.460 8 129920087.528 8     -2957.663 8        51.342 8
G24  24318534.206 9 127794711.532 9      3049.209 9        54.485 9                                                                  24318534.206 8 127794711.532 8      3049.209 8        51.485 8
G30  22564971.704 9 118579694.537 9      2303.909 9        55.135 9                                                                  22564971.704 8 118579694.537 8      2303.909 8        52.135 8
G05  21254305.525 9 111692104.687 9       640.571 9        55.655 9                                                                  21254305.525 8 111692104.687 8       640.571 8        52.655 8
G04  21974378.637 9 115476108.426 9     -2485.678 9        55.366 9                                                                  21974378.637 8 115476108.426 8     -2485.678 8        52.366 8
E04                                                                  23385294.358 9 122890518.111 9      -163.759 9        57.938 9  23385294.358 9 122890518.111 9      -163.759 9        57.938 9
E05                                                                  26155285.662 9 137446889.857 9     -2066.352 9        56.965 9  26155285.662 9 137446889.857 9     -2066.352 9        56.965 9
E11                                                                  26686970.082 9 140240910.106 9     -2420.809 9        56.790 9  26686970.082 9 140240910.106 9     -2420.809 9        56.790 9
E20                                                                  27882813.015 9 146525092.508 9     -1692.144 9        56.410 9  27882813.015 9 146525092.508 9     -1692.144 9        56.410 9
E09                                                                  24977468.765 9 131257435.012 9      2558.052 9        57.366 9  24977468.765 9 131257435.012 9      2558.052 9        57.366 9
E10                                                                  23770126.692 9 124912822.835 9       -21.137 9        57.796 9  23770126.692 9 124912822.835 9       -21.137 9        57.796 9
E03                                                                  25026100.762 9 131513005.155 9      1943.184 9        57.349 9  25026100.762 9 131513005.155 9      1943.184 9        57.349 9
> 2026 02 03 10 01 58.0000000  0 18       0.000000000000
G02  20307627.225 9 106717280.270 9      -404.471 9        56.051 9                                                                  20307627.225 8 106717280.270 8      -404.471 8        53.051 8
G09  25298329.821 9 132943560.398 9     -2812.132 9        54.142 9                                                                  25298329.821 8 132943560.398 8     -2812.132 8        51.142 8
G13  25217827.371 9 132520507.951 9      1203.500 9        54.170 9                                                                  25217827.371 8 132520507.951 8      1203.500 8        51.170 8
G29  24855721.710 9 130617651.753 9      3071.960 9        54.296 9                                                                  24855721.710 8 130617651.753 8      3071.960 8        51.296 8
G10  22337503.660 9 117384339.216 9      3230.415 9        55.223 9                                                                  22337503.660 8 117384339.216 8      3230.415 8        52.223 8
G12  20801206.063 9 109311052.907 9       140.587 9        55.842 9                                                                  20801206.063 8 109311052.907 8       140.587 8        52.842 8
G17  24723546.295 9 129923045.237 9     -2957.787 9        54.342 9                                                                  24723546.295 8 129923045.237 8     -2957.787 8        51.342 8
G24  24317953.976 9 127791662.406 9      3049.044 9        54.486 9                                                                  24317953.976 8 127791662.406 8      3049.044 8        51.486 8
G30  22564533.331 9 118577390.873 9      2303.420 9        55.136 9                                                                  22564533.331 8 118577390.873 8      2303.420 8        52.136 8
G05  21254183.691 9 111691464.443 9       639.914 9        55.655 9                                                                  21254183.691 8 111691464.443 8       639.914 8        52.655 8
G04  21974851.663 9 115478594.190 9     -2485.863 9        55.366 9                                                                  21974851.663 8 115478594.190 8     -2485.863 8        52.366 8
E04                                                                  23385325.544 9 122890681.993 9      -164.008 9        57.938 9  23385325.544 9 122890681.993 9      -164.008 9        57.938 9
E05                                                                  26155678.891 9 137448956.284 9     -2066.522 9        56.965 9  26155678.891 9 137448956.284 9     -2066.522 9        56.965 9
E11                                                                  26687430.770 9 140243331.028 9     -2421.053 9        56.790 9  26687430.770 9 140243331.028 9     -2421.053 9        56.790 9
E20                                                                  27883135.048 9 146526784.798 9     -1692.449 9        56.410 9  27883135.048 9 146526784.798 9     -1692.449 9        56.410 9
E09                                                                  24976982.010 9 131254877.105 9      2557.774 9        57.366 9  24976982.010 9 131254877.105 9      2557.774 9        57.366 9
E10                                                                  23770130.759 9 124912844.207 9       -21.607 9        57.796 9  23770130.759 9 124912844.207 9       -21.607 9        57.796 9
E03                                                                  25025730.995 9 131511062.017 9      1943.094 9        57.349 9  25025730.995 9 131511062.017 9      1943.094 9        57.349 9
> 2026 02 03 10 01 59.0000000  0 18       0.000000000000
G02  20307704.231 9 106717684.937 9      -404.864 9        56.051 9                                                                  20307704.231 8 106717684.937 8      -404.864 8        53.051 8
G09  25298864.947 9 132946372.495 9     -2812.075 9        54.142 9                                                                  25298864.947 8 132946372.495 8     -2812.075 8        51.142 8
G13  25217598.396 9 132519304.684 9      1203.045 9        54.170 9                                                                  25217598.396 8 132519304.684 8      1203.045 8        51.170 8
G29  24855137.133 9 130614579.780 9      3071.985 9        54.296 9                                                                  24855137.133 8 130614579.780 8      3071.985 8        51.296 8
G10  22336888.963 9 117381108.965 9      3230.096 9        55.224 9                                                                  22336888.963 8 117381108.965 8      3230.096 8        52.224 8
G12  20801179.373 9 109310912.651 9       139.923 9        55.842 9                                                                  20801179.373 8 109310912.651 8       139.923 8        52.842 8
G17  24724109.155 9 129926003.070 9     -2957.911 9        54.342 9                                                                  24724109.155 8 129926003.070 8     -2957.911 8        51.342 8
G24  24317373.777 9 127788613.445 9      3048.879 9        54.486 9                                                                  24317373.777 8 127788613.445 8      3048.879 8        51.486 8
G30  22564095.051 9 118575087.698 9      2302.930 9        55.136 9                                                                  22564095.051 8 118575087.698 8      2302.930 8        52.136 8
G05  21254061.982 9 111690824.857 9       639.257 9        55.655 9                                                                  21254061.982 8 111690824.857 8       639.257 8        52.655 8
G04  21975324.724 9 115481080.139 9     -2486.048 9        55.365 9                                                                  21975324.724 8 115481080.139 8     -2486.048 8        52.365 8
E04                                                                  23385356.777 9 122890846.125 9      -164.257 9        57.938 9  23385356.777 9 122890846.125 9      -164.257 9        57.938 9
E05                                                                  26156072.153 9 137451022.882 9     -2066.692 9        56.965 9  26156072.153 9 137451022.882 9     -2066.692 9        56.965 9
E11                                                                  26687891.504 9 140245752.193 9     -2421.296 9        56.790 9  26687891.504 9 140245752.193 9     -2421.296 9        56.790 9
E20                                                                  27883457.140 9 146528477.393 9     -1692.754 9        56.410 9  27883457.140 9 146528477.393 9     -1692.754 9        56.410 9
E09                                                                  24976495.308 9 131252319.475 9      2557.495 9        57.366 9  24976495.308 9 131252319.475 9      2557.495 9        57.366 9
E10                                                                  23770134.916 9 124912866.049 9       -22.077 9        57.796 9  23770134.916 9 124912866.049 9       -22.077 9        57.796 9
E03                                                                  25025361.245 9 131509118.969 9      1943.004 9        57.349 9  25025361.245 9 131509118.969 9      1943.004 9        57.349 9
> 2026 02 03 10 02  0.0000000  0 18       0.000000000000
G02  20307781.311 9 106718089.996 9      -405.256 9        56.051 9                                                                  20307781.311 8 106718089.996 8      -405.256 8        53.051 8
G09  25299400.062 9 132949184.535 9     -2812.019 9        54.142 9                                                                  25299400.062 8 132949184.535 8     -2812.019 8        51.142 8
G13  25217369.507 9 132518101.872 9      1202.590 9        54.170 9                                                                  25217369.507 8 132518101.872 8      1202.590 8        51.170 8
G29  24854552.550 9 130611507.781 9      3072.010 9        54.296 9                                                                  24854552.550 8 130611507.781 8      3072.010 8        51.296 8
G10  22336274.326 9 117377879.033 9      3229.776 9        55.224 9                                                                  22336274.326 8 117377879.033 8      3229.776 8        52.224 8
G12  20801152.810 9 109310773.059 9       139.258 9        55.842 9                                                                  20801152.810 8 109310773.059 8       139.258 8        52.842 8
G17  24724672.038 9 129928961.027 9     -2958.036 9        54.341 9                                                                  24724672.038 8 129928961.027 8     -2958.036 8        51.341 8
G24  24316793.610 9 127785564.649 9      3048.714 9        54.486 9                                                                  24316793.610 8 127785564.649 8      3048.714 8        51.486 8
G30  22563656.865 9 118572785.012 9      2302.441 9        55.136 9                                                                  22563656.865 8 118572785.012 8      2302.441 8        52.136 8
G05  21253940.398 9 111690185.929 9       638.599 9        55.655 9                                                                  21253940.398 8 111690185.929 8       638.599 8        52.655 8
G04  21975797.821 9 115483566.273 9     -2486.232 9        55.365 9                                                                  21975797.821 8 115483566.273 8     -2486.232 8        52.365 8
E04                                                                  23385388.058 9 122891010.506 9      -164.506 9        57.938 9  23385388.058 9 122891010.506 9      -164.506 9        57.938 9
E05                                                                  26156465.448 9 137453089.649 9     -2066.862 9        56.965 9  26156465.448 9 137453089.649 9     -2066.862 9        56.965 9
E11                                                                  26688352.284 9 140248173.601 9     -2421.539 9        56.790 9  26688352.284 9 140248173.601 9     -2421.539 9        56.790 9
E20                                                                  27883779.290 9 146530170.294 9     -1693.060 9        56.409 9  27883779.290 9 146530170.294 9     -1693.060 9        56.409 9
E09                                                                  24976008.660 9 131249762.124 9      2557.217 9        57.366 9  24976008.660 9 131249762.124 9      2557.217 9        57.366 9
E10                                                                  23770139.162 9 124912888.362 9       -22.548 9        57.796 9  23770139.162 9 124912888.362 9       -22.548 9        57.796 9
E03                                                                  25024991.512 9 131507176.011 9      1942.913 9        57.349 9  25024991.512 9 131507176.011 9      1942.913 9        57.349 9
> 2026 02 03 10 02  1.0000000  0 18       0.000000000000
G02  20307858.466 9 106718495.447 9      -405.648 9        56.051 9                                                                  20307858.466 8 106718495.447 8      -405.648 8        53.051 8
G09  25299935.167 9 132951996.519 9     -2811.962 9        54.142 9                                                                  25299935.167 8 132951996.519 8     -2811.962 8        51.142 8
G13  25217140.706 9 132516899.515 9      1202.135 9        54.170 9                                                                  25217140.706 8 132516899.515 8      1202.135 8        51.170 8
G29  24853967.963 9 130608435.757 9      3072.035 9        54.296 9                                                                  24853967.963 8 130608435.757 8      3072.035 8        51.296 8
G10  22335659.751 9 117374649.421 9      3229.457 9        55.224 9                                                                  22335659.751 8 117374649.421 8      3229.457 8        52.224 8
G12  20801126.373 9 109310634.132 9       138.594 9        55.842 9                                                                  20801126.373 8 109310634.132 8       138.594 8        52.842 8
G17  24725234.944 9 129931919.109 9     -2958.160 9        54.341 9                                                                  24725234.944 8 129931919.109 8     -2958.160 8        51.341 8
G24  24316213.474 9 127782516.018 9      3048.549 9        54.486 9                                                                  24316213.474 8 127782516.018 8      3048.549 8        51.486 8
G30  22563218.771 9 118570482.815 9      2301.952 9        55.136 9                                                                  22563218.771 8 118570482.815 8      2301.952 8        52.136 8
G05  21253818.939 9 111689547.657 9       637.942 9        55.655 9                                                                  21253818.939 8 111689547.657 8       637.942 8        52.655 8
G04  21976270.952 9 115486052.591 9     -2486.417 9        55.365 9                                                                  21976270.952 8 115486052.591 8     -2486.417 8        52.365 8
E04                                                                  23385419.386 9 122891175.135 9      -164.755 9        57.938 9  23385419.386 9 122891175.135 9      -164.755 9        57.938 9
E05                                                                  26156858.774 9 137455156.587 9     -2067.033 9        56.965 9  26156858.774 9 137455156.587 9     -2067.033 9        56.965 9
E11                                                                  26688813.110 9 140250595.252 9     -2421.782 9        56.790 9  26688813.110 9 140250595.252 9     -2421.782 9        56.790 9
E20                                                                  27884101.498 9 146531863.500 9     -1693.365 9        56.409 9  27884101.498 9 146531863.500 9     -1693.365 9        56.409 9
E09                                                                  24975522.064 9 131247205.051 9      2556.938 9        57.366 9  24975522.064 9 131247205.051 9      2556.938 9        57.366 9
E10                                                                  23770143.497 9 124912911.145 9       -23.018 9        57.796 9  23770143.497 9 124912911.145 9       -23.018 9        57.796 9
E03                                                                  25024621.796 9 131505233.144 9      1942.823 9        57.349 9  25024621.796 9 131505233.144 9      1942.823 9        57.349 9
> 2026 02 03 10 02  2.0000000  0 18       0.000000000000
G02  20307935.696 9 106718901.291 9      -406.041 9        56.051 9                                                                  20307935.696 8 106718901.291 8      -406.041 8        53.051 8
G09  25300470.260 9 132954808.447 9     -2811.906 9        54.141 9                                                                  25300470.260 8 132954808.447 8     -2811.906 8        51.141 8
G13  25216911.990 9 132515697.612 9      1201.681 9        54.170 9                                                                  25216911.990 8 132515697.612 8      1201.681 8        51.170 8
G29  24853383.371 9 130605363.709 9      3072.060 9        54.296 9                                                                  24853383.371 8 130605363.709 8      3072.060 8        51.296 8
G10  22335045.236 9 117371420.129 9      3229.137 9        55.224 9                                                                  22335045.236 8 117371420.129 8      3229.137 8        52.224 8
G12  20801100.063 9 109310495.869 9       137.929 9        55.842 9                                                                  20801100.063 8 109310495.869 8       137.929 8        52.842 8
G17  24725797.875 9 129934877.314 9     -2958.284 9        54.341 9                                                                  24725797.875 8 129934877.314 8     -2958.284 8        51.341 8
G24  24315633.369 9 127779467.552 9      3048.384 9        54.486 9                                                                  24315633.369 8 127779467.552 8      3048.384 8        51.486 8
G30  22562780.770 9 118568181.108 9      2301.462 9        55.136 9                                                                  22562780.770 8 118568181.108 8      2301.462 8        52.136 8
G05  21253697.605 9 111688910.044 9       637.284 9        55.655 9                                                                  21253697.605 8 111688910.044 8       637.284 8        52.655 8
G04  21976744.119 9 115488539.094 9     -2486.602 9        55.365 9                                                                  21976744.119 8 115488539.094 8     -2486.602 8        52.365 8
E04                                                                  23385450.761 9 122891340.014 9      -165.004 9        57.938 9  23385450.761 9 122891340.014 9      -165.004 9        57.938 9
E05                                                                  26157252.133 9 137457223.695 9     -2067.203 9        56.965 9  26157252.133 9 137457223.695 9     -2067.203 9        56.965 9
E11                                                                  26689273.983 9 140253017.146 9     -2422.025 9        56.790 9  26689273.983 9 140253017.146 9     -2422.025 9        56.790 9
E20                                                                  27884423.764 9 146533557.011 9     -1693.670 9        56.409 9  27884423.764 9 146533557.011 9     -1693.670 9        56.409 9
E09                                                                  24975035.521 9 131244648.257 9      2556.660 9        57.366 9  24975035.521 9 131244648.257 9      2556.660 9        57.366 9
E10                                                                  23770147.922 9 124912934.398 9       -23.488 9        57.796 9  23770147.922 9 124912934.398 9       -23.488 9        57.796 9
E03                                                                  25024252.098 9 131503290.367 9      1942.733 9        57.349 9  25024252.098 9 131503290.367 9      1942.733 9        57.349 9
> 2026 02 03 10 02  3.0000000  0 18       0.000000000000
G02  20308013.000 9 106719307.527 9      -406.433 9        56.051 9                                                                  20308013.000 8 106719307.527 8      -406.433 8        53.051 8
G09  25301005.343 9 132957620.317 9     -2811.849 9        54.141 9                                                                  25301005.343 8 132957620.317 8     -2811.849 8        51.141 8
G13  25216683.362 9 132514496.165 9      1201.225 9        54.170 9                                                                  25216683.362 8 132514496.165 8      1201.225 8        51.170 8
G29  24852798.775 9 130602291.635 9      3072.085 9        54.297 9                                                                  24852798.775 8 130602291.635 8      3072.085 8        51.297 8
G10  22334430.782 9 117368191.156 9      3228.817 9        55.225 9                                                                  22334430.782 8 117368191.156 8      3228.817 8        52.225 8
G12  20801073.879 9 109310358.271 9       137.265 9        55.842 9                                                                  20801073.879 8 109310358.271 8       137.265 8        52.842 8
G17  24726360.829 9 129937835.644 9     -2958.408 9        54.341 9                                                                  24726360.829 8 129937835.644 8     -2958.408 8        51.341 8
G24  24315053.296 9 127776419.251 9      3048.219 9        54.487 9                                                                  24315053.296 8 127776419.251 8      3048.219 8        51.487 8
G30  22562342.863 9 118565879.891 9      2300.973 9        55.136 9                                                                  22562342.863 8 118565879.891 8      2300.973 8        52.136 8
G05  21253576.397 9 111688273.087 9       636.627 9        55.655 9                                                                  21253576.397 8 111688273.087 8       636.627 8        52.655 8
G04  21977217.321 9 115491025.782 9     -2486.786 9        55.365 9                                                                  21977217.321 8 115491025.782 8     -2486.786 8        52.365 8
E04                                                                  23385482.184 9 122891505.141 9      -165.253 9        57.938 9  23385482.184 9 122891505.141 9      -165.253 9        57.938 9
E05                                                                  26157645.525 9 137459290.973 9     -2067.373 9        56.964 9  26157645.525 9 137459290.973 9     -2067.373 9        56.964 9
E11                                                                  26689734.902 9 140255439.284 9     -2422.269 9        56.790 9  26689734.902 9 140255439.284 9     -2422.269 9        56.790 9
E20                                                                  27884746.088 9 146535250.827 9     -1693.975 9        56.409 9  27884746.088 9 146535250.827 9     -1693.975 9        56.409 9
E09                                                                  24974549.032 9 131242091.742 9      2556.381 9        57.367 9  24974549.032 9 131242091.742 9      2556.381 9        57.367 9
E10                                                                  23770152.436 9 124912958.121 9       -23.958 9        57.796 9  23770152.436 9 124912958.121 9       -23.958 9        57.796 9
E03                                                                  25023882.416 9 131501347.680 9      1942.643 9        57.349 9  25023882.416 9 131501347.680 9      1942.643 9        57.349 9
> 2026 02 03 10 02  4.0000000  0 18       0.000000000000
G02  20308090.379 9 106719714.155 9      -406.825 9        56.051 9                                                                  20308090.379 8 106719714.155 8      -406.825 8        53.051 8
G09  25301540.415 9 132960432.131 9     -2811.792 9        54.141 9                                                                  25301540.415 8 132960432.131 8     -2811.792 8        51.141 8
G13  25216454.820 9 132513295.172 9      1200.770 9        54.170 9                                                                  25216454.820 8 132513295.172 8      1200.770 8        51.170 8
G29  24852214.173 9 130599219.537 9      3072.110 9        54.297 9                                                                  24852214.173 8 130599219.537 8      3072.110 8        51.297 8
G10  22333816.389 9 117364962.504 9      3228.497 9        55.225 9                                                                  22333816.389 8 117364962.504 8      3228.497 8        52.225 8
G12  20801047.821 9 109310221.338 9       136.600 9        55.842 9                                                                  20801047.821 8 109310221.338 8       136.600 8        52.842 8
G17  24726923.806 9 129940794.098 9     -2958.532 9        54.341 9                                                                  24726923.806 8 129940794.098 8     -2958.532 8        51.341 8
G24  24314473.255 9 127773371.115 9      3048.054 9        54.487 9                                                                  24314473.255 8 127773371.115 8      3048.054 8        51.487 8
G30  22561905.048 9 118563579.163 9      2300.483 9        55.137 9                                                                  22561905.048 8 118563579.163 8      2300.483 8        52.137 8
G05  21253455.313 9 111687636.788 9       635.969 9        55.655 9                                                                  21253455.313 8 111687636.788 8       635.969 8        52.655 8
G04  21977690.557 9 115493512.654 9     -2486.971 9        55.364 9                                                                  21977690.557 8 115493512.654 8     -2486.971 8        52.364 8
E04                                                                  23385513.655 9 122891670.518 9      -165.502 9        57.938 9  23385513.655 9 122891670.518 9      -165.502 9        57.938 9
E05                                                                  26158038.949 9 137461358.421 9     -2067.543 9        56.964 9  26158038.949 9 137461358.421 9     -2067.543 9        56.964 9
E11                                                                  26690195.867 9 140257861.665 9     -2422.511 9        56.789 9  26690195.867 9 140257861.665 9     -2422.511 9        56.789 9
E20                                                                  27885068.470 9 146536944.949 9     -1694.280 9        56.409 9  27885068.470 9 146536944.949 9     -1694.280 9        56.409 9
E09                                                                  24974062.595 9 131239535.505 9      2556.102 9        57.367 9  24974062.595 9 131239535.505 9      2556.102 9        57.367 9
E10                                                                  23770157.040 9 124912982.314 9       -24.428 9        57.796 9  23770157.040 9 124912982.314 9       -24.428 9        57.796 9
E03                                                                  25023512.752 9 131499405.083 9      1942.552 9        57.350 9  25023512.752 9 131499405.083 9      1942.552 9        57.350 9
> 2026 02 03 10 02  5.0000000  0 18       0.000000000000
G02  20308167.832 9 106720121.176 9      -407.218 9        56.051 9                                                                  20308167.832 8 106720121.176 8      -407.218 8        53.051 8
G09  25302075.477 9 132963243.888 9     -2811.735 9        54.141 9                                                                  25302075.477 8 132963243.888 8     -2811.735 8        51.141 8
G13  25216226.364 9 132512094.635 9      1200.315 9        54.170 9                                                                  25216226.364 8 132512094.635 8      1200.315 8        51.170 8
G29  24851629.567 9 130596147.413 9      3072.135 9        54.297 9                                                                  24851629.567 8 130596147.413 8      3072.135 8        51.297 8
G10  22333202.057 9 117361734.171 9      3228.177 9        55.225 9                                                                  22333202.057 8 117361734.171 8      3228.177 8        52.225 8
G12  20801021.890 9 109310085.069 9       135.936 9        55.842 9                                                                  20801021.890 8 109310085.069 8       135.936 8        52.842 8
G17  24727486.807 9 129943752.677 9     -2958.657 9        54.340 9                                                                  24727486.807 8 129943752.677 8     -2958.657 8        51.340 8
G24  24313893.244 9 127770323.145 9      3047.888 9        54.487 9                                                                  24313893.244 8 127770323.145 8      3047.888 8        51.487 8
G30  22561467.327 9 118561278.924 9      2299.993 9        55.137 9                                                                  22561467.327 8 118561278.924 8      2299.993 8        52.137 8
G05  21253334.354 9 111687001.147 9       635.312 9        55.656 9                                                                  21253334.354 8 111687001.147 8       635.312 8        52.656 8
G04  21978163.830 9 115495999.710 9     -2487.155 9        55.364 9                                                                  21978163.830 8 115495999.710 8     -2487.155 8        52.364 8
E04                                                                  23385545.172 9 122891836.143 9      -165.751 9        57.938 9  23385545.172 9 122891836.143 9      -165.751 9        57.938 9
E05                                                                  26158432.405 9 137463426.040 9     -2067.713 9        56.964 9  26158432.405 9 137463426.040 9     -2067.713 9        56.964 9
E11                                                                  26690656.878 9 140260284.288 9     -2422.754 9        56.789 9  26690656.878 9 140260284.288 9     -2422.754 9        56.789 9
E20                                                                  27885390.911 9 146538639.375 9     -1694.585 9        56.409 9  27885390.911 9 146538639.375 9     -1694.585 9        56.409 9
E09                                                                  24973576.211 9 131236979.547 9      2555.824 9        57.367 9  24973576.211 9 131236979.547 9      2555.824 9        57.367 9
E10                                                                  23770161.733 9 124913006.978 9       -24.898 9        57.796 9  23770161.733 9 124913006.978 9       -24.898 9        57.796 9
E03                                                                  25023143.105 9 131497462.577 9      1942.462 9        57.350 9  25023143.105 9 131497462.577 9      1942.462 9        57.350 9
> 2026 02 03 10 02  6.0000000  0 18       0.000000000000
G02  20308245.361 9 106720528.588 9      -407.610 9        56.051 9                                                                  20308245.361 8 106720528.588 8      -407.610 8        53.051 8
G09  25302610.527 9 132966055.589 9     -2811.678 9        54.141 9                                                                  25302610.527 8 132966055.589 8     -2811.678 8        51.141 8
G13  25215997.995 9 132510894.553 9      1199.860 9        54.171 9                                                                  25215997.995 8 132510894.553 8      1199.860 8        51.171 8
G29  24851044.957 9 130593075.265 9      3072.160 9        54.297 9                                                                  24851044.957 8 130593075.265 8      3072.160 8        51.297 8
G10  22332587.786 9 117358506.158 9      3227.857 9        55.225 9                                                                  22332587.786 8 117358506.158 8      3227.857 8        52.225 8
G12  20800996.086 9 109309949.465 9       135.271 9        55.842 9                                                                  20800996.086 8 109309949.465 8       135.271 8        52.842 8
G17  24728049.832 9 129946711.379 9     -2958.781 9        54.340 9                                                                  24728049.832 8 129946711.379 8     -2958.781 8        51.340 8
G24  24313313.266 9 127767275.339 9      3047.723 9        54.487 9                                                                  24313313.266 8 127767275.339 8      3047.723 8        51.487 8
G30  22561029.699 9 118558979.176 9      2299.504 9        55.137 9                                                                  22561029.699 8 118558979.176 8      2299.504 8        52.137 8
G05  21253213.521 9 111686366.163 9       634.654 9        55.656 9                                                                  21253213.521 8 111686366.163 8       634.654 8        52.656 8
G04  21978637.137 9 115498486.951 9     -2487.340 9        55.364 9                                                                  21978637.137 8 115498486.951 8     -2487.340 8        52.364 8
E04                                                                  23385576.737 9 122892002.018 9      -166.000 9        57.938 9  23385576.737 9 122892002.018 9      -166.000 9        57.938 9
E05                                                                  26158825.893 9 137465493.829 9     -2067.884 9        56.964 9  26158825.893 9 137465493.829 9     -2067.884 9        56.964 9
E11                                                                  26691117.936 9 140262707.154 9     -2422.997 9        56.789 9  26691117.936 9 140262707.154 9     -2422.997 9        56.789 9
E20                                                                  27885713.409 9 146540334.106 9     -1694.890 9        56.409 9  27885713.409 9 146540334.106 9     -1694.890 9        56.409 9
E09                                                                  24973089.881 9 131234423.867 9      2555.545 9        57.367 9  24973089.881 9 131234423.867 9      2555.545 9        57.367 9
E10                                                                  23770166.516 9 124913032.111 9       -25.368 9        57.796 9  23770166.516 9 124913032.111 9       -25.368 9        57.796 9
E03                                                                  25022773.475 9 131495520.161 9      1942.372 9        57.350 9  25022773.475 9 131495520.161 9      1942.372 9        57.350 9
> 2026 02 03 10 02  7.0000000  0 18       0.000000000000
G02  20308322.964 9 106720936.393 9      -408.002 9        56.051 9                                                                  20308322.964 8 106720936.393 8      -408.002 8        53.051 8
G09  25303145.567 9 132968867.232 9     -2811.621 9        54.141 9                                                                  25303145.567 8 132968867.232 8     -2811.621 8        51.141 8
G13  25215769.713 9 132509694.926 9      1199.405 9        54.171 9                                                                  25215769.713 8 132509694.926 8      1199.405 8        51.171 8
G29  24850460.341 9 130590003.091 9      3072.185 9        54.297 9                                                                  24850460.341 8 130590003.091 8      3072.185 8        51.297 8
G10  22331973.576 9 117355278.465 9      3227.537 9        55.226 9                                                                  22331973.576 8 117355278.465 8      3227.537 8        52.226 8
G12  20800970.408 9 109309814.525 9       134.606 9        55.842 9                                                                  20800970.408 8 109309814.525 8       134.606 8        52.842 8
G17  24728612.881 9 129949670.206 9     -2958.905 9        54.340 9                                                                  24728612.881 8 129949670.206 8     -2958.905 8        51.340 8
G24  24312733.318 9 127764227.699 9      3047.558 9        54.487 9                                                                  24312733.318 8 127764227.699 8      3047.558 8        51.487 8
G30  22560592.165 9 118556679.917 9      2299.014 9        55.137 9                                                                  22560592.165 8 118556679.917 8      2299.014 8        52.137 8
G05  21253092.813 9 111685731.836 9       633.997 9        55.656 9                                                                  21253092.813 8 111685731.836 8       633.997 8        52.656 8
G04  21979110.479 9 115500974.377 9     -2487.524 9        55.364 9                                                                  21979110.479 8 115500974.377 8     -2487.524 8        52.364 8
E04                                                                  23385608.350 9 122892168.142 9      -166.249 9        57.937 9  23385608.350 9 122892168.142 9      -166.249 9        57.937 9
E05                                                                  26159219.414 9 137467561.787 9     -2068.054 9        56.964 9  26159219.414 9 137467561.787 9     -2068.054 9        56.964 9
E11                                                                  26691579.040 9 140265130.263 9     -2423.240 9        56.789 9  26691579.040 9 140265130.263 9     -2423.240 9        56.789 9
E20                                                                  27886035.965 9 146542029.142 9     -1695.195 9        56.409 9  27886035.965 9 146542029.142 9     -1695.195 9        56.409 9
E09                                                                  24972603.603 9 131231868.467 9      2555.266 9        57.367 9  24972603.603 9 131231868.467 9      2555.266 9        57.367 9
E10                                                                  23770171.388 9 124913057.715 9       -25.839 9        57.796 9  23770171.388 9 124913057.715 9       -25.839 9        57.796 9
E03                                                                  25022403.862 9 131493577.836 9      1942.281 9        57.350 9  25022403.862 9 131493577.836 9      1942.281 9        57.350 9
> 2026 02 03 10 02  8.0000000  0 18       0.000000000000
G02  20308400.641 9 106721344.590 9      -408.394 9        56.051 9                                                                  20308400.641 8 106721344.590 8      -408.394 8        53.051 8
G09  25303680.596 9 132971678.817 9     -2811.564 9        54.140 9                                                                  25303680.596 8 132971678.817 8     -2811.564 8        51.140 8
G13  25215541.518 9 132508495.755 9      1198.949 9        54.171 9                                                                  25215541.518 8 132508495.755 8      1198.949 8        51.171 8
G29  24849875.721 9 130586930.893 9      3072.209 9        54.298 9                                                                  24849875.721 8 130586930.893 8      3072.209 8        51.298 8
G10  22331359.427 9 117352051.093 9      3227.216 9        55.226 9                                                                  22331359.427 8 117352051.093 8      3227.216 8        52.226 8
G12  20800944.856 9 109309680.250 9       133.942 9        55.842 9                                                                  20800944.856 8 109309680.250 8       133.942 8        52.842 8
G17  24729175.953 9 129952629.157 9     -2959.029 9        54.340 9                                                                  24729175.953 8 129952629.157 8     -2959.029 8        51.340 8
G24  24312153.402 9 127761180.224 9      3047.393 9        54.488 9                                                                  24312153.402 8 127761180.224 8      3047.393 8        51.488 8
G30  22560154.723 9 118554381.148 9      2298.524 9        55.137 9                                                                  22560154.723 8 118554381.148 8      2298.524 8        52.137 8
G05  21252972.230 9 111685098.167 9       633.339 9        55.656 9                                                                  21252972.230 8 111685098.167 8       633.339 8        52.656 8
G04  21979583.856 9 115503461.986 9     -2487.708 9        55.364 9                                                                  21979583.856 8 115503461.986 8     -2487.708 8        52.364 8
E04                                                                  23385640.009 9 122892334.515 9      -166.498 9        57.937 9  23385640.009 9 122892334.515 9      -166.498 9        57.937 9
E05                                                                  26159612.968 9 137469629.916 9     -2068.224 9        56.964 9  26159612.968 9 137469629.916 9     -2068.224 9        56.964 9
E11                                                                  26692040.189 9 140267553.615 9     -2423.483 9        56.789 9  26692040.189 9 140267553.615 9     -2423.483 9        56.789 9
E20                                                                  27886358.579 9 146543724.484 9     -1695.500 9        56.409 9  27886358.579 9 146543724.484 9     -1695.500 9        56.409 9
E09                                                                  24972117.379 9 131229313.345 9      2554.987 9        57.367 9  24972117.379 9 131229313.345 9      2554.987 9        57.367 9
E10                                                                  23770176.350 9 124913083.788 9       -26.309 9        57.796 9  23770176.350 9 124913083.788 9       -26.309 9        57.796 9
E03                                                                  25022034.267 9 131491635.601 9      1942.190 9        57.350 9  25022034.267 9 131491635.601 9      1942.190 9        57.350 9
> 2026 02 03 10 02  9.0000000  0 18       0.000000000000
G02  20308478.393 9 106721753.180 9      -408.786 9        56.051 9                                                                  20308478.393 8 106721753.180 8      -408.786 8        53.051 8
G09  25304215.613 9 132974490.346 9     -2811.507 9        54.140 9                                                                  25304215.613 8 132974490.346 8     -2811.507 8        51.140 8
G13  25215313.409 9 132507297.039 9      1198.494 9        54.171 9                                                                  25215313.409 8 132507297.039 8      1198.494 8        51.171 8
G29  24849291.096 9 130583858.670 9      3072.234 9        54.298 9                                                                  24849291.096 8 130583858.670 8      3072.234 8        51.298 8
G10  22330745.338 9 117348824.041 9      3226.896 9        55.226 9                                                                  22330745.338 8 117348824.041 8      3226.896 8        52.226 8
G12  20800919.431 9 109309546.640 9       133.277 9        55.842 9                                                                  20800919.431 8 109309546.640 8       133.277 8        52.842 8
G17  24729739.049 9 129955588.232 9     -2959.153 9        54.340 9                                                                  24729739.049 8 129955588.232 8     -2959.153 8        51.340 8
G24  24311573.518 9 127758132.914 9      3047.228 9        54.488 9                                                                  24311573.518 8 127758132.914 8      3047.228 8        51.488 8
G30  22559717.375 9 118552082.869 9      2298.034 9        55.137 9                                                                  22559717.375 8 118552082.869 8      2298.034 8        52.137 8
G05  21252851.772 9 111684465.156 9       632.682 9        55.656 9                                                                  21252851.772 8 111684465.156 8       632.682 8        52.656 8
G04  21980057.268 9 115505949.780 9     -2487.892 9        55.363 9                                                                  21980057.268 8 115505949.780 8     -2487.892 8        52.363 8
E04                                                                  23385671.717 9 122892501.137 9      -166.747 9        57.937 9  23385671.717 9 122892501.137 9      -166.747 9        57.937 9
E05                                                                  26160006.553 9 137471698.215 9     -2068.394 9        56.964 9  26160006.553 9 137471698.215 9     -2068.394 9        56.964 9
E11                                                                  26692501.386 9 140269977.209 9     -2423.725 9        56.789 9  26692501.386 9 140269977.209 9     -2423.725 9        56.789 9
E20                                                                  27886681.252 9 146545420.129 9     -1695.805 9        56.409 9  27886681.252 9 146545420.129 9     -1695.805 9        56.409 9
E09                                                                  24971631.207 9 131226758.502 9      2554.708 9        57.368 9  24971631.207 9 131226758.502 9      2554.708 9        57.368 9
E10                                                                  23770181.401 9 124913110.332 9       -26.779 9        57.796 9  23770181.401 9 124913110.332 9       -26.779 9        57.796 9
E03                                                                  25021664.689 9 131489693.457 9      1942.100 9        57.350 9  25021664.689 9 131489693.457 9      1942.100 9        57.350 9
> 2026 02 03 10 02 10.0000000  0 18       0.000000000000
G02  20308556.220 9 106722162.161 9      -409.178 9        56.050 9                                                                  20308556.220 8 106722162.161 8      -409.178 8        53.050 8
G09  25304750.620 9 132977301.817 9     -2811.449 9        54.140 9                                                                  25304750.620 8 132977301.817 8     -2811.449 8        51.140 8
G13  25215085.387 9 132506098.778 9      1198.038 9        54.171 9                                                                  25215085.387 8 132506098.778 8      1198.038 8        51.171 8
G29  24848706.466 9 130580786.423 9      3072.259 9        54.298 9                                                                  24848706.466 8 130580786.423 8      3072.259 8        51.298 8
G10  22330131.311 9 117345597.310 9      3226.576 9        55.226 9                                                                  22330131.311 8 117345597.310 8      3226.576 8        52.226 8
G12  20800894.133 9 109309413.694 9       132.612 9        55.842 9                                                                  20800894.133 8 109309413.694 8       132.612 8        52.842 8
G17  24730302.168 9 129958547.431 9     -2959.277 9        54.339 9                                                                  24730302.168 8 129958547.431 8     -2959.277 8        51.339 8
G24  24310993.665 9 127755085.769 9      3047.062 9        54.488 9                                                                  24310993.665 8 127755085.769 8      3047.062 8        51.488 8
G30  22559280.120 9 118549785.081 9      2297.543 9        55.138 9                                                                  22559280.120 8 118549785.081 8      2297.543 8        52.138 8
G05  21252731.439 9 111683832.803 9       632.024 9        55.656 9                                                                  21252731.439 8 111683832.803 8       632.024 8        52.656 8
G04  21980530.716 9 115508437.758 9     -2488.076 9        55.363 9                                                                  21980530.716 8 115508437.758 8     -2488.076 8        52.363 8
E04                                                                  23385703.471 9 122892668.008 9      -166.997 9        57.937 9  23385703.471 9 122892668.008 9      -166.997 9        57.937 9
E05                                                                  26160400.171 9 137473766.685 9     -2068.564 9        56.964 9  26160400.171 9 137473766.685 9     -2068.564 9        56.964 9
E11                                                                  26692962.628 9 140272401.047 9     -2423.968 9        56.789 9  26692962.628 9 140272401.047 9     -2423.968 9        56.789 9
E20                                                                  27887003.982 9 146547116.080 9     -1696.109 9        56.408 9  27887003.982 9 146547116.080 9     -1696.109 9        56.408 9
E09                                                                  24971145.089 9 131224203.938 9      2554.429 9        57.368 9  24971145.089 9 131224203.938 9      2554.429 9        57.368 9
E10                                                                  23770186.541 9 124913137.346 9       -27.249 9        57.796 9  23770186.541 9 124913137.346 9       -27.249 9        57.796 9
E03                                                                  25021295.128 9 131487751.403 9      1942.010 9        57.350 9  25021295.128 9 131487751.403 9      1942.010 9        57.350 9
> 2026 02 03 10 02 11.0000000  0 18       0.000000000000
G02  20308634.121 9 106722571.534 9      -409.570 9        56.050 9                                                                  20308634.121 8 106722571.534 8      -409.570 8        53.050 8
G09  25305285.616 9 132980113.231 9     -2811.392 9        54.140 9                                                                  25305285.616 8 132980113.231 8     -2811.392 8        51.140 8
G13  25214857.451 9 132504900.973 9      1197.583 9        54.171 9                                                                  25214857.451 8 132504900.973 8      1197.583 8        51.171 8
G29  24848121.832 9 130577714.150 9      3072.284 9        54.298 9                                                                  24848121.832 8 130577714.150 8      3072.284 8        51.298 8
G10  22329517.344 9 117342370.899 9      3226.255 9        55.226 9                                                                  22329517.344 8 117342370.899 8      3226.255 8        52.226 8
G12  20800868.961 9 109309281.413 9       131.948 9        55.842 9                                                                  20800868.961 8 109309281.413 8       131.948 8        52.842 8
G17  24730865.311 9 129961506.754 9     -2959.401 9        54.339 9                                                                  24730865.311 8 129961506.754 8     -2959.401 8        51.339 8
G24  24310413.843 9 127752038.790 9      3046.897 9        54.488 9                                                                  24310413.843 8 127752038.790 8      3046.897 8        51.488 8
G30  22558842.958 9 118547487.782 9      2297.053 9        55.138 9                                                                  22558842.958 8 118547487.782 8      2297.053 8        52.138 8
G05  21252611.231 9 111683201.107 9       631.366 9        55.656 9                                                                  21252611.231 8 111683201.107 8       631.366 8        52.656 8
G04  21981004.198 9 115510925.920 9     -2488.261 9        55.363 9                                                                  21981004.198 8 115510925.920 8     -2488.261 8        52.363 8
E04                                                                  23385735.274 9 122892835.128 9      -167.246 9        57.937 9  23385735.274 9 122892835.128 9      -167.246 9        57.937 9
E05                                                                  26160793.822 9 137475835.324 9     -2068.734 9        56.963 9  26160793.822 9 137475835.324 9     -2068.734 9        56.963 9
E11                                                                  26693423.916 9 140274825.126 9     -2424.210 9        56.788 9  26693423.916 9 140274825.126 9     -2424.210 9        56.788 9
E20                                                                  27887326.770 9 146548812.335 9     -1696.414 9        56.408 9  27887326.770 9 146548812.335 9     -1696.414 9        56.408 9
E09                                                                  24970659.024 9 131221649.653 9      2554.150 9        57.368 9  24970659.024 9 131221649.653 9      2554.150 9        57.368 9
E10                                                                  23770191.771 9 124913164.830 9       -27.719 9        57.796 9  23770191.771 9 124913164.830 9       -27.719 9        57.796 9
E03                                                                  25020925.584 9 131485809.439 9      1941.919 9        57.350 9  25020925.584 9 131485809.439 9      1941.919 9        57.350 9
> 2026 02 03 10 02 12.0000000  0 18       0.000000000000
G02  20308712.097 9 106722981.299 9      -409.962 9        56.050 9                                                                  20308712.097 8 106722981.299 8      -409.962 8        53.050 8
G09  25305820.601 9 132982924.587 9     -2811.334 9        54.140 9                                                                  25305820.601 8 132982924.587 8     -2811.334 8        51.140 8
G13  25214629.602 9 132503703.624 9      1197.127 9        54.171 9                                                                  25214629.602 8 132503703.624 8      1197.127 8        51.171 8
G29  24847537.192 9 130574641.853 9      3072.308 9        54.298 9                                                                  24847537.192 8 130574641.853 8      3072.308 8        51.298 8
G10  22328903.439 9 117339144.808 9      3225.934 9        55.227 9                                                                  22328903.439 8 117339144.808 8      3225.934 8        52.227 8
G12  20800843.915 9 109309149.797 9       131.283 9        55.842 9                                                                  20800843.915 8 109309149.797 8       131.283 8        52.842 8
G17  24731428.477 9 129964466.201 9     -2959.525 9        54.339 9                                                                  24731428.477 8 129964466.201 8     -2959.525 8        51.339 8
G24  24309834.053 9 127748991.976 9      3046.731 9        54.488 9                                                                  24309834.053 8 127748991.976 8      3046.731 8        51.488 8
G30  22558405.890 9 118545190.974 9      2296.563 9        55.138 9                                                                  22558405.890 8 118545190.974 8      2296.563 8        52.138 8
G05  21252491.149 9 111682570.068 9       630.708 9        55.656 9                                                                  21252491.149 8 111682570.068 8       630.708 8        52.656 8
G04  21981477.716 9 115513414.266 9     -2488.445 9        55.363 9                                                                  21981477.716 8 115513414.266 8     -2488.445 8        52.363 8
E04                                                                  23385767.123 9 122893002.498 9      -167.495 9        57.937 9  23385767.123 9 122893002.498 9      -167.495 9        57.937 9
E05                                                                  26161187.505 9 137477904.134 9     -2068.905 9        56.963 9  26161187.505 9 137477904.134 9     -2068.905 9        56.963 9
E11                                                                  26693885.251 9 140277249.448 9     -2424.453 9        56.788 9  26693885.251 9 140277249.448 9     -2424.453 9        56.788 9
E20                                                                  27887649.616 9 146550508.895 9     -1696.718 9        56.408 9  27887649.616 9 146550508.895 9     -1696.718 9        56.408 9
E09                                                                  24970173.012 9 131219095.648 9      2553.871 9        57.368 9  24970173.012 9 131219095.648 9      2553.871 9        57.368 9
E10                                                                  23770197.091 9 124913192.783 9       -28.189 9        57.796 9  23770197.091 9 124913192.783 9       -28.189 9        57.796 9
E03                                                                  25020556.057 9 131483867.567 9      1941.828 9        57.351 9  25020556.057 9 131483867.567 9      1941.828 9        57.351 9
> 2026 02 03 10 02 13.0000000  0 18       0.000000000000
G02  20308790.148 9 106723391.457 9      -410.354 9        56.050 9                                                                  20308790.148 8 106723391.457 8      -410.354 8        53.050 8
G09  25306355.575 9 132985735.885 9     -2811.276 9        54.139 9                                                                  25306355.575 8 132985735.885 8     -2811.276 8        51.139 8
G13  25214401.840 9 132502506.731 9      1196.671 9        54.171 9                                                                  25214401.840 8 132502506.731 8      1196.671 8        51.171 8
G29  24846952.549 9 130571569.531 9      3072.333 9        54.299 9                                                                  24846952.549 8 130571569.531 8      3072.333 8        51.299 8
G10  22328289.595 9 117335919.039 9      3225.613 9        55.227 9                                                                  22328289.595 8 117335919.039 8      3225.613 8        52.227 8
G12  20800818.996 9 109309018.845 9       130.618 9        55.842 9                                                                  20800818.996 8 109309018.845 8       130.618 8        52.842 8
G17  24731991.667 9 129967425.772 9     -2959.649 9        54.339 9                                                                  24731991.667 8 129967425.772 8     -2959.649 8        51.339 8
G24  24309254.295 9 127745945.328 9      3046.566 9        54.489 9                                                                  24309254.295 8 127745945.328 8      3046.566 8        51.489 8
G30  22557968.915 9 118542894.657 9      2296.073 9        55.138 9                                                                  22557968.915 8 118542894.657 8      2296.073 8        52.138 8
G05  21252371.192 9 111681939.688 9       630.051 9        55.656 9                                                                  21252371.192 8 111681939.688 8       630.051 8        52.656 8
G04  21981951.268 9 115515902.797 9     -2488.629 9        55.363 9                                                                  21981951.268 8 115515902.797 8     -2488.629 8        52.363 8
E04                                                                  23385799.020 9 122893170.117 9      -167.744 9        57.937 9  23385799.020 9 122893170.117 9      -167.744 9        57.937 9
E05                                                                  26161581.220 9 137479973.114 9     -2069.075 9        56.963 9  26161581.220 9 137479973.114 9     -2069.075 9        56.963 9
E11                                                                  26694346.632 9 140279674.013 9     -2424.695 9        56.788 9  26694346.632 9 140279674.013 9     -2424.695 9        56.788 9
E20                                                                  27887972.520 9 146552205.759 9     -1697.023 9        56.408 9  27887972.520 9 146552205.759 9     -1697.023 9        56.408 9
E09                                                                  24969687.052 9 131216541.921 9      2553.592 9        57.368 9  24969687.052 9 131216541.921 9      2553.592 9        57.368 9
E10                                                                  23770202.500 9 124913221.207 9       -28.659 9        57.796 9  23770202.500 9 124913221.207 9       -28.659 9        57.796 9
E03                                                                  25020186.548 9 131481925.784 9      1941.738 9        57.351 9  25020186.548 9 131481925.784 9      1941.738 9        57.351 9
> 2026 02 03 10 02 14.0000000  0 18       0.000000000000
G02  20308868.273 9 106723802.006 9      -410.746 9        56.050 9                                                                  20308868.273 8 106723802.006 8      -410.746 8        53.050 8
G09  25306890.539 9 132988547.126 9     -2811.218 9        54.139 9                                                                  25306890.539 8 132988547.126 8     -2811.218 8        51.139 8
G13  25214174.165 9 132501310.293 9      1196.215 9        54.171 9                                                                  25214174.165 8 132501310.293 8      1196.215 8        51.171 8
G29  24846367.900 9 130568497.185 9      3072.358 9        54.299 9                                                                  24846367.900 8 130568497.185 8      3072.358 8        51.299 8
G10  22327675.812 9 117332693.590 9      3225.292 9        55.227 9                                                                  22327675.812 8 117332693.590 8      3225.292 8        52.227 8
G12  20800794.203 9 109308888.558 9       129.954 9        55.842 9                                                                  20800794.203 8 109308888.558 8       129.954 8        52.842 8
G17  24732554.881 9 129970385.467 9     -2959.773 9        54.339 9                                                                  24732554.881 8 129970385.467 8     -2959.773 8        51.339 8
G24  24308674.568 9 127742898.845 9      3046.401 9        54.489 9                                                                  24308674.568 8 127742898.845 8      3046.401 8        51.489 8
G30  22557532.033 9 118540598.829 9      2295.582 9        55.138 9                                                                  22557532.033 8 118540598.829 8      2295.582 8        52.138 8
G05  21252251.359 9 111681309.965 9       629.393 9        55.656 9                                                                  21252251.359 8 111681309.965 8       629.393 8        52.656 8
G04  21982424.855 9 115518391.511 9     -2488.812 9        55.363 9                                                                  21982424.855 8 115518391.511 8     -2488.812 8        52.363 8
E04                                                                  23385830.964 9 122893337.985 9      -167.994 9        57.937 9  23385830.964 9 122893337.985 9      -167.994 9        57.937 9
E05                                                                  26161974.968 9 137482042.264 9     -2069.245 9        56.963 9  26161974.968 9 137482042.264 9     -2069.245 9        56.963 9
E11                                                                  26694808.059 9 140282098.820 9     -2424.937 9        56.788 9  26694808.059 9 140282098.820 9     -2424.937 9        56.788 9
E20                                                                  27888295.482 9 146553902.927 9     -1697.327 9        56.408 9  27888295.482 9 146553902.927 9     -1697.327 9        56.408 9
E09                                                                  24969201.147 9 131213988.473 9      2553.313 9        57.368 9  24969201.147 9 131213988.473 9      2553.313 9        57.368 9
E10                                                                  23770207.998 9 124913250.101 9       -29.129 9        57.796 9  23770207.998 9 124913250.101 9       -29.129 9        57.796 9
E03                                                                  25019817.056 9 131479984.093 9      1941.647 9        57.351 9  25019817.056 9 131479984.093 9      1941.647 9        57.351 9
> 2026 02 03 10 02 15.0000000  0 18       0.000000000000
G02  20308946.473 9 106724212.947 9      -411.138 9        56.050 9                                                                  20308946.473 8 106724212.947 8      -411.138 8        53.050 8
G09  25307425.491 9 132991358.308 9     -2811.160 9        54.139 9                                                                  25307425.491 8 132991358.308 8     -2811.160 8        51.139 8
G13  25213946.576 9 132500114.311 9      1195.759 9        54.171 9                                                                  25213946.576 8 132500114.311 8      1195.759 8        51.171 8
G29  24845783.247 9 130565424.813 9      3072.383 9        54.299 9                                                                  24845783.247 8 130565424.813 8      3072.383 8        51.299 8
G10  22327062.089 9 117329468.462 9      3224.971 9        55.227 9                                                                  22327062.089 8 117329468.462 8      3224.971 8        52.227 8
G12  20800769.537 9 109308758.936 9       129.289 9        55.842 9                                                                  20800769.537 8 109308758.936 8       129.289 8        52.842 8
G17  24733118.118 9 129973345.286 9     -2959.897 9        54.338 9                                                                  24733118.118 8 129973345.286 8     -2959.897 8        51.338 8
G24  24308094.872 9 127739852.527 9      3046.235 9        54.489 9                                                                  24308094.872 8 127739852.527 8      3046.235 8        51.489 8
G30  22557095.245 9 118538303.492 9      2295.091 9        55.138 9                                                                  22557095.245 8 118538303.492 8      2295.091 8        52.138 8
G05  21252131.652 9 111680680.900 9       628.735 9        55.656 9                                                                  21252131.652 8 111680680.900 8       628.735 8        52.656 8
G04  21982898.478 9 115520880.409 9     -2488.996 9        55.362 9                                                                  21982898.478 8 115520880.409 8     -2488.996 8        52.362 8
E04                                                                  23385862.956 9 122893506.103 9      -168.243 9        57.937 9  23385862.956 9 122893506.103 9      -168.243 9        57.937 9
E05                                                                  26162368.748 9 137484111.584 9     -2069.415 9        56.963 9  26162368.748 9 137484111.584 9     -2069.415 9        56.963 9
E11                                                                  26695269.532 9 140284523.869 9     -2425.180 9        56.788 9  26695269.532 9 140284523.869 9     -2425.180 9        56.788 9
E20                                                                  27888618.502 9 146555600.400 9     -1697.632 9        56.408 9  27888618.502 9 146555600.400 9     -1697.632 9        56.408 9
E09                                                                  24968715.294 9 131211435.305 9      2553.034 9        57.369 9  24968715.294 9 131211435.305 9      2553.034 9        57.369 9
E10                                                                  23770213.586 9 124913279.465 9       -29.599 9        57.796 9  23770213.586 9 124913279.465 9       -29.599 9        57.796 9
E03                                                                  25019447.581 9 131478042.492 9      1941.556 9        57.351 9  25019447.581 9 131478042.492 9      1941.556 9        57.351 9
> 2026 02 03 10 02 16.0000000  0 18       0.000000000000
G02  20309024.747 9 106724624.279 9      -411.530 9        56.050 9                                                                  20309024.747 8 106724624.279 8      -411.530 8        53.050 8
G09  25307960.432 9 132994169.433 9     -2811.102 9        54.139 9                                                                  25307960.432 8 132994169.433 8     -2811.102 8        51.139 8
G13  25213719.075 9 132498918.786 9      1195.303 9        54.171 9                                                                  25213719.075 8 132498918.786 8      1195.303 8        51.171 8
G29  24845198.589 9 130562352.417 9      3072.407 9        54.299 9                                                                  24845198.589 8 130562352.417 8      3072.407 8        51.299 8
G10  22326448.428 9 117326243.656 9      3224.650 9        55.228 9                                                                  22326448.428 8 117326243.656 8      3224.650 8        52.228 8
G12  20800744.998 9 109308629.979 9       128.624 9        55.842 9                                                                  20800744.998 8 109308629.979 8       128.624 8        52.842 8
G17  24733681.379 9 129976305.229 9     -2960.021 9        54.338 9                                                                  24733681.379 8 129976305.229 8     -2960.021 8        51.338 8
G24  24307515.208 9 127736806.375 9      3046.070 9        54.489 9                                                                  24307515.208 8 127736806.375 8      3046.070 8        51.489 8
G30  22556658.550 9 118536008.646 9      2294.601 9        55.139 9                                                                  22556658.550 8 118536008.646 8      2294.601 8        52.139 8
G05  21252012.071 9 111680052.493 9       628.077 9        55.656 9                                                                  21252012.071 8 111680052.493 8       628.077 8        52.656 8
G04  21983372.135 9 115523369.490 9     -2489.180 9        55.362 9                                                                  21983372.135 8 115523369.490 8     -2489.180 8        52.362 8
E04                                                                  23385894.996 9 122893674.470 9      -168.492 9        57.937 9  23385894.996 9 122893674.470 9      -168.492 9        57.937 9
E05                                                                  26162762.560 9 137486181.074 9     -2069.585 9        56.963 9  26162762.560 9 137486181.074 9     -2069.585 9        56.963 9
E11                                                                  26695731.051 9 140286949.160 9     -2425.422 9        56.788 9  26695731.051 9 140286949.160 9     -2425.422 9        56.788 9
E20                                                                  27888941.580 9 146557298.178 9     -1697.936 9        56.408 9  27888941.580 9 146557298.178 9     -1697.936 9        56.408 9
E09                                                                  24968229.494 9 131208882.416 9      2552.754 9        57.369 9  24968229.494 9 131208882.416 9      2552.754 9        57.369 9
E10                                                                  23770219.263 9 124913309.299 9       -30.069 9        57.796 9  23770219.263 9 124913309.299 9       -30.069 9        57.796 9
E03                                                                  25019078.124 9 131476100.982 9      1941.465 9        57.351 9  25019078.124 9 131476100.982 9      1941.465 9        57.351 9
> 2026 02 03 10 02 17.0000000  0 18       0.000000000000
G02  20309103.096 9 106725036.004 9      -411.921 9        56.050 9                                                                  20309103.096 8 106725036.004 8      -411.921 8        53.050 8
G09  25308495.361 9 132996980.500 9     -2811.044 9        54.139 9                                                                  25308495.361 8 132996980.500 8     -2811.044 8        51.139 8
G13  25213491.660 9 132497723.716 9      1194.847 9        54.171 9                                                                  25213491.660 8 132497723.716 8      1194.847 8        51.171 8
G29  24844613.926 9 130559279.997 9      3072.432 9        54.299 9                                                                  24844613.926 8 130559279.997 8      3072.432 8        51.299 8
G10  22325834.828 9 117323019.170 9      3224.329 9        55.228 9                                                                  22325834.828 8 117323019.170 8      3224.329 8        52.228 8
G12  20800720.585 9 109308501.686 9       127.959 9        55.842 9                                                                  20800720.585 8 109308501.686 8       127.959 8        52.842 8
G17  24734244.664 9 129979265.296 9     -2960.145 9        54.338 9                                                                  24734244.664 8 129979265.296 8     -2960.145 8        51.338 8
G24  24306935.575 9 127733760.388 9      3045.904 9        54.489 9                                                                  24306935.575 8 127733760.388 8      3045.904 8        51.489 8
G30  22556221.948 9 118533714.291 9      2294.110 9        55.139 9                                                                  22556221.948 8 118533714.291 8      2294.110 8        52.139 8
G05  21251892.614 9 111679424.744 9       627.419 9        55.656 9                                                                  21251892.614 8 111679424.744 8       627.419 8        52.656 8
G04  21983845.828 9 115525858.756 9     -2489.364 9        55.362 9                                                                  21983845.828 8 115525858.756 8     -2489.364 8        52.362 8
E04                                                                  23385927.082 9 122893843.086 9      -168.742 9        57.937 9  23385927.082 9 122893843.086 9      -168.742 9        57.937 9
E05                                                                  26163156.405 9 137488250.735 9     -2069.756 9        56.963 9  26163156.405 9 137488250.735 9     -2069.756 9        56.963 9
E11                                                                  26696192.616 9 140289374.694 9     -2425.664 9        56.787 9  26696192.616 9 140289374.694 9     -2425.664 9        56.787 9
E20                                                                  27889264.716 9 146558996.259 9     -1698.240 9        56.408 9  27889264.716 9 146558996.259 9     -1698.240 9        56.408 9
E09                                                                  24967743.748 9 131206329.806 9      2552.475 9        57.369 9  24967743.748 9 131206329.806 9      2552.475 9        57.369 9
E10                                                                  23770225.029 9 124913339.602 9       -30.539 9        57.796 9  23770225.029 9 124913339.602 9       -30.539 9        57.796 9
E03                                                                  25018708.684 9 131474159.563 9      1941.375 9        57.351 9  25018708.684 9 131474159.563 9      1941.375 9        57.351 9
> 2026 02 03 10 02 18.0000000  0 18       0.000000000000
G02  20309181.519 9 106725448.120 9      -412.313 9        56.050 9                                                                  20309181.519 8 106725448.120 8      -412.313 8        53.050 8
G09  25309030.280 9 132999791.508 9     -2810.986 9        54.139 9                                                                  25309030.280 8 132999791.508 8     -2810.986 8        51.139 8
G13  25213264.331 9 132496529.102 9      1194.391 9        54.171 9                                                                  25213264.331 8 132496529.102 8      1194.391 8        51.171 8
G29  24844029.259 9 130556207.552 9      3072.456 9        54.300 9                                                                  24844029.259 8 130556207.552 8      3072.456 8        51.300 8
G10  22325221.289 9 117319795.006 9      3224.008 9        55.228 9                                                                  22325221.289 8 117319795.006 8      3224.008 8        52.228 8
G12  20800696.298 9 109308374.058 9       127.295 9        55.842 9                                                                  20800696.298 8 109308374.058 8       127.295 8        52.842 8
G17  24734807.972 9 129982225.487 9     -2960.269 9        54.338 9                                                                  24734807.972 8 129982225.487 8     -2960.269 8        51.338 8
G24  24306355.974 9 127730714.567 9      3045.739 9        54.490 9                                                                  24306355.974 8 127730714.567 8      3045.739 8        51.490 8
G30  22555785.440 9 118531420.426 9      2293.619 9        55.139 9                                                                  22555785.440 8 118531420.426 8      2293.619 8        52.139 8
G05  21251773.283 9 111678797.653 9       626.761 9        55.656 9                                                                  21251773.283 8 111678797.653 8       626.761 8        52.656 8
G04  21984319.555 9 115528348.205 9     -2489.548 9        55.362 9                                                                  21984319.555 8 115528348.205 8     -2489.548 8        52.362 8
E04                                                                  23385959.216 9 122894011.952 9      -168.991 9        57.937 9  23385959.216 9 122894011.952 9      -168.991 9        57.937 9
E05                                                                  26163550.282 9 137490320.566 9     -2069.926 9        56.963 9  26163550.282 9 137490320.566 9     -2069.926 9        56.963 9
E11                                                                  26696654.227 9 140291800.469 9     -2425.906 9        56.787 9  26696654.227 9 140291800.469 9     -2425.906 9        56.787 9
E20                                                                  27889587.910 9 146560694.645 9     -1698.544 9        56.408 9  27889587.910 9 146560694.645 9     -1698.544 9        56.408 9
E09                                                                  24967258.054 9 131203777.476 9      2552.196 9        57.369 9  24967258.054 9 131203777.476 9      2552.196 9        57.369 9
E10                                                                  23770230.885 9 124913370.376 9       -31.008 9        57.796 9  23770230.885 9 124913370.376 9       -31.008 9        57.796 9
E03                                                                  25018339.261 9 131472218.234 9      1941.284 9        57.351 9  25018339.261 9 131472218.234 9      1941.284 9        57.351 9
> 2026 02 03 10 02 19.0000000  0 18       0.000000000000
G02  20309260.017 9 106725860.628 9      -412.705 9        56.050 9                                                                  20309260.017 8 106725860.628 8      -412.705 8        53.050 8
G09  25309565.188 9 133002602.458 9     -2810.928 9        54.138 9                                                                  25309565.188 8 133002602.458 8     -2810.928 8        51.138 8
G13  25213037.090 9 132495334.945 9      1193.935 9        54.172 9                                                                  25213037.090 8 132495334.945 8      1193.935 8        51.172 8
G29  24843444.587 9 130553135.082 9      3072.481 9        54.300 9                                                                  24843444.587 8 130553135.082 8      3072.481 8        51.300 8
G10  22324607.812 9 117316571.163 9      3223.686 9        55.228 9                                                                  22324607.812 8 117316571.163 8      3223.686 8        52.228 8
G12  20800672.138 9 109308247.095 9       126.630 9        55.843 9                                                                  20800672.138 8 109308247.095 8       126.630 8        52.843 8
G17  24735371.304 9 129985185.802 9     -2960.393 9        54.338 9                                                                  24735371.304 8 129985185.802 8     -2960.393 8        51.338 8
G24  24305776.404 9 127727668.911 9      3045.573 9        54.490 9                                                                  24305776.404 8 127727668.911 8      3045.573 8        51.490 8
G30  22555349.025 9 118529127.053 9      2293.128 9        55.139 9                                                                  22555349.025 8 118529127.053 8      2293.128 8        52.139 8
G05  21251654.076 9 111678171.220 9       626.104 9        55.656 9                                                                  21251654.076 8 111678171.220 8       626.104 8        52.656 8
G04  21984793.317 9 115530837.838 9     -2489.731 9        55.362 9                                                                  21984793.317 8 115530837.838 8     -2489.731 8        52.362 8
E04                                                                  23385991.398 9 122894181.067 9      -169.241 9        57.937 9  23385991.398 9 122894181.067 9      -169.241 9        57.937 9
E05                                                                  26163944.192 9 137492390.567 9     -2070.096 9        56.962 9  26163944.192 9 137492390.567 9     -2070.096 9        56.962 9
E11                                                                  26697115.884 9 140294226.487 9     -2426.148 9        56.787 9  26697115.884 9 140294226.487 9     -2426.148 9        56.787 9
E20                                                                  27889911.161 9 146562393.335 9     -1698.848 9        56.408 9  27889911.161 9 146562393.335 9     -1698.848 9        56.408 9
E09                                                                  24966772.414 9 131201225.425 9      2551.916 9        57.369 9  24966772.414 9 131201225.425 9      2551.916 9        57.369 9
E10                                                                  23770236.831 9 124913401.619 9       -31.478 9        57.796 9  23770236.831 9 124913401.619 9       -31.478 9        57.796 9
E03                                                                  25017969.855 9 131470276.997 9      1941.193 9        57.351 9  25017969.855 9 131470276.997 9      1941.193 9        57.351 9
> 2026 02 03 10 02 20.0000000  0 18       0.000000000000
G02  20309338.589 9 106726273.528 9      -413.096 9        56.050 9                                                                  20309338.589 8 106726273.528 8      -413.096 8        53.050 8
G09  25310100.085 9 133005413.349 9     -2810.869 9        54.138 9                                                                  25310100.085 8 133005413.349 8     -2810.869 8        51.138 8
G13  25212809.936 9 132494141.244 9      1193.478 9        54.172 9                                                                  25212809.936 8 132494141.244 8      1193.478 8        51.172 8
G29  24842859.911 9 130550062.588 9      3072.505 9        54.300 9                                                                  24842859.911 8 130550062.588 8      3072.505 8        51.300 8
G10  22323994.395 9 117313347.642 9      3223.365 9        55.229 9                                                                  22323994.395 8 117313347.642 8      3223.365 8        52.229 8
G12  20800648.104 9 109308120.797 9       125.965 9        55.843 9                                                                  20800648.104 8 109308120.797 8       125.965 8        52.843 8
G17  24735934.659 9 129988146.241 9     -2960.517 9        54.337 9                                                                  24735934.659 8 129988146.241 8     -2960.517 8        51.337 8
G24  24305196.866 9 127724623.421 9      3045.408 9        54.490 9                                                                  24305196.866 8 127724623.421 8      3045.408 8        51.490 8
G30  22554912.704 9 118526834.170 9      2292.637 9        55.139 9                                                                  22554912.704 8 118526834.170 8      2292.637 8        52.139 8
G05  21251534.995 9 111677545.444 9       625.446 9        55.656 9                                                                  21251534.995 8 111677545.444 8       625.446 8        52.656 8
G04  21985267.114 9 115533327.655 9     -2489.915 9        55.361 9                                                                  21985267.114 8 115533327.655 8     -2489.915 8        52.361 8
E04                                                                  23386023.627 9 122894350.431 9      -169.490 9        57.937 9  23386023.627 9 122894350.431 9      -169.490 9        57.937 9
E05                                                                  26164338.134 9 137494460.738 9     -2070.266 9        56.962 9  26164338.134 9 137494460.738 9     -2070.266 9        56.962 9
E11                                                                  26697577.588 9 140296652.746 9     -2426.390 9        56.787 9  26697577.588 9 140296652.746 9     -2426.390 9        56.787 9
E20                                                                  27890234.471 9 146564092.328 9     -1699.152 9        56.407 9  27890234.471 9 146564092.328 9     -1699.152 9        56.407 9
E09                                                                  24966286.827 9 131198673.654 9      2551.637 9        57.369 9  24966286.827 9 131198673.654 9      2551.637 9        57.369 9
E10                                                                  23770242.866 9 124913433.333 9       -31.948 9        57.796 9  23770242.866 9 124913433.333 9       -31.948 9        57.796 9
E03                                                                  25017600.467 9 131468335.849 9      1941.102 9        57.352 9  25017600.467 9 131468335.849 9      1941.102 9        57.352 9
> 2026 02 03 10 02 21.0000000  0 18       0.000000000000
G02  20309417.236 9 106726686.819 9      -413.488 9        56.050 9                                                                  20309417.236 8 106726686.819 8      -413.488 8        53.050 8
G09  25310634.970 9 133008224.182 9     -2810.810 9        54.138 9                                                                  25310634.970 8 133008224.182 8     -2810.810 8        51.138 8
G13  25212582.868 9 132492947.999 9      1193.022 9        54.172 9                                                                  25212582.868 8 132492947.999 8      1193.022 8        51.172 8
G29  24842275.229 9 130546990.070 9      3072.530 9        54.300 9                                                                  24842275.229 8 130546990.070 8      3072.530 8        51.300 8
G10  22323381.040 9 117310124.442 9      3223.043 9        55.229 9                                                                  22323381.040 8 117310124.442 8      3223.043 8        52.229 8
G12  20800624.197 9 109307995.163 9       125.300 9        55.843 9                                                                  20800624.197 8 109307995.163 8       125.300 8        52.843 8
G17  24736498.038 9 129991106.804 9     -2960.641 9        54.337 9                                                                  24736498.038 8 129991106.804 8     -2960.641 8        51.337 8
G24  24304617.359 9 127721578.096 9      3045.242 9        54.490 9                                                                  24304617.359 8 127721578.096 8      3045.242 8        51.490 8
G30  22554476.476 9 118524541.778 9      2292.146 9        55.139 9                                                                  22554476.476 8 118524541.778 8      2292.146 8        52.139 8
G05  21251416.039 9 111676920.327 9       624.788 9        55.656 9                                                                  21251416.039 8 111676920.327 8       624.788 8        52.656 8
G04  21985740.947 9 115535817.655 9     -2490.098 9        55.361 9                                                                  21985740.947 8 115535817.655 8     -2490.098 8        52.361 8
E04                                                                  23386055.904 9 122894520.045 9      -169.739 9        57.937 9  23386055.904 9 122894520.045 9      -169.739 9        57.937 9
E05                                                                  26164732.108 9 137496531.079 9     -2070.436 9        56.962 9  26164732.108 9 137496531.079 9     -2070.436 9        56.962 9
E11                                                                  26698039.337 9 140299079.248 9     -2426.632 9        56.787 9  26698039.337 9 140299079.248 9     -2426.632 9        56.787 9
E20                                                                  27890557.838 9 146565791.626 9     -1699.456 9        56.407 9  27890557.838 9 146565791.626 9     -1699.456 9        56.407 9
E09                                                                  24965801.294 9 131196122.162 9      2551.357 9        57.370 9  24965801.294 9 131196122.162 9      2551.357 9        57.370 9
E10                                                                  23770248.990 9 124913465.516 9       -32.418 9        57.796 9  23770248.990 9 124913465.516 9       -32.418 9        57.796 9
E03                                                                  25017231.096 9 131466394.794 9      1941.011 9        57.352 9  25017231.096 9 131466394.794 9      1941.011 9        57.352 9
> 2026 02 03 10 02 22.0000000  0 18       0.000000000000
G02  20309495.957 9 106727100.502 9      -413.880 9        56.050 9                                                                  20309495.957 8 106727100.502 8      -413.880 8        53.050 8
G09  25311169.845 9 133011034.957 9     -2810.752 9        54.138 9                                                                  25311169.845 8 133011034.957 8     -2810.752 8        51.138 8
G13  25212355.887 9 132491755.211 9      1192.565 9        54.172 9                                                                  25212355.887 8 132491755.211 8      1192.565 8        51.172 8
G29  24841690.543 9 130543917.527 9      3072.554 9        54.300 9                                                                  24841690.543 8 130543917.527 8      3072.554 8        51.300 8
G10  22322767.746 9 117306901.564 9      3222.722 9        55.229 9                                                                  22322767.746 8 117306901.564 8      3222.722 8        52.229 8
G12  20800600.417 9 109307870.194 9       124.635 9        55.843 9                                                                  20800600.417 8 109307870.194 8       124.635 8        52.843 8
G17  24737061.440 9 129994067.490 9     -2960.765 9        54.337 9                                                                  24737061.440 8 129994067.490 8     -2960.765 8        51.337 8
G24  24304037.884 9 127718532.937 9      3045.076 9        54.490 9                                                                  24304037.884 8 127718532.937 8      3045.076 8        51.490 8
G30  22554040.341 9 118522249.878 9      2291.655 9        55.140 9                                                                  22554040.341 8 118522249.878 8      2291.655 8        52.140 8
G05  21251297.209 9 111676295.867 9       624.130 9        55.656 9                                                                  21251297.209 8 111676295.867 8       624.130 8        52.656 8
G04  21986214.814 9 115538307.838 9     -2490.282 9        55.361 9                                                                  21986214.814 8 115538307.838 8     -2490.282 8        52.361 8
E04                                                                  23386088.228 9 122894689.909 9      -169.989 9        57.937 9  23386088.228 9 122894689.909 9      -169.989 9        57.937 9
E05                                                                  26165126.114 9 137498601.590 9     -2070.606 9        56.962 9  26165126.114 9 137498601.590 9     -2070.606 9        56.962 9
E11                                                                  26698501.132 9 140301505.991 9     -2426.874 9        56.787 9  26698501.132 9 140301505.991 9     -2426.874 9        56.787 9
E20                                                                  27890881.263 9 146567491.228 9     -1699.760 9        56.407 9  27890881.263 9 146567491.228 9     -1699.760 9        56.407 9
E09                                                                  24965315.813 9 131193570.949 9      2551.077 9        57.370 9  24965315.813 9 131193570.949 9      2551.077 9        57.370 9
E10                                                                  23770255.204 9 124913498.169 9       -32.888 9        57.796 9  23770255.204 9 124913498.169 9       -32.888 9        57.796 9
E03                                                                  25016861.742 9 131464453.829 9      1940.920 9        57.352 9  25016861.742 9 131464453.829 9      1940.920 9        57.352 9
> 2026 02 03 10 02 23.0000000  0 18       0.000000000000
G02  20309574.753 9 106727514.576 9      -414.271 9        56.050 9                                                                  20309574.753 8 106727514.576 8      -414.271 8        53.050 8
G09  25311704.708 9 133013845.672 9     -2810.693 9        54.138 9                                                                  25311704.708 8 133013845.672 8     -2810.693 8        51.138 8
G13  25212128.993 9 132490562.879 9      1192.109 9        54.172 9                                                                  25212128.993 8 132490562.879 8      1192.109 8        51.172 8
G29  24841105.853 9 130540844.959 9      3072.579 9        54.301 9                                                                  24841105.853 8 130540844.959 8      3072.579 8        51.301 8
G10  22322154.513 9 117303679.008 9      3222.400 9        55.229 9                                                                  22322154.513 8 117303679.008 8      3222.400 8        52.229 8
G12  20800576.762 9 109307745.891 9       123.970 9        55.843 9                                                                  20800576.762 8 109307745.891 8       123.970 8        52.843 8
G17  24737624.866 9 129997028.301 9     -2960.889 9        54.337 9                                                                  24737624.866 8 129997028.301 8     -2960.889 8        51.337 8
G24  24303458.441 9 127715487.944 9      3044.911 9        54.491 9                                                                  24303458.441 8 127715487.944 8      3044.911 8        51.491 8
G30  22553604.300 9 118519958.468 9      2291.164 9        55.140 9                                                                  22553604.300 8 118519958.468 8      2291.164 8        52.140 8
G05  21251178.503 9 111675672.066 9       623.471 9        55.656 9                                                                  21251178.503 8 111675672.066 8       623.471 8        52.656 8
G04  21986688.716 9 115540798.205 9     -2490.465 9        55.361 9                                                                  21986688.716 8 115540798.205 8     -2490.465 8        52.361 8
E04                                                                  23386120.600 9 122894860.022 9      -170.239 9        57.937 9  23386120.600 9 122894860.022 9      -170.239 9        57.937 9
E05                                                                  26165520.154 9 137500672.271 9     -2070.776 9        56.962 9  26165520.154 9 137500672.271 9     -2070.776 9        56.962 9
E11                                                                  26698962.974 9 140303932.976 9     -2427.115 9        56.787 9  26698962.974 9 140303932.976 9     -2427.115 9        56.787 9
E20                                                                  27891204.746 9 146569191.133 9     -1700.064 9        56.407 9  27891204.746 9 146569191.133 9     -1700.064 9        56.407 9
E09                                                                  24964830.386 9 131191020.017 9      2550.798 9        57.370 9  24964830.386 9 131191020.017 9      2550.798 9        57.370 9
E10                                                                  23770261.507 9 124913531.292 9       -33.358 9        57.796 9  23770261.507 9 124913531.292 9       -33.358 9        57.796 9
E03                                                                  25016492.405 9 131462512.955 9      1940.829 9        57.352 9  25016492.405 9 131462512.955 9      1940.829 9        57.352 9
> 2026 02 03 10 02 24.0000000  0 18       0.000000000000
G02  20309653.624 9 106727929.042 9      -414.663 9        56.050 9                                                                  20309653.624 8 106727929.042 8      -414.663 8        53.050 8
G09  25312239.560 9 133016656.329 9     -2810.634 9        54.137 9                                                                  25312239.560 8 133016656.329 8     -2810.634 8        51.137 8
G13  25211902.186 9 132489371.004 9      1191.652 9        54.172 9                                                                  25211902.186 8 132489371.004 8      1191.652 8        51.172 8
G29  24840521.158 9 130537772.367 9      3072.603 9        54.301 9                                                                  24840521.158 8 130537772.367 8      3072.603 8        51.301 8
G10  22321541.341 9 117300456.774 9      3222.078 9        55.230 9                                                                  22321541.341 8 117300456.774 8      3222.078 8        52.230 8
G12  20800553.235 9 109307622.252 9       123.306 9        55.843 9                                                                  20800553.235 8 109307622.252 8       123.306 8        52.843 8
G17  24738188.315 9 129999989.235 9     -2961.012 9        54.337 9                                                                  24738188.315 8 129999989.235 8     -2961.012 8        51.337 8
G24  24302879.029 9 127712443.116 9      3044.745 9        54.491 9                                                                  24302879.029 8 127712443.116 8      3044.745 8        51.491 8
G30  22553168.353 9 118517667.551 9      2290.672 9        55.140 9                                                                  22553168.353 8 118517667.551 8      2290.672 8        52.140 8
G05  21251059.923 9 111675048.923 9       622.813 9        55.656 9                                                                  21251059.923 8 111675048.923 8       622.813 8        52.656 8
G04  21987162.652 9 115543288.755 9     -2490.648 9        55.361 9                                                                  21987162.652 8 115543288.755 8     -2490.648 8        52.361 8
E04                                                                  23386153.019 9 122895030.384 9      -170.488 9        57.937 9  23386153.019 9 122895030.384 9      -170.488 9        57.937 9
E05                                                                  26165914.225 9 137502743.123 9     -2070.947 9        56.962 9  26165914.225 9 137502743.123 9     -2070.947 9        56.962 9
E11                                                                  26699424.861 9 140306360.203 9     -2427.357 9        56.786 9  26699424.861 9 140306360.203 9     -2427.357 9        56.786 9
E20                                                                  27891528.286 9 146570891.342 9     -1700.368 9        56.407 9  27891528.286 9 146570891.342 9     -1700.368 9        56.407 9
E09                                                                  24964345.012 9 131188469.364 9      2550.518 9        57.370 9  24964345.012 9 131188469.364 9      2550.518 9        57.370 9
E10                                                                  23770267.899 9 124913564.885 9       -33.828 9        57.796 9  23770267.899 9 124913564.885 9       -33.828 9        57.796 9
E03                                                                  25016123.086 9 131460572.171 9      1940.739 9        57.352 9  25016123.086 9 131460572.171 9      1940.739 9        57.352 9
> 2026 02 03 10 02 25.0000000  0 18       0.000000000000
G02  20309732.569 9 106728343.899 9      -415.054 9        56.050 9                                                                  20309732.569 8 106728343.899 8      -415.054 8        53.050 8
G09  25312774.400 9 133019466.927 9     -2810.575 9        54.137 9                                                                  25312774.400 8 133019466.927 8     -2810.575 8        51.137 8
G13  25211675.466 9 132488179.586 9      1191.196 9        54.172 9                                                                  25211675.466 8 132488179.586 8      1191.196 8        51.172 8
G29  24839936.458 9 130534699.751 9      3072.627 9        54.301 9                                                                  24839936.458 8 130534699.751 8      3072.627 8        51.301 8
G10  22320928.231 9 117297234.861 9      3221.756 9        55.230 9                                                                  22320928.231 8 117297234.861 8      3221.756 8        52.230 8
G12  20800529.834 9 109307499.278 9       122.641 9        55.843 9                                                                  20800529.834 8 109307499.278 8       122.641 8        52.843 8
G17  24738751.788 9 130002950.293 9     -2961.136 9        54.337 9                                                                  24738751.788 8 130002950.293 8     -2961.136 8        51.337 8
G24  24302299.648 9 127709398.454 9      3044.580 9        54.491 9                                                                  24302299.648 8 127709398.454 8      3044.580 8        51.491 8
G30  22552732.499 9 118515377.124 9      2290.181 9        55.140 9                                                                  22552732.499 8 118515377.124 8      2290.181 8        52.140 8
G05  21250941.468 9 111674426.438 9       622.155 9        55.656 9                                                                  21250941.468 8 111674426.438 8       622.155 8        52.656 8
G04  21987636.624 9 115545779.489 9     -2490.832 9        55.360 9                                                                  21987636.624 8 115545779.489 8     -2490.832 8        52.360 8
E04                                                                  23386185.485 9 122895200.996 9      -170.738 9        57.937 9  23386185.485 9 122895200.996 9      -170.738 9        57.937 9
E05                                                                  26166308.329 9 137504814.145 9     -2071.117 9        56.962 9  26166308.329 9 137504814.145 9     -2071.117 9        56.962 9
E11                                                                  26699886.794 9 140308787.671 9     -2427.599 9        56.786 9  26699886.794 9 140308787.671 9     -2427.599 9        56.786 9
E20                                                                  27891851.885 9 146572591.855 9     -1700.671 9        56.407 9  27891851.885 9 146572591.855 9     -1700.671 9        56.407 9
E09                                                                  24963859.691 9 131185918.990 9      2550.238 9        57.370 9  24963859.691 9 131185918.990 9      2550.238 9        57.370 9
E10                                                                  23770274.381 9 124913598.948 9       -34.298 9        57.796 9  23770274.381 9 124913598.948 9       -34.298 9        57.796 9
E03                                                                  25015753.784 9 131458631.479 9      1940.647 9        57.352 9  25015753.784 9 131458631.479 9      1940.647 9        57.352 9
> 2026 02 03 10 02 26.0000000  0 18       0.000000000000
G02  20309811.588 9 106728759.148 9      -415.445 9        56.050 9                                                                  20309811.588 8 106728759.148 8      -415.445 8        53.050 8
G09  25313309.230 9 133022277.465 9     -2810.516 9        54.137 9                                                                  25313309.230 8 133022277.465 8     -2810.516 8        51.137 8
G13  25211448.832 9 132486988.624 9      1190.739 9        54.172 9                                                                  25211448.832 8 132486988.624 8      1190.739 8        51.172 8
G29  24839351.753 9 130531627.111 9      3072.652 9        54.301 9                                                                  24839351.753 8 130531627.111 8      3072.652 8        51.301 8
G10  22320315.182 9 117294013.271 9      3221.434 9        55.230 9                                                                  22320315.182 8 117294013.271 8      3221.434 8        52.230 8
G12  20800506.559 9 109307376.968 9       121.976 9        55.843 9                                                                  20800506.559 8 109307376.968 8       121.976 8        52.843 8
G17  24739315.285 9 130005911.475 9     -2961.260 9        54.336 9                                                                  24739315.285 8 130005911.475 8     -2961.260 8        51.336 8
G24  24301720.299 9 127706353.958 9      3044.414 9        54.491 9                                                                  24301720.299 8 127706353.958 8      3044.414 8        51.491 8
G30  22552296.738 9 118513087.189 9      2289.689 9        55.140 9                                                                  22552296.738 8 118513087.189 8      2289.689 8        52.140 8
G05  21250823.139 9 111673804.611 9       621.497 9        55.657 9                                                                  21250823.139 8 111673804.611 8       621.497 8        52.657 8
G04  21988110.631 9 115548270.406 9     -2491.015 9        55.360 9                                                                  21988110.631 8 115548270.406 8     -2491.015 8        52.360 8
E04                                                                  23386217.999 9 122895371.858 9      -170.987 9        57.937 9  23386217.999 9 122895371.858 9      -170.987 9        57.937 9
E05                                                                  26166702.465 9 137506885.337 9     -2071.287 9        56.961 9  26166702.465 9 137506885.337 9     -2071.287 9        56.961 9
E11                                                                  26700348.774 9 140311215.381 9     -2427.840 9        56.786 9  26700348.774 9 140311215.381 9     -2427.840 9        56.786 9
E20                                                                  27892175.541 9 146574292.672 9     -1700.975 9        56.407 9  27892175.541 9 146574292.672 9     -1700.975 9        56.407 9
E09                                                                  24963374.423 9 131183368.897 9      2549.959 9        57.370 9  24963374.423 9 131183368.897 9      2549.959 9        57.370 9
E10                                                                  23770280.952 9 124913633.481 9       -34.767 9        57.796 9  23770280.952 9 124913633.481 9       -34.767 9        57.796 9
E03                                                                  25015384.500 9 131456690.878 9      1940.556 9        57.352 9  25015384.500 9 131456690.878 9      1940.556 9        57.352 9
> 2026 02 03 10 02 27.0000000  0 18       0.000000000000
G02  20309890.682 9 106729174.788 9      -415.837 9        56.050 9                                                                  20309890.682 8 106729174.788 8      -415.837 8        53.050 8
G09  25313844.048 9 133025087.945 9     -2810.457 9        54.137 9                                                                  25313844.048 8 133025087.945 8     -2810.457 8        51.137 8
G13  25211222.286 9 132485798.119 9      1190.282 9        54.172 9                                                                  25211222.286 8 132485798.119 8      1190.282 8        51.172 8
G29  24838767.044 9 130528554.446 9      3072.676 9        54.301 9                                                                  24838767.044 8 130528554.446 8      3072.676 8        51.301 8
G10  22319702.194 9 117290792.002 9      3221.111 9        55.230 9                                                                  22319702.194 8 117290792.002 8      3221.111 8        52.230 8
G12  20800483.411 9 109307255.324 9       121.311 9        55.843 9                                                                  20800483.411 8 109307255.324 8       121.311 8        52.843 8
G17  24739878.805 9 130008872.780 9     -2961.384 9        54.336 9                                                                  24739878.805 8 130008872.780 8     -2961.384 8        51.336 8
G24  24301140.981 9 127703309.627 9      3044.248 9        54.492 9                                                                  24301140.981 8 127703309.627 8      3044.248 8        51.492 8
G30  22551861.071 9 118510797.746 9      2289.198 9        55.140 9                                                                  22551861.071 8 118510797.746 8      2289.198 8        52.140 8
G05  21250704.934 9 111673183.442 9       620.839 9        55.657 9                                                                  21250704.934 8 111673183.442 8       620.839 8        52.657 8
G04  21988584.672 9 115550761.506 9     -2491.198 9        55.360 9                                                                  21988584.672 8 115550761.506 8     -2491.198 8        52.360 8
E04                                                                  23386250.561 9 122895542.969 9      -171.237 9        57.937 9  23386250.561 9 122895542.969 9      -171.237 9        57.937 9
E05                                                                  26167096.634 9 137508956.699 9     -2071.457 9        56.961 9  26167096.634 9 137508956.699 9     -2071.457 9        56.961 9
E11                                                                  26700810.799 9 140313643.333 9     -2428.082 9        56.786 9  26700810.799 9 140313643.333 9     -2428.082 9        56.786 9
E20                                                                  27892499.255 9 146575993.792 9     -1701.278 9        56.407 9  27892499.255 9 146575993.792 9     -1701.278 9        56.407 9
E09                                                                  24962889.209 9 131180819.083 9      2549.679 9        57.371 9  24962889.209 9 131180819.083 9      2549.679 9        57.371 9
E10                                                                  23770287.613 9 124913668.483 9       -35.237 9        57.796 9  23770287.613 9 124913668.483 9       -35.237 9        57.796 9
E03                                                                  25015015.233 9 131454750.368 9      1940.465 9        57.352 9  25015015.233 9 131454750.368 9      1940.465 9        57.352 9
> 2026 02 03 10 02 28.0000000  0 18       0.000000000000
G02  20309969.850 9 106729590.819 9      -416.228 9        56.050 9                                                                  20309969.850 8 106729590.819 8      -416.228 8        53.050 8
G09  25314378.855 9 133027898.365 9     -2810.397 9        54.137 9                                                                  25314378.855 8 133027898.365 8     -2810.397 8        51.137 8
G13  25210995.827 9 132484608.071 9      1189.825 9        54.172 9                                                                  25210995.827 8 132484608.071 8      1189.825 8        51.172 8
G29  24838182.330 9 130525481.757 9      3072.700 9        54.302 9                                                                  24838182.330 8 130525481.757 8      3072.700 8        51.302 8
G10  22319089.268 9 117287571.056 9      3220.789 9        55.231 9                                                                  22319089.268 8 117287571.056 8      3220.789 8        52.231 8
G12  20800460.390 9 109307134.345 9       120.646 9        55.843 9                                                                  20800460.390 8 109307134.345 8       120.646 8        52.843 8
G17  24740442.349 9 130011834.210 9     -2961.507 9        54.336 9                                                                  24740442.349 8 130011834.210 8     -2961.507 8        51.336 8
G24  24300561.696 9 127700265.463 9      3044.082 9        54.492 9                                                                  24300561.696 8 127700265.463 8      3044.082 8        51.492 8
G30  22551425.498 9 118508508.794 9      2288.706 9        55.141 9                                                                  22551425.498 8 118508508.794 8      2288.706 8        52.141 8
G05  21250586.855 9 111672562.931 9       620.181 9        55.657 9                                                                  21250586.855 8 111672562.931 8       620.181 8        52.657 8
G04  21989058.749 9 115553252.789 9     -2491.381 9        55.360 9                                                                  21989058.749 8 115553252.789 8     -2491.381 8        52.360 8
E04                                                                  23386283.170 9 122895714.330 9      -171.487 9        57.937 9  23386283.170 9 122895714.330 9      -171.487 9        57.937 9
E05                                                                  26167490.835 9 137511028.231 9     -2071.627 9        56.961 9  26167490.835 9 137511028.231 9     -2071.627 9        56.961 9
E11                                                                  26701272.870 9 140316071.525 9     -2428.323 9        56.786 9  26701272.870 9 140316071.525 9     -2428.323 9        56.786 9
E20                                                                  27892823.027 9 146577695.216 9     -1701.582 9        56.407 9  27892823.027 9 146577695.216 9     -1701.582 9        56.407 9
E09                                                                  24962404.048 9 131178269.549 9      2549.399 9        57.371 9  24962404.048 9 131178269.549 9      2549.399 9        57.371 9
E10                                                                  23770294.363 9 124913703.955 9       -35.707 9        57.796 9  23770294.363 9 124913703.955 9       -35.707 9        57.796 9
E03                                                                  25014645.983 9 131452809.950 9      1940.374 9        57.353 9  25014645.983 9 131452809.950 9      1940.374 9        57.353 9
> 2026 02 03 10 02 29.0000000  0 18       0.000000000000
G02  20310049.093 9 106730007.242 9      -416.619 9        56.050 9                                                                  20310049.093 8 106730007.242 8      -416.619 8        53.050 8
G09  25314913.651 9 133030708.726 9     -2810.338 9        54.137 9                                                                  25314913.651 8 133030708.726 8     -2810.338 8        51.137 8
G13  25210769.454 9 132483418.480 9      1189.368 9        54.172 9                                                                  25210769.454 8 132483418.480 8      1189.368 8        51.172 8
G29  24837597.612 9 130522409.043 9      3072.725 9        54.302 9                                                                  24837597.612 8 130522409.043 8      3072.725 8        51.302 8
G10  22318476.403 9 117284350.433 9      3220.467 9        55.231 9                                                                  22318476.403 8 117284350.433 8      3220.467 8        52.231 8
G12  20800437.495 9 109307014.031 9       119.981 9        55.843 9                                                                  20800437.495 8 109307014.031 8       119.981 8        52.843 8
G17  24741005.916 9 130014795.763 9     -2961.631 9        54.336 9                                                                  24741005.916 8 130014795.763 8     -2961.631 8        51.336 8
G24  24299982.441 9 127697221.464 9      3043.916 9        54.492 9                                                                  24299982.441 8 127697221.464 8      3043.916 8        51.492 8
G30  22550990.018 9 118506220.334 9      2288.214 9        55.141 9                                                                  22550990.018 8 118506220.334 8      2288.214 8        52.141 8
G05  21250468.901 9 111671943.079 9       619.522 9        55.657 9                                                                  21250468.901 8 111671943.079 8       619.522 8        52.657 8
G04  21989532.860 9 115555744.255 9     -2491.564 9        55.360 9                                                                  21989532.860 8 115555744.255 8     -2491.564 8        52.360 8
E04                                                                  23386315.826 9 122895885.941 9      -171.736 9        57.937 9  23386315.826 9 122895885.941 9      -171.736 9        57.937 9
E05                                                                  26167885.068 9 137513099.933 9     -2071.797 9        56.961 9  26167885.068 9 137513099.933 9     -2071.797 9        56.961 9
E11                                                                  26701734.987 9 140318499.960 9     -2428.564 9        56.786 9  26701734.987 9 140318499.960 9     -2428.564 9        56.786 9
E20                                                                  27893146.856 9 146579396.943 9     -1701.885 9        56.407 9  27893146.856 9 146579396.943 9     -1701.885 9        56.407 9
E09                                                                  24961918.940 9 131175720.296 9      2549.119 9        57.371 9  24961918.940 9 131175720.296 9      2549.119 9        57.371 9
E10                                                                  23770301.203 9 124913739.897 9       -36.177 9        57.796 9  23770301.203 9 124913739.897 9       -36.177 9        57.796 9
E03                                                                  25014276.750 9 131450869.622 9      1940.283 9        57.353 9  25014276.750 9 131450869.622 9      1940.283 9        57.353 9
> 2026 02 03 10 02 30.0000000  0 17       0.000000000000
G02  20310128.410 9 106730424.056 9      -417.011 9        56.050 9                                                                  20310128.410 8 106730424.056 8      -417.011 8        53.050 8
G13  25210543.169 9 132482229.346 9      1188.911 9        54.172 9                                                                  25210543.169 8 132482229.346 8      1188.911 8        51.172 8
G29  24837012.889 9 130519336.305 9      3072.749 9        54.302 9                                                                  24837012.889 8 130519336.305 8      3072.749 8        51.302 8
G10  22317863.599 9 117281130.132 9      3220.144 9        55.231 9                                                                  22317863.599 8 117281130.132 8      3220.144 8        52.231 8
G12  20800414.727 9 109306894.381 9       119.316 9        55.843 9                                                                  20800414.727 8 109306894.381 8       119.316 8        52.843 8
G17  24741569.507 9 130017757.440 9     -2961.755 9        54.336 9                                                                  24741569.507 8 130017757.440 8     -2961.755 8        51.336 8
G24  24299403.218 9 127694177.631 9      3043.750 9        54.492 9                                                                  24299403.218 8 127694177.631 8      3043.750 8        51.492 8
G30  22550554.632 9 118503932.366 9      2287.722 9        55.141 9                                                                  22550554.632 8 118503932.366 8      2287.722 8        52.141 8
G05  21250351.073 9 111671323.884 9       618.864 9        55.657 9                                                                  21250351.073 8 111671323.884 8       618.864 8        52.657 8
G04  21990007.006 9 115558235.905 9     -2491.747 9        55.360 9                                                                  21990007.006 8 115558235.905 8     -2491.747 8        52.360 8
E04                                                                  23386348.530 9 122896057.801 9      -171.986 9        57.937 9  23386348.530 9 122896057.801 9      -171.986 9        57.937 9
E05                                                                  26168279.333 9 137515171.805 9     -2071.967 9        56.961 9  26168279.333 9 137515171.805 9     -2071.967 9        56.961 9
E11                                                                  26702197.150 9 140320928.635 9     -2428.806 9        56.786 9  26702197.150 9 140320928.635 9     -2428.806 9        56.786 9
E20                                                                  27893470.744 9 146581098.973 9     -1702.189 9        56.406 9  27893470.744 9 146581098.973 9     -1702.189 9        56.406 9
E09                                                                  24961433.885 9 131173171.322 9      2548.839 9        57.371 9  24961433.885 9 131173171.322 9      2548.839 9        57.371 9
E10                                                                  23770308.132 9 124913776.308 9       -36.646 9        57.796 9  23770308.132 9 124913776.308 9       -36.646 9        57.796 9
E03                                                                  25013907.535 9 131448929.386 9      1940.192 9        57.353 9  25013907.535 9 131448929.386 9      1940.192 9        57.353 9
> 2026 02 03 10 02 31.0000000  0 17       0.000000000000
G02  20310207.802 9 106730841.261 9      -417.402 9        56.050 9                                                                  20310207.802 8 106730841.261 8      -417.402 8        53.050 8
G13  25210316.970 9 132481040.669 9      1188.454 9        54.172 9                                                                  25210316.970 8 132481040.669 8      1188.454 8        51.172 8
G29  24836428.162 9 130516263.543 9      3072.773 9        54.302 9                                                                  24836428.162 8 130516263.543 8      3072.773 8        51.302 8
G10  22317250.857 9 117277910.153 9      3219.822 9        55.231 9                                                                  22317250.857 8 117277910.153 8      3219.822 8        52.231 8
G12  20800392.085 9 109306775.397 9       118.651 9        55.843 9                                                                  20800392.085 8 109306775.397 8       118.651 8        52.843 8
G17  24742133.122 9 130020719.240 9     -2961.879 9        54.335 9                                                                  24742133.122 8 130020719.240 8     -2961.879 8        51.335 8
G24  24298824.027 9 127691133.964 9      3043.585 9        54.492 9                                                                  24298824.027 8 127691133.964 8      3043.585 8        51.492 8
G30  22550119.339 9 118501644.890 9      2287.230 9        55.141 9                                                                  22550119.339 8 118501644.890 8      2287.230 8        52.141 8
G05  21250233.369 9 111670705.348 9       618.206 9        55.657 9                                                                  21250233.369 8 111670705.348 8       618.206 8        52.657 8
G04  21990481.187 9 115560727.737 9     -2491.930 9        55.359 9                                                                  21990481.187 8 115560727.737 8     -2491.930 8        52.359 8
E04                                                                  23386381.282 9 122896229.911 9      -172.236 9        57.937 9  23386381.282 9 122896229.911 9      -172.236 9        57.937 9
E05                                                                  26168673.632 9 137517243.848 9     -2072.138 9        56.961 9  26168673.632 9 137517243.848 9     -2072.138 9        56.961 9
E11                                                                  26702659.359 9 140323357.552 9     -2429.047 9        56.785 9  26702659.359 9 140323357.552 9     -2429.047 9        56.785 9
E20                                                                  27893794.689 9 146582801.307 9     -1702.492 9        56.406 9  27893794.689 9 146582801.307 9     -1702.492 9        56.406 9
E09                                                                  24960948.884 9 131170622.628 9      2548.559 9        57.371 9  24960948.884 9 131170622.628 9      2548.559 9        57.371 9
E10                                                                  23770315.150 9 124913813.190 9       -37.116 9        57.796 9  23770315.150 9 124913813.190 9       -37.116 9        57.796 9
E03                                                                  25013538.338 9 131446989.240 9      1940.101 9        57.353 9  25013538.338 9 131446989.240 9      1940.101 9        57.353 9
> 2026 02 03 10 02 32.0000000  0 17       0.000000000000
G02  20310287.268 9 106731258.857 9      -417.793 9        56.050 9                                                                  20310287.268 8 106731258.857 8      -417.793 8        53.050 8
G13  25210090.859 9 132479852.450 9      1187.996 9        54.173 9                                                                  25210090.859 8 132479852.450 8      1187.996 8        51.173 8
G29  24835843.429 9 130513190.757 9      3072.797 9        54.302 9                                                                  24835843.429 8 130513190.757 8      3072.797 8        51.302 8
G10  22316638.176 9 117274690.497 9      3219.499 9        55.231 9                                                                  22316638.176 8 117274690.497 8      3219.499 8        52.231 8
G12  20800369.570 9 109306657.077 9       117.986 9        55.843 9                                                                  20800369.570 8 109306657.077 8       117.986 8        52.843 8
G17  24742696.759 9 130023681.164 9     -2962.002 9        54.335 9                                                                  24742696.759 8 130023681.164 8     -2962.002 8        51.335 8
G24  24298244.867 9 127688090.462 9      3043.419 9        54.493 9                                                                  24298244.867 8 127688090.462 8      3043.419 8        51.493 8
G30  22549684.141 9 118499357.905 9      2286.738 9        55.141 9                                                                  22549684.141 8 118499357.905 8      2286.738 8        52.141 8
G05  21250115.791 9 111670087.471 9       617.548 9        55.657 9                                                                  21250115.791 8 111670087.471 8       617.548 8        52.657 8
G04  21990955.402 9 115563219.752 9     -2492.113 9        55.359 9                                                                  21990955.402 8 115563219.752 8     -2492.113 8        52.359 8
E04                                                                  23386414.081 9 122896402.271 9      -172.485 9        57.937 9  23386414.081 9 122896402.271 9      -172.485 9        57.937 9
E05                                                                  26169067.962 9 137519316.061 9     -2072.308 9        56.961 9  26169067.962 9 137519316.061 9     -2072.308 9        56.961 9
E11                                                                  26703121.614 9 140325786.710 9     -2429.288 9        56.785 9  26703121.614 9 140325786.710 9     -2429.288 9        56.785 9
E20                                                                  27894118.691 9 146584503.944 9     -1702.795 9        56.406 9  27894118.691 9 146584503.944 9     -1702.795 9        56.406 9
E09                                                                  24960463.936 9 131168074.214 9      2548.279 9        57.371 9  24960463.936 9 131168074.214 9      2548.279 9        57.371 9
E10                                                                  23770322.257 9 124913850.541 9       -37.586 9        57.796 9  23770322.257 9 124913850.541 9       -37.586 9        57.796 9
E03                                                                  25013169.157 9 131445049.186 9      1940.009 9        57.353 9  25013169.157 9 131445049.186 9      1940.009 9        57.353 9
> 2026 02 03 10 02 33.0000000  0 17       0.000000000000
G02  20310366.809 9 106731676.845 9      -418.184 9        56.050 9                                                                  20310366.809 8 106731676.845 8      -418.184 8        53.050 8
G13  25209864.834 9 132478664.687 9      1187.539 9        54.173 9                                                                  25209864.834 8 132478664.687 8      1187.539 8        51.173 8
G29  24835258.693 9 130510117.947 9      3072.821 9        54.303 9                                                                  24835258.693 8 130510117.947 8      3072.821 8        51.303 8
G10  22316025.556 9 117271471.164 9      3219.176 9        55.232 9                                                                  22316025.556 8 117271471.164 8      3219.176 8        52.232 8
G12  20800347.181 9 109306539.423 9       117.321 9        55.843 9                                                                  20800347.181 8 109306539.423 8       117.321 8        52.843 8
G17  24743260.421 9 130026643.212 9     -2962.126 9        54.335 9                                                                  24743260.421 8 130026643.212 8     -2962.126 8        51.335 8
G24  24297665.739 9 127685047.127 9      3043.253 9        54.493 9                                                                  24297665.739 8 127685047.127 8      3043.253 8        51.493 8
G30  22549249.035 9 118497071.413 9      2286.246 9        55.141 9                                                                  22549249.035 8 118497071.413 8      2286.246 8        52.141 8
G05  21249998.338 9 111669470.252 9       616.889 9        55.657 9                                                                  21249998.338 8 111669470.252 8       616.889 8        52.657 8
G04  21991429.653 9 115565711.950 9     -2492.296 9        55.359 9                                                                  21991429.653 8 115565711.950 8     -2492.296 8        52.359 8
E04                                                                  23386446.928 9 122896574.881 9      -172.735 9        57.937 9  23386446.928 9 122896574.881 9      -172.735 9        57.937 9
E05                                                                  26169462.325 9 137521388.444 9     -2072.478 9        56.961 9  26169462.325 9 137521388.444 9     -2072.478 9        56.961 9
E11                                                                  26703583.915 9 140328216.109 9     -2429.529 9        56.785 9  26703583.915 9 140328216.109 9     -2429.529 9        56.785 9
E20                                                                  27894442.752 9 146586206.884 9     -1703.098 9        56.406 9  27894442.752 9 146586206.884 9     -1703.098 9        56.406 9
E09                                                                  24959979.041 9 131165526.081 9      2547.998 9        57.372 9  24959979.041 9 131165526.081 9      2547.998 9        57.372 9
E10                                                                  23770329.455 9 124913888.362 9       -38.056 9        57.796 9  23770329.455 9 124913888.362 9       -38.056 9        57.796 9
E03                                                                  25012799.994 9 131443109.224 9      1939.918 9        57.353 9  25012799.994 9 131443109.224 9      1939.918 9        57.353 9
> 2026 02 03 10 02 34.0000000  0 17       0.000000000000
G02  20310446.424 9 106732095.223 9      -418.575 9        56.050 9                                                                  20310446.424 8 106732095.223 8      -418.575 8        53.050 8
G13  25209638.897 9 132477477.382 9      1187.082 9        54.173 9                                                                  25209638.897 8 132477477.382 8      1187.082 8        51.173 8
G29  24834673.951 9 130507045.113 9      3072.845 9        54.303 9                                                                  24834673.951 8 130507045.113 8      3072.845 8        51.303 8
G10  22315412.998 9 117268252.154 9      3218.853 9        55.232 9                                                                  22315412.998 8 117268252.154 8      3218.853 8        52.232 8
G12  20800324.919 9 109306422.433 9       116.656 9        55.843 9                                                                  20800324.919 8 109306422.433 8       116.656 8        52.843 8
G17  24743824.106 9 130029605.384 9     -2962.250 9        54.335 9                                                                  24743824.106 8 130029605.384 8     -2962.250 8        51.335 8
G24  24297086.643 9 127682003.958 9      3043.087 9        54.493 9                                                                  24297086.643 8 127682003.958 8      3043.087 8        51.493 8
G30  22548814.024 9 118494785.413 9      2285.754 9        55.142 9                                                                  22548814.024 8 118494785.413 8      2285.754 8        52.142 8
G05  21249881.011 9 111668853.691 9       616.231 9        55.657 9                                                                  21249881.011 8 111668853.691 8       616.231 8        52.657 8
G04  21991903.938 9 115568204.331 9     -2492.479 9        55.359 9                                                                  21991903.938 8 115568204.331 8     -2492.479 8        52.359 8
E04                                                                  23386479.822 9 122896747.740 9      -172.985 9        57.937 9  23386479.822 9 122896747.740 9      -172.985 9        57.937 9
E05                                                                  26169856.720 9 137523460.997 9     -2072.648 9        56.960 9  26169856.720 9 137523460.997 9     -2072.648 9        56.960 9
E11                                                                  26704046.262 9 140330645.750 9     -2429.770 9        56.785 9  26704046.262 9 140330645.750 9     -2429.770 9        56.785 9
E20                                                                  27894766.870 9 146587910.127 9     -1703.401 9        56.406 9  27894766.870 9 146587910.127 9     -1703.401 9        56.406 9
E09                                                                  24959494.200 9 131162978.227 9      2547.718 9        57.372 9  24959494.200 9 131162978.227 9      2547.718 9        57.372 9
E10                                                                  23770336.741 9 124913926.652 9       -38.525 9        57.796 9  23770336.741 9 124913926.652 9       -38.525 9        57.796 9
E03                                                                  25012430.848 9 131441169.352 9      1939.827 9        57.353 9  25012430.848 9 131441169.352 9      1939.827 9        57.353 9
> 2026 02 03 10 02 35.0000000  0 17       0.000000000000
G02  20310526.113 9 106732513.993 9      -418.966 9        56.050 9                                                                  20310526.113 8 106732513.993 8      -418.966 8        53.050 8
G13  25209413.047 9 132476290.535 9      1186.624 9        54.173 9                                                                  25209413.047 8 132476290.535 8      1186.624 8        51.173 8
G29  24834089.205 9 130503972.254 9      3072.870 9        54.303 9                                                                  24834089.205 8 130503972.254 8      3072.870 8        51.303 8
G10  22314800.502 9 117265033.466 9      3218.530 9        55.232 9                                                                  22314800.502 8 117265033.466 8      3218.530 8        52.232 8
G12  20800302.783 9 109306306.109 9       115.991 9        55.843 9                                                                  20800302.783 8 109306306.109 8       115.991 8        52.843 8
G17  24744387.814 9 130032567.679 9     -2962.373 9        54.335 9                                                                  24744387.814 8 130032567.679 8     -2962.373 8        51.335 8
G24  24296507.578 9 127678960.954 9      3042.921 9        54.493 9                                                                  24296507.578 8 127678960.954 8      3042.921 8        51.493 8
G30  22548379.106 9 118492499.906 9      2285.261 9        55.142 9                                                                  22548379.106 8 118492499.906 8      2285.261 8        52.142 8
G05  21249763.808 9 111668237.788 9       615.572 9        55.657 9                                                                  21249763.808 8 111668237.788 8       615.572 8        52.657 8
G04  21992378.258 9 115570696.894 9     -2492.661 9        55.359 9                                                                  21992378.258 8 115570696.894 8     -2492.661 8        52.359 8
E04                                                                  23386512.764 9 122896920.849 9      -173.235 9        57.937 9  23386512.764 9 122896920.849 9      -173.235 9        57.937 9
E05                                                                  26170251.148 9 137525533.720 9     -2072.818 9        56.960 9  26170251.148 9 137525533.720 9     -2072.818 9        56.960 9
E11                                                                  26704508.654 9 140333075.631 9     -2430.011 9        56.785 9  26704508.654 9 140333075.631 9     -2430.011 9        56.785 9
E20                                                                  27895091.045 9 146589613.673 9     -1703.704 9        56.406 9  27895091.045 9 146589613.673 9     -1703.704 9        56.406 9
E09                                                                  24959009.412 9 131160430.654 9      2547.438 9        57.372 9  24959009.412 9 131160430.654 9      2547.438 9        57.372 9
E10                                                                  23770344.117 9 124913965.412 9       -38.995 9        57.796 9  23770344.117 9 124913965.412 9       -38.995 9        57.796 9
E03                                                                  25012061.720 9 131439229.572 9      1939.735 9        57.353 9  25012061.720 9 131439229.572 9      1939.735 9        57.353 9
> 2026 02 03 10 02 36.0000000  0 17       0.000000000000
G02  20310605.877 9 106732933.153 9      -419.357 9        56.050 9                                                                  20310605.877 8 106732933.153 8      -419.357 8        53.050 8
G13  25209187.283 9 132475104.144 9      1186.167 9        54.173 9                                                                  25209187.283 8 132475104.144 8      1186.167 8        51.173 8
G29  24833504.455 9 130500899.372 9      3072.894 9        54.303 9                                                                  24833504.455 8 130500899.372 8      3072.894 8        51.303 8
G10  22314188.066 9 117261815.102 9      3218.207 9        55.232 9                                                                  22314188.066 8 117261815.102 8      3218.207 8        52.232 8
G12  20800280.774 9 109306190.450 9       115.326 9        55.843 9                                                                  20800280.774 8 109306190.450 8       115.326 8        52.843 8
G17  24744951.546 9 130035530.097 9     -2962.497 9        54.334 9                                                                  24744951.546 8 130035530.097 8     -2962.497 8        51.334 8
G24  24295928.544 9 127675918.117 9      3042.755 9        54.493 9                                                                  24295928.544 8 127675918.117 8      3042.755 8        51.493 8
G30  22547944.281 9 118490214.891 9      2284.769 9        55.142 9                                                                  22547944.281 8 118490214.891 8      2284.769 8        52.142 8
G05  21249646.731 9 111667622.544 9       614.914 9        55.657 9                                                                  21249646.731 8 111667622.544 8       614.914 8        52.657 8
G04  21992852.613 9 115573189.641 9     -2492.844 9        55.358 9                                                                  21992852.613 8 115573189.641 8     -2492.844 8        52.358 8
E04                                                                  23386545.753 9 122897094.209 9      -173.485 9        57.937 9  23386545.753 9 122897094.209 9      -173.485 9        57.937 9
E05                                                                  26170645.608 9 137527606.613 9     -2072.988 9        56.960 9  26170645.608 9 137527606.613 9     -2072.988 9        56.960 9
E11                                                                  26704971.092 9 140335505.753 9     -2430.252 9        56.785 9  26704971.092 9 140335505.753 9     -2430.252 9        56.785 9
E20                                                                  27895415.279 9 146591317.522 9     -1704.007 9        56.406 9  27895415.279 9 146591317.522 9     -1704.007 9        56.406 9
E09                                                                  24958524.677 9 131157883.362 9      2547.158 9        57.372 9  24958524.677 9 131157883.362 9      2547.158 9        57.372 9
E10                                                                  23770351.582 9 124914004.642 9       -39.465 9        57.796 9  23770351.582 9 124914004.642 9       -39.465 9        57.796 9
E03                                                                  25011692.609 9 131437289.884 9      1939.644 9        57.354 9  25011692.609 9 131437289.884 9      1939.644 9        57.354 9
> 2026 02 03 10 02 37.0000000  0 17       0.000000000000
G02  20310685.715 9 106733352.705 9      -419.748 9        56.050 9                                                                  20310685.715 8 106733352.705 8      -419.748 8        53.050 8
G13  25208961.607 9 132473918.212 9      1185.709 9        54.173 9                                                                  25208961.607 8 132473918.212 8      1185.709 8        51.173 8
G29  24832919.700 9 130497826.465 9      3072.918 9        54.304 9                                                                  24832919.700 8 130497826.465 8      3072.918 8        51.304 8
G10  22313575.693 9 117258597.061 9      3217.884 9        55.233 9                                                                  22313575.693 8 117258597.061 8      3217.884 8        52.233 8
G12  20800258.891 9 109306075.455 9       114.661 9        55.843 9                                                                  20800258.891 8 109306075.455 8       114.661 8        52.843 8
G17  24745515.302 9 130038492.640 9     -2962.620 9        54.334 9                                                                  24745515.302 8 130038492.640 8     -2962.620 8        51.334 8
G24  24295349.542 9 127672875.445 9      3042.589 9        54.494 9                                                                  24295349.542 8 127672875.445 8      3042.589 8        51.494 8
G30  22547509.551 9 118487930.368 9      2284.276 9        55.142 9                                                                  22547509.551 8 118487930.368 8      2284.276 8        52.142 8
G05  21249529.780 9 111667007.959 9       614.255 9        55.657 9                                                                  21249529.780 8 111667007.959 8       614.255 8        52.657 8
G04  21993327.002 9 115575682.569 9     -2493.027 9        55.358 9                                                                  21993327.002 8 115575682.569 8     -2493.027 8        52.358 8
E04                                                                  23386578.790 9 122897267.817 9      -173.735 9        57.937 9  23386578.790 9 122897267.817 9      -173.735 9        57.937 9
E05                                                                  26171040.100 9 137529679.676 9     -2073.158 9        56.960 9  26171040.100 9 137529679.676 9     -2073.158 9        56.960 9
E11                                                                  26705433.577 9 140337936.116 9     -2430.493 9        56.784 9  26705433.577 9 140337936.116 9     -2430.493 9        56.784 9
E20                                                                  27895739.570 9 146593021.675 9     -1704.310 9        56.406 9  27895739.570 9 146593021.675 9     -1704.310 9        56.406 9
E09                                                                  24958039.996 9 131155336.349 9      2546.877 9        57.372 9  24958039.996 9 131155336.349 9      2546.877 9        57.372 9
E10                                                                  23770359.136 9 124914044.341 9       -39.934 9        57.796 9  23770359.136 9 124914044.341 9       -39.934 9        57.796 9
E03                                                                  25011323.516 9 131435350.287 9      1939.552 9        57.354 9  25011323.516 9 131435350.287 9      1939.552 9        57.354 9
> 2026 02 03 10 02 38.0000000  0 17       0.000000000000
G02  20310765.627 9 106733772.647 9      -420.139 9        56.050 9                                                                  20310765.627 8 106733772.647 8      -420.139 8        53.050 8
G13  25208736.018 9 132472732.737 9      1185.251 9        54.173 9                                                                  25208736.018 8 132472732.737 8      1185.251 8        51.173 8
G29  24832334.940 9 130494753.534 9      3072.942 9        54.304 9                                                                  24832334.940 8 130494753.534 8      3072.942 8        51.304 8
G10  22312963.381 9 117255379.344 9      3217.560 9        55.233 9                                                                  22312963.381 8 117255379.344 8      3217.560 8        52.233 8
G12  20800237.136 9 109305961.126 9       113.996 9        55.843 9                                                                  20800237.136 8 109305961.126 8       113.996 8        52.843 8
G17  24746079.081 9 130041455.306 9     -2962.744 9        54.334 9                                                                  24746079.081 8 130041455.306 8     -2962.744 8        51.334 8
G24  24294770.572 9 127669832.940 9      3042.423 9        54.494 9                                                                  24294770.572 8 127669832.940 8      3042.423 8        51.494 8
G30  22547074.914 9 118485646.338 9      2283.784 9        55.142 9                                                                  22547074.914 8 118485646.338 8      2283.784 8        52.142 8
G05  21249412.953 9 111666394.032 9       613.597 9        55.657 9                                                                  21249412.953 8 111666394.032 8       613.597 8        52.657 8
G04  21993801.426 9 115578175.681 9     -2493.209 9        55.358 9                                                                  21993801.426 8 115578175.681 8     -2493.209 8        52.358 8
E04                                                                  23386611.874 9 122897441.676 9      -173.985 9        57.937 9  23386611.874 9 122897441.676 9      -173.985 9        57.937 9
E05                                                                  26171434.625 9 137531752.910 9     -2073.328 9        56.960 9  26171434.625 9 137531752.910 9     -2073.328 9        56.960 9
E11                                                                  26705896.107 9 140340366.720 9     -2430.734 9        56.784 9  26705896.107 9 140340366.720 9     -2430.734 9        56.784 9
E20                                                                  27896063.918 9 146594726.129 9     -1704.613 9        56.406 9  27896063.918 9 146594726.129 9     -1704.613 9        56.406 9
E09                                                                  24957555.368 9 131152789.617 9      2546.597 9        57.372 9  24957555.368 9 131152789.617 9      2546.597 9        57.372 9
E10                                                                  23770366.780 9 124914084.511 9       -40.404 9        57.796 9  23770366.780 9 124914084.511 9       -40.404 9        57.796 9
E03                                                                  25010954.440 9 131433410.781 9      1939.461 9        57.354 9  25010954.440 9 131433410.781 9      1939.461 9        57.354 9
> 2026 02 03 10 02 39.0000000  0 17       0.000000000000
G02  20310845.614 9 106734192.981 9      -420.530 9        56.049 9                                                                  20310845.614 8 106734192.981 8      -420.530 8        53.049 8
G13  25208510.516 9 132471547.720 9      1184.794 9        54.173 9                                                                  25208510.516 8 132471547.720 8      1184.794 8        51.173 8
G29  24831750.176 9 130491680.580 9      3072.966 9        54.304 9                                                                  24831750.176 8 130491680.580 8      3072.966 8        51.304 8
G10  22312351.130 9 117252161.949 9      3217.237 9        55.233 9                                                                  22312351.130 8 117252161.949 8      3217.237 8        52.233 8
G12  20800215.506 9 109305847.462 9       113.331 9        55.843 9                                                                  20800215.506 8 109305847.462 8       113.331 8        52.843 8
G17  24746642.883 9 130044418.095 9     -2962.868 9        54.334 9                                                                  24746642.883 8 130044418.095 8     -2962.868 8        51.334 8
G24  24294191.634 9 127666790.600 9      3042.257 9        54.494 9                                                                  24294191.634 8 127666790.600 8      3042.257 8        51.494 8
G30  22546640.371 9 118483362.800 9      2283.291 9        55.142 9                                                                  22546640.371 8 118483362.800 8      2283.291 8        52.142 8
G05  21249296.252 9 111665780.763 9       612.938 9        55.657 9                                                                  21249296.252 8 111665780.763 8       612.938 8        52.657 8
G04  21994275.885 9 115580668.975 9     -2493.392 9        55.358 9                                                                  21994275.885 8 115580668.975 8     -2493.392 8        52.358 8
E04                                                                  23386645.006 9 122897615.785 9      -174.234 9        57.937 9  23386645.006 9 122897615.785 9      -174.234 9        57.937 9
E05                                                                  26171829.182 9 137533826.313 9     -2073.498 9        56.960 9  26171829.182 9 137533826.313 9     -2073.498 9        56.960 9
E11                                                                  26706358.683 9 140342797.565 9     -2430.974 9        56.784 9  26706358.683 9 140342797.565 9     -2430.974 9        56.784 9
E20                                                                  27896388.324 9 146596430.887 9     -1704.916 9        56.406 9  27896388.324 9 146596430.887 9     -1704.916 9        56.406 9
E09                                                                  24957070.793 9 131150243.166 9      2546.316 9        57.373 9  24957070.793 9 131150243.166 9      2546.316 9        57.373 9
E10                                                                  23770374.514 9 124914125.149 9       -40.873 9        57.796 9  23770374.514 9 124914125.149 9       -40.873 9        57.796 9
E03                                                                  25010585.381 9 131431471.367 9      1939.369 9        57.354 9  25010585.381 9 131431471.367 9      1939.369 9        57.354 9
> 2026 02 03 10 02 40.0000000  0 17       0.000000000000
G02  20310925.676 9 106734613.705 9      -420.921 9        56.049 9                                                                  20310925.676 8 106734613.705 8      -420.921 8        53.049 8
G13  25208285.101 9 132470363.161 9      1184.336 9        54.173 9                                                                  25208285.101 8 132470363.161 8      1184.336 8        51.173 8
G29  24831165.407 9 130488607.601 9      3072.990 9        54.304 9                                                                  24831165.407 8 130488607.601 8      3072.990 8        51.304 8
G10  22311738.941 9 117248944.878 9      3216.913 9        55.233 9                                                                  22311738.941 8 117248944.878 8      3216.913 8        52.233 8
G12  20800194.003 9 109305734.463 9       112.666 9        55.843 9                                                                  20800194.003 8 109305734.463 8       112.666 8        52.843 8
G17  24747206.709 9 130047381.008 9     -2962.991 9        54.334 9                                                                  24747206.709 8 130047381.008 8     -2962.991 8        51.334 8
G24  24293612.727 9 127663748.427 9      3042.090 9        54.494 9                                                                  24293612.727 8 127663748.427 8      3042.090 8        51.494 8
G30  22546205.922 9 118481079.755 9      2282.798 9        55.143 9                                                                  22546205.922 8 118481079.755 8      2282.798 8        52.143 8
G05  21249179.677 9 111665168.153 9       612.280 9        55.657 9                                                                  21249179.677 8 111665168.153 8       612.280 8        52.657 8
G04  21994750.379 9 115583162.451 9     -2493.574 9        55.358 9                                                                  21994750.379 8 115583162.451 8     -2493.574 8        52.358 8
E04                                                                  23386678.185 9 122897790.144 9      -174.484 9        57.937 9  23386678.185 9 122897790.144 9      -174.484 9        57.937 9
E05                                                                  26172223.771 9 137535899.886 9     -2073.668 9        56.960 9  26172223.771 9 137535899.886 9     -2073.668 9        56.960 9
E11                                                                  26706821.304 9 140345228.650 9     -2431.215 9        56.784 9  26706821.304 9 140345228.650 9     -2431.215 9        56.784 9
E20                                                                  27896712.788 9 146598135.948 9     -1705.218 9        56.405 9  27896712.788 9 146598135.948 9     -1705.218 9        56.405 9
E09                                                                  24956586.272 9 131147696.995 9      2546.036 9        57.373 9  24956586.272 9 131147696.995 9      2546.036 9        57.373 9
E10                                                                  23770382.336 9 124914166.258 9       -41.343 9        57.796 9  23770382.336 9 124914166.258 9       -41.343 9        57.796 9
E03                                                                  25010216.340 9 131429532.044 9      1939.278 9        57.354 9  25010216.340 9 131429532.044 9      1939.278 9        57.354 9
> 2026 02 03 10 02 41.0000000  0 17       0.000000000000
G02  20311005.811 9 106735034.820 9      -421.311 9        56.049 9                                                                  20311005.811 8 106735034.820 8      -421.311 8        53.049 8
G13  25208059.773 9 132469179.059 9      1183.878 9        54.173 9                                                                  25208059.773 8 132469179.059 8      1183.878 8        51.173 8
G29  24830580.634 9 130485534.598 9      3073.014 9        54.304 9                                                                  24830580.634 8 130485534.598 8      3073.014 8        51.304 8
G10  22311126.814 9 117245728.131 9      3216.590 9        55.234 9                                                                  22311126.814 8 117245728.131 8      3216.590 8        52.234 8
G12  20800172.627 9 109305622.129 9       112.000 9        55.843 9                                                                  20800172.627 8 109305622.129 8       112.000 8        52.843 8
G17  24747770.559 9 130050344.045 9     -2963.115 9        54.333 9                                                                  24747770.559 8 130050344.045 8     -2963.115 8        51.333 8
G24  24293033.851 9 127660706.420 9      3041.924 9        54.494 9                                                                  24293033.851 8 127660706.420 8      3041.924 8        51.494 8
G30  22545771.566 9 118478797.203 9      2282.306 9        55.143 9                                                                  22545771.566 8 118478797.203 8      2282.306 8        52.143 8
G05  21249063.226 9 111664556.202 9       611.621 9        55.657 9                                                                  21249063.226 8 111664556.202 8       611.621 8        52.657 8
G04  21995224.907 9 115585656.110 9     -2493.756 9        55.357 9                                                                  21995224.907 8 115585656.110 8     -2493.756 8        52.357 8
E04                                                                  23386711.413 9 122897964.753 9      -174.734 9        57.937 9  23386711.413 9 122897964.753 9      -174.734 9        57.937 9
E05                                                                  26172618.393 9 137537973.630 9     -2073.839 9        56.960 9  26172618.393 9 137537973.630 9     -2073.839 9        56.960 9
E11                                                                  26707283.972 9 140347659.976 9     -2431.456 9        56.784 9  26707283.972 9 140347659.976 9     -2431.456 9        56.784 9
E20                                                                  27897037.310 9 146599841.311 9     -1705.521 9        56.405 9  27897037.310 9 146599841.311 9     -1705.521 9        56.405 9
E09                                                                  24956101.804 9 131145151.104 9      2545.755 9        57.373 9  24956101.804 9 131145151.104 9      2545.755 9        57.373 9
E10                                                                  23770390.248 9 124914207.835 9       -41.813 9        57.796 9  23770390.248 9 124914207.835 9       -41.813 9        57.796 9
E03                                                                  25009847.316 9 131427592.813 9      1939.186 9        57.354 9  25009847.316 9 131427592.813 9      1939.186 9        57.354 9
> 2026 02 03 10 02 42.0000000  0 17       0.000000000000
G02  20311086.022 9 106735456.326 9      -421.702 9        56.049 9                                                                  20311086.022 8 106735456.326 8      -421.702 8        53.049 8
G13  25207834.533 9 132467995.416 9      1183.420 9        54.173 9                                                                  25207834.533 8 132467995.416 8      1183.420 8        51.173 8
G29  24829995.856 9 130482461.572 9      3073.037 9        54.305 9                                                                  24829995.856 8 130482461.572 8      3073.037 8        51.305 8
G10  22310514.748 9 117242511.707 9      3216.266 9        55.234 9                                                                  22310514.748 8 117242511.707 8      3216.266 8        52.234 8
G12  20800151.377 9 109305510.460 9       111.335 9        55.843 9                                                                  20800151.377 8 109305510.460 8       111.335 8        52.843 8
G17  24748334.432 9 130053307.204 9     -2963.238 9        54.333 9                                                                  24748334.432 8 130053307.204 8     -2963.238 8        51.333 8
G24  24292455.008 9 127657664.579 9      3041.758 9        54.495 9                                                                  24292455.008 8 127657664.579 8      3041.758 8        51.495 8
G30  22545337.304 9 118476515.144 9      2281.813 9        55.143 9                                                                  22545337.304 8 118476515.144 8      2281.813 8        52.143 8
G05  21248946.901 9 111663944.909 9       610.963 9        55.657 9                                                                  21248946.901 8 111663944.909 8       610.963 8        52.657 8
G04  21995699.470 9 115588149.951 9     -2493.939 9        55.357 9                                                                  21995699.470 8 115588149.951 8     -2493.939 8        52.357 8
E04                                                                  23386744.687 9 122898139.611 9      -174.984 9        57.937 9  23386744.687 9 122898139.611 9      -174.984 9        57.937 9
E05                                                                  26173013.047 9 137540047.544 9     -2074.009 9        56.959 9  26173013.047 9 137540047.544 9     -2074.009 9        56.959 9
E11                                                                  26707746.685 9 140350091.543 9     -2431.696 9        56.784 9  26707746.685 9 140350091.543 9     -2431.696 9        56.784 9
E20                                                                  27897361.889 9 146601546.976 9     -1705.823 9        56.405 9  27897361.889 9 146601546.976 9     -1705.823 9        56.405 9
E09                                                                  24955617.390 9 131142605.494 9      2545.474 9        57.373 9  24955617.390 9 131142605.494 9      2545.474 9        57.373 9
E10                                                                  23770398.250 9 124914249.883 9       -42.282 9        57.796 9  23770398.250 9 124914249.883 9       -42.282 9        57.796 9
E03                                                                  25009478.310 9 131425653.673 9      1939.094 9        57.354 9  25009478.310 9 131425653.673 9      1939.094 9        57.354 9
> 2026 02 03 10 02 43.0000000  0 17       0.000000000000
G02  20311166.306 9 106735878.222 9      -422.093 9        56.049 9                                                                  20311166.306 8 106735878.222 8      -422.093 8        53.049 8
G13  25207609.379 9 132466812.231 9      1182.962 9        54.173 9                                                                  25207609.379 8 132466812.231 8      1182.962 8        51.173 8
G29  24829411.073 9 130479388.522 9      3073.061 9        54.305 9                                                                  24829411.073 8 130479388.522 8      3073.061 8        51.305 8
G10  22309902.744 9 117239295.607 9      3215.942 9        55.234 9                                                                  22309902.744 8 117239295.607 8      3215.942 8        52.234 8
G12  20800130.254 9 109305399.456 9       110.670 9        55.843 9                                                                  20800130.254 8 109305399.456 8       110.670 8        52.843 8
G17  24748898.329 9 130056270.488 9     -2963.362 9        54.333 9                                                                  24748898.329 8 130056270.488 8     -2963.362 8        51.333 8
G24  24291876.196 9 127654622.905 9      3041.592 9        54.495 9                                                                  24291876.196 8 127654622.905 8      3041.592 8        51.495 8
G30  22544903.136 9 118474233.578 9      2281.320 9        55.143 9                                                                  22544903.136 8 118474233.578 8      2281.320 8        52.143 8
G05  21248830.702 9 111663334.275 9       610.304 9        55.657 9                                                                  21248830.702 8 111663334.275 8       610.304 8        52.657 8
G04  21996174.068 9 115590643.974 9     -2494.121 9        55.357 9                                                                  21996174.068 8 115590643.974 8     -2494.121 8        52.357 8
E04                                                                  23386778.009 9 122898314.720 9      -175.235 9        57.937 9  23386778.009 9 122898314.720 9      -175.235 9        57.937 9
E05                                                                  26173407.733 9 137542121.628 9     -2074.179 9        56.959 9  26173407.733 9 137542121.628 9     -2074.179 9        56.959 9
E11                                                                  26708209.444 9 140352523.349 9     -2431.937 9        56.784 9  26708209.444 9 140352523.349 9     -2431.937 9        56.784 9
E20                                                                  27897686.525 9 146603252.944 9     -1706.126 9        56.405 9  27897686.525 9 146603252.944 9     -1706.126 9        56.405 9
E09                                                                  24955133.029 9 131140060.165 9      2545.194 9        57.373 9  24955133.029 9 131140060.165 9      2545.194 9        57.373 9
E10                                                                  23770406.340 9 124914292.400 9       -42.752 9        57.796 9  23770406.340 9 124914292.400 9       -42.752 9        57.796 9
E03                                                                  25009109.321 9 131423714.626 9      1939.003 9        57.355 9  25009109.321 9 131423714.626 9      1939.003 9        57.355 9
> 2026 02 03 10 02 44.0000000  0 17       0.000000000000
G02  20311246.665 9 106736300.509 9      -422.484 9        56.049 9                                                                  20311246.665 8 106736300.509 8      -422.484 8        53.049 8
G13  25207384.313 9 132465629.503 9      1182.504 9        54.174 9                                                                  25207384.313 8 132465629.503 8      1182.504 8        51.174 8
G29  24828826.286 9 130476315.448 9      3073.085 9        54.305 9                                                                  24828826.286 8 130476315.448 8      3073.085 8        51.305 8
G10  22309290.801 9 117236079.831 9      3215.618 9        55.234 9                                                                  22309290.801 8 117236079.831 8      3215.618 8        52.234 8
G12  20800109.258 9 109305289.118 9       110.005 9        55.843 9                                                                  20800109.258 8 109305289.118 8       110.005 8        52.843 8
G17  24749462.249 9 130059233.895 9     -2963.485 9        54.333 9                                                                  24749462.249 8 130059233.895 8     -2963.485 8        51.333 8
G24  24291297.415 9 127651581.396 9      3041.426 9        54.495 9                                                                  24291297.415 8 127651581.396 8      3041.426 8        51.495 8
G30  22544469.062 9 118471952.505 9      2280.826 9        55.143 9                                                                  22544469.062 8 118471952.505 8      2280.826 8        52.143 8
G05  21248714.627 9 111662724.300 9       609.645 9        55.657 9                                                                  21248714.627 8 111662724.300 8       609.645 8        52.657 8
G04  21996648.700 9 115593138.180 9     -2494.303 9        55.357 9                                                                  21996648.700 8 115593138.180 8     -2494.303 8        52.357 8
E04                                                                  23386811.379 9 122898490.079 9      -175.485 9        57.937 9  23386811.379 9 122898490.079 9      -175.485 9        57.937 9
E05                                                                  26173802.452 9 137544195.882 9     -2074.349 9        56.959 9  26173802.452 9 137544195.882 9     -2074.349 9        56.959 9
E11                                                                  26708672.248 9 140354955.397 9     -2432.177 9        56.783 9  26708672.248 9 140354955.397 9     -2432.177 9        56.783 9
E20                                                                  27898011.219 9 146604959.215 9     -1706.428 9        56.405 9  27898011.219 9 146604959.215 9     -1706.428 9        56.405 9
E09                                                                  24954648.721 9 131137515.117 9      2544.913 9        57.373 9  24954648.721 9 131137515.117 9      2544.913 9        57.373 9
E10                                                                  23770414.520 9 124914335.386 9       -43.221 9        57.796 9  23770414.520 9 124914335.386 9       -43.221 9        57.796 9
E03                                                                  25008740.349 9 131421775.669 9      1938.911 9        57.355 9  25008740.349 9 131421775.669 9      1938.911 9        57.355 9
> 2026 02 03 10 02 45.0000000  0 17       0.000000000000
G02  20311327.098 9 106736723.187 9      -422.874 9        56.049 9                                                                  20311327.098 8 106736723.187 8      -422.874 8        53.049 8
G13  25207159.334 9 132464447.234 9      1182.045 9        54.174 9                                                                  25207159.334 8 132464447.234 8      1182.045 8        51.174 8
G29  24828241.495 9 130473242.349 9      3073.109 9        54.305 9                                                                  24828241.495 8 130473242.349 8      3073.109 8        51.305 8
G10  22308678.920 9 117232864.379 9      3215.294 9        55.235 9                                                                  22308678.920 8 117232864.379 8      3215.294 8        52.235 8
G12  20800088.388 9 109305179.445 9       109.340 9        55.843 9                                                                  20800088.388 8 109305179.445 8       109.340 8        52.843 8
G17  24750026.192 9 130062197.425 9     -2963.608 9        54.333 9                                                                  24750026.192 8 130062197.425 8     -2963.608 8        51.333 8
G24  24290718.666 9 127648540.054 9      3041.259 9        54.495 9                                                                  24290718.666 8 127648540.054 8      3041.259 8        51.495 8
G30  22544035.082 9 118469671.924 9      2280.333 9        55.143 9                                                                  22544035.082 8 118469671.924 8      2280.333 8        52.143 8
G05  21248598.678 9 111662114.983 9       608.986 9        55.657 9                                                                  21248598.678 8 111662114.983 8       608.986 8        52.657 8
G04  21997123.368 9 115595632.568 9     -2494.485 9        55.357 9                                                                  21997123.368 8 115595632.568 8     -2494.485 8        52.357 8
E04                                                                  23386844.797 9 122898665.688 9      -175.735 9        57.937 9  23386844.797 9 122898665.688 9      -175.735 9        57.937 9
E05                                                                  26174197.204 9 137546270.306 9     -2074.519 9        56.959 9  26174197.204 9 137546270.306 9     -2074.519 9        56.959 9
E11                                                                  26709135.099 9 140357387.685 9     -2432.418 9        56.783 9  26709135.099 9 140357387.685 9     -2432.418 9        56.783 9
E20                                                                  27898335.971 9 146606665.788 9     -1706.731 9        56.405 9  27898335.971 9 146606665.788 9     -1706.731 9        56.405 9
E09                                                                  24954164.467 9 131134970.349 9      2544.632 9        57.374 9  24954164.467 9 131134970.349 9      2544.632 9        57.374 9
E10                                                                  23770422.790 9 124914378.843 9       -43.691 9        57.796 9  23770422.790 9 124914378.843 9       -43.691 9        57.796 9
E03                                                                  25008371.395 9 131419836.805 9      1938.820 9        57.355 9  25008371.395 9 131419836.805 9      1938.820 9        57.355 9
> 2026 02 03 10 02 46.0000000  0 17       0.000000000000
G02  20311407.605 9 106737146.255 9      -423.265 9        56.049 9                                                                  20311407.605 8 106737146.255 8      -423.265 8        53.049 8
G13  25206934.442 9 132463265.423 9      1181.587 9        54.174 9                                                                  25206934.442 8 132463265.423 8      1181.587 8        51.174 8
G29  24827656.699 9 130470169.227 9      3073.133 9        54.305 9                                                                  24827656.699 8 130470169.227 8      3073.133 8        51.305 8
G10  22308067.101 9 117229649.251 9      3214.970 9        55.235 9                                                                  22308067.101 8 117229649.251 8      3214.970 8        52.235 8
G12  20800067.644 9 109305070.437 9       108.675 9        55.843 9                                                                  20800067.644 8 109305070.437 8       108.675 8        52.843 8
G17  24750590.159 9 130065161.079 9     -2963.732 9        54.332 9                                                                  24750590.159 8 130065161.079 8     -2963.732 8        51.332 8
G24  24290139.949 9 127645498.878 9      3041.093 9        54.495 9                                                                  24290139.949 8 127645498.878 8      3041.093 8        51.495 8
G30  22543601.196 9 118467391.838 9      2279.840 9        55.144 9                                                                  22543601.196 8 118467391.838 8      2279.840 8        52.144 8
G05  21248482.854 9 111661506.325 9       608.328 9        55.657 9                                                                  21248482.854 8 111661506.325 8       608.328 8        52.657 8
G04  21997598.069 9 115598127.138 9     -2494.667 9        55.357 9                                                                  21997598.069 8 115598127.138 8     -2494.667 8        52.357 8
E04                                                                  23386878.262 9 122898841.547 9      -175.985 9        57.937 9  23386878.262 9 122898841.547 9      -175.985 9        57.937 9
E05                                                                  26174591.987 9 137548344.900 9     -2074.689 9        56.959 9  26174591.987 9 137548344.900 9     -2074.689 9        56.959 9
E11                                                                  26709597.995 9 140359820.213 9     -2432.658 9        56.783 9  26709597.995 9 140359820.213 9     -2432.658 9        56.783 9
E20                                                                  27898660.780 9 146608372.663 9     -1707.033 9        56.405 9  27898660.780 9 146608372.663 9     -1707.033 9        56.405 9
E09                                                                  24953680.266 9 131132425.862 9      2544.351 9        57.374 9  24953680.266 9 131132425.862 9      2544.351 9        57.374 9
E10                                                                  23770431.148 9 124914422.768 9       -44.160 9        57.796 9  23770431.148 9 124914422.768 9       -44.160 9        57.796 9
E03                                                                  25008002.459 9 131417898.032 9      1938.728 9        57.355 9  25008002.459 9 131417898.032 9      1938.728 9        57.355 9
> 2026 02 03 10 02 47.0000000  0 17       0.000000000000
G02  20311488.187 9 106737569.714 9      -423.655 9        56.049 9                                                                  20311488.187 8 106737569.714 8      -423.655 8        53.049 8
G13  25206709.637 9 132462084.071 9      1181.129 9        54.174 9                                                                  25206709.637 8 132462084.071 8      1181.129 8        51.174 8
G29  24827071.898 9 130467096.082 9      3073.156 9        54.306 9                                                                  24827071.898 8 130467096.082 8      3073.156 8        51.306 8
G10  22307455.343 9 117226434.447 9      3214.646 9        55.235 9                                                                  22307455.343 8 117226434.447 8      3214.646 8        52.235 8
G12  20800047.027 9 109304962.094 9       108.009 9        55.843 9                                                                  20800047.027 8 109304962.094 8       108.009 8        52.843 8
G17  24751154.150 9 130068124.856 9     -2963.855 9        54.332 9                                                                  24751154.150 8 130068124.856 8     -2963.855 8        51.332 8
G24  24289561.263 9 127642457.868 9      3040.927 9        54.496 9                                                                  24289561.263 8 127642457.868 8      3040.927 8        51.496 8
G30  22543167.403 9 118465112.244 9      2279.347 9        55.144 9                                                                  22543167.403 8 118465112.244 8      2279.347 8        52.144 8
G05  21248367.156 9 111660898.326 9       607.669 9        55.658 9                                                                  21248367.156 8 111660898.326 8       607.669 8        52.658 8
G04  21998072.806 9 115600621.889 9     -2494.849 9        55.356 9                                                                  21998072.806 8 115600621.889 8     -2494.849 8        52.356 8
E04                                                                  23386911.774 9 122899017.656 9      -176.235 9        57.937 9  23386911.774 9 122899017.656 9      -176.235 9        57.937 9
E05                                                                  26174986.803 9 137550419.665 9     -2074.859 9        56.959 9  26174986.803 9 137550419.665 9     -2074.859 9        56.959 9
E11                                                                  26710060.937 9 140362252.981 9     -2432.898 9        56.783 9  26710060.937 9 140362252.981 9     -2432.898 9        56.783 9
E20                                                                  27898985.647 9 146610079.840 9     -1707.335 9        56.405 9  27898985.647 9 146610079.840 9     -1707.335 9        56.405 9
E09                                                                  24953196.119 9 131129881.656 9      2544.070 9        57.374 9  24953196.119 9 131129881.656 9      2544.070 9        57.374 9
E10                                                                  23770439.597 9 124914467.163 9       -44.630 9        57.796 9  23770439.597 9 124914467.163 9       -44.630 9        57.796 9
E03                                                                  25007633.539 9 131415959.351 9      1938.636 9        57.355 9  25007633.539 9 131415959.351 9      1938.636 9        57.355 9
> 2026 02 03 10 02 48.0000000  0 17       0.000000000000
G02  20311568.843 9 106737993.564 9      -424.046 9        56.049 9                                                                  20311568.843 8 106737993.564 8      -424.046 8        53.049 8
G13  25206484.920 9 132460903.177 9      1180.670 9        54.174 9                                                                  25206484.920 8 132460903.177 8      1180.670 8        51.174 8
G29  24826487.093 9 130464022.913 9      3073.180 9        54.306 9                                                                  24826487.093 8 130464022.913 8      3073.180 8        51.306 8
G10  22306843.647 9 117223219.968 9      3214.322 9        55.235 9                                                                  22306843.647 8 117223219.968 8      3214.322 8        52.235 8
G12  20800026.537 9 109304854.416 9       107.344 9        55.843 9                                                                  20800026.537 8 109304854.416 8       107.344 8        52.843 8
G17  24751718.164 9 130071088.757 9     -2963.979 9        54.332 9                                                                  24751718.164 8 130071088.757 8     -2963.979 8        51.332 8
G24  24288982.609 9 127639417.025 9      3040.761 9        54.496 9                                                                  24288982.609 8 127639417.025 8      3040.761 8        51.496 8
G30  22542733.705 9 118462833.144 9      2278.853 9        55.144 9                                                                  22542733.705 8 118462833.144 8      2278.853 8        52.144 8
G05  21248251.583 9 111660290.985 9       607.010 9        55.658 9                                                                  21248251.583 8 111660290.985 8       607.010 8        52.658 8
G04  21998547.577 9 115603116.823 9     -2495.031 9        55.356 9                                                                  21998547.577 8 115603116.823 8     -2495.031 8        52.356 8
E04                                                                  23386945.334 9 122899194.015 9      -176.485 9        57.937 9  23386945.334 9 122899194.015 9      -176.485 9        57.937 9
E05                                                                  26175381.652 9 137552494.599 9     -2075.029 9        56.959 9  26175381.652 9 137552494.599 9     -2075.029 9        56.959 9
E11                                                                  26710523.925 9 140364685.989 9     -2433.138 9        56.783 9  26710523.925 9 140364685.989 9     -2433.138 9        56.783 9
E20                                                                  27899310.571 9 146611787.320 9     -1707.637 9        56.405 9  27899310.571 9 146611787.320 9     -1707.637 9        56.405 9
E09                                                                  24952712.025 9 131127337.731 9      2543.790 9        57.374 9  24952712.025 9 131127337.731 9      2543.790 9        57.374 9
E10                                                                  23770448.134 9 124914512.028 9       -45.099 9        57.796 9  23770448.134 9 124914512.028 9       -45.099 9        57.796 9
E03                                                                  25007264.638 9 131414020.762 9      1938.544 9        57.355 9  25007264.638 9 131414020.762 9      1938.544 9        57.355 9
> 2026 02 03 10 02 49.0000000  0 17       0.000000000000
G02  20311649.574 9 106738417.804 9      -424.436 9        56.049 9                                                                  20311649.574 8 106738417.804 8      -424.436 8        53.049 8
G13  25206260.289 9 132459722.741 9      1180.212 9        54.174 9                                                                  25206260.289 8 132459722.741 8      1180.212 8        51.174 8
G29  24825902.283 9 130460949.720 9      3073.204 9        54.306 9                                                                  24825902.283 8 130460949.720 8      3073.204 8        51.306 8
G10  22306232.013 9 117220005.813 9      3213.997 9        55.236 9                                                                  22306232.013 8 117220005.813 8      3213.997 8        52.236 8
G12  20800006.174 9 109304747.403 9       106.679 9        55.843 9                                                                  20800006.174 8 109304747.403 8       106.679 8        52.843 8
G17  24752282.201 9 130074052.781 9     -2964.102 9        54.332 9                                                                  24752282.201 8 130074052.781 8     -2964.102 8        51.332 8
G24  24288403.987 9 127636376.348 9      3040.594 9        54.496 9                                                                  24288403.987 8 127636376.348 8      3040.594 8        51.496 8
G30  22542300.100 9 118460554.538 9      2278.360 9        55.144 9                                                                  22542300.100 8 118460554.538 8      2278.360 8        52.144 8
G05  21248136.136 9 111659684.304 9       606.351 9        55.658 9                                                                  21248136.136 8 111659684.304 8       606.351 8        52.658 8
G04  21999022.382 9 115605611.939 9     -2495.213 9        55.356 9                                                                  21999022.382 8 115605611.939 8     -2495.213 8        52.356 8
E04                                                                  23386978.942 9 122899370.625 9      -176.735 9        57.937 9  23386978.942 9 122899370.625 9      -176.735 9        57.937 9
E05                                                                  26175776.532 9 137554569.704 9     -2075.199 9        56.958 9  26175776.532 9 137554569.704 9     -2075.199 9        56.958 9
E11                                                                  26710986.958 9 140367119.238 9     -2433.378 9        56.783 9  26710986.958 9 140367119.238 9     -2433.378 9        56.783 9
E20                                                                  27899635.553 9 146613495.101 9     -1707.939 9        56.405 9  27899635.553 9 146613495.101 9     -1707.939 9        56.405 9
E09                                                                  24952227.985 9 131124794.087 9      2543.509 9        57.374 9  24952227.985 9 131124794.087 9      2543.509 9        57.374 9
E10                                                                  23770456.761 9 124914557.362 9       -45.569 9        57.796 9  23770456.761 9 124914557.362 9       -45.569 9        57.796 9
E03                                                                  25006895.754 9 131412082.264 9      1938.452 9        57.355 9  25006895.754 9 131412082.264 9      1938.452 9        57.355 9
> 2026 02 03 10 02 50.0000000  0 17       0.000000000000
G02  20311730.378 9 106738842.435 9      -424.827 9        56.049 9                                                                  20311730.378 8 106738842.435 8      -424.827 8        53.049 8
G13  25206035.746 9 132458542.764 9      1179.753 9        54.174 9                                                                  25206035.746 8 132458542.764 8      1179.753 8        51.174 8
G29  24825317.469 9 130457876.503 9      3073.228 9        54.306 9                                                                  24825317.469 8 130457876.503 8      3073.228 8        51.306 8
G10  22305620.441 9 117216791.982 9      3213.673 9        55.236 9                                                                  22305620.441 8 117216791.982 8      3213.673 8        52.236 8
G12  20799985.937 9 109304641.056 9       106.014 9        55.843 9                                                                  20799985.937 8 109304641.056 8       106.014 8        52.843 8
G17  24752846.262 9 130077016.928 9     -2964.225 9        54.332 9                                                                  24752846.262 8 130077016.928 8     -2964.225 8        51.332 8
G24  24287825.397 9 127633335.838 9      3040.428 9        54.496 9                                                                  24287825.397 8 127633335.838 8      3040.428 8        51.496 8
G30  22541866.589 9 118458276.425 9      2277.866 9        55.144 9                                                                  22541866.589 8 118458276.425 8      2277.866 8        52.144 8
G05  21248020.813 9 111659078.281 9       605.692 9        55.658 9                                                                  21248020.813 8 111659078.281 8       605.692 8        52.658 8
G04  21999497.223 9 115608107.237 9     -2495.395 9        55.356 9                                                                  21999497.223 8 115608107.237 8     -2495.395 8        52.356 8
E04                                                                  23387012.598 9 122899547.484 9      -176.986 9        57.937 9  23387012.598 9 122899547.484 9      -176.986 9        57.937 9
E05                                                                  26176171.446 9 137556644.978 9     -2075.369 9        56.958 9  26176171.446 9 137556644.978 9     -2075.369 9        56.958 9
E11                                                                  26711450.037 9 140369552.726 9     -2433.618 9        56.783 9  26711450.037 9 140369552.726 9     -2433.618 9        56.783 9
E20                                                                  27899960.592 9 146615203.185 9     -1708.241 9        56.404 9  27899960.592 9 146615203.185 9     -1708.241 9        56.404 9
E09                                                                  24951743.998 9 131122250.724 9      2543.227 9        57.374 9  24951743.998 9 131122250.724 9      2543.227 9        57.374 9
E10                                                                  23770465.477 9 124914603.165 9       -46.038 9        57.796 9  23770465.477 9 124914603.165 9       -46.038 9        57.796 9
E03                                                                  25006526.887 9 131410143.859 9      1938.360 9        57.355 9  25006526.887 9 131410143.859 9      1938.360 9        57.355 9
> 2026 02 03 10 02 51.0000000  0 17       0.000000000000
G02  20311811.257 9 106739267.455 9      -425.217 9        56.049 9                                                                  20311811.257 8 106739267.455 8      -425.217 8        53.049 8
G13  25205811.291 9 132457363.246 9      1179.294 9        54.174 9                                                                  25205811.291 8 132457363.246 8      1179.294 8        51.174 8
G29  24824732.651 9 130454803.262 9      3073.251 9        54.306 9                                                                  24824732.651 8 130454803.262 8      3073.251 8        51.306 8
G10  22305008.930 9 117213578.476 9      3213.348 9        55.236 9                                                                  22305008.930 8 117213578.476 8      3213.348 8        52.236 8
G12  20799965.826 9 109304535.374 9       105.348 9        55.843 9                                                                  20799965.826 8 109304535.374 8       105.348 8        52.843 8
G17  24753410.347 9 130079981.198 9     -2964.349 9        54.331 9                                                                  24753410.347 8 130079981.198 8     -2964.349 8        51.331 8
G24  24287246.838 9 127630295.494 9      3040.261 9        54.496 9                                                                  24287246.838 8 127630295.494 8      3040.261 8        51.496 8
G30  22541433.172 9 118455998.805 9      2277.372 9        55.144 9                                                                  22541433.172 8 118455998.805 8      2277.372 8        52.144 8
G05  21247905.617 9 111658472.917 9       605.034 9        55.658 9                                                                  21247905.617 8 111658472.917 8       605.034 8        52.658 8
G04  21999972.098 9 115610602.716 9     -2495.577 9        55.356 9                                                                  21999972.098 8 115610602.716 8     -2495.577 8        52.356 8
E04                                                                  23387046.301 9 122899724.594 9      -177.236 9        57.937 9  23387046.301 9 122899724.594 9      -177.236 9        57.937 9
E05                                                                  26176566.391 9 137558720.423 9     -2075.540 9        56.958 9  26176566.391 9 137558720.423 9     -2075.540 9        56.958 9
E11                                                                  26711913.161 9 140371986.455 9     -2433.858 9        56.782 9  26711913.161 9 140371986.455 9     -2433.858 9        56.782 9
E20                                                                  27900285.688 9 146616911.571 9     -1708.543 9        56.404 9  27900285.688 9 146616911.571 9     -1708.543 9        56.404 9
E09                                                                  24951260.065 9 131119707.642 9      2542.946 9        57.375 9  24951260.065 9 131119707.642 9      2542.946 9        57.375 9
E10                                                                  23770474.282 9 124914649.438 9       -46.508 9        57.796 9  23770474.282 9 124914649.438 9       -46.508 9        57.796 9
E03                                                                  25006158.038 9 131408205.545 9      1938.268 9        57.356 9  25006158.038 9 131408205.545 9      1938.268 9        57.356 9
> 2026 02 03 10 02 52.0000000  0 17       0.000000000000
G02  20311892.210 9 106739692.867 9      -425.607 9        56.049 9                                                                  20311892.210 8 106739692.867 8      -425.607 8        53.049 8
G13  25205586.922 9 132456184.186 9      1178.836 9        54.174 9                                                                  25205586.922 8 132456184.186 8      1178.836 8        51.174 8
G29  24824147.827 9 130451729.998 9      3073.275 9        54.307 9                                                                  24824147.827 8 130451729.998 8      3073.275 8        51.307 8
G10  22304397.481 9 117210365.294 9      3213.023 9        55.236 9                                                                  22304397.481 8 117210365.294 8      3213.023 8        52.236 8
G12  20799945.842 9 109304430.358 9       104.683 9        55.843 9                                                                  20799945.842 8 109304430.358 8       104.683 8        52.843 8
G17  24753974.455 9 130082945.592 9     -2964.472 9        54.331 9                                                                  24753974.455 8 130082945.592 8     -2964.472 8        51.331 8
G24  24286668.311 9 127627255.316 9      3040.095 9        54.497 9                                                                  24286668.311 8 127627255.316 8      3040.095 8        51.497 8
G30  22540999.849 9 118453721.680 9      2276.879 9        55.145 9                                                                  22540999.849 8 118453721.680 8      2276.879 8        52.145 8
G05  21247790.545 9 111657868.212 9       604.375 9        55.658 9                                                                  21247790.545 8 111657868.212 8       604.375 8        52.658 8
G04  22000447.007 9 115613098.378 9     -2495.759 9        55.355 9                                                                  22000447.007 8 115613098.378 8     -2495.759 8        52.355 8
E04                                                                  23387080.051 9 122899901.955 9      -177.486 9        57.937 9  23387080.051 9 122899901.955 9      -177.486 9        57.937 9
E05                                                                  26176961.369 9 137560796.038 9     -2075.710 9        56.958 9  26176961.369 9 137560796.038 9     -2075.710 9        56.958 9
E11                                                                  26712376.332 9 140374420.424 9     -2434.098 9        56.782 9  26712376.332 9 140374420.424 9     -2434.098 9        56.782 9
E20                                                                  27900610.842 9 146618620.258 9     -1708.845 9        56.404 9  27900610.842 9 146618620.258 9     -1708.845 9        56.404 9
E09                                                                  24950776.185 9 131117164.841 9      2542.665 9        57.375 9  24950776.185 9 131117164.841 9      2542.665 9        57.375 9
E10                                                                  23770483.177 9 124914696.180 9       -46.977 9        57.796 9  23770483.177 9 124914696.180 9       -46.977 9        57.796 9
E03                                                                  25005789.206 9 131406267.323 9      1938.177 9        57.356 9  25005789.206 9 131406267.323 9      1938.177 9        57.356 9
> 2026 02 03 10 02 53.0000000  0 17       0.000000000000
G02  20311973.238 9 106740118.668 9      -425.998 9        56.049 9                                                                  20311973.238 8 106740118.668 8      -425.998 8        53.049 8
G13  25205362.641 9 132455005.585 9      1178.377 9        54.174 9                                                                  25205362.641 8 132455005.585 8      1178.377 8        51.174 8
G29  24823563.000 9 130448656.711 9      3073.298 9        54.307 9                                                                  24823563.000 8 130448656.711 8      3073.298 8        51.307 8
G10  22303786.094 9 117207152.438 9      3212.699 9        55.236 9                                                                  22303786.094 8 117207152.438 8      3212.699 8        52.236 8
G12  20799925.985 9 109304326.006 9       104.018 9        55.843 9                                                                  20799925.985 8 109304326.006 8       104.018 8        52.843 8
G17  24754538.586 9 130085910.109 9     -2964.595 9        54.331 9                                                                  24754538.586 8 130085910.109 8     -2964.595 8        51.331 8
G24  24286089.815 9 127624215.305 9      3039.928 9        54.497 9                                                                  24286089.815 8 127624215.305 8      3039.928 8        51.497 8
G30  22540566.620 9 118451445.048 9      2276.385 9        55.145 9                                                                  22540566.620 8 118451445.048 8      2276.385 8        52.145 8
G05  21247675.599 9 111657264.166 9       603.716 9        55.658 9                                                                  21247675.599 8 111657264.166 8       603.716 8        52.658 8
G04  22000921.951 9 115615594.221 9     -2495.940 9        55.355 9                                                                  22000921.951 8 115615594.221 8     -2495.940 8        52.355 8
E04                                                                  23387113.850 9 122900079.565 9      -177.736 9        57.937 9  23387113.850 9 122900079.565 9      -177.736 9        57.937 9
E05                                                                  26177356.379 9 137562871.822 9     -2075.880 9        56.958 9  26177356.379 9 137562871.822 9     -2075.880 9        56.958 9
E11                                                                  26712839.548 9 140376854.632 9     -2434.338 9        56.782 9  26712839.548 9 140376854.632 9     -2434.338 9        56.782 9
E20                                                                  27900936.054 9 146620329.248 9     -1709.147 9        56.404 9  27900936.054 9 146620329.248 9     -1709.147 9        56.404 9
E09                                                                  24950292.358 9 131114622.321 9      2542.384 9        57.375 9  24950292.358 9 131114622.321 9      2542.384 9        57.375 9
E10                                                                  23770492.161 9 124914743.392 9       -47.446 9        57.796 9  23770492.161 9 124914743.392 9       -47.446 9        57.796 9
E03                                                                  25005420.392 9 131404329.194 9      1938.085 9        57.356 9  25005420.392 9 131404329.194 9      1938.085 9        57.356 9
> 2026 02 03 10 02 54.0000000  0 17       0.000000000000
G02  20312054.340 9 106740544.860 9      -426.388 9        56.049 9                                                                  20312054.340 8 106740544.860 8      -426.388 8        53.049 8
G13  25205138.448 9 132453827.443 9      1177.918 9        54.174 9                                                                  25205138.448 8 132453827.443 8      1177.918 8        51.174 8
G29  24822978.168 9 130445583.399 9      3073.322 9        54.307 9                                                                  24822978.168 8 130445583.399 8      3073.322 8        51.307 8
G10  22303174.769 9 117203939.906 9      3212.374 9        55.237 9                                                                  22303174.769 8 117203939.906 8      3212.374 8        52.237 8
G12  20799906.254 9 109304222.320 9       103.352 9        55.843 9                                                                  20799906.254 8 109304222.320 8       103.352 8        52.843 8
G17  24755102.741 9 130088874.750 9     -2964.718 9        54.331 9                                                                  24755102.741 8 130088874.750 8     -2964.718 8        51.331 8
G24  24285511.351 9 127621175.460 9      3039.762 9        54.497 9                                                                  24285511.351 8 127621175.460 8      3039.762 8        51.497 8
G30  22540133.485 9 118449168.910 9      2275.891 9        55.145 9                                                                  22540133.485 8 118449168.910 8      2275.891 8        52.145 8
G05  21247560.778 9 111656660.779 9       603.057 9        55.658 9                                                                  21247560.778 8 111656660.779 8       603.057 8        52.658 8
G04  22001396.930 9 115618090.246 9     -2496.122 9        55.355 9                                                                  22001396.930 8 115618090.246 8     -2496.122 8        52.355 8
E04                                                                  23387147.696 9 122900257.426 9      -177.987 9        57.937 9  23387147.696 9 122900257.426 9      -177.987 9        57.937 9
E05                                                                  26177751.422 9 137564947.777 9     -2076.050 9        56.958 9  26177751.422 9 137564947.777 9     -2076.050 9        56.958 9
E11                                                                  26713302.809 9 140379289.080 9     -2434.577 9        56.782 9  26713302.809 9 140379289.080 9     -2434.577 9        56.782 9
E20                                                                  27901261.323 9 146622038.539 9     -1709.449 9        56.404 9  27901261.323 9 146622038.539 9     -1709.449 9        56.404 9
E09                                                                  24949808.585 9 131112080.083 9      2542.103 9        57.375 9  24949808.585 9 131112080.083 9      2542.103 9        57.375 9
E10                                                                  23770501.234 9 124914791.073 9       -47.916 9        57.796 9  23770501.234 9 124914791.073 9       -47.916 9        57.796 9
E03                                                                  25005051.595 9 131402391.156 9      1937.992 9        57.356 9  25005051.595 9 131402391.156 9      1937.992 9        57.356 9
> 2026 02 03 10 02 55.0000000  0 17       0.000000000000
G02  20312135.516 9 106740971.442 9      -426.778 9        56.049 9                                                                  20312135.516 8 106740971.442 8      -426.778 8        53.049 8
G13  25204914.341 9 132452649.760 9      1177.459 9        54.174 9                                                                  25204914.341 8 132452649.760 8      1177.459 8        51.174 8
G29  24822393.331 9 130442510.065 9      3073.345 9        54.307 9                                                                  24822393.331 8 130442510.065 8      3073.345 8        51.307 8
G10  22302563.505 9 117200727.699 9      3212.049 9        55.237 9                                                                  22302563.505 8 117200727.699 8      3212.049 8        52.237 8
G12  20799886.650 9 109304119.299 9       102.687 9        55.843 9                                                                  20799886.650 8 109304119.299 8       102.687 8        52.843 8
G17  24755666.919 9 130091839.514 9     -2964.842 9        54.331 9                                                                  24755666.919 8 130091839.514 8     -2964.842 8        51.331 8
G24  24284932.919 9 127618135.782 9      3039.595 9        54.497 9                                                                  24284932.919 8 127618135.782 8      3039.595 8        51.497 8
G30  22539700.444 9 118446893.267 9      2275.397 9        55.145 9                                                                  22539700.444 8 118446893.267 8      2275.397 8        52.145 8
G05  21247446.083 9 111656058.051 9       602.398 9        55.658 9                                                                  21247446.083 8 111656058.051 8       602.398 8        52.658 8
G04  22001871.943 9 115620586.452 9     -2496.304 9        55.355 9                                                                  22001871.943 8 115620586.452 8     -2496.304 8        52.355 8
E04                                                                  23387181.589 9 122900435.537 9      -178.237 9        57.937 9  23387181.589 9 122900435.537 9      -178.237 9        57.937 9
E05                                                                  26178146.497 9 137567023.902 9     -2076.220 9        56.958 9  26178146.497 9 137567023.902 9     -2076.220 9        56.958 9
E11                                                                  26713766.116 9 140381723.768 9     -2434.817 9        56.782 9  26713766.116 9 140381723.768 9     -2434.817 9        56.782 9
E20                                                                  27901586.649 9 146623748.132 9     -1709.750 9        56.404 9  27901586.649 9 146623748.132 9     -1709.750 9        56.404 9
E09                                                                  24949324.866 9 131109538.126 9      2541.822 9        57.375 9  24949324.866 9 131109538.126 9      2541.822 9        57.375 9
E10                                                                  23770510.397 9 124914839.224 9       -48.385 9        57.796 9  23770510.397 9 124914839.224 9       -48.385 9        57.796 9
E03                                                                  25004682.816 9 131400453.210 9      1937.901 9        57.356 9  25004682.816 9 131400453.210 9      1937.901 9        57.356 9
> 2026 02 03 10 02 56.0000000  0 17       0.000000000000
G02  20312216.766 9 106741398.414 9      -427.168 9        56.049 9                                                                  20312216.766 8 106741398.414 8      -427.168 8        53.049 8
G13  25204690.322 9 132451472.536 9      1177.000 9        54.174 9                                                                  25204690.322 8 132451472.536 8      1177.000 8        51.174 8
G29  24821808.490 9 130439436.706 9      3073.369 9        54.307 9                                                                  24821808.490 8 130439436.706 8      3073.369 8        51.307 8
G10  22301952.304 9 117197515.817 9      3211.723 9        55.237 9                                                                  22301952.304 8 117197515.817 8      3211.723 8        52.237 8
G12  20799867.173 9 109304016.944 9       102.022 9        55.843 9                                                                  20799867.173 8 109304016.944 8       102.022 8        52.843 8
G17  24756231.121 9 130094804.401 9     -2964.965 9        54.330 9                                                                  24756231.121 8 130094804.401 8     -2964.965 8        51.330 8
G24  24284354.518 9 127615096.270 9      3039.429 9        54.498 9                                                                  24284354.518 8 127615096.270 8      3039.429 8        51.498 8
G30  22539267.498 9 118444618.117 9      2274.903 9        55.145 9                                                                  22539267.498 8 118444618.117 8      2274.903 8        52.145 8
G05  21247331.513 9 111655455.982 9       601.739 9        55.658 9                                                                  21247331.513 8 111655455.982 8       601.739 8        52.658 8
G04  22002346.991 9 115623082.840 9     -2496.485 9        55.355 9                                                                  22002346.991 8 115623082.840 8     -2496.485 8        52.355 8
E04                                                                  23387215.530 9 122900613.898 9      -178.487 9        57.937 9  23387215.530 9 122900613.898 9      -178.487 9        57.937 9
E05                                                                  26178541.604 9 137569100.197 9     -2076.390 9        56.958 9  26178541.604 9 137569100.197 9     -2076.390 9        56.958 9
E11                                                                  26714229.469 9 140384158.695 9     -2435.057 9        56.782 9  26714229.469 9 140384158.695 9     -2435.057 9        56.782 9
E20                                                                  27901912.033 9 146625458.026 9     -1710.052 9        56.404 9  27901912.033 9 146625458.026 9     -1710.052 9        56.404 9
E09                                                                  24948841.200 9 131106996.450 9      2541.540 9        57.375 9  24948841.200 9 131106996.450 9      2541.540 9        57.375 9
E10                                                                  23770519.649 9 124914887.843 9       -48.854 9        57.796 9  23770519.649 9 124914887.843 9       -48.854 9        57.796 9
E03                                                                  25004314.054 9 131398515.357 9      1937.808 9        57.356 9  25004314.054 9 131398515.357 9      1937.808 9        57.356 9
> 2026 02 03 10 02 57.0000000  0 17       0.000000000000
G02  20312298.091 9 106741825.777 9      -427.559 9        56.049 9                                                                  20312298.091 8 106741825.777 8      -427.559 8        53.049 8
G13  25204466.390 9 132450295.771 9      1176.541 9        54.175 9                                                                  25204466.390 8 132450295.771 8      1176.541 8        51.175 8
G29  24821223.645 9 130436363.325 9      3073.392 9        54.308 9                                                                  24821223.645 8 130436363.325 8      3073.392 8        51.308 8
G10  22301341.164 9 117194304.261 9      3211.398 9        55.237 9                                                                  22301341.164 8 117194304.261 8      3211.398 8        52.237 8
G12  20799847.822 9 109303915.254 9       101.356 9        55.843 9                                                                  20799847.822 8 109303915.254 8       101.356 8        52.843 8
G17  24756795.346 9 130097769.411 9     -2965.088 9        54.330 9                                                                  24756795.346 8 130097769.411 8     -2965.088 8        51.330 8
G24  24283776.150 9 127612056.925 9      3039.262 9        54.498 9                                                                  24283776.150 8 127612056.925 8      3039.262 8        51.498 8
G30  22538834.645 9 118442343.461 9      2274.408 9        55.145 9                                                                  22538834.645 8 118442343.461 8      2274.408 8        52.145 8
G05  21247217.069 9 111654854.573 9       601.079 9        55.658 9                                                                  21247217.069 8 111654854.573 8       601.079 8        52.658 8
G04  22002822.073 9 115625579.409 9     -2496.666 9        55.354 9                                                                  22002822.073 8 115625579.409 8     -2496.666 8        52.354 8
E04                                                                  23387249.519 9 122900792.510 9      -178.738 9        57.937 9  23387249.519 9 122900792.510 9      -178.738 9        57.937 9
E05                                                                  26178936.744 9 137571176.662 9     -2076.560 9        56.957 9  26178936.744 9 137571176.662 9     -2076.560 9        56.957 9
E11                                                                  26714692.867 9 140386593.862 9     -2435.296 9        56.781 9  26714692.867 9 140386593.862 9     -2435.296 9        56.781 9
E20                                                                  27902237.474 9 146627168.222 9     -1710.353 9        56.404 9  27902237.474 9 146627168.222 9     -1710.353 9        56.404 9
E09                                                                  24948357.588 9 131104455.056 9      2541.259 9        57.376 9  24948357.588 9 131104455.056 9      2541.259 9        57.376 9
E10                                                                  23770528.991 9 124914936.933 9       -49.324 9        57.796 9  23770528.991 9 124914936.933 9       -49.324 9        57.796 9
E03                                                                  25003945.310 9 131396577.595 9      1937.716 9        57.356 9  25003945.310 9 131396577.595 9      1937.716 9        57.356 9
> 2026 02 03 10 02 58.0000000  0 17       0.000000000000
G02  20312379.490 9 106742253.529 9      -427.949 9        56.049 9                                                                  20312379.490 8 106742253.529 8      -427.949 8        53.049 8
G13  25204242.546 9 132449119.466 9      1176.081 9        54.175 9                                                                  25204242.546 8 132449119.466 8      1176.081 8        51.175 8
G29  24820638.795 9 130433289.919 9      3073.416 9        54.308 9                                                                  24820638.795 8 130433289.919 8      3073.416 8        51.308 8
G10  22300730.086 9 117191093.029 9      3211.073 9        55.238 9                                                                  22300730.086 8 117191093.029 8      3211.073 8        52.238 8
G12  20799828.598 9 109303814.229 9       100.691 9        55.843 9                                                                  20799828.598 8 109303814.229 8       100.691 8        52.843 8
G17  24757359.594 9 130100734.544 9     -2965.211 9        54.330 9                                                                  24757359.594 8 130100734.544 8     -2965.211 8        51.330 8
G24  24283197.812 9 127609017.747 9      3039.096 9        54.498 9                                                                  24283197.812 8 127609017.747 8      3039.096 8        51.498 8
G30  22538401.886 9 118440069.300 9      2273.914 9        55.146 9                                                                  22538401.886 8 118440069.300 8      2273.914 8        52.146 8
G05  21247102.750 9 111654253.822 9       600.420 9        55.658 9                                                                  21247102.750 8 111654253.822 8       600.420 8        52.658 8
G04  22003297.190 9 115628076.160 9     -2496.848 9        55.354 9                                                                  22003297.190 8 115628076.160 8     -2496.848 8        52.354 8
E04                                                                  23387283.556 9 122900971.373 9      -178.988 9        57.937 9  23387283.556 9 122900971.373 9      -178.988 9        57.937 9
E05                                                                  26179331.916 9 137573253.297 9     -2076.730 9        56.957 9  26179331.916 9 137573253.297 9     -2076.730 9        56.957 9
E11                                                                  26715156.311 9 140389029.269 9     -2435.536 9        56.781 9  26715156.311 9 140389029.269 9     -2435.536 9        56.781 9
E20                                                                  27902562.972 9 146628878.720 9     -1710.655 9        56.404 9  27902562.972 9 146628878.720 9     -1710.655 9        56.404 9
E09                                                                  24947874.029 9 131101913.943 9      2540.977 9        57.376 9  24947874.029 9 131101913.943 9      2540.977 9        57.376 9
E10                                                                  23770538.421 9 124914986.491 9       -49.793 9        57.796 9  23770538.421 9 124914986.491 9       -49.793 9        57.796 9
E03                                                                  25003576.583 9 131394639.926 9      1937.624 9        57.356 9  25003576.583 9 131394639.926 9      1937.624 9        57.356 9
> 2026 02 03 10 02 59.0000000  0 17       0.000000000000
G02  20312460.963 9 106742681.672 9      -428.339 9        56.049 9                                                                  20312460.963 8 106742681.672 8      -428.339 8        53.049 8
G13  25204018.789 9 132447943.619 9      1175.622 9        54.175 9                                                                  25204018.789 8 132447943.619 8      1175.622 8        51.175 8
G29  24820053.940 9 130430216.491 9      3073.439 9        54.308 9                                                                  24820053.940 8 130430216.491 8      3073.439 8        51.308 8
G10  22300119.070 9 117187882.123 9      3210.747 9        55.238 9                                                                  22300119.070 8 117187882.123 8      3210.747 8        52.238 8
G12  20799809.500 9 109303713.870 9       100.026 9        55.843 9                                                                  20799809.500 8 109303713.870 8       100.026 8        52.843 8
G17  24757923.866 9 130103699.801 9     -2965.334 9        54.330 9                                                                  24757923.866 8 130103699.801 8     -2965.334 8        51.330 8
G24  24282619.507 9 127605978.735 9      3038.929 9        54.498 9                                                                  24282619.507 8 127605978.735 8      3038.929 8        51.498 8
G30  22537969.221 9 118437795.633 9      2273.420 9        55.146 9                                                                  22537969.221 8 118437795.633 8      2273.420 8        52.146 8
G05  21246988.556 9 111653653.730 9       599.761 9        55.658 9                                                                  21246988.556 8 111653653.730 8       599.761 8        52.658 8
G04  22003772.341 9 115630573.092 9     -2497.029 9        55.354 9                                                                  22003772.341 8 115630573.092 8     -2497.029 8        52.354 8
E04                                                                  23387317.640 9 122901150.485 9      -179.239 9        57.937 9  23387317.640 9 122901150.485 9      -179.239 9        57.937 9
E05                                                                  26179727.120 9 137575330.103 9     -2076.900 9        56.957 9  26179727.120 9 137575330.103 9     -2076.900 9        56.957 9
E11                                                                  26715619.801 9 140391464.915 9     -2435.775 9        56.781 9  26715619.801 9 140391464.915 9     -2435.775 9        56.781 9
E20                                                                  27902888.528 9 146630589.519 9     -1710.956 9        56.403 9  27902888.528 9 146630589.519 9     -1710.956 9        56.403 9
E09                                                                  24947390.524 9 131099373.111 9      2540.696 9        57.376 9  24947390.524 9 131099373.111 9      2540.696 9        57.376 9
E10                                                                  23770547.941 9 124915036.519 9       -50.262 9        57.796 9  23770547.941 9 124915036.519 9       -50.262 9        57.796 9
E03                                                                  25003207.874 9 131392702.348 9      1937.532 9        57.357 9  25003207.874 9 131392702.348 9      1937.532 9        57.357 9
> 2026 02 03 10 03  0.0000000  0 17       0.000000000000
G02  20312542.510 9 106743110.205 9      -428.729 9        56.049 9                                                                  20312542.510 8 106743110.205 8      -428.729 8        53.049 8
G13  25203795.120 9 132446768.232 9      1175.163 9        54.175 9                                                                  25203795.120 8 132446768.232 8      1175.163 8        51.175 8
G29  24819469.081 9 130427143.038 9      3073.463 9        54.308 9                                                                  24819469.081 8 130427143.038 8      3073.463 8        51.308 8
G10  22299508.116 9 117184671.543 9      3210.422 9        55.238 9                                                                  22299508.116 8 117184671.543 8      3210.422 8        52.238 8
G12  20799790.529 9 109303614.176 9        99.360 9        55.843 9                                                                  20799790.529 8 109303614.176 8        99.360 8        52.843 8
G17  24758488.162 9 130106665.180 9     -2965.458 9        54.330 9                                                                  24758488.162 8 130106665.180 8     -2965.458 8        51.330 8
G24  24282041.233 9 127602939.890 9      3038.762 9        54.498 9                                                                  24282041.233 8 127602939.890 8      3038.762 8        51.498 8
G30  22537536.651 9 118435522.461 9      2272.925 9        55.146 9                                                                  22537536.651 8 118435522.461 8      2272.925 8        52.146 8
G05  21246874.488 9 111653054.298 9       599.102 9        55.658 9                                                                  21246874.488 8 111653054.298 8       599.102 8        52.658 8
G04  22004247.527 9 115633070.205 9     -2497.211 9        55.354 9                                                                  22004247.527 8 115633070.205 8     -2497.211 8        52.354 8
E04                                                                  23387351.772 9 122901329.849 9      -179.489 9        57.937 9  23387351.772 9 122901329.849 9      -179.489 9        57.937 9
E05                                                                  26180122.357 9 137577407.078 9     -2077.070 9        56.957 9  26180122.357 9 137577407.078 9     -2077.070 9        56.957 9
E11                                                                  26716083.336 9 140393900.800 9     -2436.015 9        56.781 9  26716083.336 9 140393900.800 9     -2436.015 9        56.781 9
E20                                                                  27903214.141 9 146632300.619 9     -1711.258 9        56.403 9  27903214.141 9 146632300.619 9     -1711.258 9        56.403 9
E09                                                                  24946907.073 9 131096832.561 9      2540.414 9        57.376 9  24946907.073 9 131096832.561 9      2540.414 9        57.376 9
E10                                                                  23770557.550 9 124915087.016 9       -50.732 9        57.796 9  23770557.550 9 124915087.016 9       -50.732 9        57.796 9
E03                                                                  25002839.183 9 131390764.863 9      1937.440 9        57.357 9  25002839.183 9 131390764.863 9      1937.440 9        57.357 9
> 2026 02 03 10 03  1.0000000  0 17       0.000000000000
G02  20312624.131 9 106743539.127 9      -429.119 9        56.049 9                                                                  20312624.131 8 106743539.127 8      -429.119 8        53.049 8
G13  25203571.538 9 132445593.304 9      1174.703 9        54.175 9                                                                  25203571.538 8 132445593.304 8      1174.703 8        51.175 8
G29  24818884.218 9 130424069.563 9      3073.486 9        54.308 9                                                                  24818884.218 8 130424069.563 8      3073.486 8        51.308 8
G10  22298897.225 9 117181461.288 9      3210.096 9        55.238 9                                                                  22298897.225 8 117181461.288 8      3210.096 8        52.238 8
G12  20799771.685 9 109303515.147 9        98.695 9        55.843 9                                                                  20799771.685 8 109303515.147 8        98.695 8        52.843 8
G17  24759052.481 9 130109630.683 9     -2965.581 9        54.329 9                                                                  24759052.481 8 130109630.683 8     -2965.581 8        51.329 8
G24  24281462.992 9 127599901.211 9      3038.595 9        54.499 9                                                                  24281462.992 8 127599901.211 8      3038.595 8        51.499 8
G30  22537104.174 9 118433249.783 9      2272.430 9        55.146 9                                                                  22537104.174 8 118433249.783 8      2272.430 8        52.146 8
G05  21246760.546 9 111652455.524 9       598.443 9        55.658 9                                                                  21246760.546 8 111652455.524 8       598.443 8        52.658 8
G04  22004722.747 9 115635567.500 9     -2497.392 9        55.354 9                                                                  22004722.747 8 115635567.500 8     -2497.392 8        52.354 8
E04                                                                  23387385.951 9 122901509.462 9      -179.740 9        57.937 9  23387385.951 9 122901509.462 9      -179.740 9        57.937 9
E05                                                                  26180517.626 9 137579484.223 9     -2077.240 9        56.957 9  26180517.626 9 137579484.223 9     -2077.240 9        56.957 9
E11                                                                  26716546.916 9 140396336.925 9     -2436.254 9        56.781 9  26716546.916 9 140396336.925 9     -2436.254 9        56.781 9
E20                                                                  27903539.812 9 146634012.020 9     -1711.559 9        56.403 9  27903539.812 9 146634012.020 9     -1711.559 9        56.403 9
E09                                                                  24946423.675 9 131094292.293 9      2540.132 9        57.376 9  24946423.675 9 131094292.293 9      2540.132 9        57.376 9
E10                                                                  23770567.249 9 124915137.982 9       -51.201 9        57.796 9  23770567.249 9 124915137.982 9       -51.201 9        57.796 9
E03                                                                  25002470.509 9 131388827.471 9      1937.347 9        57.357 9  25002470.509 9 131388827.471 9      1937.347 9        57.357 9
> 2026 02 03 10 03  2.0000000  0 17       0.000000000000
G02  20312705.827 9 106743968.440 9      -429.509 9        56.049 9                                                                  20312705.827 8 106743968.440 8      -429.509 8        53.049 8
G13  25203348.043 9 132444418.836 9      1174.244 9        54.175 9                                                                  25203348.043 8 132444418.836 8      1174.244 8        51.175 8
G29  24818299.350 9 130420996.064 9      3073.510 9        54.309 9                                                                  24818299.350 8 130420996.064 8      3073.510 8        51.309 8
G10  22298286.395 9 117178251.359 9      3209.771 9        55.239 9                                                                  22298286.395 8 117178251.359 8      3209.771 8        52.239 8
G12  20799752.967 9 109303416.784 9        98.030 9        55.843 9                                                                  20799752.967 8 109303416.784 8        98.030 8        52.843 8
G17  24759616.823 9 130112596.309 9     -2965.704 9        54.329 9                                                                  24759616.823 8 130112596.309 8     -2965.704 8        51.329 8
G24  24280884.781 9 127596862.700 9      3038.429 9        54.499 9                                                                  24280884.781 8 127596862.700 8      3038.429 8        51.499 8
G30  22536671.792 9 118430977.600 9      2271.936 9        55.146 9                                                                  22536671.792 8 118430977.600 8      2271.936 8        52.146 8
G05  21246646.728 9 111651857.410 9       597.784 9        55.658 9                                                                  21246646.728 8 111651857.410 8       597.784 8        52.658 8
G04  22005198.002 9 115638064.976 9     -2497.573 9        55.354 9                                                                  22005198.002 8 115638064.976 8     -2497.573 8        52.354 8
E04                                                                  23387420.178 9 122901689.327 9      -179.990 9        57.937 9  23387420.178 9 122901689.327 9      -179.990 9        57.937 9
E05                                                                  26180912.927 9 137581561.539 9     -2077.411 9        56.957 9  26180912.927 9 137581561.539 9     -2077.411 9        56.957 9
E11                                                                  26717010.543 9 140398773.289 9     -2436.493 9        56.781 9  26717010.543 9 140398773.289 9     -2436.493 9        56.781 9
E20                                                                  27903865.540 9 146635723.723 9     -1711.860 9        56.403 9  27903865.540 9 146635723.723 9     -1711.860 9        56.403 9
E09                                                                  24945940.330 9 131091752.306 9      2539.851 9        57.376 9  24945940.330 9 131091752.306 9      2539.851 9        57.376 9
E10                                                                  23770577.037 9 124915189.418 9       -51.670 9        57.796 9  23770577.037 9 124915189.418 9       -51.670 9        57.796 9
E03                                                                  25002101.852 9 131386890.170 9      1937.255 9        57.357 9  25002101.852 9 131386890.170 9      1937.255 9        57.357 9
> 2026 02 03 10 03  3.0000000  0 17       0.000000000000
G02  20312787.597 9 106744398.142 9      -429.899 9        56.049 9                                                                  20312787.597 8 106744398.142 8      -429.899 8        53.049 8
G13  25203124.636 9 132443244.828 9      1173.784 9        54.175 9                                                                  25203124.636 8 132443244.828 8      1173.784 8        51.175 8
G29  24817714.478 9 130417922.542 9      3073.533 9        54.309 9                                                                  24817714.478 8 130417922.542 8      3073.533 8        51.309 8
G10  22297675.627 9 117175041.755 9      3209.445 9        55.239 9                                                                  22297675.627 8 117175041.755 8      3209.445 8        52.239 8
G12  20799734.376 9 109303319.086 9        97.364 9        55.843 9                                                                  20799734.376 8 109303319.086 8        97.364 8        52.843 8
G17  24760181.189 9 130115562.058 9     -2965.827 9        54.329 9                                                                  24760181.189 8 130115562.058 8     -2965.827 8        51.329 8
G24  24280306.603 9 127593824.355 9      3038.262 9        54.499 9                                                                  24280306.603 8 127593824.355 8      3038.262 8        51.499 8
G30  22536239.503 9 118428705.911 9      2271.441 9        55.146 9                                                                  22536239.503 8 118428705.911 8      2271.441 8        52.146 8
G05  21246533.036 9 111651259.955 9       597.124 9        55.658 9                                                                  21246533.036 8 111651259.955 8       597.124 8        52.658 8
G04  22005673.291 9 115640562.632 9     -2497.754 9        55.353 9                                                                  22005673.291 8 115640562.632 8     -2497.754 8        52.353 8
E04                                                                  23387454.453 9 122901869.441 9      -180.241 9        57.937 9  23387454.453 9 122901869.441 9      -180.241 9        57.937 9
E05                                                                  26181308.261 9 137583639.025 9     -2077.580 9        56.957 9  26181308.261 9 137583639.025 9     -2077.580 9        56.957 9
E11                                                                  26717474.214 9 140401209.892 9     -2436.732 9        56.781 9  26717474.214 9 140401209.892 9     -2436.732 9        56.781 9
E20                                                                  27904191.325 9 146637435.727 9     -1712.161 9        56.403 9  27904191.325 9 146637435.727 9     -1712.161 9        56.403 9
E09                                                                  24945457.039 9 131089212.601 9      2539.569 9        57.377 9  24945457.039 9 131089212.601 9      2539.569 9        57.377 9
E10                                                                  23770586.914 9 124915241.323 9       -52.139 9        57.796 9  23770586.914 9 124915241.323 9       -52.139 9        57.796 9
E03                                                                  25001733.213 9 131384952.962 9      1937.163 9        57.357 9  25001733.213 9 131384952.962 9      1937.163 9        57.357 9
> 2026 02 03 10 03  4.0000000  0 17       0.000000000000
G02  20312869.441 9 106744828.235 9      -430.288 9        56.049 9                                                                  20312869.441 8 106744828.235 8      -430.288 8        53.049 8
G13  25202901.316 9 132442071.278 9      1173.325 9        54.175 9                                                                  25202901.316 8 132442071.278 8      1173.325 8        51.175 8
G29  24817129.601 9 130414848.996 9      3073.556 9        54.309 9                                                                  24817129.601 8 130414848.996 8      3073.556 8        51.309 8
G10  22297064.921 9 117171832.478 9      3209.119 9        55.239 9                                                                  22297064.921 8 117171832.478 8      3209.119 8        52.239 8
G12  20799715.912 9 109303222.054 9        96.699 9        55.843 9                                                                  20799715.912 8 109303222.054 8        96.699 8        52.843 8
G17  24760745.578 9 130118527.931 9     -2965.950 9        54.329 9                                                                  24760745.578 8 130118527.931 8     -2965.950 8        51.329 8
G24  24279728.456 9 127590786.176 9      3038.095 9        54.499 9                                                                  24279728.456 8 127590786.176 8      3038.095 8        51.499 8
G30  22535807.309 9 118426434.717 9      2270.946 9        55.147 9                                                                  22535807.309 8 118426434.717 8      2270.946 8        52.147 8
G05  21246419.470 9 111650663.160 9       596.465 9        55.658 9                                                                  21246419.470 8 111650663.160 8       596.465 8        52.658 8
G04  22006148.615 9 115643060.471 9     -2497.935 9        55.353 9                                                                  22006148.615 8 115643060.471 8     -2497.935 8        52.353 8
E04                                                                  23387488.776 9 122902049.807 9      -180.491 9        57.937 9  23387488.776 9 122902049.807 9      -180.491 9        57.937 9
E05                                                                  26181703.627 9 137585716.680 9     -2077.750 9        56.957 9  26181703.627 9 137585716.680 9     -2077.750 9        56.957 9
E11                                                                  26717937.931 9 140403646.735 9     -2436.971 9        56.780 9  26717937.931 9 140403646.735 9     -2436.971 9        56.780 9
E20                                                                  27904517.167 9 146639148.032 9     -1712.462 9        56.403 9  27904517.167 9 146639148.032 9     -1712.462 9        56.403 9
E09                                                                  24944973.802 9 131086673.178 9      2539.287 9        57.377 9  24944973.802 9 131086673.178 9      2539.287 9        57.377 9
E10                                                                  23770596.880 9 124915293.697 9       -52.609 9        57.796 9  23770596.880 9 124915293.697 9       -52.609 9        57.796 9
E03                                                                  25001364.592 9 131383015.846 9      1937.070 9        57.357 9  25001364.592 9 131383015.846 9      1937.070 9        57.357 9
> 2026 02 03 10 03  5.0000000  0 17       0.000000000000
G02  20312951.359 9 106745258.717 9      -430.678 9        56.049 9                                                                  20312951.359 8 106745258.717 8      -430.678 8        53.049 8
G13  25202678.084 9 132440898.189 9      1172.865 9        54.175 9                                                                  25202678.084 8 132440898.189 8      1172.865 8        51.175 8
G29  24816544.720 9 130411775.428 9      3073.579 9        54.309 9                                                                  24816544.720 8 130411775.428 8      3073.579 8        51.309 8
G10  22296454.277 9 117168623.526 9      3208.793 9        55.239 9                                                                  22296454.277 8 117168623.526 8      3208.793 8        52.239 8
G12  20799697.574 9 109303125.687 9        96.033 9        55.843 9                                                                  20799697.574 8 109303125.687 8        96.033 8        52.843 8
G17  24761309.991 9 130121493.926 9     -2966.073 9        54.329 9                                                                  24761309.991 8 130121493.926 8     -2966.073 8        51.329 8
G24  24279150.341 9 127587748.165 9      3037.928 9        54.499 9                                                                  24279150.341 8 127587748.165 8      3037.928 8        51.499 8
G30  22535375.209 9 118424164.019 9      2270.451 9        55.147 9                                                                  22535375.209 8 118424164.019 8      2270.451 8        52.147 8
G05  21246306.029 9 111650067.023 9       595.806 9        55.658 9                                                                  21246306.029 8 111650067.023 8       595.806 8        52.658 8
G04  22006623.973 9 115645558.490 9     -2498.116 9        55.353 9                                                                  22006623.973 8 115645558.490 8     -2498.116 8        52.353 8
E04                                                                  23387523.146 9 122902230.423 9      -180.742 9        57.937 9  23387523.146 9 122902230.423 9      -180.742 9        57.937 9
E05                                                                  26182099.026 9 137587794.505 9     -2077.920 9        56.956 9  26182099.026 9 137587794.505 9     -2077.920 9        56.956 9
E11                                                                  26718401.694 9 140406083.816 9     -2437.211 9        56.780 9  26718401.694 9 140406083.816 9     -2437.211 9        56.780 9
E20                                                                  27904843.067 9 146640860.639 9     -1712.763 9        56.403 9  27904843.067 9 146640860.639 9     -1712.763 9        56.403 9
E09                                                                  24944490.619 9 131084134.036 9      2539.005 9        57.377 9  24944490.619 9 131084134.036 9      2539.005 9        57.377 9
E10                                                                  23770606.936 9 124915346.540 9       -53.078 9        57.796 9  23770606.936 9 124915346.540 9       -53.078 9        57.796 9
E03                                                                  25000995.988 9 131381078.823 9      1936.978 9        57.357 9  25000995.988 9 131381078.823 9      1936.978 9        57.357 9
> 2026 02 03 10 03  6.0000000  0 17       0.000000000000
G02  20313033.352 9 106745689.589 9      -431.068 9        56.049 9                                                                  20313033.352 8 106745689.589 8      -431.068 8        53.049 8
G13  25202454.939 9 132439725.560 9      1172.405 9        54.175 9                                                                  25202454.939 8 132439725.560 8      1172.405 8        51.175 8
G29  24815959.834 9 130408701.836 9      3073.603 9        54.309 9                                                                  24815959.834 8 130408701.836 8      3073.603 8        51.309 8
G10  22295843.695 9 117165414.901 9      3208.467 9        55.240 9                                                                  22295843.695 8 117165414.901 8      3208.467 8        52.240 8
G12  20799679.363 9 109303029.986 9        95.368 9        55.843 9                                                                  20799679.363 8 109303029.986 8        95.368 8        52.843 8
G17  24761874.427 9 130124460.044 9     -2966.196 9        54.328 9                                                                  24761874.427 8 130124460.044 8     -2966.196 8        51.328 8
G24  24278572.258 9 127584710.320 9      3037.762 9        54.500 9                                                                  24278572.258 8 127584710.320 8      3037.762 8        51.500 8
G30  22534943.203 9 118421893.815 9      2269.956 9        55.147 9                                                                  22534943.203 8 118421893.815 8      2269.956 8        52.147 8
G05  21246192.714 9 111649471.546 9       595.146 9        55.658 9                                                                  21246192.714 8 111649471.546 8       595.146 8        52.658 8
G04  22007099.365 9 115648056.690 9     -2498.297 9        55.353 9                                                                  22007099.365 8 115648056.690 8     -2498.297 8        52.353 8
E04                                                                  23387557.564 9 122902411.289 9      -180.993 9        57.937 9  23387557.564 9 122902411.289 9      -180.993 9        57.937 9
E05                                                                  26182494.457 9 137589872.501 9     -2078.091 9        56.956 9  26182494.457 9 137589872.501 9     -2078.091 9        56.956 9
E11                                                                  26718865.502 9 140408521.137 9     -2437.450 9        56.780 9  26718865.502 9 140408521.137 9     -2437.450 9        56.780 9
E20                                                                  27905169.024 9 146642573.546 9     -1713.064 9        56.403 9  27905169.024 9 146642573.546 9     -1713.064 9        56.403 9
E09                                                                  24944007.489 9 131081595.177 9      2538.724 9        57.377 9  24944007.489 9 131081595.177 9      2538.724 9        57.377 9
E10                                                                  23770617.081 9 124915399.853 9       -53.547 9        57.796 9  23770617.081 9 124915399.853 9       -53.547 9        57.796 9
E03                                                                  25000627.402 9 131379141.891 9      1936.886 9        57.357 9  25000627.402 9 131379141.891 9      1936.886 9        57.357 9
> 2026 02 03 10 03  7.0000000  0 17       0.000000000000
G02  20313115.418 9 106746120.851 9      -431.458 9        56.049 9                                                                  20313115.418 8 106746120.851 8      -431.458 8        53.049 8
G13  25202231.882 9 132438553.390 9      1171.945 9        54.175 9                                                                  25202231.882 8 132438553.390 8      1171.945 8        51.175 8
G29  24815374.944 9 130405628.220 9      3073.626 9        54.310 9                                                                  24815374.944 8 130405628.220 8      3073.626 8        51.310 8
G10  22295233.175 9 117162206.601 9      3208.140 9        55.240 9                                                                  22295233.175 8 117162206.601 8      3208.140 8        52.240 8
G12  20799661.278 9 109302934.950 9        94.702 9        55.843 9                                                                  20799661.278 8 109302934.950 8        94.702 8        52.843 8
G17  24762438.886 9 130127426.285 9     -2966.319 9        54.328 9                                                                  24762438.886 8 130127426.285 8     -2966.319 8        51.328 8
G24  24277994.206 9 127581672.643 9      3037.595 9        54.500 9                                                                  24277994.206 8 127581672.643 8      3037.595 8        51.500 8
G30  22534511.292 9 118419624.106 9      2269.461 9        55.147 9                                                                  22534511.292 8 118419624.106 8      2269.461 8        52.147 8
G05  21246079.524 9 111648876.729 9       594.487 9        55.658 9                                                                  21246079.524 8 111648876.729 8       594.487 8        52.658 8
G04  22007574.792 9 115650555.071 9     -2498.478 9        55.353 9                                                                  22007574.792 8 115650555.071 8     -2498.478 8        52.353 8
E04                                                                  23387592.029 9 122902592.406 9      -181.243 9        57.937 9  23387592.029 9 122902592.406 9      -181.243 9        57.937 9
E05                                                                  26182889.920 9 137591950.667 9     -2078.261 9        56.956 9  26182889.920 9 137591950.667 9     -2078.261 9        56.956 9
E11                                                                  26719329.356 9 140410958.696 9     -2437.688 9        56.780 9  26719329.356 9 140410958.696 9     -2437.688 9        56.780 9
E20                                                                  27905495.038 9 146644286.754 9     -1713.365 9        56.403 9  27905495.038 9 146644286.754 9     -1713.365 9        56.403 9
E09                                                                  24943524.413 9 131079056.599 9      2538.442 9        57.377 9  24943524.413 9 131079056.599 9      2538.442 9        57.377 9
E10                                                                  23770627.315 9 124915453.635 9       -54.016 9        57.796 9  23770627.315 9 124915453.635 9       -54.016 9        57.796 9
E03                                                                  25000258.834 9 131377205.053 9      1936.793 9        57.358 9  25000258.834 9 131377205.053 9      1936.793 9        57.358 9
> 2026 02 03 10 03  8.0000000  0 17       0.000000000000
G02  20313197.559 9 106746552.503 9      -431.847 9        56.048 9                                                                  20313197.559 8 106746552.503 8      -431.847 8        53.048 8
G13  25202008.912 9 132437381.680 9      1171.485 9        54.175 9                                                                  25202008.912 8 132437381.680 8      1171.485 8        51.175 8
G29  24814790.050 9 130402554.582 9      3073.649 9        54.310 9                                                                  24814790.050 8 130402554.582 8      3073.649 8        51.310 8
G10  22294622.717 9 117158998.628 9      3207.814 9        55.240 9                                                                  22294622.717 8 117158998.628 8      3207.814 8        52.240 8
G12  20799643.320 9 109302840.580 9        94.037 9        55.843 9                                                                  20799643.320 8 109302840.580 8        94.037 8        52.843 8
G17  24763003.369 9 130130392.650 9     -2966.442 9        54.328 9                                                                  24763003.369 8 130130392.650 8     -2966.442 8        51.328 8
G24  24277416.186 9 127578635.132 9      3037.428 9        54.500 9                                                                  24277416.186 8 127578635.132 8      3037.428 8        51.500 8
G30  22534079.475 9 118417354.892 9      2268.966 9        55.147 9                                                                  22534079.475 8 118417354.892 8      2268.966 8        52.147 8
G05  21245966.459 9 111648282.570 9       593.828 9        55.659 9                                                                  21245966.459 8 111648282.570 8       593.828 8        52.659 8
G04  22008050.254 9 115653053.632 9     -2498.659 9        55.352 9                                                                  22008050.254 8 115653053.632 8     -2498.659 8        52.352 8
E04                                                                  23387626.543 9 122902773.774 9      -181.494 9        57.937 9  23387626.543 9 122902773.774 9      -181.494 9        57.937 9
E05                                                                  26183285.416 9 137594029.003 9     -2078.431 9        56.956 9  26183285.416 9 137594029.003 9     -2078.431 9        56.956 9
E11                                                                  26719793.255 9 140413396.494 9     -2437.927 9        56.780 9  26719793.255 9 140413396.494 9     -2437.927 9        56.780 9
E20                                                                  27905821.110 9 146646000.262 9     -1713.666 9        56.403 9  27905821.110 9 146646000.262 9     -1713.666 9        56.403 9
E09                                                                  24943041.390 9 131076518.303 9      2538.160 9        57.377 9  24943041.390 9 131076518.303 9      2538.160 9        57.377 9
E10                                                                  23770637.639 9 124915507.885 9       -54.485 9        57.796 9  23770637.639 9 124915507.885 9       -54.485 9        57.796 9
E03                                                                  24999890.283 9 131375268.307 9      1936.701 9        57.358 9  24999890.283 9 131375268.307 9      1936.701 9        57.358 9
> 2026 02 03 10 03  9.0000000  0 17       0.000000000000
G02  20313279.774 9 106746984.544 9      -432.237 9        56.048 9                                                                  20313279.774 8 106746984.544 8      -432.237 8        53.048 8
G13  25201786.030 9 132436210.430 9      1171.025 9        54.175 9                                                                  25201786.030 8 132436210.430 8      1171.025 8        51.175 8
G29  24814205.151 9 130399480.920 9      3073.672 9        54.310 9                                                                  24814205.151 8 130399480.920 8      3073.672 8        51.310 8
G10  22294012.321 9 117155790.982 9      3207.488 9        55.240 9                                                                  22294012.321 8 117155790.982 8      3207.488 8        52.240 8
G12  20799625.489 9 109302746.875 9        93.371 9        55.843 9                                                                  20799625.489 8 109302746.875 8        93.371 8        52.843 8
G17  24763567.875 9 130133359.137 9     -2966.565 9        54.328 9                                                                  24763567.875 8 130133359.137 8     -2966.565 8        51.328 8
G24  24276838.198 9 127575597.788 9      3037.261 9        54.500 9                                                                  24276838.198 8 127575597.788 8      3037.261 8        51.500 8
G30  22533647.752 9 118415086.173 9      2268.471 9        55.147 9                                                                  22533647.752 8 118415086.173 8      2268.471 8        52.147 8
G05  21245853.520 9 111647689.072 9       593.168 9        55.659 9                                                                  21245853.520 8 111647689.072 8       593.168 8        52.659 8
G04  22008525.749 9 115655552.375 9     -2498.839 9        55.352 9                                                                  22008525.749 8 115655552.375 8     -2498.839 8        52.352 8
E04                                                                  23387661.104 9 122902955.393 9      -181.745 9        57.937 9  23387661.104 9 122902955.393 9      -181.745 9        57.937 9
E05                                                                  26183680.944 9 137596107.509 9     -2078.601 9        56.956 9  26183680.944 9 137596107.509 9     -2078.601 9        56.956 9
E11                                                                  26720257.200 9 140415834.532 9     -2438.166 9        56.780 9  26720257.200 9 140415834.532 9     -2438.166 9        56.780 9
E20                                                                  27906147.239 9 146647714.072 9     -1713.967 9        56.402 9  27906147.239 9 146647714.072 9     -1713.967 9        56.402 9
E09                                                                  24942558.421 9 131073980.289 9      2537.878 9        57.378 9  24942558.421 9 131073980.289 9      2537.878 9        57.378 9
E10                                                                  23770648.052 9 124915562.605 9       -54.955 9        57.796 9  23770648.052 9 124915562.605 9       -54.955 9        57.796 9
E03                                                                  24999521.749 9 131373331.653 9      1936.608 9        57.358 9  24999521.749 9 131373331.653 9      1936.608 9        57.358 9
> 2026 02 03 10 03 10.0000000  0 17       0.000000000000
G02  20313362.063 9 106747416.975 9      -432.627 9        56.048 9                                                                  20313362.063 8 106747416.975 8      -432.627 8        53.048 8
G13  25201563.235 9 132435039.641 9      1170.565 9        54.176 9                                                                  25201563.235 8 132435039.641 8      1170.565 8        51.176 8
G29  24813620.248 9 130396407.236 9      3073.695 9        54.310 9                                                                  24813620.248 8 130396407.236 8      3073.695 8        51.310 8
G10  22293401.988 9 117152583.661 9      3207.161 9        55.241 9                                                                  22293401.988 8 117152583.661 8      3207.161 8        52.241 8
G12  20799607.784 9 109302653.835 9        92.706 9        55.843 9                                                                  20799607.784 8 109302653.835 8        92.706 8        52.843 8
G17  24764132.405 9 130136325.747 9     -2966.688 9        54.328 9                                                                  24764132.405 8 130136325.747 8     -2966.688 8        51.328 8
G24  24276260.242 9 127572560.611 9      3037.094 9        54.500 9                                                                  24276260.242 8 127572560.611 8      3037.094 8        51.500 8
G30  22533216.123 9 118412817.950 9      2267.975 9        55.148 9                                                                  22533216.123 8 118412817.950 8      2267.975 8        52.148 8
G05  21245740.707 9 111647096.232 9       592.509 9        55.659 9                                                                  21245740.707 8 111647096.232 8       592.509 8        52.659 8
G04  22009001.280 9 115658051.298 9     -2499.020 9        55.352 9                                                                  22009001.280 8 115658051.298 8     -2499.020 8        52.352 8
E04                                                                  23387695.712 9 122903137.262 9      -181.995 9        57.937 9  23387695.712 9 122903137.262 9      -181.995 9        57.937 9
E05                                                                  26184076.504 9 137598186.184 9     -2078.771 9        56.956 9  26184076.504 9 137598186.184 9     -2078.771 9        56.956 9
E11                                                                  26720721.190 9 140418272.808 9     -2438.405 9        56.780 9  26720721.190 9 140418272.808 9     -2438.405 9        56.780 9
E20                                                                  27906473.425 9 146649428.182 9     -1714.267 9        56.402 9  27906473.425 9 146649428.182 9     -1714.267 9        56.402 9
E09                                                                  24942075.506 9 131071442.558 9      2537.596 9        57.378 9  24942075.506 9 131071442.558 9      2537.596 9        57.378 9
E10                                                                  23770658.554 9 124915617.795 9       -55.424 9        57.796 9  23770658.554 9 124915617.795 9       -55.424 9        57.796 9
E03                                                                  24999153.233 9 131371395.092 9      1936.516 9        57.358 9  24999153.233 9 131371395.092 9      1936.516 9        57.358 9
> 2026 02 03 10 03 11.0000000  0 17       0.000000000000
G02  20313444.426 9 106747849.795 9      -433.016 9        56.048 9                                                                  20313444.426 8 106747849.795 8      -433.016 8        53.048 8
G13  25201340.528 9 132433869.311 9      1170.105 9        54.176 9                                                                  25201340.528 8 132433869.311 8      1170.105 8        51.176 8
G29  24813035.341 9 130393333.528 9      3073.718 9        54.310 9                                                                  24813035.341 8 130393333.528 8      3073.718 8        51.310 8
G10  22292791.717 9 117149376.668 9      3206.835 9        55.241 9                                                                  22292791.717 8 117149376.668 8      3206.835 8        52.241 8
G12  20799590.206 9 109302561.462 9        92.040 9        55.843 9                                                                  20799590.206 8 109302561.462 8        92.040 8        52.843 8
G17  24764696.958 9 130139292.480 9     -2966.811 9        54.327 9                                                                  24764696.958 8 130139292.480 8     -2966.811 8        51.327 8
G24  24275682.318 9 127569523.601 9      3036.927 9        54.501 9                                                                  24275682.318 8 127569523.601 8      3036.927 8        51.501 8
G30  22532784.588 9 118410550.222 9      2267.480 9        55.148 9                                                                  22532784.588 8 118410550.222 8      2267.480 8        52.148 8
G05  21245628.019 9 111646504.052 9       591.849 9        55.659 9                                                                  21245628.019 8 111646504.052 8       591.849 8        52.659 8
G04  22009476.844 9 115660550.402 9     -2499.201 9        55.352 9                                                                  22009476.844 8 115660550.402 8     -2499.201 8        52.352 8
E04                                                                  23387730.369 9 122903319.382 9      -182.246 9        57.937 9  23387730.369 9 122903319.382 9      -182.246 9        57.937 9
E05                                                                  26184472.097 9 137600265.030 9     -2078.941 9        56.956 9  26184472.097 9 137600265.030 9     -2078.941 9        56.956 9
E11                                                                  26721185.225 9 140420711.322 9     -2438.643 9        56.779 9  26721185.225 9 140420711.322 9     -2438.643 9        56.779 9
E20                                                                  27906799.668 9 146651142.593 9     -1714.568 9        56.402 9  27906799.668 9 146651142.593 9     -1714.568 9        56.402 9
E09                                                                  24941592.644 9 131068905.108 9      2537.313 9        57.378 9  24941592.644 9 131068905.108 9      2537.313 9        57.378 9
E10                                                                  23770669.145 9 124915673.453 9       -55.893 9        57.796 9  23770669.145 9 124915673.453 9       -55.893 9        57.796 9
E03                                                                  24998784.735 9 131369458.623 9      1936.423 9        57.358 9  24998784.735 9 131369458.623 9      1936.423 9        57.358 9
> 2026 02 03 10 03 12.0000000  0 17       0.000000000000
G02  20313526.863 9 106748283.005 9      -433.406 9        56.048 9                                                                  20313526.863 8 106748283.005 8      -433.406 8        53.048 8
G13  25201117.909 9 132432699.442 9      1169.644 9        54.176 9                                                                  25201117.909 8 132432699.442 8      1169.644 8        51.176 8
G29  24812450.429 9 130390259.797 9      3073.742 9        54.311 9                                                                  24812450.429 8 130390259.797 8      3073.742 8        51.311 8
G10  22292181.507 9 117146170.001 9      3206.508 9        55.241 9                                                                  22292181.507 8 117146170.001 8      3206.508 8        52.241 8
G12  20799572.755 9 109302469.753 9        91.375 9        55.843 9                                                                  20799572.755 8 109302469.753 8        91.375 8        52.843 8
G17  24765261.535 9 130142259.337 9     -2966.934 9        54.327 9                                                                  24765261.535 8 130142259.337 8     -2966.934 8        51.327 8
G24  24275104.425 9 127566486.758 9      3036.760 9        54.501 9                                                                  24275104.425 8 127566486.758 8      3036.760 8        51.501 8
G30  22532353.148 9 118408282.990 9      2266.985 9        55.148 9                                                                  22532353.148 8 118408282.990 8      2266.985 8        52.148 8
G05  21245515.456 9 111645912.532 9       591.190 9        55.659 9                                                                  21245515.456 8 111645912.532 8       591.190 8        52.659 8
G04  22009952.443 9 115663049.687 9     -2499.382 9        55.352 9                                                                  22009952.443 8 115663049.687 8     -2499.382 8        52.352 8
E04                                                                  23387765.073 9 122903501.753 9      -182.497 9        57.937 9  23387765.073 9 122903501.753 9      -182.497 9        57.937 9
E05                                                                  26184867.722 9 137602344.046 9     -2079.111 9        56.955 9  26184867.722 9 137602344.046 9     -2079.111 9        56.955 9
E11                                                                  26721649.306 9 140423150.075 9     -2438.882 9        56.779 9  26721649.306 9 140423150.075 9     -2438.882 9        56.779 9
E20                                                                  27907125.968 9 146652857.305 9     -1714.868 9        56.402 9  27907125.968 9 146652857.305 9     -1714.868 9        56.402 9
E09                                                                  24941109.836 9 131066367.941 9      2537.031 9        57.378 9  24941109.836 9 131066367.941 9      2537.031 9        57.378 9
E10                                                                  23770679.826 9 124915729.580 9       -56.362 9        57.796 9  23770679.826 9 124915729.580 9       -56.362 9        57.796 9
E03                                                                  24998416.255 9 131367522.247 9      1936.330 9        57.358 9  24998416.255 9 131367522.247 9      1936.330 9        57.358 9
> 2026 02 03 10 03 13.0000000  0 17       0.000000000000
G02  20313609.375 9 106748716.605 9      -433.795 9        56.048 9                                                                  20313609.375 8 106748716.605 8      -433.795 8        53.048 8
G13  25200895.377 9 132431530.033 9      1169.184 9        54.176 9                                                                  25200895.377 8 132431530.033 8      1169.184 8        51.176 8
G29  24811865.512 9 130387186.043 9      3073.764 9        54.311 9                                                                  24811865.512 8 130387186.043 8      3073.764 8        51.311 8
G10  22291571.360 9 117142963.661 9      3206.181 9        55.241 9                                                                  22291571.360 8 117142963.661 8      3206.181 8        52.241 8
G12  20799555.430 9 109302378.711 9        90.709 9        55.843 9                                                                  20799555.430 8 109302378.711 8        90.709 8        52.843 8
G17  24765826.134 9 130145226.316 9     -2967.057 9        54.327 9                                                                  24765826.134 8 130145226.316 8     -2967.057 8        51.327 8
G24  24274526.564 9 127563450.082 9      3036.593 9        54.501 9                                                                  24274526.564 8 127563450.082 8      3036.593 8        51.501 8
G30  22531921.802 9 118406016.253 9      2266.489 9        55.148 9                                                                  22531921.802 8 118406016.253 8      2266.489 8        52.148 8
G05  21245403.019 9 111645321.671 9       590.530 9        55.659 9                                                                  21245403.019 8 111645321.671 8       590.530 8        52.659 8
G04  22010428.076 9 115665549.152 9     -2499.562 9        55.351 9                                                                  22010428.076 8 115665549.152 8     -2499.562 8        52.351 8
E04                                                                  23387799.825 9 122903684.375 9      -182.748 9        57.937 9  23387799.825 9 122903684.375 9      -182.748 9        57.937 9
E05                                                                  26185263.379 9 137604423.232 9     -2079.281 9        56.955 9  26185263.379 9 137604423.232 9     -2079.281 9        56.955 9
E11                                                                  26722113.432 9 140425589.067 9     -2439.121 9        56.779 9  26722113.432 9 140425589.067 9     -2439.121 9        56.779 9
E20                                                                  27907452.326 9 146654572.317 9     -1715.169 9        56.402 9  27907452.326 9 146654572.317 9     -1715.169 9        56.402 9
E09                                                                  24940627.082 9 131063831.056 9      2536.749 9        57.378 9  24940627.082 9 131063831.056 9      2536.749 9        57.378 9
E10                                                                  23770690.596 9 124915786.177 9       -56.831 9        57.796 9  23770690.596 9 124915786.177 9       -56.831 9        57.796 9
E03                                                                  24998047.792 9 131365585.964 9      1936.238 9        57.358 9  24998047.792 9 131365585.964 9      1936.238 9        57.358 9
> 2026 02 03 10 03 14.0000000  0 17       0.000000000000
G02  20313691.960 9 106749150.594 9      -434.185 9        56.048 9                                                                  20313691.960 8 106749150.594 8      -434.185 8        53.048 8
G13  25200672.932 9 132430361.084 9      1168.724 9        54.176 9                                                                  25200672.932 8 132430361.084 8      1168.724 8        51.176 8
G29  24811280.591 9 130384112.266 9      3073.788 9        54.311 9                                                                  24811280.591 8 130384112.266 8      3073.788 8        51.311 8
G10  22290961.275 9 117139757.647 9      3205.854 9        55.241 9                                                                  22290961.275 8 117139757.647 8      3205.854 8        52.241 8
G12  20799538.232 9 109302288.334 9        90.043 9        55.843 9                                                                  20799538.232 8 109302288.334 8        90.043 8        52.843 8
G17  24766390.758 9 130148193.418 9     -2967.180 9        54.327 9                                                                  24766390.758 8 130148193.418 8     -2967.180 8        51.327 8
G24  24273948.735 9 127560413.573 9      3036.426 9        54.501 9                                                                  24273948.735 8 127560413.573 8      3036.426 8        51.501 8
G30  22531490.550 9 118403750.012 9      2265.993 9        55.148 9                                                                  22531490.550 8 118403750.012 8      2265.993 8        52.148 8
G05  21245290.708 9 111644731.469 9       589.871 9        55.659 9                                                                  21245290.708 8 111644731.469 8       589.871 8        52.659 8
G04  22010903.744 9 115668048.798 9     -2499.743 9        55.351 9                                                                  22010903.744 8 115668048.798 8     -2499.743 8        52.351 8
E04                                                                  23387834.624 9 122903867.247 9      -182.999 9        57.937 9  23387834.624 9 122903867.247 9      -182.999 9        57.937 9
E05                                                                  26185659.069 9 137606502.588 9     -2079.451 9        56.955 9  26185659.069 9 137606502.588 9     -2079.451 9        56.955 9
E11                                                                  26722577.603 9 140428028.297 9     -2439.359 9        56.779 9  26722577.603 9 140428028.297 9     -2439.359 9        56.779 9
E20                                                                  27907778.740 9 146656287.629 9     -1715.469 9        56.402 9  27907778.740 9 146656287.629 9     -1715.469 9        56.402 9
E09                                                                  24940144.382 9 131061294.453 9      2536.467 9        57.378 9  24940144.382 9 131061294.453 9      2536.467 9        57.378 9
E10                                                                  23770701.455 9 124915843.242 9       -57.300 9        57.796 9  23770701.455 9 124915843.242 9       -57.300 9        57.796 9
E03                                                                  24997679.347 9 131363649.773 9      1936.145 9        57.358 9  24997679.347 9 131363649.773 9      1936.145 9        57.358 9
> 2026 02 03 10 03 15.0000000  0 17       0.000000000000
G02  20313774.620 9 106749584.972 9      -434.574 9        56.048 9                                                                  20313774.620 8 106749584.972 8      -434.574 8        53.048 8
G13  25200450.576 9 132429192.596 9      1168.263 9        54.176 9                                                                  25200450.576 8 132429192.596 8      1168.263 8        51.176 8
G29  24810695.666 9 130381038.466 9      3073.810 9        54.311 9                                                                  24810695.666 8 130381038.466 8      3073.810 8        51.311 8
G10  22290351.253 9 117136551.961 9      3205.527 9        55.242 9                                                                  22290351.253 8 117136551.961 8      3205.527 8        52.242 8
G12  20799521.161 9 109302198.622 9        89.378 9        55.843 9                                                                  20799521.161 8 109302198.622 8        89.378 8        52.843 8
G17  24766955.404 9 130151160.643 9     -2967.303 9        54.327 9                                                                  24766955.404 8 130151160.643 8     -2967.303 8        51.327 8
G24  24273370.938 9 127557377.231 9      3036.259 9        54.501 9                                                                  24273370.938 8 127557377.231 8      3036.259 8        51.501 8
G30  22531059.393 9 118401484.267 9      2265.497 9        55.148 9                                                                  22531059.393 8 118401484.267 8      2265.497 8        52.148 8
G05  21245178.522 9 111644141.928 9       589.211 9        55.659 9                                                                  21245178.522 8 111644141.928 8       589.211 8        52.659 8
G04  22011379.446 9 115670548.624 9     -2499.923 9        55.351 9                                                                  22011379.446 8 115670548.624 8     -2499.923 8        52.351 8
E04                                                                  23387869.472 9 122904050.370 9      -183.249 9        57.937 9  23387869.472 9 122904050.370 9      -183.249 9        57.937 9
E05                                                                  26186054.791 9 137608582.114 9     -2079.621 9        56.955 9  26186054.791 9 137608582.114 9     -2079.621 9        56.955 9
E11                                                                  26723041.820 9 140430467.766 9     -2439.597 9        56.779 9  26723041.820 9 140430467.766 9     -2439.597 9        56.779 9
E20                                                                  27908105.212 9 146658003.242 9     -1715.769 9        56.402 9  27908105.212 9 146658003.242 9     -1715.769 9        56.402 9
E09                                                                  24939661.735 9 131058758.132 9      2536.184 9        57.379 9  24939661.735 9 131058758.132 9      2536.184 9        57.379 9
E10                                                                  23770712.404 9 124915900.777 9       -57.769 9        57.796 9  23770712.404 9 124915900.777 9       -57.769 9        57.796 9
E03                                                                  24997310.919 9 131361713.676 9      1936.052 9        57.359 9  24997310.919 9 131361713.676 9      1936.052 9        57.359 9
> 2026 02 03 10 03 16.0000000  0 17       0.000000000000
G02  20313857.354 9 106750019.740 9      -434.964 9        56.048 9                                                                  20313857.354 8 106750019.740 8      -434.964 8        53.048 8
G13  25200228.307 9 132428024.568 9      1167.803 9        54.176 9                                                                  25200228.307 8 132428024.568 8      1167.803 8        51.176 8
G29  24810110.737 9 130377964.643 9      3073.834 9        54.311 9                                                                  24810110.737 8 130377964.643 8      3073.834 8        51.311 8
G10  22289741.292 9 117133346.602 9      3205.200 9        55.242 9                                                                  22289741.292 8 117133346.602 8      3205.200 8        52.242 8
G12  20799504.216 9 109302109.576 9        88.712 9        55.843 9                                                                  20799504.216 8 109302109.576 8        88.712 8        52.843 8
G17  24767520.074 9 130154127.990 9     -2967.426 9        54.326 9                                                                  24767520.074 8 130154127.990 8     -2967.426 8        51.326 8
G24  24272793.172 9 127554341.056 9      3036.092 9        54.502 9                                                                  24272793.172 8 127554341.056 8      3036.092 8        51.502 8
G30  22530628.330 9 118399219.017 9      2265.002 9        55.149 9                                                                  22530628.330 8 118399219.017 8      2265.002 8        52.149 8
G05  21245066.461 9 111643553.046 9       588.551 9        55.659 9                                                                  21245066.461 8 111643553.046 8       588.551 8        52.659 8
G04  22011855.183 9 115673048.631 9     -2500.103 9        55.351 9                                                                  22011855.183 8 115673048.631 8     -2500.103 8        52.351 8
E04                                                                  23387904.367 9 122904233.745 9      -183.500 9        57.937 9  23387904.367 9 122904233.745 9      -183.500 9        57.937 9
E05                                                                  26186450.546 9 137610661.810 9     -2079.791 9        56.955 9  26186450.546 9 137610661.810 9     -2079.791 9        56.955 9
E11                                                                  26723506.083 9 140432907.473 9     -2439.836 9        56.779 9  26723506.083 9 140432907.473 9     -2439.836 9        56.779 9
E20                                                                  27908431.741 9 146659719.155 9     -1716.070 9        56.402 9  27908431.741 9 146659719.155 9     -1716.070 9        56.402 9
E09                                                                  24939179.142 9 131056222.094 9      2535.902 9        57.379 9  24939179.142 9 131056222.094 9      2535.902 9        57.379 9
E10                                                                  23770723.441 9 124915958.781 9       -58.238 9        57.796 9  23770723.441 9 124915958.781 9       -58.238 9        57.796 9
E03                                                                  24996942.509 9 131359777.670 9      1935.960 9        57.359 9  24996942.509 9 131359777.670 9      1935.960 9        57.359 9
> 2026 02 03 10 03 17.0000000  0 17       0.000000000000
G02  20313940.162 9 106750454.897 9      -435.353 9        56.048 9                                                                  20313940.162 8 106750454.897 8      -435.353 8        53.048 8
G13  25200006.125 9 132426857.001 9      1167.342 9        54.176 9                                                                  25200006.125 8 132426857.001 8      1167.342 8        51.176 8
G29  24809525.803 9 130374890.797 9      3073.856 9        54.312 9                                                                  24809525.803 8 130374890.797 8      3073.856 8        51.312 8
G10  22289131.394 9 117130141.569 9      3204.873 9        55.242 9                                                                  22289131.394 8 117130141.569 8      3204.873 8        52.242 8
G12  20799487.398 9 109302021.196 9        88.047 9        55.843 9                                                                  20799487.398 8 109302021.196 8        88.047 8        52.843 8
G17  24768084.768 9 130157095.461 9     -2967.548 9        54.326 9                                                                  24768084.768 8 130157095.461 8     -2967.548 8        51.326 8
G24  24272215.439 9 127551305.049 9      3035.924 9        54.502 9                                                                  24272215.439 8 127551305.049 8      3035.924 8        51.502 8
G30  22530197.361 9 118396954.264 9      2264.506 9        55.149 9                                                                  22530197.361 8 118396954.264 8      2264.506 8        52.149 8
G05  21244954.527 9 111642964.823 9       587.892 9        55.659 9                                                                  21244954.527 8 111642964.823 8       587.892 8        52.659 8
G04  22012330.953 9 115675548.818 9     -2500.284 9        55.351 9                                                                  22012330.953 8 115675548.818 8     -2500.284 8        52.351 8
E04                                                                  23387939.310 9 122904417.370 9      -183.751 9        57.937 9  23387939.310 9 122904417.370 9      -183.751 9        57.937 9
E05                                                                  26186846.333 9 137612741.676 9     -2079.961 9        56.955 9  26186846.333 9 137612741.676 9     -2079.961 9        56.955 9
E11                                                                  26723970.390 9 140435347.419 9     -2440.074 9        56.778 9  26723970.390 9 140435347.419 9     -2440.074 9        56.778 9
E20                                                                  27908758.327 9 146661435.368 9     -1716.370 9        56.402 9  27908758.327 9 146661435.368 9     -1716.370 9        56.402 9
E09                                                                  24938696.603 9 131053686.338 9      2535.619 9        57.379 9  24938696.603 9 131053686.338 9      2535.619 9        57.379 9
E10                                                                  23770734.568 9 124916017.253 9       -58.707 9        57.796 9  23770734.568 9 124916017.253 9       -58.707 9        57.796 9
E03                                                                  24996574.117 9 131357841.758 9      1935.867 9        57.359 9  24996574.117 9 131357841.758 9      1935.867 9        57.359 9
> 2026 02 03 10 03 18.0000000  0 17       0.000000000000
G02  20314023.044 9 106750890.444 9      -435.742 9        56.048 9                                                                  20314023.044 8 106750890.444 8      -435.742 8        53.048 8
G13  25199784.032 9 132425689.895 9      1166.881 9        54.176 9                                                                  25199784.032 8 132425689.895 8      1166.881 8        51.176 8
G29  24808940.865 9 130371816.928 9      3073.879 9        54.312 9                                                                  24808940.865 8 130371816.928 8      3073.879 8        51.312 8
G10  22288521.559 9 117126936.865 9      3204.545 9        55.242 9                                                                  22288521.559 8 117126936.865 8      3204.545 8        52.242 8
G12  20799470.707 9 109301933.481 9        87.381 9        55.843 9                                                                  20799470.707 8 109301933.481 8        87.381 8        52.843 8
G17  24768649.484 9 130160063.054 9     -2967.671 9        54.326 9                                                                  24768649.484 8 130160063.054 8     -2967.671 8        51.326 8
G24  24271637.737 9 127548269.208 9      3035.757 9        54.502 9                                                                  24271637.737 8 127548269.208 8      3035.757 8        51.502 8
G30  22529766.487 9 118394690.006 9      2264.010 9        55.149 9                                                                  22529766.487 8 118394690.006 8      2264.010 8        52.149 8
G05  21244842.717 9 111642377.260 9       587.232 9        55.659 9                                                                  21244842.717 8 111642377.260 8       587.232 8        52.659 8
G04  22012806.758 9 115678049.185 9     -2500.464 9        55.351 9                                                                  22012806.758 8 115678049.185 8     -2500.464 8        52.351 8
E04                                                                  23387974.300 9 122904601.246 9      -184.002 9        57.937 9  23387974.300 9 122904601.246 9      -184.002 9        57.937 9
E05                                                                  26187242.152 9 137614821.712 9     -2080.131 9        56.955 9  26187242.152 9 137614821.712 9     -2080.131 9        56.955 9
E11                                                                  26724434.743 9 140437787.602 9     -2440.312 9        56.778 9  26724434.743 9 140437787.602 9     -2440.312 9        56.778 9
E20                                                                  27909084.971 9 146663151.882 9     -1716.670 9        56.402 9  27909084.971 9 146663151.882 9     -1716.670 9        56.402 9
E09                                                                  24938214.117 9 131051150.865 9      2535.337 9        57.379 9  24938214.117 9 131051150.865 9      2535.337 9        57.379 9
E10                                                                  23770745.785 9 124916076.195 9       -59.176 9        57.796 9  23770745.785 9 124916076.195 9       -59.176 9        57.796 9
E03                                                                  24996205.742 9 131355905.938 9      1935.774 9        57.359 9  24996205.742 9 131355905.938 9      1935.774 9        57.359 9
> 2026 02 03 10 03 19.0000000  0 17       0.000000000000
G02  20314106.000 9 106751326.379 9      -436.131 9        56.048 9                                                                  20314106.000 8 106751326.379 8      -436.131 8        53.048 8
G13  25199562.025 9 132424523.250 9      1166.420 9        54.176 9                                                                  25199562.025 8 132424523.250 8      1166.420 8        51.176 8
G29  24808355.922 9 130368743.036 9      3073.902 9        54.312 9                                                                  24808355.922 8 130368743.036 8      3073.902 8        51.312 8
G10  22287911.785 9 117123732.487 9      3204.218 9        55.243 9                                                                  22287911.785 8 117123732.487 8      3204.218 8        52.243 8
G12  20799454.142 9 109301846.432 9        86.715 9        55.843 9                                                                  20799454.142 8 109301846.432 8        86.715 8        52.843 8
G17  24769214.224 9 130163030.771 9     -2967.794 9        54.326 9                                                                  24769214.224 8 130163030.771 8     -2967.794 8        51.326 8
G24  24271060.067 9 127545233.535 9      3035.590 9        54.502 9                                                                  24271060.067 8 127545233.535 8      3035.590 8        51.502 8
G30  22529335.707 9 118392426.244 9      2263.513 9        55.149 9                                                                  22529335.707 8 118392426.244 8      2263.513 8        52.149 8
G05  21244731.033 9 111641790.357 9       586.572 9        55.659 9                                                                  21244731.033 8 111641790.357 8       586.572 8        52.659 8
G04  22013282.597 9 115680549.732 9     -2500.644 9        55.350 9                                                                  22013282.597 8 115680549.732 8     -2500.644 8        52.350 8
E04                                                                  23388009.338 9 122904785.373 9      -184.253 9        57.937 9  23388009.338 9 122904785.373 9      -184.253 9        57.937 9
E05                                                                  26187638.003 9 137616901.918 9     -2080.301 9        56.955 9  26187638.003 9 137616901.918 9     -2080.301 9        56.955 9
E11                                                                  26724899.142 9 140440228.024 9     -2440.550 9        56.778 9  26724899.142 9 140440228.024 9     -2440.550 9        56.778 9
E20                                                                  27909411.671 9 146664868.695 9     -1716.970 9        56.401 9  27909411.671 9 146664868.695 9     -1716.970 9        56.401 9
E09                                                                  24937731.686 9 131048615.674 9      2535.054 9        57.379 9  24937731.686 9 131048615.674 9      2535.054 9        57.379 9
E10                                                                  23770757.090 9 124916135.606 9       -59.645 9        57.796 9  23770757.090 9 124916135.606 9       -59.645 9        57.796 9
E03                                                                  24995837.385 9 131353970.212 9      1935.681 9        57.359 9  24995837.385 9 131353970.212 9      1935.681 9        57.359 9
> 2026 02 03 10 03 20.0000000  0 17       0.000000000000
G02  20314189.030 9 106751762.704 9      -436.521 9        56.048 9                                                                  20314189.030 8 106751762.704 8      -436.521 8        53.048 8
G13  25199340.107 9 132423357.065 9      1165.960 9        54.176 9                                                                  25199340.107 8 132423357.065 8      1165.960 8        51.176 8
G29  24807770.975 9 130365669.122 9      3073.925 9        54.312 9                                                                  24807770.975 8 130365669.122 8      3073.925 8        51.312 8
G10  22287302.074 9 117120528.437 9      3203.891 9        55.243 9                                                                  22287302.074 8 117120528.437 8      3203.891 8        52.243 8
G12  20799437.704 9 109301760.049 9        86.050 9        55.843 9                                                                  20799437.704 8 109301760.049 8        86.050 8        52.843 8
G17  24769778.988 9 130165998.610 9     -2967.917 9        54.326 9                                                                  24769778.988 8 130165998.610 8     -2967.917 8        51.326 8
G24  24270482.428 9 127542198.029 9      3035.423 9        54.502 9                                                                  24270482.428 8 127542198.029 8      3035.423 8        51.502 8
G30  22528905.022 9 118390162.979 9      2263.017 9        55.149 9                                                                  22528905.022 8 118390162.979 8      2263.017 8        52.149 8
G05  21244619.475 9 111641204.114 9       585.913 9        55.659 9                                                                  21244619.475 8 111641204.114 8       585.913 8        52.659 8
G04  22013758.471 9 115683050.460 9     -2500.824 9        55.350 9                                                                  22013758.471 8 115683050.460 8     -2500.824 8        52.350 8
E04                                                                  23388044.425 9 122904969.750 9      -184.504 9        57.937 9  23388044.425 9 122904969.750 9      -184.504 9        57.937 9
E05                                                                  26188033.887 9 137618982.294 9     -2080.471 9        56.954 9  26188033.887 9 137618982.294 9     -2080.471 9        56.954 9
E11                                                                  26725363.585 9 140442668.684 9     -2440.789 9        56.778 9  26725363.585 9 140442668.684 9     -2440.789 9        56.778 9
E20                                                                  27909738.429 9 146666585.809 9     -1717.270 9        56.401 9  27909738.429 9 146666585.809 9     -1717.270 9        56.401 9
E09                                                                  24937249.308 9 131046080.766 9      2534.772 9        57.380 9  24937249.308 9 131046080.766 9      2534.772 9        57.380 9
E10                                                                  23770768.485 9 124916195.486 9       -60.114 9        57.796 9  23770768.485 9 124916195.486 9       -60.114 9        57.796 9
E03                                                                  24995469.046 9 131352034.578 9      1935.588 9        57.359 9  24995469.046 9 131352034.578 9      1935.588 9        57.359 9
> 2026 02 03 10 03 21.0000000  0 17       0.000000000000
G02  20314272.134 9 106752199.418 9      -436.910 9        56.048 9                                                                  20314272.134 8 106752199.418 8      -436.910 8        53.048 8
G13  25199118.277 9 132422191.341 9      1165.499 9        54.176 9                                                                  25199118.277 8 132422191.341 8      1165.499 8        51.176 8
G29  24807186.024 9 130362595.185 9      3073.948 9        54.313 9                                                                  24807186.024 8 130362595.185 8      3073.948 8        51.313 8
G10  22286692.425 9 117117324.715 9      3203.563 9        55.243 9                                                                  22286692.425 8 117117324.715 8      3203.563 8        52.243 8
G12  20799421.393 9 109301674.331 9        85.384 9        55.843 9                                                                  20799421.393 8 109301674.331 8        85.384 8        52.843 8
G17  24770343.775 9 130168966.571 9     -2968.040 9        54.325 9                                                                  24770343.775 8 130168966.571 8     -2968.040 8        51.325 8
G24  24269904.822 9 127539162.690 9      3035.256 9        54.503 9                                                                  24269904.822 8 127539162.690 8      3035.256 8        51.503 8
G30  22528474.431 9 118387900.210 9      2262.521 9        55.149 9                                                                  22528474.431 8 118387900.210 8      2262.521 8        52.149 8
G05  21244508.042 9 111640618.530 9       585.253 9        55.659 9                                                                  21244508.042 8 111640618.530 8       585.253 8        52.659 8
G04  22014234.379 9 115685551.368 9     -2501.004 9        55.350 9                                                                  22014234.379 8 115685551.368 8     -2501.004 8        52.350 8
E04                                                                  23388079.558 9 122905154.379 9      -184.755 9        57.937 9  23388079.558 9 122905154.379 9      -184.755 9        57.937 9
E05                                                                  26188429.804 9 137621062.840 9     -2080.641 9        56.954 9  26188429.804 9 137621062.840 9     -2080.641 9        56.954 9
E11                                                                  26725828.074 9 140445109.582 9     -2441.027 9        56.778 9  26725828.074 9 140445109.582 9     -2441.027 9        56.778 9
E20                                                                  27910065.243 9 146668303.222 9     -1717.570 9        56.401 9  27910065.243 9 146668303.222 9     -1717.570 9        56.401 9
E09                                                                  24936766.983 9 131043546.140 9      2534.489 9        57.380 9  24936766.983 9 131043546.140 9      2534.489 9        57.380 9
E10                                                                  23770779.969 9 124916255.834 9       -60.583 9        57.796 9  23770779.969 9 124916255.834 9       -60.583 9        57.796 9
E03                                                                  24995100.724 9 131350099.037 9      1935.495 9        57.359 9  24995100.724 9 131350099.037 9      1935.495 9        57.359 9
> 2026 02 03 10 03 22.0000000  0 17       0.000000000000
G02  20314355.312 9 106752636.522 9      -437.299 9        56.048 9                                                                  20314355.312 8 106752636.522 8      -437.299 8        53.048 8
G13  25198896.534 9 132421026.078 9      1165.038 9        54.176 9                                                                  25198896.534 8 132421026.078 8      1165.038 8        51.176 8
G29  24806601.068 9 130359521.224 9      3073.971 9        54.313 9                                                                  24806601.068 8 130359521.224 8      3073.971 8        51.313 8
G10  22286082.838 9 117114121.320 9      3203.235 9        55.243 9                                                                  22286082.838 8 117114121.320 8      3203.235 8        52.243 8
G12  20799405.208 9 109301589.279 9        84.718 9        55.843 9                                                                  20799405.208 8 109301589.279 8        84.718 8        52.843 8
G17  24770908.585 9 130171934.656 9     -2968.162 9        54.325 9                                                                  24770908.585 8 130171934.656 8     -2968.162 8        51.325 8
G24  24269327.247 9 127536127.518 9      3035.088 9        54.503 9                                                                  24269327.247 8 127536127.518 8      3035.088 8        51.503 8
G30  22528043.934 9 118385637.937 9      2262.025 9        55.150 9                                                                  22528043.934 8 118385637.937 8      2262.025 8        52.150 8
G05  21244396.735 9 111640033.606 9       584.593 9        55.659 9                                                                  21244396.735 8 111640033.606 8       584.593 8        52.659 8
G04  22014710.321 9 115688052.456 9     -2501.184 9        55.350 9                                                                  22014710.321 8 115688052.456 8     -2501.184 8        52.350 8
E04                                                                  23388114.740 9 122905339.259 9      -185.006 9        57.937 9  23388114.740 9 122905339.259 9      -185.006 9        57.937 9
E05                                                                  26188825.752 9 137623143.556 9     -2080.811 9        56.954 9  26188825.752 9 137623143.556 9     -2080.811 9        56.954 9
E11                                                                  26726292.608 9 140447550.718 9     -2441.265 9        56.778 9  26726292.608 9 140447550.718 9     -2441.265 9        56.778 9
E20                                                                  27910392.115 9 146670020.936 9     -1717.870 9        56.401 9  27910392.115 9 146670020.936 9     -1717.870 9        56.401 9
E09                                                                  24936284.713 9 131041011.798 9      2534.206 9        57.380 9  24936284.713 9 131041011.798 9      2534.206 9        57.380 9
E10                                                                  23770791.542 9 124916316.652 9       -61.052 9        57.796 9  23770791.542 9 124916316.652 9       -61.052 9        57.796 9
E03                                                                  24994732.421 9 131348163.589 9      1935.402 9        57.360 9  24994732.421 9 131348163.589 9      1935.402 9        57.360 9
> 2026 02 03 10 03 23.0000000  0 17       0.000000000000
G02  20314438.564 9 106753074.014 9      -437.688 9        56.048 9                                                                  20314438.564 8 106753074.014 8      -437.688 8        53.048 8
G13  25198674.878 9 132419861.276 9      1164.576 9        54.177 9                                                                  25198674.878 8 132419861.276 8      1164.576 8        51.177 8
G29  24806016.109 9 130356447.241 9      3073.993 9        54.313 9                                                                  24806016.109 8 130356447.241 8      3073.993 8        51.313 8
G10  22285473.314 9 117110918.253 9      3202.907 9        55.244 9                                                                  22285473.314 8 117110918.253 8      3202.907 8        52.244 8
G12  20799389.150 9 109301504.893 9        84.052 9        55.843 9                                                                  20799389.150 8 109301504.893 8        84.052 8        52.843 8
G17  24771473.419 9 130174902.863 9     -2968.285 9        54.325 9                                                                  24771473.419 8 130174902.863 8     -2968.285 8        51.325 8
G24  24268749.704 9 127533092.514 9      3034.921 9        54.503 9                                                                  24268749.704 8 127533092.514 8      3034.921 8        51.503 8
G30  22527613.532 9 118383376.161 9      2261.528 9        55.150 9                                                                  22527613.532 8 118383376.161 8      2261.528 8        52.150 8
G05  21244285.553 9 111639449.342 9       583.933 9        55.659 9                                                                  21244285.553 8 111639449.342 8       583.933 8        52.659 8
G04  22015186.297 9 115690553.723 9     -2501.364 9        55.350 9                                                                  22015186.297 8 115690553.723 8     -2501.364 8        52.350 8
E04                                                                  23388149.969 9 122905524.390 9      -185.257 9        57.937 9  23388149.969 9 122905524.390 9      -185.257 9        57.937 9
E05                                                                  26189221.733 9 137625224.443 9     -2080.981 9        56.954 9  26189221.733 9 137625224.443 9     -2080.981 9        56.954 9
E11                                                                  26726757.188 9 140449992.092 9     -2441.503 9        56.778 9  26726757.188 9 140449992.092 9     -2441.503 9        56.778 9
E20                                                                  27910719.043 9 146671738.949 9     -1718.170 9        56.401 9  27910719.043 9 146671738.949 9     -1718.170 9        56.401 9
E09                                                                  24935802.496 9 131038477.737 9      2533.924 9        57.380 9  24935802.496 9 131038477.737 9      2533.924 9        57.380 9
E10                                                                  23770803.204 9 124916377.938 9       -61.521 9        57.796 9  23770803.204 9 124916377.938 9       -61.521 9        57.796 9
E03                                                                  24994364.134 9 131346228.234 9      1935.309 9        57.360 9  24994364.134 9 131346228.234 9      1935.309 9        57.360 9
> 2026 02 03 10 03 24.0000000  0 17       0.000000000000
G02  20314521.890 9 106753511.896 9      -438.077 9        56.048 9                                                                  20314521.890 8 106753511.896 8      -438.077 8        53.048 8
G13  25198453.311 9 132418696.936 9      1164.115 9        54.177 9                                                                  25198453.311 8 132418696.936 8      1164.115 8        51.177 8
G29  24805431.144 9 130353373.236 9      3074.016 9        54.313 9                                                                  24805431.144 8 130353373.236 8      3074.016 8        51.313 8
G10  22284863.852 9 117107715.514 9      3202.579 9        55.244 9                                                                  22284863.852 8 117107715.514 8      3202.579 8        52.244 8
G12  20799373.219 9 109301421.172 9        83.387 9        55.843 9                                                                  20799373.219 8 109301421.172 8        83.387 8        52.843 8
G17  24772038.276 9 130177871.193 9     -2968.408 9        54.325 9                                                                  24772038.276 8 130177871.193 8     -2968.408 8        51.325 8
G24  24268172.193 9 127530057.677 9      3034.754 9        54.503 9                                                                  24268172.193 8 127530057.677 8      3034.754 8        51.503 8
G30  22527183.225 9 118381114.881 9      2261.032 9        55.150 9                                                                  22527183.225 8 118381114.881 8      2261.032 8        52.150 8
G05  21244174.497 9 111638865.738 9       583.273 9        55.659 9                                                                  21244174.497 8 111638865.738 8       583.273 8        52.659 8
G04  22015662.308 9 115693055.171 9     -2501.544 9        55.349 9                                                                  22015662.308 8 115693055.171 8     -2501.544 8        52.349 8
E04                                                                  23388185.247 9 122905709.772 9      -185.508 9        57.937 9  23388185.247 9 122905709.772 9      -185.508 9        57.937 9
E05                                                                  26189617.746 9 137627305.499 9     -2081.151 9        56.954 9  26189617.746 9 137627305.499 9     -2081.151 9        56.954 9
E11                                                                  26727221.813 9 140452433.704 9     -2441.740 9        56.777 9  26727221.813 9 140452433.704 9     -2441.740 9        56.777 9
E20                                                                  27911046.029 9 146673457.262 9     -1718.469 9        56.401 9  27911046.029 9 146673457.262 9     -1718.469 9        56.401 9
E09                                                                  24935320.334 9 131035943.960 9      2533.641 9        57.380 9  24935320.334 9 131035943.960 9      2533.641 9        57.380 9
E10                                                                  23770814.956 9 124916439.694 9       -61.990 9        57.796 9  23770814.956 9 124916439.694 9       -61.990 9        57.796 9
E03                                                                  24993995.866 9 131344292.972 9      1935.216 9        57.360 9  24993995.866 9 131344292.972 9      1935.216 9        57.360 9
> 2026 02 03 10 03 25.0000000  0 17       0.000000000000
G02  20314605.291 9 106753950.166 9      -438.466 9        56.048 9                                                                  20314605.291 8 106753950.166 8      -438.466 8        53.048 8
G13  25198231.831 9 132417533.056 9      1163.654 9        54.177 9                                                                  25198231.831 8 132417533.056 8      1163.654 8        51.177 8
G29  24804846.176 9 130350299.207 9      3074.039 9        54.313 9                                                                  24804846.176 8 130350299.207 8      3074.039 8        51.313 8
G10  22284254.453 9 117104513.103 9      3202.251 9        55.244 9                                                                  22284254.453 8 117104513.103 8      3202.251 8        52.244 8
G12  20799357.414 9 109301338.118 9        82.721 9        55.843 9                                                                  20799357.414 8 109301338.118 8        82.721 8        52.843 8
G17  24772603.156 9 130180839.646 9     -2968.530 9        54.325 9                                                                  24772603.156 8 130180839.646 8     -2968.530 8        51.325 8
G24  24267594.714 9 127527023.007 9      3034.586 9        54.504 9                                                                  24267594.714 8 127527023.007 8      3034.586 8        51.504 8
G30  22526753.012 9 118378854.097 9      2260.535 9        55.150 9                                                                  22526753.012 8 118378854.097 8      2260.535 8        52.150 8
G05  21244063.567 9 111638282.794 9       582.613 9        55.659 9                                                                  21244063.567 8 111638282.794 8       582.613 8        52.659 8
G04  22016138.353 9 115695556.799 9     -2501.724 9        55.349 9                                                                  22016138.353 8 115695556.799 8     -2501.724 8        52.349 8
E04                                                                  23388220.572 9 122905895.406 9      -185.760 9        57.937 9  23388220.572 9 122905895.406 9      -185.760 9        57.937 9
E05                                                                  26190013.792 9 137629386.725 9     -2081.321 9        56.954 9  26190013.792 9 137629386.725 9     -2081.321 9        56.954 9
E11                                                                  26727686.483 9 140454875.553 9     -2441.978 9        56.777 9  26727686.483 9 140454875.553 9     -2441.978 9        56.777 9
E20                                                                  27911373.072 9 146675175.874 9     -1718.769 9        56.401 9  27911373.072 9 146675175.874 9     -1718.769 9        56.401 9
E09                                                                  24934838.225 9 131033410.465 9      2533.358 9        57.380 9  24934838.225 9 131033410.465 9      2533.358 9        57.380 9
E10                                                                  23770826.797 9 124916501.918 9       -62.459 9        57.796 9  23770826.797 9 124916501.918 9       -62.459 9        57.796 9
E03                                                                  24993627.615 9 131342357.803 9      1935.123 9        57.360 9  24993627.615 9 131342357.803 9      1935.123 9        57.360 9
> 2026 02 03 10 03 26.0000000  0 17       0.000000000000
G02  20314688.765 9 106754388.826 9      -438.855 9        56.048 9                                                                  20314688.765 8 106754388.826 8      -438.855 8        53.048 8
G13  25198010.439 9 132416369.638 9      1163.193 9        54.177 9                                                                  25198010.439 8 132416369.638 8      1163.193 8        51.177 8
G29  24804261.203 9 130347225.156 9      3074.062 9        54.314 9                                                                  24804261.203 8 130347225.156 8      3074.062 8        51.314 8
G10  22283645.116 9 117101311.020 9      3201.923 9        55.244 9                                                                  22283645.116 8 117101311.020 8      3201.923 8        52.244 8
G12  20799341.736 9 109301255.728 9        82.055 9        55.843 9                                                                  20799341.736 8 109301255.728 8        82.055 8        52.843 8
G17  24773168.059 9 130183808.221 9     -2968.653 9        54.324 9                                                                  24773168.059 8 130183808.221 8     -2968.653 8        51.324 8
G24  24267017.267 9 127523988.505 9      3034.419 9        54.504 9                                                                  24267017.267 8 127523988.505 8      3034.419 8        51.504 8
G30  22526322.893 9 118376593.811 9      2260.038 9        55.150 9                                                                  22526322.893 8 118376593.811 8      2260.038 8        52.150 8
G05  21243952.762 9 111637700.510 9       581.954 9        55.659 9                                                                  21243952.762 8 111637700.510 8       581.954 8        52.659 8
G04  22016614.432 9 115698058.606 9     -2501.904 9        55.349 9                                                                  22016614.432 8 115698058.606 8     -2501.904 8        52.349 8
E04                                                                  23388255.944 9 122906081.290 9      -186.011 9        57.937 9  23388255.944 9 122906081.290 9      -186.011 9        57.937 9
E05                                                                  26190409.870 9 137631468.121 9     -2081.491 9        56.954 9  26190409.870 9 137631468.121 9     -2081.491 9        56.954 9
E11                                                                  26728151.198 9 140457317.641 9     -2442.216 9        56.777 9  26728151.198 9 140457317.641 9     -2442.216 9        56.777 9
E20                                                                  27911700.172 9 146676894.787 9     -1719.069 9        56.401 9  27911700.172 9 146676894.787 9     -1719.069 9        56.401 9
E09                                                                  24934356.170 9 131030877.254 9      2533.075 9        57.381 9  24934356.170 9 131030877.254 9      2533.075 9        57.381 9
E10                                                                  23770838.727 9 124916564.611 9       -62.928 9        57.796 9  23770838.727 9 124916564.611 9       -62.928 9        57.796 9
E03                                                                  24993259.382 9 131340422.727 9      1935.030 9        57.360 9  24993259.382 9 131340422.727 9      1935.030 9        57.360 9
> 2026 02 03 10 03 27.0000000  0 17       0.000000000000
G02  20314772.313 9 106754827.874 9      -439.244 9        56.048 9                                                                  20314772.313 8 106754827.874 8      -439.244 8        53.048 8
G13  25197789.135 9 132415206.682 9      1162.731 9        54.177 9                                                                  25197789.135 8 132415206.682 8      1162.731 8        51.177 8
G29  24803676.226 9 130344151.082 9      3074.084 9        54.314 9                                                                  24803676.226 8 130344151.082 8      3074.084 8        51.314 8
G10  22283035.842 9 117098109.265 9      3201.595 9        55.245 9                                                                  22283035.842 8 117098109.265 8      3201.595 8        52.245 8
G12  20799326.185 9 109301174.005 9        81.390 9        55.843 9                                                                  20799326.185 8 109301174.005 8        81.390 8        52.843 8
G17  24773732.986 9 130186776.919 9     -2968.776 9        54.324 9                                                                  24773732.986 8 130186776.919 8     -2968.776 8        51.324 8
G24  24266439.852 9 127520954.170 9      3034.251 9        54.504 9                                                                  24266439.852 8 127520954.170 8      3034.251 8        51.504 8
G30  22525892.869 9 118374334.021 9      2259.541 9        55.150 9                                                                  22525892.869 8 118374334.021 8      2259.541 8        52.150 8
G05  21243842.082 9 111637118.885 9       581.294 9        55.659 9                                                                  21243842.082 8 111637118.885 8       581.294 8        52.659 8
G04  22017090.545 9 115700560.594 9     -2502.084 9        55.349 9                                                                  22017090.545 8 115700560.594 8     -2502.084 8        52.349 8
E04                                                                  23388291.365 9 122906267.426 9      -186.262 9        57.937 9  23388291.365 9 122906267.426 9      -186.262 9        57.937 9
E05                                                                  26190805.980 9 137633549.687 9     -2081.661 9        56.953 9  26190805.980 9 137633549.687 9     -2081.661 9        56.953 9
E11                                                                  26728615.958 9 140459759.966 9     -2442.454 9        56.777 9  26728615.958 9 140459759.966 9     -2442.454 9        56.777 9
E20                                                                  27912027.328 9 146678613.999 9     -1719.368 9        56.401 9  27912027.328 9 146678613.999 9     -1719.368 9        56.401 9
E09                                                                  24933874.168 9 131028344.325 9      2532.792 9        57.381 9  24933874.168 9 131028344.325 9      2532.792 9        57.381 9
E10                                                                  23770850.746 9 124916627.774 9       -63.397 9        57.796 9  23770850.746 9 124916627.774 9       -63.397 9        57.796 9
E03                                                                  24992891.167 9 131338487.744 9      1934.937 9        57.360 9  24992891.167 9 131338487.744 9      1934.937 9        57.360 9
> 2026 02 03 10 03 28.0000000  0 17       0.000000000000
G02  20314855.936 9 106755267.312 9      -439.633 9        56.048 9                                                                  20314855.936 8 106755267.312 8      -439.633 8        53.048 8
G13  25197567.919 9 132414044.186 9      1162.270 9        54.177 9                                                                  25197567.919 8 132414044.186 8      1162.270 8        51.177 8
G29  24803091.244 9 130341076.986 9      3074.107 9        54.314 9                                                                  24803091.244 8 130341076.986 8      3074.107 8        51.314 8
G10  22282426.630 9 117094907.838 9      3201.267 9        55.245 9                                                                  22282426.630 8 117094907.838 8      3201.267 8        52.245 8
G12  20799310.760 9 109301092.947 9        80.724 9        55.843 9                                                                  20799310.760 8 109301092.947 8        80.724 8        52.843 8
G17  24774297.937 9 130189745.740 9     -2968.898 9        54.324 9                                                                  24774297.937 8 130189745.740 8     -2968.898 8        51.324 8
G24  24265862.468 9 127517920.003 9      3034.084 9        54.504 9                                                                  24265862.468 8 127517920.003 8      3034.084 8        51.504 8
G30  22525462.940 9 118372074.728 9      2259.044 9        55.151 9                                                                  22525462.940 8 118372074.728 8      2259.044 8        52.151 8
G05  21243731.529 9 111636537.921 9       580.634 9        55.659 9                                                                  21243731.529 8 111636537.921 8       580.634 8        52.659 8
G04  22017566.692 9 115703062.761 9     -2502.263 9        55.349 9                                                                  22017566.692 8 115703062.761 8     -2502.263 8        52.349 8
E04                                                                  23388326.833 9 122906453.812 9      -186.513 9        57.936 9  23388326.833 9 122906453.812 9      -186.513 9        57.936 9
E05                                                                  26191202.123 9 137635631.423 9     -2081.831 9        56.953 9  26191202.123 9 137635631.423 9     -2081.831 9        56.953 9
E11                                                                  26729080.764 9 140462202.528 9     -2442.691 9        56.777 9  26729080.764 9 140462202.528 9     -2442.691 9        56.777 9
E20                                                                  27912354.542 9 146680333.510 9     -1719.668 9        56.401 9  27912354.542 9 146680333.510 9     -1719.668 9        56.401 9
E09                                                                  24933392.221 9 131025811.679 9      2532.509 9        57.381 9  24933392.221 9 131025811.679 9      2532.509 9        57.381 9
E10                                                                  23770862.855 9 124916691.405 9       -63.865 9        57.796 9  23770862.855 9 124916691.405 9       -63.865 9        57.796 9
E03                                                                  24992522.969 9 131336552.855 9      1934.844 9        57.360 9  24992522.969 9 131336552.855 9      1934.844 9        57.360 9
> 2026 02 03 10 03 29.0000000  0 17       0.000000000000
G02  20314939.632 9 106755707.138 9      -440.022 9        56.048 9                                                                  20314939.632 8 106755707.138 8      -440.022 8        53.048 8
G13  25197346.791 9 132412882.153 9      1161.808 9        54.177 9                                                                  25197346.791 8 132412882.153 8      1161.808 8        51.177 8
G29  24802506.258 9 130338002.867 9      3074.129 9        54.314 9                                                                  24802506.258 8 130338002.867 8      3074.129 8        51.314 8
G10  22281817.480 9 117091706.740 9      3200.938 9        55.245 9                                                                  22281817.480 8 117091706.740 8      3200.938 8        52.245 8
G12  20799295.463 9 109301012.556 9        80.058 9        55.843 9                                                                  20799295.463 8 109301012.556 8        80.058 8        52.843 8
G17  24774862.910 9 130192714.683 9     -2969.021 9        54.324 9                                                                  24774862.910 8 130192714.683 8     -2969.021 8        51.324 8
G24  24265285.116 9 127514886.003 9      3033.917 9        54.504 9                                                                  24265285.116 8 127514886.003 8      3033.917 8        51.504 8
G30  22525033.105 9 118369815.932 9      2258.547 9        55.151 9                                                                  22525033.105 8 118369815.932 8      2258.547 8        52.151 8
G05  21243621.100 9 111635957.616 9       579.974 9        55.659 9                                                                  21243621.100 8 111635957.616 8       579.974 8        52.659 8
G04  22018042.874 9 115705565.107 9     -2502.443 9        55.348 9                                                                  22018042.874 8 115705565.107 8     -2502.443 8        52.348 8
E04                                                                  23388362.349 9 122906640.450 9      -186.764 9        57.936 9  23388362.349 9 122906640.450 9      -186.764 9        57.936 9
E05                                                                  26191598.298 9 137637713.329 9     -2082.001 9        56.953 9  26191598.298 9 137637713.329 9     -2082.001 9        56.953 9
E11                                                                  26729545.615 9 140464645.328 9     -2442.928 9        56.777 9  26729545.615 9 140464645.328 9     -2442.928 9        56.777 9
E20                                                                  27912681.813 9 146682053.321 9     -1719.967 9        56.400 9  27912681.813 9 146682053.321 9     -1719.967 9        56.400 9
E09                                                                  24932910.327 9 131023279.316 9      2532.226 9        57.381 9  24932910.327 9 131023279.316 9      2532.226 9        57.381 9
E10                                                                  23770875.053 9 124916755.504 9       -64.334 9        57.796 9  23770875.053 9 124916755.504 9       -64.334 9        57.796 9
E03                                                                  24992154.789 9 131334618.058 9      1934.751 9        57.360 9  24992154.789 9 131334618.058 9      1934.751 9        57.360 9
> 2026 02 03 10 03 30.0000000  0 17       0.000000000000
G02  20315023.402 9 106756147.353 9      -440.410 9        56.048 9                                                                  20315023.402 8 106756147.353 8      -440.410 8        53.048 8
G13  25197125.750 9 132411720.580 9      1161.347 9        54.177 9                                                                  25197125.750 8 132411720.580 8      1161.347 8        51.177 8
G29  24801921.268 9 130334928.725 9      3074.152 9        54.314 9                                                                  24801921.268 8 130334928.725 8      3074.152 8        51.314 8
G10  22281208.393 9 117088505.970 9      3200.610 9        55.245 9                                                                  22281208.393 8 117088505.970 8      3200.610 8        52.245 8
G12  20799280.291 9 109300932.830 9        79.392 9        55.843 9                                                                  20799280.291 8 109300932.830 8        79.392 8        52.843 8
G17  24775427.907 9 130195683.749 9     -2969.144 9        54.324 9                                                                  24775427.907 8 130195683.749 8     -2969.144 8        51.324 8
G24  24264707.797 9 127511852.170 9      3033.749 9        54.505 9                                                                  24264707.797 8 127511852.170 8      3033.749 8        51.505 8
G30  22524603.364 9 118367557.633 9      2258.050 9        55.151 9                                                                  22524603.364 8 118367557.633 8      2258.050 8        52.151 8
G05  21243510.798 9 111635377.972 9       579.314 9        55.660 9                                                                  21243510.798 8 111635377.972 8       579.314 8        52.660 8
G04  22018519.090 9 115708067.634 9     -2502.623 9        55.348 9                                                                  22018519.090 8 115708067.634 8     -2502.623 8        52.348 8
E04                                                                  23388397.913 9 122906827.339 9      -187.016 9        57.936 9  23388397.913 9 122906827.339 9      -187.016 9        57.936 9
E05                                                                  26191994.506 9 137639795.406 9     -2082.171 9        56.953 9  26191994.506 9 137639795.406 9     -2082.171 9        56.953 9
E11                                                                  26730010.511 9 140467088.366 9     -2443.166 9        56.776 9  26730010.511 9 140467088.366 9     -2443.166 9        56.776 9
E20                                                                  27913009.141 9 146683773.431 9     -1720.266 9        56.400 9  27913009.141 9 146683773.431 9     -1720.266 9        56.400 9
E09                                                                  24932428.488 9 131020747.236 9      2531.943 9        57.381 9  24932428.488 9 131020747.236 9      2531.943 9        57.381 9
E10                                                                  23770887.340 9 124916820.073 9       -64.803 9        57.796 9  23770887.340 9 124916820.073 9       -64.803 9        57.796 9
E03                                                                  24991786.627 9 131332683.355 9      1934.658 9        57.361 9  24991786.627 9 131332683.355 9      1934.658 9        57.361 9
> 2026 02 03 10 03 31.0000000  0 17       0.000000000000
G02  20315107.247 9 106756587.957 9      -440.799 9        56.048 9                                                                  20315107.247 8 106756587.957 8      -440.799 8        53.048 8
G13  25196904.797 9 132410559.470 9      1160.885 9        54.177 9                                                                  25196904.797 8 132410559.470 8      1160.885 8        51.177 8
G29  24801336.274 9 130331854.561 9      3074.174 9        54.315 9                                                                  24801336.274 8 130331854.561 8      3074.174 8        51.315 8
G10  22280599.369 9 117085305.529 9      3200.281 9        55.246 9                                                                  22280599.369 8 117085305.529 8      3200.281 8        52.246 8
G12  20799265.247 9 109300853.769 9        78.726 9        55.843 9                                                                  20799265.247 8 109300853.769 8        78.726 8        52.843 8
G17  24775992.927 9 130198652.937 9     -2969.266 9        54.323 9                                                                  24775992.927 8 130198652.937 8     -2969.266 8        51.323 8
G24  24264130.509 9 127508818.505 9      3033.582 9        54.505 9                                                                  24264130.509 8 127508818.505 8      3033.582 8        51.505 8
G30  22524173.719 9 118365299.831 9      2257.553 9        55.151 9                                                                  22524173.719 8 118365299.831 8      2257.553 8        52.151 8
G05  21243400.621 9 111634798.987 9       578.654 9        55.660 9                                                                  21243400.621 8 111634798.987 8       578.654 8        52.660 8
G04  22018995.340 9 115710570.339 9     -2502.802 9        55.348 9                                                                  22018995.340 8 115710570.339 8     -2502.802 8        52.348 8
E04                                                                  23388433.525 9 122907014.480 9      -187.267 9        57.936 9  23388433.525 9 122907014.480 9      -187.267 9        57.936 9
E05                                                                  26192390.745 9 137641877.652 9     -2082.341 9        56.953 9  26192390.745 9 137641877.652 9     -2082.341 9        56.953 9
E11                                                                  26730475.452 9 140469531.641 9     -2443.403 9        56.776 9  26730475.452 9 140469531.641 9     -2443.403 9        56.776 9
E20                                                                  27913336.525 9 146685493.840 9     -1720.566 9        56.400 9  27913336.525 9 146685493.840 9     -1720.566 9        56.400 9
E09                                                                  24931946.702 9 131018215.440 9      2531.660 9        57.381 9  24931946.702 9 131018215.440 9      2531.660 9        57.381 9
E10                                                                  23770899.716 9 124916885.111 9       -65.272 9        57.796 9  23770899.716 9 124916885.111 9       -65.272 9        57.796 9
E03                                                                  24991418.482 9 131330748.745 9      1934.564 9        57.361 9  24991418.482 9 131330748.745 9      1934.564 9        57.361 9
> 2026 02 03 10 03 32.0000000  0 17       0.000000000000
G02  20315191.165 9 106757028.949 9      -441.188 9        56.048 9                                                                  20315191.165 8 106757028.949 8      -441.188 8        53.048 8
G13  25196683.932 9 132409398.821 9      1160.423 9        54.177 9                                                                  25196683.932 8 132409398.821 8      1160.423 8        51.177 8
G29  24800751.275 9 130328780.374 9      3074.197 9        54.315 9                                                                  24800751.275 8 130328780.374 8      3074.197 8        51.315 8
G10  22279990.407 9 117082105.416 9      3199.952 9        55.246 9                                                                  22279990.407 8 117082105.416 8      3199.952 8        52.246 8
G12  20799250.329 9 109300775.375 9        78.061 9        55.843 9                                                                  20799250.329 8 109300775.375 8        78.061 8        52.843 8
G17  24776557.971 9 130201622.248 9     -2969.389 9        54.323 9                                                                  24776557.971 8 130201622.248 8     -2969.389 8        51.323 8
G24  24263553.253 9 127505785.008 9      3033.414 9        54.505 9                                                                  24263553.253 8 127505785.008 8      3033.414 8        51.505 8
G30  22523744.168 9 118363042.526 9      2257.056 9        55.151 9                                                                  22523744.168 8 118363042.526 8      2257.056 8        52.151 8
G05  21243290.569 9 111634220.663 9       577.993 9        55.660 9                                                                  21243290.569 8 111634220.663 8       577.993 8        52.660 8
G04  22019471.624 9 115713073.225 9     -2502.982 9        55.348 9                                                                  22019471.624 8 115713073.225 8     -2502.982 8        52.348 8
E04                                                                  23388469.185 9 122907201.871 9      -187.518 9        57.936 9  23388469.185 9 122907201.871 9      -187.518 9        57.936 9
E05                                                                  26192787.018 9 137643960.068 9     -2082.511 9        56.953 9  26192787.018 9 137643960.068 9     -2082.511 9        56.953 9
E11                                                                  26730940.439 9 140471975.153 9     -2443.641 9        56.776 9  26730940.439 9 140471975.153 9     -2443.641 9        56.776 9
E20                                                                  27913663.967 9 146687214.549 9     -1720.865 9        56.400 9  27913663.967 9 146687214.549 9     -1720.865 9        56.400 9
E09                                                                  24931464.970 9 131015683.927 9      2531.377 9        57.382 9  24931464.970 9 131015683.927 9      2531.377 9        57.382 9
E10                                                                  23770912.181 9 124916950.617 9       -65.741 9        57.796 9  23770912.181 9 124916950.617 9       -65.741 9        57.796 9
E03                                                                  24991050.356 9 131328814.228 9      1934.471 9        57.361 9  24991050.356 9 131328814.228 9      1934.471 9        57.361 9
> 2026 02 03 10 03 33.0000000  0 17       0.000000000000
G02  20315275.157 9 106757470.331 9      -441.577 9        56.048 9                                                                  20315275.157 8 106757470.331 8      -441.577 8        53.048 8
G13  25196463.155 9 132408238.634 9      1159.961 9        54.177 9                                                                  25196463.155 8 132408238.634 8      1159.961 8        51.177 8
G29  24800166.272 9 130325706.165 9      3074.219 9        54.315 9                                                                  24800166.272 8 130325706.165 8      3074.219 8        51.315 8
G10  22279381.507 9 117078905.633 9      3199.624 9        55.246 9                                                                  22279381.507 8 117078905.633 8      3199.624 8        52.246 8
G12  20799235.538 9 109300697.646 9        77.395 9        55.843 9                                                                  20799235.538 8 109300697.646 8        77.395 8        52.843 8
G17  24777123.038 9 130204591.682 9     -2969.511 9        54.323 9                                                                  24777123.038 8 130204591.682 8     -2969.511 8        51.323 8
G24  24262976.029 9 127502751.678 9      3033.246 9        54.505 9                                                                  24262976.029 8 127502751.678 8      3033.246 8        51.505 8
G30  22523314.711 9 118360785.719 9      2256.559 9        55.151 9                                                                  22523314.711 8 118360785.719 8      2256.559 8        52.151 8
G05  21243180.644 9 111633642.999 9       577.333 9        55.660 9                                                                  21243180.644 8 111633642.999 8       577.333 8        52.660 8
G04  22019947.942 9 115715576.289 9     -2503.161 9        55.348 9                                                                  22019947.942 8 115715576.289 8     -2503.161 8        52.348 8
E04                                                                  23388504.892 9 122907389.514 9      -187.769 9        57.936 9  23388504.892 9 122907389.514 9      -187.769 9        57.936 9
E05                                                                  26193183.322 9 137646042.654 9     -2082.681 9        56.953 9  26193183.322 9 137646042.654 9     -2082.681 9        56.953 9
E11                                                                  26731405.470 9 140474418.903 9     -2443.878 9        56.776 9  26731405.470 9 140474418.903 9     -2443.878 9        56.776 9
E20                                                                  27913991.465 9 146688935.557 9     -1721.164 9        56.400 9  27913991.465 9 146688935.557 9     -1721.164 9        56.400 9
E09                                                                  24930983.292 9 131013152.697 9      2531.093 9        57.382 9  24930983.292 9 131013152.697 9      2531.093 9        57.382 9
E10                                                                  23770924.736 9 124917016.592 9       -66.209 9        57.796 9  23770924.736 9 124917016.592 9       -66.209 9        57.796 9
E03                                                                  24990682.247 9 131326879.805 9      1934.377 9        57.361 9  24990682.247 9 131326879.805 9      1934.377 9        57.361 9
> 2026 02 03 10 03 34.0000000  0 17       0.000000000000
G02  20315359.224 9 106757912.101 9      -441.965 9        56.048 9                                                                  20315359.224 8 106757912.101 8      -441.965 8        53.048 8
G13  25196242.466 9 132407078.909 9      1159.499 9        54.177 9                                                                  25196242.466 8 132407078.909 8      1159.499 8        51.177 8
G29  24799581.265 9 130322631.933 9      3074.242 9        54.315 9                                                                  24799581.265 8 130322631.933 8      3074.242 8        51.315 8
G10  22278772.671 9 117075706.178 9      3199.295 9        55.246 9                                                                  22278772.671 8 117075706.178 8      3199.295 8        52.246 8
G12  20799220.874 9 109300620.584 9        76.729 9        55.843 9                                                                  20799220.874 8 109300620.584 8        76.729 8        52.843 8
G17  24777688.128 9 130207561.238 9     -2969.634 9        54.323 9                                                                  24777688.128 8 130207561.238 8     -2969.634 8        51.323 8
G24  24262398.836 9 127499718.516 9      3033.079 9        54.505 9                                                                  24262398.836 8 127499718.516 8      3033.079 8        51.505 8
G30  22522885.349 9 118358529.409 9      2256.061 9        55.152 9                                                                  22522885.349 8 118358529.409 8      2256.061 8        52.152 8
G05  21243070.844 9 111633065.994 9       576.673 9        55.660 9                                                                  21243070.844 8 111633065.994 8       576.673 8        52.660 8
G04  22020424.295 9 115718079.534 9     -2503.340 9        55.348 9                                                                  22020424.295 8 115718079.534 8     -2503.340 8        52.348 8
E04                                                                  23388540.647 9 122907577.409 9      -188.021 9        57.936 9  23388540.647 9 122907577.409 9      -188.021 9        57.936 9
E05                                                                  26193579.659 9 137648125.410 9     -2082.851 9        56.953 9  26193579.659 9 137648125.410 9     -2082.851 9        56.953 9
E11                                                                  26731870.547 9 140476862.890 9     -2444.115 9        56.776 9  26731870.547 9 140476862.890 9     -2444.115 9        56.776 9
E20                                                                  27914319.021 9 146690656.864 9     -1721.463 9        56.400 9  27914319.021 9 146690656.864 9     -1721.463 9        56.400 9
E09                                                                  24930501.668 9 131010621.750 9      2530.810 9        57.382 9  24930501.668 9 131010621.750 9      2530.810 9        57.382 9
E10                                                                  23770937.380 9 124917083.036 9       -66.678 9        57.796 9  23770937.380 9 124917083.036 9       -66.678 9        57.796 9
E03                                                                  24990314.156 9 131324945.475 9      1934.284 9        57.361 9  24990314.156 9 131324945.475 9      1934.284 9        57.361 9
> 2026 02 03 10 03 35.0000000  0 17       0.000000000000
G02  20315443.364 9 106758354.259 9      -442.354 9        56.048 9                                                                  20315443.364 8 106758354.259 8      -442.354 8        53.048 8
G13  25196021.865 9 132405919.646 9      1159.037 9        54.177 9                                                                  25196021.865 8 132405919.646 8      1159.037 8        51.177 8
G29  24798996.253 9 130319557.679 9      3074.264 9        54.315 9                                                                  24798996.253 8 130319557.679 8      3074.264 8        51.315 8
G10  22278163.896 9 117072507.052 9      3198.966 9        55.246 9                                                                  22278163.896 8 117072507.052 8      3198.966 8        52.246 8
G12  20799206.336 9 109300544.187 9        76.063 9        55.843 9                                                                  20799206.336 8 109300544.187 8        76.063 8        52.843 8
G17  24778253.242 9 130210530.917 9     -2969.756 9        54.323 9                                                                  24778253.242 8 130210530.917 8     -2969.756 8        51.323 8
G24  24261821.676 9 127496685.521 9      3032.911 9        54.506 9                                                                  24261821.676 8 127496685.521 8      3032.911 8        51.506 8
G30  22522456.082 9 118356273.596 9      2255.564 9        55.152 9                                                                  22522456.082 8 118356273.596 8      2255.564 8        52.152 8
G05  21242961.169 9 111632489.650 9       576.013 9        55.660 9                                                                  21242961.169 8 111632489.650 8       576.013 8        52.660 8
G04  22020900.681 9 115720582.957 9     -2503.520 9        55.347 9                                                                  22020900.681 8 115720582.957 8     -2503.520 8        52.347 8
E04                                                                  23388576.450 9 122907765.554 9      -188.272 9        57.936 9  23388576.450 9 122907765.554 9      -188.272 9        57.936 9
E05                                                                  26193976.028 9 137650208.336 9     -2083.021 9        56.952 9  26193976.028 9 137650208.336 9     -2083.021 9        56.952 9
E11                                                                  26732335.669 9 140479307.114 9     -2444.352 9        56.776 9  26732335.669 9 140479307.114 9     -2444.352 9        56.776 9
E20                                                                  27914646.633 9 146692378.469 9     -1721.762 9        56.400 9  27914646.633 9 146692378.469 9     -1721.762 9        56.400 9
E09                                                                  24930020.097 9 131008091.086 9      2530.527 9        57.382 9  24930020.097 9 131008091.086 9      2530.527 9        57.382 9
E10                                                                  23770950.113 9 124917149.948 9       -67.147 9        57.796 9  23770950.113 9 124917149.948 9       -67.147 9        57.796 9
E03                                                                  24989946.082 9 131323011.238 9      1934.191 9        57.361 9  24989946.082 9 131323011.238 9      1934.191 9        57.361 9
> 2026 02 03 10 03 36.0000000  0 17       0.000000000000
G02  20315527.578 9 106758796.806 9      -442.742 9        56.047 9                                                                  20315527.578 8 106758796.806 8      -442.742 8        53.047 8
G13  25195801.352 9 132404760.845 9      1158.575 9        54.177 9                                                                  25195801.352 8 132404760.845 8      1158.575 8        51.177 8
G29  24798411.237 9 130316483.403 9      3074.287 9        54.316 9                                                                  24798411.237 8 130316483.403 8      3074.287 8        51.316 8
G10  22277555.185 9 117069308.255 9      3198.637 9        55.247 9                                                                  22277555.185 8 117069308.255 8      3198.637 8        52.247 8
G12  20799191.925 9 109300468.456 9        75.397 9        55.843 9                                                                  20799191.925 8 109300468.456 8        75.397 8        52.843 8
G17  24778818.379 9 130213500.718 9     -2969.879 9        54.322 9                                                                  24778818.379 8 130213500.718 8     -2969.879 8        51.322 8
G24  24261244.547 9 127493652.694 9      3032.744 9        54.506 9                                                                  24261244.547 8 127493652.694 8      3032.744 8        51.506 8
G30  22522026.910 9 118354018.281 9      2255.066 9        55.152 9                                                                  22522026.910 8 118354018.281 8      2255.066 8        52.152 8
G05  21242851.620 9 111631913.967 9       575.353 9        55.660 9                                                                  21242851.620 8 111631913.967 8       575.353 8        52.660 8
G04  22021377.102 9 115723086.560 9     -2503.699 9        55.347 9                                                                  22021377.102 8 115723086.560 8     -2503.699 8        52.347 8
E04                                                                  23388612.301 9 122907953.951 9      -188.524 9        57.936 9  23388612.301 9 122907953.951 9      -188.524 9        57.936 9
E05                                                                  26194372.429 9 137652291.432 9     -2083.191 9        56.952 9  26194372.429 9 137652291.432 9     -2083.191 9        56.952 9
E11                                                                  26732800.836 9 140481751.575 9     -2444.589 9        56.776 9  26732800.836 9 140481751.575 9     -2444.589 9        56.776 9
E20                                                                  27914974.302 9 146694100.374 9     -1722.061 9        56.400 9  27914974.302 9 146694100.374 9     -1722.061 9        56.400 9
E09                                                                  24929538.581 9 131005560.706 9      2530.243 9        57.382 9  24929538.581 9 131005560.706 9      2530.243 9        57.382 9
E10                                                                  23770962.935 9 124917217.329 9       -67.616 9        57.796 9  23770962.935 9 124917217.329 9       -67.616 9        57.796 9
E03                                                                  24989578.027 9 131321077.095 9      1934.097 9        57.361 9  24989578.027 9 131321077.095 9      1934.097 9        57.361 9
> 2026 02 03 10 03 37.0000000  0 17       0.000000000000
G02  20315611.866 9 106759239.742 9      -443.131 9        56.047 9                                                                  20315611.866 8 106759239.742 8      -443.131 8        53.047 8
G13  25195580.926 9 132403602.506 9      1158.113 9        54.178 9                                                                  25195580.926 8 132403602.506 8      1158.113 8        51.178 8
G29  24797826.217 9 130313409.104 9      3074.309 9        54.316 9                                                                  24797826.217 8 130313409.104 8      3074.309 8        51.316 8
G10  22276946.536 9 117066109.787 9      3198.307 9        55.247 9                                                                  22276946.536 8 117066109.787 8      3198.307 8        52.247 8
G12  20799177.641 9 109300393.391 9        74.731 9        55.843 9                                                                  20799177.641 8 109300393.391 8        74.731 8        52.843 8
G17  24779383.539 9 130216470.641 9     -2970.001 9        54.322 9                                                                  24779383.539 8 130216470.641 8     -2970.001 8        51.322 8
G24  24260667.451 9 127490620.034 9      3032.576 9        54.506 9                                                                  24260667.451 8 127490620.034 8      3032.576 8        51.506 8
G30  22521597.832 9 118351763.464 9      2254.568 9        55.152 9                                                                  22521597.832 8 118351763.464 8      2254.568 8        52.152 8
G05  21242742.197 9 111631338.943 9       574.693 9        55.660 9                                                                  21242742.197 8 111631338.943 8       574.693 8        52.660 8
G04  22021853.557 9 115725590.342 9     -2503.878 9        55.347 9                                                                  22021853.557 8 115725590.342 8     -2503.878 8        52.347 8
E04                                                                  23388648.200 9 122908142.600 9      -188.775 9        57.936 9  23388648.200 9 122908142.600 9      -188.775 9        57.936 9
E05                                                                  26194768.863 9 137654374.698 9     -2083.361 9        56.952 9  26194768.863 9 137654374.698 9     -2083.361 9        56.952 9
E11                                                                  26733266.048 9 140484196.273 9     -2444.826 9        56.775 9  26733266.048 9 140484196.273 9     -2444.826 9        56.775 9
E20                                                                  27915302.028 9 146695822.578 9     -1722.360 9        56.400 9  27915302.028 9 146695822.578 9     -1722.360 9        56.400 9
E09                                                                  24929057.119 9 131003030.610 9      2529.960 9        57.382 9  24929057.119 9 131003030.610 9      2529.960 9        57.382 9
E10                                                                  23770975.846 9 124917285.179 9       -68.084 9        57.796 9  23770975.846 9 124917285.179 9       -68.084 9        57.796 9
E03                                                                  24989209.989 9 131319143.045 9      1934.004 9        57.361 9  24989209.989 9 131319143.045 9      1934.004 9        57.361 9
> 2026 02 03 10 03 38.0000000  0 17       0.000000000000
G02  20315696.228 9 106759683.066 9      -443.519 9        56.047 9                                                                  20315696.228 8 106759683.066 8      -443.519 8        53.047 8
G13  25195360.589 9 132402444.629 9      1157.651 9        54.178 9                                                                  25195360.589 8 132402444.629 8      1157.651 8        51.178 8
G29  24797241.193 9 130310334.783 9      3074.331 9        54.316 9                                                                  24797241.193 8 130310334.783 8      3074.331 8        51.316 8
G10  22276337.950 9 117062911.649 9      3197.978 9        55.247 9                                                                  22276337.950 8 117062911.649 8      3197.978 8        52.247 8
G12  20799163.483 9 109300318.991 9        74.065 9        55.843 9                                                                  20799163.483 8 109300318.991 8        74.065 8        52.843 8
G17  24779948.722 9 130219440.687 9     -2970.124 9        54.322 9                                                                  24779948.722 8 130219440.687 8     -2970.124 8        51.322 8
G24  24260090.386 9 127487587.543 9      3032.408 9        54.506 9                                                                  24260090.386 8 127487587.543 8      3032.408 8        51.506 8
G30  22521168.849 9 118349509.144 9      2254.071 9        55.152 9                                                                  22521168.849 8 118349509.144 8      2254.071 8        52.152 8
G05  21242632.899 9 111630764.580 9       574.032 9        55.660 9                                                                  21242632.899 8 111630764.580 8       574.032 8        52.660 8
G04  22022330.045 9 115728094.303 9     -2504.057 9        55.347 9                                                                  22022330.045 8 115728094.303 8     -2504.057 8        52.347 8
E04                                                                  23388684.147 9 122908331.500 9      -189.026 9        57.936 9  23388684.147 9 122908331.500 9      -189.026 9        57.936 9
E05                                                                  26195165.329 9 137656458.134 9     -2083.531 9        56.952 9  26195165.329 9 137656458.134 9     -2083.531 9        56.952 9
E11                                                                  26733731.305 9 140486641.208 9     -2445.063 9        56.775 9  26733731.305 9 140486641.208 9     -2445.063 9        56.775 9
E20                                                                  27915629.811 9 146697545.081 9     -1722.659 9        56.400 9  27915629.811 9 146697545.081 9     -1722.659 9        56.400 9
E09                                                                  24928575.710 9 131000500.796 9      2529.676 9        57.383 9  24928575.710 9 131000500.796 9      2529.676 9        57.383 9
E10                                                                  23770988.847 9 124917353.498 9       -68.553 9        57.796 9  23770988.847 9 124917353.498 9       -68.553 9        57.796 9
E03                                                                  24988841.969 9 131317209.089 9      1933.910 9        57.362 9  24988841.969 9 131317209.089 9      1933.910 9        57.362 9
> 2026 02 03 10 03 39.0000000  0 17       0.000000000000
G02  20315780.664 9 106760126.779 9      -443.908 9        56.047 9                                                                  20315780.664 8 106760126.779 8      -443.908 8        53.047 8
G13  25195140.340 9 132401287.214 9      1157.189 9        54.178 9                                                                  25195140.340 8 132401287.214 8      1157.189 8        51.178 8
G29  24796656.165 9 130307260.439 9      3074.354 9        54.316 9                                                                  24796656.165 8 130307260.439 8      3074.354 8        51.316 8
G10  22275729.426 9 117059713.840 9      3197.649 9        55.247 9                                                                  22275729.426 8 117059713.840 8      3197.649 8        52.247 8
G12  20799149.452 9 109300245.258 9        73.399 9        55.843 9                                                                  20799149.452 8 109300245.258 8        73.399 8        52.843 8
G17  24780513.929 9 130222410.856 9     -2970.246 9        54.322 9                                                                  24780513.929 8 130222410.856 8     -2970.246 8        51.322 8
G24  24259513.353 9 127484555.219 9      3032.240 9        54.506 9                                                                  24259513.353 8 127484555.219 8      3032.240 8        51.506 8
G30  22520739.960 9 118347255.322 9      2253.573 9        55.152 9                                                                  22520739.960 8 118347255.322 8      2253.573 8        52.152 8
G05  21242523.727 9 111630190.877 9       573.372 9        55.660 9                                                                  21242523.727 8 111630190.877 8       573.372 8        52.660 8
G04  22022806.568 9 115730598.443 9     -2504.236 9        55.347 9                                                                  22022806.568 8 115730598.443 8     -2504.236 8        52.347 8
E04                                                                  23388720.141 9 122908520.651 9      -189.278 9        57.936 9  23388720.141 9 122908520.651 9      -189.278 9        57.936 9
E05                                                                  26195561.828 9 137658541.740 9     -2083.701 9        56.952 9  26195561.828 9 137658541.740 9     -2083.701 9        56.952 9
E11                                                                  26734196.608 9 140489086.380 9     -2445.300 9        56.775 9  26734196.608 9 140489086.380 9     -2445.300 9        56.775 9
E20                                                                  27915957.651 9 146699267.882 9     -1722.957 9        56.399 9  27915957.651 9 146699267.882 9     -1722.957 9        56.399 9
E09                                                                  24928094.356 9 130997971.267 9      2529.393 9        57.383 9  24928094.356 9 130997971.267 9      2529.393 9        57.383 9
E10                                                                  23771001.937 9 124917422.285 9       -69.022 9        57.796 9  23771001.937 9 124917422.285 9       -69.022 9        57.796 9
E03                                                                  24988473.966 9 131315275.227 9      1933.817 9        57.362 9  24988473.966 9 131315275.227 9      1933.817 9        57.362 9
> 2026 02 03 10 03 40.0000000  0 17       0.000000000000
G02  20315865.174 9 106760570.880 9      -444.296 9        56.047 9                                                                  20315865.174 8 106760570.880 8      -444.296 8        53.047 8
G13  25194920.178 9 132400130.262 9      1156.726 9        54.178 9                                                                  25194920.178 8 132400130.262 8      1156.726 8        51.178 8
G29  24796071.132 9 130304186.073 9      3074.376 9        54.316 9                                                                  24796071.132 8 130304186.073 8      3074.376 8        51.316 8
G10  22275120.965 9 117056516.360 9      3197.319 9        55.248 9                                                                  22275120.965 8 117056516.360 8      3197.319 8        52.248 8
G12  20799135.548 9 109300172.191 9        72.734 9        55.843 9                                                                  20799135.548 8 109300172.191 8        72.734 8        52.843 8
G17  24781079.159 9 130225381.147 9     -2970.368 9        54.322 9                                                                  24781079.159 8 130225381.147 8     -2970.368 8        51.322 8
G24  24258936.353 9 127481523.063 9      3032.073 9        54.507 9                                                                  24258936.353 8 127481523.063 8      3032.073 8        51.507 8
G30  22520311.167 9 118345001.998 9      2253.075 9        55.153 9                                                                  22520311.167 8 118345001.998 8      2253.075 8        52.153 8
G05  21242414.681 9 111629617.834 9       572.712 9        55.660 9                                                                  21242414.681 8 111629617.834 8       572.712 8        52.660 8
G04  22023283.125 9 115733102.762 9     -2504.415 9        55.346 9                                                                  22023283.125 8 115733102.762 8     -2504.415 8        52.346 8
E04                                                                  23388756.183 9 122908710.054 9      -189.529 9        57.936 9  23388756.183 9 122908710.054 9      -189.529 9        57.936 9
E05                                                                  26195958.359 9 137660625.515 9     -2083.871 9        56.952 9  26195958.359 9 137660625.515 9     -2083.871 9        56.952 9
E11                                                                  26734661.955 9 140491531.789 9     -2445.537 9        56.775 9  26734661.955 9 140491531.789 9     -2445.537 9        56.775 9
E20                                                                  27916285.548 9 146700990.982 9     -1723.256 9        56.399 9  27916285.548 9 146700990.982 9     -1723.256 9        56.399 9
E09                                                                  24927613.056 9 130995442.021 9      2529.109 9        57.383 9  24927613.056 9 130995442.021 9      2529.109 9        57.383 9
E10                                                                  23771015.116 9 124917491.541 9       -69.490 9        57.796 9  23771015.116 9 124917491.541 9       -69.490 9        57.796 9
E03                                                                  24988105.982 9 131313341.458 9      1933.723 9        57.362 9  24988105.982 9 131313341.458 9      1933.723 9        57.362 9
> 2026 02 03 10 03 41.0000000  0 17       0.000000000000
G02  20315949.757 9 106761015.370 9      -444.685 9        56.047 9                                                                  20315949.757 8 106761015.370 8      -444.685 8        53.047 8
G13  25194700.105 9 132398973.773 9      1156.264 9        54.178 9                                                                  25194700.105 8 132398973.773 8      1156.264 8        51.178 8
G29  24795486.095 9 130301111.685 9      3074.398 9        54.317 9                                                                  24795486.095 8 130301111.685 8      3074.398 8        51.317 8
G10  22274512.567 9 117053319.210 9      3196.989 9        55.248 9                                                                  22274512.567 8 117053319.210 8      3196.989 8        52.248 8
G12  20799121.771 9 109300099.789 9        72.068 9        55.843 9                                                                  20799121.771 8 109300099.789 8        72.068 8        52.843 8
G17  24781644.412 9 130228351.560 9     -2970.491 9        54.321 9                                                                  24781644.412 8 130228351.560 8     -2970.491 8        51.321 8
G24  24258359.384 9 127478491.074 9      3031.905 9        54.507 9                                                                  24258359.384 8 127478491.074 8      3031.905 8        51.507 8
G30  22519882.468 9 118342749.172 9      2252.577 9        55.153 9                                                                  22519882.468 8 118342749.172 8      2252.577 8        52.153 8
G05  21242305.760 9 111629045.452 9       572.051 9        55.660 9                                                                  21242305.760 8 111629045.452 8       572.051 8        52.660 8
G04  22023759.717 9 115735607.260 9     -2504.594 9        55.346 9                                                                  22023759.717 8 115735607.260 8     -2504.594 8        52.346 8
E04                                                                  23388792.274 9 122908899.708 9      -189.781 9        57.936 9  23388792.274 9 122908899.708 9      -189.781 9        57.936 9
E05                                                                  26196354.922 9 137662709.461 9     -2084.041 9        56.952 9  26196354.922 9 137662709.461 9     -2084.041 9        56.952 9
E11                                                                  26735127.347 9 140493977.435 9     -2445.774 9        56.775 9  26735127.347 9 140493977.435 9     -2445.774 9        56.775 9
E20                                                                  27916613.501 9 146702714.381 9     -1723.554 9        56.399 9  27916613.501 9 146702714.381 9     -1723.554 9        56.399 9
E09                                                                  24927131.809 9 130992913.059 9      2528.825 9        57.383 9  24927131.809 9 130992913.059 9      2528.825 9        57.383 9
E10                                                                  23771028.384 9 124917561.266 9       -69.959 9        57.796 9  23771028.384 9 124917561.266 9       -69.959 9        57.796 9
E03                                                                  24987738.015 9 131311407.782 9      1933.630 9        57.362 9  24987738.015 9 131311407.782 9      1933.630 9        57.362 9
> 2026 02 03 10 03 42.0000000  0 17       0.000000000000
G02  20316034.415 9 106761460.247 9      -445.073 9        56.047 9                                                                  20316034.415 8 106761460.247 8      -445.073 8        53.047 8
G13  25194480.119 9 132397817.745 9      1155.801 9        54.178 9                                                                  25194480.119 8 132397817.745 8      1155.801 8        51.178 8
G29  24794901.053 9 130298037.275 9      3074.420 9        54.317 9                                                                  24794901.053 8 130298037.275 8      3074.420 8        51.317 8
G10  22273904.231 9 117050122.390 9      3196.660 9        55.248 9                                                                  22273904.231 8 117050122.390 8      3196.660 8        52.248 8
G12  20799108.120 9 109300028.054 9        71.402 9        55.843 9                                                                  20799108.120 8 109300028.054 8        71.402 8        52.843 8
G17  24782209.689 9 130231322.096 9     -2970.613 9        54.321 9                                                                  24782209.689 8 130231322.096 8     -2970.613 8        51.321 8
G24  24257782.447 9 127475459.254 9      3031.737 9        54.507 9                                                                  24257782.447 8 127475459.254 8      3031.737 8        51.507 8
G30  22519453.864 9 118340496.844 9      2252.079 9        55.153 9                                                                  22519453.864 8 118340496.844 8      2252.079 8        52.153 8
G05  21242196.965 9 111628473.730 9       571.391 9        55.660 9                                                                  21242196.965 8 111628473.730 8       571.391 8        52.660 8
G04  22024236.342 9 115738111.937 9     -2504.773 9        55.346 9                                                                  22024236.342 8 115738111.937 8     -2504.773 8        52.346 8
E04                                                                  23388828.412 9 122909089.614 9      -190.032 9        57.936 9  23388828.412 9 122909089.614 9      -190.032 9        57.936 9
E05                                                                  26196751.518 9 137664793.577 9     -2084.211 9        56.952 9  26196751.518 9 137664793.577 9     -2084.211 9        56.952 9
E11                                                                  26735592.785 9 140496423.317 9     -2446.010 9        56.775 9  26735592.785 9 140496423.317 9     -2446.010 9        56.775 9
E20                                                                  27916941.512 9 146704438.078 9     -1723.853 9        56.399 9  27916941.512 9 146704438.078 9     -1723.853 9        56.399 9
E09                                                                  24926650.617 9 130990384.380 9      2528.542 9        57.383 9  24926650.617 9 130990384.380 9      2528.542 9        57.383 9
E10                                                                  23771041.741 9 124917631.459 9       -70.428 9        57.796 9  23771041.741 9 124917631.459 9       -70.428 9        57.796 9
E03                                                                  24987370.067 9 131309474.200 9      1933.536 9        57.362 9  24987370.067 9 131309474.200 9      1933.536 9        57.362 9
> 2026 02 03 10 03 43.0000000  0 17       0.000000000000
G02  20316119.146 9 106761905.514 9      -445.461 9        56.047 9                                                                  20316119.146 8 106761905.514 8      -445.461 8        53.047 8
G13  25194260.222 9 132396662.181 9      1155.339 9        54.178 9                                                                  25194260.222 8 132396662.181 8      1155.339 8        51.178 8
G29  24794316.008 9 130294962.842 9      3074.443 9        54.317 9                                                                  24794316.008 8 130294962.842 8      3074.443 8        51.317 8
G10  22273295.959 9 117046925.899 9      3196.330 9        55.248 9                                                                  22273295.959 8 117046925.899 8      3196.330 8        52.248 8
G12  20799094.596 9 109299956.984 9        70.736 9        55.843 9                                                                  20799094.596 8 109299956.984 8        70.736 8        52.843 8
G17  24782774.989 9 130234292.754 9     -2970.736 9        54.321 9                                                                  24782774.989 8 130234292.754 8     -2970.736 8        51.321 8
G24  24257205.542 9 127472427.601 9      3031.569 9        54.507 9                                                                  24257205.542 8 127472427.601 8      3031.569 8        51.507 8
G30  22519025.355 9 118338245.015 9      2251.581 9        55.153 9                                                                  22519025.355 8 118338245.015 8      2251.581 8        52.153 8
G05  21242088.296 9 111627902.668 9       570.731 9        55.660 9                                                                  21242088.296 8 111627902.668 8       570.731 8        52.660 8
G04  22024713.001 9 115740616.793 9     -2504.952 9        55.346 9                                                                  22024713.001 8 115740616.793 8     -2504.952 8        52.346 8
E04                                                                  23388864.597 9 122909279.772 9      -190.284 9        57.936 9  23388864.597 9 122909279.772 9      -190.284 9        57.936 9
E05                                                                  26197148.145 9 137666877.863 9     -2084.381 9        56.951 9  26197148.145 9 137666877.863 9     -2084.381 9        56.951 9
E11                                                                  26736058.267 9 140498869.436 9     -2446.247 9        56.775 9  26736058.267 9 140498869.436 9     -2446.247 9        56.775 9
E20                                                                  27917269.579 9 146706162.073 9     -1724.151 9        56.399 9  27917269.579 9 146706162.073 9     -1724.151 9        56.399 9
E09                                                                  24926169.478 9 130987855.985 9      2528.258 9        57.383 9  24926169.478 9 130987855.985 9      2528.258 9        57.383 9
E10                                                                  23771055.188 9 124917702.121 9       -70.896 9        57.796 9  23771055.188 9 124917702.121 9       -70.896 9        57.796 9
E03                                                                  24987002.136 9 131307540.712 9      1933.442 9        57.362 9  24987002.136 9 131307540.712 9      1933.442 9        57.362 9
> 2026 02 03 10 03 44.0000000  0 17       0.000000000000
G02  20316203.952 9 106762351.168 9      -445.849 9        56.047 9                                                                  20316203.952 8 106762351.168 8      -445.849 8        53.047 8
G13  25194040.413 9 132395507.078 9      1154.876 9        54.178 9                                                                  25194040.413 8 132395507.078 8      1154.876 8        51.178 8
G29  24793730.958 9 130291888.388 9      3074.465 9        54.317 9                                                                  24793730.958 8 130291888.388 8      3074.465 8        51.317 8
G10  22272687.749 9 117043729.739 9      3196.000 9        55.249 9                                                                  22272687.749 8 117043729.739 8      3196.000 8        52.249 8
G12  20799081.199 9 109299886.580 9        70.070 9        55.843 9                                                                  20799081.199 8 109299886.580 8        70.070 8        52.843 8
G17  24783340.312 9 130237263.534 9     -2970.858 9        54.321 9                                                                  24783340.312 8 130237263.534 8     -2970.858 8        51.321 8
G24  24256628.669 9 127469396.116 9      3031.401 9        54.507 9                                                                  24256628.669 8 127469396.116 8      3031.401 8        51.507 8
G30  22518596.940 9 118335993.683 9      2251.082 9        55.153 9                                                                  22518596.940 8 118335993.683 8      2251.082 8        52.153 8
G05  21241979.752 9 111627332.267 9       570.070 9        55.660 9                                                                  21241979.752 8 111627332.267 8       570.070 8        52.660 8
G04  22025189.694 9 115743121.828 9     -2505.131 9        55.346 9                                                                  22025189.694 8 115743121.828 8     -2505.131 8        52.346 8
E04                                                                  23388900.831 9 122909470.181 9      -190.536 9        57.936 9  23388900.831 9 122909470.181 9      -190.536 9        57.936 9
E05                                                                  26197544.806 9 137668962.319 9     -2084.551 9        56.951 9  26197544.806 9 137668962.319 9     -2084.551 9        56.951 9
E11                                                                  26736523.795 9 140501315.792 9     -2446.484 9        56.774 9  26736523.795 9 140501315.792 9     -2446.484 9        56.774 9
E20                                                                  27917597.703 9 146707886.367 9     -1724.450 9        56.399 9  27917597.703 9 146707886.367 9     -1724.450 9        56.399 9
E09                                                                  24925688.394 9 130985327.874 9      2527.974 9        57.384 9  24925688.394 9 130985327.874 9      2527.974 9        57.384 9
E10                                                                  23771068.723 9 124917773.252 9       -71.365 9        57.795 9  23771068.723 9 124917773.252 9       -71.365 9        57.795 9
E03                                                                  24986634.222 9 131305607.317 9      1933.349 9        57.362 9  24986634.222 9 131305607.317 9      1933.349 9        57.362 9
> 2026 02 03 10 03 45.0000000  0 17       0.000000000000
G02  20316288.831 9 106762797.210 9      -446.238 9        56.047 9                                                                  20316288.831 8 106762797.210 8      -446.238 8        53.047 8
G13  25193820.691 9 132394352.439 9      1154.413 9        54.178 9                                                                  25193820.691 8 132394352.439 8      1154.413 8        51.178 8
G29  24793145.904 9 130288813.911 9      3074.487 9        54.317 9                                                                  24793145.904 8 130288813.911 8      3074.487 8        51.317 8
G10  22272079.602 9 117040533.908 9      3195.670 9        55.249 9                                                                  22272079.602 8 117040533.908 8      3195.670 8        52.249 8
G12  20799067.929 9 109299816.843 9        69.404 9        55.843 9                                                                  20799067.929 8 109299816.843 8        69.404 8        52.843 8
G17  24783905.659 9 130240234.437 9     -2970.980 9        54.321 9                                                                  24783905.659 8 130240234.437 8     -2970.980 8        51.321 8
G24  24256051.828 9 127466364.799 9      3031.233 9        54.508 9                                                                  24256051.828 8 127466364.799 8      3031.233 8        51.508 8
G30  22518168.620 9 118333742.850 9      2250.584 9        55.153 9                                                                  22518168.620 8 118333742.850 8      2250.584 8        52.153 8
G05  21241871.334 9 111626762.526 9       569.410 9        55.660 9                                                                  21241871.334 8 111626762.526 8       569.410 8        52.660 8
G04  22025666.421 9 115745627.042 9     -2505.310 9        55.345 9                                                                  22025666.421 8 115745627.042 8     -2505.310 8        52.345 8
E04                                                                  23388937.113 9 122909660.841 9      -190.787 9        57.936 9  23388937.113 9 122909660.841 9      -190.787 9        57.936 9
E05                                                                  26197941.498 9 137671046.944 9     -2084.721 9        56.951 9  26197941.498 9 137671046.944 9     -2084.721 9        56.951 9
E11                                                                  26736989.367 9 140503762.384 9     -2446.720 9        56.774 9  26736989.367 9 140503762.384 9     -2446.720 9        56.774 9
E20                                                                  27917925.883 9 146709610.960 9     -1724.748 9        56.399 9  27917925.883 9 146709610.960 9     -1724.748 9        56.399 9
E09                                                                  24925207.363 9 130982800.047 9      2527.690 9        57.384 9  24925207.363 9 130982800.047 9      2527.690 9        57.384 9
E10                                                                  23771082.348 9 124917844.851 9       -71.833 9        57.795 9  23771082.348 9 124917844.851 9       -71.833 9        57.795 9
E03                                                                  24986266.327 9 131303674.016 9      1933.255 9        57.362 9  24986266.327 9 131303674.016 9      1933.255 9        57.362 9
> 2026 02 03 10 03 46.0000000  0 17       0.000000000000
G02  20316373.784 9 106763243.641 9      -446.626 9        56.047 9                                                                  20316373.784 8 106763243.641 8      -446.626 8        53.047 8
G13  25193601.058 9 132393198.263 9      1153.950 9        54.178 9                                                                  25193601.058 8 132393198.263 8      1153.950 8        51.178 8
G29  24792560.846 9 130285739.412 9      3074.509 9        54.318 9                                                                  24792560.846 8 130285739.412 8      3074.509 8        51.318 8
G10  22271471.517 9 117037338.407 9      3195.340 9        55.249 9                                                                  22271471.517 8 117037338.407 8      3195.340 8        52.249 8
G12  20799054.785 9 109299747.771 9        68.738 9        55.843 9                                                                  20799054.785 8 109299747.771 8        68.738 8        52.843 8
G17  24784471.028 9 130243205.461 9     -2971.103 9        54.320 9                                                                  24784471.028 8 130243205.461 8     -2971.103 8        51.320 8
G24  24255475.019 9 127463333.650 9      3031.065 9        54.508 9                                                                  24255475.019 8 127463333.650 8      3031.065 8        51.508 8
G30  22517740.396 9 118331492.515 9      2250.085 9        55.154 9                                                                  22517740.396 8 118331492.515 8      2250.085 8        52.154 8
G05  21241763.042 9 111626193.446 9       568.749 9        55.660 9                                                                  21241763.042 8 111626193.446 8       568.749 8        52.660 8
G04  22026143.182 9 115748132.434 9     -2505.488 9        55.345 9                                                                  22026143.182 8 115748132.434 8     -2505.488 8        52.345 8
E04                                                                  23388973.442 9 122909851.754 9      -191.039 9        57.936 9  23388973.442 9 122909851.754 9      -191.039 9        57.936 9
E05                                                                  26198338.223 9 137673131.740 9     -2084.891 9        56.951 9  26198338.223 9 137673131.740 9     -2084.891 9        56.951 9
E11                                                                  26737454.985 9 140506209.212 9     -2446.956 9        56.774 9  26737454.985 9 140506209.212 9     -2446.956 9        56.774 9
E20                                                                  27918254.121 9 146711335.851 9     -1725.046 9        56.399 9  27918254.121 9 146711335.851 9     -1725.046 9        56.399 9
E09                                                                  24924726.387 9 130980272.504 9      2527.406 9        57.384 9  24924726.387 9 130980272.504 9      2527.406 9        57.384 9
E10                                                                  23771096.062 9 124917916.918 9       -72.302 9        57.795 9  23771096.062 9 124917916.918 9       -72.302 9        57.795 9
E03                                                                  24985898.450 9 131301740.809 9      1933.161 9        57.363 9  24985898.450 9 131301740.809 9      1933.161 9        57.363 9
> 2026 02 03 10 03 47.0000000  0 17       0.000000000000
G02  20316458.811 9 106763690.460 9      -447.014 9        56.047 9                                                                  20316458.811 8 106763690.460 8      -447.014 8        53.047 8
G13  25193381.513 9 132392044.549 9      1153.487 9        54.178 9                                                                  25193381.513 8 132392044.549 8      1153.487 8        51.178 8
G29  24791975.784 9 130282664.890 9      3074.531 9        54.318 9                                                                  24791975.784 8 130282664.890 8      3074.531 8        51.318 8
G10  22270863.496 9 117034143.237 9      3195.010 9        55.249 9                                                                  22270863.496 8 117034143.237 8      3195.010 8        52.249 8
G12  20799041.768 9 109299679.365 9        68.072 9        55.843 9                                                                  20799041.768 8 109299679.365 8        68.072 8        52.843 8
G17  24785036.422 9 130246176.609 9     -2971.225 9        54.320 9                                                                  24785036.422 8 130246176.609 8     -2971.225 8        51.320 8
G24  24254898.241 9 127460302.669 9      3030.898 9        54.508 9                                                                  24254898.241 8 127460302.669 8      3030.898 8        51.508 8
G30  22517312.266 9 118329242.678 9      2249.587 9        55.154 9                                                                  22517312.266 8 118329242.678 8      2249.587 8        52.154 8
G05  21241654.875 9 111625625.026 9       568.089 9        55.660 9                                                                  21241654.875 8 111625625.026 8       568.089 8        52.660 8
G04  22026619.978 9 115750638.005 9     -2505.667 9        55.345 9                                                                  22026619.978 8 115750638.005 8     -2505.667 8        52.345 8
E04                                                                  23389009.820 9 122910042.918 9      -191.291 9        57.936 9  23389009.820 9 122910042.918 9      -191.291 9        57.936 9
E05                                                                  26198734.981 9 137675216.705 9     -2085.060 9        56.951 9  26198734.981 9 137675216.705 9     -2085.060 9        56.951 9
E11                                                                  26737920.647 9 140508656.277 9     -2447.193 9        56.774 9  26737920.647 9 140508656.277 9     -2447.193 9        56.774 9
E20                                                                  27918582.415 9 146713061.039 9     -1725.345 9        56.399 9  27918582.415 9 146713061.039 9     -1725.345 9        56.399 9
E09                                                                  24924245.464 9 130977745.245 9      2527.122 9        57.384 9  24924245.464 9 130977745.245 9      2527.122 9        57.384 9
E10                                                                  23771109.865 9 124917989.454 9       -72.770 9        57.795 9  23771109.865 9 124917989.454 9       -72.770 9        57.795 9
E03                                                                  24985530.590 9 131299807.696 9      1933.067 9        57.363 9  24985530.590 9 131299807.696 9      1933.067 9        57.363 9
> 2026 02 03 10 03 48.0000000  0 17       0.000000000000
G02  20316543.912 9 106764137.667 9      -447.402 9        56.047 9                                                                  20316543.912 8 106764137.667 8      -447.402 8        53.047 8
G13  25193162.056 9 132390891.298 9      1153.025 9        54.178 9                                                                  25193162.056 8 132390891.298 8      1153.025 8        51.178 8
G29  24791390.717 9 130279590.347 9      3074.553 9        54.318 9                                                                  24791390.717 8 130279590.347 8      3074.553 8        51.318 8
G10  22270255.537 9 117030948.396 9      3194.679 9        55.250 9                                                                  22270255.537 8 117030948.396 8      3194.679 8        52.250 8
G12  20799028.878 9 109299611.626 9        67.406 9        55.843 9                                                                  20799028.878 8 109299611.626 8        67.406 8        52.843 8
G17  24785601.838 9 130249147.878 9     -2971.347 9        54.320 9                                                                  24785601.838 8 130249147.878 8     -2971.347 8        51.320 8
G24  24254321.496 9 127457271.856 9      3030.729 9        54.508 9                                                                  24254321.496 8 127457271.856 8      3030.729 8        51.508 8
G30  22516884.231 9 118326993.341 9      2249.088 9        55.154 9                                                                  22516884.231 8 118326993.341 8      2249.088 8        52.154 8
G05  21241546.834 9 111625057.266 9       567.428 9        55.660 9                                                                  21241546.834 8 111625057.266 8       567.428 8        52.660 8
G04  22027096.807 9 115753143.754 9     -2505.845 9        55.345 9                                                                  22027096.807 8 115753143.754 8     -2505.845 8        52.345 8
E04                                                                  23389046.245 9 122910234.333 9      -191.542 9        57.936 9  23389046.245 9 122910234.333 9      -191.542 9        57.936 9
E05                                                                  26199131.770 9 137677301.841 9     -2085.231 9        56.951 9  26199131.770 9 137677301.841 9     -2085.231 9        56.951 9
E11                                                                  26738386.354 9 140511103.578 9     -2447.429 9        56.774 9  26738386.354 9 140511103.578 9     -2447.429 9        56.774 9
E20                                                                  27918910.766 9 146714786.526 9     -1725.643 9        56.399 9  27918910.766 9 146714786.526 9     -1725.643 9        56.399 9
E09                                                                  24923764.596 9 130975218.269 9      2526.838 9        57.384 9  24923764.596 9 130975218.269 9      2526.838 9        57.384 9
E10                                                                  23771123.758 9 124918062.459 9       -73.239 9        57.795 9  23771123.758 9 124918062.459 9       -73.239 9        57.795 9
E03                                                                  24985162.748 9 131297874.676 9      1932.973 9        57.363 9  24985162.748 9 131297874.676 9      1932.973 9        57.363 9
> 2026 02 03 10 03 49.0000000  0 17       0.000000000000
G02  20316629.087 9 106764585.262 9      -447.790 9        56.047 9                                                                  20316629.087 8 106764585.262 8      -447.790 8        53.047 8
G13  25192942.687 9 132389738.510 9      1152.561 9        54.178 9                                                                  25192942.687 8 132389738.510 8      1152.561 8        51.178 8
G29  24790805.647 9 130276515.782 9      3074.575 9        54.318 9                                                                  24790805.647 8 130276515.782 8      3074.575 8        51.318 8
G10  22269647.641 9 117027753.886 9      3194.349 9        55.250 9                                                                  22269647.641 8 117027753.886 8      3194.349 8        52.250 8
G12  20799016.114 9 109299544.552 9        66.740 9        55.843 9                                                                  20799016.114 8 109299544.552 8        66.740 8        52.843 8
G17  24786167.277 9 130252119.270 9     -2971.469 9        54.320 9                                                                  24786167.277 8 130252119.270 8     -2971.469 8        51.320 8
G24  24253744.783 9 127454241.211 9      3030.562 9        54.508 9                                                                  24253744.783 8 127454241.211 8      3030.562 8        51.508 8
G30  22516456.290 9 118324744.502 9      2248.590 9        55.154 9                                                                  22516456.290 8 118324744.502 8      2248.590 8        52.154 8
G05  21241438.919 9 111624490.168 9       566.768 9        55.660 9                                                                  21241438.919 8 111624490.168 8       566.768 8        52.660 8
G04  22027573.670 9 115755649.682 9     -2506.024 9        55.345 9                                                                  22027573.670 8 115755649.682 8     -2506.024 8        52.345 8
E04                                                                  23389082.718 9 122910426.001 9      -191.794 9        57.936 9  23389082.718 9 122910426.001 9      -191.794 9        57.936 9
E05                                                                  26199528.592 9 137679387.146 9     -2085.400 9        56.951 9  26199528.592 9 137679387.146 9     -2085.400 9        56.951 9
E11                                                                  26738852.107 9 140513551.116 9     -2447.665 9        56.774 9  26738852.107 9 140513551.116 9     -2447.665 9        56.774 9
E20                                                                  27919239.173 9 146716512.312 9     -1725.941 9        56.398 9  27919239.173 9 146716512.312 9     -1725.941 9        56.398 9
E09                                                                  24923283.781 9 130972691.578 9      2526.554 9        57.384 9  24923283.781 9 130972691.578 9      2526.554 9        57.384 9
E10                                                                  23771137.739 9 124918135.932 9       -73.707 9        57.795 9  23771137.739 9 124918135.932 9       -73.707 9        57.795 9
E03                                                                  24984794.924 9 131295941.751 9      1932.879 9        57.363 9  24984794.924 9 131295941.751 9      1932.879 9        57.363 9
> 2026 02 03 10 03 50.0000000  0 17       0.000000000000
G02  20316714.335 9 106765033.245 9      -448.178 9        56.047 9                                                                  20316714.335 8 106765033.245 8      -448.178 8        53.047 8
G13  25192723.406 9 132388586.186 9      1152.098 9        54.179 9                                                                  25192723.406 8 132388586.186 8      1152.098 8        51.179 8
G29  24790220.572 9 130273441.195 9      3074.597 9        54.318 9                                                                  24790220.572 8 130273441.195 8      3074.597 8        51.318 8
G10  22269039.808 9 117024559.707 9      3194.018 9        55.250 9                                                                  22269039.808 8 117024559.707 8      3194.018 8        52.250 8
G12  20799003.477 9 109299478.145 9        66.074 9        55.843 9                                                                  20799003.477 8 109299478.145 8        66.074 8        52.843 8
G17  24786732.740 9 130255090.784 9     -2971.592 9        54.320 9                                                                  24786732.740 8 130255090.784 8     -2971.592 8        51.320 8
G24  24253168.102 9 127451210.734 9      3030.393 9        54.509 9                                                                  24253168.102 8 127451210.734 8      3030.393 8        51.509 8
G30  22516028.445 9 118322496.161 9      2248.091 9        55.154 9                                                                  22516028.445 8 118322496.161 8      2248.091 8        52.154 8
G05  21241331.130 9 111623923.729 9       566.107 9        55.660 9                                                                  21241331.130 8 111623923.729 8       566.107 8        52.660 8
G04  22028050.567 9 115758155.789 9     -2506.202 9        55.345 9                                                                  22028050.567 8 115758155.789 8     -2506.202 8        52.345 8
E04                                                                  23389119.240 9 122910617.920 9      -192.046 9        57.936 9  23389119.240 9 122910617.920 9      -192.046 9        57.936 9
E05                                                                  26199925.446 9 137681472.622 9     -2085.570 9        56.950 9  26199925.446 9 137681472.622 9     -2085.570 9        56.950 9
E11                                                                  26739317.904 9 140515998.889 9     -2447.901 9        56.773 9  26739317.904 9 140515998.889 9     -2447.901 9        56.773 9
E20                                                                  27919567.638 9 146718238.395 9     -1726.239 9        56.398 9  27919567.638 9 146718238.395 9     -1726.239 9        56.398 9
E09                                                                  24922803.021 9 130970165.171 9      2526.270 9        57.385 9  24922803.021 9 130970165.171 9      2526.270 9        57.385 9
E10                                                                  23771151.810 9 124918209.874 9       -74.176 9        57.795 9  23771151.810 9 124918209.874 9       -74.176 9        57.795 9
E03                                                                  24984427.118 9 131294008.919 9      1932.785 9        57.363 9  24984427.118 9 131294008.919 9      1932.785 9        57.363 9
> 2026 02 03 10 03 51.0000000  0 17       0.000000000000
G02  20316799.658 9 106765481.616 9      -448.566 9        56.047 9                                                                  20316799.658 8 106765481.616 8      -448.566 8        53.047 8
G13  25192504.213 9 132387434.324 9      1151.635 9        54.179 9                                                                  25192504.213 8 132387434.324 8      1151.635 8        51.179 8
G29  24789635.492 9 130270366.585 9      3074.619 9        54.319 9                                                                  24789635.492 8 130270366.585 8      3074.619 8        51.319 8
G10  22268432.038 9 117021365.858 9      3193.688 9        55.250 9                                                                  22268432.038 8 117021365.858 8      3193.688 8        52.250 8
G12  20798990.967 9 109299412.403 9        65.408 9        55.843 9                                                                  20798990.967 8 109299412.403 8        65.408 8        52.843 8
G17  24787298.226 9 130258062.420 9     -2971.714 9        54.319 9                                                                  24787298.226 8 130258062.420 8     -2971.714 8        51.319 8
G24  24252591.452 9 127448180.425 9      3030.225 9        54.509 9                                                                  24252591.452 8 127448180.425 8      3030.225 8        51.509 8
G30  22515600.695 9 118320248.320 9      2247.592 9        55.154 9                                                                  22515600.695 8 118320248.320 8      2247.592 8        52.154 8
G05  21241223.466 9 111623357.952 9       565.446 9        55.660 9                                                                  21241223.466 8 111623357.952 8       565.446 8        52.660 8
G04  22028527.498 9 115760662.074 9     -2506.381 9        55.344 9                                                                  22028527.498 8 115760662.074 8     -2506.381 8        52.344 8
E04                                                                  23389155.809 9 122910810.091 9      -192.298 9        57.936 9  23389155.809 9 122910810.091 9      -192.298 9        57.936 9
E05                                                                  26200322.333 9 137683558.267 9     -2085.740 9        56.950 9  26200322.333 9 137683558.267 9     -2085.740 9        56.950 9
E11                                                                  26739783.746 9 140518446.899 9     -2448.138 9        56.773 9  26739783.746 9 140518446.899 9     -2448.138 9        56.773 9
E20                                                                  27919896.159 9 146719964.776 9     -1726.537 9        56.398 9  27919896.159 9 146719964.776 9     -1726.537 9        56.398 9
E09                                                                  24922322.315 9 130967639.048 9      2525.986 9        57.385 9  24922322.315 9 130967639.048 9      2525.986 9        57.385 9
E10                                                                  23771165.970 9 124918284.284 9       -74.644 9        57.795 9  23771165.970 9 124918284.284 9       -74.644 9        57.795 9
E03                                                                  24984059.330 9 131292076.181 9      1932.692 9        57.363 9  24984059.330 9 131292076.181 9      1932.692 9        57.363 9
> 2026 02 03 10 03 52.0000000  0 17       0.000000000000
G02  20316885.054 9 106765930.375 9      -448.954 9        56.047 9                                                                  20316885.054 8 106765930.375 8      -448.954 8        53.047 8
G13  25192285.109 9 132386282.926 9      1151.172 9        54.179 9                                                                  25192285.109 8 132386282.926 8      1151.172 8        51.179 8
G29  24789050.409 9 130267291.954 9      3074.641 9        54.319 9                                                                  24789050.409 8 130267291.954 8      3074.641 8        51.319 8
G10  22267824.331 9 117018172.340 9      3193.357 9        55.250 9                                                                  22267824.331 8 117018172.340 8      3193.357 8        52.250 8
G12  20798978.584 9 109299347.328 9        64.741 9        55.843 9                                                                  20798978.584 8 109299347.328 8        64.741 8        52.843 8
G17  24787863.736 9 130261034.178 9     -2971.836 9        54.319 9                                                                  24787863.736 8 130261034.178 8     -2971.836 8        51.319 8
G24  24252014.835 9 127445150.284 9      3030.057 9        54.509 9                                                                  24252014.835 8 127445150.284 8      3030.057 8        51.509 8
G30  22515173.040 9 118318000.977 9      2247.093 9        55.155 9                                                                  22515173.040 8 118318000.977 8      2247.093 8        52.155 8
G05  21241115.928 9 111622792.835 9       564.786 9        55.661 9                                                                  21241115.928 8 111622792.835 8       564.786 8        52.661 8
G04  22029004.463 9 115763168.537 9     -2506.559 9        55.344 9                                                                  22029004.463 8 115763168.537 8     -2506.559 8        52.344 8
E04                                                                  23389192.426 9 122911002.514 9      -192.549 9        57.936 9  23389192.426 9 122911002.514 9      -192.549 9        57.936 9
E05                                                                  26200719.252 9 137685644.082 9     -2085.910 9        56.950 9  26200719.252 9 137685644.082 9     -2085.910 9        56.950 9
E11                                                                  26740249.634 9 140520895.145 9     -2448.373 9        56.773 9  26740249.634 9 140520895.145 9     -2448.373 9        56.773 9
E20                                                                  27920224.737 9 146721691.455 9     -1726.835 9        56.398 9  27920224.737 9 146721691.455 9     -1726.835 9        56.398 9
E09                                                                  24921841.663 9 130965113.209 9      2525.701 9        57.385 9  24921841.663 9 130965113.209 9      2525.701 9        57.385 9
E10                                                                  23771180.219 9 124918359.163 9       -75.113 9        57.795 9  23771180.219 9 124918359.163 9       -75.113 9        57.795 9
E03                                                                  24983691.560 9 131290143.538 9      1932.598 9        57.363 9  24983691.560 9 131290143.538 9      1932.598 9        57.363 9
> 2026 02 03 10 03 53.0000000  0 17       0.000000000000
G02  20316970.524 9 106766379.522 9      -449.342 9        56.047 9                                                                  20316970.524 8 106766379.522 8      -449.342 8        53.047 8
G13  25192066.092 9 132385131.991 9      1150.709 9        54.179 9                                                                  25192066.092 8 132385131.991 8      1150.709 8        51.179 8
G29  24788465.322 9 130264217.301 9      3074.663 9        54.319 9                                                                  24788465.322 8 130264217.301 8      3074.663 8        51.319 8
G10  22267216.687 9 117014979.153 9      3193.026 9        55.251 9                                                                  22267216.687 8 117014979.153 8      3193.026 8        52.251 8
G12  20798966.328 9 109299282.918 9        64.075 9        55.843 9                                                                  20798966.328 8 109299282.918 8        64.075 8        52.843 8
G17  24788429.268 9 130264006.059 9     -2971.958 9        54.319 9                                                                  24788429.268 8 130264006.059 8     -2971.958 8        51.319 8
G24  24251438.250 9 127442120.311 9      3029.889 9        54.509 9                                                                  24251438.250 8 127442120.311 8      3029.889 8        51.509 8
G30  22514745.479 9 118315754.133 9      2246.594 9        55.155 9                                                                  22514745.479 8 118315754.133 8      2246.594 8        52.155 8
G05  21241008.515 9 111622228.379 9       564.125 9        55.661 9                                                                  21241008.515 8 111622228.379 8       564.125 8        52.661 8
G04  22029481.462 9 115765675.178 9     -2506.737 9        55.344 9                                                                  22029481.462 8 115765675.178 8     -2506.737 8        52.344 8
E04                                                                  23389229.090 9 122911195.188 9      -192.801 9        57.936 9  23389229.090 9 122911195.188 9      -192.801 9        57.936 9
E05                                                                  26201116.203 9 137687730.068 9     -2086.080 9        56.950 9  26201116.203 9 137687730.068 9     -2086.080 9        56.950 9
E11                                                                  26740715.566 9 140523343.627 9     -2448.609 9        56.773 9  26740715.566 9 140523343.627 9     -2448.609 9        56.773 9
E20                                                                  27920553.371 9 146723418.432 9     -1727.132 9        56.398 9  27920553.371 9 146723418.432 9     -1727.132 9        56.398 9
E09                                                                  24921361.065 9 130962587.654 9      2525.417 9        57.385 9  24921361.065 9 130962587.654 9      2525.417 9        57.385 9
E10                                                                  23771194.557 9 124918434.510 9       -75.581 9        57.795 9  23771194.557 9 124918434.510 9       -75.581 9        57.795 9
E03                                                                  24983323.807 9 131288210.988 9      1932.504 9        57.363 9  24983323.807 9 131288210.988 9      1932.504 9        57.363 9
> 2026 02 03 10 03 54.0000000  0 17       0.000000000000
G02  20317056.068 9 106766829.057 9      -449.730 9        56.047 9                                                                  20317056.068 8 106766829.057 8      -449.730 8        53.047 8
G13  25191847.164 9 132383981.519 9      1150.245 9        54.179 9                                                                  25191847.164 8 132383981.519 8      1150.245 8        51.179 8
G29  24787880.230 9 130261142.626 9      3074.685 9        54.319 9                                                                  24787880.230 8 130261142.626 8      3074.685 8        51.319 8
G10  22266609.106 9 117011786.296 9      3192.695 9        55.251 9                                                                  22266609.106 8 117011786.296 8      3192.695 8        52.251 8
G12  20798954.198 9 109299219.175 9        63.409 9        55.843 9                                                                  20798954.198 8 109299219.175 8        63.409 8        52.843 8
G17  24788994.824 9 130266978.061 9     -2972.080 9        54.319 9                                                                  24788994.824 8 130266978.061 8     -2972.080 8        51.319 8
G24  24250861.696 9 127439090.506 9      3029.721 9        54.510 9                                                                  24250861.696 8 127439090.506 8      3029.721 8        51.510 8
G30  22514318.014 9 118313507.789 9      2246.095 9        55.155 9                                                                  22514318.014 8 118313507.789 8      2246.095 8        52.155 8
G05  21240901.229 9 111621664.583 9       563.464 9        55.661 9                                                                  21240901.229 8 111621664.583 8       563.464 8        52.661 8
G04  22029958.495 9 115768181.998 9     -2506.915 9        55.344 9                                                                  22029958.495 8 115768181.998 8     -2506.915 8        52.344 8
E04                                                                  23389265.803 9 122911388.115 9      -193.053 9        57.936 9  23389265.803 9 122911388.115 9      -193.053 9        57.936 9
E05                                                                  26201513.187 9 137689816.223 9     -2086.250 9        56.950 9  26201513.187 9 137689816.223 9     -2086.250 9        56.950 9
E11                                                                  26741181.543 9 140525792.345 9     -2448.845 9        56.773 9  26741181.543 9 140525792.345 9     -2448.845 9        56.773 9
E20                                                                  27920882.062 9 146725145.706 9     -1727.430 9        56.398 9  27920882.062 9 146725145.706 9     -1727.430 9        56.398 9
E09                                                                  24920880.521 9 130960062.384 9      2525.133 9        57.385 9  24920880.521 9 130960062.384 9      2525.133 9        57.385 9
E10                                                                  23771208.984 9 124918510.326 9       -76.050 9        57.795 9  23771208.984 9 124918510.326 9       -76.050 9        57.795 9
E03                                                                  24982956.073 9 131286278.532 9      1932.409 9        57.364 9  24982956.073 9 131286278.532 9      1932.409 9        57.364 9
> 2026 02 03 10 03 55.0000000  0 17       0.000000000000
G02  20317141.685 9 106767278.979 9      -450.117 9        56.047 9                                                                  20317141.685 8 106767278.979 8      -450.117 8        53.047 8
G13  25191628.324 9 132382831.511 9      1149.782 9        54.179 9                                                                  25191628.324 8 132382831.511 8      1149.782 8        51.179 8
G29  24787295.134 9 130258067.929 9      3074.707 9        54.319 9                                                                  24787295.134 8 130258067.929 8      3074.707 8        51.319 8
G10  22266001.588 9 117008593.770 9      3192.364 9        55.251 9                                                                  22266001.588 8 117008593.770 8      3192.364 8        52.251 8
G12  20798942.195 9 109299156.098 9        62.743 9        55.843 9                                                                  20798942.195 8 109299156.098 8        62.743 8        52.843 8
G17  24789560.403 9 130269950.186 9     -2972.202 9        54.319 9                                                                  24789560.403 8 130269950.186 8     -2972.202 8        51.319 8
G24  24250285.175 9 127436060.869 9      3029.553 9        54.510 9                                                                  24250285.175 8 127436060.869 8      3029.553 8        51.510 8
G30  22513890.643 9 118311261.943 9      2245.596 9        55.155 9                                                                  22513890.643 8 118311261.943 8      2245.596 8        52.155 8
G05  21240794.068 9 111621101.448 9       562.804 9        55.661 9                                                                  21240794.068 8 111621101.448 8       562.804 8        52.661 8
G04  22030435.562 9 115770688.996 9     -2507.094 9        55.344 9                                                                  22030435.562 8 115770688.996 8     -2507.094 8        52.344 8
E04                                                                  23389302.564 9 122911581.293 9      -193.305 9        57.936 9  23389302.564 9 122911581.293 9      -193.305 9        57.936 9
E05                                                                  26201910.203 9 137691902.548 9     -2086.420 9        56.950 9  26201910.203 9 137691902.548 9     -2086.420 9        56.950 9
E11                                                                  26741647.565 9 140528241.299 9     -2449.081 9        56.773 9  26741647.565 9 140528241.299 9     -2449.081 9        56.773 9
E20                                                                  27921210.810 9 146726873.278 9     -1727.728 9        56.398 9  27921210.810 9 146726873.278 9     -1727.728 9        56.398 9
E09                                                                  24920400.031 9 130957537.398 9      2524.849 9        57.385 9  24920400.031 9 130957537.398 9      2524.849 9        57.385 9
E10                                                                  23771223.500 9 124918586.610 9       -76.518 9        57.795 9  23771223.500 9 124918586.610 9       -76.518 9        57.795 9
E03                                                                  24982588.356 9 131284346.171 9      1932.316 9        57.364 9  24982588.356 9 131284346.171 9      1932.316 9        57.364 9
> 2026 02 03 10 03 56.0000000  0 17       0.000000000000
G02  20317227.377 9 106767729.290 9      -450.505 9        56.047 9                                                                  20317227.377 8 106767729.290 8      -450.505 8        53.047 8
G13  25191409.572 9 132381681.967 9      1149.318 9        54.179 9                                                                  25191409.572 8 132381681.967 8      1149.318 8        51.179 8
G29  24786710.034 9 130254993.210 9      3074.729 9        54.320 9                                                                  24786710.034 8 130254993.210 8      3074.729 8        51.320 8
G10  22265394.133 9 117005401.576 9      3192.033 9        55.251 9                                                                  22265394.133 8 117005401.576 8      3192.033 8        52.251 8
G12  20798930.319 9 109299093.687 9        62.077 9        55.843 9                                                                  20798930.319 8 109299093.687 8        62.077 8        52.843 8
G17  24790126.005 9 130272922.433 9     -2972.324 9        54.318 9                                                                  24790126.005 8 130272922.433 8     -2972.324 8        51.318 8
G24  24249708.686 9 127433031.401 9      3029.385 9        54.510 9                                                                  24249708.686 8 127433031.401 8      3029.385 8        51.510 8
G30  22513463.368 9 118309016.597 9      2245.096 9        55.155 9                                                                  22513463.368 8 118309016.597 8      2245.096 8        52.155 8
G05  21240687.033 9 111620538.974 9       562.143 9        55.661 9                                                                  21240687.033 8 111620538.974 8       562.143 8        52.661 8
G04  22030912.662 9 115773196.172 9     -2507.272 9        55.343 9                                                                  22030912.662 8 115773196.172 8     -2507.272 8        52.343 8
E04                                                                  23389339.373 9 122911774.723 9      -193.557 9        57.936 9  23389339.373 9 122911774.723 9      -193.557 9        57.936 9
E05                                                                  26202307.251 9 137693989.043 9     -2086.590 9        56.950 9  26202307.251 9 137693989.043 9     -2086.590 9        56.950 9
E11                                                                  26742113.631 9 140530690.488 9     -2449.317 9        56.773 9  26742113.631 9 140530690.488 9     -2449.317 9        56.773 9
E20                                                                  27921539.614 9 146728601.148 9     -1728.025 9        56.398 9  27921539.614 9 146728601.148 9     -1728.025 9        56.398 9
E09                                                                  24919919.596 9 130955012.697 9      2524.564 9        57.386 9  24919919.596 9 130955012.697 9      2524.564 9        57.386 9
E10                                                                  23771238.106 9 124918663.362 9       -76.987 9        57.795 9  23771238.106 9 124918663.362 9       -76.987 9        57.795 9
E03                                                                  24982220.658 9 131282413.903 9      1932.221 9        57.364 9  24982220.658 9 131282413.903 9      1932.221 9        57.364 9
> 2026 02 03 10 03 57.0000000  0 17       0.000000000000
G02  20317313.142 9 106768179.988 9      -450.893 9        56.047 9                                                                  20317313.142 8 106768179.988 8      -450.893 8        53.047 8
G13  25191190.908 9 132380532.886 9      1148.854 9        54.179 9                                                                  25191190.908 8 132380532.886 8      1148.854 8        51.179 8
G29  24786124.930 9 130251918.469 9      3074.751 9        54.320 9                                                                  24786124.930 8 130251918.469 8      3074.751 8        51.320 8
G10  22264786.741 9 117002209.713 9      3191.702 9        55.252 9                                                                  22264786.741 8 117002209.713 8      3191.702 8        52.252 8
G12  20798918.569 9 109299031.942 9        61.411 9        55.843 9                                                                  20798918.569 8 109299031.942 8        61.411 8        52.843 8
G17  24790691.631 9 130275894.802 9     -2972.447 9        54.318 9                                                                  24790691.631 8 130275894.802 8     -2972.447 8        51.318 8
G24  24249132.228 9 127430002.101 9      3029.216 9        54.510 9                                                                  24249132.228 8 127430002.101 8      3029.216 8        51.510 8
G30  22513036.187 9 118306771.750 9      2244.597 9        55.155 9                                                                  22513036.187 8 118306771.750 8      2244.597 8        52.155 8
G05  21240580.123 9 111619977.161 9       561.482 9        55.661 9                                                                  21240580.123 8 111619977.161 8       561.482 8        52.661 8
G04  22031389.797 9 115775703.527 9     -2507.450 9        55.343 9                                                                  22031389.797 8 115775703.527 8     -2507.450 8        52.343 8
E04                                                                  23389376.229 9 122911968.405 9      -193.809 9        57.936 9  23389376.229 9 122911968.405 9      -193.809 9        57.936 9
E05                                                                  26202704.332 9 137696075.708 9     -2086.760 9        56.950 9  26202704.332 9 137696075.708 9     -2086.760 9        56.950 9
E11                                                                  26742579.743 9 140533139.913 9     -2449.553 9        56.772 9  26742579.743 9 140533139.913 9     -2449.553 9        56.772 9
E20                                                                  27921868.475 9 146730329.316 9     -1728.323 9        56.398 9  27921868.475 9 146730329.316 9     -1728.323 9        56.398 9
E09                                                                  24919439.214 9 130952488.280 9      2524.279 9        57.386 9  24919439.214 9 130952488.280 9      2524.279 9        57.386 9
E10                                                                  23771252.800 9 124918740.583 9       -77.455 9        57.795 9  23771252.800 9 124918740.583 9       -77.455 9        57.795 9
E03                                                                  24981852.977 9 131280481.730 9      1932.127 9        57.364 9  24981852.977 9 131280481.730 9      1932.127 9        57.364 9
> 2026 02 03 10 03 58.0000000  0 17       0.000000000000
G02  20317398.981 9 106768631.073 9      -451.281 9        56.047 9                                                                  20317398.981 8 106768631.073 8      -451.281 8        53.047 8
G13  25190972.333 9 132379384.268 9      1148.391 9        54.179 9                                                                  25190972.333 8 132379384.268 8      1148.391 8        51.179 8
G29  24785539.822 9 130248843.707 9      3074.772 9        54.320 9                                                                  24785539.822 8 130248843.707 8      3074.772 8        51.320 8
G10  22264179.411 9 116999018.181 9      3191.371 9        55.252 9                                                                  22264179.411 8 116999018.181 8      3191.371 8        52.252 8
G12  20798906.946 9 109298970.863 9        60.745 9        55.843 9                                                                  20798906.946 8 109298970.863 8        60.745 8        52.843 8
G17  24791257.280 9 130278867.293 9     -2972.569 9        54.318 9                                                                  24791257.280 8 130278867.293 8     -2972.569 8        51.318 8
G24  24248555.803 9 127426972.969 9      3029.048 9        54.510 9                                                                  24248555.803 8 127426972.969 8      3029.048 8        51.510 8
G30  22512609.102 9 118304527.403 9      2244.097 9        55.156 9                                                                  22512609.102 8 118304527.403 8      2244.097 8        52.156 8
G05  21240473.340 9 111619416.008 9       560.821 9        55.661 9                                                                  21240473.340 8 111619416.008 8       560.821 8        52.661 8
G04  22031866.965 9 115778211.059 9     -2507.628 9        55.343 9                                                                  22031866.965 8 115778211.059 8     -2507.628 8        52.343 8
E04                                                                  23389413.134 9 122912162.339 9      -194.061 9        57.936 9  23389413.134 9 122912162.339 9      -194.061 9        57.936 9
E05                                                                  26203101.445 9 137698162.543 9     -2086.930 9        56.949 9  26203101.445 9 137698162.543 9     -2086.930 9        56.949 9
E11                                                                  26743045.900 9 140535589.574 9     -2449.789 9        56.772 9  26743045.900 9 140535589.574 9     -2449.789 9        56.772 9
E20                                                                  27922197.392 9 146732057.780 9     -1728.620 9        56.397 9  27922197.392 9 146732057.780 9     -1728.620 9        56.397 9
E09                                                                  24918958.887 9 130949964.148 9      2523.995 9        57.386 9  24918958.887 9 130949964.148 9      2523.995 9        57.386 9
E10                                                                  23771267.584 9 124918818.272 9       -77.923 9        57.795 9  23771267.584 9 124918818.272 9       -77.923 9        57.795 9
E03                                                                  24981485.314 9 131278549.650 9      1932.033 9        57.364 9  24981485.314 9 131278549.650 9      1932.033 9        57.364 9
> 2026 02 03 10 03 59.0000000  0 17       0.000000000000
G02  20317484.894 9 106769082.547 9      -451.668 9        56.047 9                                                                  20317484.894 8 106769082.547 8      -451.668 8        53.047 8
G13  25190753.846 9 132378236.115 9      1147.927 9        54.179 9                                                                  25190753.846 8 132378236.115 8      1147.927 8        51.179 8
G29  24784954.710 9 130245768.923 9      3074.794 9        54.320 9                                                                  24784954.710 8 130245768.923 8      3074.794 8        51.320 8
G10  22263572.145 9 116995826.980 9      3191.039 9        55.252 9                                                                  22263572.145 8 116995826.980 8      3191.039 8        52.252 8
G12  20798895.450 9 109298910.451 9        60.079 9        55.843 9                                                                  20798895.450 8 109298910.451 8        60.079 8        52.843 8
G17  24791822.952 9 130281839.907 9     -2972.691 9        54.318 9                                                                  24791822.952 8 130281839.907 8     -2972.691 8        51.318 8
G24  24247979.410 9 127423944.005 9      3028.880 9        54.511 9                                                                  24247979.410 8 127423944.005 8      3028.880 8        51.511 8
G30  22512182.111 9 118302283.555 9      2243.598 9        55.156 9                                                                  22512182.111 8 118302283.555 8      2243.598 8        52.156 8
G05  21240366.682 9 111618855.516 9       560.160 9        55.661 9                                                                  21240366.682 8 111618855.516 8       560.160 8        52.661 8
G04  22032344.168 9 115780718.769 9     -2507.806 9        55.343 9                                                                  22032344.168 8 115780718.769 8     -2507.806 8        52.343 8
E04                                                                  23389450.086 9 122912356.525 9      -194.313 9        57.936 9  23389450.086 9 122912356.525 9      -194.313 9        57.936 9
E05                                                                  26203498.590 9 137700249.547 9     -2087.100 9        56.949 9  26203498.590 9 137700249.547 9     -2087.100 9        56.949 9
E11                                                                  26743512.101 9 140538039.471 9     -2450.024 9        56.772 9  26743512.101 9 140538039.471 9     -2450.024 9        56.772 9
E20                                                                  27922526.367 9 146733786.543 9     -1728.918 9        56.397 9  27922526.367 9 146733786.543 9     -1728.918 9        56.397 9
E09                                                                  24918478.613 9 130947440.300 9      2523.710 9        57.386 9  24918478.613 9 130947440.300 9      2523.710 9        57.386 9
E10                                                                  23771282.457 9 124918896.430 9       -78.392 9        57.795 9  23771282.457 9 124918896.430 9       -78.392 9        57.795 9
E03                                                                  24981117.669 9 131276617.665 9      1931.939 9        57.364 9  24981117.669 9 131276617.665 9      1931.939 9        57.364 9
> 2026 02 03 10 04  0.0000000  0 17       0.000000000000
G02  20317570.880 9 106769534.408 9      -452.056 9        56.047 9                                                                  20317570.880 8 106769534.408 8      -452.056 8        53.047 8
G13  25190535.447 9 132377088.425 9      1147.463 9        54.179 9                                                                  25190535.447 8 132377088.425 8      1147.463 8        51.179 8
G29  24784369.593 9 130242694.117 9      3074.816 9        54.321 9                                                                  24784369.593 8 130242694.117 8      3074.816 8        51.321 8
G10  22262964.942 9 116992636.110 9      3190.708 9        55.252 9                                                                  22262964.942 8 116992636.110 8      3190.708 8        52.252 8
G12  20798884.081 9 109298850.704 9        59.412 9        55.843 9                                                                  20798884.081 8 109298850.704 8        59.412 8        52.843 8
G17  24792388.647 9 130284812.642 9     -2972.813 9        54.318 9                                                                  24792388.647 8 130284812.642 8     -2972.813 8        51.318 8
G24  24247403.048 9 127420915.210 9      3028.711 9        54.511 9                                                                  24247403.048 8 127420915.210 8      3028.711 8        51.511 8
G30  22511755.216 9 118300040.207 9      2243.098 9        55.156 9                                                                  22511755.216 8 118300040.207 8      2243.098 8        52.156 8
G05  21240260.150 9 111618295.686 9       559.500 9        55.661 9                                                                  21240260.150 8 111618295.686 8       559.500 8        52.661 8
G04  22032821.404 9 115783226.657 9     -2507.984 9        55.343 9                                                                  22032821.404 8 115783226.657 8     -2507.984 8        52.343 8
E04                                                                  23389487.087 9 122912550.963 9      -194.565 9        57.936 9  23389487.087 9 122912550.963 9      -194.565 9        57.936 9
E05                                                                  26203895.768 9 137702336.722 9     -2087.270 9        56.949 9  26203895.768 9 137702336.722 9     -2087.270 9        56.949 9
E11                                                                  26743978.347 9 140540489.603 9     -2450.259 9        56.772 9  26743978.347 9 140540489.603 9     -2450.259 9        56.772 9
E20                                                                  27922855.397 9 146735515.602 9     -1729.215 9        56.397 9  27922855.397 9 146735515.602 9     -1729.215 9        56.397 9
E09                                                                  24917998.394 9 130944916.737 9      2523.426 9        57.386 9  24917998.394 9 130944916.737 9      2523.426 9        57.386 9
E10                                                                  23771297.419 9 124918975.055 9       -78.860 9        57.795 9  23771297.419 9 124918975.055 9       -78.860 9        57.795 9
E03                                                                  24980750.042 9 131274685.775 9      1931.844 9        57.364 9  24980750.042 9 131274685.775 9      1931.844 9        57.364 9
> 2026 02 03 10 04  1.0000000  0 17       0.000000000000
G02  20317656.940 9 106769986.656 9      -452.443 9        56.047 9                                                                  20317656.940 8 106769986.656 8      -452.443 8        53.047 8
G13  25190317.137 9 132375941.199 9      1146.999 9        54.179 9                                                                  25190317.137 8 132375941.199 8      1146.999 8        51.179 8
G29  24783784.472 9 130239619.289 9      3074.838 9        54.321 9                                                                  24783784.472 8 130239619.289 8      3074.838 8        51.321 8
G10  22262357.802 9 116989445.573 9      3190.376 9        55.253 9                                                                  22262357.802 8 116989445.573 8      3190.376 8        52.253 8
G12  20798872.839 9 109298791.624 9        58.746 9        55.843 9                                                                  20798872.839 8 109298791.624 8        58.746 8        52.843 8
G17  24792954.365 9 130287785.499 9     -2972.935 9        54.317 9                                                                  24792954.365 8 130287785.499 8     -2972.935 8        51.317 8
G24  24246826.719 9 127417886.583 9      3028.543 9        54.511 9                                                                  24246826.719 8 127417886.583 8      3028.543 8        51.511 8
G30  22511328.416 9 118297797.358 9      2242.599 9        55.156 9                                                                  22511328.416 8 118297797.358 8      2242.599 8        52.156 8
G05  21240153.743 9 111617736.516 9       558.839 9        55.661 9                                                                  21240153.743 8 111617736.516 8       558.839 8        52.661 8
G04  22033298.674 9 115785734.723 9     -2508.162 9        55.342 9                                                                  22033298.674 8 115785734.723 8     -2508.162 8        52.342 8
E04                                                                  23389524.135 9 122912745.653 9      -194.817 9        57.936 9  23389524.135 9 122912745.653 9      -194.817 9        57.936 9
E05                                                                  26204292.978 9 137704424.066 9     -2087.439 9        56.949 9  26204292.978 9 137704424.066 9     -2087.439 9        56.949 9
E11                                                                  26744444.638 9 140542939.970 9     -2450.495 9        56.772 9  26744444.638 9 140542939.970 9     -2450.495 9        56.772 9
E20                                                                  27923184.485 9 146737244.959 9     -1729.512 9        56.397 9  27923184.485 9 146737244.959 9     -1729.512 9        56.397 9
E09                                                                  24917518.230 9 130942393.458 9      2523.141 9        57.386 9  24917518.230 9 130942393.458 9      2523.141 9        57.386 9
E10                                                                  23771312.470 9 124919054.149 9       -79.328 9        57.795 9  23771312.470 9 124919054.149 9       -79.328 9        57.795 9
E03                                                                  24980382.433 9 131272753.978 9      1931.750 9        57.364 9  24980382.433 9 131272753.978 9      1931.750 9        57.364 9
